y_true,coverage,avg_set_size,n,fold,calibration,conformal,method,alpha
ADRNL,1.0,1.0,10,0,pooled,marginal,lac,0.05
BAT,1.0,1.0,10,0,pooled,marginal,lac,0.05
BLOOD,1.0,1.0,10,0,pooled,marginal,lac,0.05
COLON,1.0,1.0,10,0,pooled,marginal,lac,0.05
CORTEX,1.0,1.0,10,0,pooled,marginal,lac,0.05
HEART,1.0,1.0,10,0,pooled,marginal,lac,0.05
HIPPOC,0.9,1.0,10,0,pooled,marginal,lac,0.05
HYPOTH,0.9,1.0,10,0,pooled,marginal,lac,0.05
KIDNEY,1.0,1.0,10,0,pooled,marginal,lac,0.05
LIVER,1.0,1.0,10,0,pooled,marginal,lac,0.05
LUNG,1.0,1.0,10,0,pooled,marginal,lac,0.05
OVARY,1.0,1.0,4,0,pooled,marginal,lac,0.05
SKM-GN,1.0,1.0,10,0,pooled,marginal,lac,0.05
SKM-VL,0.9,0.9,10,0,pooled,marginal,lac,0.05
SMLINT,1.0,1.0,10,0,pooled,marginal,lac,0.05
SPLEEN,1.0,1.0,10,0,pooled,marginal,lac,0.05
TESTES,1.0,1.0,5,0,pooled,marginal,lac,0.05
VENACV,1.0,1.0,10,0,pooled,marginal,lac,0.05
WAT-SC,1.0,1.0,10,0,pooled,marginal,lac,0.05
ADRNL,1.0,3.0,10,0,pooled,mondrian,lac,0.05
BAT,1.0,3.0,10,0,pooled,mondrian,lac,0.05
BLOOD,1.0,3.0,10,0,pooled,mondrian,lac,0.05
COLON,1.0,3.0,10,0,pooled,mondrian,lac,0.05
CORTEX,0.9,2.9,10,0,pooled,mondrian,lac,0.05
HEART,1.0,3.0,10,0,pooled,mondrian,lac,0.05
HIPPOC,0.9,3.0,10,0,pooled,mondrian,lac,0.05
HYPOTH,0.9,3.0,10,0,pooled,mondrian,lac,0.05
KIDNEY,1.0,3.0,10,0,pooled,mondrian,lac,0.05
LIVER,0.8,2.8,10,0,pooled,mondrian,lac,0.05
LUNG,1.0,3.0,10,0,pooled,mondrian,lac,0.05
OVARY,1.0,2.0,4,0,pooled,mondrian,lac,0.05
SKM-GN,1.0,3.0,10,0,pooled,mondrian,lac,0.05
SKM-VL,1.0,3.0,10,0,pooled,mondrian,lac,0.05
SMLINT,0.9,2.9,10,0,pooled,mondrian,lac,0.05
SPLEEN,1.0,3.0,10,0,pooled,mondrian,lac,0.05
TESTES,1.0,2.0,5,0,pooled,mondrian,lac,0.05
VENACV,1.0,3.0,10,0,pooled,mondrian,lac,0.05
WAT-SC,1.0,3.0,10,0,pooled,mondrian,lac,0.05
ADRNL,1.0,3.0,10,0,pooled,floored,lac,0.05
BAT,1.0,3.0,10,0,pooled,floored,lac,0.05
BLOOD,1.0,3.0,10,0,pooled,floored,lac,0.05
COLON,1.0,3.0,10,0,pooled,floored,lac,0.05
CORTEX,1.0,3.0,10,0,pooled,floored,lac,0.05
HEART,1.0,3.0,10,0,pooled,floored,lac,0.05
HIPPOC,0.9,3.0,10,0,pooled,floored,lac,0.05
HYPOTH,0.9,3.0,10,0,pooled,floored,lac,0.05
KIDNEY,1.0,3.0,10,0,pooled,floored,lac,0.05
LIVER,1.0,3.0,10,0,pooled,floored,lac,0.05
LUNG,1.0,3.0,10,0,pooled,floored,lac,0.05
OVARY,1.0,2.0,4,0,pooled,floored,lac,0.05
SKM-GN,1.0,3.0,10,0,pooled,floored,lac,0.05
SKM-VL,1.0,3.0,10,0,pooled,floored,lac,0.05
SMLINT,1.0,3.0,10,0,pooled,floored,lac,0.05
SPLEEN,1.0,3.0,10,0,pooled,floored,lac,0.05
TESTES,1.0,2.0,5,0,pooled,floored,lac,0.05
VENACV,1.0,3.0,10,0,pooled,floored,lac,0.05
WAT-SC,1.0,3.0,10,0,pooled,floored,lac,0.05
ADRNL,1.0,1.0,10,0,pooled,marginal,lac,0.1
BAT,1.0,1.0,10,0,pooled,marginal,lac,0.1
BLOOD,1.0,1.0,10,0,pooled,marginal,lac,0.1
COLON,1.0,1.0,10,0,pooled,marginal,lac,0.1
CORTEX,1.0,1.0,10,0,pooled,marginal,lac,0.1
HEART,1.0,1.0,10,0,pooled,marginal,lac,0.1
HIPPOC,0.9,1.0,10,0,pooled,marginal,lac,0.1
HYPOTH,0.9,1.0,10,0,pooled,marginal,lac,0.1
KIDNEY,1.0,1.0,10,0,pooled,marginal,lac,0.1
LIVER,1.0,1.0,10,0,pooled,marginal,lac,0.1
LUNG,1.0,1.0,10,0,pooled,marginal,lac,0.1
OVARY,1.0,1.0,4,0,pooled,marginal,lac,0.1
SKM-GN,0.4,0.4,10,0,pooled,marginal,lac,0.1
SKM-VL,0.4,0.4,10,0,pooled,marginal,lac,0.1
SMLINT,0.9,0.9,10,0,pooled,marginal,lac,0.1
SPLEEN,1.0,1.0,10,0,pooled,marginal,lac,0.1
TESTES,1.0,1.0,5,0,pooled,marginal,lac,0.1
VENACV,1.0,1.0,10,0,pooled,marginal,lac,0.1
WAT-SC,1.0,1.0,10,0,pooled,marginal,lac,0.1
ADRNL,0.9,0.9,10,0,pooled,mondrian,lac,0.1
BAT,1.0,1.0,10,0,pooled,mondrian,lac,0.1
BLOOD,1.0,1.0,10,0,pooled,mondrian,lac,0.1
COLON,1.0,1.0,10,0,pooled,mondrian,lac,0.1
CORTEX,0.9,0.9,10,0,pooled,mondrian,lac,0.1
HEART,1.0,1.0,10,0,pooled,mondrian,lac,0.1
HIPPOC,0.7,0.8,10,0,pooled,mondrian,lac,0.1
HYPOTH,0.9,1.0,10,0,pooled,mondrian,lac,0.1
KIDNEY,1.0,1.0,10,0,pooled,mondrian,lac,0.1
LIVER,0.8,0.8,10,0,pooled,mondrian,lac,0.1
LUNG,1.0,1.0,10,0,pooled,mondrian,lac,0.1
OVARY,1.0,1.0,4,0,pooled,mondrian,lac,0.1
SKM-GN,1.0,1.0,10,0,pooled,mondrian,lac,0.1
SKM-VL,1.0,1.0,10,0,pooled,mondrian,lac,0.1
SMLINT,0.9,0.9,10,0,pooled,mondrian,lac,0.1
SPLEEN,1.0,1.0,10,0,pooled,mondrian,lac,0.1
TESTES,0.8,0.8,5,0,pooled,mondrian,lac,0.1
VENACV,1.0,1.0,10,0,pooled,mondrian,lac,0.1
WAT-SC,1.0,1.0,10,0,pooled,mondrian,lac,0.1
ADRNL,1.0,1.0,10,0,pooled,floored,lac,0.1
BAT,1.0,1.0,10,0,pooled,floored,lac,0.1
BLOOD,1.0,1.0,10,0,pooled,floored,lac,0.1
COLON,1.0,1.0,10,0,pooled,floored,lac,0.1
CORTEX,1.0,1.0,10,0,pooled,floored,lac,0.1
HEART,1.0,1.0,10,0,pooled,floored,lac,0.1
HIPPOC,0.9,1.0,10,0,pooled,floored,lac,0.1
HYPOTH,0.9,1.0,10,0,pooled,floored,lac,0.1
KIDNEY,1.0,1.0,10,0,pooled,floored,lac,0.1
LIVER,1.0,1.0,10,0,pooled,floored,lac,0.1
LUNG,1.0,1.0,10,0,pooled,floored,lac,0.1
OVARY,1.0,1.0,4,0,pooled,floored,lac,0.1
SKM-GN,1.0,1.0,10,0,pooled,floored,lac,0.1
SKM-VL,1.0,1.0,10,0,pooled,floored,lac,0.1
SMLINT,0.9,0.9,10,0,pooled,floored,lac,0.1
SPLEEN,1.0,1.0,10,0,pooled,floored,lac,0.1
TESTES,1.0,1.0,5,0,pooled,floored,lac,0.1
VENACV,1.0,1.0,10,0,pooled,floored,lac,0.1
WAT-SC,1.0,1.0,10,0,pooled,floored,lac,0.1
ADRNL,0.9,0.9,10,0,pooled,marginal,lac,0.2
BAT,1.0,1.0,10,0,pooled,marginal,lac,0.2
BLOOD,1.0,1.0,10,0,pooled,marginal,lac,0.2
COLON,1.0,1.0,10,0,pooled,marginal,lac,0.2
CORTEX,0.7,0.7,10,0,pooled,marginal,lac,0.2
HEART,1.0,1.0,10,0,pooled,marginal,lac,0.2
HIPPOC,0.5,0.6,10,0,pooled,marginal,lac,0.2
HYPOTH,0.9,0.9,10,0,pooled,marginal,lac,0.2
KIDNEY,1.0,1.0,10,0,pooled,marginal,lac,0.2
LIVER,1.0,1.0,10,0,pooled,marginal,lac,0.2
LUNG,1.0,1.0,10,0,pooled,marginal,lac,0.2
OVARY,1.0,1.0,4,0,pooled,marginal,lac,0.2
SKM-GN,0.0,0.0,10,0,pooled,marginal,lac,0.2
SKM-VL,0.0,0.0,10,0,pooled,marginal,lac,0.2
SMLINT,0.9,0.9,10,0,pooled,marginal,lac,0.2
SPLEEN,1.0,1.0,10,0,pooled,marginal,lac,0.2
TESTES,1.0,1.0,5,0,pooled,marginal,lac,0.2
VENACV,0.7,0.7,10,0,pooled,marginal,lac,0.2
WAT-SC,1.0,1.0,10,0,pooled,marginal,lac,0.2
ADRNL,0.7,0.7,10,0,pooled,mondrian,lac,0.2
BAT,1.0,1.0,10,0,pooled,mondrian,lac,0.2
BLOOD,0.9,0.9,10,0,pooled,mondrian,lac,0.2
COLON,0.9,0.9,10,0,pooled,mondrian,lac,0.2
CORTEX,0.9,0.9,10,0,pooled,mondrian,lac,0.2
HEART,0.5,0.5,10,0,pooled,mondrian,lac,0.2
HIPPOC,0.7,0.8,10,0,pooled,mondrian,lac,0.2
HYPOTH,0.9,1.0,10,0,pooled,mondrian,lac,0.2
KIDNEY,1.0,1.0,10,0,pooled,mondrian,lac,0.2
LIVER,0.8,0.8,10,0,pooled,mondrian,lac,0.2
LUNG,1.0,1.0,10,0,pooled,mondrian,lac,0.2
OVARY,0.75,0.75,4,0,pooled,mondrian,lac,0.2
SKM-GN,1.0,1.0,10,0,pooled,mondrian,lac,0.2
SKM-VL,1.0,1.0,10,0,pooled,mondrian,lac,0.2
SMLINT,0.9,0.9,10,0,pooled,mondrian,lac,0.2
SPLEEN,0.7,0.7,10,0,pooled,mondrian,lac,0.2
TESTES,0.8,0.8,5,0,pooled,mondrian,lac,0.2
VENACV,1.0,1.0,10,0,pooled,mondrian,lac,0.2
WAT-SC,1.0,1.0,10,0,pooled,mondrian,lac,0.2
ADRNL,0.9,0.9,10,0,pooled,floored,lac,0.2
BAT,1.0,1.0,10,0,pooled,floored,lac,0.2
BLOOD,1.0,1.0,10,0,pooled,floored,lac,0.2
COLON,1.0,1.0,10,0,pooled,floored,lac,0.2
CORTEX,0.9,0.9,10,0,pooled,floored,lac,0.2
HEART,1.0,1.0,10,0,pooled,floored,lac,0.2
HIPPOC,0.7,0.8,10,0,pooled,floored,lac,0.2
HYPOTH,0.9,1.0,10,0,pooled,floored,lac,0.2
KIDNEY,1.0,1.0,10,0,pooled,floored,lac,0.2
LIVER,1.0,1.0,10,0,pooled,floored,lac,0.2
LUNG,1.0,1.0,10,0,pooled,floored,lac,0.2
OVARY,1.0,1.0,4,0,pooled,floored,lac,0.2
SKM-GN,1.0,1.0,10,0,pooled,floored,lac,0.2
SKM-VL,1.0,1.0,10,0,pooled,floored,lac,0.2
SMLINT,0.9,0.9,10,0,pooled,floored,lac,0.2
SPLEEN,1.0,1.0,10,0,pooled,floored,lac,0.2
TESTES,1.0,1.0,5,0,pooled,floored,lac,0.2
VENACV,1.0,1.0,10,0,pooled,floored,lac,0.2
WAT-SC,1.0,1.0,10,0,pooled,floored,lac,0.2
ADRNL,1.0,1.1,10,0,pooled,marginal,aps,0.05
BAT,1.0,1.0,10,0,pooled,marginal,aps,0.05
BLOOD,1.0,1.0,10,0,pooled,marginal,aps,0.05
COLON,1.0,1.0,10,0,pooled,marginal,aps,0.05
CORTEX,1.0,1.2,10,0,pooled,marginal,aps,0.05
HEART,1.0,1.0,10,0,pooled,marginal,aps,0.05
HIPPOC,0.9,1.3,10,0,pooled,marginal,aps,0.05
HYPOTH,0.9,1.1,10,0,pooled,marginal,aps,0.05
KIDNEY,1.0,1.0,10,0,pooled,marginal,aps,0.05
LIVER,1.0,1.0,10,0,pooled,marginal,aps,0.05
LUNG,1.0,1.0,10,0,pooled,marginal,aps,0.05
OVARY,1.0,1.0,4,0,pooled,marginal,aps,0.05
SKM-GN,1.0,2.0,10,0,pooled,marginal,aps,0.05
SKM-VL,1.0,2.0,10,0,pooled,marginal,aps,0.05
SMLINT,1.0,1.3,10,0,pooled,marginal,aps,0.05
SPLEEN,1.0,1.0,10,0,pooled,marginal,aps,0.05
TESTES,1.0,1.0,5,0,pooled,marginal,aps,0.05
VENACV,1.0,1.4,10,0,pooled,marginal,aps,0.05
WAT-SC,1.0,1.0,10,0,pooled,marginal,aps,0.05
ADRNL,1.0,3.1,10,0,pooled,mondrian,aps,0.05
BAT,1.0,3.0,10,0,pooled,mondrian,aps,0.05
BLOOD,1.0,3.0,10,0,pooled,mondrian,aps,0.05
COLON,1.0,3.0,10,0,pooled,mondrian,aps,0.05
CORTEX,1.0,3.7,10,0,pooled,mondrian,aps,0.05
HEART,1.0,3.0,10,0,pooled,mondrian,aps,0.05
HIPPOC,0.9,3.5,10,0,pooled,mondrian,aps,0.05
HYPOTH,0.9,3.1,10,0,pooled,mondrian,aps,0.05
KIDNEY,1.0,3.0,10,0,pooled,mondrian,aps,0.05
LIVER,1.0,3.0,10,0,pooled,mondrian,aps,0.05
LUNG,1.0,3.0,10,0,pooled,mondrian,aps,0.05
OVARY,1.0,3.0,4,0,pooled,mondrian,aps,0.05
SKM-GN,1.0,3.0,10,0,pooled,mondrian,aps,0.05
SKM-VL,1.0,3.1,10,0,pooled,mondrian,aps,0.05
SMLINT,1.0,3.5,10,0,pooled,mondrian,aps,0.05
SPLEEN,1.0,3.0,10,0,pooled,mondrian,aps,0.05
TESTES,1.0,2.0,5,0,pooled,mondrian,aps,0.05
VENACV,1.0,3.6,10,0,pooled,mondrian,aps,0.05
WAT-SC,1.0,3.0,10,0,pooled,mondrian,aps,0.05
ADRNL,1.0,3.1,10,0,pooled,floored,aps,0.05
BAT,1.0,3.0,10,0,pooled,floored,aps,0.05
BLOOD,1.0,3.0,10,0,pooled,floored,aps,0.05
COLON,1.0,3.0,10,0,pooled,floored,aps,0.05
CORTEX,1.0,3.7,10,0,pooled,floored,aps,0.05
HEART,1.0,3.0,10,0,pooled,floored,aps,0.05
HIPPOC,0.9,3.5,10,0,pooled,floored,aps,0.05
HYPOTH,0.9,3.1,10,0,pooled,floored,aps,0.05
KIDNEY,1.0,3.0,10,0,pooled,floored,aps,0.05
LIVER,1.0,3.0,10,0,pooled,floored,aps,0.05
LUNG,1.0,3.0,10,0,pooled,floored,aps,0.05
OVARY,1.0,3.0,4,0,pooled,floored,aps,0.05
SKM-GN,1.0,4.0,10,0,pooled,floored,aps,0.05
SKM-VL,1.0,4.0,10,0,pooled,floored,aps,0.05
SMLINT,1.0,3.5,10,0,pooled,floored,aps,0.05
SPLEEN,1.0,3.0,10,0,pooled,floored,aps,0.05
TESTES,1.0,2.0,5,0,pooled,floored,aps,0.05
VENACV,1.0,3.7,10,0,pooled,floored,aps,0.05
WAT-SC,1.0,3.0,10,0,pooled,floored,aps,0.05
ADRNL,1.0,1.1,10,0,pooled,marginal,aps,0.1
BAT,1.0,1.0,10,0,pooled,marginal,aps,0.1
BLOOD,1.0,1.0,10,0,pooled,marginal,aps,0.1
COLON,1.0,1.0,10,0,pooled,marginal,aps,0.1
CORTEX,1.0,1.0,10,0,pooled,marginal,aps,0.1
HEART,1.0,1.0,10,0,pooled,marginal,aps,0.1
HIPPOC,0.9,1.1,10,0,pooled,marginal,aps,0.1
HYPOTH,0.9,1.0,10,0,pooled,marginal,aps,0.1
KIDNEY,1.0,1.0,10,0,pooled,marginal,aps,0.1
LIVER,1.0,1.0,10,0,pooled,marginal,aps,0.1
LUNG,1.0,1.0,10,0,pooled,marginal,aps,0.1
OVARY,1.0,1.0,4,0,pooled,marginal,aps,0.1
SKM-GN,1.0,1.7,10,0,pooled,marginal,aps,0.1
SKM-VL,1.0,1.8,10,0,pooled,marginal,aps,0.1
SMLINT,1.0,1.1,10,0,pooled,marginal,aps,0.1
SPLEEN,1.0,1.0,10,0,pooled,marginal,aps,0.1
TESTES,1.0,1.0,5,0,pooled,marginal,aps,0.1
VENACV,1.0,1.0,10,0,pooled,marginal,aps,0.1
WAT-SC,1.0,1.0,10,0,pooled,marginal,aps,0.1
ADRNL,1.0,1.1,10,0,pooled,mondrian,aps,0.1
BAT,1.0,1.0,10,0,pooled,mondrian,aps,0.1
BLOOD,1.0,1.0,10,0,pooled,mondrian,aps,0.1
COLON,1.0,1.0,10,0,pooled,mondrian,aps,0.1
CORTEX,1.0,1.0,10,0,pooled,mondrian,aps,0.1
HEART,1.0,1.0,10,0,pooled,mondrian,aps,0.1
HIPPOC,0.9,1.3,10,0,pooled,mondrian,aps,0.1
HYPOTH,0.9,1.1,10,0,pooled,mondrian,aps,0.1
KIDNEY,1.0,1.0,10,0,pooled,mondrian,aps,0.1
LIVER,1.0,1.0,10,0,pooled,mondrian,aps,0.1
LUNG,1.0,1.0,10,0,pooled,mondrian,aps,0.1
OVARY,1.0,1.0,4,0,pooled,mondrian,aps,0.1
SKM-GN,1.0,1.0,10,0,pooled,mondrian,aps,0.1
SKM-VL,1.0,1.0,10,0,pooled,mondrian,aps,0.1
SMLINT,1.0,1.3,10,0,pooled,mondrian,aps,0.1
SPLEEN,1.0,1.0,10,0,pooled,mondrian,aps,0.1
TESTES,1.0,1.0,5,0,pooled,mondrian,aps,0.1
VENACV,1.0,1.1,10,0,pooled,mondrian,aps,0.1
WAT-SC,1.0,1.0,10,0,pooled,mondrian,aps,0.1
ADRNL,1.0,1.1,10,0,pooled,floored,aps,0.1
BAT,1.0,1.0,10,0,pooled,floored,aps,0.1
BLOOD,1.0,1.0,10,0,pooled,floored,aps,0.1
COLON,1.0,1.0,10,0,pooled,floored,aps,0.1
CORTEX,1.0,1.0,10,0,pooled,floored,aps,0.1
HEART,1.0,1.0,10,0,pooled,floored,aps,0.1
HIPPOC,0.9,1.3,10,0,pooled,floored,aps,0.1
HYPOTH,0.9,1.1,10,0,pooled,floored,aps,0.1
KIDNEY,1.0,1.0,10,0,pooled,floored,aps,0.1
LIVER,1.0,1.0,10,0,pooled,floored,aps,0.1
LUNG,1.0,1.0,10,0,pooled,floored,aps,0.1
OVARY,1.0,1.0,4,0,pooled,floored,aps,0.1
SKM-GN,1.0,1.7,10,0,pooled,floored,aps,0.1
SKM-VL,1.0,1.8,10,0,pooled,floored,aps,0.1
SMLINT,1.0,1.3,10,0,pooled,floored,aps,0.1
SPLEEN,1.0,1.0,10,0,pooled,floored,aps,0.1
TESTES,1.0,1.0,5,0,pooled,floored,aps,0.1
VENACV,1.0,1.1,10,0,pooled,floored,aps,0.1
WAT-SC,1.0,1.0,10,0,pooled,floored,aps,0.1
ADRNL,1.0,1.0,10,0,pooled,marginal,aps,0.2
BAT,1.0,1.0,10,0,pooled,marginal,aps,0.2
BLOOD,1.0,1.0,10,0,pooled,marginal,aps,0.2
COLON,1.0,1.0,10,0,pooled,marginal,aps,0.2
CORTEX,1.0,1.0,10,0,pooled,marginal,aps,0.2
HEART,1.0,1.0,10,0,pooled,marginal,aps,0.2
HIPPOC,0.9,1.0,10,0,pooled,marginal,aps,0.2
HYPOTH,0.9,1.0,10,0,pooled,marginal,aps,0.2
KIDNEY,1.0,1.0,10,0,pooled,marginal,aps,0.2
LIVER,1.0,1.0,10,0,pooled,marginal,aps,0.2
LUNG,1.0,1.0,10,0,pooled,marginal,aps,0.2
OVARY,1.0,1.0,4,0,pooled,marginal,aps,0.2
SKM-GN,1.0,1.0,10,0,pooled,marginal,aps,0.2
SKM-VL,1.0,1.0,10,0,pooled,marginal,aps,0.2
SMLINT,1.0,1.0,10,0,pooled,marginal,aps,0.2
SPLEEN,1.0,1.0,10,0,pooled,marginal,aps,0.2
TESTES,1.0,1.0,5,0,pooled,marginal,aps,0.2
VENACV,1.0,1.0,10,0,pooled,marginal,aps,0.2
WAT-SC,1.0,1.0,10,0,pooled,marginal,aps,0.2
ADRNL,1.0,1.0,10,0,pooled,mondrian,aps,0.2
BAT,1.0,1.0,10,0,pooled,mondrian,aps,0.2
BLOOD,1.0,1.0,10,0,pooled,mondrian,aps,0.2
COLON,1.0,1.0,10,0,pooled,mondrian,aps,0.2
CORTEX,1.0,1.0,10,0,pooled,mondrian,aps,0.2
HEART,1.0,1.0,10,0,pooled,mondrian,aps,0.2
HIPPOC,0.9,1.1,10,0,pooled,mondrian,aps,0.2
HYPOTH,0.9,1.0,10,0,pooled,mondrian,aps,0.2
KIDNEY,1.0,1.0,10,0,pooled,mondrian,aps,0.2
LIVER,1.0,1.0,10,0,pooled,mondrian,aps,0.2
LUNG,1.0,1.0,10,0,pooled,mondrian,aps,0.2
OVARY,1.0,1.0,4,0,pooled,mondrian,aps,0.2
SKM-GN,1.0,1.0,10,0,pooled,mondrian,aps,0.2
SKM-VL,1.0,1.0,10,0,pooled,mondrian,aps,0.2
SMLINT,1.0,1.2,10,0,pooled,mondrian,aps,0.2
SPLEEN,1.0,1.0,10,0,pooled,mondrian,aps,0.2
TESTES,1.0,1.0,5,0,pooled,mondrian,aps,0.2
VENACV,1.0,1.0,10,0,pooled,mondrian,aps,0.2
WAT-SC,1.0,1.0,10,0,pooled,mondrian,aps,0.2
ADRNL,1.0,1.0,10,0,pooled,floored,aps,0.2
BAT,1.0,1.0,10,0,pooled,floored,aps,0.2
BLOOD,1.0,1.0,10,0,pooled,floored,aps,0.2
COLON,1.0,1.0,10,0,pooled,floored,aps,0.2
CORTEX,1.0,1.0,10,0,pooled,floored,aps,0.2
HEART,1.0,1.0,10,0,pooled,floored,aps,0.2
HIPPOC,0.9,1.1,10,0,pooled,floored,aps,0.2
HYPOTH,0.9,1.0,10,0,pooled,floored,aps,0.2
KIDNEY,1.0,1.0,10,0,pooled,floored,aps,0.2
LIVER,1.0,1.0,10,0,pooled,floored,aps,0.2
LUNG,1.0,1.0,10,0,pooled,floored,aps,0.2
OVARY,1.0,1.0,4,0,pooled,floored,aps,0.2
SKM-GN,1.0,1.0,10,0,pooled,floored,aps,0.2
SKM-VL,1.0,1.0,10,0,pooled,floored,aps,0.2
SMLINT,1.0,1.2,10,0,pooled,floored,aps,0.2
SPLEEN,1.0,1.0,10,0,pooled,floored,aps,0.2
TESTES,1.0,1.0,5,0,pooled,floored,aps,0.2
VENACV,1.0,1.0,10,0,pooled,floored,aps,0.2
WAT-SC,1.0,1.0,10,0,pooled,floored,aps,0.2
ADRNL,1.0,1.2,10,0,one_per_animal,marginal,lac,0.05
BAT,1.0,2.0,10,0,one_per_animal,marginal,lac,0.05
BLOOD,1.0,1.0,10,0,one_per_animal,marginal,lac,0.05
COLON,1.0,1.0,10,0,one_per_animal,marginal,lac,0.05
CORTEX,1.0,2.4,10,0,one_per_animal,marginal,lac,0.05
HEART,1.0,1.1,10,0,one_per_animal,marginal,lac,0.05
HIPPOC,1.0,2.3,10,0,one_per_animal,marginal,lac,0.05
HYPOTH,0.9,1.7,10,0,one_per_animal,marginal,lac,0.05
KIDNEY,1.0,1.0,10,0,one_per_animal,marginal,lac,0.05
LIVER,1.0,1.0,10,0,one_per_animal,marginal,lac,0.05
LUNG,1.0,1.0,10,0,one_per_animal,marginal,lac,0.05
OVARY,1.0,1.0,4,0,one_per_animal,marginal,lac,0.05
SKM-GN,1.0,2.0,10,0,one_per_animal,marginal,lac,0.05
SKM-VL,1.0,2.0,10,0,one_per_animal,marginal,lac,0.05
SMLINT,1.0,1.5,10,0,one_per_animal,marginal,lac,0.05
SPLEEN,1.0,1.0,10,0,one_per_animal,marginal,lac,0.05
TESTES,1.0,1.0,5,0,one_per_animal,marginal,lac,0.05
VENACV,1.0,1.9,10,0,one_per_animal,marginal,lac,0.05
WAT-SC,1.0,1.0,10,0,one_per_animal,marginal,lac,0.05
ADRNL,0.9,0.9,10,0,one_per_animal,marginal,lac,0.1
BAT,1.0,1.0,10,0,one_per_animal,marginal,lac,0.1
BLOOD,1.0,1.0,10,0,one_per_animal,marginal,lac,0.1
COLON,1.0,1.0,10,0,one_per_animal,marginal,lac,0.1
CORTEX,0.9,0.9,10,0,one_per_animal,marginal,lac,0.1
HEART,1.0,1.0,10,0,one_per_animal,marginal,lac,0.1
HIPPOC,0.6,0.7,10,0,one_per_animal,marginal,lac,0.1
HYPOTH,0.9,0.9,10,0,one_per_animal,marginal,lac,0.1
KIDNEY,1.0,1.0,10,0,one_per_animal,marginal,lac,0.1
LIVER,1.0,1.0,10,0,one_per_animal,marginal,lac,0.1
LUNG,1.0,1.0,10,0,one_per_animal,marginal,lac,0.1
OVARY,1.0,1.0,4,0,one_per_animal,marginal,lac,0.1
SKM-GN,0.0,0.0,10,0,one_per_animal,marginal,lac,0.1
SKM-VL,0.0,0.0,10,0,one_per_animal,marginal,lac,0.1
SMLINT,0.9,0.9,10,0,one_per_animal,marginal,lac,0.1
SPLEEN,1.0,1.0,10,0,one_per_animal,marginal,lac,0.1
TESTES,1.0,1.0,5,0,one_per_animal,marginal,lac,0.1
VENACV,0.8,0.8,10,0,one_per_animal,marginal,lac,0.1
WAT-SC,1.0,1.0,10,0,one_per_animal,marginal,lac,0.1
ADRNL,0.9,0.9,10,0,one_per_animal,marginal,lac,0.2
BAT,0.6,0.6,10,0,one_per_animal,marginal,lac,0.2
BLOOD,1.0,1.0,10,0,one_per_animal,marginal,lac,0.2
COLON,1.0,1.0,10,0,one_per_animal,marginal,lac,0.2
CORTEX,0.1,0.1,10,0,one_per_animal,marginal,lac,0.2
HEART,1.0,1.0,10,0,one_per_animal,marginal,lac,0.2
HIPPOC,0.2,0.3,10,0,one_per_animal,marginal,lac,0.2
HYPOTH,0.9,0.9,10,0,one_per_animal,marginal,lac,0.2
KIDNEY,1.0,1.0,10,0,one_per_animal,marginal,lac,0.2
LIVER,1.0,1.0,10,0,one_per_animal,marginal,lac,0.2
LUNG,1.0,1.0,10,0,one_per_animal,marginal,lac,0.2
OVARY,0.5,0.5,4,0,one_per_animal,marginal,lac,0.2
SKM-GN,0.0,0.0,10,0,one_per_animal,marginal,lac,0.2
SKM-VL,0.0,0.0,10,0,one_per_animal,marginal,lac,0.2
SMLINT,0.9,0.9,10,0,one_per_animal,marginal,lac,0.2
SPLEEN,1.0,1.0,10,0,one_per_animal,marginal,lac,0.2
TESTES,1.0,1.0,5,0,one_per_animal,marginal,lac,0.2
VENACV,0.5,0.5,10,0,one_per_animal,marginal,lac,0.2
WAT-SC,1.0,1.0,10,0,one_per_animal,marginal,lac,0.2
ADRNL,1.0,1.2,10,0,one_per_animal,marginal,aps,0.05
BAT,1.0,1.6,10,0,one_per_animal,marginal,aps,0.05
BLOOD,1.0,1.0,10,0,one_per_animal,marginal,aps,0.05
COLON,1.0,1.0,10,0,one_per_animal,marginal,aps,0.05
CORTEX,1.0,1.9,10,0,one_per_animal,marginal,aps,0.05
HEART,1.0,1.0,10,0,one_per_animal,marginal,aps,0.05
HIPPOC,0.9,1.8,10,0,one_per_animal,marginal,aps,0.05
HYPOTH,0.9,1.1,10,0,one_per_animal,marginal,aps,0.05
KIDNEY,1.0,1.0,10,0,one_per_animal,marginal,aps,0.05
LIVER,1.0,1.0,10,0,one_per_animal,marginal,aps,0.05
LUNG,1.0,1.0,10,0,one_per_animal,marginal,aps,0.05
OVARY,1.0,2.0,4,0,one_per_animal,marginal,aps,0.05
SKM-GN,1.0,2.0,10,0,one_per_animal,marginal,aps,0.05
SKM-VL,1.0,2.0,10,0,one_per_animal,marginal,aps,0.05
SMLINT,1.0,1.5,10,0,one_per_animal,marginal,aps,0.05
SPLEEN,1.0,1.0,10,0,one_per_animal,marginal,aps,0.05
TESTES,1.0,1.0,5,0,one_per_animal,marginal,aps,0.05
VENACV,1.0,2.0,10,0,one_per_animal,marginal,aps,0.05
WAT-SC,1.0,1.0,10,0,one_per_animal,marginal,aps,0.05
ADRNL,1.0,1.1,10,0,one_per_animal,marginal,aps,0.1
BAT,1.0,1.0,10,0,one_per_animal,marginal,aps,0.1
BLOOD,1.0,1.0,10,0,one_per_animal,marginal,aps,0.1
COLON,1.0,1.0,10,0,one_per_animal,marginal,aps,0.1
CORTEX,1.0,1.1,10,0,one_per_animal,marginal,aps,0.1
HEART,1.0,1.0,10,0,one_per_animal,marginal,aps,0.1
HIPPOC,0.9,1.3,10,0,one_per_animal,marginal,aps,0.1
HYPOTH,0.9,1.1,10,0,one_per_animal,marginal,aps,0.1
KIDNEY,1.0,1.0,10,0,one_per_animal,marginal,aps,0.1
LIVER,1.0,1.0,10,0,one_per_animal,marginal,aps,0.1
LUNG,1.0,1.0,10,0,one_per_animal,marginal,aps,0.1
OVARY,1.0,1.0,4,0,one_per_animal,marginal,aps,0.1
SKM-GN,1.0,2.0,10,0,one_per_animal,marginal,aps,0.1
SKM-VL,1.0,2.0,10,0,one_per_animal,marginal,aps,0.1
SMLINT,1.0,1.2,10,0,one_per_animal,marginal,aps,0.1
SPLEEN,1.0,1.0,10,0,one_per_animal,marginal,aps,0.1
TESTES,1.0,1.0,5,0,one_per_animal,marginal,aps,0.1
VENACV,1.0,1.2,10,0,one_per_animal,marginal,aps,0.1
WAT-SC,1.0,1.0,10,0,one_per_animal,marginal,aps,0.1
ADRNL,1.0,1.0,10,0,one_per_animal,marginal,aps,0.2
BAT,1.0,1.0,10,0,one_per_animal,marginal,aps,0.2
BLOOD,1.0,1.0,10,0,one_per_animal,marginal,aps,0.2
COLON,1.0,1.0,10,0,one_per_animal,marginal,aps,0.2
CORTEX,1.0,1.0,10,0,one_per_animal,marginal,aps,0.2
HEART,1.0,1.0,10,0,one_per_animal,marginal,aps,0.2
HIPPOC,0.9,1.0,10,0,one_per_animal,marginal,aps,0.2
HYPOTH,0.9,1.0,10,0,one_per_animal,marginal,aps,0.2
KIDNEY,1.0,1.0,10,0,one_per_animal,marginal,aps,0.2
LIVER,1.0,1.0,10,0,one_per_animal,marginal,aps,0.2
LUNG,1.0,1.0,10,0,one_per_animal,marginal,aps,0.2
OVARY,1.0,1.0,4,0,one_per_animal,marginal,aps,0.2
SKM-GN,1.0,1.5,10,0,one_per_animal,marginal,aps,0.2
SKM-VL,1.0,1.6,10,0,one_per_animal,marginal,aps,0.2
SMLINT,1.0,1.1,10,0,one_per_animal,marginal,aps,0.2
SPLEEN,1.0,1.0,10,0,one_per_animal,marginal,aps,0.2
TESTES,1.0,1.0,5,0,one_per_animal,marginal,aps,0.2
VENACV,1.0,1.0,10,0,one_per_animal,marginal,aps,0.2
WAT-SC,1.0,1.0,10,0,one_per_animal,marginal,aps,0.2
ADRNL,1.0,1.0,10,1,pooled,marginal,lac,0.05
BAT,1.0,1.0,10,1,pooled,marginal,lac,0.05
BLOOD,1.0,1.0,10,1,pooled,marginal,lac,0.05
COLON,1.0,1.0,10,1,pooled,marginal,lac,0.05
CORTEX,1.0,1.0,10,1,pooled,marginal,lac,0.05
HEART,1.0,1.0,10,1,pooled,marginal,lac,0.05
HIPPOC,1.0,1.0,10,1,pooled,marginal,lac,0.05
HYPOTH,1.0,1.0,10,1,pooled,marginal,lac,0.05
KIDNEY,1.0,1.0,10,1,pooled,marginal,lac,0.05
LIVER,1.0,1.0,10,1,pooled,marginal,lac,0.05
LUNG,1.0,1.0,10,1,pooled,marginal,lac,0.05
OVARY,1.0,1.0,5,1,pooled,marginal,lac,0.05
SKM-GN,1.0,1.0,10,1,pooled,marginal,lac,0.05
SKM-VL,0.7,0.7,10,1,pooled,marginal,lac,0.05
SMLINT,1.0,1.0,10,1,pooled,marginal,lac,0.05
SPLEEN,1.0,1.0,10,1,pooled,marginal,lac,0.05
TESTES,1.0,1.0,5,1,pooled,marginal,lac,0.05
VENACV,0.9,0.9,10,1,pooled,marginal,lac,0.05
WAT-SC,0.9,0.9,10,1,pooled,marginal,lac,0.05
ADRNL,1.0,3.0,10,1,pooled,mondrian,lac,0.05
BAT,1.0,3.0,10,1,pooled,mondrian,lac,0.05
BLOOD,1.0,3.0,10,1,pooled,mondrian,lac,0.05
COLON,0.9,2.9,10,1,pooled,mondrian,lac,0.05
CORTEX,1.0,3.0,10,1,pooled,mondrian,lac,0.05
HEART,0.9,2.9,10,1,pooled,mondrian,lac,0.05
HIPPOC,1.0,3.0,10,1,pooled,mondrian,lac,0.05
HYPOTH,1.0,3.0,10,1,pooled,mondrian,lac,0.05
KIDNEY,1.0,3.0,10,1,pooled,mondrian,lac,0.05
LIVER,0.9,2.9,10,1,pooled,mondrian,lac,0.05
LUNG,1.0,3.0,10,1,pooled,mondrian,lac,0.05
OVARY,1.0,2.2,5,1,pooled,mondrian,lac,0.05
SKM-GN,1.0,3.0,10,1,pooled,mondrian,lac,0.05
SKM-VL,1.0,3.0,10,1,pooled,mondrian,lac,0.05
SMLINT,0.9,2.9,10,1,pooled,mondrian,lac,0.05
SPLEEN,1.0,3.0,10,1,pooled,mondrian,lac,0.05
TESTES,1.0,2.0,5,1,pooled,mondrian,lac,0.05
VENACV,1.0,3.1,10,1,pooled,mondrian,lac,0.05
WAT-SC,0.8,2.8,10,1,pooled,mondrian,lac,0.05
ADRNL,1.0,3.0,10,1,pooled,floored,lac,0.05
BAT,1.0,3.0,10,1,pooled,floored,lac,0.05
BLOOD,1.0,3.0,10,1,pooled,floored,lac,0.05
COLON,1.0,3.0,10,1,pooled,floored,lac,0.05
CORTEX,1.0,3.0,10,1,pooled,floored,lac,0.05
HEART,1.0,3.0,10,1,pooled,floored,lac,0.05
HIPPOC,1.0,3.0,10,1,pooled,floored,lac,0.05
HYPOTH,1.0,3.0,10,1,pooled,floored,lac,0.05
KIDNEY,1.0,3.0,10,1,pooled,floored,lac,0.05
LIVER,1.0,3.0,10,1,pooled,floored,lac,0.05
LUNG,1.0,3.0,10,1,pooled,floored,lac,0.05
OVARY,1.0,2.2,5,1,pooled,floored,lac,0.05
SKM-GN,1.0,3.0,10,1,pooled,floored,lac,0.05
SKM-VL,1.0,3.0,10,1,pooled,floored,lac,0.05
SMLINT,1.0,3.0,10,1,pooled,floored,lac,0.05
SPLEEN,1.0,3.0,10,1,pooled,floored,lac,0.05
TESTES,1.0,2.0,5,1,pooled,floored,lac,0.05
VENACV,1.0,3.1,10,1,pooled,floored,lac,0.05
WAT-SC,0.9,2.9,10,1,pooled,floored,lac,0.05
ADRNL,0.9,0.9,10,1,pooled,marginal,lac,0.1
BAT,1.0,1.0,10,1,pooled,marginal,lac,0.1
BLOOD,1.0,1.0,10,1,pooled,marginal,lac,0.1
COLON,1.0,1.0,10,1,pooled,marginal,lac,0.1
CORTEX,1.0,1.0,10,1,pooled,marginal,lac,0.1
HEART,1.0,1.0,10,1,pooled,marginal,lac,0.1
HIPPOC,0.9,0.9,10,1,pooled,marginal,lac,0.1
HYPOTH,0.8,0.8,10,1,pooled,marginal,lac,0.1
KIDNEY,1.0,1.0,10,1,pooled,marginal,lac,0.1
LIVER,1.0,1.0,10,1,pooled,marginal,lac,0.1
LUNG,1.0,1.0,10,1,pooled,marginal,lac,0.1
OVARY,1.0,1.0,5,1,pooled,marginal,lac,0.1
SKM-GN,0.2,0.2,10,1,pooled,marginal,lac,0.1
SKM-VL,0.4,0.4,10,1,pooled,marginal,lac,0.1
SMLINT,1.0,1.0,10,1,pooled,marginal,lac,0.1
SPLEEN,1.0,1.0,10,1,pooled,marginal,lac,0.1
TESTES,1.0,1.0,5,1,pooled,marginal,lac,0.1
VENACV,0.8,0.8,10,1,pooled,marginal,lac,0.1
WAT-SC,0.9,0.9,10,1,pooled,marginal,lac,0.1
ADRNL,1.0,1.0,10,1,pooled,mondrian,lac,0.1
BAT,1.0,1.0,10,1,pooled,mondrian,lac,0.1
BLOOD,1.0,1.0,10,1,pooled,mondrian,lac,0.1
COLON,0.8,0.8,10,1,pooled,mondrian,lac,0.1
CORTEX,1.0,1.0,10,1,pooled,mondrian,lac,0.1
HEART,0.9,0.9,10,1,pooled,mondrian,lac,0.1
HIPPOC,1.0,1.0,10,1,pooled,mondrian,lac,0.1
HYPOTH,0.8,0.8,10,1,pooled,mondrian,lac,0.1
KIDNEY,0.6,0.6,10,1,pooled,mondrian,lac,0.1
LIVER,0.9,0.9,10,1,pooled,mondrian,lac,0.1
LUNG,0.8,0.8,10,1,pooled,mondrian,lac,0.1
OVARY,0.8,0.8,5,1,pooled,mondrian,lac,0.1
SKM-GN,0.8,0.8,10,1,pooled,mondrian,lac,0.1
SKM-VL,0.9,0.9,10,1,pooled,mondrian,lac,0.1
SMLINT,0.9,0.9,10,1,pooled,mondrian,lac,0.1
SPLEEN,1.0,1.0,10,1,pooled,mondrian,lac,0.1
TESTES,0.8,0.8,5,1,pooled,mondrian,lac,0.1
VENACV,0.8,0.8,10,1,pooled,mondrian,lac,0.1
WAT-SC,0.8,0.8,10,1,pooled,mondrian,lac,0.1
ADRNL,1.0,1.0,10,1,pooled,floored,lac,0.1
BAT,1.0,1.0,10,1,pooled,floored,lac,0.1
BLOOD,1.0,1.0,10,1,pooled,floored,lac,0.1
COLON,1.0,1.0,10,1,pooled,floored,lac,0.1
CORTEX,1.0,1.0,10,1,pooled,floored,lac,0.1
HEART,1.0,1.0,10,1,pooled,floored,lac,0.1
HIPPOC,1.0,1.0,10,1,pooled,floored,lac,0.1
HYPOTH,0.8,0.8,10,1,pooled,floored,lac,0.1
KIDNEY,1.0,1.0,10,1,pooled,floored,lac,0.1
LIVER,1.0,1.0,10,1,pooled,floored,lac,0.1
LUNG,1.0,1.0,10,1,pooled,floored,lac,0.1
OVARY,1.0,1.0,5,1,pooled,floored,lac,0.1
SKM-GN,0.8,0.8,10,1,pooled,floored,lac,0.1
SKM-VL,0.9,0.9,10,1,pooled,floored,lac,0.1
SMLINT,1.0,1.0,10,1,pooled,floored,lac,0.1
SPLEEN,1.0,1.0,10,1,pooled,floored,lac,0.1
TESTES,1.0,1.0,5,1,pooled,floored,lac,0.1
VENACV,0.8,0.8,10,1,pooled,floored,lac,0.1
WAT-SC,0.9,0.9,10,1,pooled,floored,lac,0.1
ADRNL,0.9,0.9,10,1,pooled,marginal,lac,0.2
BAT,1.0,1.0,10,1,pooled,marginal,lac,0.2
BLOOD,1.0,1.0,10,1,pooled,marginal,lac,0.2
COLON,1.0,1.0,10,1,pooled,marginal,lac,0.2
CORTEX,0.7,0.7,10,1,pooled,marginal,lac,0.2
HEART,1.0,1.0,10,1,pooled,marginal,lac,0.2
HIPPOC,0.8,0.8,10,1,pooled,marginal,lac,0.2
HYPOTH,0.2,0.2,10,1,pooled,marginal,lac,0.2
KIDNEY,1.0,1.0,10,1,pooled,marginal,lac,0.2
LIVER,1.0,1.0,10,1,pooled,marginal,lac,0.2
LUNG,1.0,1.0,10,1,pooled,marginal,lac,0.2
OVARY,1.0,1.0,5,1,pooled,marginal,lac,0.2
SKM-GN,0.0,0.0,10,1,pooled,marginal,lac,0.2
SKM-VL,0.2,0.2,10,1,pooled,marginal,lac,0.2
SMLINT,1.0,1.0,10,1,pooled,marginal,lac,0.2
SPLEEN,1.0,1.0,10,1,pooled,marginal,lac,0.2
TESTES,1.0,1.0,5,1,pooled,marginal,lac,0.2
VENACV,0.8,0.8,10,1,pooled,marginal,lac,0.2
WAT-SC,0.8,0.8,10,1,pooled,marginal,lac,0.2
ADRNL,0.7,0.7,10,1,pooled,mondrian,lac,0.2
BAT,1.0,1.0,10,1,pooled,mondrian,lac,0.2
BLOOD,1.0,1.0,10,1,pooled,mondrian,lac,0.2
COLON,0.8,0.8,10,1,pooled,mondrian,lac,0.2
CORTEX,1.0,1.0,10,1,pooled,mondrian,lac,0.2
HEART,0.9,0.9,10,1,pooled,mondrian,lac,0.2
HIPPOC,1.0,1.0,10,1,pooled,mondrian,lac,0.2
HYPOTH,0.8,0.8,10,1,pooled,mondrian,lac,0.2
KIDNEY,0.6,0.6,10,1,pooled,mondrian,lac,0.2
LIVER,0.6,0.6,10,1,pooled,mondrian,lac,0.2
LUNG,0.8,0.8,10,1,pooled,mondrian,lac,0.2
OVARY,0.8,0.8,5,1,pooled,mondrian,lac,0.2
SKM-GN,0.7,0.7,10,1,pooled,mondrian,lac,0.2
SKM-VL,0.8,0.8,10,1,pooled,mondrian,lac,0.2
SMLINT,0.8,0.8,10,1,pooled,mondrian,lac,0.2
SPLEEN,1.0,1.0,10,1,pooled,mondrian,lac,0.2
TESTES,0.4,0.4,5,1,pooled,mondrian,lac,0.2
VENACV,0.8,0.8,10,1,pooled,mondrian,lac,0.2
WAT-SC,0.6,0.6,10,1,pooled,mondrian,lac,0.2
ADRNL,0.9,0.9,10,1,pooled,floored,lac,0.2
BAT,1.0,1.0,10,1,pooled,floored,lac,0.2
BLOOD,1.0,1.0,10,1,pooled,floored,lac,0.2
COLON,1.0,1.0,10,1,pooled,floored,lac,0.2
CORTEX,1.0,1.0,10,1,pooled,floored,lac,0.2
HEART,1.0,1.0,10,1,pooled,floored,lac,0.2
HIPPOC,1.0,1.0,10,1,pooled,floored,lac,0.2
HYPOTH,0.8,0.8,10,1,pooled,floored,lac,0.2
KIDNEY,1.0,1.0,10,1,pooled,floored,lac,0.2
LIVER,1.0,1.0,10,1,pooled,floored,lac,0.2
LUNG,1.0,1.0,10,1,pooled,floored,lac,0.2
OVARY,1.0,1.0,5,1,pooled,floored,lac,0.2
SKM-GN,0.7,0.7,10,1,pooled,floored,lac,0.2
SKM-VL,0.8,0.8,10,1,pooled,floored,lac,0.2
SMLINT,1.0,1.0,10,1,pooled,floored,lac,0.2
SPLEEN,1.0,1.0,10,1,pooled,floored,lac,0.2
TESTES,1.0,1.0,5,1,pooled,floored,lac,0.2
VENACV,0.8,0.8,10,1,pooled,floored,lac,0.2
WAT-SC,0.8,0.8,10,1,pooled,floored,lac,0.2
ADRNL,1.0,1.0,10,1,pooled,marginal,aps,0.05
BAT,1.0,1.0,10,1,pooled,marginal,aps,0.05
BLOOD,1.0,1.0,10,1,pooled,marginal,aps,0.05
COLON,1.0,1.0,10,1,pooled,marginal,aps,0.05
CORTEX,1.0,1.0,10,1,pooled,marginal,aps,0.05
HEART,1.0,1.0,10,1,pooled,marginal,aps,0.05
HIPPOC,1.0,1.0,10,1,pooled,marginal,aps,0.05
HYPOTH,1.0,1.1,10,1,pooled,marginal,aps,0.05
KIDNEY,1.0,1.0,10,1,pooled,marginal,aps,0.05
LIVER,1.0,1.0,10,1,pooled,marginal,aps,0.05
LUNG,1.0,1.0,10,1,pooled,marginal,aps,0.05
OVARY,1.0,1.0,5,1,pooled,marginal,aps,0.05
SKM-GN,1.0,1.2,10,1,pooled,marginal,aps,0.05
SKM-VL,1.0,1.5,10,1,pooled,marginal,aps,0.05
SMLINT,1.0,1.0,10,1,pooled,marginal,aps,0.05
SPLEEN,1.0,1.0,10,1,pooled,marginal,aps,0.05
TESTES,1.0,1.0,5,1,pooled,marginal,aps,0.05
VENACV,1.0,1.4,10,1,pooled,marginal,aps,0.05
WAT-SC,1.0,1.1,10,1,pooled,marginal,aps,0.05
ADRNL,1.0,3.0,10,1,pooled,mondrian,aps,0.05
BAT,1.0,3.0,10,1,pooled,mondrian,aps,0.05
BLOOD,1.0,3.0,10,1,pooled,mondrian,aps,0.05
COLON,1.0,3.0,10,1,pooled,mondrian,aps,0.05
CORTEX,1.0,3.1,10,1,pooled,mondrian,aps,0.05
HEART,1.0,3.0,10,1,pooled,mondrian,aps,0.05
HIPPOC,1.0,3.1,10,1,pooled,mondrian,aps,0.05
HYPOTH,1.0,3.3,10,1,pooled,mondrian,aps,0.05
KIDNEY,1.0,3.0,10,1,pooled,mondrian,aps,0.05
LIVER,1.0,3.0,10,1,pooled,mondrian,aps,0.05
LUNG,1.0,3.0,10,1,pooled,mondrian,aps,0.05
OVARY,1.0,2.0,5,1,pooled,mondrian,aps,0.05
SKM-GN,1.0,3.0,10,1,pooled,mondrian,aps,0.05
SKM-VL,1.0,3.5,10,1,pooled,mondrian,aps,0.05
SMLINT,1.0,3.0,10,1,pooled,mondrian,aps,0.05
SPLEEN,1.0,3.0,10,1,pooled,mondrian,aps,0.05
TESTES,1.0,2.0,5,1,pooled,mondrian,aps,0.05
VENACV,1.0,3.6,10,1,pooled,mondrian,aps,0.05
WAT-SC,1.0,3.2,10,1,pooled,mondrian,aps,0.05
ADRNL,1.0,3.0,10,1,pooled,floored,aps,0.05
BAT,1.0,3.0,10,1,pooled,floored,aps,0.05
BLOOD,1.0,3.0,10,1,pooled,floored,aps,0.05
COLON,1.0,3.0,10,1,pooled,floored,aps,0.05
CORTEX,1.0,3.1,10,1,pooled,floored,aps,0.05
HEART,1.0,3.0,10,1,pooled,floored,aps,0.05
HIPPOC,1.0,3.1,10,1,pooled,floored,aps,0.05
HYPOTH,1.0,3.3,10,1,pooled,floored,aps,0.05
KIDNEY,1.0,3.0,10,1,pooled,floored,aps,0.05
LIVER,1.0,3.0,10,1,pooled,floored,aps,0.05
LUNG,1.0,3.0,10,1,pooled,floored,aps,0.05
OVARY,1.0,2.0,5,1,pooled,floored,aps,0.05
SKM-GN,1.0,3.2,10,1,pooled,floored,aps,0.05
SKM-VL,1.0,3.5,10,1,pooled,floored,aps,0.05
SMLINT,1.0,3.0,10,1,pooled,floored,aps,0.05
SPLEEN,1.0,3.0,10,1,pooled,floored,aps,0.05
TESTES,1.0,2.0,5,1,pooled,floored,aps,0.05
VENACV,1.0,3.6,10,1,pooled,floored,aps,0.05
WAT-SC,1.0,3.2,10,1,pooled,floored,aps,0.05
ADRNL,1.0,1.0,10,1,pooled,marginal,aps,0.1
BAT,1.0,1.0,10,1,pooled,marginal,aps,0.1
BLOOD,1.0,1.0,10,1,pooled,marginal,aps,0.1
COLON,1.0,1.0,10,1,pooled,marginal,aps,0.1
CORTEX,1.0,1.0,10,1,pooled,marginal,aps,0.1
HEART,1.0,1.0,10,1,pooled,marginal,aps,0.1
HIPPOC,1.0,1.0,10,1,pooled,marginal,aps,0.1
HYPOTH,1.0,1.0,10,1,pooled,marginal,aps,0.1
KIDNEY,1.0,1.0,10,1,pooled,marginal,aps,0.1
LIVER,1.0,1.0,10,1,pooled,marginal,aps,0.1
LUNG,1.0,1.0,10,1,pooled,marginal,aps,0.1
OVARY,1.0,1.0,5,1,pooled,marginal,aps,0.1
SKM-GN,1.0,1.0,10,1,pooled,marginal,aps,0.1
SKM-VL,1.0,1.1,10,1,pooled,marginal,aps,0.1
SMLINT,1.0,1.0,10,1,pooled,marginal,aps,0.1
SPLEEN,1.0,1.0,10,1,pooled,marginal,aps,0.1
TESTES,1.0,1.0,5,1,pooled,marginal,aps,0.1
VENACV,1.0,1.1,10,1,pooled,marginal,aps,0.1
WAT-SC,1.0,1.1,10,1,pooled,marginal,aps,0.1
ADRNL,1.0,1.0,10,1,pooled,mondrian,aps,0.1
BAT,1.0,1.0,10,1,pooled,mondrian,aps,0.1
BLOOD,1.0,1.0,10,1,pooled,mondrian,aps,0.1
COLON,1.0,1.0,10,1,pooled,mondrian,aps,0.1
CORTEX,1.0,1.0,10,1,pooled,mondrian,aps,0.1
HEART,1.0,1.0,10,1,pooled,mondrian,aps,0.1
HIPPOC,1.0,1.0,10,1,pooled,mondrian,aps,0.1
HYPOTH,1.0,1.0,10,1,pooled,mondrian,aps,0.1
KIDNEY,1.0,1.0,10,1,pooled,mondrian,aps,0.1
LIVER,1.0,1.0,10,1,pooled,mondrian,aps,0.1
LUNG,1.0,1.0,10,1,pooled,mondrian,aps,0.1
OVARY,1.0,1.0,5,1,pooled,mondrian,aps,0.1
SKM-GN,1.0,1.0,10,1,pooled,mondrian,aps,0.1
SKM-VL,1.0,1.4,10,1,pooled,mondrian,aps,0.1
SMLINT,1.0,1.0,10,1,pooled,mondrian,aps,0.1
SPLEEN,1.0,1.0,10,1,pooled,mondrian,aps,0.1
TESTES,1.0,1.0,5,1,pooled,mondrian,aps,0.1
VENACV,1.0,1.2,10,1,pooled,mondrian,aps,0.1
WAT-SC,1.0,1.1,10,1,pooled,mondrian,aps,0.1
ADRNL,1.0,1.0,10,1,pooled,floored,aps,0.1
BAT,1.0,1.0,10,1,pooled,floored,aps,0.1
BLOOD,1.0,1.0,10,1,pooled,floored,aps,0.1
COLON,1.0,1.0,10,1,pooled,floored,aps,0.1
CORTEX,1.0,1.0,10,1,pooled,floored,aps,0.1
HEART,1.0,1.0,10,1,pooled,floored,aps,0.1
HIPPOC,1.0,1.0,10,1,pooled,floored,aps,0.1
HYPOTH,1.0,1.0,10,1,pooled,floored,aps,0.1
KIDNEY,1.0,1.0,10,1,pooled,floored,aps,0.1
LIVER,1.0,1.0,10,1,pooled,floored,aps,0.1
LUNG,1.0,1.0,10,1,pooled,floored,aps,0.1
OVARY,1.0,1.0,5,1,pooled,floored,aps,0.1
SKM-GN,1.0,1.0,10,1,pooled,floored,aps,0.1
SKM-VL,1.0,1.4,10,1,pooled,floored,aps,0.1
SMLINT,1.0,1.0,10,1,pooled,floored,aps,0.1
SPLEEN,1.0,1.0,10,1,pooled,floored,aps,0.1
TESTES,1.0,1.0,5,1,pooled,floored,aps,0.1
VENACV,1.0,1.2,10,1,pooled,floored,aps,0.1
WAT-SC,1.0,1.1,10,1,pooled,floored,aps,0.1
ADRNL,1.0,1.0,10,1,pooled,marginal,aps,0.2
BAT,1.0,1.0,10,1,pooled,marginal,aps,0.2
BLOOD,1.0,1.0,10,1,pooled,marginal,aps,0.2
COLON,1.0,1.0,10,1,pooled,marginal,aps,0.2
CORTEX,1.0,1.0,10,1,pooled,marginal,aps,0.2
HEART,1.0,1.0,10,1,pooled,marginal,aps,0.2
HIPPOC,1.0,1.0,10,1,pooled,marginal,aps,0.2
HYPOTH,1.0,1.0,10,1,pooled,marginal,aps,0.2
KIDNEY,1.0,1.0,10,1,pooled,marginal,aps,0.2
LIVER,1.0,1.0,10,1,pooled,marginal,aps,0.2
LUNG,1.0,1.0,10,1,pooled,marginal,aps,0.2
OVARY,1.0,1.0,5,1,pooled,marginal,aps,0.2
SKM-GN,1.0,1.0,10,1,pooled,marginal,aps,0.2
SKM-VL,1.0,1.1,10,1,pooled,marginal,aps,0.2
SMLINT,1.0,1.0,10,1,pooled,marginal,aps,0.2
SPLEEN,1.0,1.0,10,1,pooled,marginal,aps,0.2
TESTES,1.0,1.0,5,1,pooled,marginal,aps,0.2
VENACV,1.0,1.1,10,1,pooled,marginal,aps,0.2
WAT-SC,1.0,1.1,10,1,pooled,marginal,aps,0.2
ADRNL,1.0,1.0,10,1,pooled,mondrian,aps,0.2
BAT,1.0,1.0,10,1,pooled,mondrian,aps,0.2
BLOOD,1.0,1.0,10,1,pooled,mondrian,aps,0.2
COLON,1.0,1.0,10,1,pooled,mondrian,aps,0.2
CORTEX,1.0,1.0,10,1,pooled,mondrian,aps,0.2
HEART,1.0,1.0,10,1,pooled,mondrian,aps,0.2
HIPPOC,1.0,1.0,10,1,pooled,mondrian,aps,0.2
HYPOTH,1.0,1.0,10,1,pooled,mondrian,aps,0.2
KIDNEY,1.0,1.0,10,1,pooled,mondrian,aps,0.2
LIVER,1.0,1.0,10,1,pooled,mondrian,aps,0.2
LUNG,1.0,1.0,10,1,pooled,mondrian,aps,0.2
OVARY,1.0,1.0,5,1,pooled,mondrian,aps,0.2
SKM-GN,1.0,1.0,10,1,pooled,mondrian,aps,0.2
SKM-VL,1.0,1.1,10,1,pooled,mondrian,aps,0.2
SMLINT,1.0,1.0,10,1,pooled,mondrian,aps,0.2
SPLEEN,1.0,1.0,10,1,pooled,mondrian,aps,0.2
TESTES,1.0,1.0,5,1,pooled,mondrian,aps,0.2
VENACV,1.0,1.2,10,1,pooled,mondrian,aps,0.2
WAT-SC,1.0,1.1,10,1,pooled,mondrian,aps,0.2
ADRNL,1.0,1.0,10,1,pooled,floored,aps,0.2
BAT,1.0,1.0,10,1,pooled,floored,aps,0.2
BLOOD,1.0,1.0,10,1,pooled,floored,aps,0.2
COLON,1.0,1.0,10,1,pooled,floored,aps,0.2
CORTEX,1.0,1.0,10,1,pooled,floored,aps,0.2
HEART,1.0,1.0,10,1,pooled,floored,aps,0.2
HIPPOC,1.0,1.0,10,1,pooled,floored,aps,0.2
HYPOTH,1.0,1.0,10,1,pooled,floored,aps,0.2
KIDNEY,1.0,1.0,10,1,pooled,floored,aps,0.2
LIVER,1.0,1.0,10,1,pooled,floored,aps,0.2
LUNG,1.0,1.0,10,1,pooled,floored,aps,0.2
OVARY,1.0,1.0,5,1,pooled,floored,aps,0.2
SKM-GN,1.0,1.0,10,1,pooled,floored,aps,0.2
SKM-VL,1.0,1.1,10,1,pooled,floored,aps,0.2
SMLINT,1.0,1.0,10,1,pooled,floored,aps,0.2
SPLEEN,1.0,1.0,10,1,pooled,floored,aps,0.2
TESTES,1.0,1.0,5,1,pooled,floored,aps,0.2
VENACV,1.0,1.2,10,1,pooled,floored,aps,0.2
WAT-SC,1.0,1.1,10,1,pooled,floored,aps,0.2
ADRNL,1.0,1.0,10,1,one_per_animal,marginal,lac,0.05
BAT,1.0,1.0,10,1,one_per_animal,marginal,lac,0.05
BLOOD,1.0,1.0,10,1,one_per_animal,marginal,lac,0.05
COLON,1.0,1.0,10,1,one_per_animal,marginal,lac,0.05
CORTEX,1.0,1.0,10,1,one_per_animal,marginal,lac,0.05
HEART,1.0,1.0,10,1,one_per_animal,marginal,lac,0.05
HIPPOC,1.0,1.0,10,1,one_per_animal,marginal,lac,0.05
HYPOTH,1.0,1.0,10,1,one_per_animal,marginal,lac,0.05
KIDNEY,1.0,1.0,10,1,one_per_animal,marginal,lac,0.05
LIVER,1.0,1.0,10,1,one_per_animal,marginal,lac,0.05
LUNG,1.0,1.0,10,1,one_per_animal,marginal,lac,0.05
OVARY,1.0,1.0,5,1,one_per_animal,marginal,lac,0.05
SKM-GN,1.0,1.0,10,1,one_per_animal,marginal,lac,0.05
SKM-VL,0.9,0.9,10,1,one_per_animal,marginal,lac,0.05
SMLINT,1.0,1.0,10,1,one_per_animal,marginal,lac,0.05
SPLEEN,1.0,1.0,10,1,one_per_animal,marginal,lac,0.05
TESTES,1.0,1.0,5,1,one_per_animal,marginal,lac,0.05
VENACV,0.9,0.9,10,1,one_per_animal,marginal,lac,0.05
WAT-SC,0.9,0.9,10,1,one_per_animal,marginal,lac,0.05
ADRNL,1.0,1.0,10,1,one_per_animal,marginal,lac,0.1
BAT,1.0,1.0,10,1,one_per_animal,marginal,lac,0.1
BLOOD,1.0,1.0,10,1,one_per_animal,marginal,lac,0.1
COLON,1.0,1.0,10,1,one_per_animal,marginal,lac,0.1
CORTEX,1.0,1.0,10,1,one_per_animal,marginal,lac,0.1
HEART,1.0,1.0,10,1,one_per_animal,marginal,lac,0.1
HIPPOC,1.0,1.0,10,1,one_per_animal,marginal,lac,0.1
HYPOTH,1.0,1.0,10,1,one_per_animal,marginal,lac,0.1
KIDNEY,1.0,1.0,10,1,one_per_animal,marginal,lac,0.1
LIVER,1.0,1.0,10,1,one_per_animal,marginal,lac,0.1
LUNG,1.0,1.0,10,1,one_per_animal,marginal,lac,0.1
OVARY,1.0,1.0,5,1,one_per_animal,marginal,lac,0.1
SKM-GN,1.0,1.0,10,1,one_per_animal,marginal,lac,0.1
SKM-VL,0.9,0.9,10,1,one_per_animal,marginal,lac,0.1
SMLINT,1.0,1.0,10,1,one_per_animal,marginal,lac,0.1
SPLEEN,1.0,1.0,10,1,one_per_animal,marginal,lac,0.1
TESTES,1.0,1.0,5,1,one_per_animal,marginal,lac,0.1
VENACV,0.9,0.9,10,1,one_per_animal,marginal,lac,0.1
WAT-SC,0.9,0.9,10,1,one_per_animal,marginal,lac,0.1
ADRNL,0.9,0.9,10,1,one_per_animal,marginal,lac,0.2
BAT,1.0,1.0,10,1,one_per_animal,marginal,lac,0.2
BLOOD,1.0,1.0,10,1,one_per_animal,marginal,lac,0.2
COLON,1.0,1.0,10,1,one_per_animal,marginal,lac,0.2
CORTEX,1.0,1.0,10,1,one_per_animal,marginal,lac,0.2
HEART,1.0,1.0,10,1,one_per_animal,marginal,lac,0.2
HIPPOC,0.9,0.9,10,1,one_per_animal,marginal,lac,0.2
HYPOTH,0.7,0.7,10,1,one_per_animal,marginal,lac,0.2
KIDNEY,1.0,1.0,10,1,one_per_animal,marginal,lac,0.2
LIVER,1.0,1.0,10,1,one_per_animal,marginal,lac,0.2
LUNG,1.0,1.0,10,1,one_per_animal,marginal,lac,0.2
OVARY,1.0,1.0,5,1,one_per_animal,marginal,lac,0.2
SKM-GN,0.2,0.2,10,1,one_per_animal,marginal,lac,0.2
SKM-VL,0.4,0.4,10,1,one_per_animal,marginal,lac,0.2
SMLINT,1.0,1.0,10,1,one_per_animal,marginal,lac,0.2
SPLEEN,1.0,1.0,10,1,one_per_animal,marginal,lac,0.2
TESTES,1.0,1.0,5,1,one_per_animal,marginal,lac,0.2
VENACV,0.8,0.8,10,1,one_per_animal,marginal,lac,0.2
WAT-SC,0.9,0.9,10,1,one_per_animal,marginal,lac,0.2
ADRNL,1.0,1.0,10,1,one_per_animal,marginal,aps,0.05
BAT,1.0,1.0,10,1,one_per_animal,marginal,aps,0.05
BLOOD,1.0,1.0,10,1,one_per_animal,marginal,aps,0.05
COLON,1.0,1.0,10,1,one_per_animal,marginal,aps,0.05
CORTEX,1.0,1.0,10,1,one_per_animal,marginal,aps,0.05
HEART,1.0,1.0,10,1,one_per_animal,marginal,aps,0.05
HIPPOC,1.0,1.0,10,1,one_per_animal,marginal,aps,0.05
HYPOTH,1.0,1.2,10,1,one_per_animal,marginal,aps,0.05
KIDNEY,1.0,1.0,10,1,one_per_animal,marginal,aps,0.05
LIVER,1.0,1.0,10,1,one_per_animal,marginal,aps,0.05
LUNG,1.0,1.0,10,1,one_per_animal,marginal,aps,0.05
OVARY,1.0,1.0,5,1,one_per_animal,marginal,aps,0.05
SKM-GN,1.0,1.2,10,1,one_per_animal,marginal,aps,0.05
SKM-VL,1.0,1.5,10,1,one_per_animal,marginal,aps,0.05
SMLINT,1.0,1.0,10,1,one_per_animal,marginal,aps,0.05
SPLEEN,1.0,1.0,10,1,one_per_animal,marginal,aps,0.05
TESTES,1.0,1.0,5,1,one_per_animal,marginal,aps,0.05
VENACV,1.0,1.4,10,1,one_per_animal,marginal,aps,0.05
WAT-SC,1.0,1.1,10,1,one_per_animal,marginal,aps,0.05
ADRNL,1.0,1.0,10,1,one_per_animal,marginal,aps,0.1
BAT,1.0,1.0,10,1,one_per_animal,marginal,aps,0.1
BLOOD,1.0,1.0,10,1,one_per_animal,marginal,aps,0.1
COLON,1.0,1.0,10,1,one_per_animal,marginal,aps,0.1
CORTEX,1.0,1.0,10,1,one_per_animal,marginal,aps,0.1
HEART,1.0,1.0,10,1,one_per_animal,marginal,aps,0.1
HIPPOC,1.0,1.0,10,1,one_per_animal,marginal,aps,0.1
HYPOTH,1.0,1.0,10,1,one_per_animal,marginal,aps,0.1
KIDNEY,1.0,1.0,10,1,one_per_animal,marginal,aps,0.1
LIVER,1.0,1.0,10,1,one_per_animal,marginal,aps,0.1
LUNG,1.0,1.0,10,1,one_per_animal,marginal,aps,0.1
OVARY,1.0,1.0,5,1,one_per_animal,marginal,aps,0.1
SKM-GN,1.0,1.0,10,1,one_per_animal,marginal,aps,0.1
SKM-VL,1.0,1.3,10,1,one_per_animal,marginal,aps,0.1
SMLINT,1.0,1.0,10,1,one_per_animal,marginal,aps,0.1
SPLEEN,1.0,1.0,10,1,one_per_animal,marginal,aps,0.1
TESTES,1.0,1.0,5,1,one_per_animal,marginal,aps,0.1
VENACV,1.0,1.2,10,1,one_per_animal,marginal,aps,0.1
WAT-SC,1.0,1.1,10,1,one_per_animal,marginal,aps,0.1
ADRNL,1.0,1.0,10,1,one_per_animal,marginal,aps,0.2
BAT,1.0,1.0,10,1,one_per_animal,marginal,aps,0.2
BLOOD,1.0,1.0,10,1,one_per_animal,marginal,aps,0.2
COLON,1.0,1.0,10,1,one_per_animal,marginal,aps,0.2
CORTEX,1.0,1.0,10,1,one_per_animal,marginal,aps,0.2
HEART,1.0,1.0,10,1,one_per_animal,marginal,aps,0.2
HIPPOC,1.0,1.0,10,1,one_per_animal,marginal,aps,0.2
HYPOTH,1.0,1.0,10,1,one_per_animal,marginal,aps,0.2
KIDNEY,1.0,1.0,10,1,one_per_animal,marginal,aps,0.2
LIVER,1.0,1.0,10,1,one_per_animal,marginal,aps,0.2
LUNG,1.0,1.0,10,1,one_per_animal,marginal,aps,0.2
OVARY,1.0,1.0,5,1,one_per_animal,marginal,aps,0.2
SKM-GN,1.0,1.0,10,1,one_per_animal,marginal,aps,0.2
SKM-VL,1.0,1.1,10,1,one_per_animal,marginal,aps,0.2
SMLINT,1.0,1.0,10,1,one_per_animal,marginal,aps,0.2
SPLEEN,1.0,1.0,10,1,one_per_animal,marginal,aps,0.2
TESTES,1.0,1.0,5,1,one_per_animal,marginal,aps,0.2
VENACV,1.0,1.0,10,1,one_per_animal,marginal,aps,0.2
WAT-SC,1.0,1.1,10,1,one_per_animal,marginal,aps,0.2
ADRNL,0.9,0.9,10,2,pooled,marginal,lac,0.05
BAT,0.9,0.9,10,2,pooled,marginal,lac,0.05
BLOOD,1.0,1.0,10,2,pooled,marginal,lac,0.05
COLON,1.0,1.0,10,2,pooled,marginal,lac,0.05
CORTEX,1.0,1.0,10,2,pooled,marginal,lac,0.05
HEART,1.0,1.0,10,2,pooled,marginal,lac,0.05
HIPPOC,0.6,0.6,10,2,pooled,marginal,lac,0.05
HYPOTH,0.9,0.9,10,2,pooled,marginal,lac,0.05
KIDNEY,1.0,1.0,10,2,pooled,marginal,lac,0.05
LIVER,1.0,1.0,10,2,pooled,marginal,lac,0.05
LUNG,1.0,1.0,10,2,pooled,marginal,lac,0.05
OVARY,1.0,1.0,5,2,pooled,marginal,lac,0.05
SKM-GN,0.8,0.8,10,2,pooled,marginal,lac,0.05
SKM-VL,0.3,0.3,10,2,pooled,marginal,lac,0.05
SMLINT,1.0,1.0,10,2,pooled,marginal,lac,0.05
SPLEEN,1.0,1.0,10,2,pooled,marginal,lac,0.05
TESTES,1.0,1.0,5,2,pooled,marginal,lac,0.05
VENACV,0.9,0.9,10,2,pooled,marginal,lac,0.05
WAT-SC,1.0,1.0,10,2,pooled,marginal,lac,0.05
ADRNL,0.8,2.8,10,2,pooled,mondrian,lac,0.05
BAT,0.7,2.7,10,2,pooled,mondrian,lac,0.05
BLOOD,1.0,3.0,10,2,pooled,mondrian,lac,0.05
COLON,1.0,3.0,10,2,pooled,mondrian,lac,0.05
CORTEX,1.0,3.0,10,2,pooled,mondrian,lac,0.05
HEART,1.0,3.0,10,2,pooled,mondrian,lac,0.05
HIPPOC,1.0,3.0,10,2,pooled,mondrian,lac,0.05
HYPOTH,0.9,2.9,10,2,pooled,mondrian,lac,0.05
KIDNEY,1.0,3.0,10,2,pooled,mondrian,lac,0.05
LIVER,1.0,3.0,10,2,pooled,mondrian,lac,0.05
LUNG,0.9,2.9,10,2,pooled,mondrian,lac,0.05
OVARY,1.0,2.0,5,2,pooled,mondrian,lac,0.05
SKM-GN,0.9,2.9,10,2,pooled,mondrian,lac,0.05
SKM-VL,1.0,3.0,10,2,pooled,mondrian,lac,0.05
SMLINT,1.0,3.0,10,2,pooled,mondrian,lac,0.05
SPLEEN,1.0,3.0,10,2,pooled,mondrian,lac,0.05
TESTES,1.0,2.0,5,2,pooled,mondrian,lac,0.05
VENACV,1.0,3.0,10,2,pooled,mondrian,lac,0.05
WAT-SC,0.9,2.9,10,2,pooled,mondrian,lac,0.05
ADRNL,0.9,2.9,10,2,pooled,floored,lac,0.05
BAT,0.9,2.9,10,2,pooled,floored,lac,0.05
BLOOD,1.0,3.0,10,2,pooled,floored,lac,0.05
COLON,1.0,3.0,10,2,pooled,floored,lac,0.05
CORTEX,1.0,3.0,10,2,pooled,floored,lac,0.05
HEART,1.0,3.0,10,2,pooled,floored,lac,0.05
HIPPOC,1.0,3.0,10,2,pooled,floored,lac,0.05
HYPOTH,0.9,2.9,10,2,pooled,floored,lac,0.05
KIDNEY,1.0,3.0,10,2,pooled,floored,lac,0.05
LIVER,1.0,3.0,10,2,pooled,floored,lac,0.05
LUNG,1.0,3.0,10,2,pooled,floored,lac,0.05
OVARY,1.0,2.0,5,2,pooled,floored,lac,0.05
SKM-GN,0.9,2.9,10,2,pooled,floored,lac,0.05
SKM-VL,1.0,3.0,10,2,pooled,floored,lac,0.05
SMLINT,1.0,3.0,10,2,pooled,floored,lac,0.05
SPLEEN,1.0,3.0,10,2,pooled,floored,lac,0.05
TESTES,1.0,2.0,5,2,pooled,floored,lac,0.05
VENACV,1.0,3.0,10,2,pooled,floored,lac,0.05
WAT-SC,1.0,3.0,10,2,pooled,floored,lac,0.05
ADRNL,0.8,0.8,10,2,pooled,marginal,lac,0.1
BAT,0.9,0.9,10,2,pooled,marginal,lac,0.1
BLOOD,1.0,1.0,10,2,pooled,marginal,lac,0.1
COLON,1.0,1.0,10,2,pooled,marginal,lac,0.1
CORTEX,1.0,1.0,10,2,pooled,marginal,lac,0.1
HEART,1.0,1.0,10,2,pooled,marginal,lac,0.1
HIPPOC,0.6,0.6,10,2,pooled,marginal,lac,0.1
HYPOTH,0.7,0.7,10,2,pooled,marginal,lac,0.1
KIDNEY,1.0,1.0,10,2,pooled,marginal,lac,0.1
LIVER,1.0,1.0,10,2,pooled,marginal,lac,0.1
LUNG,1.0,1.0,10,2,pooled,marginal,lac,0.1
OVARY,1.0,1.0,5,2,pooled,marginal,lac,0.1
SKM-GN,0.6,0.6,10,2,pooled,marginal,lac,0.1
SKM-VL,0.3,0.3,10,2,pooled,marginal,lac,0.1
SMLINT,1.0,1.0,10,2,pooled,marginal,lac,0.1
SPLEEN,1.0,1.0,10,2,pooled,marginal,lac,0.1
TESTES,1.0,1.0,5,2,pooled,marginal,lac,0.1
VENACV,0.9,0.9,10,2,pooled,marginal,lac,0.1
WAT-SC,1.0,1.0,10,2,pooled,marginal,lac,0.1
ADRNL,0.8,0.8,10,2,pooled,mondrian,lac,0.1
BAT,0.7,0.7,10,2,pooled,mondrian,lac,0.1
BLOOD,1.0,1.0,10,2,pooled,mondrian,lac,0.1
COLON,1.0,1.0,10,2,pooled,mondrian,lac,0.1
CORTEX,0.9,0.9,10,2,pooled,mondrian,lac,0.1
HEART,1.0,1.0,10,2,pooled,mondrian,lac,0.1
HIPPOC,0.9,0.9,10,2,pooled,mondrian,lac,0.1
HYPOTH,0.8,0.8,10,2,pooled,mondrian,lac,0.1
KIDNEY,1.0,1.0,10,2,pooled,mondrian,lac,0.1
LIVER,1.0,1.0,10,2,pooled,mondrian,lac,0.1
LUNG,0.9,0.9,10,2,pooled,mondrian,lac,0.1
OVARY,1.0,1.0,5,2,pooled,mondrian,lac,0.1
SKM-GN,0.8,0.8,10,2,pooled,mondrian,lac,0.1
SKM-VL,1.0,1.0,10,2,pooled,mondrian,lac,0.1
SMLINT,1.0,1.0,10,2,pooled,mondrian,lac,0.1
SPLEEN,1.0,1.0,10,2,pooled,mondrian,lac,0.1
TESTES,1.0,1.0,5,2,pooled,mondrian,lac,0.1
VENACV,1.0,1.0,10,2,pooled,mondrian,lac,0.1
WAT-SC,0.9,0.9,10,2,pooled,mondrian,lac,0.1
ADRNL,0.8,0.8,10,2,pooled,floored,lac,0.1
BAT,0.9,0.9,10,2,pooled,floored,lac,0.1
BLOOD,1.0,1.0,10,2,pooled,floored,lac,0.1
COLON,1.0,1.0,10,2,pooled,floored,lac,0.1
CORTEX,1.0,1.0,10,2,pooled,floored,lac,0.1
HEART,1.0,1.0,10,2,pooled,floored,lac,0.1
HIPPOC,0.9,0.9,10,2,pooled,floored,lac,0.1
HYPOTH,0.8,0.8,10,2,pooled,floored,lac,0.1
KIDNEY,1.0,1.0,10,2,pooled,floored,lac,0.1
LIVER,1.0,1.0,10,2,pooled,floored,lac,0.1
LUNG,1.0,1.0,10,2,pooled,floored,lac,0.1
OVARY,1.0,1.0,5,2,pooled,floored,lac,0.1
SKM-GN,0.8,0.8,10,2,pooled,floored,lac,0.1
SKM-VL,1.0,1.0,10,2,pooled,floored,lac,0.1
SMLINT,1.0,1.0,10,2,pooled,floored,lac,0.1
SPLEEN,1.0,1.0,10,2,pooled,floored,lac,0.1
TESTES,1.0,1.0,5,2,pooled,floored,lac,0.1
VENACV,1.0,1.0,10,2,pooled,floored,lac,0.1
WAT-SC,1.0,1.0,10,2,pooled,floored,lac,0.1
ADRNL,0.8,0.8,10,2,pooled,marginal,lac,0.2
BAT,0.7,0.7,10,2,pooled,marginal,lac,0.2
BLOOD,1.0,1.0,10,2,pooled,marginal,lac,0.2
COLON,1.0,1.0,10,2,pooled,marginal,lac,0.2
CORTEX,0.8,0.8,10,2,pooled,marginal,lac,0.2
HEART,1.0,1.0,10,2,pooled,marginal,lac,0.2
HIPPOC,0.3,0.3,10,2,pooled,marginal,lac,0.2
HYPOTH,0.3,0.3,10,2,pooled,marginal,lac,0.2
KIDNEY,1.0,1.0,10,2,pooled,marginal,lac,0.2
LIVER,1.0,1.0,10,2,pooled,marginal,lac,0.2
LUNG,1.0,1.0,10,2,pooled,marginal,lac,0.2
OVARY,1.0,1.0,5,2,pooled,marginal,lac,0.2
SKM-GN,0.3,0.3,10,2,pooled,marginal,lac,0.2
SKM-VL,0.1,0.1,10,2,pooled,marginal,lac,0.2
SMLINT,1.0,1.0,10,2,pooled,marginal,lac,0.2
SPLEEN,1.0,1.0,10,2,pooled,marginal,lac,0.2
TESTES,1.0,1.0,5,2,pooled,marginal,lac,0.2
VENACV,0.7,0.7,10,2,pooled,marginal,lac,0.2
WAT-SC,0.9,0.9,10,2,pooled,marginal,lac,0.2
ADRNL,0.8,0.8,10,2,pooled,mondrian,lac,0.2
BAT,0.6,0.6,10,2,pooled,mondrian,lac,0.2
BLOOD,1.0,1.0,10,2,pooled,mondrian,lac,0.2
COLON,0.8,0.8,10,2,pooled,mondrian,lac,0.2
CORTEX,0.8,0.8,10,2,pooled,mondrian,lac,0.2
HEART,0.9,0.9,10,2,pooled,mondrian,lac,0.2
HIPPOC,0.7,0.7,10,2,pooled,mondrian,lac,0.2
HYPOTH,0.7,0.7,10,2,pooled,mondrian,lac,0.2
KIDNEY,1.0,1.0,10,2,pooled,mondrian,lac,0.2
LIVER,0.9,0.9,10,2,pooled,mondrian,lac,0.2
LUNG,0.9,0.9,10,2,pooled,mondrian,lac,0.2
OVARY,0.8,0.8,5,2,pooled,mondrian,lac,0.2
SKM-GN,0.7,0.7,10,2,pooled,mondrian,lac,0.2
SKM-VL,0.9,0.9,10,2,pooled,mondrian,lac,0.2
SMLINT,0.8,0.8,10,2,pooled,mondrian,lac,0.2
SPLEEN,0.8,0.8,10,2,pooled,mondrian,lac,0.2
TESTES,1.0,1.0,5,2,pooled,mondrian,lac,0.2
VENACV,0.9,0.9,10,2,pooled,mondrian,lac,0.2
WAT-SC,0.9,0.9,10,2,pooled,mondrian,lac,0.2
ADRNL,0.8,0.8,10,2,pooled,floored,lac,0.2
BAT,0.7,0.7,10,2,pooled,floored,lac,0.2
BLOOD,1.0,1.0,10,2,pooled,floored,lac,0.2
COLON,1.0,1.0,10,2,pooled,floored,lac,0.2
CORTEX,0.8,0.8,10,2,pooled,floored,lac,0.2
HEART,1.0,1.0,10,2,pooled,floored,lac,0.2
HIPPOC,0.7,0.7,10,2,pooled,floored,lac,0.2
HYPOTH,0.7,0.7,10,2,pooled,floored,lac,0.2
KIDNEY,1.0,1.0,10,2,pooled,floored,lac,0.2
LIVER,1.0,1.0,10,2,pooled,floored,lac,0.2
LUNG,1.0,1.0,10,2,pooled,floored,lac,0.2
OVARY,1.0,1.0,5,2,pooled,floored,lac,0.2
SKM-GN,0.7,0.7,10,2,pooled,floored,lac,0.2
SKM-VL,0.9,0.9,10,2,pooled,floored,lac,0.2
SMLINT,1.0,1.0,10,2,pooled,floored,lac,0.2
SPLEEN,1.0,1.0,10,2,pooled,floored,lac,0.2
TESTES,1.0,1.0,5,2,pooled,floored,lac,0.2
VENACV,0.9,0.9,10,2,pooled,floored,lac,0.2
WAT-SC,0.9,0.9,10,2,pooled,floored,lac,0.2
ADRNL,0.9,1.1,10,2,pooled,marginal,aps,0.05
BAT,1.0,1.2,10,2,pooled,marginal,aps,0.05
BLOOD,1.0,1.0,10,2,pooled,marginal,aps,0.05
COLON,1.0,1.0,10,2,pooled,marginal,aps,0.05
CORTEX,1.0,1.0,10,2,pooled,marginal,aps,0.05
HEART,1.0,1.0,10,2,pooled,marginal,aps,0.05
HIPPOC,1.0,1.6,10,2,pooled,marginal,aps,0.05
HYPOTH,1.0,1.2,10,2,pooled,marginal,aps,0.05
KIDNEY,1.0,1.0,10,2,pooled,marginal,aps,0.05
LIVER,1.0,1.0,10,2,pooled,marginal,aps,0.05
LUNG,1.0,1.0,10,2,pooled,marginal,aps,0.05
OVARY,1.0,1.0,5,2,pooled,marginal,aps,0.05
SKM-GN,1.0,1.2,10,2,pooled,marginal,aps,0.05
SKM-VL,1.0,1.7,10,2,pooled,marginal,aps,0.05
SMLINT,1.0,1.0,10,2,pooled,marginal,aps,0.05
SPLEEN,1.0,1.0,10,2,pooled,marginal,aps,0.05
TESTES,1.0,1.0,5,2,pooled,marginal,aps,0.05
VENACV,1.0,1.1,10,2,pooled,marginal,aps,0.05
WAT-SC,1.0,1.0,10,2,pooled,marginal,aps,0.05
ADRNL,0.9,3.2,10,2,pooled,mondrian,aps,0.05
BAT,1.0,3.3,10,2,pooled,mondrian,aps,0.05
BLOOD,1.0,3.0,10,2,pooled,mondrian,aps,0.05
COLON,1.0,3.0,10,2,pooled,mondrian,aps,0.05
CORTEX,1.0,3.0,10,2,pooled,mondrian,aps,0.05
HEART,1.0,3.0,10,2,pooled,mondrian,aps,0.05
HIPPOC,1.0,4.0,10,2,pooled,mondrian,aps,0.05
HYPOTH,1.0,3.3,10,2,pooled,mondrian,aps,0.05
KIDNEY,1.0,3.0,10,2,pooled,mondrian,aps,0.05
LIVER,1.0,3.0,10,2,pooled,mondrian,aps,0.05
LUNG,1.0,3.0,10,2,pooled,mondrian,aps,0.05
OVARY,1.0,2.0,5,2,pooled,mondrian,aps,0.05
SKM-GN,1.0,3.1,10,2,pooled,mondrian,aps,0.05
SKM-VL,1.0,3.7,10,2,pooled,mondrian,aps,0.05
SMLINT,1.0,3.0,10,2,pooled,mondrian,aps,0.05
SPLEEN,1.0,3.0,10,2,pooled,mondrian,aps,0.05
TESTES,1.0,2.0,5,2,pooled,mondrian,aps,0.05
VENACV,1.0,3.1,10,2,pooled,mondrian,aps,0.05
WAT-SC,1.0,3.0,10,2,pooled,mondrian,aps,0.05
ADRNL,0.9,3.2,10,2,pooled,floored,aps,0.05
BAT,1.0,3.3,10,2,pooled,floored,aps,0.05
BLOOD,1.0,3.0,10,2,pooled,floored,aps,0.05
COLON,1.0,3.0,10,2,pooled,floored,aps,0.05
CORTEX,1.0,3.0,10,2,pooled,floored,aps,0.05
HEART,1.0,3.0,10,2,pooled,floored,aps,0.05
HIPPOC,1.0,4.0,10,2,pooled,floored,aps,0.05
HYPOTH,1.0,3.3,10,2,pooled,floored,aps,0.05
KIDNEY,1.0,3.0,10,2,pooled,floored,aps,0.05
LIVER,1.0,3.0,10,2,pooled,floored,aps,0.05
LUNG,1.0,3.0,10,2,pooled,floored,aps,0.05
OVARY,1.0,2.0,5,2,pooled,floored,aps,0.05
SKM-GN,1.0,3.2,10,2,pooled,floored,aps,0.05
SKM-VL,1.0,3.7,10,2,pooled,floored,aps,0.05
SMLINT,1.0,3.0,10,2,pooled,floored,aps,0.05
SPLEEN,1.0,3.0,10,2,pooled,floored,aps,0.05
TESTES,1.0,2.0,5,2,pooled,floored,aps,0.05
VENACV,1.0,3.1,10,2,pooled,floored,aps,0.05
WAT-SC,1.0,3.0,10,2,pooled,floored,aps,0.05
ADRNL,0.9,1.0,10,2,pooled,marginal,aps,0.1
BAT,1.0,1.2,10,2,pooled,marginal,aps,0.1
BLOOD,1.0,1.0,10,2,pooled,marginal,aps,0.1
COLON,1.0,1.0,10,2,pooled,marginal,aps,0.1
CORTEX,1.0,1.0,10,2,pooled,marginal,aps,0.1
HEART,1.0,1.0,10,2,pooled,marginal,aps,0.1
HIPPOC,1.0,1.2,10,2,pooled,marginal,aps,0.1
HYPOTH,1.0,1.0,10,2,pooled,marginal,aps,0.1
KIDNEY,1.0,1.0,10,2,pooled,marginal,aps,0.1
LIVER,1.0,1.0,10,2,pooled,marginal,aps,0.1
LUNG,1.0,1.0,10,2,pooled,marginal,aps,0.1
OVARY,1.0,1.0,5,2,pooled,marginal,aps,0.1
SKM-GN,1.0,1.1,10,2,pooled,marginal,aps,0.1
SKM-VL,1.0,1.4,10,2,pooled,marginal,aps,0.1
SMLINT,1.0,1.0,10,2,pooled,marginal,aps,0.1
SPLEEN,1.0,1.0,10,2,pooled,marginal,aps,0.1
TESTES,1.0,1.0,5,2,pooled,marginal,aps,0.1
VENACV,1.0,1.0,10,2,pooled,marginal,aps,0.1
WAT-SC,1.0,1.0,10,2,pooled,marginal,aps,0.1
ADRNL,0.9,1.1,10,2,pooled,mondrian,aps,0.1
BAT,1.0,1.2,10,2,pooled,mondrian,aps,0.1
BLOOD,1.0,1.0,10,2,pooled,mondrian,aps,0.1
COLON,1.0,1.0,10,2,pooled,mondrian,aps,0.1
CORTEX,1.0,1.0,10,2,pooled,mondrian,aps,0.1
HEART,1.0,1.0,10,2,pooled,mondrian,aps,0.1
HIPPOC,1.0,1.5,10,2,pooled,mondrian,aps,0.1
HYPOTH,1.0,1.0,10,2,pooled,mondrian,aps,0.1
KIDNEY,1.0,1.0,10,2,pooled,mondrian,aps,0.1
LIVER,1.0,1.0,10,2,pooled,mondrian,aps,0.1
LUNG,1.0,1.0,10,2,pooled,mondrian,aps,0.1
OVARY,1.0,1.0,5,2,pooled,mondrian,aps,0.1
SKM-GN,1.0,1.0,10,2,pooled,mondrian,aps,0.1
SKM-VL,1.0,1.5,10,2,pooled,mondrian,aps,0.1
SMLINT,1.0,1.0,10,2,pooled,mondrian,aps,0.1
SPLEEN,1.0,1.0,10,2,pooled,mondrian,aps,0.1
TESTES,1.0,1.0,5,2,pooled,mondrian,aps,0.1
VENACV,1.0,1.1,10,2,pooled,mondrian,aps,0.1
WAT-SC,1.0,1.0,10,2,pooled,mondrian,aps,0.1
ADRNL,0.9,1.1,10,2,pooled,floored,aps,0.1
BAT,1.0,1.2,10,2,pooled,floored,aps,0.1
BLOOD,1.0,1.0,10,2,pooled,floored,aps,0.1
COLON,1.0,1.0,10,2,pooled,floored,aps,0.1
CORTEX,1.0,1.0,10,2,pooled,floored,aps,0.1
HEART,1.0,1.0,10,2,pooled,floored,aps,0.1
HIPPOC,1.0,1.5,10,2,pooled,floored,aps,0.1
HYPOTH,1.0,1.0,10,2,pooled,floored,aps,0.1
KIDNEY,1.0,1.0,10,2,pooled,floored,aps,0.1
LIVER,1.0,1.0,10,2,pooled,floored,aps,0.1
LUNG,1.0,1.0,10,2,pooled,floored,aps,0.1
OVARY,1.0,1.0,5,2,pooled,floored,aps,0.1
SKM-GN,1.0,1.1,10,2,pooled,floored,aps,0.1
SKM-VL,1.0,1.5,10,2,pooled,floored,aps,0.1
SMLINT,1.0,1.0,10,2,pooled,floored,aps,0.1
SPLEEN,1.0,1.0,10,2,pooled,floored,aps,0.1
TESTES,1.0,1.0,5,2,pooled,floored,aps,0.1
VENACV,1.0,1.1,10,2,pooled,floored,aps,0.1
WAT-SC,1.0,1.0,10,2,pooled,floored,aps,0.1
ADRNL,0.9,1.0,10,2,pooled,marginal,aps,0.2
BAT,1.0,1.1,10,2,pooled,marginal,aps,0.2
BLOOD,1.0,1.0,10,2,pooled,marginal,aps,0.2
COLON,1.0,1.0,10,2,pooled,marginal,aps,0.2
CORTEX,1.0,1.0,10,2,pooled,marginal,aps,0.2
HEART,1.0,1.0,10,2,pooled,marginal,aps,0.2
HIPPOC,1.0,1.0,10,2,pooled,marginal,aps,0.2
HYPOTH,1.0,1.0,10,2,pooled,marginal,aps,0.2
KIDNEY,1.0,1.0,10,2,pooled,marginal,aps,0.2
LIVER,1.0,1.0,10,2,pooled,marginal,aps,0.2
LUNG,1.0,1.0,10,2,pooled,marginal,aps,0.2
OVARY,1.0,1.0,5,2,pooled,marginal,aps,0.2
SKM-GN,1.0,1.0,10,2,pooled,marginal,aps,0.2
SKM-VL,1.0,1.0,10,2,pooled,marginal,aps,0.2
SMLINT,1.0,1.0,10,2,pooled,marginal,aps,0.2
SPLEEN,1.0,1.0,10,2,pooled,marginal,aps,0.2
TESTES,1.0,1.0,5,2,pooled,marginal,aps,0.2
VENACV,1.0,1.0,10,2,pooled,marginal,aps,0.2
WAT-SC,1.0,1.0,10,2,pooled,marginal,aps,0.2
ADRNL,0.9,1.0,10,2,pooled,mondrian,aps,0.2
BAT,1.0,1.2,10,2,pooled,mondrian,aps,0.2
BLOOD,1.0,1.0,10,2,pooled,mondrian,aps,0.2
COLON,1.0,1.0,10,2,pooled,mondrian,aps,0.2
CORTEX,1.0,1.0,10,2,pooled,mondrian,aps,0.2
HEART,1.0,1.0,10,2,pooled,mondrian,aps,0.2
HIPPOC,1.0,1.2,10,2,pooled,mondrian,aps,0.2
HYPOTH,1.0,1.0,10,2,pooled,mondrian,aps,0.2
KIDNEY,1.0,1.0,10,2,pooled,mondrian,aps,0.2
LIVER,1.0,1.0,10,2,pooled,mondrian,aps,0.2
LUNG,1.0,1.0,10,2,pooled,mondrian,aps,0.2
OVARY,1.0,1.0,5,2,pooled,mondrian,aps,0.2
SKM-GN,1.0,1.0,10,2,pooled,mondrian,aps,0.2
SKM-VL,1.0,1.0,10,2,pooled,mondrian,aps,0.2
SMLINT,1.0,1.0,10,2,pooled,mondrian,aps,0.2
SPLEEN,1.0,1.0,10,2,pooled,mondrian,aps,0.2
TESTES,1.0,1.0,5,2,pooled,mondrian,aps,0.2
VENACV,1.0,1.0,10,2,pooled,mondrian,aps,0.2
WAT-SC,1.0,1.0,10,2,pooled,mondrian,aps,0.2
ADRNL,0.9,1.0,10,2,pooled,floored,aps,0.2
BAT,1.0,1.2,10,2,pooled,floored,aps,0.2
BLOOD,1.0,1.0,10,2,pooled,floored,aps,0.2
COLON,1.0,1.0,10,2,pooled,floored,aps,0.2
CORTEX,1.0,1.0,10,2,pooled,floored,aps,0.2
HEART,1.0,1.0,10,2,pooled,floored,aps,0.2
HIPPOC,1.0,1.2,10,2,pooled,floored,aps,0.2
HYPOTH,1.0,1.0,10,2,pooled,floored,aps,0.2
KIDNEY,1.0,1.0,10,2,pooled,floored,aps,0.2
LIVER,1.0,1.0,10,2,pooled,floored,aps,0.2
LUNG,1.0,1.0,10,2,pooled,floored,aps,0.2
OVARY,1.0,1.0,5,2,pooled,floored,aps,0.2
SKM-GN,1.0,1.0,10,2,pooled,floored,aps,0.2
SKM-VL,1.0,1.0,10,2,pooled,floored,aps,0.2
SMLINT,1.0,1.0,10,2,pooled,floored,aps,0.2
SPLEEN,1.0,1.0,10,2,pooled,floored,aps,0.2
TESTES,1.0,1.0,5,2,pooled,floored,aps,0.2
VENACV,1.0,1.0,10,2,pooled,floored,aps,0.2
WAT-SC,1.0,1.0,10,2,pooled,floored,aps,0.2
ADRNL,0.8,0.8,10,2,one_per_animal,marginal,lac,0.05
BAT,0.9,0.9,10,2,one_per_animal,marginal,lac,0.05
BLOOD,1.0,1.0,10,2,one_per_animal,marginal,lac,0.05
COLON,1.0,1.0,10,2,one_per_animal,marginal,lac,0.05
CORTEX,1.0,1.0,10,2,one_per_animal,marginal,lac,0.05
HEART,1.0,1.0,10,2,one_per_animal,marginal,lac,0.05
HIPPOC,0.6,0.6,10,2,one_per_animal,marginal,lac,0.05
HYPOTH,0.7,0.7,10,2,one_per_animal,marginal,lac,0.05
KIDNEY,1.0,1.0,10,2,one_per_animal,marginal,lac,0.05
LIVER,1.0,1.0,10,2,one_per_animal,marginal,lac,0.05
LUNG,1.0,1.0,10,2,one_per_animal,marginal,lac,0.05
OVARY,1.0,1.0,5,2,one_per_animal,marginal,lac,0.05
SKM-GN,0.6,0.6,10,2,one_per_animal,marginal,lac,0.05
SKM-VL,0.3,0.3,10,2,one_per_animal,marginal,lac,0.05
SMLINT,1.0,1.0,10,2,one_per_animal,marginal,lac,0.05
SPLEEN,1.0,1.0,10,2,one_per_animal,marginal,lac,0.05
TESTES,1.0,1.0,5,2,one_per_animal,marginal,lac,0.05
VENACV,0.9,0.9,10,2,one_per_animal,marginal,lac,0.05
WAT-SC,1.0,1.0,10,2,one_per_animal,marginal,lac,0.05
ADRNL,0.8,0.8,10,2,one_per_animal,marginal,lac,0.1
BAT,0.9,0.9,10,2,one_per_animal,marginal,lac,0.1
BLOOD,1.0,1.0,10,2,one_per_animal,marginal,lac,0.1
COLON,1.0,1.0,10,2,one_per_animal,marginal,lac,0.1
CORTEX,1.0,1.0,10,2,one_per_animal,marginal,lac,0.1
HEART,1.0,1.0,10,2,one_per_animal,marginal,lac,0.1
HIPPOC,0.6,0.6,10,2,one_per_animal,marginal,lac,0.1
HYPOTH,0.7,0.7,10,2,one_per_animal,marginal,lac,0.1
KIDNEY,1.0,1.0,10,2,one_per_animal,marginal,lac,0.1
LIVER,1.0,1.0,10,2,one_per_animal,marginal,lac,0.1
LUNG,1.0,1.0,10,2,one_per_animal,marginal,lac,0.1
OVARY,1.0,1.0,5,2,one_per_animal,marginal,lac,0.1
SKM-GN,0.6,0.6,10,2,one_per_animal,marginal,lac,0.1
SKM-VL,0.3,0.3,10,2,one_per_animal,marginal,lac,0.1
SMLINT,1.0,1.0,10,2,one_per_animal,marginal,lac,0.1
SPLEEN,1.0,1.0,10,2,one_per_animal,marginal,lac,0.1
TESTES,1.0,1.0,5,2,one_per_animal,marginal,lac,0.1
VENACV,0.9,0.9,10,2,one_per_animal,marginal,lac,0.1
WAT-SC,1.0,1.0,10,2,one_per_animal,marginal,lac,0.1
ADRNL,0.8,0.8,10,2,one_per_animal,marginal,lac,0.2
BAT,0.7,0.7,10,2,one_per_animal,marginal,lac,0.2
BLOOD,1.0,1.0,10,2,one_per_animal,marginal,lac,0.2
COLON,1.0,1.0,10,2,one_per_animal,marginal,lac,0.2
CORTEX,0.9,0.9,10,2,one_per_animal,marginal,lac,0.2
HEART,1.0,1.0,10,2,one_per_animal,marginal,lac,0.2
HIPPOC,0.5,0.5,10,2,one_per_animal,marginal,lac,0.2
HYPOTH,0.5,0.5,10,2,one_per_animal,marginal,lac,0.2
KIDNEY,1.0,1.0,10,2,one_per_animal,marginal,lac,0.2
LIVER,1.0,1.0,10,2,one_per_animal,marginal,lac,0.2
LUNG,1.0,1.0,10,2,one_per_animal,marginal,lac,0.2
OVARY,1.0,1.0,5,2,one_per_animal,marginal,lac,0.2
SKM-GN,0.5,0.5,10,2,one_per_animal,marginal,lac,0.2
SKM-VL,0.2,0.2,10,2,one_per_animal,marginal,lac,0.2
SMLINT,1.0,1.0,10,2,one_per_animal,marginal,lac,0.2
SPLEEN,1.0,1.0,10,2,one_per_animal,marginal,lac,0.2
TESTES,1.0,1.0,5,2,one_per_animal,marginal,lac,0.2
VENACV,0.9,0.9,10,2,one_per_animal,marginal,lac,0.2
WAT-SC,1.0,1.0,10,2,one_per_animal,marginal,lac,0.2
ADRNL,0.9,1.1,10,2,one_per_animal,marginal,aps,0.05
BAT,1.0,1.2,10,2,one_per_animal,marginal,aps,0.05
BLOOD,1.0,1.0,10,2,one_per_animal,marginal,aps,0.05
COLON,1.0,1.0,10,2,one_per_animal,marginal,aps,0.05
CORTEX,1.0,1.0,10,2,one_per_animal,marginal,aps,0.05
HEART,1.0,1.0,10,2,one_per_animal,marginal,aps,0.05
HIPPOC,1.0,1.5,10,2,one_per_animal,marginal,aps,0.05
HYPOTH,1.0,1.0,10,2,one_per_animal,marginal,aps,0.05
KIDNEY,1.0,1.0,10,2,one_per_animal,marginal,aps,0.05
LIVER,1.0,1.0,10,2,one_per_animal,marginal,aps,0.05
LUNG,1.0,1.0,10,2,one_per_animal,marginal,aps,0.05
OVARY,1.0,1.0,5,2,one_per_animal,marginal,aps,0.05
SKM-GN,1.0,1.1,10,2,one_per_animal,marginal,aps,0.05
SKM-VL,1.0,1.5,10,2,one_per_animal,marginal,aps,0.05
SMLINT,1.0,1.0,10,2,one_per_animal,marginal,aps,0.05
SPLEEN,1.0,1.0,10,2,one_per_animal,marginal,aps,0.05
TESTES,1.0,1.0,5,2,one_per_animal,marginal,aps,0.05
VENACV,1.0,1.1,10,2,one_per_animal,marginal,aps,0.05
WAT-SC,1.0,1.0,10,2,one_per_animal,marginal,aps,0.05
ADRNL,0.9,1.1,10,2,one_per_animal,marginal,aps,0.1
BAT,1.0,1.2,10,2,one_per_animal,marginal,aps,0.1
BLOOD,1.0,1.0,10,2,one_per_animal,marginal,aps,0.1
COLON,1.0,1.0,10,2,one_per_animal,marginal,aps,0.1
CORTEX,1.0,1.0,10,2,one_per_animal,marginal,aps,0.1
HEART,1.0,1.0,10,2,one_per_animal,marginal,aps,0.1
HIPPOC,1.0,1.4,10,2,one_per_animal,marginal,aps,0.1
HYPOTH,1.0,1.0,10,2,one_per_animal,marginal,aps,0.1
KIDNEY,1.0,1.0,10,2,one_per_animal,marginal,aps,0.1
LIVER,1.0,1.0,10,2,one_per_animal,marginal,aps,0.1
LUNG,1.0,1.0,10,2,one_per_animal,marginal,aps,0.1
OVARY,1.0,1.0,5,2,one_per_animal,marginal,aps,0.1
SKM-GN,1.0,1.1,10,2,one_per_animal,marginal,aps,0.1
SKM-VL,1.0,1.5,10,2,one_per_animal,marginal,aps,0.1
SMLINT,1.0,1.0,10,2,one_per_animal,marginal,aps,0.1
SPLEEN,1.0,1.0,10,2,one_per_animal,marginal,aps,0.1
TESTES,1.0,1.0,5,2,one_per_animal,marginal,aps,0.1
VENACV,1.0,1.1,10,2,one_per_animal,marginal,aps,0.1
WAT-SC,1.0,1.0,10,2,one_per_animal,marginal,aps,0.1
ADRNL,0.9,1.0,10,2,one_per_animal,marginal,aps,0.2
BAT,1.0,1.0,10,2,one_per_animal,marginal,aps,0.2
BLOOD,1.0,1.0,10,2,one_per_animal,marginal,aps,0.2
COLON,1.0,1.0,10,2,one_per_animal,marginal,aps,0.2
CORTEX,1.0,1.0,10,2,one_per_animal,marginal,aps,0.2
HEART,1.0,1.0,10,2,one_per_animal,marginal,aps,0.2
HIPPOC,1.0,1.0,10,2,one_per_animal,marginal,aps,0.2
HYPOTH,1.0,1.0,10,2,one_per_animal,marginal,aps,0.2
KIDNEY,1.0,1.0,10,2,one_per_animal,marginal,aps,0.2
LIVER,1.0,1.0,10,2,one_per_animal,marginal,aps,0.2
LUNG,1.0,1.0,10,2,one_per_animal,marginal,aps,0.2
OVARY,1.0,1.0,5,2,one_per_animal,marginal,aps,0.2
SKM-GN,1.0,1.0,10,2,one_per_animal,marginal,aps,0.2
SKM-VL,1.0,1.0,10,2,one_per_animal,marginal,aps,0.2
SMLINT,1.0,1.0,10,2,one_per_animal,marginal,aps,0.2
SPLEEN,1.0,1.0,10,2,one_per_animal,marginal,aps,0.2
TESTES,1.0,1.0,5,2,one_per_animal,marginal,aps,0.2
VENACV,1.0,1.0,10,2,one_per_animal,marginal,aps,0.2
WAT-SC,1.0,1.0,10,2,one_per_animal,marginal,aps,0.2
ADRNL,1.0,1.0,10,3,pooled,marginal,lac,0.05
BAT,1.0,1.0,10,3,pooled,marginal,lac,0.05
BLOOD,1.0,1.0,10,3,pooled,marginal,lac,0.05
COLON,1.0,1.0,10,3,pooled,marginal,lac,0.05
CORTEX,1.0,1.0,10,3,pooled,marginal,lac,0.05
HEART,1.0,1.0,10,3,pooled,marginal,lac,0.05
HIPPOC,1.0,1.0,10,3,pooled,marginal,lac,0.05
HYPOTH,1.0,1.0,10,3,pooled,marginal,lac,0.05
KIDNEY,1.0,1.0,10,3,pooled,marginal,lac,0.05
LIVER,1.0,1.0,10,3,pooled,marginal,lac,0.05
LUNG,1.0,1.0,10,3,pooled,marginal,lac,0.05
OVARY,1.0,1.0,5,3,pooled,marginal,lac,0.05
SKM-GN,0.9,0.9,10,3,pooled,marginal,lac,0.05
SKM-VL,0.9,0.9,10,3,pooled,marginal,lac,0.05
SMLINT,1.0,1.0,10,3,pooled,marginal,lac,0.05
SPLEEN,1.0,1.0,10,3,pooled,marginal,lac,0.05
TESTES,1.0,1.0,5,3,pooled,marginal,lac,0.05
VENACV,0.9,0.9,10,3,pooled,marginal,lac,0.05
WAT-SC,1.0,1.0,10,3,pooled,marginal,lac,0.05
ADRNL,1.0,3.0,10,3,pooled,mondrian,lac,0.05
BAT,1.0,3.0,10,3,pooled,mondrian,lac,0.05
BLOOD,0.8,2.8,10,3,pooled,mondrian,lac,0.05
COLON,1.0,3.0,10,3,pooled,mondrian,lac,0.05
CORTEX,1.0,4.8,10,3,pooled,mondrian,lac,0.05
HEART,1.0,3.0,10,3,pooled,mondrian,lac,0.05
HIPPOC,1.0,3.1,10,3,pooled,mondrian,lac,0.05
HYPOTH,1.0,3.0,10,3,pooled,mondrian,lac,0.05
KIDNEY,0.9,2.9,10,3,pooled,mondrian,lac,0.05
LIVER,1.0,3.0,10,3,pooled,mondrian,lac,0.05
LUNG,1.0,3.0,10,3,pooled,mondrian,lac,0.05
OVARY,1.0,2.2,5,3,pooled,mondrian,lac,0.05
SKM-GN,1.0,3.0,10,3,pooled,mondrian,lac,0.05
SKM-VL,0.9,2.9,10,3,pooled,mondrian,lac,0.05
SMLINT,1.0,3.0,10,3,pooled,mondrian,lac,0.05
SPLEEN,0.9,2.9,10,3,pooled,mondrian,lac,0.05
TESTES,1.0,2.0,5,3,pooled,mondrian,lac,0.05
VENACV,1.0,3.1,10,3,pooled,mondrian,lac,0.05
WAT-SC,1.0,3.0,10,3,pooled,mondrian,lac,0.05
ADRNL,1.0,3.0,10,3,pooled,floored,lac,0.05
BAT,1.0,3.0,10,3,pooled,floored,lac,0.05
BLOOD,1.0,3.0,10,3,pooled,floored,lac,0.05
COLON,1.0,3.0,10,3,pooled,floored,lac,0.05
CORTEX,1.0,4.8,10,3,pooled,floored,lac,0.05
HEART,1.0,3.0,10,3,pooled,floored,lac,0.05
HIPPOC,1.0,3.1,10,3,pooled,floored,lac,0.05
HYPOTH,1.0,3.0,10,3,pooled,floored,lac,0.05
KIDNEY,1.0,3.0,10,3,pooled,floored,lac,0.05
LIVER,1.0,3.0,10,3,pooled,floored,lac,0.05
LUNG,1.0,3.0,10,3,pooled,floored,lac,0.05
OVARY,1.0,2.2,5,3,pooled,floored,lac,0.05
SKM-GN,1.0,3.0,10,3,pooled,floored,lac,0.05
SKM-VL,0.9,2.9,10,3,pooled,floored,lac,0.05
SMLINT,1.0,3.0,10,3,pooled,floored,lac,0.05
SPLEEN,1.0,3.0,10,3,pooled,floored,lac,0.05
TESTES,1.0,2.0,5,3,pooled,floored,lac,0.05
VENACV,1.0,3.1,10,3,pooled,floored,lac,0.05
WAT-SC,1.0,3.0,10,3,pooled,floored,lac,0.05
ADRNL,1.0,1.0,10,3,pooled,marginal,lac,0.1
BAT,1.0,1.0,10,3,pooled,marginal,lac,0.1
BLOOD,1.0,1.0,10,3,pooled,marginal,lac,0.1
COLON,1.0,1.0,10,3,pooled,marginal,lac,0.1
CORTEX,1.0,1.0,10,3,pooled,marginal,lac,0.1
HEART,1.0,1.0,10,3,pooled,marginal,lac,0.1
HIPPOC,1.0,1.0,10,3,pooled,marginal,lac,0.1
HYPOTH,1.0,1.0,10,3,pooled,marginal,lac,0.1
KIDNEY,1.0,1.0,10,3,pooled,marginal,lac,0.1
LIVER,1.0,1.0,10,3,pooled,marginal,lac,0.1
LUNG,1.0,1.0,10,3,pooled,marginal,lac,0.1
OVARY,1.0,1.0,5,3,pooled,marginal,lac,0.1
SKM-GN,0.7,0.7,10,3,pooled,marginal,lac,0.1
SKM-VL,0.8,0.8,10,3,pooled,marginal,lac,0.1
SMLINT,1.0,1.0,10,3,pooled,marginal,lac,0.1
SPLEEN,1.0,1.0,10,3,pooled,marginal,lac,0.1
TESTES,1.0,1.0,5,3,pooled,marginal,lac,0.1
VENACV,0.8,0.8,10,3,pooled,marginal,lac,0.1
WAT-SC,1.0,1.0,10,3,pooled,marginal,lac,0.1
ADRNL,1.0,1.0,10,3,pooled,mondrian,lac,0.1
BAT,1.0,1.0,10,3,pooled,mondrian,lac,0.1
BLOOD,0.5,0.5,10,3,pooled,mondrian,lac,0.1
COLON,0.9,0.9,10,3,pooled,mondrian,lac,0.1
CORTEX,1.0,1.0,10,3,pooled,mondrian,lac,0.1
HEART,0.8,0.8,10,3,pooled,mondrian,lac,0.1
HIPPOC,1.0,1.0,10,3,pooled,mondrian,lac,0.1
HYPOTH,1.0,1.0,10,3,pooled,mondrian,lac,0.1
KIDNEY,0.9,0.9,10,3,pooled,mondrian,lac,0.1
LIVER,1.0,1.0,10,3,pooled,mondrian,lac,0.1
LUNG,1.0,1.0,10,3,pooled,mondrian,lac,0.1
OVARY,1.0,1.0,5,3,pooled,mondrian,lac,0.1
SKM-GN,0.9,0.9,10,3,pooled,mondrian,lac,0.1
SKM-VL,0.9,0.9,10,3,pooled,mondrian,lac,0.1
SMLINT,0.9,0.9,10,3,pooled,mondrian,lac,0.1
SPLEEN,0.9,0.9,10,3,pooled,mondrian,lac,0.1
TESTES,1.0,1.0,5,3,pooled,mondrian,lac,0.1
VENACV,1.0,1.0,10,3,pooled,mondrian,lac,0.1
WAT-SC,0.9,0.9,10,3,pooled,mondrian,lac,0.1
ADRNL,1.0,1.0,10,3,pooled,floored,lac,0.1
BAT,1.0,1.0,10,3,pooled,floored,lac,0.1
BLOOD,1.0,1.0,10,3,pooled,floored,lac,0.1
COLON,1.0,1.0,10,3,pooled,floored,lac,0.1
CORTEX,1.0,1.0,10,3,pooled,floored,lac,0.1
HEART,1.0,1.0,10,3,pooled,floored,lac,0.1
HIPPOC,1.0,1.0,10,3,pooled,floored,lac,0.1
HYPOTH,1.0,1.0,10,3,pooled,floored,lac,0.1
KIDNEY,1.0,1.0,10,3,pooled,floored,lac,0.1
LIVER,1.0,1.0,10,3,pooled,floored,lac,0.1
LUNG,1.0,1.0,10,3,pooled,floored,lac,0.1
OVARY,1.0,1.0,5,3,pooled,floored,lac,0.1
SKM-GN,0.9,0.9,10,3,pooled,floored,lac,0.1
SKM-VL,0.9,0.9,10,3,pooled,floored,lac,0.1
SMLINT,1.0,1.0,10,3,pooled,floored,lac,0.1
SPLEEN,1.0,1.0,10,3,pooled,floored,lac,0.1
TESTES,1.0,1.0,5,3,pooled,floored,lac,0.1
VENACV,1.0,1.0,10,3,pooled,floored,lac,0.1
WAT-SC,1.0,1.0,10,3,pooled,floored,lac,0.1
ADRNL,1.0,1.0,10,3,pooled,marginal,lac,0.2
BAT,0.8,0.8,10,3,pooled,marginal,lac,0.2
BLOOD,1.0,1.0,10,3,pooled,marginal,lac,0.2
COLON,1.0,1.0,10,3,pooled,marginal,lac,0.2
CORTEX,0.6,0.6,10,3,pooled,marginal,lac,0.2
HEART,1.0,1.0,10,3,pooled,marginal,lac,0.2
HIPPOC,0.8,0.8,10,3,pooled,marginal,lac,0.2
HYPOTH,1.0,1.0,10,3,pooled,marginal,lac,0.2
KIDNEY,1.0,1.0,10,3,pooled,marginal,lac,0.2
LIVER,1.0,1.0,10,3,pooled,marginal,lac,0.2
LUNG,1.0,1.0,10,3,pooled,marginal,lac,0.2
OVARY,0.8,0.8,5,3,pooled,marginal,lac,0.2
SKM-GN,0.1,0.1,10,3,pooled,marginal,lac,0.2
SKM-VL,0.1,0.1,10,3,pooled,marginal,lac,0.2
SMLINT,1.0,1.0,10,3,pooled,marginal,lac,0.2
SPLEEN,1.0,1.0,10,3,pooled,marginal,lac,0.2
TESTES,1.0,1.0,5,3,pooled,marginal,lac,0.2
VENACV,0.7,0.7,10,3,pooled,marginal,lac,0.2
WAT-SC,1.0,1.0,10,3,pooled,marginal,lac,0.2
ADRNL,1.0,1.0,10,3,pooled,mondrian,lac,0.2
BAT,0.9,0.9,10,3,pooled,mondrian,lac,0.2
BLOOD,0.5,0.5,10,3,pooled,mondrian,lac,0.2
COLON,0.9,0.9,10,3,pooled,mondrian,lac,0.2
CORTEX,0.9,0.9,10,3,pooled,mondrian,lac,0.2
HEART,0.8,0.8,10,3,pooled,mondrian,lac,0.2
HIPPOC,0.9,0.9,10,3,pooled,mondrian,lac,0.2
HYPOTH,1.0,1.0,10,3,pooled,mondrian,lac,0.2
KIDNEY,0.8,0.8,10,3,pooled,mondrian,lac,0.2
LIVER,0.8,0.8,10,3,pooled,mondrian,lac,0.2
LUNG,0.8,0.8,10,3,pooled,mondrian,lac,0.2
OVARY,0.8,0.8,5,3,pooled,mondrian,lac,0.2
SKM-GN,0.9,0.9,10,3,pooled,mondrian,lac,0.2
SKM-VL,0.9,0.9,10,3,pooled,mondrian,lac,0.2
SMLINT,0.8,0.8,10,3,pooled,mondrian,lac,0.2
SPLEEN,0.9,0.9,10,3,pooled,mondrian,lac,0.2
TESTES,1.0,1.0,5,3,pooled,mondrian,lac,0.2
VENACV,1.0,1.0,10,3,pooled,mondrian,lac,0.2
WAT-SC,0.9,0.9,10,3,pooled,mondrian,lac,0.2
ADRNL,1.0,1.0,10,3,pooled,floored,lac,0.2
BAT,0.9,0.9,10,3,pooled,floored,lac,0.2
BLOOD,1.0,1.0,10,3,pooled,floored,lac,0.2
COLON,1.0,1.0,10,3,pooled,floored,lac,0.2
CORTEX,0.9,0.9,10,3,pooled,floored,lac,0.2
HEART,1.0,1.0,10,3,pooled,floored,lac,0.2
HIPPOC,0.9,0.9,10,3,pooled,floored,lac,0.2
HYPOTH,1.0,1.0,10,3,pooled,floored,lac,0.2
KIDNEY,1.0,1.0,10,3,pooled,floored,lac,0.2
LIVER,1.0,1.0,10,3,pooled,floored,lac,0.2
LUNG,1.0,1.0,10,3,pooled,floored,lac,0.2
OVARY,0.8,0.8,5,3,pooled,floored,lac,0.2
SKM-GN,0.9,0.9,10,3,pooled,floored,lac,0.2
SKM-VL,0.9,0.9,10,3,pooled,floored,lac,0.2
SMLINT,1.0,1.0,10,3,pooled,floored,lac,0.2
SPLEEN,1.0,1.0,10,3,pooled,floored,lac,0.2
TESTES,1.0,1.0,5,3,pooled,floored,lac,0.2
VENACV,1.0,1.0,10,3,pooled,floored,lac,0.2
WAT-SC,1.0,1.0,10,3,pooled,floored,lac,0.2
ADRNL,1.0,1.0,10,3,pooled,marginal,aps,0.05
BAT,1.0,1.3,10,3,pooled,marginal,aps,0.05
BLOOD,1.0,1.0,10,3,pooled,marginal,aps,0.05
COLON,1.0,1.0,10,3,pooled,marginal,aps,0.05
CORTEX,1.0,1.4,10,3,pooled,marginal,aps,0.05
HEART,1.0,1.0,10,3,pooled,marginal,aps,0.05
HIPPOC,1.0,1.2,10,3,pooled,marginal,aps,0.05
HYPOTH,1.0,1.0,10,3,pooled,marginal,aps,0.05
KIDNEY,1.0,1.0,10,3,pooled,marginal,aps,0.05
LIVER,1.0,1.0,10,3,pooled,marginal,aps,0.05
LUNG,1.0,1.0,10,3,pooled,marginal,aps,0.05
OVARY,1.0,1.2,5,3,pooled,marginal,aps,0.05
SKM-GN,1.0,1.9,10,3,pooled,marginal,aps,0.05
SKM-VL,1.0,1.9,10,3,pooled,marginal,aps,0.05
SMLINT,1.0,1.0,10,3,pooled,marginal,aps,0.05
SPLEEN,1.0,1.0,10,3,pooled,marginal,aps,0.05
TESTES,1.0,1.0,5,3,pooled,marginal,aps,0.05
VENACV,1.0,1.4,10,3,pooled,marginal,aps,0.05
WAT-SC,1.0,1.0,10,3,pooled,marginal,aps,0.05
ADRNL,1.0,3.1,10,3,pooled,mondrian,aps,0.05
BAT,1.0,3.2,10,3,pooled,mondrian,aps,0.05
BLOOD,1.0,3.0,10,3,pooled,mondrian,aps,0.05
COLON,1.0,3.0,10,3,pooled,mondrian,aps,0.05
CORTEX,1.0,5.0,10,3,pooled,mondrian,aps,0.05
HEART,1.0,3.0,10,3,pooled,mondrian,aps,0.05
HIPPOC,1.0,4.4,10,3,pooled,mondrian,aps,0.05
HYPOTH,1.0,3.0,10,3,pooled,mondrian,aps,0.05
KIDNEY,1.0,3.0,10,3,pooled,mondrian,aps,0.05
LIVER,1.0,3.0,10,3,pooled,mondrian,aps,0.05
LUNG,1.0,3.0,10,3,pooled,mondrian,aps,0.05
OVARY,1.0,4.4,5,3,pooled,mondrian,aps,0.05
SKM-GN,1.0,3.1,10,3,pooled,mondrian,aps,0.05
SKM-VL,1.0,3.3,10,3,pooled,mondrian,aps,0.05
SMLINT,1.0,3.0,10,3,pooled,mondrian,aps,0.05
SPLEEN,1.0,3.0,10,3,pooled,mondrian,aps,0.05
TESTES,1.0,2.0,5,3,pooled,mondrian,aps,0.05
VENACV,1.0,3.8,10,3,pooled,mondrian,aps,0.05
WAT-SC,1.0,3.2,10,3,pooled,mondrian,aps,0.05
ADRNL,1.0,3.1,10,3,pooled,floored,aps,0.05
BAT,1.0,3.3,10,3,pooled,floored,aps,0.05
BLOOD,1.0,3.0,10,3,pooled,floored,aps,0.05
COLON,1.0,3.0,10,3,pooled,floored,aps,0.05
CORTEX,1.0,5.0,10,3,pooled,floored,aps,0.05
HEART,1.0,3.0,10,3,pooled,floored,aps,0.05
HIPPOC,1.0,4.4,10,3,pooled,floored,aps,0.05
HYPOTH,1.0,3.0,10,3,pooled,floored,aps,0.05
KIDNEY,1.0,3.0,10,3,pooled,floored,aps,0.05
LIVER,1.0,3.0,10,3,pooled,floored,aps,0.05
LUNG,1.0,3.0,10,3,pooled,floored,aps,0.05
OVARY,1.0,4.4,5,3,pooled,floored,aps,0.05
SKM-GN,1.0,3.9,10,3,pooled,floored,aps,0.05
SKM-VL,1.0,4.1,10,3,pooled,floored,aps,0.05
SMLINT,1.0,3.0,10,3,pooled,floored,aps,0.05
SPLEEN,1.0,3.0,10,3,pooled,floored,aps,0.05
TESTES,1.0,2.0,5,3,pooled,floored,aps,0.05
VENACV,1.0,3.9,10,3,pooled,floored,aps,0.05
WAT-SC,1.0,3.2,10,3,pooled,floored,aps,0.05
ADRNL,1.0,1.0,10,3,pooled,marginal,aps,0.1
BAT,1.0,1.1,10,3,pooled,marginal,aps,0.1
BLOOD,1.0,1.0,10,3,pooled,marginal,aps,0.1
COLON,1.0,1.0,10,3,pooled,marginal,aps,0.1
CORTEX,1.0,1.1,10,3,pooled,marginal,aps,0.1
HEART,1.0,1.0,10,3,pooled,marginal,aps,0.1
HIPPOC,1.0,1.0,10,3,pooled,marginal,aps,0.1
HYPOTH,1.0,1.0,10,3,pooled,marginal,aps,0.1
KIDNEY,1.0,1.0,10,3,pooled,marginal,aps,0.1
LIVER,1.0,1.0,10,3,pooled,marginal,aps,0.1
LUNG,1.0,1.0,10,3,pooled,marginal,aps,0.1
OVARY,1.0,1.0,5,3,pooled,marginal,aps,0.1
SKM-GN,1.0,1.6,10,3,pooled,marginal,aps,0.1
SKM-VL,1.0,1.4,10,3,pooled,marginal,aps,0.1
SMLINT,1.0,1.0,10,3,pooled,marginal,aps,0.1
SPLEEN,1.0,1.0,10,3,pooled,marginal,aps,0.1
TESTES,1.0,1.0,5,3,pooled,marginal,aps,0.1
VENACV,1.0,1.2,10,3,pooled,marginal,aps,0.1
WAT-SC,1.0,1.0,10,3,pooled,marginal,aps,0.1
ADRNL,1.0,1.0,10,3,pooled,mondrian,aps,0.1
BAT,1.0,1.2,10,3,pooled,mondrian,aps,0.1
BLOOD,1.0,1.0,10,3,pooled,mondrian,aps,0.1
COLON,1.0,1.0,10,3,pooled,mondrian,aps,0.1
CORTEX,1.0,1.9,10,3,pooled,mondrian,aps,0.1
HEART,1.0,1.0,10,3,pooled,mondrian,aps,0.1
HIPPOC,1.0,1.0,10,3,pooled,mondrian,aps,0.1
HYPOTH,1.0,1.0,10,3,pooled,mondrian,aps,0.1
KIDNEY,1.0,1.0,10,3,pooled,mondrian,aps,0.1
LIVER,1.0,1.0,10,3,pooled,mondrian,aps,0.1
LUNG,1.0,1.0,10,3,pooled,mondrian,aps,0.1
OVARY,1.0,1.2,5,3,pooled,mondrian,aps,0.1
SKM-GN,1.0,1.0,10,3,pooled,mondrian,aps,0.1
SKM-VL,1.0,1.1,10,3,pooled,mondrian,aps,0.1
SMLINT,1.0,1.0,10,3,pooled,mondrian,aps,0.1
SPLEEN,1.0,1.0,10,3,pooled,mondrian,aps,0.1
TESTES,1.0,1.0,5,3,pooled,mondrian,aps,0.1
VENACV,1.0,1.3,10,3,pooled,mondrian,aps,0.1
WAT-SC,1.0,1.0,10,3,pooled,mondrian,aps,0.1
ADRNL,1.0,1.0,10,3,pooled,floored,aps,0.1
BAT,1.0,1.3,10,3,pooled,floored,aps,0.1
BLOOD,1.0,1.0,10,3,pooled,floored,aps,0.1
COLON,1.0,1.0,10,3,pooled,floored,aps,0.1
CORTEX,1.0,1.9,10,3,pooled,floored,aps,0.1
HEART,1.0,1.0,10,3,pooled,floored,aps,0.1
HIPPOC,1.0,1.0,10,3,pooled,floored,aps,0.1
HYPOTH,1.0,1.0,10,3,pooled,floored,aps,0.1
KIDNEY,1.0,1.0,10,3,pooled,floored,aps,0.1
LIVER,1.0,1.0,10,3,pooled,floored,aps,0.1
LUNG,1.0,1.0,10,3,pooled,floored,aps,0.1
OVARY,1.0,1.2,5,3,pooled,floored,aps,0.1
SKM-GN,1.0,1.6,10,3,pooled,floored,aps,0.1
SKM-VL,1.0,1.4,10,3,pooled,floored,aps,0.1
SMLINT,1.0,1.0,10,3,pooled,floored,aps,0.1
SPLEEN,1.0,1.0,10,3,pooled,floored,aps,0.1
TESTES,1.0,1.0,5,3,pooled,floored,aps,0.1
VENACV,1.0,1.4,10,3,pooled,floored,aps,0.1
WAT-SC,1.0,1.0,10,3,pooled,floored,aps,0.1
ADRNL,1.0,1.0,10,3,pooled,marginal,aps,0.2
BAT,1.0,1.0,10,3,pooled,marginal,aps,0.2
BLOOD,1.0,1.0,10,3,pooled,marginal,aps,0.2
COLON,1.0,1.0,10,3,pooled,marginal,aps,0.2
CORTEX,1.0,1.0,10,3,pooled,marginal,aps,0.2
HEART,1.0,1.0,10,3,pooled,marginal,aps,0.2
HIPPOC,1.0,1.0,10,3,pooled,marginal,aps,0.2
HYPOTH,1.0,1.0,10,3,pooled,marginal,aps,0.2
KIDNEY,1.0,1.0,10,3,pooled,marginal,aps,0.2
LIVER,1.0,1.0,10,3,pooled,marginal,aps,0.2
LUNG,1.0,1.0,10,3,pooled,marginal,aps,0.2
OVARY,1.0,1.0,5,3,pooled,marginal,aps,0.2
SKM-GN,1.0,1.1,10,3,pooled,marginal,aps,0.2
SKM-VL,1.0,1.1,10,3,pooled,marginal,aps,0.2
SMLINT,1.0,1.0,10,3,pooled,marginal,aps,0.2
SPLEEN,1.0,1.0,10,3,pooled,marginal,aps,0.2
TESTES,1.0,1.0,5,3,pooled,marginal,aps,0.2
VENACV,1.0,1.1,10,3,pooled,marginal,aps,0.2
WAT-SC,1.0,1.0,10,3,pooled,marginal,aps,0.2
ADRNL,1.0,1.0,10,3,pooled,mondrian,aps,0.2
BAT,1.0,1.0,10,3,pooled,mondrian,aps,0.2
BLOOD,1.0,1.0,10,3,pooled,mondrian,aps,0.2
COLON,1.0,1.0,10,3,pooled,mondrian,aps,0.2
CORTEX,1.0,1.0,10,3,pooled,mondrian,aps,0.2
HEART,1.0,1.0,10,3,pooled,mondrian,aps,0.2
HIPPOC,1.0,1.0,10,3,pooled,mondrian,aps,0.2
HYPOTH,1.0,1.0,10,3,pooled,mondrian,aps,0.2
KIDNEY,1.0,1.0,10,3,pooled,mondrian,aps,0.2
LIVER,1.0,1.0,10,3,pooled,mondrian,aps,0.2
LUNG,1.0,1.0,10,3,pooled,mondrian,aps,0.2
OVARY,1.0,1.0,5,3,pooled,mondrian,aps,0.2
SKM-GN,1.0,1.0,10,3,pooled,mondrian,aps,0.2
SKM-VL,0.9,1.0,10,3,pooled,mondrian,aps,0.2
SMLINT,1.0,1.0,10,3,pooled,mondrian,aps,0.2
SPLEEN,1.0,1.0,10,3,pooled,mondrian,aps,0.2
TESTES,1.0,1.0,5,3,pooled,mondrian,aps,0.2
VENACV,1.0,1.1,10,3,pooled,mondrian,aps,0.2
WAT-SC,1.0,1.0,10,3,pooled,mondrian,aps,0.2
ADRNL,1.0,1.0,10,3,pooled,floored,aps,0.2
BAT,1.0,1.0,10,3,pooled,floored,aps,0.2
BLOOD,1.0,1.0,10,3,pooled,floored,aps,0.2
COLON,1.0,1.0,10,3,pooled,floored,aps,0.2
CORTEX,1.0,1.0,10,3,pooled,floored,aps,0.2
HEART,1.0,1.0,10,3,pooled,floored,aps,0.2
HIPPOC,1.0,1.0,10,3,pooled,floored,aps,0.2
HYPOTH,1.0,1.0,10,3,pooled,floored,aps,0.2
KIDNEY,1.0,1.0,10,3,pooled,floored,aps,0.2
LIVER,1.0,1.0,10,3,pooled,floored,aps,0.2
LUNG,1.0,1.0,10,3,pooled,floored,aps,0.2
OVARY,1.0,1.0,5,3,pooled,floored,aps,0.2
SKM-GN,1.0,1.1,10,3,pooled,floored,aps,0.2
SKM-VL,1.0,1.1,10,3,pooled,floored,aps,0.2
SMLINT,1.0,1.0,10,3,pooled,floored,aps,0.2
SPLEEN,1.0,1.0,10,3,pooled,floored,aps,0.2
TESTES,1.0,1.0,5,3,pooled,floored,aps,0.2
VENACV,1.0,1.1,10,3,pooled,floored,aps,0.2
WAT-SC,1.0,1.0,10,3,pooled,floored,aps,0.2
ADRNL,1.0,1.0,10,3,one_per_animal,marginal,lac,0.05
BAT,1.0,1.0,10,3,one_per_animal,marginal,lac,0.05
BLOOD,1.0,1.0,10,3,one_per_animal,marginal,lac,0.05
COLON,1.0,1.0,10,3,one_per_animal,marginal,lac,0.05
CORTEX,1.0,1.0,10,3,one_per_animal,marginal,lac,0.05
HEART,1.0,1.0,10,3,one_per_animal,marginal,lac,0.05
HIPPOC,1.0,1.0,10,3,one_per_animal,marginal,lac,0.05
HYPOTH,1.0,1.0,10,3,one_per_animal,marginal,lac,0.05
KIDNEY,1.0,1.0,10,3,one_per_animal,marginal,lac,0.05
LIVER,1.0,1.0,10,3,one_per_animal,marginal,lac,0.05
LUNG,1.0,1.0,10,3,one_per_animal,marginal,lac,0.05
OVARY,1.0,1.0,5,3,one_per_animal,marginal,lac,0.05
SKM-GN,0.7,0.7,10,3,one_per_animal,marginal,lac,0.05
SKM-VL,0.7,0.7,10,3,one_per_animal,marginal,lac,0.05
SMLINT,1.0,1.0,10,3,one_per_animal,marginal,lac,0.05
SPLEEN,1.0,1.0,10,3,one_per_animal,marginal,lac,0.05
TESTES,1.0,1.0,5,3,one_per_animal,marginal,lac,0.05
VENACV,0.8,0.8,10,3,one_per_animal,marginal,lac,0.05
WAT-SC,1.0,1.0,10,3,one_per_animal,marginal,lac,0.05
ADRNL,1.0,1.0,10,3,one_per_animal,marginal,lac,0.1
BAT,0.9,0.9,10,3,one_per_animal,marginal,lac,0.1
BLOOD,1.0,1.0,10,3,one_per_animal,marginal,lac,0.1
COLON,1.0,1.0,10,3,one_per_animal,marginal,lac,0.1
CORTEX,0.9,0.9,10,3,one_per_animal,marginal,lac,0.1
HEART,1.0,1.0,10,3,one_per_animal,marginal,lac,0.1
HIPPOC,1.0,1.0,10,3,one_per_animal,marginal,lac,0.1
HYPOTH,1.0,1.0,10,3,one_per_animal,marginal,lac,0.1
KIDNEY,1.0,1.0,10,3,one_per_animal,marginal,lac,0.1
LIVER,1.0,1.0,10,3,one_per_animal,marginal,lac,0.1
LUNG,1.0,1.0,10,3,one_per_animal,marginal,lac,0.1
OVARY,1.0,1.0,5,3,one_per_animal,marginal,lac,0.1
SKM-GN,0.3,0.3,10,3,one_per_animal,marginal,lac,0.1
SKM-VL,0.6,0.6,10,3,one_per_animal,marginal,lac,0.1
SMLINT,1.0,1.0,10,3,one_per_animal,marginal,lac,0.1
SPLEEN,1.0,1.0,10,3,one_per_animal,marginal,lac,0.1
TESTES,1.0,1.0,5,3,one_per_animal,marginal,lac,0.1
VENACV,0.8,0.8,10,3,one_per_animal,marginal,lac,0.1
WAT-SC,1.0,1.0,10,3,one_per_animal,marginal,lac,0.1
ADRNL,1.0,1.0,10,3,one_per_animal,marginal,lac,0.2
BAT,0.9,0.9,10,3,one_per_animal,marginal,lac,0.2
BLOOD,1.0,1.0,10,3,one_per_animal,marginal,lac,0.2
COLON,1.0,1.0,10,3,one_per_animal,marginal,lac,0.2
CORTEX,0.8,0.8,10,3,one_per_animal,marginal,lac,0.2
HEART,1.0,1.0,10,3,one_per_animal,marginal,lac,0.2
HIPPOC,0.8,0.8,10,3,one_per_animal,marginal,lac,0.2
HYPOTH,1.0,1.0,10,3,one_per_animal,marginal,lac,0.2
KIDNEY,1.0,1.0,10,3,one_per_animal,marginal,lac,0.2
LIVER,1.0,1.0,10,3,one_per_animal,marginal,lac,0.2
LUNG,1.0,1.0,10,3,one_per_animal,marginal,lac,0.2
OVARY,1.0,1.0,5,3,one_per_animal,marginal,lac,0.2
SKM-GN,0.2,0.2,10,3,one_per_animal,marginal,lac,0.2
SKM-VL,0.3,0.3,10,3,one_per_animal,marginal,lac,0.2
SMLINT,1.0,1.0,10,3,one_per_animal,marginal,lac,0.2
SPLEEN,1.0,1.0,10,3,one_per_animal,marginal,lac,0.2
TESTES,1.0,1.0,5,3,one_per_animal,marginal,lac,0.2
VENACV,0.7,0.7,10,3,one_per_animal,marginal,lac,0.2
WAT-SC,1.0,1.0,10,3,one_per_animal,marginal,lac,0.2
ADRNL,1.0,1.0,10,3,one_per_animal,marginal,aps,0.05
BAT,1.0,1.2,10,3,one_per_animal,marginal,aps,0.05
BLOOD,1.0,1.0,10,3,one_per_animal,marginal,aps,0.05
COLON,1.0,1.0,10,3,one_per_animal,marginal,aps,0.05
CORTEX,1.0,1.3,10,3,one_per_animal,marginal,aps,0.05
HEART,1.0,1.0,10,3,one_per_animal,marginal,aps,0.05
HIPPOC,1.0,1.2,10,3,one_per_animal,marginal,aps,0.05
HYPOTH,1.0,1.0,10,3,one_per_animal,marginal,aps,0.05
KIDNEY,1.0,1.0,10,3,one_per_animal,marginal,aps,0.05
LIVER,1.0,1.0,10,3,one_per_animal,marginal,aps,0.05
LUNG,1.0,1.0,10,3,one_per_animal,marginal,aps,0.05
OVARY,1.0,1.2,5,3,one_per_animal,marginal,aps,0.05
SKM-GN,1.0,1.9,10,3,one_per_animal,marginal,aps,0.05
SKM-VL,1.0,1.9,10,3,one_per_animal,marginal,aps,0.05
SMLINT,1.0,1.0,10,3,one_per_animal,marginal,aps,0.05
SPLEEN,1.0,1.0,10,3,one_per_animal,marginal,aps,0.05
TESTES,1.0,1.0,5,3,one_per_animal,marginal,aps,0.05
VENACV,1.0,1.4,10,3,one_per_animal,marginal,aps,0.05
WAT-SC,1.0,1.0,10,3,one_per_animal,marginal,aps,0.05
ADRNL,1.0,1.0,10,3,one_per_animal,marginal,aps,0.1
BAT,1.0,1.0,10,3,one_per_animal,marginal,aps,0.1
BLOOD,1.0,1.0,10,3,one_per_animal,marginal,aps,0.1
COLON,1.0,1.0,10,3,one_per_animal,marginal,aps,0.1
CORTEX,1.0,1.0,10,3,one_per_animal,marginal,aps,0.1
HEART,1.0,1.0,10,3,one_per_animal,marginal,aps,0.1
HIPPOC,1.0,1.0,10,3,one_per_animal,marginal,aps,0.1
HYPOTH,1.0,1.0,10,3,one_per_animal,marginal,aps,0.1
KIDNEY,1.0,1.0,10,3,one_per_animal,marginal,aps,0.1
LIVER,1.0,1.0,10,3,one_per_animal,marginal,aps,0.1
LUNG,1.0,1.0,10,3,one_per_animal,marginal,aps,0.1
OVARY,1.0,1.0,5,3,one_per_animal,marginal,aps,0.1
SKM-GN,1.0,1.3,10,3,one_per_animal,marginal,aps,0.1
SKM-VL,1.0,1.3,10,3,one_per_animal,marginal,aps,0.1
SMLINT,1.0,1.0,10,3,one_per_animal,marginal,aps,0.1
SPLEEN,1.0,1.0,10,3,one_per_animal,marginal,aps,0.1
TESTES,1.0,1.0,5,3,one_per_animal,marginal,aps,0.1
VENACV,1.0,1.2,10,3,one_per_animal,marginal,aps,0.1
WAT-SC,1.0,1.0,10,3,one_per_animal,marginal,aps,0.1
ADRNL,1.0,1.0,10,3,one_per_animal,marginal,aps,0.2
BAT,1.0,1.0,10,3,one_per_animal,marginal,aps,0.2
BLOOD,1.0,1.0,10,3,one_per_animal,marginal,aps,0.2
COLON,1.0,1.0,10,3,one_per_animal,marginal,aps,0.2
CORTEX,1.0,1.0,10,3,one_per_animal,marginal,aps,0.2
HEART,1.0,1.0,10,3,one_per_animal,marginal,aps,0.2
HIPPOC,1.0,1.0,10,3,one_per_animal,marginal,aps,0.2
HYPOTH,1.0,1.0,10,3,one_per_animal,marginal,aps,0.2
KIDNEY,1.0,1.0,10,3,one_per_animal,marginal,aps,0.2
LIVER,1.0,1.0,10,3,one_per_animal,marginal,aps,0.2
LUNG,1.0,1.0,10,3,one_per_animal,marginal,aps,0.2
OVARY,1.0,1.0,5,3,one_per_animal,marginal,aps,0.2
SKM-GN,1.0,1.0,10,3,one_per_animal,marginal,aps,0.2
SKM-VL,1.0,1.1,10,3,one_per_animal,marginal,aps,0.2
SMLINT,1.0,1.0,10,3,one_per_animal,marginal,aps,0.2
SPLEEN,1.0,1.0,10,3,one_per_animal,marginal,aps,0.2
TESTES,1.0,1.0,5,3,one_per_animal,marginal,aps,0.2
VENACV,1.0,1.0,10,3,one_per_animal,marginal,aps,0.2
WAT-SC,1.0,1.0,10,3,one_per_animal,marginal,aps,0.2
ADRNL,1.0,1.0,10,4,pooled,marginal,lac,0.05
BAT,1.0,1.0,10,4,pooled,marginal,lac,0.05
BLOOD,1.0,1.0,10,4,pooled,marginal,lac,0.05
COLON,1.0,1.0,10,4,pooled,marginal,lac,0.05
CORTEX,1.0,1.0,10,4,pooled,marginal,lac,0.05
HEART,1.0,1.0,10,4,pooled,marginal,lac,0.05
HIPPOC,1.0,1.0,10,4,pooled,marginal,lac,0.05
HYPOTH,1.0,1.0,10,4,pooled,marginal,lac,0.05
KIDNEY,1.0,1.0,10,4,pooled,marginal,lac,0.05
LIVER,1.0,1.0,10,4,pooled,marginal,lac,0.05
LUNG,1.0,1.0,10,4,pooled,marginal,lac,0.05
OVARY,1.0,1.0,5,4,pooled,marginal,lac,0.05
SKM-GN,0.5,0.5,10,4,pooled,marginal,lac,0.05
SKM-VL,0.8,0.8,10,4,pooled,marginal,lac,0.05
SMLINT,1.0,1.0,10,4,pooled,marginal,lac,0.05
SPLEEN,1.0,1.0,10,4,pooled,marginal,lac,0.05
TESTES,1.0,1.0,5,4,pooled,marginal,lac,0.05
VENACV,0.7,0.9,10,4,pooled,marginal,lac,0.05
WAT-SC,1.0,1.0,10,4,pooled,marginal,lac,0.05
ADRNL,1.0,3.0,10,4,pooled,mondrian,lac,0.05
BAT,1.0,3.0,10,4,pooled,mondrian,lac,0.05
BLOOD,1.0,3.0,10,4,pooled,mondrian,lac,0.05
COLON,1.0,3.0,10,4,pooled,mondrian,lac,0.05
CORTEX,1.0,3.0,10,4,pooled,mondrian,lac,0.05
HEART,1.0,3.0,10,4,pooled,mondrian,lac,0.05
HIPPOC,1.0,3.0,10,4,pooled,mondrian,lac,0.05
HYPOTH,0.9,2.9,10,4,pooled,mondrian,lac,0.05
KIDNEY,1.0,3.0,10,4,pooled,mondrian,lac,0.05
LIVER,1.0,3.0,10,4,pooled,mondrian,lac,0.05
LUNG,0.9,2.9,10,4,pooled,mondrian,lac,0.05
OVARY,1.0,2.0,5,4,pooled,mondrian,lac,0.05
SKM-GN,1.0,3.1,10,4,pooled,mondrian,lac,0.05
SKM-VL,1.0,3.0,10,4,pooled,mondrian,lac,0.05
SMLINT,1.0,3.0,10,4,pooled,mondrian,lac,0.05
SPLEEN,1.0,3.0,10,4,pooled,mondrian,lac,0.05
TESTES,1.0,2.0,5,4,pooled,mondrian,lac,0.05
VENACV,0.7,3.0,10,4,pooled,mondrian,lac,0.05
WAT-SC,1.0,3.0,10,4,pooled,mondrian,lac,0.05
ADRNL,1.0,3.0,10,4,pooled,floored,lac,0.05
BAT,1.0,3.0,10,4,pooled,floored,lac,0.05
BLOOD,1.0,3.0,10,4,pooled,floored,lac,0.05
COLON,1.0,3.0,10,4,pooled,floored,lac,0.05
CORTEX,1.0,3.0,10,4,pooled,floored,lac,0.05
HEART,1.0,3.0,10,4,pooled,floored,lac,0.05
HIPPOC,1.0,3.0,10,4,pooled,floored,lac,0.05
HYPOTH,1.0,3.0,10,4,pooled,floored,lac,0.05
KIDNEY,1.0,3.0,10,4,pooled,floored,lac,0.05
LIVER,1.0,3.0,10,4,pooled,floored,lac,0.05
LUNG,1.0,3.0,10,4,pooled,floored,lac,0.05
OVARY,1.0,2.0,5,4,pooled,floored,lac,0.05
SKM-GN,1.0,3.1,10,4,pooled,floored,lac,0.05
SKM-VL,1.0,3.0,10,4,pooled,floored,lac,0.05
SMLINT,1.0,3.0,10,4,pooled,floored,lac,0.05
SPLEEN,1.0,3.0,10,4,pooled,floored,lac,0.05
TESTES,1.0,2.0,5,4,pooled,floored,lac,0.05
VENACV,0.7,3.2,10,4,pooled,floored,lac,0.05
WAT-SC,1.0,3.0,10,4,pooled,floored,lac,0.05
ADRNL,1.0,1.0,10,4,pooled,marginal,lac,0.1
BAT,1.0,1.0,10,4,pooled,marginal,lac,0.1
BLOOD,1.0,1.0,10,4,pooled,marginal,lac,0.1
COLON,1.0,1.0,10,4,pooled,marginal,lac,0.1
CORTEX,1.0,1.0,10,4,pooled,marginal,lac,0.1
HEART,1.0,1.0,10,4,pooled,marginal,lac,0.1
HIPPOC,0.8,0.8,10,4,pooled,marginal,lac,0.1
HYPOTH,1.0,1.0,10,4,pooled,marginal,lac,0.1
KIDNEY,1.0,1.0,10,4,pooled,marginal,lac,0.1
LIVER,1.0,1.0,10,4,pooled,marginal,lac,0.1
LUNG,1.0,1.0,10,4,pooled,marginal,lac,0.1
OVARY,1.0,1.0,5,4,pooled,marginal,lac,0.1
SKM-GN,0.2,0.2,10,4,pooled,marginal,lac,0.1
SKM-VL,0.5,0.5,10,4,pooled,marginal,lac,0.1
SMLINT,1.0,1.0,10,4,pooled,marginal,lac,0.1
SPLEEN,1.0,1.0,10,4,pooled,marginal,lac,0.1
TESTES,1.0,1.0,5,4,pooled,marginal,lac,0.1
VENACV,0.7,0.7,10,4,pooled,marginal,lac,0.1
WAT-SC,1.0,1.0,10,4,pooled,marginal,lac,0.1
ADRNL,1.0,1.0,10,4,pooled,mondrian,lac,0.1
BAT,1.0,1.0,10,4,pooled,mondrian,lac,0.1
BLOOD,0.9,0.9,10,4,pooled,mondrian,lac,0.1
COLON,0.9,0.9,10,4,pooled,mondrian,lac,0.1
CORTEX,1.0,1.0,10,4,pooled,mondrian,lac,0.1
HEART,1.0,1.0,10,4,pooled,mondrian,lac,0.1
HIPPOC,0.9,0.9,10,4,pooled,mondrian,lac,0.1
HYPOTH,0.9,0.9,10,4,pooled,mondrian,lac,0.1
KIDNEY,0.9,0.9,10,4,pooled,mondrian,lac,0.1
LIVER,1.0,1.0,10,4,pooled,mondrian,lac,0.1
LUNG,0.8,0.8,10,4,pooled,mondrian,lac,0.1
OVARY,0.8,0.8,5,4,pooled,mondrian,lac,0.1
SKM-GN,0.9,0.9,10,4,pooled,mondrian,lac,0.1
SKM-VL,0.9,0.9,10,4,pooled,mondrian,lac,0.1
SMLINT,1.0,1.0,10,4,pooled,mondrian,lac,0.1
SPLEEN,1.0,1.0,10,4,pooled,mondrian,lac,0.1
TESTES,0.8,0.8,5,4,pooled,mondrian,lac,0.1
VENACV,0.7,0.7,10,4,pooled,mondrian,lac,0.1
WAT-SC,1.0,1.0,10,4,pooled,mondrian,lac,0.1
ADRNL,1.0,1.0,10,4,pooled,floored,lac,0.1
BAT,1.0,1.0,10,4,pooled,floored,lac,0.1
BLOOD,1.0,1.0,10,4,pooled,floored,lac,0.1
COLON,1.0,1.0,10,4,pooled,floored,lac,0.1
CORTEX,1.0,1.0,10,4,pooled,floored,lac,0.1
HEART,1.0,1.0,10,4,pooled,floored,lac,0.1
HIPPOC,0.9,0.9,10,4,pooled,floored,lac,0.1
HYPOTH,1.0,1.0,10,4,pooled,floored,lac,0.1
KIDNEY,1.0,1.0,10,4,pooled,floored,lac,0.1
LIVER,1.0,1.0,10,4,pooled,floored,lac,0.1
LUNG,1.0,1.0,10,4,pooled,floored,lac,0.1
OVARY,1.0,1.0,5,4,pooled,floored,lac,0.1
SKM-GN,0.9,0.9,10,4,pooled,floored,lac,0.1
SKM-VL,0.9,0.9,10,4,pooled,floored,lac,0.1
SMLINT,1.0,1.0,10,4,pooled,floored,lac,0.1
SPLEEN,1.0,1.0,10,4,pooled,floored,lac,0.1
TESTES,1.0,1.0,5,4,pooled,floored,lac,0.1
VENACV,0.7,0.7,10,4,pooled,floored,lac,0.1
WAT-SC,1.0,1.0,10,4,pooled,floored,lac,0.1
ADRNL,1.0,1.0,10,4,pooled,marginal,lac,0.2
BAT,1.0,1.0,10,4,pooled,marginal,lac,0.2
BLOOD,1.0,1.0,10,4,pooled,marginal,lac,0.2
COLON,1.0,1.0,10,4,pooled,marginal,lac,0.2
CORTEX,0.6,0.6,10,4,pooled,marginal,lac,0.2
HEART,1.0,1.0,10,4,pooled,marginal,lac,0.2
HIPPOC,0.5,0.5,10,4,pooled,marginal,lac,0.2
HYPOTH,0.7,0.7,10,4,pooled,marginal,lac,0.2
KIDNEY,1.0,1.0,10,4,pooled,marginal,lac,0.2
LIVER,1.0,1.0,10,4,pooled,marginal,lac,0.2
LUNG,1.0,1.0,10,4,pooled,marginal,lac,0.2
OVARY,1.0,1.0,5,4,pooled,marginal,lac,0.2
SKM-GN,0.0,0.0,10,4,pooled,marginal,lac,0.2
SKM-VL,0.0,0.0,10,4,pooled,marginal,lac,0.2
SMLINT,1.0,1.0,10,4,pooled,marginal,lac,0.2
SPLEEN,1.0,1.0,10,4,pooled,marginal,lac,0.2
TESTES,1.0,1.0,5,4,pooled,marginal,lac,0.2
VENACV,0.6,0.6,10,4,pooled,marginal,lac,0.2
WAT-SC,1.0,1.0,10,4,pooled,marginal,lac,0.2
ADRNL,1.0,1.0,10,4,pooled,mondrian,lac,0.2
BAT,1.0,1.0,10,4,pooled,mondrian,lac,0.2
BLOOD,0.9,0.9,10,4,pooled,mondrian,lac,0.2
COLON,0.8,0.8,10,4,pooled,mondrian,lac,0.2
CORTEX,0.9,0.9,10,4,pooled,mondrian,lac,0.2
HEART,0.9,0.9,10,4,pooled,mondrian,lac,0.2
HIPPOC,0.9,0.9,10,4,pooled,mondrian,lac,0.2
HYPOTH,0.8,0.8,10,4,pooled,mondrian,lac,0.2
KIDNEY,0.8,0.8,10,4,pooled,mondrian,lac,0.2
LIVER,0.9,0.9,10,4,pooled,mondrian,lac,0.2
LUNG,0.8,0.8,10,4,pooled,mondrian,lac,0.2
OVARY,0.8,0.8,5,4,pooled,mondrian,lac,0.2
SKM-GN,0.6,0.6,10,4,pooled,mondrian,lac,0.2
SKM-VL,0.8,0.8,10,4,pooled,mondrian,lac,0.2
SMLINT,0.9,0.9,10,4,pooled,mondrian,lac,0.2
SPLEEN,0.9,0.9,10,4,pooled,mondrian,lac,0.2
TESTES,0.8,0.8,5,4,pooled,mondrian,lac,0.2
VENACV,0.7,0.7,10,4,pooled,mondrian,lac,0.2
WAT-SC,0.7,0.7,10,4,pooled,mondrian,lac,0.2
ADRNL,1.0,1.0,10,4,pooled,floored,lac,0.2
BAT,1.0,1.0,10,4,pooled,floored,lac,0.2
BLOOD,1.0,1.0,10,4,pooled,floored,lac,0.2
COLON,1.0,1.0,10,4,pooled,floored,lac,0.2
CORTEX,0.9,0.9,10,4,pooled,floored,lac,0.2
HEART,1.0,1.0,10,4,pooled,floored,lac,0.2
HIPPOC,0.9,0.9,10,4,pooled,floored,lac,0.2
HYPOTH,0.8,0.8,10,4,pooled,floored,lac,0.2
KIDNEY,1.0,1.0,10,4,pooled,floored,lac,0.2
LIVER,1.0,1.0,10,4,pooled,floored,lac,0.2
LUNG,1.0,1.0,10,4,pooled,floored,lac,0.2
OVARY,1.0,1.0,5,4,pooled,floored,lac,0.2
SKM-GN,0.6,0.6,10,4,pooled,floored,lac,0.2
SKM-VL,0.8,0.8,10,4,pooled,floored,lac,0.2
SMLINT,1.0,1.0,10,4,pooled,floored,lac,0.2
SPLEEN,1.0,1.0,10,4,pooled,floored,lac,0.2
TESTES,1.0,1.0,5,4,pooled,floored,lac,0.2
VENACV,0.7,0.7,10,4,pooled,floored,lac,0.2
WAT-SC,1.0,1.0,10,4,pooled,floored,lac,0.2
ADRNL,1.0,1.0,10,4,pooled,marginal,aps,0.05
BAT,1.0,1.0,10,4,pooled,marginal,aps,0.05
BLOOD,1.0,1.0,10,4,pooled,marginal,aps,0.05
COLON,1.0,1.0,10,4,pooled,marginal,aps,0.05
CORTEX,1.0,1.4,10,4,pooled,marginal,aps,0.05
HEART,1.0,1.0,10,4,pooled,marginal,aps,0.05
HIPPOC,1.0,1.6,10,4,pooled,marginal,aps,0.05
HYPOTH,1.0,1.4,10,4,pooled,marginal,aps,0.05
KIDNEY,1.0,1.0,10,4,pooled,marginal,aps,0.05
LIVER,1.0,1.0,10,4,pooled,marginal,aps,0.05
LUNG,1.0,1.0,10,4,pooled,marginal,aps,0.05
OVARY,1.0,1.0,5,4,pooled,marginal,aps,0.05
SKM-GN,1.0,2.0,10,4,pooled,marginal,aps,0.05
SKM-VL,1.0,2.0,10,4,pooled,marginal,aps,0.05
SMLINT,1.0,1.0,10,4,pooled,marginal,aps,0.05
SPLEEN,1.0,1.0,10,4,pooled,marginal,aps,0.05
TESTES,1.0,1.0,5,4,pooled,marginal,aps,0.05
VENACV,1.0,1.4,10,4,pooled,marginal,aps,0.05
WAT-SC,1.0,1.0,10,4,pooled,marginal,aps,0.05
ADRNL,1.0,3.0,10,4,pooled,mondrian,aps,0.05
BAT,1.0,3.0,10,4,pooled,mondrian,aps,0.05
BLOOD,1.0,3.0,10,4,pooled,mondrian,aps,0.05
COLON,1.0,3.0,10,4,pooled,mondrian,aps,0.05
CORTEX,1.0,3.0,10,4,pooled,mondrian,aps,0.05
HEART,1.0,3.0,10,4,pooled,mondrian,aps,0.05
HIPPOC,1.0,3.6,10,4,pooled,mondrian,aps,0.05
HYPOTH,1.0,3.0,10,4,pooled,mondrian,aps,0.05
KIDNEY,1.0,3.0,10,4,pooled,mondrian,aps,0.05
LIVER,1.0,3.0,10,4,pooled,mondrian,aps,0.05
LUNG,1.0,3.0,10,4,pooled,mondrian,aps,0.05
OVARY,1.0,3.0,5,4,pooled,mondrian,aps,0.05
SKM-GN,1.0,3.6,10,4,pooled,mondrian,aps,0.05
SKM-VL,1.0,3.4,10,4,pooled,mondrian,aps,0.05
SMLINT,1.0,3.0,10,4,pooled,mondrian,aps,0.05
SPLEEN,1.0,3.0,10,4,pooled,mondrian,aps,0.05
TESTES,1.0,2.0,5,4,pooled,mondrian,aps,0.05
VENACV,1.0,3.8,10,4,pooled,mondrian,aps,0.05
WAT-SC,1.0,3.0,10,4,pooled,mondrian,aps,0.05
ADRNL,1.0,3.0,10,4,pooled,floored,aps,0.05
BAT,1.0,3.0,10,4,pooled,floored,aps,0.05
BLOOD,1.0,3.0,10,4,pooled,floored,aps,0.05
COLON,1.0,3.0,10,4,pooled,floored,aps,0.05
CORTEX,1.0,3.4,10,4,pooled,floored,aps,0.05
HEART,1.0,3.0,10,4,pooled,floored,aps,0.05
HIPPOC,1.0,3.6,10,4,pooled,floored,aps,0.05
HYPOTH,1.0,3.4,10,4,pooled,floored,aps,0.05
KIDNEY,1.0,3.0,10,4,pooled,floored,aps,0.05
LIVER,1.0,3.0,10,4,pooled,floored,aps,0.05
LUNG,1.0,3.0,10,4,pooled,floored,aps,0.05
OVARY,1.0,3.0,5,4,pooled,floored,aps,0.05
SKM-GN,1.0,4.0,10,4,pooled,floored,aps,0.05
SKM-VL,1.0,4.0,10,4,pooled,floored,aps,0.05
SMLINT,1.0,3.0,10,4,pooled,floored,aps,0.05
SPLEEN,1.0,3.0,10,4,pooled,floored,aps,0.05
TESTES,1.0,2.0,5,4,pooled,floored,aps,0.05
VENACV,1.0,3.8,10,4,pooled,floored,aps,0.05
WAT-SC,1.0,3.0,10,4,pooled,floored,aps,0.05
ADRNL,1.0,1.0,10,4,pooled,marginal,aps,0.1
BAT,1.0,1.0,10,4,pooled,marginal,aps,0.1
BLOOD,1.0,1.0,10,4,pooled,marginal,aps,0.1
COLON,1.0,1.0,10,4,pooled,marginal,aps,0.1
CORTEX,1.0,1.0,10,4,pooled,marginal,aps,0.1
HEART,1.0,1.0,10,4,pooled,marginal,aps,0.1
HIPPOC,1.0,1.2,10,4,pooled,marginal,aps,0.1
HYPOTH,1.0,1.0,10,4,pooled,marginal,aps,0.1
KIDNEY,1.0,1.0,10,4,pooled,marginal,aps,0.1
LIVER,1.0,1.0,10,4,pooled,marginal,aps,0.1
LUNG,1.0,1.0,10,4,pooled,marginal,aps,0.1
OVARY,1.0,1.0,5,4,pooled,marginal,aps,0.1
SKM-GN,1.0,1.8,10,4,pooled,marginal,aps,0.1
SKM-VL,1.0,1.4,10,4,pooled,marginal,aps,0.1
SMLINT,1.0,1.0,10,4,pooled,marginal,aps,0.1
SPLEEN,1.0,1.0,10,4,pooled,marginal,aps,0.1
TESTES,1.0,1.0,5,4,pooled,marginal,aps,0.1
VENACV,1.0,1.3,10,4,pooled,marginal,aps,0.1
WAT-SC,1.0,1.0,10,4,pooled,marginal,aps,0.1
ADRNL,1.0,1.0,10,4,pooled,mondrian,aps,0.1
BAT,1.0,1.0,10,4,pooled,mondrian,aps,0.1
BLOOD,1.0,1.0,10,4,pooled,mondrian,aps,0.1
COLON,1.0,1.0,10,4,pooled,mondrian,aps,0.1
CORTEX,1.0,1.0,10,4,pooled,mondrian,aps,0.1
HEART,1.0,1.0,10,4,pooled,mondrian,aps,0.1
HIPPOC,1.0,1.5,10,4,pooled,mondrian,aps,0.1
HYPOTH,1.0,1.0,10,4,pooled,mondrian,aps,0.1
KIDNEY,1.0,1.0,10,4,pooled,mondrian,aps,0.1
LIVER,1.0,1.0,10,4,pooled,mondrian,aps,0.1
LUNG,1.0,1.0,10,4,pooled,mondrian,aps,0.1
OVARY,1.0,1.2,5,4,pooled,mondrian,aps,0.1
SKM-GN,1.0,1.5,10,4,pooled,mondrian,aps,0.1
SKM-VL,1.0,1.3,10,4,pooled,mondrian,aps,0.1
SMLINT,1.0,1.0,10,4,pooled,mondrian,aps,0.1
SPLEEN,1.0,1.0,10,4,pooled,mondrian,aps,0.1
TESTES,1.0,1.0,5,4,pooled,mondrian,aps,0.1
VENACV,1.0,1.3,10,4,pooled,mondrian,aps,0.1
WAT-SC,1.0,1.0,10,4,pooled,mondrian,aps,0.1
ADRNL,1.0,1.0,10,4,pooled,floored,aps,0.1
BAT,1.0,1.0,10,4,pooled,floored,aps,0.1
BLOOD,1.0,1.0,10,4,pooled,floored,aps,0.1
COLON,1.0,1.0,10,4,pooled,floored,aps,0.1
CORTEX,1.0,1.0,10,4,pooled,floored,aps,0.1
HEART,1.0,1.0,10,4,pooled,floored,aps,0.1
HIPPOC,1.0,1.6,10,4,pooled,floored,aps,0.1
HYPOTH,1.0,1.0,10,4,pooled,floored,aps,0.1
KIDNEY,1.0,1.0,10,4,pooled,floored,aps,0.1
LIVER,1.0,1.0,10,4,pooled,floored,aps,0.1
LUNG,1.0,1.0,10,4,pooled,floored,aps,0.1
OVARY,1.0,1.2,5,4,pooled,floored,aps,0.1
SKM-GN,1.0,1.8,10,4,pooled,floored,aps,0.1
SKM-VL,1.0,1.4,10,4,pooled,floored,aps,0.1
SMLINT,1.0,1.0,10,4,pooled,floored,aps,0.1
SPLEEN,1.0,1.0,10,4,pooled,floored,aps,0.1
TESTES,1.0,1.0,5,4,pooled,floored,aps,0.1
VENACV,1.0,1.3,10,4,pooled,floored,aps,0.1
WAT-SC,1.0,1.0,10,4,pooled,floored,aps,0.1
ADRNL,1.0,1.0,10,4,pooled,marginal,aps,0.2
BAT,1.0,1.0,10,4,pooled,marginal,aps,0.2
BLOOD,1.0,1.0,10,4,pooled,marginal,aps,0.2
COLON,1.0,1.0,10,4,pooled,marginal,aps,0.2
CORTEX,1.0,1.0,10,4,pooled,marginal,aps,0.2
HEART,1.0,1.0,10,4,pooled,marginal,aps,0.2
HIPPOC,1.0,1.0,10,4,pooled,marginal,aps,0.2
HYPOTH,1.0,1.0,10,4,pooled,marginal,aps,0.2
KIDNEY,1.0,1.0,10,4,pooled,marginal,aps,0.2
LIVER,1.0,1.0,10,4,pooled,marginal,aps,0.2
LUNG,1.0,1.0,10,4,pooled,marginal,aps,0.2
OVARY,1.0,1.0,5,4,pooled,marginal,aps,0.2
SKM-GN,1.0,1.3,10,4,pooled,marginal,aps,0.2
SKM-VL,1.0,1.2,10,4,pooled,marginal,aps,0.2
SMLINT,1.0,1.0,10,4,pooled,marginal,aps,0.2
SPLEEN,1.0,1.0,10,4,pooled,marginal,aps,0.2
TESTES,1.0,1.0,5,4,pooled,marginal,aps,0.2
VENACV,0.8,1.1,10,4,pooled,marginal,aps,0.2
WAT-SC,1.0,1.0,10,4,pooled,marginal,aps,0.2
ADRNL,1.0,1.0,10,4,pooled,mondrian,aps,0.2
BAT,1.0,1.0,10,4,pooled,mondrian,aps,0.2
BLOOD,1.0,1.0,10,4,pooled,mondrian,aps,0.2
COLON,1.0,1.0,10,4,pooled,mondrian,aps,0.2
CORTEX,1.0,1.0,10,4,pooled,mondrian,aps,0.2
HEART,1.0,1.0,10,4,pooled,mondrian,aps,0.2
HIPPOC,1.0,1.0,10,4,pooled,mondrian,aps,0.2
HYPOTH,1.0,1.0,10,4,pooled,mondrian,aps,0.2
KIDNEY,1.0,1.0,10,4,pooled,mondrian,aps,0.2
LIVER,1.0,1.0,10,4,pooled,mondrian,aps,0.2
LUNG,1.0,1.0,10,4,pooled,mondrian,aps,0.2
OVARY,1.0,1.0,5,4,pooled,mondrian,aps,0.2
SKM-GN,1.0,1.0,10,4,pooled,mondrian,aps,0.2
SKM-VL,1.0,1.1,10,4,pooled,mondrian,aps,0.2
SMLINT,1.0,1.0,10,4,pooled,mondrian,aps,0.2
SPLEEN,1.0,1.0,10,4,pooled,mondrian,aps,0.2
TESTES,1.0,1.0,5,4,pooled,mondrian,aps,0.2
VENACV,0.8,1.1,10,4,pooled,mondrian,aps,0.2
WAT-SC,1.0,1.0,10,4,pooled,mondrian,aps,0.2
ADRNL,1.0,1.0,10,4,pooled,floored,aps,0.2
BAT,1.0,1.0,10,4,pooled,floored,aps,0.2
BLOOD,1.0,1.0,10,4,pooled,floored,aps,0.2
COLON,1.0,1.0,10,4,pooled,floored,aps,0.2
CORTEX,1.0,1.0,10,4,pooled,floored,aps,0.2
HEART,1.0,1.0,10,4,pooled,floored,aps,0.2
HIPPOC,1.0,1.0,10,4,pooled,floored,aps,0.2
HYPOTH,1.0,1.0,10,4,pooled,floored,aps,0.2
KIDNEY,1.0,1.0,10,4,pooled,floored,aps,0.2
LIVER,1.0,1.0,10,4,pooled,floored,aps,0.2
LUNG,1.0,1.0,10,4,pooled,floored,aps,0.2
OVARY,1.0,1.0,5,4,pooled,floored,aps,0.2
SKM-GN,1.0,1.3,10,4,pooled,floored,aps,0.2
SKM-VL,1.0,1.2,10,4,pooled,floored,aps,0.2
SMLINT,1.0,1.0,10,4,pooled,floored,aps,0.2
SPLEEN,1.0,1.0,10,4,pooled,floored,aps,0.2
TESTES,1.0,1.0,5,4,pooled,floored,aps,0.2
VENACV,0.8,1.1,10,4,pooled,floored,aps,0.2
WAT-SC,1.0,1.0,10,4,pooled,floored,aps,0.2
ADRNL,1.0,1.0,10,4,one_per_animal,marginal,lac,0.05
BAT,1.0,2.3,10,4,one_per_animal,marginal,lac,0.05
BLOOD,1.0,1.0,10,4,one_per_animal,marginal,lac,0.05
COLON,1.0,1.0,10,4,one_per_animal,marginal,lac,0.05
CORTEX,1.0,3.0,10,4,one_per_animal,marginal,lac,0.05
HEART,1.0,1.2,10,4,one_per_animal,marginal,lac,0.05
HIPPOC,1.0,3.0,10,4,one_per_animal,marginal,lac,0.05
HYPOTH,1.0,3.0,10,4,one_per_animal,marginal,lac,0.05
KIDNEY,1.0,1.0,10,4,one_per_animal,marginal,lac,0.05
LIVER,1.0,1.0,10,4,one_per_animal,marginal,lac,0.05
LUNG,1.0,1.0,10,4,one_per_animal,marginal,lac,0.05
OVARY,1.0,1.6,5,4,one_per_animal,marginal,lac,0.05
SKM-GN,1.0,2.0,10,4,one_per_animal,marginal,lac,0.05
SKM-VL,1.0,2.0,10,4,one_per_animal,marginal,lac,0.05
SMLINT,1.0,1.1,10,4,one_per_animal,marginal,lac,0.05
SPLEEN,1.0,1.0,10,4,one_per_animal,marginal,lac,0.05
TESTES,1.0,1.0,5,4,one_per_animal,marginal,lac,0.05
VENACV,1.0,2.3,10,4,one_per_animal,marginal,lac,0.05
WAT-SC,1.0,1.2,10,4,one_per_animal,marginal,lac,0.05
ADRNL,1.0,1.0,10,4,one_per_animal,marginal,lac,0.1
BAT,1.0,1.0,10,4,one_per_animal,marginal,lac,0.1
BLOOD,1.0,1.0,10,4,one_per_animal,marginal,lac,0.1
COLON,1.0,1.0,10,4,one_per_animal,marginal,lac,0.1
CORTEX,1.0,1.0,10,4,one_per_animal,marginal,lac,0.1
HEART,1.0,1.0,10,4,one_per_animal,marginal,lac,0.1
HIPPOC,1.0,1.0,10,4,one_per_animal,marginal,lac,0.1
HYPOTH,1.0,1.0,10,4,one_per_animal,marginal,lac,0.1
KIDNEY,1.0,1.0,10,4,one_per_animal,marginal,lac,0.1
LIVER,1.0,1.0,10,4,one_per_animal,marginal,lac,0.1
LUNG,1.0,1.0,10,4,one_per_animal,marginal,lac,0.1
OVARY,1.0,1.0,5,4,one_per_animal,marginal,lac,0.1
SKM-GN,0.9,0.9,10,4,one_per_animal,marginal,lac,0.1
SKM-VL,0.9,0.9,10,4,one_per_animal,marginal,lac,0.1
SMLINT,1.0,1.0,10,4,one_per_animal,marginal,lac,0.1
SPLEEN,1.0,1.0,10,4,one_per_animal,marginal,lac,0.1
TESTES,1.0,1.0,5,4,one_per_animal,marginal,lac,0.1
VENACV,0.7,0.9,10,4,one_per_animal,marginal,lac,0.1
WAT-SC,1.0,1.0,10,4,one_per_animal,marginal,lac,0.1
ADRNL,1.0,1.0,10,4,one_per_animal,marginal,lac,0.2
BAT,1.0,1.0,10,4,one_per_animal,marginal,lac,0.2
BLOOD,1.0,1.0,10,4,one_per_animal,marginal,lac,0.2
COLON,1.0,1.0,10,4,one_per_animal,marginal,lac,0.2
CORTEX,1.0,1.0,10,4,one_per_animal,marginal,lac,0.2
HEART,1.0,1.0,10,4,one_per_animal,marginal,lac,0.2
HIPPOC,0.8,0.8,10,4,one_per_animal,marginal,lac,0.2
HYPOTH,1.0,1.0,10,4,one_per_animal,marginal,lac,0.2
KIDNEY,1.0,1.0,10,4,one_per_animal,marginal,lac,0.2
LIVER,1.0,1.0,10,4,one_per_animal,marginal,lac,0.2
LUNG,1.0,1.0,10,4,one_per_animal,marginal,lac,0.2
OVARY,1.0,1.0,5,4,one_per_animal,marginal,lac,0.2
SKM-GN,0.2,0.2,10,4,one_per_animal,marginal,lac,0.2
SKM-VL,0.5,0.5,10,4,one_per_animal,marginal,lac,0.2
SMLINT,1.0,1.0,10,4,one_per_animal,marginal,lac,0.2
SPLEEN,1.0,1.0,10,4,one_per_animal,marginal,lac,0.2
TESTES,1.0,1.0,5,4,one_per_animal,marginal,lac,0.2
VENACV,0.7,0.7,10,4,one_per_animal,marginal,lac,0.2
WAT-SC,1.0,1.0,10,4,one_per_animal,marginal,lac,0.2
ADRNL,1.0,1.0,10,4,one_per_animal,marginal,aps,0.05
BAT,1.0,1.5,10,4,one_per_animal,marginal,aps,0.05
BLOOD,1.0,1.0,10,4,one_per_animal,marginal,aps,0.05
COLON,1.0,1.0,10,4,one_per_animal,marginal,aps,0.05
CORTEX,1.0,2.2,10,4,one_per_animal,marginal,aps,0.05
HEART,1.0,1.0,10,4,one_per_animal,marginal,aps,0.05
HIPPOC,1.0,2.6,10,4,one_per_animal,marginal,aps,0.05
HYPOTH,1.0,2.1,10,4,one_per_animal,marginal,aps,0.05
KIDNEY,1.0,1.0,10,4,one_per_animal,marginal,aps,0.05
LIVER,1.0,1.0,10,4,one_per_animal,marginal,aps,0.05
LUNG,1.0,1.0,10,4,one_per_animal,marginal,aps,0.05
OVARY,1.0,2.6,5,4,one_per_animal,marginal,aps,0.05
SKM-GN,1.0,2.0,10,4,one_per_animal,marginal,aps,0.05
SKM-VL,1.0,2.0,10,4,one_per_animal,marginal,aps,0.05
SMLINT,1.0,1.0,10,4,one_per_animal,marginal,aps,0.05
SPLEEN,1.0,1.0,10,4,one_per_animal,marginal,aps,0.05
TESTES,1.0,1.0,5,4,one_per_animal,marginal,aps,0.05
VENACV,1.0,2.4,10,4,one_per_animal,marginal,aps,0.05
WAT-SC,1.0,1.0,10,4,one_per_animal,marginal,aps,0.05
ADRNL,1.0,1.0,10,4,one_per_animal,marginal,aps,0.1
BAT,1.0,1.0,10,4,one_per_animal,marginal,aps,0.1
BLOOD,1.0,1.0,10,4,one_per_animal,marginal,aps,0.1
COLON,1.0,1.0,10,4,one_per_animal,marginal,aps,0.1
CORTEX,1.0,1.5,10,4,one_per_animal,marginal,aps,0.1
HEART,1.0,1.0,10,4,one_per_animal,marginal,aps,0.1
HIPPOC,1.0,1.6,10,4,one_per_animal,marginal,aps,0.1
HYPOTH,1.0,1.7,10,4,one_per_animal,marginal,aps,0.1
KIDNEY,1.0,1.0,10,4,one_per_animal,marginal,aps,0.1
LIVER,1.0,1.0,10,4,one_per_animal,marginal,aps,0.1
LUNG,1.0,1.0,10,4,one_per_animal,marginal,aps,0.1
OVARY,1.0,1.0,5,4,one_per_animal,marginal,aps,0.1
SKM-GN,1.0,2.0,10,4,one_per_animal,marginal,aps,0.1
SKM-VL,1.0,2.0,10,4,one_per_animal,marginal,aps,0.1
SMLINT,1.0,1.0,10,4,one_per_animal,marginal,aps,0.1
SPLEEN,1.0,1.0,10,4,one_per_animal,marginal,aps,0.1
TESTES,1.0,1.0,5,4,one_per_animal,marginal,aps,0.1
VENACV,1.0,1.4,10,4,one_per_animal,marginal,aps,0.1
WAT-SC,1.0,1.0,10,4,one_per_animal,marginal,aps,0.1
ADRNL,1.0,1.0,10,4,one_per_animal,marginal,aps,0.2
BAT,1.0,1.0,10,4,one_per_animal,marginal,aps,0.2
BLOOD,1.0,1.0,10,4,one_per_animal,marginal,aps,0.2
COLON,1.0,1.0,10,4,one_per_animal,marginal,aps,0.2
CORTEX,1.0,1.0,10,4,one_per_animal,marginal,aps,0.2
HEART,1.0,1.0,10,4,one_per_animal,marginal,aps,0.2
HIPPOC,1.0,1.0,10,4,one_per_animal,marginal,aps,0.2
HYPOTH,1.0,1.0,10,4,one_per_animal,marginal,aps,0.2
KIDNEY,1.0,1.0,10,4,one_per_animal,marginal,aps,0.2
LIVER,1.0,1.0,10,4,one_per_animal,marginal,aps,0.2
LUNG,1.0,1.0,10,4,one_per_animal,marginal,aps,0.2
OVARY,1.0,1.0,5,4,one_per_animal,marginal,aps,0.2
SKM-GN,1.0,1.1,10,4,one_per_animal,marginal,aps,0.2
SKM-VL,1.0,1.1,10,4,one_per_animal,marginal,aps,0.2
SMLINT,1.0,1.0,10,4,one_per_animal,marginal,aps,0.2
SPLEEN,1.0,1.0,10,4,one_per_animal,marginal,aps,0.2
TESTES,1.0,1.0,5,4,one_per_animal,marginal,aps,0.2
VENACV,0.8,1.1,10,4,one_per_animal,marginal,aps,0.2
WAT-SC,1.0,1.0,10,4,one_per_animal,marginal,aps,0.2
