k,n_cal,n_err,err_hat,ucb,certified,loss,fold,repeat,test_err
10,22,2,0.09090909090909091,0.22422393907340887,False,one_vial_per_animal,0,0,0.20670391061452514
15,22,1,0.045454545454545456,0.16558937371921467,False,one_vial_per_animal,0,0,0.03910614525139665
20,22,1,0.045454545454545456,0.16558937371921467,False,one_vial_per_animal,0,0,0.027932960893854747
30,22,1,0.045454545454545456,0.16558937371921467,False,one_vial_per_animal,0,0,0.027932960893854747
50,22,1,0.045454545454545456,0.16558937371921467,False,one_vial_per_animal,0,0,0.0223463687150838
100,22,1,0.045454545454545456,0.16558937371921467,False,one_vial_per_animal,0,0,0.0111731843575419
10,22,22,1.0,1.0,False,animal_any_tissue_wrong,0,0,0.20670391061452514
15,22,12,0.5454545454545454,0.695368230633624,False,animal_any_tissue_wrong,0,0,0.03910614525139665
20,22,9,0.4090909090909091,0.5675157196157017,False,animal_any_tissue_wrong,0,0,0.027932960893854747
30,22,7,0.3181818181818182,0.47684127185260844,False,animal_any_tissue_wrong,0,0,0.027932960893854747
50,22,7,0.3181818181818182,0.47684127185260844,False,animal_any_tissue_wrong,0,0,0.0223463687150838
100,22,7,0.3181818181818182,0.47684127185260844,False,animal_any_tissue_wrong,0,0,0.0111731843575419
10,22,3,0.13636363636363635,0.2789379766580925,False,one_vial_per_animal,0,1,0.1787709497206704
15,22,0,0.0,0.09937197978872149,True,one_vial_per_animal,0,1,0.0446927374301676
20,22,0,0.0,0.09937197978872149,True,one_vial_per_animal,0,1,0.03910614525139665
30,22,0,0.0,0.09937197978872149,True,one_vial_per_animal,0,1,0.03910614525139665
50,22,0,0.0,0.09937197978872149,True,one_vial_per_animal,0,1,0.01675977653631285
100,22,0,0.0,0.09937197978872149,True,one_vial_per_animal,0,1,0.01675977653631285
10,22,22,1.0,1.0,False,animal_any_tissue_wrong,0,1,0.1787709497206704
15,22,14,0.6363636363636364,0.7751664489844468,False,animal_any_tissue_wrong,0,1,0.0446927374301676
20,22,13,0.5909090909090909,0.7358382023864019,False,animal_any_tissue_wrong,0,1,0.03910614525139665
30,22,13,0.5909090909090909,0.7358382023864019,False,animal_any_tissue_wrong,0,1,0.03910614525139665
50,22,8,0.36363636363636365,0.5227499673740492,False,animal_any_tissue_wrong,0,1,0.01675977653631285
100,22,5,0.22727272727272727,0.3811716983807236,False,animal_any_tissue_wrong,0,1,0.01675977653631285
10,22,4,0.18181818181818182,0.33104036767050016,False,one_vial_per_animal,0,2,0.20670391061452514
15,22,1,0.045454545454545456,0.16558937371921467,False,one_vial_per_animal,0,2,0.01675977653631285
20,22,0,0.0,0.09937197978872149,True,one_vial_per_animal,0,2,0.0111731843575419
30,22,0,0.0,0.09937197978872149,True,one_vial_per_animal,0,2,0.0111731843575419
50,22,0,0.0,0.09937197978872149,True,one_vial_per_animal,0,2,0.0111731843575419
100,22,0,0.0,0.09937197978872149,True,one_vial_per_animal,0,2,0.0111731843575419
10,22,22,1.0,1.0,False,animal_any_tissue_wrong,0,2,0.20670391061452514
15,22,7,0.3181818181818182,0.47684127185260844,False,animal_any_tissue_wrong,0,2,0.01675977653631285
20,22,4,0.18181818181818182,0.33104036767050016,False,animal_any_tissue_wrong,0,2,0.0111731843575419
30,22,4,0.18181818181818182,0.33104036767050016,False,animal_any_tissue_wrong,0,2,0.0111731843575419
50,22,3,0.13636363636363635,0.2789379766580925,False,animal_any_tissue_wrong,0,2,0.0111731843575419
100,22,2,0.09090909090909091,0.22422393907340887,False,animal_any_tissue_wrong,0,2,0.0111731843575419
10,22,2,0.09090909090909091,0.22422393907340887,False,one_vial_per_animal,0,3,0.18435754189944134
15,22,0,0.0,0.09937197978872149,True,one_vial_per_animal,0,3,0.027932960893854747
20,22,0,0.0,0.09937197978872149,True,one_vial_per_animal,0,3,0.027932960893854747
30,22,0,0.0,0.09937197978872149,True,one_vial_per_animal,0,3,0.027932960893854747
50,22,0,0.0,0.09937197978872149,True,one_vial_per_animal,0,3,0.0223463687150838
100,22,0,0.0,0.09937197978872149,True,one_vial_per_animal,0,3,0.0111731843575419
10,22,22,1.0,1.0,False,animal_any_tissue_wrong,0,3,0.18435754189944134
15,22,10,0.45454545454545453,0.61119418808616,False,animal_any_tissue_wrong,0,3,0.027932960893854747
20,22,10,0.45454545454545453,0.61119418808616,False,animal_any_tissue_wrong,0,3,0.027932960893854747
30,22,9,0.4090909090909091,0.5675157196157017,False,animal_any_tissue_wrong,0,3,0.027932960893854747
50,22,7,0.3181818181818182,0.47684127185260844,False,animal_any_tissue_wrong,0,3,0.0223463687150838
100,22,4,0.18181818181818182,0.33104036767050016,False,animal_any_tissue_wrong,0,3,0.0111731843575419
10,22,3,0.13636363636363635,0.2789379766580925,False,one_vial_per_animal,0,4,0.18994413407821228
15,22,0,0.0,0.09937197978872149,False,one_vial_per_animal,0,4,0.0335195530726257
20,22,1,0.045454545454545456,0.16558937371921467,False,one_vial_per_animal,0,4,0.0223463687150838
30,22,1,0.045454545454545456,0.16558937371921467,False,one_vial_per_animal,0,4,0.027932960893854747
50,22,1,0.045454545454545456,0.16558937371921467,False,one_vial_per_animal,0,4,0.0223463687150838
100,22,0,0.0,0.09937197978872149,True,one_vial_per_animal,0,4,0.0111731843575419
10,22,22,1.0,1.0,False,animal_any_tissue_wrong,0,4,0.18994413407821228
15,22,13,0.5909090909090909,0.7358382023864019,False,animal_any_tissue_wrong,0,4,0.0335195530726257
20,22,7,0.3181818181818182,0.47684127185260844,False,animal_any_tissue_wrong,0,4,0.0223463687150838
30,22,7,0.3181818181818182,0.47684127185260844,False,animal_any_tissue_wrong,0,4,0.027932960893854747
50,22,6,0.2727272727272727,0.4296968137318639,False,animal_any_tissue_wrong,0,4,0.0223463687150838
100,22,4,0.18181818181818182,0.33104036767050016,False,animal_any_tissue_wrong,0,4,0.0111731843575419
10,22,5,0.22727272727272727,0.3811716983807236,False,one_vial_per_animal,0,5,0.20670391061452514
15,22,2,0.09090909090909091,0.22422393907340887,False,one_vial_per_animal,0,5,0.0446927374301676
20,22,2,0.09090909090909091,0.22422393907340887,False,one_vial_per_animal,0,5,0.03910614525139665
30,22,2,0.09090909090909091,0.22422393907340887,False,one_vial_per_animal,0,5,0.0335195530726257
50,22,0,0.0,0.09937197978872149,True,one_vial_per_animal,0,5,0.0223463687150838
100,22,0,0.0,0.09937197978872149,True,one_vial_per_animal,0,5,0.01675977653631285
10,22,22,1.0,1.0,False,animal_any_tissue_wrong,0,5,0.20670391061452514
15,22,17,0.7727272727272727,0.885095462363173,False,animal_any_tissue_wrong,0,5,0.0446927374301676
20,22,16,0.7272727272727273,0.8499783130826641,False,animal_any_tissue_wrong,0,5,0.03910614525139665
30,22,14,0.6363636363636364,0.7751664489844468,False,animal_any_tissue_wrong,0,5,0.0335195530726257
50,22,6,0.2727272727272727,0.4296968137318639,False,animal_any_tissue_wrong,0,5,0.0223463687150838
100,22,5,0.22727272727272727,0.3811716983807236,False,animal_any_tissue_wrong,0,5,0.01675977653631285
10,22,2,0.09090909090909091,0.22422393907340887,False,one_vial_per_animal,0,6,0.18994413407821228
15,22,0,0.0,0.09937197978872149,True,one_vial_per_animal,0,6,0.0446927374301676
20,22,0,0.0,0.09937197978872149,True,one_vial_per_animal,0,6,0.03910614525139665
30,22,0,0.0,0.09937197978872149,True,one_vial_per_animal,0,6,0.0335195530726257
50,22,0,0.0,0.09937197978872149,True,one_vial_per_animal,0,6,0.01675977653631285
100,22,0,0.0,0.09937197978872149,True,one_vial_per_animal,0,6,0.0111731843575419
10,22,22,1.0,1.0,False,animal_any_tissue_wrong,0,6,0.18994413407821228
15,22,10,0.45454545454545453,0.61119418808616,False,animal_any_tissue_wrong,0,6,0.0446927374301676
20,22,10,0.45454545454545453,0.61119418808616,False,animal_any_tissue_wrong,0,6,0.03910614525139665
30,22,10,0.45454545454545453,0.61119418808616,False,animal_any_tissue_wrong,0,6,0.0335195530726257
50,22,6,0.2727272727272727,0.4296968137318639,False,animal_any_tissue_wrong,0,6,0.01675977653631285
100,22,5,0.22727272727272727,0.3811716983807236,False,animal_any_tissue_wrong,0,6,0.0111731843575419
10,22,3,0.13636363636363635,0.2789379766580925,False,one_vial_per_animal,0,7,0.18435754189944134
15,22,0,0.0,0.09937197978872149,True,one_vial_per_animal,0,7,0.03910614525139665
20,22,0,0.0,0.09937197978872149,True,one_vial_per_animal,0,7,0.03910614525139665
30,22,0,0.0,0.09937197978872149,True,one_vial_per_animal,0,7,0.0446927374301676
50,22,0,0.0,0.09937197978872149,True,one_vial_per_animal,0,7,0.027932960893854747
100,22,0,0.0,0.09937197978872149,True,one_vial_per_animal,0,7,0.01675977653631285
10,22,22,1.0,1.0,False,animal_any_tissue_wrong,0,7,0.18435754189944134
15,22,16,0.7272727272727273,0.8499783130826641,False,animal_any_tissue_wrong,0,7,0.03910614525139665
20,22,5,0.22727272727272727,0.3811716983807236,False,animal_any_tissue_wrong,0,7,0.03910614525139665
30,22,5,0.22727272727272727,0.3811716983807236,False,animal_any_tissue_wrong,0,7,0.0446927374301676
50,22,5,0.22727272727272727,0.3811716983807236,False,animal_any_tissue_wrong,0,7,0.027932960893854747
100,22,6,0.2727272727272727,0.4296968137318639,False,animal_any_tissue_wrong,0,7,0.01675977653631285
10,22,6,0.2727272727272727,0.4296968137318639,False,one_vial_per_animal,0,8,0.18435754189944134
15,22,2,0.09090909090909091,0.22422393907340887,False,one_vial_per_animal,0,8,0.0670391061452514
20,22,0,0.0,0.09937197978872149,True,one_vial_per_animal,0,8,0.027932960893854747
30,22,0,0.0,0.09937197978872149,True,one_vial_per_animal,0,8,0.027932960893854747
50,22,0,0.0,0.09937197978872149,True,one_vial_per_animal,0,8,0.01675977653631285
100,22,0,0.0,0.09937197978872149,True,one_vial_per_animal,0,8,0.0111731843575419
10,22,22,1.0,1.0,False,animal_any_tissue_wrong,0,8,0.18435754189944134
15,22,19,0.8636363636363636,0.948825870112923,False,animal_any_tissue_wrong,0,8,0.0670391061452514
20,22,7,0.3181818181818182,0.47684127185260844,False,animal_any_tissue_wrong,0,8,0.027932960893854747
30,22,6,0.2727272727272727,0.4296968137318639,False,animal_any_tissue_wrong,0,8,0.027932960893854747
50,22,5,0.22727272727272727,0.3811716983807236,False,animal_any_tissue_wrong,0,8,0.01675977653631285
100,22,1,0.045454545454545456,0.16558937371921467,False,animal_any_tissue_wrong,0,8,0.0111731843575419
10,22,4,0.18181818181818182,0.33104036767050016,False,one_vial_per_animal,0,9,0.16759776536312848
15,22,0,0.0,0.09937197978872149,False,one_vial_per_animal,0,9,0.027932960893854747
20,22,0,0.0,0.09937197978872149,False,one_vial_per_animal,0,9,0.0111731843575419
30,22,0,0.0,0.09937197978872149,False,one_vial_per_animal,0,9,0.0111731843575419
50,22,1,0.045454545454545456,0.16558937371921467,False,one_vial_per_animal,0,9,0.0111731843575419
100,22,1,0.045454545454545456,0.16558937371921467,False,one_vial_per_animal,0,9,0.0111731843575419
10,22,22,1.0,1.0,False,animal_any_tissue_wrong,0,9,0.16759776536312848
15,22,10,0.45454545454545453,0.61119418808616,False,animal_any_tissue_wrong,0,9,0.027932960893854747
20,22,5,0.22727272727272727,0.3811716983807236,False,animal_any_tissue_wrong,0,9,0.0111731843575419
30,22,5,0.22727272727272727,0.3811716983807236,False,animal_any_tissue_wrong,0,9,0.0111731843575419
50,22,6,0.2727272727272727,0.4296968137318639,False,animal_any_tissue_wrong,0,9,0.0111731843575419
100,22,6,0.2727272727272727,0.4296968137318639,False,animal_any_tissue_wrong,0,9,0.0111731843575419
10,22,1,0.045454545454545456,0.16558937371921467,False,one_vial_per_animal,0,10,0.1564245810055866
15,22,0,0.0,0.09937197978872149,True,one_vial_per_animal,0,10,0.055865921787709494
20,22,0,0.0,0.09937197978872149,True,one_vial_per_animal,0,10,0.0223463687150838
30,22,0,0.0,0.09937197978872149,True,one_vial_per_animal,0,10,0.0223463687150838
50,22,0,0.0,0.09937197978872149,True,one_vial_per_animal,0,10,0.0223463687150838
100,22,0,0.0,0.09937197978872149,True,one_vial_per_animal,0,10,0.0111731843575419
10,22,22,1.0,1.0,False,animal_any_tissue_wrong,0,10,0.1564245810055866
15,22,16,0.7272727272727273,0.8499783130826641,False,animal_any_tissue_wrong,0,10,0.055865921787709494
20,22,5,0.22727272727272727,0.3811716983807236,False,animal_any_tissue_wrong,0,10,0.0223463687150838
30,22,4,0.18181818181818182,0.33104036767050016,False,animal_any_tissue_wrong,0,10,0.0223463687150838
50,22,4,0.18181818181818182,0.33104036767050016,False,animal_any_tissue_wrong,0,10,0.0223463687150838
100,22,3,0.13636363636363635,0.2789379766580925,False,animal_any_tissue_wrong,0,10,0.0111731843575419
10,22,3,0.13636363636363635,0.2789379766580925,False,one_vial_per_animal,0,11,0.19553072625698323
15,22,2,0.09090909090909091,0.22422393907340887,False,one_vial_per_animal,0,11,0.0782122905027933
20,22,0,0.0,0.09937197978872149,True,one_vial_per_animal,0,11,0.03910614525139665
30,22,0,0.0,0.09937197978872149,True,one_vial_per_animal,0,11,0.03910614525139665
50,22,0,0.0,0.09937197978872149,True,one_vial_per_animal,0,11,0.0111731843575419
100,22,0,0.0,0.09937197978872149,True,one_vial_per_animal,0,11,0.0111731843575419
10,22,22,1.0,1.0,False,animal_any_tissue_wrong,0,11,0.19553072625698323
15,22,19,0.8636363636363636,0.948825870112923,False,animal_any_tissue_wrong,0,11,0.0782122905027933
20,22,11,0.5,0.6538116237657252,False,animal_any_tissue_wrong,0,11,0.03910614525139665
30,22,9,0.4090909090909091,0.5675157196157017,False,animal_any_tissue_wrong,0,11,0.03910614525139665
50,22,3,0.13636363636363635,0.2789379766580925,False,animal_any_tissue_wrong,0,11,0.0111731843575419
100,22,3,0.13636363636363635,0.2789379766580925,False,animal_any_tissue_wrong,0,11,0.0111731843575419
10,22,2,0.09090909090909091,0.22422393907340887,False,one_vial_per_animal,0,12,0.1787709497206704
15,22,0,0.0,0.09937197978872149,True,one_vial_per_animal,0,12,0.0335195530726257
20,22,0,0.0,0.09937197978872149,True,one_vial_per_animal,0,12,0.0223463687150838
30,22,0,0.0,0.09937197978872149,True,one_vial_per_animal,0,12,0.027932960893854747
50,22,0,0.0,0.09937197978872149,True,one_vial_per_animal,0,12,0.0223463687150838
100,22,0,0.0,0.09937197978872149,True,one_vial_per_animal,0,12,0.0111731843575419
10,22,22,1.0,1.0,False,animal_any_tissue_wrong,0,12,0.1787709497206704
15,22,11,0.5,0.6538116237657252,False,animal_any_tissue_wrong,0,12,0.0335195530726257
20,22,8,0.36363636363636365,0.5227499673740492,False,animal_any_tissue_wrong,0,12,0.0223463687150838
30,22,8,0.36363636363636365,0.5227499673740492,False,animal_any_tissue_wrong,0,12,0.027932960893854747
50,22,7,0.3181818181818182,0.47684127185260844,False,animal_any_tissue_wrong,0,12,0.0223463687150838
100,22,4,0.18181818181818182,0.33104036767050016,False,animal_any_tissue_wrong,0,12,0.0111731843575419
10,22,4,0.18181818181818182,0.33104036767050016,False,one_vial_per_animal,0,13,0.20670391061452514
15,22,0,0.0,0.09937197978872149,True,one_vial_per_animal,0,13,0.0446927374301676
20,22,0,0.0,0.09937197978872149,True,one_vial_per_animal,0,13,0.03910614525139665
30,22,0,0.0,0.09937197978872149,True,one_vial_per_animal,0,13,0.0335195530726257
50,22,0,0.0,0.09937197978872149,True,one_vial_per_animal,0,13,0.01675977653631285
100,22,0,0.0,0.09937197978872149,True,one_vial_per_animal,0,13,0.01675977653631285
10,22,22,1.0,1.0,False,animal_any_tissue_wrong,0,13,0.20670391061452514
15,22,15,0.6818181818181818,0.8132609881351955,False,animal_any_tissue_wrong,0,13,0.0446927374301676
20,22,12,0.5454545454545454,0.695368230633624,False,animal_any_tissue_wrong,0,13,0.03910614525139665
30,22,12,0.5454545454545454,0.695368230633624,False,animal_any_tissue_wrong,0,13,0.0335195530726257
50,22,7,0.3181818181818182,0.47684127185260844,False,animal_any_tissue_wrong,0,13,0.01675977653631285
100,22,7,0.3181818181818182,0.47684127185260844,False,animal_any_tissue_wrong,0,13,0.01675977653631285
10,22,4,0.18181818181818182,0.33104036767050016,False,one_vial_per_animal,0,14,0.18435754189944134
15,22,1,0.045454545454545456,0.16558937371921467,False,one_vial_per_animal,0,14,0.027932960893854747
20,22,1,0.045454545454545456,0.16558937371921467,False,one_vial_per_animal,0,14,0.0223463687150838
30,22,1,0.045454545454545456,0.16558937371921467,False,one_vial_per_animal,0,14,0.0223463687150838
50,22,1,0.045454545454545456,0.16558937371921467,False,one_vial_per_animal,0,14,0.0223463687150838
100,22,0,0.0,0.09937197978872149,True,one_vial_per_animal,0,14,0.0111731843575419
10,22,22,1.0,1.0,False,animal_any_tissue_wrong,0,14,0.18435754189944134
15,22,11,0.5,0.6538116237657252,False,animal_any_tissue_wrong,0,14,0.027932960893854747
20,22,10,0.45454545454545453,0.61119418808616,False,animal_any_tissue_wrong,0,14,0.0223463687150838
30,22,9,0.4090909090909091,0.5675157196157017,False,animal_any_tissue_wrong,0,14,0.0223463687150838
50,22,7,0.3181818181818182,0.47684127185260844,False,animal_any_tissue_wrong,0,14,0.0223463687150838
100,22,5,0.22727272727272727,0.3811716983807236,False,animal_any_tissue_wrong,0,14,0.0111731843575419
10,22,4,0.18181818181818182,0.33104036767050016,False,one_vial_per_animal,0,15,0.20670391061452514
15,22,0,0.0,0.09937197978872149,True,one_vial_per_animal,0,15,0.0335195530726257
20,22,0,0.0,0.09937197978872149,True,one_vial_per_animal,0,15,0.0223463687150838
30,22,0,0.0,0.09937197978872149,True,one_vial_per_animal,0,15,0.0223463687150838
50,22,0,0.0,0.09937197978872149,True,one_vial_per_animal,0,15,0.0223463687150838
100,22,0,0.0,0.09937197978872149,True,one_vial_per_animal,0,15,0.0111731843575419
10,22,22,1.0,1.0,False,animal_any_tissue_wrong,0,15,0.20670391061452514
15,22,11,0.5,0.6538116237657252,False,animal_any_tissue_wrong,0,15,0.0335195530726257
20,22,9,0.4090909090909091,0.5675157196157017,False,animal_any_tissue_wrong,0,15,0.0223463687150838
30,22,8,0.36363636363636365,0.5227499673740492,False,animal_any_tissue_wrong,0,15,0.0223463687150838
50,22,7,0.3181818181818182,0.47684127185260844,False,animal_any_tissue_wrong,0,15,0.0223463687150838
100,22,5,0.22727272727272727,0.3811716983807236,False,animal_any_tissue_wrong,0,15,0.0111731843575419
10,22,5,0.22727272727272727,0.3811716983807236,False,one_vial_per_animal,0,16,0.2122905027932961
15,22,2,0.09090909090909091,0.22422393907340887,False,one_vial_per_animal,0,16,0.0670391061452514
20,22,1,0.045454545454545456,0.16558937371921467,False,one_vial_per_animal,0,16,0.05027932960893855
30,22,1,0.045454545454545456,0.16558937371921467,False,one_vial_per_animal,0,16,0.0446927374301676
50,22,1,0.045454545454545456,0.16558937371921467,False,one_vial_per_animal,0,16,0.0111731843575419
100,22,1,0.045454545454545456,0.16558937371921467,False,one_vial_per_animal,0,16,0.0111731843575419
10,22,22,1.0,1.0,False,animal_any_tissue_wrong,0,16,0.2122905027932961
15,22,20,0.9090909090909091,0.975560304446564,False,animal_any_tissue_wrong,0,16,0.0670391061452514
20,22,12,0.5454545454545454,0.695368230633624,False,animal_any_tissue_wrong,0,16,0.05027932960893855
30,22,13,0.5909090909090909,0.7358382023864019,False,animal_any_tissue_wrong,0,16,0.0446927374301676
50,22,4,0.18181818181818182,0.33104036767050016,False,animal_any_tissue_wrong,0,16,0.0111731843575419
100,22,2,0.09090909090909091,0.22422393907340887,False,animal_any_tissue_wrong,0,16,0.0111731843575419
10,22,5,0.22727272727272727,0.3811716983807236,False,one_vial_per_animal,0,17,0.2011173184357542
15,22,2,0.09090909090909091,0.22422393907340887,False,one_vial_per_animal,0,17,0.055865921787709494
20,22,1,0.045454545454545456,0.16558937371921467,False,one_vial_per_animal,0,17,0.01675977653631285
30,22,1,0.045454545454545456,0.16558937371921467,False,one_vial_per_animal,0,17,0.01675977653631285
50,22,0,0.0,0.09937197978872149,True,one_vial_per_animal,0,17,0.01675977653631285
100,22,0,0.0,0.09937197978872149,True,one_vial_per_animal,0,17,0.0111731843575419
10,22,22,1.0,1.0,False,animal_any_tissue_wrong,0,17,0.2011173184357542
15,22,18,0.8181818181818182,0.9182532067479084,False,animal_any_tissue_wrong,0,17,0.055865921787709494
20,22,8,0.36363636363636365,0.5227499673740492,False,animal_any_tissue_wrong,0,17,0.01675977653631285
30,22,7,0.3181818181818182,0.47684127185260844,False,animal_any_tissue_wrong,0,17,0.01675977653631285
50,22,3,0.13636363636363635,0.2789379766580925,False,animal_any_tissue_wrong,0,17,0.01675977653631285
100,22,3,0.13636363636363635,0.2789379766580925,False,animal_any_tissue_wrong,0,17,0.0111731843575419
10,22,8,0.36363636363636365,0.5227499673740492,False,one_vial_per_animal,0,18,0.2122905027932961
15,22,2,0.09090909090909091,0.22422393907340887,False,one_vial_per_animal,0,18,0.0782122905027933
20,22,0,0.0,0.09937197978872149,True,one_vial_per_animal,0,18,0.03910614525139665
30,22,0,0.0,0.09937197978872149,True,one_vial_per_animal,0,18,0.027932960893854747
50,22,0,0.0,0.09937197978872149,True,one_vial_per_animal,0,18,0.0111731843575419
100,22,0,0.0,0.09937197978872149,True,one_vial_per_animal,0,18,0.0111731843575419
10,22,22,1.0,1.0,False,animal_any_tissue_wrong,0,18,0.2122905027932961
15,22,17,0.7727272727272727,0.885095462363173,False,animal_any_tissue_wrong,0,18,0.0782122905027933
20,22,12,0.5454545454545454,0.695368230633624,False,animal_any_tissue_wrong,0,18,0.03910614525139665
30,22,11,0.5,0.6538116237657252,False,animal_any_tissue_wrong,0,18,0.027932960893854747
50,22,5,0.22727272727272727,0.3811716983807236,False,animal_any_tissue_wrong,0,18,0.0111731843575419
100,22,4,0.18181818181818182,0.33104036767050016,False,animal_any_tissue_wrong,0,18,0.0111731843575419
10,22,6,0.2727272727272727,0.4296968137318639,False,one_vial_per_animal,0,19,0.18994413407821228
15,22,1,0.045454545454545456,0.16558937371921467,False,one_vial_per_animal,0,19,0.03910614525139665
20,22,1,0.045454545454545456,0.16558937371921467,False,one_vial_per_animal,0,19,0.0223463687150838
30,22,1,0.045454545454545456,0.16558937371921467,False,one_vial_per_animal,0,19,0.0223463687150838
50,22,0,0.0,0.09937197978872149,True,one_vial_per_animal,0,19,0.0223463687150838
100,22,0,0.0,0.09937197978872149,True,one_vial_per_animal,0,19,0.0111731843575419
10,22,22,1.0,1.0,False,animal_any_tissue_wrong,0,19,0.18994413407821228
15,22,11,0.5,0.6538116237657252,False,animal_any_tissue_wrong,0,19,0.03910614525139665
20,22,8,0.36363636363636365,0.5227499673740492,False,animal_any_tissue_wrong,0,19,0.0223463687150838
30,22,8,0.36363636363636365,0.5227499673740492,False,animal_any_tissue_wrong,0,19,0.0223463687150838
50,22,5,0.22727272727272727,0.3811716983807236,False,animal_any_tissue_wrong,0,19,0.0223463687150838
100,22,3,0.13636363636363635,0.2789379766580925,False,animal_any_tissue_wrong,0,19,0.0111731843575419
10,22,2,0.09090909090909091,0.22422393907340887,False,one_vial_per_animal,1,0,0.17777777777777778
15,22,0,0.0,0.09937197978872149,True,one_vial_per_animal,1,0,0.03333333333333333
20,22,0,0.0,0.09937197978872149,True,one_vial_per_animal,1,0,0.027777777777777776
30,22,0,0.0,0.09937197978872149,True,one_vial_per_animal,1,0,0.022222222222222223
50,22,0,0.0,0.09937197978872149,True,one_vial_per_animal,1,0,0.016666666666666666
100,22,0,0.0,0.09937197978872149,True,one_vial_per_animal,1,0,0.011111111111111112
10,22,22,1.0,1.0,False,animal_any_tissue_wrong,1,0,0.17777777777777778
15,22,11,0.5,0.6538116237657252,False,animal_any_tissue_wrong,1,0,0.03333333333333333
20,22,9,0.4090909090909091,0.5675157196157017,False,animal_any_tissue_wrong,1,0,0.027777777777777776
30,22,8,0.36363636363636365,0.5227499673740492,False,animal_any_tissue_wrong,1,0,0.022222222222222223
50,22,8,0.36363636363636365,0.5227499673740492,False,animal_any_tissue_wrong,1,0,0.016666666666666666
100,22,3,0.13636363636363635,0.2789379766580925,False,animal_any_tissue_wrong,1,0,0.011111111111111112
10,22,5,0.22727272727272727,0.3811716983807236,False,one_vial_per_animal,1,1,0.20555555555555555
15,22,3,0.13636363636363635,0.2789379766580925,False,one_vial_per_animal,1,1,0.07777777777777778
20,22,3,0.13636363636363635,0.2789379766580925,False,one_vial_per_animal,1,1,0.044444444444444446
30,22,3,0.13636363636363635,0.2789379766580925,False,one_vial_per_animal,1,1,0.05
50,22,1,0.045454545454545456,0.16558937371921467,False,one_vial_per_animal,1,1,0.011111111111111112
100,22,1,0.045454545454545456,0.16558937371921467,False,one_vial_per_animal,1,1,0.011111111111111112
10,22,22,1.0,1.0,False,animal_any_tissue_wrong,1,1,0.20555555555555555
15,22,18,0.8181818181818182,0.9182532067479084,False,animal_any_tissue_wrong,1,1,0.07777777777777778
20,22,17,0.7727272727272727,0.885095462363173,False,animal_any_tissue_wrong,1,1,0.044444444444444446
30,22,14,0.6363636363636364,0.7751664489844468,False,animal_any_tissue_wrong,1,1,0.05
50,22,5,0.22727272727272727,0.3811716983807236,False,animal_any_tissue_wrong,1,1,0.011111111111111112
100,22,4,0.18181818181818182,0.33104036767050016,False,animal_any_tissue_wrong,1,1,0.011111111111111112
10,22,5,0.22727272727272727,0.3811716983807236,False,one_vial_per_animal,1,2,0.2222222222222222
15,22,1,0.045454545454545456,0.16558937371921467,False,one_vial_per_animal,1,2,0.027777777777777776
20,22,1,0.045454545454545456,0.16558937371921467,False,one_vial_per_animal,1,2,0.005555555555555556
30,22,1,0.045454545454545456,0.16558937371921467,False,one_vial_per_animal,1,2,0.005555555555555556
50,22,1,0.045454545454545456,0.16558937371921467,False,one_vial_per_animal,1,2,0.005555555555555556
100,22,1,0.045454545454545456,0.16558937371921467,False,one_vial_per_animal,1,2,0.005555555555555556
10,22,22,1.0,1.0,False,animal_any_tissue_wrong,1,2,0.2222222222222222
15,22,8,0.36363636363636365,0.5227499673740492,False,animal_any_tissue_wrong,1,2,0.027777777777777776
20,22,4,0.18181818181818182,0.33104036767050016,False,animal_any_tissue_wrong,1,2,0.005555555555555556
30,22,3,0.13636363636363635,0.2789379766580925,False,animal_any_tissue_wrong,1,2,0.005555555555555556
50,22,4,0.18181818181818182,0.33104036767050016,False,animal_any_tissue_wrong,1,2,0.005555555555555556
100,22,4,0.18181818181818182,0.33104036767050016,False,animal_any_tissue_wrong,1,2,0.005555555555555556
10,22,3,0.13636363636363635,0.2789379766580925,False,one_vial_per_animal,1,3,0.19444444444444445
15,22,1,0.045454545454545456,0.16558937371921467,False,one_vial_per_animal,1,3,0.044444444444444446
20,22,0,0.0,0.09937197978872149,True,one_vial_per_animal,1,3,0.011111111111111112
30,22,0,0.0,0.09937197978872149,True,one_vial_per_animal,1,3,0.011111111111111112
50,22,0,0.0,0.09937197978872149,True,one_vial_per_animal,1,3,0.011111111111111112
100,22,0,0.0,0.09937197978872149,True,one_vial_per_animal,1,3,0.011111111111111112
10,22,22,1.0,1.0,False,animal_any_tissue_wrong,1,3,0.19444444444444445
15,22,19,0.8636363636363636,0.948825870112923,False,animal_any_tissue_wrong,1,3,0.044444444444444446
20,22,8,0.36363636363636365,0.5227499673740492,False,animal_any_tissue_wrong,1,3,0.011111111111111112
30,22,8,0.36363636363636365,0.5227499673740492,False,animal_any_tissue_wrong,1,3,0.011111111111111112
50,22,4,0.18181818181818182,0.33104036767050016,False,animal_any_tissue_wrong,1,3,0.011111111111111112
100,22,4,0.18181818181818182,0.33104036767050016,False,animal_any_tissue_wrong,1,3,0.011111111111111112
10,22,6,0.2727272727272727,0.4296968137318639,False,one_vial_per_animal,1,4,0.21666666666666667
15,22,1,0.045454545454545456,0.16558937371921467,False,one_vial_per_animal,1,4,0.03333333333333333
20,22,1,0.045454545454545456,0.16558937371921467,False,one_vial_per_animal,1,4,0.022222222222222223
30,22,1,0.045454545454545456,0.16558937371921467,False,one_vial_per_animal,1,4,0.022222222222222223
50,22,1,0.045454545454545456,0.16558937371921467,False,one_vial_per_animal,1,4,0.022222222222222223
100,22,1,0.045454545454545456,0.16558937371921467,False,one_vial_per_animal,1,4,0.011111111111111112
10,22,22,1.0,1.0,False,animal_any_tissue_wrong,1,4,0.21666666666666667
15,22,12,0.5454545454545454,0.695368230633624,False,animal_any_tissue_wrong,1,4,0.03333333333333333
20,22,11,0.5,0.6538116237657252,False,animal_any_tissue_wrong,1,4,0.022222222222222223
30,22,11,0.5,0.6538116237657252,False,animal_any_tissue_wrong,1,4,0.022222222222222223
50,22,11,0.5,0.6538116237657252,False,animal_any_tissue_wrong,1,4,0.022222222222222223
100,22,8,0.36363636363636365,0.5227499673740492,False,animal_any_tissue_wrong,1,4,0.011111111111111112
10,22,3,0.13636363636363635,0.2789379766580925,False,one_vial_per_animal,1,5,0.2
15,22,1,0.045454545454545456,0.16558937371921467,False,one_vial_per_animal,1,5,0.027777777777777776
20,22,1,0.045454545454545456,0.16558937371921467,False,one_vial_per_animal,1,5,0.005555555555555556
30,22,1,0.045454545454545456,0.16558937371921467,False,one_vial_per_animal,1,5,0.005555555555555556
50,22,0,0.0,0.09937197978872149,True,one_vial_per_animal,1,5,0.005555555555555556
100,22,0,0.0,0.09937197978872149,True,one_vial_per_animal,1,5,0.005555555555555556
10,22,22,1.0,1.0,False,animal_any_tissue_wrong,1,5,0.2
15,22,12,0.5454545454545454,0.695368230633624,False,animal_any_tissue_wrong,1,5,0.027777777777777776
20,22,7,0.3181818181818182,0.47684127185260844,False,animal_any_tissue_wrong,1,5,0.005555555555555556
30,22,7,0.3181818181818182,0.47684127185260844,False,animal_any_tissue_wrong,1,5,0.005555555555555556
50,22,6,0.2727272727272727,0.4296968137318639,False,animal_any_tissue_wrong,1,5,0.005555555555555556
100,22,4,0.18181818181818182,0.33104036767050016,False,animal_any_tissue_wrong,1,5,0.005555555555555556
10,22,1,0.045454545454545456,0.16558937371921467,False,one_vial_per_animal,1,6,0.21666666666666667
15,22,0,0.0,0.09937197978872149,True,one_vial_per_animal,1,6,0.027777777777777776
20,22,0,0.0,0.09937197978872149,True,one_vial_per_animal,1,6,0.022222222222222223
30,22,0,0.0,0.09937197978872149,True,one_vial_per_animal,1,6,0.022222222222222223
50,22,0,0.0,0.09937197978872149,True,one_vial_per_animal,1,6,0.022222222222222223
100,22,0,0.0,0.09937197978872149,True,one_vial_per_animal,1,6,0.011111111111111112
10,22,22,1.0,1.0,False,animal_any_tissue_wrong,1,6,0.21666666666666667
15,22,10,0.45454545454545453,0.61119418808616,False,animal_any_tissue_wrong,1,6,0.027777777777777776
20,22,7,0.3181818181818182,0.47684127185260844,False,animal_any_tissue_wrong,1,6,0.022222222222222223
30,22,7,0.3181818181818182,0.47684127185260844,False,animal_any_tissue_wrong,1,6,0.022222222222222223
50,22,8,0.36363636363636365,0.5227499673740492,False,animal_any_tissue_wrong,1,6,0.022222222222222223
100,22,5,0.22727272727272727,0.3811716983807236,False,animal_any_tissue_wrong,1,6,0.011111111111111112
10,22,11,0.5,0.6538116237657252,False,one_vial_per_animal,1,7,0.2111111111111111
15,22,2,0.09090909090909091,0.22422393907340887,False,one_vial_per_animal,1,7,0.016666666666666666
20,22,1,0.045454545454545456,0.16558937371921467,False,one_vial_per_animal,1,7,0.011111111111111112
30,22,1,0.045454545454545456,0.16558937371921467,False,one_vial_per_animal,1,7,0.011111111111111112
50,22,1,0.045454545454545456,0.16558937371921467,False,one_vial_per_animal,1,7,0.011111111111111112
100,22,1,0.045454545454545456,0.16558937371921467,False,one_vial_per_animal,1,7,0.016666666666666666
10,22,22,1.0,1.0,False,animal_any_tissue_wrong,1,7,0.2111111111111111
15,22,11,0.5,0.6538116237657252,False,animal_any_tissue_wrong,1,7,0.016666666666666666
20,22,7,0.3181818181818182,0.47684127185260844,False,animal_any_tissue_wrong,1,7,0.011111111111111112
30,22,7,0.3181818181818182,0.47684127185260844,False,animal_any_tissue_wrong,1,7,0.011111111111111112
50,22,7,0.3181818181818182,0.47684127185260844,False,animal_any_tissue_wrong,1,7,0.011111111111111112
100,22,8,0.36363636363636365,0.5227499673740492,False,animal_any_tissue_wrong,1,7,0.016666666666666666
10,22,1,0.045454545454545456,0.16558937371921467,False,one_vial_per_animal,1,8,0.2111111111111111
15,22,1,0.045454545454545456,0.16558937371921467,False,one_vial_per_animal,1,8,0.022222222222222223
20,22,1,0.045454545454545456,0.16558937371921467,False,one_vial_per_animal,1,8,0.011111111111111112
30,22,1,0.045454545454545456,0.16558937371921467,False,one_vial_per_animal,1,8,0.011111111111111112
50,22,1,0.045454545454545456,0.16558937371921467,False,one_vial_per_animal,1,8,0.011111111111111112
100,22,0,0.0,0.09937197978872149,True,one_vial_per_animal,1,8,0.011111111111111112
10,22,22,1.0,1.0,False,animal_any_tissue_wrong,1,8,0.2111111111111111
15,22,8,0.36363636363636365,0.5227499673740492,False,animal_any_tissue_wrong,1,8,0.022222222222222223
20,22,5,0.22727272727272727,0.3811716983807236,False,animal_any_tissue_wrong,1,8,0.011111111111111112
30,22,6,0.2727272727272727,0.4296968137318639,False,animal_any_tissue_wrong,1,8,0.011111111111111112
50,22,6,0.2727272727272727,0.4296968137318639,False,animal_any_tissue_wrong,1,8,0.011111111111111112
100,22,5,0.22727272727272727,0.3811716983807236,False,animal_any_tissue_wrong,1,8,0.011111111111111112
10,22,8,0.36363636363636365,0.5227499673740492,False,one_vial_per_animal,1,9,0.2222222222222222
15,22,2,0.09090909090909091,0.22422393907340887,False,one_vial_per_animal,1,9,0.022222222222222223
20,22,2,0.09090909090909091,0.22422393907340887,False,one_vial_per_animal,1,9,0.005555555555555556
30,22,2,0.09090909090909091,0.22422393907340887,False,one_vial_per_animal,1,9,0.005555555555555556
50,22,2,0.09090909090909091,0.22422393907340887,False,one_vial_per_animal,1,9,0.011111111111111112
100,22,1,0.045454545454545456,0.16558937371921467,False,one_vial_per_animal,1,9,0.005555555555555556
10,22,22,1.0,1.0,False,animal_any_tissue_wrong,1,9,0.2222222222222222
15,22,10,0.45454545454545453,0.61119418808616,False,animal_any_tissue_wrong,1,9,0.022222222222222223
20,22,8,0.36363636363636365,0.5227499673740492,False,animal_any_tissue_wrong,1,9,0.005555555555555556
30,22,8,0.36363636363636365,0.5227499673740492,False,animal_any_tissue_wrong,1,9,0.005555555555555556
50,22,8,0.36363636363636365,0.5227499673740492,False,animal_any_tissue_wrong,1,9,0.011111111111111112
100,22,7,0.3181818181818182,0.47684127185260844,False,animal_any_tissue_wrong,1,9,0.005555555555555556
10,22,2,0.09090909090909091,0.22422393907340887,False,one_vial_per_animal,1,10,0.18333333333333332
15,22,0,0.0,0.09937197978872149,True,one_vial_per_animal,1,10,0.016666666666666666
20,22,0,0.0,0.09937197978872149,True,one_vial_per_animal,1,10,0.016666666666666666
30,22,0,0.0,0.09937197978872149,True,one_vial_per_animal,1,10,0.011111111111111112
50,22,0,0.0,0.09937197978872149,True,one_vial_per_animal,1,10,0.022222222222222223
100,22,0,0.0,0.09937197978872149,True,one_vial_per_animal,1,10,0.011111111111111112
10,22,22,1.0,1.0,False,animal_any_tissue_wrong,1,10,0.18333333333333332
15,22,7,0.3181818181818182,0.47684127185260844,False,animal_any_tissue_wrong,1,10,0.016666666666666666
20,22,6,0.2727272727272727,0.4296968137318639,False,animal_any_tissue_wrong,1,10,0.016666666666666666
30,22,6,0.2727272727272727,0.4296968137318639,False,animal_any_tissue_wrong,1,10,0.011111111111111112
50,22,4,0.18181818181818182,0.33104036767050016,False,animal_any_tissue_wrong,1,10,0.022222222222222223
100,22,3,0.13636363636363635,0.2789379766580925,False,animal_any_tissue_wrong,1,10,0.011111111111111112
10,22,3,0.13636363636363635,0.2789379766580925,False,one_vial_per_animal,1,11,0.19444444444444445
15,22,1,0.045454545454545456,0.16558937371921467,False,one_vial_per_animal,1,11,0.016666666666666666
20,22,1,0.045454545454545456,0.16558937371921467,False,one_vial_per_animal,1,11,0.011111111111111112
30,22,1,0.045454545454545456,0.16558937371921467,False,one_vial_per_animal,1,11,0.011111111111111112
50,22,1,0.045454545454545456,0.16558937371921467,False,one_vial_per_animal,1,11,0.011111111111111112
100,22,1,0.045454545454545456,0.16558937371921467,False,one_vial_per_animal,1,11,0.011111111111111112
10,22,22,1.0,1.0,False,animal_any_tissue_wrong,1,11,0.19444444444444445
15,22,8,0.36363636363636365,0.5227499673740492,False,animal_any_tissue_wrong,1,11,0.016666666666666666
20,22,6,0.2727272727272727,0.4296968137318639,False,animal_any_tissue_wrong,1,11,0.011111111111111112
30,22,6,0.2727272727272727,0.4296968137318639,False,animal_any_tissue_wrong,1,11,0.011111111111111112
50,22,6,0.2727272727272727,0.4296968137318639,False,animal_any_tissue_wrong,1,11,0.011111111111111112
100,22,4,0.18181818181818182,0.33104036767050016,False,animal_any_tissue_wrong,1,11,0.011111111111111112
10,22,5,0.22727272727272727,0.3811716983807236,False,one_vial_per_animal,1,12,0.19444444444444445
15,22,0,0.0,0.09937197978872149,True,one_vial_per_animal,1,12,0.06111111111111111
20,22,0,0.0,0.09937197978872149,True,one_vial_per_animal,1,12,0.022222222222222223
30,22,0,0.0,0.09937197978872149,True,one_vial_per_animal,1,12,0.016666666666666666
50,22,0,0.0,0.09937197978872149,True,one_vial_per_animal,1,12,0.0
100,22,0,0.0,0.09937197978872149,True,one_vial_per_animal,1,12,0.005555555555555556
10,22,22,1.0,1.0,False,animal_any_tissue_wrong,1,12,0.19444444444444445
15,22,15,0.6818181818181818,0.8132609881351955,False,animal_any_tissue_wrong,1,12,0.06111111111111111
20,22,14,0.6363636363636364,0.7751664489844468,False,animal_any_tissue_wrong,1,12,0.022222222222222223
30,22,12,0.5454545454545454,0.695368230633624,False,animal_any_tissue_wrong,1,12,0.016666666666666666
50,22,6,0.2727272727272727,0.4296968137318639,False,animal_any_tissue_wrong,1,12,0.0
100,22,3,0.13636363636363635,0.2789379766580925,False,animal_any_tissue_wrong,1,12,0.005555555555555556
10,22,2,0.09090909090909091,0.22422393907340887,False,one_vial_per_animal,1,13,0.2
15,22,1,0.045454545454545456,0.16558937371921467,False,one_vial_per_animal,1,13,0.022222222222222223
20,22,1,0.045454545454545456,0.16558937371921467,False,one_vial_per_animal,1,13,0.016666666666666666
30,22,1,0.045454545454545456,0.16558937371921467,False,one_vial_per_animal,1,13,0.016666666666666666
50,22,1,0.045454545454545456,0.16558937371921467,False,one_vial_per_animal,1,13,0.016666666666666666
100,22,1,0.045454545454545456,0.16558937371921467,False,one_vial_per_animal,1,13,0.011111111111111112
10,22,22,1.0,1.0,False,animal_any_tissue_wrong,1,13,0.2
15,22,8,0.36363636363636365,0.5227499673740492,False,animal_any_tissue_wrong,1,13,0.022222222222222223
20,22,5,0.22727272727272727,0.3811716983807236,False,animal_any_tissue_wrong,1,13,0.016666666666666666
30,22,5,0.22727272727272727,0.3811716983807236,False,animal_any_tissue_wrong,1,13,0.016666666666666666
50,22,4,0.18181818181818182,0.33104036767050016,False,animal_any_tissue_wrong,1,13,0.016666666666666666
100,22,3,0.13636363636363635,0.2789379766580925,False,animal_any_tissue_wrong,1,13,0.011111111111111112
10,22,2,0.09090909090909091,0.22422393907340887,False,one_vial_per_animal,1,14,0.21666666666666667
15,22,2,0.09090909090909091,0.22422393907340887,False,one_vial_per_animal,1,14,0.044444444444444446
20,22,2,0.09090909090909091,0.22422393907340887,False,one_vial_per_animal,1,14,0.016666666666666666
30,22,2,0.09090909090909091,0.22422393907340887,False,one_vial_per_animal,1,14,0.016666666666666666
50,22,2,0.09090909090909091,0.22422393907340887,False,one_vial_per_animal,1,14,0.005555555555555556
100,22,1,0.045454545454545456,0.16558937371921467,False,one_vial_per_animal,1,14,0.005555555555555556
10,22,22,1.0,1.0,False,animal_any_tissue_wrong,1,14,0.21666666666666667
15,22,9,0.4090909090909091,0.5675157196157017,False,animal_any_tissue_wrong,1,14,0.044444444444444446
20,22,7,0.3181818181818182,0.47684127185260844,False,animal_any_tissue_wrong,1,14,0.016666666666666666
30,22,6,0.2727272727272727,0.4296968137318639,False,animal_any_tissue_wrong,1,14,0.016666666666666666
50,22,6,0.2727272727272727,0.4296968137318639,False,animal_any_tissue_wrong,1,14,0.005555555555555556
100,22,2,0.09090909090909091,0.22422393907340887,False,animal_any_tissue_wrong,1,14,0.005555555555555556
10,22,5,0.22727272727272727,0.3811716983807236,False,one_vial_per_animal,1,15,0.20555555555555555
15,22,1,0.045454545454545456,0.16558937371921467,False,one_vial_per_animal,1,15,0.022222222222222223
20,22,1,0.045454545454545456,0.16558937371921467,False,one_vial_per_animal,1,15,0.011111111111111112
30,22,1,0.045454545454545456,0.16558937371921467,False,one_vial_per_animal,1,15,0.011111111111111112
50,22,0,0.0,0.09937197978872149,True,one_vial_per_animal,1,15,0.011111111111111112
100,22,0,0.0,0.09937197978872149,True,one_vial_per_animal,1,15,0.011111111111111112
10,22,22,1.0,1.0,False,animal_any_tissue_wrong,1,15,0.20555555555555555
15,22,10,0.45454545454545453,0.61119418808616,False,animal_any_tissue_wrong,1,15,0.022222222222222223
20,22,7,0.3181818181818182,0.47684127185260844,False,animal_any_tissue_wrong,1,15,0.011111111111111112
30,22,7,0.3181818181818182,0.47684127185260844,False,animal_any_tissue_wrong,1,15,0.011111111111111112
50,22,6,0.2727272727272727,0.4296968137318639,False,animal_any_tissue_wrong,1,15,0.011111111111111112
100,22,4,0.18181818181818182,0.33104036767050016,False,animal_any_tissue_wrong,1,15,0.011111111111111112
10,22,6,0.2727272727272727,0.4296968137318639,False,one_vial_per_animal,1,16,0.23333333333333334
15,22,4,0.18181818181818182,0.33104036767050016,False,one_vial_per_animal,1,16,0.07777777777777778
20,22,3,0.13636363636363635,0.2789379766580925,False,one_vial_per_animal,1,16,0.022222222222222223
30,22,3,0.13636363636363635,0.2789379766580925,False,one_vial_per_animal,1,16,0.022222222222222223
50,22,3,0.13636363636363635,0.2789379766580925,False,one_vial_per_animal,1,16,0.016666666666666666
100,22,1,0.045454545454545456,0.16558937371921467,False,one_vial_per_animal,1,16,0.011111111111111112
10,22,22,1.0,1.0,False,animal_any_tissue_wrong,1,16,0.23333333333333334
15,22,20,0.9090909090909091,0.975560304446564,False,animal_any_tissue_wrong,1,16,0.07777777777777778
20,22,12,0.5454545454545454,0.695368230633624,False,animal_any_tissue_wrong,1,16,0.022222222222222223
30,22,13,0.5909090909090909,0.7358382023864019,False,animal_any_tissue_wrong,1,16,0.022222222222222223
50,22,8,0.36363636363636365,0.5227499673740492,False,animal_any_tissue_wrong,1,16,0.016666666666666666
100,22,5,0.22727272727272727,0.3811716983807236,False,animal_any_tissue_wrong,1,16,0.011111111111111112
10,22,7,0.3181818181818182,0.47684127185260844,False,one_vial_per_animal,1,17,0.18333333333333332
15,22,4,0.18181818181818182,0.33104036767050016,False,one_vial_per_animal,1,17,0.044444444444444446
20,22,2,0.09090909090909091,0.22422393907340887,False,one_vial_per_animal,1,17,0.005555555555555556
30,22,2,0.09090909090909091,0.22422393907340887,False,one_vial_per_animal,1,17,0.005555555555555556
50,22,1,0.045454545454545456,0.16558937371921467,False,one_vial_per_animal,1,17,0.011111111111111112
100,22,1,0.045454545454545456,0.16558937371921467,False,one_vial_per_animal,1,17,0.005555555555555556
10,22,22,1.0,1.0,False,animal_any_tissue_wrong,1,17,0.18333333333333332
15,22,16,0.7272727272727273,0.8499783130826641,False,animal_any_tissue_wrong,1,17,0.044444444444444446
20,22,10,0.45454545454545453,0.61119418808616,False,animal_any_tissue_wrong,1,17,0.005555555555555556
30,22,10,0.45454545454545453,0.61119418808616,False,animal_any_tissue_wrong,1,17,0.005555555555555556
50,22,7,0.3181818181818182,0.47684127185260844,False,animal_any_tissue_wrong,1,17,0.011111111111111112
100,22,4,0.18181818181818182,0.33104036767050016,False,animal_any_tissue_wrong,1,17,0.005555555555555556
10,22,4,0.18181818181818182,0.33104036767050016,False,one_vial_per_animal,1,18,0.2222222222222222
15,22,2,0.09090909090909091,0.22422393907340887,False,one_vial_per_animal,1,18,0.03888888888888889
20,22,1,0.045454545454545456,0.16558937371921467,False,one_vial_per_animal,1,18,0.027777777777777776
30,22,1,0.045454545454545456,0.16558937371921467,False,one_vial_per_animal,1,18,0.027777777777777776
50,22,1,0.045454545454545456,0.16558937371921467,False,one_vial_per_animal,1,18,0.022222222222222223
100,22,1,0.045454545454545456,0.16558937371921467,False,one_vial_per_animal,1,18,0.011111111111111112
10,22,22,1.0,1.0,False,animal_any_tissue_wrong,1,18,0.2222222222222222
15,22,14,0.6363636363636364,0.7751664489844468,False,animal_any_tissue_wrong,1,18,0.03888888888888889
20,22,11,0.5,0.6538116237657252,False,animal_any_tissue_wrong,1,18,0.027777777777777776
30,22,10,0.45454545454545453,0.61119418808616,False,animal_any_tissue_wrong,1,18,0.027777777777777776
50,22,10,0.45454545454545453,0.61119418808616,False,animal_any_tissue_wrong,1,18,0.022222222222222223
100,22,8,0.36363636363636365,0.5227499673740492,False,animal_any_tissue_wrong,1,18,0.011111111111111112
10,22,6,0.2727272727272727,0.4296968137318639,False,one_vial_per_animal,1,19,0.2
15,22,1,0.045454545454545456,0.16558937371921467,False,one_vial_per_animal,1,19,0.03888888888888889
20,22,0,0.0,0.09937197978872149,True,one_vial_per_animal,1,19,0.0
30,22,0,0.0,0.09937197978872149,True,one_vial_per_animal,1,19,0.0
50,22,0,0.0,0.09937197978872149,True,one_vial_per_animal,1,19,0.0
100,22,0,0.0,0.09937197978872149,True,one_vial_per_animal,1,19,0.005555555555555556
10,22,22,1.0,1.0,False,animal_any_tissue_wrong,1,19,0.2
15,22,17,0.7727272727272727,0.885095462363173,False,animal_any_tissue_wrong,1,19,0.03888888888888889
20,22,5,0.22727272727272727,0.3811716983807236,False,animal_any_tissue_wrong,1,19,0.0
30,22,5,0.22727272727272727,0.3811716983807236,False,animal_any_tissue_wrong,1,19,0.0
50,22,5,0.22727272727272727,0.3811716983807236,False,animal_any_tissue_wrong,1,19,0.0
100,22,5,0.22727272727272727,0.3811716983807236,False,animal_any_tissue_wrong,1,19,0.005555555555555556
10,22,3,0.13636363636363635,0.2789379766580925,False,one_vial_per_animal,2,0,0.18888888888888888
15,22,0,0.0,0.09937197978872149,True,one_vial_per_animal,2,0,0.03333333333333333
20,22,0,0.0,0.09937197978872149,True,one_vial_per_animal,2,0,0.027777777777777776
30,22,0,0.0,0.09937197978872149,True,one_vial_per_animal,2,0,0.027777777777777776
50,22,0,0.0,0.09937197978872149,True,one_vial_per_animal,2,0,0.016666666666666666
100,22,0,0.0,0.09937197978872149,True,one_vial_per_animal,2,0,0.016666666666666666
10,22,22,1.0,1.0,False,animal_any_tissue_wrong,2,0,0.18888888888888888
15,22,8,0.36363636363636365,0.5227499673740492,False,animal_any_tissue_wrong,2,0,0.03333333333333333
20,22,6,0.2727272727272727,0.4296968137318639,False,animal_any_tissue_wrong,2,0,0.027777777777777776
30,22,5,0.22727272727272727,0.3811716983807236,False,animal_any_tissue_wrong,2,0,0.027777777777777776
50,22,5,0.22727272727272727,0.3811716983807236,False,animal_any_tissue_wrong,2,0,0.016666666666666666
100,22,5,0.22727272727272727,0.3811716983807236,False,animal_any_tissue_wrong,2,0,0.016666666666666666
10,22,5,0.22727272727272727,0.3811716983807236,False,one_vial_per_animal,2,1,0.17777777777777778
15,22,0,0.0,0.09937197978872149,True,one_vial_per_animal,2,1,0.03888888888888889
20,22,0,0.0,0.09937197978872149,True,one_vial_per_animal,2,1,0.027777777777777776
30,22,0,0.0,0.09937197978872149,True,one_vial_per_animal,2,1,0.027777777777777776
50,22,0,0.0,0.09937197978872149,True,one_vial_per_animal,2,1,0.027777777777777776
100,22,0,0.0,0.09937197978872149,True,one_vial_per_animal,2,1,0.016666666666666666
10,22,22,1.0,1.0,False,animal_any_tissue_wrong,2,1,0.17777777777777778
15,22,8,0.36363636363636365,0.5227499673740492,False,animal_any_tissue_wrong,2,1,0.03888888888888889
20,22,6,0.2727272727272727,0.4296968137318639,False,animal_any_tissue_wrong,2,1,0.027777777777777776
30,22,6,0.2727272727272727,0.4296968137318639,False,animal_any_tissue_wrong,2,1,0.027777777777777776
50,22,5,0.22727272727272727,0.3811716983807236,False,animal_any_tissue_wrong,2,1,0.027777777777777776
100,22,4,0.18181818181818182,0.33104036767050016,False,animal_any_tissue_wrong,2,1,0.016666666666666666
10,22,4,0.18181818181818182,0.33104036767050016,False,one_vial_per_animal,2,2,0.18333333333333332
15,22,1,0.045454545454545456,0.16558937371921467,False,one_vial_per_animal,2,2,0.03888888888888889
20,22,0,0.0,0.09937197978872149,True,one_vial_per_animal,2,2,0.027777777777777776
30,22,0,0.0,0.09937197978872149,True,one_vial_per_animal,2,2,0.027777777777777776
50,22,0,0.0,0.09937197978872149,True,one_vial_per_animal,2,2,0.016666666666666666
100,22,0,0.0,0.09937197978872149,True,one_vial_per_animal,2,2,0.016666666666666666
10,22,22,1.0,1.0,False,animal_any_tissue_wrong,2,2,0.18333333333333332
15,22,17,0.7727272727272727,0.885095462363173,False,animal_any_tissue_wrong,2,2,0.03888888888888889
20,22,14,0.6363636363636364,0.7751664489844468,False,animal_any_tissue_wrong,2,2,0.027777777777777776
30,22,13,0.5909090909090909,0.7358382023864019,False,animal_any_tissue_wrong,2,2,0.027777777777777776
50,22,7,0.3181818181818182,0.47684127185260844,False,animal_any_tissue_wrong,2,2,0.016666666666666666
100,22,5,0.22727272727272727,0.3811716983807236,False,animal_any_tissue_wrong,2,2,0.016666666666666666
10,22,2,0.09090909090909091,0.22422393907340887,False,one_vial_per_animal,2,3,0.17777777777777778
15,22,1,0.045454545454545456,0.16558937371921467,False,one_vial_per_animal,2,3,0.03888888888888889
20,22,1,0.045454545454545456,0.16558937371921467,False,one_vial_per_animal,2,3,0.022222222222222223
30,22,1,0.045454545454545456,0.16558937371921467,False,one_vial_per_animal,2,3,0.011111111111111112
50,22,1,0.045454545454545456,0.16558937371921467,False,one_vial_per_animal,2,3,0.022222222222222223
100,22,1,0.045454545454545456,0.16558937371921467,False,one_vial_per_animal,2,3,0.011111111111111112
10,22,22,1.0,1.0,False,animal_any_tissue_wrong,2,3,0.17777777777777778
15,22,12,0.5454545454545454,0.695368230633624,False,animal_any_tissue_wrong,2,3,0.03888888888888889
20,22,8,0.36363636363636365,0.5227499673740492,False,animal_any_tissue_wrong,2,3,0.022222222222222223
30,22,6,0.2727272727272727,0.4296968137318639,False,animal_any_tissue_wrong,2,3,0.011111111111111112
50,22,5,0.22727272727272727,0.3811716983807236,False,animal_any_tissue_wrong,2,3,0.022222222222222223
100,22,4,0.18181818181818182,0.33104036767050016,False,animal_any_tissue_wrong,2,3,0.011111111111111112
10,22,1,0.045454545454545456,0.16558937371921467,False,one_vial_per_animal,2,4,0.18333333333333332
15,22,0,0.0,0.09937197978872149,True,one_vial_per_animal,2,4,0.022222222222222223
20,22,0,0.0,0.09937197978872149,True,one_vial_per_animal,2,4,0.016666666666666666
30,22,0,0.0,0.09937197978872149,True,one_vial_per_animal,2,4,0.016666666666666666
50,22,0,0.0,0.09937197978872149,True,one_vial_per_animal,2,4,0.016666666666666666
100,22,0,0.0,0.09937197978872149,True,one_vial_per_animal,2,4,0.022222222222222223
10,22,22,1.0,1.0,False,animal_any_tissue_wrong,2,4,0.18333333333333332
15,22,8,0.36363636363636365,0.5227499673740492,False,animal_any_tissue_wrong,2,4,0.022222222222222223
20,22,6,0.2727272727272727,0.4296968137318639,False,animal_any_tissue_wrong,2,4,0.016666666666666666
30,22,6,0.2727272727272727,0.4296968137318639,False,animal_any_tissue_wrong,2,4,0.016666666666666666
50,22,5,0.22727272727272727,0.3811716983807236,False,animal_any_tissue_wrong,2,4,0.016666666666666666
100,22,5,0.22727272727272727,0.3811716983807236,False,animal_any_tissue_wrong,2,4,0.022222222222222223
10,22,3,0.13636363636363635,0.2789379766580925,False,one_vial_per_animal,2,5,0.19444444444444445
15,22,0,0.0,0.09937197978872149,True,one_vial_per_animal,2,5,0.03333333333333333
20,22,0,0.0,0.09937197978872149,True,one_vial_per_animal,2,5,0.027777777777777776
30,22,0,0.0,0.09937197978872149,True,one_vial_per_animal,2,5,0.027777777777777776
50,22,0,0.0,0.09937197978872149,True,one_vial_per_animal,2,5,0.027777777777777776
100,22,0,0.0,0.09937197978872149,True,one_vial_per_animal,2,5,0.022222222222222223
10,22,22,1.0,1.0,False,animal_any_tissue_wrong,2,5,0.19444444444444445
15,22,9,0.4090909090909091,0.5675157196157017,False,animal_any_tissue_wrong,2,5,0.03333333333333333
20,22,8,0.36363636363636365,0.5227499673740492,False,animal_any_tissue_wrong,2,5,0.027777777777777776
30,22,8,0.36363636363636365,0.5227499673740492,False,animal_any_tissue_wrong,2,5,0.027777777777777776
50,22,8,0.36363636363636365,0.5227499673740492,False,animal_any_tissue_wrong,2,5,0.027777777777777776
100,22,5,0.22727272727272727,0.3811716983807236,False,animal_any_tissue_wrong,2,5,0.022222222222222223
10,22,3,0.13636363636363635,0.2789379766580925,False,one_vial_per_animal,2,6,0.19444444444444445
15,22,0,0.0,0.09937197978872149,True,one_vial_per_animal,2,6,0.05
20,22,0,0.0,0.09937197978872149,True,one_vial_per_animal,2,6,0.022222222222222223
30,22,0,0.0,0.09937197978872149,True,one_vial_per_animal,2,6,0.022222222222222223
50,22,0,0.0,0.09937197978872149,True,one_vial_per_animal,2,6,0.022222222222222223
100,22,0,0.0,0.09937197978872149,True,one_vial_per_animal,2,6,0.011111111111111112
10,22,22,1.0,1.0,False,animal_any_tissue_wrong,2,6,0.19444444444444445
15,22,15,0.6818181818181818,0.8132609881351955,False,animal_any_tissue_wrong,2,6,0.05
20,22,5,0.22727272727272727,0.3811716983807236,False,animal_any_tissue_wrong,2,6,0.022222222222222223
30,22,6,0.2727272727272727,0.4296968137318639,False,animal_any_tissue_wrong,2,6,0.022222222222222223
50,22,8,0.36363636363636365,0.5227499673740492,False,animal_any_tissue_wrong,2,6,0.022222222222222223
100,22,3,0.13636363636363635,0.2789379766580925,False,animal_any_tissue_wrong,2,6,0.011111111111111112
10,22,2,0.09090909090909091,0.22422393907340887,False,one_vial_per_animal,2,7,0.18888888888888888
15,22,0,0.0,0.09937197978872149,True,one_vial_per_animal,2,7,0.06111111111111111
20,22,0,0.0,0.09937197978872149,True,one_vial_per_animal,2,7,0.03333333333333333
30,22,0,0.0,0.09937197978872149,True,one_vial_per_animal,2,7,0.022222222222222223
50,22,0,0.0,0.09937197978872149,True,one_vial_per_animal,2,7,0.011111111111111112
100,22,0,0.0,0.09937197978872149,True,one_vial_per_animal,2,7,0.011111111111111112
10,22,22,1.0,1.0,False,animal_any_tissue_wrong,2,7,0.18888888888888888
15,22,17,0.7727272727272727,0.885095462363173,False,animal_any_tissue_wrong,2,7,0.06111111111111111
20,22,9,0.4090909090909091,0.5675157196157017,False,animal_any_tissue_wrong,2,7,0.03333333333333333
30,22,11,0.5,0.6538116237657252,False,animal_any_tissue_wrong,2,7,0.022222222222222223
50,22,4,0.18181818181818182,0.33104036767050016,False,animal_any_tissue_wrong,2,7,0.011111111111111112
100,22,1,0.045454545454545456,0.16558937371921467,False,animal_any_tissue_wrong,2,7,0.011111111111111112
10,22,3,0.13636363636363635,0.2789379766580925,False,one_vial_per_animal,2,8,0.2111111111111111
15,22,2,0.09090909090909091,0.22422393907340887,False,one_vial_per_animal,2,8,0.06111111111111111
20,22,1,0.045454545454545456,0.16558937371921467,False,one_vial_per_animal,2,8,0.022222222222222223
30,22,1,0.045454545454545456,0.16558937371921467,False,one_vial_per_animal,2,8,0.022222222222222223
50,22,0,0.0,0.09937197978872149,True,one_vial_per_animal,2,8,0.022222222222222223
100,22,0,0.0,0.09937197978872149,True,one_vial_per_animal,2,8,0.016666666666666666
10,22,22,1.0,1.0,False,animal_any_tissue_wrong,2,8,0.2111111111111111
15,22,18,0.8181818181818182,0.9182532067479084,False,animal_any_tissue_wrong,2,8,0.06111111111111111
20,22,12,0.5454545454545454,0.695368230633624,False,animal_any_tissue_wrong,2,8,0.022222222222222223
30,22,12,0.5454545454545454,0.695368230633624,False,animal_any_tissue_wrong,2,8,0.022222222222222223
50,22,5,0.22727272727272727,0.3811716983807236,False,animal_any_tissue_wrong,2,8,0.022222222222222223
100,22,3,0.13636363636363635,0.2789379766580925,False,animal_any_tissue_wrong,2,8,0.016666666666666666
10,22,3,0.13636363636363635,0.2789379766580925,False,one_vial_per_animal,2,9,0.19444444444444445
15,22,0,0.0,0.09937197978872149,True,one_vial_per_animal,2,9,0.027777777777777776
20,22,0,0.0,0.09937197978872149,True,one_vial_per_animal,2,9,0.027777777777777776
30,22,0,0.0,0.09937197978872149,True,one_vial_per_animal,2,9,0.027777777777777776
50,22,0,0.0,0.09937197978872149,True,one_vial_per_animal,2,9,0.016666666666666666
100,22,0,0.0,0.09937197978872149,True,one_vial_per_animal,2,9,0.016666666666666666
10,22,22,1.0,1.0,False,animal_any_tissue_wrong,2,9,0.19444444444444445
15,22,9,0.4090909090909091,0.5675157196157017,False,animal_any_tissue_wrong,2,9,0.027777777777777776
20,22,9,0.4090909090909091,0.5675157196157017,False,animal_any_tissue_wrong,2,9,0.027777777777777776
30,22,9,0.4090909090909091,0.5675157196157017,False,animal_any_tissue_wrong,2,9,0.027777777777777776
50,22,7,0.3181818181818182,0.47684127185260844,False,animal_any_tissue_wrong,2,9,0.016666666666666666
100,22,3,0.13636363636363635,0.2789379766580925,False,animal_any_tissue_wrong,2,9,0.016666666666666666
10,22,5,0.22727272727272727,0.3811716983807236,False,one_vial_per_animal,2,10,0.2
15,22,2,0.09090909090909091,0.22422393907340887,False,one_vial_per_animal,2,10,0.05
20,22,0,0.0,0.09937197978872149,True,one_vial_per_animal,2,10,0.022222222222222223
30,22,0,0.0,0.09937197978872149,True,one_vial_per_animal,2,10,0.016666666666666666
50,22,0,0.0,0.09937197978872149,True,one_vial_per_animal,2,10,0.016666666666666666
100,22,0,0.0,0.09937197978872149,True,one_vial_per_animal,2,10,0.011111111111111112
10,22,22,1.0,1.0,False,animal_any_tissue_wrong,2,10,0.2
15,22,18,0.8181818181818182,0.9182532067479084,False,animal_any_tissue_wrong,2,10,0.05
20,22,6,0.2727272727272727,0.4296968137318639,False,animal_any_tissue_wrong,2,10,0.022222222222222223
30,22,5,0.22727272727272727,0.3811716983807236,False,animal_any_tissue_wrong,2,10,0.016666666666666666
50,22,4,0.18181818181818182,0.33104036767050016,False,animal_any_tissue_wrong,2,10,0.016666666666666666
100,22,3,0.13636363636363635,0.2789379766580925,False,animal_any_tissue_wrong,2,10,0.011111111111111112
10,22,3,0.13636363636363635,0.2789379766580925,False,one_vial_per_animal,2,11,0.18333333333333332
15,22,0,0.0,0.09937197978872149,True,one_vial_per_animal,2,11,0.03333333333333333
20,22,0,0.0,0.09937197978872149,True,one_vial_per_animal,2,11,0.016666666666666666
30,22,0,0.0,0.09937197978872149,True,one_vial_per_animal,2,11,0.016666666666666666
50,22,0,0.0,0.09937197978872149,True,one_vial_per_animal,2,11,0.011111111111111112
100,22,0,0.0,0.09937197978872149,True,one_vial_per_animal,2,11,0.011111111111111112
10,22,22,1.0,1.0,False,animal_any_tissue_wrong,2,11,0.18333333333333332
15,22,14,0.6363636363636364,0.7751664489844468,False,animal_any_tissue_wrong,2,11,0.03333333333333333
20,22,7,0.3181818181818182,0.47684127185260844,False,animal_any_tissue_wrong,2,11,0.016666666666666666
30,22,6,0.2727272727272727,0.4296968137318639,False,animal_any_tissue_wrong,2,11,0.016666666666666666
50,22,4,0.18181818181818182,0.33104036767050016,False,animal_any_tissue_wrong,2,11,0.011111111111111112
100,22,3,0.13636363636363635,0.2789379766580925,False,animal_any_tissue_wrong,2,11,0.011111111111111112
10,22,5,0.22727272727272727,0.3811716983807236,False,one_vial_per_animal,2,12,0.19444444444444445
15,22,0,0.0,0.09937197978872149,True,one_vial_per_animal,2,12,0.027777777777777776
20,22,0,0.0,0.09937197978872149,True,one_vial_per_animal,2,12,0.027777777777777776
30,22,0,0.0,0.09937197978872149,True,one_vial_per_animal,2,12,0.027777777777777776
50,22,0,0.0,0.09937197978872149,True,one_vial_per_animal,2,12,0.011111111111111112
100,22,0,0.0,0.09937197978872149,True,one_vial_per_animal,2,12,0.011111111111111112
10,22,22,1.0,1.0,False,animal_any_tissue_wrong,2,12,0.19444444444444445
15,22,9,0.4090909090909091,0.5675157196157017,False,animal_any_tissue_wrong,2,12,0.027777777777777776
20,22,5,0.22727272727272727,0.3811716983807236,False,animal_any_tissue_wrong,2,12,0.027777777777777776
30,22,4,0.18181818181818182,0.33104036767050016,False,animal_any_tissue_wrong,2,12,0.027777777777777776
50,22,5,0.22727272727272727,0.3811716983807236,False,animal_any_tissue_wrong,2,12,0.011111111111111112
100,22,4,0.18181818181818182,0.33104036767050016,False,animal_any_tissue_wrong,2,12,0.011111111111111112
10,22,4,0.18181818181818182,0.33104036767050016,False,one_vial_per_animal,2,13,0.20555555555555555
15,22,0,0.0,0.09937197978872149,True,one_vial_per_animal,2,13,0.03333333333333333
20,22,0,0.0,0.09937197978872149,True,one_vial_per_animal,2,13,0.022222222222222223
30,22,0,0.0,0.09937197978872149,True,one_vial_per_animal,2,13,0.022222222222222223
50,22,0,0.0,0.09937197978872149,True,one_vial_per_animal,2,13,0.022222222222222223
100,22,0,0.0,0.09937197978872149,True,one_vial_per_animal,2,13,0.016666666666666666
10,22,22,1.0,1.0,False,animal_any_tissue_wrong,2,13,0.20555555555555555
15,22,8,0.36363636363636365,0.5227499673740492,False,animal_any_tissue_wrong,2,13,0.03333333333333333
20,22,8,0.36363636363636365,0.5227499673740492,False,animal_any_tissue_wrong,2,13,0.022222222222222223
30,22,8,0.36363636363636365,0.5227499673740492,False,animal_any_tissue_wrong,2,13,0.022222222222222223
50,22,9,0.4090909090909091,0.5675157196157017,False,animal_any_tissue_wrong,2,13,0.022222222222222223
100,22,6,0.2727272727272727,0.4296968137318639,False,animal_any_tissue_wrong,2,13,0.016666666666666666
10,22,9,0.4090909090909091,0.5675157196157017,False,one_vial_per_animal,2,14,0.19444444444444445
15,22,2,0.09090909090909091,0.22422393907340887,False,one_vial_per_animal,2,14,0.05
20,22,1,0.045454545454545456,0.16558937371921467,False,one_vial_per_animal,2,14,0.016666666666666666
30,22,1,0.045454545454545456,0.16558937371921467,False,one_vial_per_animal,2,14,0.016666666666666666
50,22,1,0.045454545454545456,0.16558937371921467,False,one_vial_per_animal,2,14,0.022222222222222223
100,22,1,0.045454545454545456,0.16558937371921467,False,one_vial_per_animal,2,14,0.016666666666666666
10,22,22,1.0,1.0,False,animal_any_tissue_wrong,2,14,0.19444444444444445
15,22,15,0.6818181818181818,0.8132609881351955,False,animal_any_tissue_wrong,2,14,0.05
20,22,4,0.18181818181818182,0.33104036767050016,False,animal_any_tissue_wrong,2,14,0.016666666666666666
30,22,4,0.18181818181818182,0.33104036767050016,False,animal_any_tissue_wrong,2,14,0.016666666666666666
50,22,5,0.22727272727272727,0.3811716983807236,False,animal_any_tissue_wrong,2,14,0.022222222222222223
100,22,4,0.18181818181818182,0.33104036767050016,False,animal_any_tissue_wrong,2,14,0.016666666666666666
10,22,6,0.2727272727272727,0.4296968137318639,False,one_vial_per_animal,2,15,0.19444444444444445
15,22,1,0.045454545454545456,0.16558937371921467,False,one_vial_per_animal,2,15,0.03888888888888889
20,22,0,0.0,0.09937197978872149,True,one_vial_per_animal,2,15,0.03333333333333333
30,22,0,0.0,0.09937197978872149,True,one_vial_per_animal,2,15,0.027777777777777776
50,22,0,0.0,0.09937197978872149,True,one_vial_per_animal,2,15,0.027777777777777776
100,22,0,0.0,0.09937197978872149,True,one_vial_per_animal,2,15,0.016666666666666666
10,22,22,1.0,1.0,False,animal_any_tissue_wrong,2,15,0.19444444444444445
15,22,10,0.45454545454545453,0.61119418808616,False,animal_any_tissue_wrong,2,15,0.03888888888888889
20,22,8,0.36363636363636365,0.5227499673740492,False,animal_any_tissue_wrong,2,15,0.03333333333333333
30,22,8,0.36363636363636365,0.5227499673740492,False,animal_any_tissue_wrong,2,15,0.027777777777777776
50,22,8,0.36363636363636365,0.5227499673740492,False,animal_any_tissue_wrong,2,15,0.027777777777777776
100,22,6,0.2727272727272727,0.4296968137318639,False,animal_any_tissue_wrong,2,15,0.016666666666666666
10,22,5,0.22727272727272727,0.3811716983807236,False,one_vial_per_animal,2,16,0.2
15,22,0,0.0,0.09937197978872149,True,one_vial_per_animal,2,16,0.03888888888888889
20,22,0,0.0,0.09937197978872149,True,one_vial_per_animal,2,16,0.03333333333333333
30,22,0,0.0,0.09937197978872149,True,one_vial_per_animal,2,16,0.027777777777777776
50,22,0,0.0,0.09937197978872149,True,one_vial_per_animal,2,16,0.027777777777777776
100,22,0,0.0,0.09937197978872149,True,one_vial_per_animal,2,16,0.016666666666666666
10,22,22,1.0,1.0,False,animal_any_tissue_wrong,2,16,0.2
15,22,11,0.5,0.6538116237657252,False,animal_any_tissue_wrong,2,16,0.03888888888888889
20,22,8,0.36363636363636365,0.5227499673740492,False,animal_any_tissue_wrong,2,16,0.03333333333333333
30,22,8,0.36363636363636365,0.5227499673740492,False,animal_any_tissue_wrong,2,16,0.027777777777777776
50,22,7,0.3181818181818182,0.47684127185260844,False,animal_any_tissue_wrong,2,16,0.027777777777777776
100,22,5,0.22727272727272727,0.3811716983807236,False,animal_any_tissue_wrong,2,16,0.016666666666666666
10,22,6,0.2727272727272727,0.4296968137318639,False,one_vial_per_animal,2,17,0.2
15,22,1,0.045454545454545456,0.16558937371921467,False,one_vial_per_animal,2,17,0.022222222222222223
20,22,1,0.045454545454545456,0.16558937371921467,False,one_vial_per_animal,2,17,0.016666666666666666
30,22,1,0.045454545454545456,0.16558937371921467,False,one_vial_per_animal,2,17,0.016666666666666666
50,22,2,0.09090909090909091,0.22422393907340887,False,one_vial_per_animal,2,17,0.016666666666666666
100,22,2,0.09090909090909091,0.22422393907340887,False,one_vial_per_animal,2,17,0.022222222222222223
10,22,22,1.0,1.0,False,animal_any_tissue_wrong,2,17,0.2
15,22,9,0.4090909090909091,0.5675157196157017,False,animal_any_tissue_wrong,2,17,0.022222222222222223
20,22,7,0.3181818181818182,0.47684127185260844,False,animal_any_tissue_wrong,2,17,0.016666666666666666
30,22,7,0.3181818181818182,0.47684127185260844,False,animal_any_tissue_wrong,2,17,0.016666666666666666
50,22,8,0.36363636363636365,0.5227499673740492,False,animal_any_tissue_wrong,2,17,0.016666666666666666
100,22,7,0.3181818181818182,0.47684127185260844,False,animal_any_tissue_wrong,2,17,0.022222222222222223
10,22,5,0.22727272727272727,0.3811716983807236,False,one_vial_per_animal,2,18,0.2
15,22,1,0.045454545454545456,0.16558937371921467,False,one_vial_per_animal,2,18,0.06111111111111111
20,22,1,0.045454545454545456,0.16558937371921467,False,one_vial_per_animal,2,18,0.03333333333333333
30,22,1,0.045454545454545456,0.16558937371921467,False,one_vial_per_animal,2,18,0.027777777777777776
50,22,1,0.045454545454545456,0.16558937371921467,False,one_vial_per_animal,2,18,0.016666666666666666
100,22,1,0.045454545454545456,0.16558937371921467,False,one_vial_per_animal,2,18,0.011111111111111112
10,22,22,1.0,1.0,False,animal_any_tissue_wrong,2,18,0.2
15,22,18,0.8181818181818182,0.9182532067479084,False,animal_any_tissue_wrong,2,18,0.06111111111111111
20,22,8,0.36363636363636365,0.5227499673740492,False,animal_any_tissue_wrong,2,18,0.03333333333333333
30,22,9,0.4090909090909091,0.5675157196157017,False,animal_any_tissue_wrong,2,18,0.027777777777777776
50,22,8,0.36363636363636365,0.5227499673740492,False,animal_any_tissue_wrong,2,18,0.016666666666666666
100,22,7,0.3181818181818182,0.47684127185260844,False,animal_any_tissue_wrong,2,18,0.011111111111111112
10,22,3,0.13636363636363635,0.2789379766580925,False,one_vial_per_animal,2,19,0.19444444444444445
15,22,1,0.045454545454545456,0.16558937371921467,False,one_vial_per_animal,2,19,0.05555555555555555
20,22,1,0.045454545454545456,0.16558937371921467,False,one_vial_per_animal,2,19,0.016666666666666666
30,22,1,0.045454545454545456,0.16558937371921467,False,one_vial_per_animal,2,19,0.011111111111111112
50,22,1,0.045454545454545456,0.16558937371921467,False,one_vial_per_animal,2,19,0.022222222222222223
100,22,1,0.045454545454545456,0.16558937371921467,False,one_vial_per_animal,2,19,0.016666666666666666
10,22,22,1.0,1.0,False,animal_any_tissue_wrong,2,19,0.19444444444444445
15,22,17,0.7727272727272727,0.885095462363173,False,animal_any_tissue_wrong,2,19,0.05555555555555555
20,22,6,0.2727272727272727,0.4296968137318639,False,animal_any_tissue_wrong,2,19,0.016666666666666666
30,22,6,0.2727272727272727,0.4296968137318639,False,animal_any_tissue_wrong,2,19,0.011111111111111112
50,22,6,0.2727272727272727,0.4296968137318639,False,animal_any_tissue_wrong,2,19,0.022222222222222223
100,22,5,0.22727272727272727,0.3811716983807236,False,animal_any_tissue_wrong,2,19,0.016666666666666666
10,22,2,0.09090909090909091,0.22422393907340887,False,one_vial_per_animal,3,0,0.17222222222222222
15,22,0,0.0,0.09937197978872149,True,one_vial_per_animal,3,0,0.022222222222222223
20,22,0,0.0,0.09937197978872149,True,one_vial_per_animal,3,0,0.011111111111111112
30,22,0,0.0,0.09937197978872149,True,one_vial_per_animal,3,0,0.011111111111111112
50,22,0,0.0,0.09937197978872149,True,one_vial_per_animal,3,0,0.016666666666666666
100,22,0,0.0,0.09937197978872149,True,one_vial_per_animal,3,0,0.005555555555555556
10,22,22,1.0,1.0,False,animal_any_tissue_wrong,3,0,0.17222222222222222
15,22,12,0.5454545454545454,0.695368230633624,False,animal_any_tissue_wrong,3,0,0.022222222222222223
20,22,11,0.5,0.6538116237657252,False,animal_any_tissue_wrong,3,0,0.011111111111111112
30,22,11,0.5,0.6538116237657252,False,animal_any_tissue_wrong,3,0,0.011111111111111112
50,22,9,0.4090909090909091,0.5675157196157017,False,animal_any_tissue_wrong,3,0,0.016666666666666666
100,22,8,0.36363636363636365,0.5227499673740492,False,animal_any_tissue_wrong,3,0,0.005555555555555556
10,22,2,0.09090909090909091,0.22422393907340887,False,one_vial_per_animal,3,1,0.1388888888888889
15,22,0,0.0,0.09937197978872149,True,one_vial_per_animal,3,1,0.027777777777777776
20,22,0,0.0,0.09937197978872149,True,one_vial_per_animal,3,1,0.022222222222222223
30,22,0,0.0,0.09937197978872149,True,one_vial_per_animal,3,1,0.022222222222222223
50,22,0,0.0,0.09937197978872149,True,one_vial_per_animal,3,1,0.022222222222222223
100,22,0,0.0,0.09937197978872149,True,one_vial_per_animal,3,1,0.016666666666666666
10,22,22,1.0,1.0,False,animal_any_tissue_wrong,3,1,0.1388888888888889
15,22,8,0.36363636363636365,0.5227499673740492,False,animal_any_tissue_wrong,3,1,0.027777777777777776
20,22,5,0.22727272727272727,0.3811716983807236,False,animal_any_tissue_wrong,3,1,0.022222222222222223
30,22,5,0.22727272727272727,0.3811716983807236,False,animal_any_tissue_wrong,3,1,0.022222222222222223
50,22,4,0.18181818181818182,0.33104036767050016,False,animal_any_tissue_wrong,3,1,0.022222222222222223
100,22,4,0.18181818181818182,0.33104036767050016,False,animal_any_tissue_wrong,3,1,0.016666666666666666
10,22,4,0.18181818181818182,0.33104036767050016,False,one_vial_per_animal,3,2,0.17777777777777778
15,22,1,0.045454545454545456,0.16558937371921467,False,one_vial_per_animal,3,2,0.022222222222222223
20,22,0,0.0,0.09937197978872149,True,one_vial_per_animal,3,2,0.011111111111111112
30,22,0,0.0,0.09937197978872149,True,one_vial_per_animal,3,2,0.011111111111111112
50,22,0,0.0,0.09937197978872149,True,one_vial_per_animal,3,2,0.005555555555555556
100,22,0,0.0,0.09937197978872149,True,one_vial_per_animal,3,2,0.005555555555555556
10,22,22,1.0,1.0,False,animal_any_tissue_wrong,3,2,0.17777777777777778
15,22,7,0.3181818181818182,0.47684127185260844,False,animal_any_tissue_wrong,3,2,0.022222222222222223
20,22,4,0.18181818181818182,0.33104036767050016,False,animal_any_tissue_wrong,3,2,0.011111111111111112
30,22,4,0.18181818181818182,0.33104036767050016,False,animal_any_tissue_wrong,3,2,0.011111111111111112
50,22,4,0.18181818181818182,0.33104036767050016,False,animal_any_tissue_wrong,3,2,0.005555555555555556
100,22,4,0.18181818181818182,0.33104036767050016,False,animal_any_tissue_wrong,3,2,0.005555555555555556
10,22,4,0.18181818181818182,0.33104036767050016,False,one_vial_per_animal,3,3,0.17777777777777778
15,22,1,0.045454545454545456,0.16558937371921467,False,one_vial_per_animal,3,3,0.05
20,22,1,0.045454545454545456,0.16558937371921467,False,one_vial_per_animal,3,3,0.016666666666666666
30,22,1,0.045454545454545456,0.16558937371921467,False,one_vial_per_animal,3,3,0.016666666666666666
50,22,1,0.045454545454545456,0.16558937371921467,False,one_vial_per_animal,3,3,0.016666666666666666
100,22,0,0.0,0.09937197978872149,True,one_vial_per_animal,3,3,0.016666666666666666
10,22,22,1.0,1.0,False,animal_any_tissue_wrong,3,3,0.17777777777777778
15,22,17,0.7727272727272727,0.885095462363173,False,animal_any_tissue_wrong,3,3,0.05
20,22,8,0.36363636363636365,0.5227499673740492,False,animal_any_tissue_wrong,3,3,0.016666666666666666
30,22,8,0.36363636363636365,0.5227499673740492,False,animal_any_tissue_wrong,3,3,0.016666666666666666
50,22,5,0.22727272727272727,0.3811716983807236,False,animal_any_tissue_wrong,3,3,0.016666666666666666
100,22,2,0.09090909090909091,0.22422393907340887,False,animal_any_tissue_wrong,3,3,0.016666666666666666
10,22,8,0.36363636363636365,0.5227499673740492,False,one_vial_per_animal,3,4,0.15555555555555556
15,22,3,0.13636363636363635,0.2789379766580925,False,one_vial_per_animal,3,4,0.03333333333333333
20,22,2,0.09090909090909091,0.22422393907340887,False,one_vial_per_animal,3,4,0.005555555555555556
30,22,2,0.09090909090909091,0.22422393907340887,False,one_vial_per_animal,3,4,0.005555555555555556
50,22,1,0.045454545454545456,0.16558937371921467,False,one_vial_per_animal,3,4,0.005555555555555556
100,22,1,0.045454545454545456,0.16558937371921467,False,one_vial_per_animal,3,4,0.005555555555555556
10,22,22,1.0,1.0,False,animal_any_tissue_wrong,3,4,0.15555555555555556
15,22,14,0.6363636363636364,0.7751664489844468,False,animal_any_tissue_wrong,3,4,0.03333333333333333
20,22,8,0.36363636363636365,0.5227499673740492,False,animal_any_tissue_wrong,3,4,0.005555555555555556
30,22,8,0.36363636363636365,0.5227499673740492,False,animal_any_tissue_wrong,3,4,0.005555555555555556
50,22,7,0.3181818181818182,0.47684127185260844,False,animal_any_tissue_wrong,3,4,0.005555555555555556
100,22,6,0.2727272727272727,0.4296968137318639,False,animal_any_tissue_wrong,3,4,0.005555555555555556
10,22,6,0.2727272727272727,0.4296968137318639,False,one_vial_per_animal,3,5,0.16666666666666666
15,22,2,0.09090909090909091,0.22422393907340887,False,one_vial_per_animal,3,5,0.03333333333333333
20,22,0,0.0,0.09937197978872149,True,one_vial_per_animal,3,5,0.005555555555555556
30,22,0,0.0,0.09937197978872149,True,one_vial_per_animal,3,5,0.005555555555555556
50,22,0,0.0,0.09937197978872149,True,one_vial_per_animal,3,5,0.005555555555555556
100,22,0,0.0,0.09937197978872149,True,one_vial_per_animal,3,5,0.005555555555555556
10,22,22,1.0,1.0,False,animal_any_tissue_wrong,3,5,0.16666666666666666
15,22,12,0.5454545454545454,0.695368230633624,False,animal_any_tissue_wrong,3,5,0.03333333333333333
20,22,6,0.2727272727272727,0.4296968137318639,False,animal_any_tissue_wrong,3,5,0.005555555555555556
30,22,5,0.22727272727272727,0.3811716983807236,False,animal_any_tissue_wrong,3,5,0.005555555555555556
50,22,5,0.22727272727272727,0.3811716983807236,False,animal_any_tissue_wrong,3,5,0.005555555555555556
100,22,4,0.18181818181818182,0.33104036767050016,False,animal_any_tissue_wrong,3,5,0.005555555555555556
10,22,3,0.13636363636363635,0.2789379766580925,False,one_vial_per_animal,3,6,0.2
15,22,1,0.045454545454545456,0.16558937371921467,False,one_vial_per_animal,3,6,0.027777777777777776
20,22,1,0.045454545454545456,0.16558937371921467,False,one_vial_per_animal,3,6,0.027777777777777776
30,22,1,0.045454545454545456,0.16558937371921467,False,one_vial_per_animal,3,6,0.027777777777777776
50,22,1,0.045454545454545456,0.16558937371921467,False,one_vial_per_animal,3,6,0.022222222222222223
100,22,0,0.0,0.09937197978872149,True,one_vial_per_animal,3,6,0.016666666666666666
10,22,22,1.0,1.0,False,animal_any_tissue_wrong,3,6,0.2
15,22,12,0.5454545454545454,0.695368230633624,False,animal_any_tissue_wrong,3,6,0.027777777777777776
20,22,12,0.5454545454545454,0.695368230633624,False,animal_any_tissue_wrong,3,6,0.027777777777777776
30,22,12,0.5454545454545454,0.695368230633624,False,animal_any_tissue_wrong,3,6,0.027777777777777776
50,22,6,0.2727272727272727,0.4296968137318639,False,animal_any_tissue_wrong,3,6,0.022222222222222223
100,22,5,0.22727272727272727,0.3811716983807236,False,animal_any_tissue_wrong,3,6,0.016666666666666666
10,22,3,0.13636363636363635,0.2789379766580925,False,one_vial_per_animal,3,7,0.18888888888888888
15,22,2,0.09090909090909091,0.22422393907340887,False,one_vial_per_animal,3,7,0.10555555555555556
20,22,0,0.0,0.09937197978872149,True,one_vial_per_animal,3,7,0.03888888888888889
30,22,0,0.0,0.09937197978872149,True,one_vial_per_animal,3,7,0.03333333333333333
50,22,0,0.0,0.09937197978872149,True,one_vial_per_animal,3,7,0.016666666666666666
100,22,0,0.0,0.09937197978872149,True,one_vial_per_animal,3,7,0.016666666666666666
10,22,22,1.0,1.0,False,animal_any_tissue_wrong,3,7,0.18888888888888888
15,22,22,1.0,1.0,False,animal_any_tissue_wrong,3,7,0.10555555555555556
20,22,14,0.6363636363636364,0.7751664489844468,False,animal_any_tissue_wrong,3,7,0.03888888888888889
30,22,9,0.4090909090909091,0.5675157196157017,False,animal_any_tissue_wrong,3,7,0.03333333333333333
50,22,4,0.18181818181818182,0.33104036767050016,False,animal_any_tissue_wrong,3,7,0.016666666666666666
100,22,3,0.13636363636363635,0.2789379766580925,False,animal_any_tissue_wrong,3,7,0.016666666666666666
10,22,2,0.09090909090909091,0.22422393907340887,False,one_vial_per_animal,3,8,0.18888888888888888
15,22,0,0.0,0.09937197978872149,True,one_vial_per_animal,3,8,0.027777777777777776
20,22,0,0.0,0.09937197978872149,True,one_vial_per_animal,3,8,0.011111111111111112
30,22,0,0.0,0.09937197978872149,True,one_vial_per_animal,3,8,0.016666666666666666
50,22,0,0.0,0.09937197978872149,True,one_vial_per_animal,3,8,0.011111111111111112
100,22,0,0.0,0.09937197978872149,True,one_vial_per_animal,3,8,0.011111111111111112
10,22,22,1.0,1.0,False,animal_any_tissue_wrong,3,8,0.18888888888888888
15,22,16,0.7272727272727273,0.8499783130826641,False,animal_any_tissue_wrong,3,8,0.027777777777777776
20,22,12,0.5454545454545454,0.695368230633624,False,animal_any_tissue_wrong,3,8,0.011111111111111112
30,22,12,0.5454545454545454,0.695368230633624,False,animal_any_tissue_wrong,3,8,0.016666666666666666
50,22,9,0.4090909090909091,0.5675157196157017,False,animal_any_tissue_wrong,3,8,0.011111111111111112
100,22,5,0.22727272727272727,0.3811716983807236,False,animal_any_tissue_wrong,3,8,0.011111111111111112
10,22,4,0.18181818181818182,0.33104036767050016,False,one_vial_per_animal,3,9,0.16666666666666666
15,22,1,0.045454545454545456,0.16558937371921467,False,one_vial_per_animal,3,9,0.05555555555555555
20,22,0,0.0,0.09937197978872149,True,one_vial_per_animal,3,9,0.022222222222222223
30,22,0,0.0,0.09937197978872149,True,one_vial_per_animal,3,9,0.022222222222222223
50,22,0,0.0,0.09937197978872149,True,one_vial_per_animal,3,9,0.016666666666666666
100,22,0,0.0,0.09937197978872149,True,one_vial_per_animal,3,9,0.016666666666666666
10,22,22,1.0,1.0,False,animal_any_tissue_wrong,3,9,0.16666666666666666
15,22,19,0.8636363636363636,0.948825870112923,False,animal_any_tissue_wrong,3,9,0.05555555555555555
20,22,11,0.5,0.6538116237657252,False,animal_any_tissue_wrong,3,9,0.022222222222222223
30,22,11,0.5,0.6538116237657252,False,animal_any_tissue_wrong,3,9,0.022222222222222223
50,22,4,0.18181818181818182,0.33104036767050016,False,animal_any_tissue_wrong,3,9,0.016666666666666666
100,22,3,0.13636363636363635,0.2789379766580925,False,animal_any_tissue_wrong,3,9,0.016666666666666666
10,22,7,0.3181818181818182,0.47684127185260844,False,one_vial_per_animal,3,10,0.16666666666666666
15,22,2,0.09090909090909091,0.22422393907340887,False,one_vial_per_animal,3,10,0.05555555555555555
20,22,2,0.09090909090909091,0.22422393907340887,False,one_vial_per_animal,3,10,0.011111111111111112
30,22,1,0.045454545454545456,0.16558937371921467,False,one_vial_per_animal,3,10,0.011111111111111112
50,22,1,0.045454545454545456,0.16558937371921467,False,one_vial_per_animal,3,10,0.016666666666666666
100,22,1,0.045454545454545456,0.16558937371921467,False,one_vial_per_animal,3,10,0.005555555555555556
10,22,22,1.0,1.0,False,animal_any_tissue_wrong,3,10,0.16666666666666666
15,22,21,0.9545454545454546,0.9952223351750524,False,animal_any_tissue_wrong,3,10,0.05555555555555555
20,22,10,0.45454545454545453,0.61119418808616,False,animal_any_tissue_wrong,3,10,0.011111111111111112
30,22,9,0.4090909090909091,0.5675157196157017,False,animal_any_tissue_wrong,3,10,0.011111111111111112
50,22,7,0.3181818181818182,0.47684127185260844,False,animal_any_tissue_wrong,3,10,0.016666666666666666
100,22,6,0.2727272727272727,0.4296968137318639,False,animal_any_tissue_wrong,3,10,0.005555555555555556
10,22,2,0.09090909090909091,0.22422393907340887,False,one_vial_per_animal,3,11,0.16111111111111112
15,22,1,0.045454545454545456,0.16558937371921467,False,one_vial_per_animal,3,11,0.07222222222222222
20,22,1,0.045454545454545456,0.16558937371921467,False,one_vial_per_animal,3,11,0.03888888888888889
30,22,1,0.045454545454545456,0.16558937371921467,False,one_vial_per_animal,3,11,0.03888888888888889
50,22,0,0.0,0.09937197978872149,False,one_vial_per_animal,3,11,0.016666666666666666
100,22,1,0.045454545454545456,0.16558937371921467,False,one_vial_per_animal,3,11,0.016666666666666666
10,22,22,1.0,1.0,False,animal_any_tissue_wrong,3,11,0.16111111111111112
15,22,14,0.6363636363636364,0.7751664489844468,False,animal_any_tissue_wrong,3,11,0.07222222222222222
20,22,11,0.5,0.6538116237657252,False,animal_any_tissue_wrong,3,11,0.03888888888888889
30,22,8,0.36363636363636365,0.5227499673740492,False,animal_any_tissue_wrong,3,11,0.03888888888888889
50,22,3,0.13636363636363635,0.2789379766580925,False,animal_any_tissue_wrong,3,11,0.016666666666666666
100,22,3,0.13636363636363635,0.2789379766580925,False,animal_any_tissue_wrong,3,11,0.016666666666666666
10,22,7,0.3181818181818182,0.47684127185260844,False,one_vial_per_animal,3,12,0.16666666666666666
15,22,2,0.09090909090909091,0.22422393907340887,False,one_vial_per_animal,3,12,0.027777777777777776
20,22,1,0.045454545454545456,0.16558937371921467,False,one_vial_per_animal,3,12,0.011111111111111112
30,22,2,0.09090909090909091,0.22422393907340887,False,one_vial_per_animal,3,12,0.011111111111111112
50,22,2,0.09090909090909091,0.22422393907340887,False,one_vial_per_animal,3,12,0.005555555555555556
100,22,2,0.09090909090909091,0.22422393907340887,False,one_vial_per_animal,3,12,0.005555555555555556
10,22,22,1.0,1.0,False,animal_any_tissue_wrong,3,12,0.16666666666666666
15,22,13,0.5909090909090909,0.7358382023864019,False,animal_any_tissue_wrong,3,12,0.027777777777777776
20,22,9,0.4090909090909091,0.5675157196157017,False,animal_any_tissue_wrong,3,12,0.011111111111111112
30,22,10,0.45454545454545453,0.61119418808616,False,animal_any_tissue_wrong,3,12,0.011111111111111112
50,22,9,0.4090909090909091,0.5675157196157017,False,animal_any_tissue_wrong,3,12,0.005555555555555556
100,22,5,0.22727272727272727,0.3811716983807236,False,animal_any_tissue_wrong,3,12,0.005555555555555556
10,22,1,0.045454545454545456,0.16558937371921467,False,one_vial_per_animal,3,13,0.19444444444444445
15,22,0,0.0,0.09937197978872149,True,one_vial_per_animal,3,13,0.05
20,22,0,0.0,0.09937197978872149,True,one_vial_per_animal,3,13,0.016666666666666666
30,22,0,0.0,0.09937197978872149,True,one_vial_per_animal,3,13,0.016666666666666666
50,22,0,0.0,0.09937197978872149,True,one_vial_per_animal,3,13,0.005555555555555556
100,22,0,0.0,0.09937197978872149,True,one_vial_per_animal,3,13,0.0
10,22,22,1.0,1.0,False,animal_any_tissue_wrong,3,13,0.19444444444444445
15,22,15,0.6818181818181818,0.8132609881351955,False,animal_any_tissue_wrong,3,13,0.05
20,22,12,0.5454545454545454,0.695368230633624,False,animal_any_tissue_wrong,3,13,0.016666666666666666
30,22,12,0.5454545454545454,0.695368230633624,False,animal_any_tissue_wrong,3,13,0.016666666666666666
50,22,4,0.18181818181818182,0.33104036767050016,False,animal_any_tissue_wrong,3,13,0.005555555555555556
100,22,2,0.09090909090909091,0.22422393907340887,False,animal_any_tissue_wrong,3,13,0.0
10,22,4,0.18181818181818182,0.33104036767050016,False,one_vial_per_animal,3,14,0.15555555555555556
15,22,1,0.045454545454545456,0.16558937371921467,False,one_vial_per_animal,3,14,0.027777777777777776
20,22,1,0.045454545454545456,0.16558937371921467,False,one_vial_per_animal,3,14,0.027777777777777776
30,22,1,0.045454545454545456,0.16558937371921467,False,one_vial_per_animal,3,14,0.027777777777777776
50,22,1,0.045454545454545456,0.16558937371921467,False,one_vial_per_animal,3,14,0.016666666666666666
100,22,1,0.045454545454545456,0.16558937371921467,False,one_vial_per_animal,3,14,0.011111111111111112
10,22,22,1.0,1.0,False,animal_any_tissue_wrong,3,14,0.15555555555555556
15,22,9,0.4090909090909091,0.5675157196157017,False,animal_any_tissue_wrong,3,14,0.027777777777777776
20,22,8,0.36363636363636365,0.5227499673740492,False,animal_any_tissue_wrong,3,14,0.027777777777777776
30,22,8,0.36363636363636365,0.5227499673740492,False,animal_any_tissue_wrong,3,14,0.027777777777777776
50,22,6,0.2727272727272727,0.4296968137318639,False,animal_any_tissue_wrong,3,14,0.016666666666666666
100,22,7,0.3181818181818182,0.47684127185260844,False,animal_any_tissue_wrong,3,14,0.011111111111111112
10,22,4,0.18181818181818182,0.33104036767050016,False,one_vial_per_animal,3,15,0.14444444444444443
15,22,0,0.0,0.09937197978872149,True,one_vial_per_animal,3,15,0.027777777777777776
20,22,0,0.0,0.09937197978872149,True,one_vial_per_animal,3,15,0.022222222222222223
30,22,0,0.0,0.09937197978872149,True,one_vial_per_animal,3,15,0.022222222222222223
50,22,0,0.0,0.09937197978872149,True,one_vial_per_animal,3,15,0.016666666666666666
100,22,0,0.0,0.09937197978872149,True,one_vial_per_animal,3,15,0.011111111111111112
10,22,22,1.0,1.0,False,animal_any_tissue_wrong,3,15,0.14444444444444443
15,22,5,0.22727272727272727,0.3811716983807236,False,animal_any_tissue_wrong,3,15,0.027777777777777776
20,22,3,0.13636363636363635,0.2789379766580925,False,animal_any_tissue_wrong,3,15,0.022222222222222223
30,22,3,0.13636363636363635,0.2789379766580925,False,animal_any_tissue_wrong,3,15,0.022222222222222223
50,22,3,0.13636363636363635,0.2789379766580925,False,animal_any_tissue_wrong,3,15,0.016666666666666666
100,22,1,0.045454545454545456,0.16558937371921467,False,animal_any_tissue_wrong,3,15,0.011111111111111112
10,22,7,0.3181818181818182,0.47684127185260844,False,one_vial_per_animal,3,16,0.19444444444444445
15,22,4,0.18181818181818182,0.33104036767050016,False,one_vial_per_animal,3,16,0.07777777777777778
20,22,3,0.13636363636363635,0.2789379766580925,False,one_vial_per_animal,3,16,0.044444444444444446
30,22,3,0.13636363636363635,0.2789379766580925,False,one_vial_per_animal,3,16,0.03888888888888889
50,22,2,0.09090909090909091,0.22422393907340887,False,one_vial_per_animal,3,16,0.016666666666666666
100,22,2,0.09090909090909091,0.22422393907340887,False,one_vial_per_animal,3,16,0.011111111111111112
10,22,22,1.0,1.0,False,animal_any_tissue_wrong,3,16,0.19444444444444445
15,22,18,0.8181818181818182,0.9182532067479084,False,animal_any_tissue_wrong,3,16,0.07777777777777778
20,22,11,0.5,0.6538116237657252,False,animal_any_tissue_wrong,3,16,0.044444444444444446
30,22,11,0.5,0.6538116237657252,False,animal_any_tissue_wrong,3,16,0.03888888888888889
50,22,4,0.18181818181818182,0.33104036767050016,False,animal_any_tissue_wrong,3,16,0.016666666666666666
100,22,5,0.22727272727272727,0.3811716983807236,False,animal_any_tissue_wrong,3,16,0.011111111111111112
10,22,3,0.13636363636363635,0.2789379766580925,False,one_vial_per_animal,3,17,0.19444444444444445
15,22,1,0.045454545454545456,0.16558937371921467,False,one_vial_per_animal,3,17,0.07222222222222222
20,22,1,0.045454545454545456,0.16558937371921467,False,one_vial_per_animal,3,17,0.05
30,22,1,0.045454545454545456,0.16558937371921467,False,one_vial_per_animal,3,17,0.03888888888888889
50,22,0,0.0,0.09937197978872149,True,one_vial_per_animal,3,17,0.022222222222222223
100,22,0,0.0,0.09937197978872149,True,one_vial_per_animal,3,17,0.005555555555555556
10,22,22,1.0,1.0,False,animal_any_tissue_wrong,3,17,0.19444444444444445
15,22,16,0.7272727272727273,0.8499783130826641,False,animal_any_tissue_wrong,3,17,0.07222222222222222
20,22,10,0.45454545454545453,0.61119418808616,False,animal_any_tissue_wrong,3,17,0.05
30,22,10,0.45454545454545453,0.61119418808616,False,animal_any_tissue_wrong,3,17,0.03888888888888889
50,22,4,0.18181818181818182,0.33104036767050016,False,animal_any_tissue_wrong,3,17,0.022222222222222223
100,22,2,0.09090909090909091,0.22422393907340887,False,animal_any_tissue_wrong,3,17,0.005555555555555556
10,22,5,0.22727272727272727,0.3811716983807236,False,one_vial_per_animal,3,18,0.15
15,22,0,0.0,0.09937197978872149,True,one_vial_per_animal,3,18,0.027777777777777776
20,22,0,0.0,0.09937197978872149,True,one_vial_per_animal,3,18,0.027777777777777776
30,22,0,0.0,0.09937197978872149,True,one_vial_per_animal,3,18,0.027777777777777776
50,22,0,0.0,0.09937197978872149,True,one_vial_per_animal,3,18,0.011111111111111112
100,22,0,0.0,0.09937197978872149,True,one_vial_per_animal,3,18,0.0
10,22,22,1.0,1.0,False,animal_any_tissue_wrong,3,18,0.15
15,22,8,0.36363636363636365,0.5227499673740492,False,animal_any_tissue_wrong,3,18,0.027777777777777776
20,22,7,0.3181818181818182,0.47684127185260844,False,animal_any_tissue_wrong,3,18,0.027777777777777776
30,22,6,0.2727272727272727,0.4296968137318639,False,animal_any_tissue_wrong,3,18,0.027777777777777776
50,22,4,0.18181818181818182,0.33104036767050016,False,animal_any_tissue_wrong,3,18,0.011111111111111112
100,22,4,0.18181818181818182,0.33104036767050016,False,animal_any_tissue_wrong,3,18,0.0
10,22,4,0.18181818181818182,0.33104036767050016,False,one_vial_per_animal,3,19,0.18888888888888888
15,22,2,0.09090909090909091,0.22422393907340887,False,one_vial_per_animal,3,19,0.07222222222222222
20,22,0,0.0,0.09937197978872149,True,one_vial_per_animal,3,19,0.03888888888888889
30,22,0,0.0,0.09937197978872149,True,one_vial_per_animal,3,19,0.03888888888888889
50,22,0,0.0,0.09937197978872149,True,one_vial_per_animal,3,19,0.016666666666666666
100,22,0,0.0,0.09937197978872149,True,one_vial_per_animal,3,19,0.016666666666666666
10,22,22,1.0,1.0,False,animal_any_tissue_wrong,3,19,0.18888888888888888
15,22,16,0.7272727272727273,0.8499783130826641,False,animal_any_tissue_wrong,3,19,0.07222222222222222
20,22,6,0.2727272727272727,0.4296968137318639,False,animal_any_tissue_wrong,3,19,0.03888888888888889
30,22,6,0.2727272727272727,0.4296968137318639,False,animal_any_tissue_wrong,3,19,0.03888888888888889
50,22,3,0.13636363636363635,0.2789379766580925,False,animal_any_tissue_wrong,3,19,0.016666666666666666
100,22,3,0.13636363636363635,0.2789379766580925,False,animal_any_tissue_wrong,3,19,0.016666666666666666
10,22,3,0.13636363636363635,0.2789379766580925,False,one_vial_per_animal,4,0,0.2111111111111111
15,22,1,0.045454545454545456,0.16558937371921467,False,one_vial_per_animal,4,0,0.03888888888888889
20,22,1,0.045454545454545456,0.16558937371921467,False,one_vial_per_animal,4,0,0.022222222222222223
30,22,1,0.045454545454545456,0.16558937371921467,False,one_vial_per_animal,4,0,0.022222222222222223
50,22,1,0.045454545454545456,0.16558937371921467,False,one_vial_per_animal,4,0,0.022222222222222223
100,22,1,0.045454545454545456,0.16558937371921467,False,one_vial_per_animal,4,0,0.027777777777777776
10,22,22,1.0,1.0,False,animal_any_tissue_wrong,4,0,0.2111111111111111
15,22,11,0.5,0.6538116237657252,False,animal_any_tissue_wrong,4,0,0.03888888888888889
20,22,3,0.13636363636363635,0.2789379766580925,False,animal_any_tissue_wrong,4,0,0.022222222222222223
30,22,4,0.18181818181818182,0.33104036767050016,False,animal_any_tissue_wrong,4,0,0.022222222222222223
50,22,4,0.18181818181818182,0.33104036767050016,False,animal_any_tissue_wrong,4,0,0.022222222222222223
100,22,1,0.045454545454545456,0.16558937371921467,False,animal_any_tissue_wrong,4,0,0.027777777777777776
10,22,4,0.18181818181818182,0.33104036767050016,False,one_vial_per_animal,4,1,0.17777777777777778
15,22,1,0.045454545454545456,0.16558937371921467,False,one_vial_per_animal,4,1,0.027777777777777776
20,22,1,0.045454545454545456,0.16558937371921467,False,one_vial_per_animal,4,1,0.022222222222222223
30,22,1,0.045454545454545456,0.16558937371921467,False,one_vial_per_animal,4,1,0.027777777777777776
50,22,1,0.045454545454545456,0.16558937371921467,False,one_vial_per_animal,4,1,0.016666666666666666
100,22,1,0.045454545454545456,0.16558937371921467,False,one_vial_per_animal,4,1,0.016666666666666666
10,22,22,1.0,1.0,False,animal_any_tissue_wrong,4,1,0.17777777777777778
15,22,10,0.45454545454545453,0.61119418808616,False,animal_any_tissue_wrong,4,1,0.027777777777777776
20,22,6,0.2727272727272727,0.4296968137318639,False,animal_any_tissue_wrong,4,1,0.022222222222222223
30,22,6,0.2727272727272727,0.4296968137318639,False,animal_any_tissue_wrong,4,1,0.027777777777777776
50,22,6,0.2727272727272727,0.4296968137318639,False,animal_any_tissue_wrong,4,1,0.016666666666666666
100,22,5,0.22727272727272727,0.3811716983807236,False,animal_any_tissue_wrong,4,1,0.016666666666666666
10,22,4,0.18181818181818182,0.33104036767050016,False,one_vial_per_animal,4,2,0.19444444444444445
15,22,1,0.045454545454545456,0.16558937371921467,False,one_vial_per_animal,4,2,0.06111111111111111
20,22,0,0.0,0.09937197978872149,True,one_vial_per_animal,4,2,0.022222222222222223
30,22,0,0.0,0.09937197978872149,True,one_vial_per_animal,4,2,0.022222222222222223
50,22,0,0.0,0.09937197978872149,True,one_vial_per_animal,4,2,0.016666666666666666
100,22,0,0.0,0.09937197978872149,True,one_vial_per_animal,4,2,0.022222222222222223
10,22,22,1.0,1.0,False,animal_any_tissue_wrong,4,2,0.19444444444444445
15,22,16,0.7272727272727273,0.8499783130826641,False,animal_any_tissue_wrong,4,2,0.06111111111111111
20,22,3,0.13636363636363635,0.2789379766580925,False,animal_any_tissue_wrong,4,2,0.022222222222222223
30,22,2,0.09090909090909091,0.22422393907340887,False,animal_any_tissue_wrong,4,2,0.022222222222222223
50,22,1,0.045454545454545456,0.16558937371921467,False,animal_any_tissue_wrong,4,2,0.016666666666666666
100,22,2,0.09090909090909091,0.22422393907340887,False,animal_any_tissue_wrong,4,2,0.022222222222222223
10,22,3,0.13636363636363635,0.2789379766580925,False,one_vial_per_animal,4,3,0.2222222222222222
15,22,0,0.0,0.09937197978872149,True,one_vial_per_animal,4,3,0.044444444444444446
20,22,0,0.0,0.09937197978872149,True,one_vial_per_animal,4,3,0.022222222222222223
30,22,0,0.0,0.09937197978872149,True,one_vial_per_animal,4,3,0.022222222222222223
50,22,0,0.0,0.09937197978872149,True,one_vial_per_animal,4,3,0.022222222222222223
100,22,0,0.0,0.09937197978872149,True,one_vial_per_animal,4,3,0.022222222222222223
10,22,22,1.0,1.0,False,animal_any_tissue_wrong,4,3,0.2222222222222222
15,22,14,0.6363636363636364,0.7751664489844468,False,animal_any_tissue_wrong,4,3,0.044444444444444446
20,22,3,0.13636363636363635,0.2789379766580925,False,animal_any_tissue_wrong,4,3,0.022222222222222223
30,22,3,0.13636363636363635,0.2789379766580925,False,animal_any_tissue_wrong,4,3,0.022222222222222223
50,22,3,0.13636363636363635,0.2789379766580925,False,animal_any_tissue_wrong,4,3,0.022222222222222223
100,22,1,0.045454545454545456,0.16558937371921467,False,animal_any_tissue_wrong,4,3,0.022222222222222223
10,22,6,0.2727272727272727,0.4296968137318639,False,one_vial_per_animal,4,4,0.2222222222222222
15,22,1,0.045454545454545456,0.16558937371921467,False,one_vial_per_animal,4,4,0.03888888888888889
20,22,0,0.0,0.09937197978872149,False,one_vial_per_animal,4,4,0.03888888888888889
30,22,1,0.045454545454545456,0.16558937371921467,False,one_vial_per_animal,4,4,0.03888888888888889
50,22,0,0.0,0.09937197978872149,True,one_vial_per_animal,4,4,0.016666666666666666
100,22,0,0.0,0.09937197978872149,True,one_vial_per_animal,4,4,0.016666666666666666
10,22,22,1.0,1.0,False,animal_any_tissue_wrong,4,4,0.2222222222222222
15,22,14,0.6363636363636364,0.7751664489844468,False,animal_any_tissue_wrong,4,4,0.03888888888888889
20,22,9,0.4090909090909091,0.5675157196157017,False,animal_any_tissue_wrong,4,4,0.03888888888888889
30,22,10,0.45454545454545453,0.61119418808616,False,animal_any_tissue_wrong,4,4,0.03888888888888889
50,22,2,0.09090909090909091,0.22422393907340887,False,animal_any_tissue_wrong,4,4,0.016666666666666666
100,22,2,0.09090909090909091,0.22422393907340887,False,animal_any_tissue_wrong,4,4,0.016666666666666666
10,22,5,0.22727272727272727,0.3811716983807236,False,one_vial_per_animal,4,5,0.23333333333333334
15,22,1,0.045454545454545456,0.16558937371921467,False,one_vial_per_animal,4,5,0.03888888888888889
20,22,0,0.0,0.09937197978872149,True,one_vial_per_animal,4,5,0.027777777777777776
30,22,0,0.0,0.09937197978872149,True,one_vial_per_animal,4,5,0.022222222222222223
50,22,0,0.0,0.09937197978872149,True,one_vial_per_animal,4,5,0.016666666666666666
100,22,0,0.0,0.09937197978872149,True,one_vial_per_animal,4,5,0.011111111111111112
10,22,22,1.0,1.0,False,animal_any_tissue_wrong,4,5,0.23333333333333334
15,22,8,0.36363636363636365,0.5227499673740492,False,animal_any_tissue_wrong,4,5,0.03888888888888889
20,22,5,0.22727272727272727,0.3811716983807236,False,animal_any_tissue_wrong,4,5,0.027777777777777776
30,22,5,0.22727272727272727,0.3811716983807236,False,animal_any_tissue_wrong,4,5,0.022222222222222223
50,22,4,0.18181818181818182,0.33104036767050016,False,animal_any_tissue_wrong,4,5,0.016666666666666666
100,22,4,0.18181818181818182,0.33104036767050016,False,animal_any_tissue_wrong,4,5,0.011111111111111112
10,22,4,0.18181818181818182,0.33104036767050016,False,one_vial_per_animal,4,6,0.19444444444444445
15,22,2,0.09090909090909091,0.22422393907340887,False,one_vial_per_animal,4,6,0.06111111111111111
20,22,1,0.045454545454545456,0.16558937371921467,False,one_vial_per_animal,4,6,0.05
30,22,1,0.045454545454545456,0.16558937371921467,False,one_vial_per_animal,4,6,0.044444444444444446
50,22,0,0.0,0.09937197978872149,True,one_vial_per_animal,4,6,0.016666666666666666
100,22,0,0.0,0.09937197978872149,True,one_vial_per_animal,4,6,0.016666666666666666
10,22,22,1.0,1.0,False,animal_any_tissue_wrong,4,6,0.19444444444444445
15,22,16,0.7272727272727273,0.8499783130826641,False,animal_any_tissue_wrong,4,6,0.06111111111111111
20,22,14,0.6363636363636364,0.7751664489844468,False,animal_any_tissue_wrong,4,6,0.05
30,22,12,0.5454545454545454,0.695368230633624,False,animal_any_tissue_wrong,4,6,0.044444444444444446
50,22,5,0.22727272727272727,0.3811716983807236,False,animal_any_tissue_wrong,4,6,0.016666666666666666
100,22,5,0.22727272727272727,0.3811716983807236,False,animal_any_tissue_wrong,4,6,0.016666666666666666
10,22,4,0.18181818181818182,0.33104036767050016,False,one_vial_per_animal,4,7,0.22777777777777777
15,22,0,0.0,0.09937197978872149,True,one_vial_per_animal,4,7,0.05
20,22,0,0.0,0.09937197978872149,True,one_vial_per_animal,4,7,0.044444444444444446
30,22,0,0.0,0.09937197978872149,True,one_vial_per_animal,4,7,0.044444444444444446
50,22,0,0.0,0.09937197978872149,True,one_vial_per_animal,4,7,0.022222222222222223
100,22,0,0.0,0.09937197978872149,True,one_vial_per_animal,4,7,0.022222222222222223
10,22,22,1.0,1.0,False,animal_any_tissue_wrong,4,7,0.22777777777777777
15,22,15,0.6818181818181818,0.8132609881351955,False,animal_any_tissue_wrong,4,7,0.05
20,22,10,0.45454545454545453,0.61119418808616,False,animal_any_tissue_wrong,4,7,0.044444444444444446
30,22,10,0.45454545454545453,0.61119418808616,False,animal_any_tissue_wrong,4,7,0.044444444444444446
50,22,6,0.2727272727272727,0.4296968137318639,False,animal_any_tissue_wrong,4,7,0.022222222222222223
100,22,6,0.2727272727272727,0.4296968137318639,False,animal_any_tissue_wrong,4,7,0.022222222222222223
10,22,5,0.22727272727272727,0.3811716983807236,False,one_vial_per_animal,4,8,0.21666666666666667
15,22,2,0.09090909090909091,0.22422393907340887,False,one_vial_per_animal,4,8,0.03888888888888889
20,22,1,0.045454545454545456,0.16558937371921467,False,one_vial_per_animal,4,8,0.03333333333333333
30,22,1,0.045454545454545456,0.16558937371921467,False,one_vial_per_animal,4,8,0.03333333333333333
50,22,0,0.0,0.09937197978872149,True,one_vial_per_animal,4,8,0.022222222222222223
100,22,0,0.0,0.09937197978872149,True,one_vial_per_animal,4,8,0.022222222222222223
10,22,22,1.0,1.0,False,animal_any_tissue_wrong,4,8,0.21666666666666667
15,22,11,0.5,0.6538116237657252,False,animal_any_tissue_wrong,4,8,0.03888888888888889
20,22,11,0.5,0.6538116237657252,False,animal_any_tissue_wrong,4,8,0.03333333333333333
30,22,10,0.45454545454545453,0.61119418808616,False,animal_any_tissue_wrong,4,8,0.03333333333333333
50,22,5,0.22727272727272727,0.3811716983807236,False,animal_any_tissue_wrong,4,8,0.022222222222222223
100,22,6,0.2727272727272727,0.4296968137318639,False,animal_any_tissue_wrong,4,8,0.022222222222222223
10,22,4,0.18181818181818182,0.33104036767050016,False,one_vial_per_animal,4,9,0.18888888888888888
15,22,0,0.0,0.09937197978872149,True,one_vial_per_animal,4,9,0.027777777777777776
20,22,0,0.0,0.09937197978872149,True,one_vial_per_animal,4,9,0.016666666666666666
30,22,0,0.0,0.09937197978872149,True,one_vial_per_animal,4,9,0.016666666666666666
50,22,0,0.0,0.09937197978872149,True,one_vial_per_animal,4,9,0.022222222222222223
100,22,0,0.0,0.09937197978872149,True,one_vial_per_animal,4,9,0.022222222222222223
10,22,22,1.0,1.0,False,animal_any_tissue_wrong,4,9,0.18888888888888888
15,22,7,0.3181818181818182,0.47684127185260844,False,animal_any_tissue_wrong,4,9,0.027777777777777776
20,22,2,0.09090909090909091,0.22422393907340887,False,animal_any_tissue_wrong,4,9,0.016666666666666666
30,22,2,0.09090909090909091,0.22422393907340887,False,animal_any_tissue_wrong,4,9,0.016666666666666666
50,22,2,0.09090909090909091,0.22422393907340887,False,animal_any_tissue_wrong,4,9,0.022222222222222223
100,22,1,0.045454545454545456,0.16558937371921467,False,animal_any_tissue_wrong,4,9,0.022222222222222223
10,22,5,0.22727272727272727,0.3811716983807236,False,one_vial_per_animal,4,10,0.17777777777777778
15,22,2,0.09090909090909091,0.22422393907340887,False,one_vial_per_animal,4,10,0.03888888888888889
20,22,1,0.045454545454545456,0.16558937371921467,False,one_vial_per_animal,4,10,0.027777777777777776
30,22,1,0.045454545454545456,0.16558937371921467,False,one_vial_per_animal,4,10,0.022222222222222223
50,22,0,0.0,0.09937197978872149,True,one_vial_per_animal,4,10,0.016666666666666666
100,22,0,0.0,0.09937197978872149,True,one_vial_per_animal,4,10,0.022222222222222223
10,22,22,1.0,1.0,False,animal_any_tissue_wrong,4,10,0.17777777777777778
15,22,7,0.3181818181818182,0.47684127185260844,False,animal_any_tissue_wrong,4,10,0.03888888888888889
20,22,5,0.22727272727272727,0.3811716983807236,False,animal_any_tissue_wrong,4,10,0.027777777777777776
30,22,5,0.22727272727272727,0.3811716983807236,False,animal_any_tissue_wrong,4,10,0.022222222222222223
50,22,5,0.22727272727272727,0.3811716983807236,False,animal_any_tissue_wrong,4,10,0.016666666666666666
100,22,2,0.09090909090909091,0.22422393907340887,False,animal_any_tissue_wrong,4,10,0.022222222222222223
10,22,3,0.13636363636363635,0.2789379766580925,False,one_vial_per_animal,4,11,0.21666666666666667
15,22,1,0.045454545454545456,0.16558937371921467,False,one_vial_per_animal,4,11,0.06111111111111111
20,22,0,0.0,0.09937197978872149,True,one_vial_per_animal,4,11,0.027777777777777776
30,22,0,0.0,0.09937197978872149,True,one_vial_per_animal,4,11,0.027777777777777776
50,22,0,0.0,0.09937197978872149,True,one_vial_per_animal,4,11,0.016666666666666666
100,22,0,0.0,0.09937197978872149,True,one_vial_per_animal,4,11,0.011111111111111112
10,22,22,1.0,1.0,False,animal_any_tissue_wrong,4,11,0.21666666666666667
15,22,17,0.7727272727272727,0.885095462363173,False,animal_any_tissue_wrong,4,11,0.06111111111111111
20,22,3,0.13636363636363635,0.2789379766580925,False,animal_any_tissue_wrong,4,11,0.027777777777777776
30,22,3,0.13636363636363635,0.2789379766580925,False,animal_any_tissue_wrong,4,11,0.027777777777777776
50,22,3,0.13636363636363635,0.2789379766580925,False,animal_any_tissue_wrong,4,11,0.016666666666666666
100,22,3,0.13636363636363635,0.2789379766580925,False,animal_any_tissue_wrong,4,11,0.011111111111111112
10,22,5,0.22727272727272727,0.3811716983807236,False,one_vial_per_animal,4,12,0.22777777777777777
15,22,1,0.045454545454545456,0.16558937371921467,False,one_vial_per_animal,4,12,0.03333333333333333
20,22,1,0.045454545454545456,0.16558937371921467,False,one_vial_per_animal,4,12,0.027777777777777776
30,22,1,0.045454545454545456,0.16558937371921467,False,one_vial_per_animal,4,12,0.027777777777777776
50,22,1,0.045454545454545456,0.16558937371921467,False,one_vial_per_animal,4,12,0.027777777777777776
100,22,1,0.045454545454545456,0.16558937371921467,False,one_vial_per_animal,4,12,0.016666666666666666
10,22,22,1.0,1.0,False,animal_any_tissue_wrong,4,12,0.22777777777777777
15,22,7,0.3181818181818182,0.47684127185260844,False,animal_any_tissue_wrong,4,12,0.03333333333333333
20,22,1,0.045454545454545456,0.16558937371921467,False,animal_any_tissue_wrong,4,12,0.027777777777777776
30,22,2,0.09090909090909091,0.22422393907340887,False,animal_any_tissue_wrong,4,12,0.027777777777777776
50,22,2,0.09090909090909091,0.22422393907340887,False,animal_any_tissue_wrong,4,12,0.027777777777777776
100,22,1,0.045454545454545456,0.16558937371921467,False,animal_any_tissue_wrong,4,12,0.016666666666666666
10,22,2,0.09090909090909091,0.22422393907340887,False,one_vial_per_animal,4,13,0.19444444444444445
15,22,0,0.0,0.09937197978872149,True,one_vial_per_animal,4,13,0.06111111111111111
20,22,0,0.0,0.09937197978872149,True,one_vial_per_animal,4,13,0.027777777777777776
30,22,0,0.0,0.09937197978872149,True,one_vial_per_animal,4,13,0.022222222222222223
50,22,0,0.0,0.09937197978872149,True,one_vial_per_animal,4,13,0.016666666666666666
100,22,0,0.0,0.09937197978872149,True,one_vial_per_animal,4,13,0.022222222222222223
10,22,22,1.0,1.0,False,animal_any_tissue_wrong,4,13,0.19444444444444445
15,22,15,0.6818181818181818,0.8132609881351955,False,animal_any_tissue_wrong,4,13,0.06111111111111111
20,22,3,0.13636363636363635,0.2789379766580925,False,animal_any_tissue_wrong,4,13,0.027777777777777776
30,22,2,0.09090909090909091,0.22422393907340887,False,animal_any_tissue_wrong,4,13,0.022222222222222223
50,22,2,0.09090909090909091,0.22422393907340887,False,animal_any_tissue_wrong,4,13,0.016666666666666666
100,22,2,0.09090909090909091,0.22422393907340887,False,animal_any_tissue_wrong,4,13,0.022222222222222223
10,22,4,0.18181818181818182,0.33104036767050016,False,one_vial_per_animal,4,14,0.18888888888888888
15,22,1,0.045454545454545456,0.16558937371921467,False,one_vial_per_animal,4,14,0.03333333333333333
20,22,1,0.045454545454545456,0.16558937371921467,False,one_vial_per_animal,4,14,0.027777777777777776
30,22,1,0.045454545454545456,0.16558937371921467,False,one_vial_per_animal,4,14,0.027777777777777776
50,22,1,0.045454545454545456,0.16558937371921467,False,one_vial_per_animal,4,14,0.022222222222222223
100,22,1,0.045454545454545456,0.16558937371921467,False,one_vial_per_animal,4,14,0.022222222222222223
10,22,22,1.0,1.0,False,animal_any_tissue_wrong,4,14,0.18888888888888888
15,22,8,0.36363636363636365,0.5227499673740492,False,animal_any_tissue_wrong,4,14,0.03333333333333333
20,22,8,0.36363636363636365,0.5227499673740492,False,animal_any_tissue_wrong,4,14,0.027777777777777776
30,22,8,0.36363636363636365,0.5227499673740492,False,animal_any_tissue_wrong,4,14,0.027777777777777776
50,22,4,0.18181818181818182,0.33104036767050016,False,animal_any_tissue_wrong,4,14,0.022222222222222223
100,22,4,0.18181818181818182,0.33104036767050016,False,animal_any_tissue_wrong,4,14,0.022222222222222223
10,22,7,0.3181818181818182,0.47684127185260844,False,one_vial_per_animal,4,15,0.2
15,22,2,0.09090909090909091,0.22422393907340887,False,one_vial_per_animal,4,15,0.044444444444444446
20,22,0,0.0,0.09937197978872149,True,one_vial_per_animal,4,15,0.027777777777777776
30,22,0,0.0,0.09937197978872149,True,one_vial_per_animal,4,15,0.027777777777777776
50,22,0,0.0,0.09937197978872149,True,one_vial_per_animal,4,15,0.016666666666666666
100,22,0,0.0,0.09937197978872149,True,one_vial_per_animal,4,15,0.022222222222222223
10,22,22,1.0,1.0,False,animal_any_tissue_wrong,4,15,0.2
15,22,13,0.5909090909090909,0.7358382023864019,False,animal_any_tissue_wrong,4,15,0.044444444444444446
20,22,2,0.09090909090909091,0.22422393907340887,False,animal_any_tissue_wrong,4,15,0.027777777777777776
30,22,1,0.045454545454545456,0.16558937371921467,False,animal_any_tissue_wrong,4,15,0.027777777777777776
50,22,2,0.09090909090909091,0.22422393907340887,False,animal_any_tissue_wrong,4,15,0.016666666666666666
100,22,2,0.09090909090909091,0.22422393907340887,False,animal_any_tissue_wrong,4,15,0.022222222222222223
10,22,2,0.09090909090909091,0.22422393907340887,False,one_vial_per_animal,4,16,0.2
15,22,1,0.045454545454545456,0.16558937371921467,False,one_vial_per_animal,4,16,0.06111111111111111
20,22,1,0.045454545454545456,0.16558937371921467,False,one_vial_per_animal,4,16,0.022222222222222223
30,22,1,0.045454545454545456,0.16558937371921467,False,one_vial_per_animal,4,16,0.022222222222222223
50,22,0,0.0,0.09937197978872149,True,one_vial_per_animal,4,16,0.022222222222222223
100,22,0,0.0,0.09937197978872149,True,one_vial_per_animal,4,16,0.016666666666666666
10,22,22,1.0,1.0,False,animal_any_tissue_wrong,4,16,0.2
15,22,16,0.7272727272727273,0.8499783130826641,False,animal_any_tissue_wrong,4,16,0.06111111111111111
20,22,6,0.2727272727272727,0.4296968137318639,False,animal_any_tissue_wrong,4,16,0.022222222222222223
30,22,6,0.2727272727272727,0.4296968137318639,False,animal_any_tissue_wrong,4,16,0.022222222222222223
50,22,4,0.18181818181818182,0.33104036767050016,False,animal_any_tissue_wrong,4,16,0.022222222222222223
100,22,3,0.13636363636363635,0.2789379766580925,False,animal_any_tissue_wrong,4,16,0.016666666666666666
10,22,5,0.22727272727272727,0.3811716983807236,False,one_vial_per_animal,4,17,0.15
15,22,0,0.0,0.09937197978872149,True,one_vial_per_animal,4,17,0.03333333333333333
20,22,0,0.0,0.09937197978872149,True,one_vial_per_animal,4,17,0.022222222222222223
30,22,0,0.0,0.09937197978872149,True,one_vial_per_animal,4,17,0.022222222222222223
50,22,0,0.0,0.09937197978872149,True,one_vial_per_animal,4,17,0.022222222222222223
100,22,0,0.0,0.09937197978872149,True,one_vial_per_animal,4,17,0.016666666666666666
10,22,22,1.0,1.0,False,animal_any_tissue_wrong,4,17,0.15
15,22,7,0.3181818181818182,0.47684127185260844,False,animal_any_tissue_wrong,4,17,0.03333333333333333
20,22,6,0.2727272727272727,0.4296968137318639,False,animal_any_tissue_wrong,4,17,0.022222222222222223
30,22,6,0.2727272727272727,0.4296968137318639,False,animal_any_tissue_wrong,4,17,0.022222222222222223
50,22,6,0.2727272727272727,0.4296968137318639,False,animal_any_tissue_wrong,4,17,0.022222222222222223
100,22,5,0.22727272727272727,0.3811716983807236,False,animal_any_tissue_wrong,4,17,0.016666666666666666
10,22,5,0.22727272727272727,0.3811716983807236,False,one_vial_per_animal,4,18,0.21666666666666667
15,22,0,0.0,0.09937197978872149,False,one_vial_per_animal,4,18,0.027777777777777776
20,22,0,0.0,0.09937197978872149,False,one_vial_per_animal,4,18,0.016666666666666666
30,22,0,0.0,0.09937197978872149,False,one_vial_per_animal,4,18,0.022222222222222223
50,22,1,0.045454545454545456,0.16558937371921467,False,one_vial_per_animal,4,18,0.027777777777777776
100,22,0,0.0,0.09937197978872149,True,one_vial_per_animal,4,18,0.022222222222222223
10,22,22,1.0,1.0,False,animal_any_tissue_wrong,4,18,0.21666666666666667
15,22,8,0.36363636363636365,0.5227499673740492,False,animal_any_tissue_wrong,4,18,0.027777777777777776
20,22,1,0.045454545454545456,0.16558937371921467,False,animal_any_tissue_wrong,4,18,0.016666666666666666
30,22,1,0.045454545454545456,0.16558937371921467,False,animal_any_tissue_wrong,4,18,0.022222222222222223
50,22,3,0.13636363636363635,0.2789379766580925,False,animal_any_tissue_wrong,4,18,0.027777777777777776
100,22,3,0.13636363636363635,0.2789379766580925,False,animal_any_tissue_wrong,4,18,0.022222222222222223
10,22,3,0.13636363636363635,0.2789379766580925,False,one_vial_per_animal,4,19,0.18888888888888888
15,22,1,0.045454545454545456,0.16558937371921467,False,one_vial_per_animal,4,19,0.044444444444444446
20,22,1,0.045454545454545456,0.16558937371921467,False,one_vial_per_animal,4,19,0.027777777777777776
30,22,1,0.045454545454545456,0.16558937371921467,False,one_vial_per_animal,4,19,0.027777777777777776
50,22,1,0.045454545454545456,0.16558937371921467,False,one_vial_per_animal,4,19,0.016666666666666666
100,22,1,0.045454545454545456,0.16558937371921467,False,one_vial_per_animal,4,19,0.016666666666666666
10,22,22,1.0,1.0,False,animal_any_tissue_wrong,4,19,0.18888888888888888
15,22,14,0.6363636363636364,0.7751664489844468,False,animal_any_tissue_wrong,4,19,0.044444444444444446
20,22,4,0.18181818181818182,0.33104036767050016,False,animal_any_tissue_wrong,4,19,0.027777777777777776
30,22,4,0.18181818181818182,0.33104036767050016,False,animal_any_tissue_wrong,4,19,0.027777777777777776
50,22,4,0.18181818181818182,0.33104036767050016,False,animal_any_tissue_wrong,4,19,0.016666666666666666
100,22,2,0.09090909090909091,0.22422393907340887,False,animal_any_tissue_wrong,4,19,0.016666666666666666
