viallabel,pid,tissue,sex,group,fold,model,calibration,score_lac
90416016002,10381414,ADRNL,female,4w,0,full,pooled,0.00923971902379539
90254016002,10044760,ADRNL,female,8w,0,full,pooled,0.007017278295649021
90571016002,10953744,ADRNL,female,1w,0,full,pooled,0.9892703491899304
90444016002,10587543,ADRNL,male,2w,0,full,pooled,0.01482616143829285
90587016002,10971645,ADRNL,female,2w,0,full,pooled,0.015028660700367569
90450016002,10672656,ADRNL,male,2w,0,full,pooled,0.00872560131817035
90449016002,10641858,ADRNL,male,2w,0,full,pooled,0.008155480083204547
90265016002,10046119,ADRNL,female,control,0,full,pooled,0.021200083591471408
90420016002,10411690,ADRNL,female,4w,0,full,pooled,0.011799419306982029
90564016002,10833331,ADRNL,female,1w,0,full,pooled,0.01287037611436237
90559016002,10950486,ADRNL,female,1w,0,full,pooled,0.01212633082175707
90283016002,10139044,ADRNL,male,4w,0,full,pooled,0.0065584775290724595
90232016002,10026789,ADRNL,male,control,0,full,pooled,0.008785531318364681
90223016002,10025707,ADRNL,male,8w,0,full,pooled,0.008505274167068477
90560016002,10700102,ADRNL,female,1w,0,full,pooled,0.009617847094742116
90251016002,10044256,ADRNL,female,8w,0,full,pooled,0.007979666924830542
90422016002,10422463,ADRNL,male,1w,0,full,pooled,0.03691424509908037
90267016002,10046461,ADRNL,female,8w,0,full,pooled,0.008868234883818604
90423016002,10424911,ADRNL,male,1w,0,full,pooled,0.007946016667888411
90289016002,10185585,ADRNL,male,4w,0,full,pooled,0.007993065026884794
90280016002,10095241,ADRNL,male,4w,0,full,pooled,0.006928794483534895
90258016002,10045228,ADRNL,female,8w,0,full,pooled,0.007901961147010583
90223016902,10025707,BAT,male,8w,0,full,pooled,0.08282279622398003
90232016902,10026789,BAT,male,control,0,full,pooled,0.031823844227800824
90251016902,10044256,BAT,female,8w,0,full,pooled,0.046681000167778874
90254016902,10044760,BAT,female,8w,0,full,pooled,0.02155665249177674
90258016902,10045228,BAT,female,8w,0,full,pooled,0.0322485759423643
90265016902,10046119,BAT,female,control,0,full,pooled,0.04909227843433517
90267016902,10046461,BAT,female,8w,0,full,pooled,0.03167376554540524
90280016902,10095241,BAT,male,4w,0,full,pooled,0.04817079498225918
90283016902,10139044,BAT,male,4w,0,full,pooled,0.1092482350558317
90289016902,10185585,BAT,male,4w,0,full,pooled,0.04781845670118179
90416016902,10381414,BAT,female,4w,0,full,pooled,0.030587667331083868
90420016902,10411690,BAT,female,4w,0,full,pooled,0.03958270844634748
90422016902,10422463,BAT,male,1w,0,full,pooled,0.03833309206828772
90423016902,10424911,BAT,male,1w,0,full,pooled,0.07983014078381545
90444016902,10587543,BAT,male,2w,0,full,pooled,0.031375291090211865
90449016902,10641858,BAT,male,2w,0,full,pooled,0.03669763968175155
90450016902,10672656,BAT,male,2w,0,full,pooled,0.04384341121584523
90559016902,10950486,BAT,female,1w,0,full,pooled,0.04683708052921731
90560016902,10700102,BAT,female,1w,0,full,pooled,0.06026165832725572
90564016902,10833331,BAT,female,1w,0,full,pooled,0.044405130693986994
90571016902,10953744,BAT,female,1w,0,full,pooled,0.04072885935387793
90587016902,10971645,BAT,female,2w,0,full,pooled,0.08867709319767036
90560013001,10700102,BLOOD,female,1w,0,full,pooled,0.004792216439481467
90559013001,10950486,BLOOD,female,1w,0,full,pooled,0.005242559679710435
90564013001,10833331,BLOOD,female,1w,0,full,pooled,0.0052418964381155675
90571013001,10953744,BLOOD,female,1w,0,full,pooled,0.004614862455331492
90587013001,10971645,BLOOD,female,2w,0,full,pooled,0.004803149156104691
90265013001,10046119,BLOOD,female,control,0,full,pooled,0.006352420984497953
90416013001,10381414,BLOOD,female,4w,0,full,pooled,0.007835658940730905
90280013001,10095241,BLOOD,male,4w,0,full,pooled,0.00520670188129102
90283013001,10139044,BLOOD,male,4w,0,full,pooled,0.007371996703923078
90289013001,10185585,BLOOD,male,4w,0,full,pooled,0.03638864770588279
90422013002,10422463,BLOOD,male,1w,0,full,pooled,0.005882888729794478
90420013001,10411690,BLOOD,female,4w,0,full,pooled,0.015148199525734207
90423013002,10424911,BLOOD,male,1w,0,full,pooled,0.007038839630248317
90449013001,10641858,BLOOD,male,2w,0,full,pooled,0.005733139164485812
90450013001,10672656,BLOOD,male,2w,0,full,pooled,0.005841818419638711
90444013001,10587543,BLOOD,male,2w,0,full,pooled,0.00548189879131511
90267013002,10046461,BLOOD,female,8w,0,full,pooled,0.0046119191057067965
90258013001,10045228,BLOOD,female,8w,0,full,pooled,0.005171567545053213
90223013002,10025707,BLOOD,male,8w,0,full,pooled,0.005196674545390301
90232013002,10026789,BLOOD,male,control,0,full,pooled,0.00654300825274623
90251013001,10044256,BLOOD,female,8w,0,full,pooled,0.006246245805881401
90254013002,10044760,BLOOD,female,8w,0,full,pooled,0.0045958936287257
90559016102,10950486,COLON,female,1w,0,full,pooled,0.015580703704187404
90571016102,10953744,COLON,female,1w,0,full,pooled,0.01708110998050172
90289016102,10185585,COLON,male,4w,0,full,pooled,0.0131950631738037
90283016102,10139044,COLON,male,4w,0,full,pooled,0.014369937987446124
90416016102,10381414,COLON,female,4w,0,full,pooled,0.014540790974270523
90251016102,10044256,COLON,female,8w,0,full,pooled,0.03794040226253814
90450016102,10672656,COLON,male,2w,0,full,pooled,0.013332558824779572
90267016102,10046461,COLON,female,8w,0,full,pooled,0.014212392895308512
90444016102,10587543,COLON,male,2w,0,full,pooled,0.01930998085934965
90232016102,10026789,COLON,male,control,0,full,pooled,0.014098871175315275
90258016102,10045228,COLON,female,8w,0,full,pooled,0.012758172731522244
90280016102,10095241,COLON,male,4w,0,full,pooled,0.014717040718767449
90422016102,10422463,COLON,male,1w,0,full,pooled,0.013588688025731765
90223016102,10025707,COLON,male,8w,0,full,pooled,0.011930300607838284
90560016102,10700102,COLON,female,1w,0,full,pooled,0.016745817413694852
90420016102,10411690,COLON,female,4w,0,full,pooled,0.013287212684672145
90265016102,10046119,COLON,female,control,0,full,pooled,0.013560772557674627
90564016102,10833331,COLON,female,1w,0,full,pooled,0.01758775879703678
90587016102,10971645,COLON,female,2w,0,full,pooled,0.014582332979592771
90449016102,10641858,COLON,male,2w,0,full,pooled,0.013163731427483727
90423016102,10424911,COLON,male,1w,0,full,pooled,0.014656253066963276
90254016102,10044760,COLON,female,8w,0,full,pooled,0.01632201716397441
90223015302,10025707,CORTEX,male,8w,0,full,pooled,0.10081916979605299
90232015302,10026789,CORTEX,male,control,0,full,pooled,0.03856761580973922
90251015302,10044256,CORTEX,female,8w,0,full,pooled,0.08165707292923385
90254015302,10044760,CORTEX,female,8w,0,full,pooled,0.07373476947910318
90258015302,10045228,CORTEX,female,8w,0,full,pooled,0.050166361678232296
90265015302,10046119,CORTEX,female,control,0,full,pooled,0.04007481901459975
90267015302,10046461,CORTEX,female,8w,0,full,pooled,0.05561940669374199
90280015302,10095241,CORTEX,male,4w,0,full,pooled,0.05125358231954624
90283015302,10139044,CORTEX,male,4w,0,full,pooled,0.10164976605861309
90289015302,10185585,CORTEX,male,4w,0,full,pooled,0.08738129019563656
90416015302,10381414,CORTEX,female,4w,0,full,pooled,0.05669103471837478
90420015302,10411690,CORTEX,female,4w,0,full,pooled,0.05085984388228515
90422015302,10422463,CORTEX,male,1w,0,full,pooled,0.06385859253092008
90423015302,10424911,CORTEX,male,1w,0,full,pooled,0.0587356711390441
90444015302,10587543,CORTEX,male,2w,0,full,pooled,0.0695873438677983
90449015302,10641858,CORTEX,male,2w,0,full,pooled,0.052535978651521376
90450015302,10672656,CORTEX,male,2w,0,full,pooled,0.05801706514985405
90559015302,10950486,CORTEX,female,1w,0,full,pooled,0.03129647112464495
90560015302,10700102,CORTEX,female,1w,0,full,pooled,0.03669732184507357
90564015302,10833331,CORTEX,female,1w,0,full,pooled,0.05749402709017093
90571015302,10953744,CORTEX,female,1w,0,full,pooled,0.04231964164878255
90587015302,10971645,CORTEX,female,2w,0,full,pooled,0.05720320413005198
90559015803,10950486,HEART,female,1w,0,full,pooled,0.026964790564127483
90289015803,10185585,HEART,male,4w,0,full,pooled,0.01859805182887797
90564015803,10833331,HEART,female,1w,0,full,pooled,0.017796434495511493
90420015803,10411690,HEART,female,4w,0,full,pooled,0.018685779902622768
90423015803,10424911,HEART,male,1w,0,full,pooled,0.020183333157544947
90560015803,10700102,HEART,female,1w,0,full,pooled,0.019277945647057093
90258015803,10045228,HEART,female,8w,0,full,pooled,0.018779418563267924
90422015803,10422463,HEART,male,1w,0,full,pooled,0.02087009690586117
90571015803,10953744,HEART,female,1w,0,full,pooled,0.02535020426494472
90254015803,10044760,HEART,female,8w,0,full,pooled,0.019957845999599266
90416015803,10381414,HEART,female,4w,0,full,pooled,0.02846245856143459
90449015803,10641858,HEART,male,2w,0,full,pooled,0.016878186778638837
90450015803,10672656,HEART,male,2w,0,full,pooled,0.018406243898922314
90283015803,10139044,HEART,male,4w,0,full,pooled,0.018709243905029038
90251015803,10044256,HEART,female,8w,0,full,pooled,0.02047743311140693
90280015803,10095241,HEART,male,4w,0,full,pooled,0.019030985679989842
90223015803,10025707,HEART,male,8w,0,full,pooled,0.018417465736871086
90587015803,10971645,HEART,female,2w,0,full,pooled,0.018045587944773955
90232015803,10026789,HEART,male,control,0,full,pooled,0.019998473270294692
90265015803,10046119,HEART,female,control,0,full,pooled,0.019514725291963853
90267015803,10046461,HEART,female,8w,0,full,pooled,0.01837332507444922
90444015803,10587543,HEART,male,2w,0,full,pooled,0.01791335835730301
90223015202,10025707,HIPPOC,male,8w,0,full,pooled,0.09529846601213354
90232015202,10026789,HIPPOC,male,control,0,full,pooled,0.07010019604719908
90251015202,10044256,HIPPOC,female,8w,0,full,pooled,0.03857164967880289
90254015202,10044760,HIPPOC,female,8w,0,full,pooled,0.02792537199040257
90258015202,10045228,HIPPOC,female,8w,0,full,pooled,0.07838696290334046
90265015202,10046119,HIPPOC,female,control,0,full,pooled,0.05310122973689102
90267015202,10046461,HIPPOC,female,8w,0,full,pooled,0.11165047409828
90280015202,10095241,HIPPOC,male,4w,0,full,pooled,0.15959734657374325
90283015202,10139044,HIPPOC,male,4w,0,full,pooled,0.09648541984535819
90289015202,10185585,HIPPOC,male,4w,0,full,pooled,0.03449929016205289
90416015202,10381414,HIPPOC,female,4w,0,full,pooled,0.06091271169354018
90420015202,10411690,HIPPOC,female,4w,0,full,pooled,0.050239233274187556
90422015202,10422463,HIPPOC,male,1w,0,full,pooled,0.046642652189283984
90423015202,10424911,HIPPOC,male,1w,0,full,pooled,0.033273583452002486
90444015202,10587543,HIPPOC,male,2w,0,full,pooled,0.08684238409780265
90449015202,10641858,HIPPOC,male,2w,0,full,pooled,0.04254384614662188
90450015202,10672656,HIPPOC,male,2w,0,full,pooled,0.06374643094429377
90559015202,10950486,HIPPOC,female,1w,0,full,pooled,0.03936469572056078
90560015202,10700102,HIPPOC,female,1w,0,full,pooled,0.05449115660310144
90564015202,10833331,HIPPOC,female,1w,0,full,pooled,0.038502265835313465
90571015202,10953744,HIPPOC,female,1w,0,full,pooled,0.032467466845646165
90587015202,10971645,HIPPOC,female,2w,0,full,pooled,0.022318538551516998
90223015402,10025707,HYPOTH,male,8w,0,full,pooled,0.02410312773388279
90232015402,10026789,HYPOTH,male,control,0,full,pooled,0.024027334409610135
90251015402,10044256,HYPOTH,female,8w,0,full,pooled,0.02174343876609619
90254015402,10044760,HYPOTH,female,8w,0,full,pooled,0.03269166862469208
90258015402,10045228,HYPOTH,female,8w,0,full,pooled,0.027745795934165263
90265015402,10046119,HYPOTH,female,control,0,full,pooled,0.02566409260074587
90267015402,10046461,HYPOTH,female,8w,0,full,pooled,0.028974237045509277
90280015402,10095241,HYPOTH,male,4w,0,full,pooled,0.03848702304224261
90283015402,10139044,HYPOTH,male,4w,0,full,pooled,0.02702773821466986
90289015402,10185585,HYPOTH,male,4w,0,full,pooled,0.027542337459009247
90416015402,10381414,HYPOTH,female,4w,0,full,pooled,0.022696145210969854
90420015402,10411690,HYPOTH,female,4w,0,full,pooled,0.029664264201182844
90422015402,10422463,HYPOTH,male,1w,0,full,pooled,0.022039360640992323
90423015402,10424911,HYPOTH,male,1w,0,full,pooled,0.027147289891554793
90444015402,10587543,HYPOTH,male,2w,0,full,pooled,0.024812612818335578
90449015402,10641858,HYPOTH,male,2w,0,full,pooled,0.03016080547141109
90450015402,10672656,HYPOTH,male,2w,0,full,pooled,0.029534790536467237
90559015402,10950486,HYPOTH,female,1w,0,full,pooled,0.03337439824603583
90560015402,10700102,HYPOTH,female,1w,0,full,pooled,0.04337163780105946
90564015402,10833331,HYPOTH,female,1w,0,full,pooled,0.03621054811021973
90571015402,10953744,HYPOTH,female,1w,0,full,pooled,0.028921341922452215
90587015402,10971645,HYPOTH,female,2w,0,full,pooled,0.05136879872677402
90223015902,10025707,KIDNEY,male,8w,0,full,pooled,0.008674059382158261
90232015902,10026789,KIDNEY,male,control,0,full,pooled,0.00811347795233408
90251015902,10044256,KIDNEY,female,8w,0,full,pooled,0.009686907853060145
90254015902,10044760,KIDNEY,female,8w,0,full,pooled,0.009079370583542912
90258015902,10045228,KIDNEY,female,8w,0,full,pooled,0.009266913559251466
90265015902,10046119,KIDNEY,female,control,0,full,pooled,0.01088137953253443
90267015902,10046461,KIDNEY,female,8w,0,full,pooled,0.009256776938558309
90280015902,10095241,KIDNEY,male,4w,0,full,pooled,0.008157133512391557
90283015902,10139044,KIDNEY,male,4w,0,full,pooled,0.008326902421969762
90289015902,10185585,KIDNEY,male,4w,0,full,pooled,0.007918967298844115
90416015902,10381414,KIDNEY,female,4w,0,full,pooled,0.008502036145167646
90420015902,10411690,KIDNEY,female,4w,0,full,pooled,0.008957742388849721
90422015902,10422463,KIDNEY,male,1w,0,full,pooled,0.008589282215711869
90423015902,10424911,KIDNEY,male,1w,0,full,pooled,0.008648285469984418
90444015902,10587543,KIDNEY,male,2w,0,full,pooled,0.008943026072206317
90449015902,10641858,KIDNEY,male,2w,0,full,pooled,0.0075256630134991065
90450015902,10672656,KIDNEY,male,2w,0,full,pooled,0.008902637729511054
90559015902,10950486,KIDNEY,female,1w,0,full,pooled,0.013894087188040638
90560015902,10700102,KIDNEY,female,1w,0,full,pooled,0.00917085940635276
90564015902,10833331,KIDNEY,female,1w,0,full,pooled,0.010423245711301155
90571015902,10953744,KIDNEY,female,1w,0,full,pooled,0.00923637383252418
90587015902,10971645,KIDNEY,female,2w,0,full,pooled,0.010425626776513264
90223016803,10025707,LIVER,male,8w,0,full,pooled,0.005477277583494922
90232016803,10026789,LIVER,male,control,0,full,pooled,0.0061417005666679625
90251016803,10044256,LIVER,female,8w,0,full,pooled,0.007737804613900723
90254016803,10044760,LIVER,female,8w,0,full,pooled,0.0076859609550241625
90258016803,10045228,LIVER,female,8w,0,full,pooled,0.007128195722370445
90265016803,10046119,LIVER,female,control,0,full,pooled,0.007866536346504138
90267016803,10046461,LIVER,female,8w,0,full,pooled,0.007136427087984898
90280016803,10095241,LIVER,male,4w,0,full,pooled,0.005276413055991247
90283016803,10139044,LIVER,male,4w,0,full,pooled,0.005580157469312397
90289016803,10185585,LIVER,male,4w,0,full,pooled,0.005244207059922457
90416016803,10381414,LIVER,female,4w,0,full,pooled,0.006953770581025975
90420016803,10411690,LIVER,female,4w,0,full,pooled,0.007742778203198464
90422016803,10422463,LIVER,male,1w,0,full,pooled,0.005718390956111041
90423016803,10424911,LIVER,male,1w,0,full,pooled,0.005117308870414172
90444016803,10587543,LIVER,male,2w,0,full,pooled,0.0052002688256814755
90449016803,10641858,LIVER,male,2w,0,full,pooled,0.005818128498300323
90450016803,10672656,LIVER,male,2w,0,full,pooled,0.005670427741096606
90559016803,10950486,LIVER,female,1w,0,full,pooled,0.007275545217335977
90560016803,10700102,LIVER,female,1w,0,full,pooled,0.006541646993962202
90564016803,10833331,LIVER,female,1w,0,full,pooled,0.007446603761470549
90571016803,10953744,LIVER,female,1w,0,full,pooled,0.007914706521793713
90587016803,10971645,LIVER,female,2w,0,full,pooled,0.0069684020388101064
90564016603,10833331,LUNG,female,1w,0,full,pooled,0.016099885760475607
90258016603,10045228,LUNG,female,8w,0,full,pooled,0.013470759317200098
90289016603,10185585,LUNG,male,4w,0,full,pooled,0.011212359577540965
90254016603,10044760,LUNG,female,8w,0,full,pooled,0.012011309184704388
90423016603,10424911,LUNG,male,1w,0,full,pooled,0.01167784478583489
90232016603,10026789,LUNG,male,control,0,full,pooled,0.011860429886163315
90444016603,10587543,LUNG,male,2w,0,full,pooled,0.011179535606703705
90587016603,10971645,LUNG,female,2w,0,full,pooled,0.011409271449764113
90251016603,10044256,LUNG,female,8w,0,full,pooled,0.016002542223861882
90449016603,10641858,LUNG,male,2w,0,full,pooled,0.013125329500481508
90416016603,10381414,LUNG,female,4w,0,full,pooled,0.012586912419499052
90280016603,10095241,LUNG,male,4w,0,full,pooled,0.011675958896014471
90560016603,10700102,LUNG,female,1w,0,full,pooled,0.012973090989056635
90267016603,10046461,LUNG,female,8w,0,full,pooled,0.013784947451437879
90223016603,10025707,LUNG,male,8w,0,full,pooled,0.011411767298350584
90422016603,10422463,LUNG,male,1w,0,full,pooled,0.0124519891792777
90420016603,10411690,LUNG,female,4w,0,full,pooled,0.014136347781479874
90571016603,10953744,LUNG,female,1w,0,full,pooled,0.011842625263643769
90450016603,10672656,LUNG,male,2w,0,full,pooled,0.011142965591952936
90559016603,10950486,LUNG,female,1w,0,full,pooled,0.015807514519974197
90283016603,10139044,LUNG,male,4w,0,full,pooled,0.011297849268710913
90265016603,10046119,LUNG,female,control,0,full,pooled,0.01346419836241064
90254016402,10044760,OVARY,female,8w,0,full,pooled,0.06384584107257052
90559016402,10950486,OVARY,female,1w,0,full,pooled,0.04022031078568922
90258016402,10045228,OVARY,female,8w,0,full,pooled,0.033786632917811144
90571016402,10953744,OVARY,female,1w,0,full,pooled,0.04983582382732066
90267016402,10046461,OVARY,female,8w,0,full,pooled,0.04477710625253972
90416016402,10381414,OVARY,female,4w,0,full,pooled,0.033013787928250826
90265016402,10046119,OVARY,female,control,0,full,pooled,0.03489003213666031
90587016402,10971645,OVARY,female,2w,0,full,pooled,0.040104648123012954
90420016402,10411690,OVARY,female,4w,0,full,pooled,0.03544432557539501
90251016402,10044256,OVARY,female,8w,0,full,pooled,0.03787829925219821
90560016402,10700102,OVARY,female,1w,0,full,pooled,0.03139488833988402
90564016402,10833331,OVARY,female,1w,0,full,pooled,0.03245447676320867
90560015512,10700102,SKM-GN,female,1w,0,full,pooled,0.09432431002636332
90449015512,10641858,SKM-GN,male,2w,0,full,pooled,0.24386280006740224
90254015512,10044760,SKM-GN,female,8w,0,full,pooled,0.21202786328740697
90283015512,10139044,SKM-GN,male,4w,0,full,pooled,0.06947679040166
90258015512,10045228,SKM-GN,female,8w,0,full,pooled,0.13077928034598285
90267015512,10046461,SKM-GN,female,8w,0,full,pooled,0.2991991428264664
90587015512,10971645,SKM-GN,female,2w,0,full,pooled,0.1769888780487654
90559015512,10950486,SKM-GN,female,1w,0,full,pooled,0.19115359995222458
90232015512,10026789,SKM-GN,male,control,0,full,pooled,0.18405462585793653
90289015512,10185585,SKM-GN,male,4w,0,full,pooled,0.23914843428051813
90420015512,10411690,SKM-GN,female,4w,0,full,pooled,0.1427495421881102
90422015512,10422463,SKM-GN,male,1w,0,full,pooled,0.1830584371568703
90265015512,10046119,SKM-GN,female,control,0,full,pooled,0.13814375248671573
90450015512,10672656,SKM-GN,male,2w,0,full,pooled,0.15673949115921815
90423015512,10424911,SKM-GN,male,1w,0,full,pooled,0.17209806090451907
90416015512,10381414,SKM-GN,female,4w,0,full,pooled,0.1309344517192932
90444015512,10587543,SKM-GN,male,2w,0,full,pooled,0.19551000644908367
90251015512,10044256,SKM-GN,female,8w,0,full,pooled,0.18706215566944984
90571015512,10953744,SKM-GN,female,1w,0,full,pooled,0.20830677563582412
90564015512,10833331,SKM-GN,female,1w,0,full,pooled,0.18817747160831222
90223015512,10025707,SKM-GN,male,8w,0,full,pooled,0.17221052798235803
90280015512,10095241,SKM-GN,male,4w,0,full,pooled,0.2060003353354969
90223015603,10025707,SKM-VL,male,8w,0,full,pooled,0.22113415860016072
90232015603,10026789,SKM-VL,male,control,0,full,pooled,0.06404148156268341
90251015603,10044256,SKM-VL,female,8w,0,full,pooled,0.1109302565926612
90254015603,10044760,SKM-VL,female,8w,0,full,pooled,0.1277603126127781
90258015603,10045228,SKM-VL,female,8w,0,full,pooled,0.12375531181956179
90265015603,10046119,SKM-VL,female,control,0,full,pooled,0.15582947846704076
90267015603,10046461,SKM-VL,female,8w,0,full,pooled,0.22505907694636273
90280015603,10095241,SKM-VL,male,4w,0,full,pooled,0.26131412058441594
90283015603,10139044,SKM-VL,male,4w,0,full,pooled,0.1056623968665068
90289015603,10185585,SKM-VL,male,4w,0,full,pooled,0.10674720130084325
90416015603,10381414,SKM-VL,female,4w,0,full,pooled,0.09275063987453225
90420015603,10411690,SKM-VL,female,4w,0,full,pooled,0.14011679071828853
90422015603,10422463,SKM-VL,male,1w,0,full,pooled,0.1661533167335585
90423015603,10424911,SKM-VL,male,1w,0,full,pooled,0.07183196652655477
90444015603,10587543,SKM-VL,male,2w,0,full,pooled,0.08869727216644196
90449015603,10641858,SKM-VL,male,2w,0,full,pooled,0.12391730073255758
90450015603,10672656,SKM-VL,male,2w,0,full,pooled,0.14639356006949567
90559015603,10950486,SKM-VL,female,1w,0,full,pooled,0.31147498749596614
90560015603,10700102,SKM-VL,female,1w,0,full,pooled,0.13694617792236707
90564015603,10833331,SKM-VL,female,1w,0,full,pooled,0.21687056256140114
90571015603,10953744,SKM-VL,female,1w,0,full,pooled,0.22537894685132964
90587015603,10971645,SKM-VL,female,2w,0,full,pooled,0.24946253559764364
90416016702,10381414,SMLINT,female,4w,0,full,pooled,0.007857390995877012
90444016702,10587543,SMLINT,male,2w,0,full,pooled,0.015461895712526763
90449016702,10641858,SMLINT,male,2w,0,full,pooled,0.010688859277564022
90289016702,10185585,SMLINT,male,4w,0,full,pooled,0.04396828718194312
90587016702,10971645,SMLINT,female,2w,0,full,pooled,0.021581051819205777
90571016702,10953744,SMLINT,female,1w,0,full,pooled,0.010666907671610826
90450016702,10672656,SMLINT,male,2w,0,full,pooled,0.013341229295074641
90423016702,10424911,SMLINT,male,1w,0,full,pooled,0.00929448970999791
90267016702,10046461,SMLINT,female,8w,0,full,pooled,0.038419404606190866
90232016702,10026789,SMLINT,male,control,0,full,pooled,0.010986198159436356
90559016702,10950486,SMLINT,female,1w,0,full,pooled,0.008120410611819118
90258016702,10045228,SMLINT,female,8w,0,full,pooled,0.00930805547313518
90223016702,10025707,SMLINT,male,8w,0,full,pooled,0.011829391058037486
90420016702,10411690,SMLINT,female,4w,0,full,pooled,0.008048923940213393
90254016702,10044760,SMLINT,female,8w,0,full,pooled,0.14300325083980003
90564016702,10833331,SMLINT,female,1w,0,full,pooled,0.008122920190323124
90265016702,10046119,SMLINT,female,control,0,full,pooled,0.014616811066066604
90283016702,10139044,SMLINT,male,4w,0,full,pooled,0.06492577233333474
90280016702,10095241,SMLINT,male,4w,0,full,pooled,0.010929274129630184
90560016702,10700102,SMLINT,female,1w,0,full,pooled,0.008765602499477887
90251016702,10044256,SMLINT,female,8w,0,full,pooled,0.038131070639395914
90422016702,10422463,SMLINT,male,1w,0,full,pooled,0.011079216734138031
90223016202,10025707,SPLEEN,male,8w,0,full,pooled,0.01537364406096009
90232016202,10026789,SPLEEN,male,control,0,full,pooled,0.015120257159632389
90251016202,10044256,SPLEEN,female,8w,0,full,pooled,0.014227427900752154
90254016202,10044760,SPLEEN,female,8w,0,full,pooled,0.013343965482493614
90258016202,10045228,SPLEEN,female,8w,0,full,pooled,0.015478670638105596
90265016202,10046119,SPLEEN,female,control,0,full,pooled,0.014950630586231028
90267016202,10046461,SPLEEN,female,8w,0,full,pooled,0.012430636277400153
90280016202,10095241,SPLEEN,male,4w,0,full,pooled,0.014006198438221262
90283016202,10139044,SPLEEN,male,4w,0,full,pooled,0.017820617851528997
90289016202,10185585,SPLEEN,male,4w,0,full,pooled,0.014155583116152837
90416016202,10381414,SPLEEN,female,4w,0,full,pooled,0.015153620362518883
90420016202,10411690,SPLEEN,female,4w,0,full,pooled,0.015204015200589449
90422016202,10422463,SPLEEN,male,1w,0,full,pooled,0.014075885931620347
90423016202,10424911,SPLEEN,male,1w,0,full,pooled,0.013766458069443765
90444016202,10587543,SPLEEN,male,2w,0,full,pooled,0.013563018882649769
90449016202,10641858,SPLEEN,male,2w,0,full,pooled,0.014019363709521504
90450016202,10672656,SPLEEN,male,2w,0,full,pooled,0.013260559290615315
90559016202,10950486,SPLEEN,female,1w,0,full,pooled,0.014080684307557267
90560016202,10700102,SPLEEN,female,1w,0,full,pooled,0.014685072373568198
90564016202,10833331,SPLEEN,female,1w,0,full,pooled,0.014870712248350237
90571016202,10953744,SPLEEN,female,1w,0,full,pooled,0.013521420650147054
90587016202,10971645,SPLEEN,female,2w,0,full,pooled,0.016491563378468466
90280016302,10095241,TESTES,male,4w,0,full,pooled,0.007892827843052341
90422016302,10422463,TESTES,male,1w,0,full,pooled,0.00791672036839175
90283016302,10139044,TESTES,male,4w,0,full,pooled,0.007767581895394504
90449016302,10641858,TESTES,male,2w,0,full,pooled,0.007173982894249309
90223016302,10025707,TESTES,male,8w,0,full,pooled,0.007948622311937048
90423016302,10424911,TESTES,male,1w,0,full,pooled,0.007914570437349666
90444016302,10587543,TESTES,male,2w,0,full,pooled,0.00722733625056704
90289016302,10185585,TESTES,male,4w,0,full,pooled,0.0076189976979360585
90450016302,10672656,TESTES,male,2w,0,full,pooled,0.0073198251793265
90232016302,10026789,TESTES,male,control,0,full,pooled,0.008051137561828958
90422016502,10422463,VENACV,male,1w,0,full,pooled,0.023206444430930673
90254016502,10044760,VENACV,female,8w,0,full,pooled,0.02663745151885555
90449016502,10641858,VENACV,male,2w,0,full,pooled,0.022933480321495003
90416016502,10381414,VENACV,female,4w,0,full,pooled,0.3496892830671846
90267016502,10046461,VENACV,female,8w,0,full,pooled,0.09590027346315333
90444016502,10587543,VENACV,male,2w,0,full,pooled,0.017838336706513802
90232016502,10026789,VENACV,male,control,0,full,pooled,0.028317584383563243
90283016502,10139044,VENACV,male,4w,0,full,pooled,0.021610775471222587
90564016502,10833331,VENACV,female,1w,0,full,pooled,0.2450850741014201
90280016502,10095241,VENACV,male,4w,0,full,pooled,0.04070452973306138
90258016502,10045228,VENACV,female,8w,0,full,pooled,0.020798203660505776
90423016502,10424911,VENACV,male,1w,0,full,pooled,0.14463515263439708
90587016502,10971645,VENACV,female,2w,0,full,pooled,0.11522004216022852
90289016502,10185585,VENACV,male,4w,0,full,pooled,0.07242450553479318
90251016502,10044256,VENACV,female,8w,0,full,pooled,0.03013838471587682
90420016502,10411690,VENACV,female,4w,0,full,pooled,0.12359860299757397
90560016502,10700102,VENACV,female,1w,0,full,pooled,0.6997797651586786
90223016502,10025707,VENACV,male,8w,0,full,pooled,0.015951192008497705
90571016502,10953744,VENACV,female,1w,0,full,pooled,0.2880772576221654
90265016502,10046119,VENACV,female,control,0,full,pooled,0.030520964975281784
90559016502,10950486,VENACV,female,1w,0,full,pooled,0.6501945959571875
90450016502,10672656,VENACV,male,2w,0,full,pooled,0.04128596274990837
90223017005,10025707,WAT-SC,male,8w,0,full,pooled,0.01337341947715398
90232017005,10026789,WAT-SC,male,control,0,full,pooled,0.016749749279967863
90251017005,10044256,WAT-SC,female,8w,0,full,pooled,0.04542467987177312
90254017005,10044760,WAT-SC,female,8w,0,full,pooled,0.016896343721235496
90258017005,10045228,WAT-SC,female,8w,0,full,pooled,0.017061689396636326
90265017005,10046119,WAT-SC,female,control,0,full,pooled,0.03842212934910483
90267017005,10046461,WAT-SC,female,8w,0,full,pooled,0.012808320248675065
90280017005,10095241,WAT-SC,male,4w,0,full,pooled,0.0136354154192736
90283017005,10139044,WAT-SC,male,4w,0,full,pooled,0.012646443646756711
90289017005,10185585,WAT-SC,male,4w,0,full,pooled,0.03217622950777166
90416017005,10381414,WAT-SC,female,4w,0,full,pooled,0.01864454018635686
90420017005,10411690,WAT-SC,female,4w,0,full,pooled,0.06394121140905418
90422017005,10422463,WAT-SC,male,1w,0,full,pooled,0.019925499444995776
90423017005,10424911,WAT-SC,male,1w,0,full,pooled,0.47815065895808917
90444017005,10587543,WAT-SC,male,2w,0,full,pooled,0.017000733139679536
90449017005,10641858,WAT-SC,male,2w,0,full,pooled,0.012744968909215393
90450017005,10672656,WAT-SC,male,2w,0,full,pooled,0.012825400473231663
90559017005,10950486,WAT-SC,female,1w,0,full,pooled,0.028130113503084586
90560017005,10700102,WAT-SC,female,1w,0,full,pooled,0.017121417952025042
90564017005,10833331,WAT-SC,female,1w,0,full,pooled,0.07448514722845534
90571017005,10953744,WAT-SC,female,1w,0,full,pooled,0.021330393746622378
90587017005,10971645,WAT-SC,female,2w,0,full,pooled,0.019422603117263515
90571016002,10953744,ADRNL,female,1w,0,full,one_per_animal,0.9892703491899304
90559016002,10950486,ADRNL,female,1w,0,full,one_per_animal,0.01212633082175707
90422016902,10422463,BAT,male,1w,0,full,one_per_animal,0.03833309206828772
90444016902,10587543,BAT,male,2w,0,full,one_per_animal,0.031375291090211865
90232013002,10026789,BLOOD,male,control,0,full,one_per_animal,0.00654300825274623
90416016102,10381414,COLON,female,4w,0,full,one_per_animal,0.014540790974270523
90450016102,10672656,COLON,male,2w,0,full,one_per_animal,0.013332558824779572
90423016102,10424911,COLON,male,1w,0,full,one_per_animal,0.014656253066963276
90254016102,10044760,COLON,female,8w,0,full,one_per_animal,0.01632201716397441
90420015803,10411690,HEART,female,4w,0,full,one_per_animal,0.018685779902622768
90283015803,10139044,HEART,male,4w,0,full,one_per_animal,0.018709243905029038
90258015202,10045228,HIPPOC,female,8w,0,full,one_per_animal,0.07838696290334046
90280015402,10095241,HYPOTH,male,4w,0,full,one_per_animal,0.03848702304224261
90265015902,10046119,KIDNEY,female,control,0,full,one_per_animal,0.01088137953253443
90267015902,10046461,KIDNEY,female,8w,0,full,one_per_animal,0.009256776938558309
90560015902,10700102,KIDNEY,female,1w,0,full,one_per_animal,0.00917085940635276
90587015902,10971645,KIDNEY,female,2w,0,full,one_per_animal,0.010425626776513264
90289016803,10185585,LIVER,male,4w,0,full,one_per_animal,0.005244207059922457
90251016402,10044256,OVARY,female,8w,0,full,one_per_animal,0.03787829925219821
90223016702,10025707,SMLINT,male,8w,0,full,one_per_animal,0.011829391058037486
90449016502,10641858,VENACV,male,2w,0,full,one_per_animal,0.022933480321495003
90564017005,10833331,WAT-SC,female,1w,0,full,one_per_animal,0.07448514722845534
90416016002,10381414,ADRNL,female,4w,0,k20,pooled,0.06322951228958573
90254016002,10044760,ADRNL,female,8w,0,k20,pooled,0.06952752225989656
90571016002,10953744,ADRNL,female,1w,0,k20,pooled,0.9830666939565371
90444016002,10587543,ADRNL,male,2w,0,k20,pooled,0.10535917045279497
90587016002,10971645,ADRNL,female,2w,0,k20,pooled,0.10330017962849203
90450016002,10672656,ADRNL,male,2w,0,k20,pooled,0.08358282729837485
90449016002,10641858,ADRNL,male,2w,0,k20,pooled,0.05770320196016365
90265016002,10046119,ADRNL,female,control,0,k20,pooled,0.09757960376354391
90420016002,10411690,ADRNL,female,4w,0,k20,pooled,0.06276118417325205
90564016002,10833331,ADRNL,female,1w,0,k20,pooled,0.06822111240327011
90559016002,10950486,ADRNL,female,1w,0,k20,pooled,0.06212078150111433
90283016002,10139044,ADRNL,male,4w,0,k20,pooled,0.07918488393946577
90232016002,10026789,ADRNL,male,control,0,k20,pooled,0.06604201406319965
90223016002,10025707,ADRNL,male,8w,0,k20,pooled,0.09561072493743539
90560016002,10700102,ADRNL,female,1w,0,k20,pooled,0.06822519070629451
90251016002,10044256,ADRNL,female,8w,0,k20,pooled,0.08368444421823107
90422016002,10422463,ADRNL,male,1w,0,k20,pooled,0.13395039665997777
90267016002,10046461,ADRNL,female,8w,0,k20,pooled,0.06913887187436885
90423016002,10424911,ADRNL,male,1w,0,k20,pooled,0.05375715882767895
90289016002,10185585,ADRNL,male,4w,0,k20,pooled,0.06710858485321436
90280016002,10095241,ADRNL,male,4w,0,k20,pooled,0.06594271992979273
90258016002,10045228,ADRNL,female,8w,0,k20,pooled,0.07599632373788534
90223016902,10025707,BAT,male,8w,0,k20,pooled,0.5481503407702932
90232016902,10026789,BAT,male,control,0,k20,pooled,0.26343380469158195
90251016902,10044256,BAT,female,8w,0,k20,pooled,0.2732543909580981
90254016902,10044760,BAT,female,8w,0,k20,pooled,0.34751027669347545
90258016902,10045228,BAT,female,8w,0,k20,pooled,0.24784510495199807
90265016902,10046119,BAT,female,control,0,k20,pooled,0.2676803092814811
90267016902,10046461,BAT,female,8w,0,k20,pooled,0.3206645103269212
90280016902,10095241,BAT,male,4w,0,k20,pooled,0.35267386537684875
90283016902,10139044,BAT,male,4w,0,k20,pooled,0.31985564603764594
90289016902,10185585,BAT,male,4w,0,k20,pooled,0.3128260419511735
90416016902,10381414,BAT,female,4w,0,k20,pooled,0.22778709476477155
90420016902,10411690,BAT,female,4w,0,k20,pooled,0.2698656246273968
90422016902,10422463,BAT,male,1w,0,k20,pooled,0.2719564188264435
90423016902,10424911,BAT,male,1w,0,k20,pooled,0.29050410770583324
90444016902,10587543,BAT,male,2w,0,k20,pooled,0.24153896874026393
90449016902,10641858,BAT,male,2w,0,k20,pooled,0.275315563536478
90450016902,10672656,BAT,male,2w,0,k20,pooled,0.24892698285002346
90559016902,10950486,BAT,female,1w,0,k20,pooled,0.28388783942359996
90560016902,10700102,BAT,female,1w,0,k20,pooled,0.2394018031039239
90564016902,10833331,BAT,female,1w,0,k20,pooled,0.2538017081027717
90571016902,10953744,BAT,female,1w,0,k20,pooled,0.2655331094117288
90587016902,10971645,BAT,female,2w,0,k20,pooled,0.2990074311429428
90560013001,10700102,BLOOD,female,1w,0,k20,pooled,0.1605300682120564
90559013001,10950486,BLOOD,female,1w,0,k20,pooled,0.1801672189511927
90564013001,10833331,BLOOD,female,1w,0,k20,pooled,0.16916470850511778
90571013001,10953744,BLOOD,female,1w,0,k20,pooled,0.14590055213124054
90587013001,10971645,BLOOD,female,2w,0,k20,pooled,0.14114904510047876
90265013001,10046119,BLOOD,female,control,0,k20,pooled,0.1645205089859848
90416013001,10381414,BLOOD,female,4w,0,k20,pooled,0.16736753264201176
90280013001,10095241,BLOOD,male,4w,0,k20,pooled,0.14248146316110166
90283013001,10139044,BLOOD,male,4w,0,k20,pooled,0.19155145935908202
90289013001,10185585,BLOOD,male,4w,0,k20,pooled,0.19220605984868744
90422013002,10422463,BLOOD,male,1w,0,k20,pooled,0.15761338757989207
90420013001,10411690,BLOOD,female,4w,0,k20,pooled,0.20344366813499692
90423013002,10424911,BLOOD,male,1w,0,k20,pooled,0.15669672396611634
90449013001,10641858,BLOOD,male,2w,0,k20,pooled,0.16972328846869356
90450013001,10672656,BLOOD,male,2w,0,k20,pooled,0.14625425069305908
90444013001,10587543,BLOOD,male,2w,0,k20,pooled,0.14538927421443149
90267013002,10046461,BLOOD,female,8w,0,k20,pooled,0.1563680397499677
90258013001,10045228,BLOOD,female,8w,0,k20,pooled,0.16269837056356995
90223013002,10025707,BLOOD,male,8w,0,k20,pooled,0.1819081839691684
90232013002,10026789,BLOOD,male,control,0,k20,pooled,0.17585340532928806
90251013001,10044256,BLOOD,female,8w,0,k20,pooled,0.15308532238710137
90254013002,10044760,BLOOD,female,8w,0,k20,pooled,0.1347643365408273
90559016102,10950486,COLON,female,1w,0,k20,pooled,0.12380488155409464
90571016102,10953744,COLON,female,1w,0,k20,pooled,0.12128730690391476
90289016102,10185585,COLON,male,4w,0,k20,pooled,0.12911216443760676
90283016102,10139044,COLON,male,4w,0,k20,pooled,0.15189473282061328
90416016102,10381414,COLON,female,4w,0,k20,pooled,0.12703853248577646
90251016102,10044256,COLON,female,8w,0,k20,pooled,0.1518879953643173
90450016102,10672656,COLON,male,2w,0,k20,pooled,0.13203604031329452
90267016102,10046461,COLON,female,8w,0,k20,pooled,0.12701187827928484
90444016102,10587543,COLON,male,2w,0,k20,pooled,0.12481459877583034
90232016102,10026789,COLON,male,control,0,k20,pooled,0.12203399860690312
90258016102,10045228,COLON,female,8w,0,k20,pooled,0.1449937275072971
90280016102,10095241,COLON,male,4w,0,k20,pooled,0.14205306393733885
90422016102,10422463,COLON,male,1w,0,k20,pooled,0.11373511381285772
90223016102,10025707,COLON,male,8w,0,k20,pooled,0.12316515052500243
90560016102,10700102,COLON,female,1w,0,k20,pooled,0.14803325521935073
90420016102,10411690,COLON,female,4w,0,k20,pooled,0.12497321658015714
90265016102,10046119,COLON,female,control,0,k20,pooled,0.12438519368374368
90564016102,10833331,COLON,female,1w,0,k20,pooled,0.1356107013877449
90587016102,10971645,COLON,female,2w,0,k20,pooled,0.14218559319893054
90449016102,10641858,COLON,male,2w,0,k20,pooled,0.13533820806753138
90423016102,10424911,COLON,male,1w,0,k20,pooled,0.1203375500045818
90254016102,10044760,COLON,female,8w,0,k20,pooled,0.13056319863914945
90223015302,10025707,CORTEX,male,8w,0,k20,pooled,0.3445742339113185
90232015302,10026789,CORTEX,male,control,0,k20,pooled,0.23495256633525818
90251015302,10044256,CORTEX,female,8w,0,k20,pooled,0.29858852193573593
90254015302,10044760,CORTEX,female,8w,0,k20,pooled,0.3314750388919754
90258015302,10045228,CORTEX,female,8w,0,k20,pooled,0.26763521397154855
90265015302,10046119,CORTEX,female,control,0,k20,pooled,0.2505288534924147
90267015302,10046461,CORTEX,female,8w,0,k20,pooled,0.24704581694063155
90280015302,10095241,CORTEX,male,4w,0,k20,pooled,0.2829721709636178
90283015302,10139044,CORTEX,male,4w,0,k20,pooled,0.3194339106829973
90289015302,10185585,CORTEX,male,4w,0,k20,pooled,0.23152920877023608
90416015302,10381414,CORTEX,female,4w,0,k20,pooled,0.30838414734325004
90420015302,10411690,CORTEX,female,4w,0,k20,pooled,0.297030181150463
90422015302,10422463,CORTEX,male,1w,0,k20,pooled,0.26810470954992405
90423015302,10424911,CORTEX,male,1w,0,k20,pooled,0.30646345738713976
90444015302,10587543,CORTEX,male,2w,0,k20,pooled,0.32100313685435933
90449015302,10641858,CORTEX,male,2w,0,k20,pooled,0.2721696575952187
90450015302,10672656,CORTEX,male,2w,0,k20,pooled,0.30449312147529206
90559015302,10950486,CORTEX,female,1w,0,k20,pooled,0.25139547742104607
90560015302,10700102,CORTEX,female,1w,0,k20,pooled,0.301154966163815
90564015302,10833331,CORTEX,female,1w,0,k20,pooled,0.3124558141616005
90571015302,10953744,CORTEX,female,1w,0,k20,pooled,0.2608262490824983
90587015302,10971645,CORTEX,female,2w,0,k20,pooled,0.30894621989125715
90559015803,10950486,HEART,female,1w,0,k20,pooled,0.18917803553905055
90289015803,10185585,HEART,male,4w,0,k20,pooled,0.17106962195547992
90564015803,10833331,HEART,female,1w,0,k20,pooled,0.17982830085741053
90420015803,10411690,HEART,female,4w,0,k20,pooled,0.14512421298981537
90423015803,10424911,HEART,male,1w,0,k20,pooled,0.15177117075407043
90560015803,10700102,HEART,female,1w,0,k20,pooled,0.1305091393869865
90258015803,10045228,HEART,female,8w,0,k20,pooled,0.15329133379913862
90422015803,10422463,HEART,male,1w,0,k20,pooled,0.16740474673464156
90571015803,10953744,HEART,female,1w,0,k20,pooled,0.15311543686262286
90254015803,10044760,HEART,female,8w,0,k20,pooled,0.21491402948188376
90416015803,10381414,HEART,female,4w,0,k20,pooled,0.19906137027764048
90449015803,10641858,HEART,male,2w,0,k20,pooled,0.15806332937116552
90450015803,10672656,HEART,male,2w,0,k20,pooled,0.1566524350564894
90283015803,10139044,HEART,male,4w,0,k20,pooled,0.20587332226392008
90251015803,10044256,HEART,female,8w,0,k20,pooled,0.24059165257285842
90280015803,10095241,HEART,male,4w,0,k20,pooled,0.15745686440445017
90223015803,10025707,HEART,male,8w,0,k20,pooled,0.16067353650582572
90587015803,10971645,HEART,female,2w,0,k20,pooled,0.16167136407565397
90232015803,10026789,HEART,male,control,0,k20,pooled,0.15452383594577368
90265015803,10046119,HEART,female,control,0,k20,pooled,0.14554579449826288
90267015803,10046461,HEART,female,8w,0,k20,pooled,0.16204040328796432
90444015803,10587543,HEART,male,2w,0,k20,pooled,0.16424975832250688
90223015202,10025707,HIPPOC,male,8w,0,k20,pooled,0.2558754344254599
90232015202,10026789,HIPPOC,male,control,0,k20,pooled,0.21077955226434641
90251015202,10044256,HIPPOC,female,8w,0,k20,pooled,0.17909023818191494
90254015202,10044760,HIPPOC,female,8w,0,k20,pooled,0.19447539182927254
90258015202,10045228,HIPPOC,female,8w,0,k20,pooled,0.26650078894727913
90265015202,10046119,HIPPOC,female,control,0,k20,pooled,0.21431820517085787
90267015202,10046461,HIPPOC,female,8w,0,k20,pooled,0.32899116664255146
90280015202,10095241,HIPPOC,male,4w,0,k20,pooled,0.295065753891811
90283015202,10139044,HIPPOC,male,4w,0,k20,pooled,0.2688645428421622
90289015202,10185585,HIPPOC,male,4w,0,k20,pooled,0.2094970008671646
90416015202,10381414,HIPPOC,female,4w,0,k20,pooled,0.2413308215924279
90420015202,10411690,HIPPOC,female,4w,0,k20,pooled,0.2524618608457523
90422015202,10422463,HIPPOC,male,1w,0,k20,pooled,0.21200493307261203
90423015202,10424911,HIPPOC,male,1w,0,k20,pooled,0.19670920203421383
90444015202,10587543,HIPPOC,male,2w,0,k20,pooled,0.23697734924326908
90449015202,10641858,HIPPOC,male,2w,0,k20,pooled,0.3078162443003559
90450015202,10672656,HIPPOC,male,2w,0,k20,pooled,0.2270261541749823
90559015202,10950486,HIPPOC,female,1w,0,k20,pooled,0.22634474891716982
90560015202,10700102,HIPPOC,female,1w,0,k20,pooled,0.2900257828232442
90564015202,10833331,HIPPOC,female,1w,0,k20,pooled,0.18131185517528892
90571015202,10953744,HIPPOC,female,1w,0,k20,pooled,0.21076336570325815
90587015202,10971645,HIPPOC,female,2w,0,k20,pooled,0.18873521062020238
90223015402,10025707,HYPOTH,male,8w,0,k20,pooled,0.14227950807453726
90232015402,10026789,HYPOTH,male,control,0,k20,pooled,0.19855498321827192
90251015402,10044256,HYPOTH,female,8w,0,k20,pooled,0.1650850343422906
90254015402,10044760,HYPOTH,female,8w,0,k20,pooled,0.09367565653018473
90258015402,10045228,HYPOTH,female,8w,0,k20,pooled,0.13162954876875288
90265015402,10046119,HYPOTH,female,control,0,k20,pooled,0.12217626102492052
90267015402,10046461,HYPOTH,female,8w,0,k20,pooled,0.16861419617862006
90280015402,10095241,HYPOTH,male,4w,0,k20,pooled,0.09570594695899726
90283015402,10139044,HYPOTH,male,4w,0,k20,pooled,0.13590231911601014
90289015402,10185585,HYPOTH,male,4w,0,k20,pooled,0.10862153809752106
90416015402,10381414,HYPOTH,female,4w,0,k20,pooled,0.15255036215541373
90420015402,10411690,HYPOTH,female,4w,0,k20,pooled,0.11037397103137792
90422015402,10422463,HYPOTH,male,1w,0,k20,pooled,0.2335235987193237
90423015402,10424911,HYPOTH,male,1w,0,k20,pooled,0.1195720048296367
90444015402,10587543,HYPOTH,male,2w,0,k20,pooled,0.11567982679544375
90449015402,10641858,HYPOTH,male,2w,0,k20,pooled,0.09918236906746702
90450015402,10672656,HYPOTH,male,2w,0,k20,pooled,0.14941698024924677
90559015402,10950486,HYPOTH,female,1w,0,k20,pooled,0.1109527732575405
90560015402,10700102,HYPOTH,female,1w,0,k20,pooled,0.1829629080474815
90564015402,10833331,HYPOTH,female,1w,0,k20,pooled,0.10136236854824743
90571015402,10953744,HYPOTH,female,1w,0,k20,pooled,0.10974028007405501
90587015402,10971645,HYPOTH,female,2w,0,k20,pooled,0.14152354870051698
90223015902,10025707,KIDNEY,male,8w,0,k20,pooled,0.13027823826475515
90232015902,10026789,KIDNEY,male,control,0,k20,pooled,0.1276587904113372
90251015902,10044256,KIDNEY,female,8w,0,k20,pooled,0.14483883783675444
90254015902,10044760,KIDNEY,female,8w,0,k20,pooled,0.11797250555373717
90258015902,10045228,KIDNEY,female,8w,0,k20,pooled,0.11888025428423232
90265015902,10046119,KIDNEY,female,control,0,k20,pooled,0.1496869900990223
90267015902,10046461,KIDNEY,female,8w,0,k20,pooled,0.12340358821996356
90280015902,10095241,KIDNEY,male,4w,0,k20,pooled,0.12272636815600624
90283015902,10139044,KIDNEY,male,4w,0,k20,pooled,0.12424424678692525
90289015902,10185585,KIDNEY,male,4w,0,k20,pooled,0.12282738815413374
90416015902,10381414,KIDNEY,female,4w,0,k20,pooled,0.1232571764366589
90420015902,10411690,KIDNEY,female,4w,0,k20,pooled,0.12019031246755663
90422015902,10422463,KIDNEY,male,1w,0,k20,pooled,0.12989342239976087
90423015902,10424911,KIDNEY,male,1w,0,k20,pooled,0.12749539968149037
90444015902,10587543,KIDNEY,male,2w,0,k20,pooled,0.12281240666941196
90449015902,10641858,KIDNEY,male,2w,0,k20,pooled,0.12629315160649623
90450015902,10672656,KIDNEY,male,2w,0,k20,pooled,0.13749552742873217
90559015902,10950486,KIDNEY,female,1w,0,k20,pooled,0.14383500669746796
90560015902,10700102,KIDNEY,female,1w,0,k20,pooled,0.1262424875041933
90564015902,10833331,KIDNEY,female,1w,0,k20,pooled,0.13555487547810519
90571015902,10953744,KIDNEY,female,1w,0,k20,pooled,0.12836717138715592
90587015902,10971645,KIDNEY,female,2w,0,k20,pooled,0.12960260132433965
90223016803,10025707,LIVER,male,8w,0,k20,pooled,0.11451814233689006
90232016803,10026789,LIVER,male,control,0,k20,pooled,0.10587600551327325
90251016803,10044256,LIVER,female,8w,0,k20,pooled,0.1303715284751552
90254016803,10044760,LIVER,female,8w,0,k20,pooled,0.11954540065256092
90258016803,10045228,LIVER,female,8w,0,k20,pooled,0.13518106740285496
90265016803,10046119,LIVER,female,control,0,k20,pooled,0.15206240930099413
90267016803,10046461,LIVER,female,8w,0,k20,pooled,0.13823630540108411
90280016803,10095241,LIVER,male,4w,0,k20,pooled,0.12936352653785255
90283016803,10139044,LIVER,male,4w,0,k20,pooled,0.11155655224645122
90289016803,10185585,LIVER,male,4w,0,k20,pooled,0.11600664235979452
90416016803,10381414,LIVER,female,4w,0,k20,pooled,0.14456372717203514
90420016803,10411690,LIVER,female,4w,0,k20,pooled,0.14054743119351432
90422016803,10422463,LIVER,male,1w,0,k20,pooled,0.11704389779140001
90423016803,10424911,LIVER,male,1w,0,k20,pooled,0.11634518261398241
90444016803,10587543,LIVER,male,2w,0,k20,pooled,0.11547958856270035
90449016803,10641858,LIVER,male,2w,0,k20,pooled,0.12408933724624471
90450016803,10672656,LIVER,male,2w,0,k20,pooled,0.11410704498553381
90559016803,10950486,LIVER,female,1w,0,k20,pooled,0.12909343602051704
90560016803,10700102,LIVER,female,1w,0,k20,pooled,0.13907073508598589
90564016803,10833331,LIVER,female,1w,0,k20,pooled,0.12921628355985737
90571016803,10953744,LIVER,female,1w,0,k20,pooled,0.12867418492279503
90587016803,10971645,LIVER,female,2w,0,k20,pooled,0.12593047774614996
90564016603,10833331,LUNG,female,1w,0,k20,pooled,0.14118360877501546
90258016603,10045228,LUNG,female,8w,0,k20,pooled,0.12402239225992562
90289016603,10185585,LUNG,male,4w,0,k20,pooled,0.12055126574712516
90254016603,10044760,LUNG,female,8w,0,k20,pooled,0.12586728003097614
90423016603,10424911,LUNG,male,1w,0,k20,pooled,0.12636995463000655
90232016603,10026789,LUNG,male,control,0,k20,pooled,0.126853560474936
90444016603,10587543,LUNG,male,2w,0,k20,pooled,0.12663292591051867
90587016603,10971645,LUNG,female,2w,0,k20,pooled,0.12619918340432235
90251016603,10044256,LUNG,female,8w,0,k20,pooled,0.13872969728784867
90449016603,10641858,LUNG,male,2w,0,k20,pooled,0.13673964307947462
90416016603,10381414,LUNG,female,4w,0,k20,pooled,0.1278201594928915
90280016603,10095241,LUNG,male,4w,0,k20,pooled,0.13006733773049328
90560016603,10700102,LUNG,female,1w,0,k20,pooled,0.124593418812457
90267016603,10046461,LUNG,female,8w,0,k20,pooled,0.12873926995119023
90223016603,10025707,LUNG,male,8w,0,k20,pooled,0.12451371146562917
90422016603,10422463,LUNG,male,1w,0,k20,pooled,0.12638023500808437
90420016603,10411690,LUNG,female,4w,0,k20,pooled,0.1401874145133558
90571016603,10953744,LUNG,female,1w,0,k20,pooled,0.1293308636148689
90450016603,10672656,LUNG,male,2w,0,k20,pooled,0.12216069115379735
90559016603,10950486,LUNG,female,1w,0,k20,pooled,0.1380315199661366
90283016603,10139044,LUNG,male,4w,0,k20,pooled,0.1259961078149846
90265016603,10046119,LUNG,female,control,0,k20,pooled,0.12805495127338307
90254016402,10044760,OVARY,female,8w,0,k20,pooled,0.16477657672493085
90559016402,10950486,OVARY,female,1w,0,k20,pooled,0.1703739546048233
90258016402,10045228,OVARY,female,8w,0,k20,pooled,0.12767899590845577
90571016402,10953744,OVARY,female,1w,0,k20,pooled,0.20342025113494666
90267016402,10046461,OVARY,female,8w,0,k20,pooled,0.14591825296440064
90416016402,10381414,OVARY,female,4w,0,k20,pooled,0.10660167982491786
90265016402,10046119,OVARY,female,control,0,k20,pooled,0.10644303785366283
90587016402,10971645,OVARY,female,2w,0,k20,pooled,0.13989621529723495
90420016402,10411690,OVARY,female,4w,0,k20,pooled,0.11472795842683603
90251016402,10044256,OVARY,female,8w,0,k20,pooled,0.1375509154535428
90560016402,10700102,OVARY,female,1w,0,k20,pooled,0.1681587318668356
90564016402,10833331,OVARY,female,1w,0,k20,pooled,0.18712496992117367
90560015512,10700102,SKM-GN,female,1w,0,k20,pooled,0.39132257490171973
90449015512,10641858,SKM-GN,male,2w,0,k20,pooled,0.49515332550791447
90254015512,10044760,SKM-GN,female,8w,0,k20,pooled,0.45090501564715213
90283015512,10139044,SKM-GN,male,4w,0,k20,pooled,0.36014480349152167
90258015512,10045228,SKM-GN,female,8w,0,k20,pooled,0.4486987452025195
90267015512,10046461,SKM-GN,female,8w,0,k20,pooled,0.5093341299440299
90587015512,10971645,SKM-GN,female,2w,0,k20,pooled,0.4328909792904245
90559015512,10950486,SKM-GN,female,1w,0,k20,pooled,0.4722856330450601
90232015512,10026789,SKM-GN,male,control,0,k20,pooled,0.46580175031360516
90289015512,10185585,SKM-GN,male,4w,0,k20,pooled,0.46485292918610355
90420015512,10411690,SKM-GN,female,4w,0,k20,pooled,0.413869524808953
90422015512,10422463,SKM-GN,male,1w,0,k20,pooled,0.4087878259818142
90265015512,10046119,SKM-GN,female,control,0,k20,pooled,0.47507611279698814
90450015512,10672656,SKM-GN,male,2w,0,k20,pooled,0.4423000841414454
90423015512,10424911,SKM-GN,male,1w,0,k20,pooled,0.4134281850033419
90416015512,10381414,SKM-GN,female,4w,0,k20,pooled,0.42631709380980765
90444015512,10587543,SKM-GN,male,2w,0,k20,pooled,0.4540939240980837
90251015512,10044256,SKM-GN,female,8w,0,k20,pooled,0.4312430966215851
90571015512,10953744,SKM-GN,female,1w,0,k20,pooled,0.5372528423299632
90564015512,10833331,SKM-GN,female,1w,0,k20,pooled,0.4891285735179035
90223015512,10025707,SKM-GN,male,8w,0,k20,pooled,0.40965396347692196
90280015512,10095241,SKM-GN,male,4w,0,k20,pooled,0.45249524007673414
90223015603,10025707,SKM-VL,male,8w,0,k20,pooled,0.6596868287697109
90232015603,10026789,SKM-VL,male,control,0,k20,pooled,0.3276487397565728
90251015603,10044256,SKM-VL,female,8w,0,k20,pooled,0.5101223867306438
90254015603,10044760,SKM-VL,female,8w,0,k20,pooled,0.4719755860082415
90258015603,10045228,SKM-VL,female,8w,0,k20,pooled,0.544976079157399
90265015603,10046119,SKM-VL,female,control,0,k20,pooled,0.49670764753205476
90267015603,10046461,SKM-VL,female,8w,0,k20,pooled,0.5740777102099857
90280015603,10095241,SKM-VL,male,4w,0,k20,pooled,0.6106455232062157
90283015603,10139044,SKM-VL,male,4w,0,k20,pooled,0.3619190254057073
90289015603,10185585,SKM-VL,male,4w,0,k20,pooled,0.4047679086834227
90416015603,10381414,SKM-VL,female,4w,0,k20,pooled,0.4411823977216348
90420015603,10411690,SKM-VL,female,4w,0,k20,pooled,0.5391922492734209
90422015603,10422463,SKM-VL,male,1w,0,k20,pooled,0.46877047157205576
90423015603,10424911,SKM-VL,male,1w,0,k20,pooled,0.3657384209260718
90444015603,10587543,SKM-VL,male,2w,0,k20,pooled,0.35147580694828406
90449015603,10641858,SKM-VL,male,2w,0,k20,pooled,0.4967295580550951
90450015603,10672656,SKM-VL,male,2w,0,k20,pooled,0.5886736694377044
90559015603,10950486,SKM-VL,female,1w,0,k20,pooled,0.5920405918206855
90560015603,10700102,SKM-VL,female,1w,0,k20,pooled,0.5599090238256652
90564015603,10833331,SKM-VL,female,1w,0,k20,pooled,0.5514681501861106
90571015603,10953744,SKM-VL,female,1w,0,k20,pooled,0.49508133185275194
90587015603,10971645,SKM-VL,female,2w,0,k20,pooled,0.547206779088254
90416016702,10381414,SMLINT,female,4w,0,k20,pooled,0.16047076806905225
90444016702,10587543,SMLINT,male,2w,0,k20,pooled,0.14160631701006265
90449016702,10641858,SMLINT,male,2w,0,k20,pooled,0.1281328953806825
90289016702,10185585,SMLINT,male,4w,0,k20,pooled,0.15198286296673946
90587016702,10971645,SMLINT,female,2w,0,k20,pooled,0.16902390309564175
90571016702,10953744,SMLINT,female,1w,0,k20,pooled,0.1774102196015931
90450016702,10672656,SMLINT,male,2w,0,k20,pooled,0.1301196453838327
90423016702,10424911,SMLINT,male,1w,0,k20,pooled,0.12733537015093666
90267016702,10046461,SMLINT,female,8w,0,k20,pooled,0.13659599045403947
90232016702,10026789,SMLINT,male,control,0,k20,pooled,0.09432508535905149
90559016702,10950486,SMLINT,female,1w,0,k20,pooled,0.15928520858652473
90258016702,10045228,SMLINT,female,8w,0,k20,pooled,0.12735949086889375
90223016702,10025707,SMLINT,male,8w,0,k20,pooled,0.09052723316890776
90420016702,10411690,SMLINT,female,4w,0,k20,pooled,0.14986262143547124
90254016702,10044760,SMLINT,female,8w,0,k20,pooled,0.20992545124447737
90564016702,10833331,SMLINT,female,1w,0,k20,pooled,0.1725388413568164
90265016702,10046119,SMLINT,female,control,0,k20,pooled,0.11179032392809862
90283016702,10139044,SMLINT,male,4w,0,k20,pooled,0.1471606404532455
90280016702,10095241,SMLINT,male,4w,0,k20,pooled,0.14275021251738862
90560016702,10700102,SMLINT,female,1w,0,k20,pooled,0.14463450370038378
90251016702,10044256,SMLINT,female,8w,0,k20,pooled,0.1546030856756222
90422016702,10422463,SMLINT,male,1w,0,k20,pooled,0.10936647791135046
90223016202,10025707,SPLEEN,male,8w,0,k20,pooled,0.1590443536017403
90232016202,10026789,SPLEEN,male,control,0,k20,pooled,0.15645214698962773
90251016202,10044256,SPLEEN,female,8w,0,k20,pooled,0.16962827882945009
90254016202,10044760,SPLEEN,female,8w,0,k20,pooled,0.1736651667138006
90258016202,10045228,SPLEEN,female,8w,0,k20,pooled,0.14602334224810254
90265016202,10046119,SPLEEN,female,control,0,k20,pooled,0.15154996379444874
90267016202,10046461,SPLEEN,female,8w,0,k20,pooled,0.14157558382809687
90280016202,10095241,SPLEEN,male,4w,0,k20,pooled,0.14398391508840647
90283016202,10139044,SPLEEN,male,4w,0,k20,pooled,0.14744476384688476
90289016202,10185585,SPLEEN,male,4w,0,k20,pooled,0.13390550534891688
90416016202,10381414,SPLEEN,female,4w,0,k20,pooled,0.12414306769744476
90420016202,10411690,SPLEEN,female,4w,0,k20,pooled,0.14148309607058995
90422016202,10422463,SPLEEN,male,1w,0,k20,pooled,0.14844176410689136
90423016202,10424911,SPLEEN,male,1w,0,k20,pooled,0.17106855064220283
90444016202,10587543,SPLEEN,male,2w,0,k20,pooled,0.1986148652557146
90449016202,10641858,SPLEEN,male,2w,0,k20,pooled,0.1631299921858551
90450016202,10672656,SPLEEN,male,2w,0,k20,pooled,0.17533182731782582
90559016202,10950486,SPLEEN,female,1w,0,k20,pooled,0.1359414103346589
90560016202,10700102,SPLEEN,female,1w,0,k20,pooled,0.1438287936832915
90564016202,10833331,SPLEEN,female,1w,0,k20,pooled,0.15087021255215582
90571016202,10953744,SPLEEN,female,1w,0,k20,pooled,0.15875561238313363
90587016202,10971645,SPLEEN,female,2w,0,k20,pooled,0.14156772781877902
90280016302,10095241,TESTES,male,4w,0,k20,pooled,0.14499804280790496
90422016302,10422463,TESTES,male,1w,0,k20,pooled,0.14397695522968146
90283016302,10139044,TESTES,male,4w,0,k20,pooled,0.14361176775825202
90449016302,10641858,TESTES,male,2w,0,k20,pooled,0.14615300143595134
90223016302,10025707,TESTES,male,8w,0,k20,pooled,0.14191866963503907
90423016302,10424911,TESTES,male,1w,0,k20,pooled,0.14402824588029195
90444016302,10587543,TESTES,male,2w,0,k20,pooled,0.14767482286224887
90289016302,10185585,TESTES,male,4w,0,k20,pooled,0.14498145132663132
90450016302,10672656,TESTES,male,2w,0,k20,pooled,0.14781271633561566
90232016302,10026789,TESTES,male,control,0,k20,pooled,0.1433720182937812
90422016502,10422463,VENACV,male,1w,0,k20,pooled,0.14067305325311918
90254016502,10044760,VENACV,female,8w,0,k20,pooled,0.15522980780436924
90449016502,10641858,VENACV,male,2w,0,k20,pooled,0.1287819687497198
90416016502,10381414,VENACV,female,4w,0,k20,pooled,0.6247582703726089
90267016502,10046461,VENACV,female,8w,0,k20,pooled,0.42950764940966135
90444016502,10587543,VENACV,male,2w,0,k20,pooled,0.11907672179884665
90232016502,10026789,VENACV,male,control,0,k20,pooled,0.3178824704673011
90283016502,10139044,VENACV,male,4w,0,k20,pooled,0.19754503764060083
90564016502,10833331,VENACV,female,1w,0,k20,pooled,0.8663427082187584
90280016502,10095241,VENACV,male,4w,0,k20,pooled,0.12927773082600114
90258016502,10045228,VENACV,female,8w,0,k20,pooled,0.11502720240428377
90423016502,10424911,VENACV,male,1w,0,k20,pooled,0.3286253435345585
90587016502,10971645,VENACV,female,2w,0,k20,pooled,0.6722106690854118
90289016502,10185585,VENACV,male,4w,0,k20,pooled,0.3923869006696722
90251016502,10044256,VENACV,female,8w,0,k20,pooled,0.17472367644723963
90420016502,10411690,VENACV,female,4w,0,k20,pooled,0.517965628378196
90560016502,10700102,VENACV,female,1w,0,k20,pooled,0.8497950061323024
90223016502,10025707,VENACV,male,8w,0,k20,pooled,0.10540572257812875
90571016502,10953744,VENACV,female,1w,0,k20,pooled,0.8025952218157485
90265016502,10046119,VENACV,female,control,0,k20,pooled,0.2081039598146175
90559016502,10950486,VENACV,female,1w,0,k20,pooled,0.8487865021520888
90450016502,10672656,VENACV,male,2w,0,k20,pooled,0.18949101447808803
90223017005,10025707,WAT-SC,male,8w,0,k20,pooled,0.0850199039848808
90232017005,10026789,WAT-SC,male,control,0,k20,pooled,0.0575474744036808
90251017005,10044256,WAT-SC,female,8w,0,k20,pooled,0.1490413160876436
90254017005,10044760,WAT-SC,female,8w,0,k20,pooled,0.09098332246800567
90258017005,10045228,WAT-SC,female,8w,0,k20,pooled,0.10215161166171205
90265017005,10046119,WAT-SC,female,control,0,k20,pooled,0.23617804068896464
90267017005,10046461,WAT-SC,female,8w,0,k20,pooled,0.08251830452124775
90280017005,10095241,WAT-SC,male,4w,0,k20,pooled,0.115193337097106
90283017005,10139044,WAT-SC,male,4w,0,k20,pooled,0.07907118846518868
90289017005,10185585,WAT-SC,male,4w,0,k20,pooled,0.15739242877175563
90416017005,10381414,WAT-SC,female,4w,0,k20,pooled,0.11904588554800166
90420017005,10411690,WAT-SC,female,4w,0,k20,pooled,0.2303171196007735
90422017005,10422463,WAT-SC,male,1w,0,k20,pooled,0.07337341235024641
90423017005,10424911,WAT-SC,male,1w,0,k20,pooled,0.3279961234445211
90444017005,10587543,WAT-SC,male,2w,0,k20,pooled,0.0945028275190889
90449017005,10641858,WAT-SC,male,2w,0,k20,pooled,0.08784738550020244
90450017005,10672656,WAT-SC,male,2w,0,k20,pooled,0.07401427141436212
90559017005,10950486,WAT-SC,female,1w,0,k20,pooled,0.21006057527974697
90560017005,10700102,WAT-SC,female,1w,0,k20,pooled,0.09352136175239145
90564017005,10833331,WAT-SC,female,1w,0,k20,pooled,0.23240795796972513
90571017005,10953744,WAT-SC,female,1w,0,k20,pooled,0.09367918191495683
90587017005,10971645,WAT-SC,female,2w,0,k20,pooled,0.13879472738663812
90571016002,10953744,ADRNL,female,1w,0,k20,one_per_animal,0.9830666939565371
90559016002,10950486,ADRNL,female,1w,0,k20,one_per_animal,0.06212078150111433
90422016902,10422463,BAT,male,1w,0,k20,one_per_animal,0.2719564188264435
90444016902,10587543,BAT,male,2w,0,k20,one_per_animal,0.24153896874026393
90232013002,10026789,BLOOD,male,control,0,k20,one_per_animal,0.17585340532928806
90416016102,10381414,COLON,female,4w,0,k20,one_per_animal,0.12703853248577646
90450016102,10672656,COLON,male,2w,0,k20,one_per_animal,0.13203604031329452
90423016102,10424911,COLON,male,1w,0,k20,one_per_animal,0.1203375500045818
90254016102,10044760,COLON,female,8w,0,k20,one_per_animal,0.13056319863914945
90420015803,10411690,HEART,female,4w,0,k20,one_per_animal,0.14512421298981537
90283015803,10139044,HEART,male,4w,0,k20,one_per_animal,0.20587332226392008
90258015202,10045228,HIPPOC,female,8w,0,k20,one_per_animal,0.26650078894727913
90280015402,10095241,HYPOTH,male,4w,0,k20,one_per_animal,0.09570594695899726
90265015902,10046119,KIDNEY,female,control,0,k20,one_per_animal,0.1496869900990223
90267015902,10046461,KIDNEY,female,8w,0,k20,one_per_animal,0.12340358821996356
90560015902,10700102,KIDNEY,female,1w,0,k20,one_per_animal,0.1262424875041933
90587015902,10971645,KIDNEY,female,2w,0,k20,one_per_animal,0.12960260132433965
90289016803,10185585,LIVER,male,4w,0,k20,one_per_animal,0.11600664235979452
90251016402,10044256,OVARY,female,8w,0,k20,one_per_animal,0.1375509154535428
90223016702,10025707,SMLINT,male,8w,0,k20,one_per_animal,0.09052723316890776
90449016502,10641858,VENACV,male,2w,0,k20,one_per_animal,0.1287819687497198
90564017005,10833331,WAT-SC,female,1w,0,k20,one_per_animal,0.23240795796972513
90416016002,10381414,ADRNL,female,4w,0,k50,pooled,0.037666989196783685
90254016002,10044760,ADRNL,female,8w,0,k50,pooled,0.04481353863615134
90571016002,10953744,ADRNL,female,1w,0,k50,pooled,0.9910830515806048
90444016002,10587543,ADRNL,male,2w,0,k50,pooled,0.054949103699155843
90587016002,10971645,ADRNL,female,2w,0,k50,pooled,0.05900290895829974
90450016002,10672656,ADRNL,male,2w,0,k50,pooled,0.05118666658998017
90449016002,10641858,ADRNL,male,2w,0,k50,pooled,0.03735619286800407
90265016002,10046119,ADRNL,female,control,0,k50,pooled,0.0651561571317919
90420016002,10411690,ADRNL,female,4w,0,k50,pooled,0.03717942651869044
90564016002,10833331,ADRNL,female,1w,0,k50,pooled,0.042983684991814264
90559016002,10950486,ADRNL,female,1w,0,k50,pooled,0.04062593110056967
90283016002,10139044,ADRNL,male,4w,0,k50,pooled,0.048347320073355626
90232016002,10026789,ADRNL,male,control,0,k50,pooled,0.0420701566396825
90223016002,10025707,ADRNL,male,8w,0,k50,pooled,0.054061688236273886
90560016002,10700102,ADRNL,female,1w,0,k50,pooled,0.040720454711183685
90251016002,10044256,ADRNL,female,8w,0,k50,pooled,0.05162912169919898
90422016002,10422463,ADRNL,male,1w,0,k50,pooled,0.08964153176625489
90267016002,10046461,ADRNL,female,8w,0,k50,pooled,0.04500452003234867
90423016002,10424911,ADRNL,male,1w,0,k50,pooled,0.03761601853025798
90289016002,10185585,ADRNL,male,4w,0,k50,pooled,0.03752524760494935
90280016002,10095241,ADRNL,male,4w,0,k50,pooled,0.043426632273642074
90258016002,10045228,ADRNL,female,8w,0,k50,pooled,0.04986342131406707
90223016902,10025707,BAT,male,8w,0,k50,pooled,0.4590740716359527
90232016902,10026789,BAT,male,control,0,k50,pooled,0.15909019519695722
90251016902,10044256,BAT,female,8w,0,k50,pooled,0.1299960863619808
90254016902,10044760,BAT,female,8w,0,k50,pooled,0.17196597037719463
90258016902,10045228,BAT,female,8w,0,k50,pooled,0.12010188680127398
90265016902,10046119,BAT,female,control,0,k50,pooled,0.12296555455750169
90267016902,10046461,BAT,female,8w,0,k50,pooled,0.16256143861548822
90280016902,10095241,BAT,male,4w,0,k50,pooled,0.19916204239703383
90283016902,10139044,BAT,male,4w,0,k50,pooled,0.20983524710441137
90289016902,10185585,BAT,male,4w,0,k50,pooled,0.18460811846358716
90416016902,10381414,BAT,female,4w,0,k50,pooled,0.09382906254604506
90420016902,10411690,BAT,female,4w,0,k50,pooled,0.12475152722837157
90422016902,10422463,BAT,male,1w,0,k50,pooled,0.16746576464715646
90423016902,10424911,BAT,male,1w,0,k50,pooled,0.15033600795416446
90444016902,10587543,BAT,male,2w,0,k50,pooled,0.12483925005606022
90449016902,10641858,BAT,male,2w,0,k50,pooled,0.1375204265415696
90450016902,10672656,BAT,male,2w,0,k50,pooled,0.1255788204471544
90559016902,10950486,BAT,female,1w,0,k50,pooled,0.14601053885057058
90560016902,10700102,BAT,female,1w,0,k50,pooled,0.11518836735223315
90564016902,10833331,BAT,female,1w,0,k50,pooled,0.13267394776174968
90571016902,10953744,BAT,female,1w,0,k50,pooled,0.14214641081933865
90587016902,10971645,BAT,female,2w,0,k50,pooled,0.1569296603741458
90560013001,10700102,BLOOD,female,1w,0,k50,pooled,0.07099294636487574
90559013001,10950486,BLOOD,female,1w,0,k50,pooled,0.06678698864269494
90564013001,10833331,BLOOD,female,1w,0,k50,pooled,0.06614118561610127
90571013001,10953744,BLOOD,female,1w,0,k50,pooled,0.07844668705417723
90587013001,10971645,BLOOD,female,2w,0,k50,pooled,0.06281165541494538
90265013001,10046119,BLOOD,female,control,0,k50,pooled,0.058968959372840746
90416013001,10381414,BLOOD,female,4w,0,k50,pooled,0.05759244311514444
90280013001,10095241,BLOOD,male,4w,0,k50,pooled,0.056335041450999324
90283013001,10139044,BLOOD,male,4w,0,k50,pooled,0.06597691582229437
90289013001,10185585,BLOOD,male,4w,0,k50,pooled,0.07592919601602255
90422013002,10422463,BLOOD,male,1w,0,k50,pooled,0.06491850402768518
90420013001,10411690,BLOOD,female,4w,0,k50,pooled,0.08056579807453323
90423013002,10424911,BLOOD,male,1w,0,k50,pooled,0.06986712474447965
90449013001,10641858,BLOOD,male,2w,0,k50,pooled,0.06928566632436528
90450013001,10672656,BLOOD,male,2w,0,k50,pooled,0.06402377998659459
90444013001,10587543,BLOOD,male,2w,0,k50,pooled,0.06701355259881137
90267013002,10046461,BLOOD,female,8w,0,k50,pooled,0.058115739461819804
90258013001,10045228,BLOOD,female,8w,0,k50,pooled,0.05914899229160964
90223013002,10025707,BLOOD,male,8w,0,k50,pooled,0.0716238404100662
90232013002,10026789,BLOOD,male,control,0,k50,pooled,0.07028783578158926
90251013001,10044256,BLOOD,female,8w,0,k50,pooled,0.059464690610133375
90254013002,10044760,BLOOD,female,8w,0,k50,pooled,0.06068886634734749
90559016102,10950486,COLON,female,1w,0,k50,pooled,0.0530130900650132
90571016102,10953744,COLON,female,1w,0,k50,pooled,0.05396998248935292
90289016102,10185585,COLON,male,4w,0,k50,pooled,0.0490846645042744
90283016102,10139044,COLON,male,4w,0,k50,pooled,0.052759433437362224
90416016102,10381414,COLON,female,4w,0,k50,pooled,0.05286285591382367
90251016102,10044256,COLON,female,8w,0,k50,pooled,0.06389287861115989
90450016102,10672656,COLON,male,2w,0,k50,pooled,0.05059903654105902
90267016102,10046461,COLON,female,8w,0,k50,pooled,0.04941232164070297
90444016102,10587543,COLON,male,2w,0,k50,pooled,0.0628131263259667
90232016102,10026789,COLON,male,control,0,k50,pooled,0.04854118359066362
90258016102,10045228,COLON,female,8w,0,k50,pooled,0.05081575751164502
90280016102,10095241,COLON,male,4w,0,k50,pooled,0.049391889851100546
90422016102,10422463,COLON,male,1w,0,k50,pooled,0.049567121673429915
90223016102,10025707,COLON,male,8w,0,k50,pooled,0.0469585713838605
90560016102,10700102,COLON,female,1w,0,k50,pooled,0.05359387090031853
90420016102,10411690,COLON,female,4w,0,k50,pooled,0.04817836775516471
90265016102,10046119,COLON,female,control,0,k50,pooled,0.051073212262021994
90564016102,10833331,COLON,female,1w,0,k50,pooled,0.05592107064416829
90587016102,10971645,COLON,female,2w,0,k50,pooled,0.05112582672372468
90449016102,10641858,COLON,male,2w,0,k50,pooled,0.050254316286481804
90423016102,10424911,COLON,male,1w,0,k50,pooled,0.04820812725093393
90254016102,10044760,COLON,female,8w,0,k50,pooled,0.05114683331876524
90223015302,10025707,CORTEX,male,8w,0,k50,pooled,0.20002599691970613
90232015302,10026789,CORTEX,male,control,0,k50,pooled,0.12441236528838806
90251015302,10044256,CORTEX,female,8w,0,k50,pooled,0.15852326943830175
90254015302,10044760,CORTEX,female,8w,0,k50,pooled,0.19770668963740767
90258015302,10045228,CORTEX,female,8w,0,k50,pooled,0.1336139336552381
90265015302,10046119,CORTEX,female,control,0,k50,pooled,0.13079316748680625
90267015302,10046461,CORTEX,female,8w,0,k50,pooled,0.1396724587468302
90280015302,10095241,CORTEX,male,4w,0,k50,pooled,0.18099743006568836
90283015302,10139044,CORTEX,male,4w,0,k50,pooled,0.17437169362561544
90289015302,10185585,CORTEX,male,4w,0,k50,pooled,0.15198239123316704
90416015302,10381414,CORTEX,female,4w,0,k50,pooled,0.16046289787666101
90420015302,10411690,CORTEX,female,4w,0,k50,pooled,0.14965339374869868
90422015302,10422463,CORTEX,male,1w,0,k50,pooled,0.12385898786393623
90423015302,10424911,CORTEX,male,1w,0,k50,pooled,0.17150459142548435
90444015302,10587543,CORTEX,male,2w,0,k50,pooled,0.15764484618653596
90449015302,10641858,CORTEX,male,2w,0,k50,pooled,0.16924372979521352
90450015302,10672656,CORTEX,male,2w,0,k50,pooled,0.1473998100486127
90559015302,10950486,CORTEX,female,1w,0,k50,pooled,0.12442229861922904
90560015302,10700102,CORTEX,female,1w,0,k50,pooled,0.1720536934460486
90564015302,10833331,CORTEX,female,1w,0,k50,pooled,0.15171274342563834
90571015302,10953744,CORTEX,female,1w,0,k50,pooled,0.1581635596527513
90587015302,10971645,CORTEX,female,2w,0,k50,pooled,0.1729387718736458
90559015803,10950486,HEART,female,1w,0,k50,pooled,0.09287736055692464
90289015803,10185585,HEART,male,4w,0,k50,pooled,0.07885628369887487
90564015803,10833331,HEART,female,1w,0,k50,pooled,0.07091506871786024
90420015803,10411690,HEART,female,4w,0,k50,pooled,0.06688990414463902
90423015803,10424911,HEART,male,1w,0,k50,pooled,0.07646711078951551
90560015803,10700102,HEART,female,1w,0,k50,pooled,0.05969944633591562
90258015803,10045228,HEART,female,8w,0,k50,pooled,0.07110204130224074
90422015803,10422463,HEART,male,1w,0,k50,pooled,0.08073264577775585
90571015803,10953744,HEART,female,1w,0,k50,pooled,0.07283439123453705
90254015803,10044760,HEART,female,8w,0,k50,pooled,0.08623557887076194
90416015803,10381414,HEART,female,4w,0,k50,pooled,0.07937015239483358
90449015803,10641858,HEART,male,2w,0,k50,pooled,0.07460570432616997
90450015803,10672656,HEART,male,2w,0,k50,pooled,0.0758806828532893
90283015803,10139044,HEART,male,4w,0,k50,pooled,0.08601941340624797
90251015803,10044256,HEART,female,8w,0,k50,pooled,0.08934151786029587
90280015803,10095241,HEART,male,4w,0,k50,pooled,0.07828323618987598
90223015803,10025707,HEART,male,8w,0,k50,pooled,0.0772045812759935
90587015803,10971645,HEART,female,2w,0,k50,pooled,0.06829666545503721
90232015803,10026789,HEART,male,control,0,k50,pooled,0.07568575002692535
90265015803,10046119,HEART,female,control,0,k50,pooled,0.06912585523231807
90267015803,10046461,HEART,female,8w,0,k50,pooled,0.07029857654269944
90444015803,10587543,HEART,male,2w,0,k50,pooled,0.07358123631415125
90223015202,10025707,HIPPOC,male,8w,0,k50,pooled,0.13153490711322402
90232015202,10026789,HIPPOC,male,control,0,k50,pooled,0.12447720362406711
90251015202,10044256,HIPPOC,female,8w,0,k50,pooled,0.11498477744706914
90254015202,10044760,HIPPOC,female,8w,0,k50,pooled,0.09760174038038005
90258015202,10045228,HIPPOC,female,8w,0,k50,pooled,0.16895571159533296
90265015202,10046119,HIPPOC,female,control,0,k50,pooled,0.11087659242898029
90267015202,10046461,HIPPOC,female,8w,0,k50,pooled,0.22841491592770646
90280015202,10095241,HIPPOC,male,4w,0,k50,pooled,0.19962808175226598
90283015202,10139044,HIPPOC,male,4w,0,k50,pooled,0.17730159463434325
90289015202,10185585,HIPPOC,male,4w,0,k50,pooled,0.10639623213394833
90416015202,10381414,HIPPOC,female,4w,0,k50,pooled,0.15805236059401573
90420015202,10411690,HIPPOC,female,4w,0,k50,pooled,0.14854952417613476
90422015202,10422463,HIPPOC,male,1w,0,k50,pooled,0.11840961653790827
90423015202,10424911,HIPPOC,male,1w,0,k50,pooled,0.1030497825744503
90444015202,10587543,HIPPOC,male,2w,0,k50,pooled,0.13683395984533575
90449015202,10641858,HIPPOC,male,2w,0,k50,pooled,0.17721140996755147
90450015202,10672656,HIPPOC,male,2w,0,k50,pooled,0.130646780788916
90559015202,10950486,HIPPOC,female,1w,0,k50,pooled,0.11675847547199614
90560015202,10700102,HIPPOC,female,1w,0,k50,pooled,0.160883920520415
90564015202,10833331,HIPPOC,female,1w,0,k50,pooled,0.0958617225015076
90571015202,10953744,HIPPOC,female,1w,0,k50,pooled,0.11643509886822578
90587015202,10971645,HIPPOC,female,2w,0,k50,pooled,0.09363558079023904
90223015402,10025707,HYPOTH,male,8w,0,k50,pooled,0.05029909608501948
90232015402,10026789,HYPOTH,male,control,0,k50,pooled,0.06626173783201406
90251015402,10044256,HYPOTH,female,8w,0,k50,pooled,0.06046124541682785
90254015402,10044760,HYPOTH,female,8w,0,k50,pooled,0.06386966877205669
90258015402,10045228,HYPOTH,female,8w,0,k50,pooled,0.06642209632376461
90265015402,10046119,HYPOTH,female,control,0,k50,pooled,0.05606662522416006
90267015402,10046461,HYPOTH,female,8w,0,k50,pooled,0.08891606068786373
90280015402,10095241,HYPOTH,male,4w,0,k50,pooled,0.06480131915758536
90283015402,10139044,HYPOTH,male,4w,0,k50,pooled,0.05120357997119851
90289015402,10185585,HYPOTH,male,4w,0,k50,pooled,0.05507395303804863
90416015402,10381414,HYPOTH,female,4w,0,k50,pooled,0.054207426475401
90420015402,10411690,HYPOTH,female,4w,0,k50,pooled,0.059359033224906876
90422015402,10422463,HYPOTH,male,1w,0,k50,pooled,0.06262081924471563
90423015402,10424911,HYPOTH,male,1w,0,k50,pooled,0.06065624458498309
90444015402,10587543,HYPOTH,male,2w,0,k50,pooled,0.04705282323864768
90449015402,10641858,HYPOTH,male,2w,0,k50,pooled,0.047472902415834684
90450015402,10672656,HYPOTH,male,2w,0,k50,pooled,0.05886994940052681
90559015402,10950486,HYPOTH,female,1w,0,k50,pooled,0.061149432902545264
90560015402,10700102,HYPOTH,female,1w,0,k50,pooled,0.09577449805729754
90564015402,10833331,HYPOTH,female,1w,0,k50,pooled,0.061172628068940194
90571015402,10953744,HYPOTH,female,1w,0,k50,pooled,0.06478881373196577
90587015402,10971645,HYPOTH,female,2w,0,k50,pooled,0.07749206404171427
90223015902,10025707,KIDNEY,male,8w,0,k50,pooled,0.05211039305104259
90232015902,10026789,KIDNEY,male,control,0,k50,pooled,0.04837071346700861
90251015902,10044256,KIDNEY,female,8w,0,k50,pooled,0.05266970841312957
90254015902,10044760,KIDNEY,female,8w,0,k50,pooled,0.04840203949492161
90258015902,10045228,KIDNEY,female,8w,0,k50,pooled,0.04789660583387567
90265015902,10046119,KIDNEY,female,control,0,k50,pooled,0.05791680344472194
90267015902,10046461,KIDNEY,female,8w,0,k50,pooled,0.04896521063329684
90280015902,10095241,KIDNEY,male,4w,0,k50,pooled,0.051216201281630735
90283015902,10139044,KIDNEY,male,4w,0,k50,pooled,0.04800271967908876
90289015902,10185585,KIDNEY,male,4w,0,k50,pooled,0.05118215628992606
90416015902,10381414,KIDNEY,female,4w,0,k50,pooled,0.04724197972257871
90420015902,10411690,KIDNEY,female,4w,0,k50,pooled,0.04926440262992082
90422015902,10422463,KIDNEY,male,1w,0,k50,pooled,0.05057121628883443
90423015902,10424911,KIDNEY,male,1w,0,k50,pooled,0.05302975728596804
90444015902,10587543,KIDNEY,male,2w,0,k50,pooled,0.051140563263420535
90449015902,10641858,KIDNEY,male,2w,0,k50,pooled,0.04699786439351805
90450015902,10672656,KIDNEY,male,2w,0,k50,pooled,0.05332793348760345
90559015902,10950486,KIDNEY,female,1w,0,k50,pooled,0.056194523792642004
90560015902,10700102,KIDNEY,female,1w,0,k50,pooled,0.04975031748117986
90564015902,10833331,KIDNEY,female,1w,0,k50,pooled,0.054374763413655436
90571015902,10953744,KIDNEY,female,1w,0,k50,pooled,0.05343656671732633
90587015902,10971645,KIDNEY,female,2w,0,k50,pooled,0.054322702976481674
90223016803,10025707,LIVER,male,8w,0,k50,pooled,0.04637628910208769
90232016803,10026789,LIVER,male,control,0,k50,pooled,0.04585390793149735
90251016803,10044256,LIVER,female,8w,0,k50,pooled,0.05235832909124816
90254016803,10044760,LIVER,female,8w,0,k50,pooled,0.04924696224870029
90258016803,10045228,LIVER,female,8w,0,k50,pooled,0.050913744005985584
90265016803,10046119,LIVER,female,control,0,k50,pooled,0.054326564616695716
90267016803,10046461,LIVER,female,8w,0,k50,pooled,0.053101252666090115
90280016803,10095241,LIVER,male,4w,0,k50,pooled,0.05038684051510112
90283016803,10139044,LIVER,male,4w,0,k50,pooled,0.04594433016474153
90289016803,10185585,LIVER,male,4w,0,k50,pooled,0.04538618715071674
90416016803,10381414,LIVER,female,4w,0,k50,pooled,0.05333217941812807
90420016803,10411690,LIVER,female,4w,0,k50,pooled,0.05355744536859752
90422016803,10422463,LIVER,male,1w,0,k50,pooled,0.048206097146626936
90423016803,10424911,LIVER,male,1w,0,k50,pooled,0.04687016297884705
90444016803,10587543,LIVER,male,2w,0,k50,pooled,0.04778988367609405
90449016803,10641858,LIVER,male,2w,0,k50,pooled,0.050022937366847486
90450016803,10672656,LIVER,male,2w,0,k50,pooled,0.047209108695369095
90559016803,10950486,LIVER,female,1w,0,k50,pooled,0.0520907567367519
90560016803,10700102,LIVER,female,1w,0,k50,pooled,0.05197307784539751
90564016803,10833331,LIVER,female,1w,0,k50,pooled,0.053045011101209294
90571016803,10953744,LIVER,female,1w,0,k50,pooled,0.04920866839688265
90587016803,10971645,LIVER,female,2w,0,k50,pooled,0.048743460473131495
90564016603,10833331,LUNG,female,1w,0,k50,pooled,0.05589847758035693
90258016603,10045228,LUNG,female,8w,0,k50,pooled,0.04670050219562061
90289016603,10185585,LUNG,male,4w,0,k50,pooled,0.04945731051333635
90254016603,10044760,LUNG,female,8w,0,k50,pooled,0.05007517257768168
90423016603,10424911,LUNG,male,1w,0,k50,pooled,0.054138209658956216
90232016603,10026789,LUNG,male,control,0,k50,pooled,0.05076664461198088
90444016603,10587543,LUNG,male,2w,0,k50,pooled,0.04995522082105519
90587016603,10971645,LUNG,female,2w,0,k50,pooled,0.05468125998695861
90251016603,10044256,LUNG,female,8w,0,k50,pooled,0.04998602618783288
90449016603,10641858,LUNG,male,2w,0,k50,pooled,0.05397002837026077
90416016603,10381414,LUNG,female,4w,0,k50,pooled,0.052630464170586144
90280016603,10095241,LUNG,male,4w,0,k50,pooled,0.04991712460930686
90560016603,10700102,LUNG,female,1w,0,k50,pooled,0.04827041635888629
90267016603,10046461,LUNG,female,8w,0,k50,pooled,0.050323801891794195
90223016603,10025707,LUNG,male,8w,0,k50,pooled,0.0511564570314782
90422016603,10422463,LUNG,male,1w,0,k50,pooled,0.053800585487827846
90420016603,10411690,LUNG,female,4w,0,k50,pooled,0.05513217906777146
90571016603,10953744,LUNG,female,1w,0,k50,pooled,0.05487314026182111
90450016603,10672656,LUNG,male,2w,0,k50,pooled,0.0512533720431827
90559016603,10950486,LUNG,female,1w,0,k50,pooled,0.05471944114148508
90283016603,10139044,LUNG,male,4w,0,k50,pooled,0.05186347804232616
90265016603,10046119,LUNG,female,control,0,k50,pooled,0.05115833430470951
90254016402,10044760,OVARY,female,8w,0,k50,pooled,0.09799996447792958
90559016402,10950486,OVARY,female,1w,0,k50,pooled,0.090993645113701
90258016402,10045228,OVARY,female,8w,0,k50,pooled,0.07395985100951219
90571016402,10953744,OVARY,female,1w,0,k50,pooled,0.10028940194580405
90267016402,10046461,OVARY,female,8w,0,k50,pooled,0.10939770196841625
90416016402,10381414,OVARY,female,4w,0,k50,pooled,0.0703563810711727
90265016402,10046119,OVARY,female,control,0,k50,pooled,0.07360264254326854
90587016402,10971645,OVARY,female,2w,0,k50,pooled,0.08739515266364362
90420016402,10411690,OVARY,female,4w,0,k50,pooled,0.06902304026152783
90251016402,10044256,OVARY,female,8w,0,k50,pooled,0.07755552516742326
90560016402,10700102,OVARY,female,1w,0,k50,pooled,0.09562455921580859
90564016402,10833331,OVARY,female,1w,0,k50,pooled,0.09691534106773692
90560015512,10700102,SKM-GN,female,1w,0,k50,pooled,0.3210890032321152
90449015512,10641858,SKM-GN,male,2w,0,k50,pooled,0.37485303046024376
90254015512,10044760,SKM-GN,female,8w,0,k50,pooled,0.38789630388193574
90283015512,10139044,SKM-GN,male,4w,0,k50,pooled,0.27100229586532665
90258015512,10045228,SKM-GN,female,8w,0,k50,pooled,0.41471812891896265
90267015512,10046461,SKM-GN,female,8w,0,k50,pooled,0.433560547261179
90587015512,10971645,SKM-GN,female,2w,0,k50,pooled,0.3499866678442749
90559015512,10950486,SKM-GN,female,1w,0,k50,pooled,0.41599189733161046
90232015512,10026789,SKM-GN,male,control,0,k50,pooled,0.4111518830592482
90289015512,10185585,SKM-GN,male,4w,0,k50,pooled,0.398301218410843
90420015512,10411690,SKM-GN,female,4w,0,k50,pooled,0.3597976891318002
90422015512,10422463,SKM-GN,male,1w,0,k50,pooled,0.3276889673202532
90265015512,10046119,SKM-GN,female,control,0,k50,pooled,0.4441426117181313
90450015512,10672656,SKM-GN,male,2w,0,k50,pooled,0.3778259040546663
90423015512,10424911,SKM-GN,male,1w,0,k50,pooled,0.3594192388680385
90416015512,10381414,SKM-GN,female,4w,0,k50,pooled,0.3407345728221898
90444015512,10587543,SKM-GN,male,2w,0,k50,pooled,0.36230829150338006
90251015512,10044256,SKM-GN,female,8w,0,k50,pooled,0.33458037366221405
90571015512,10953744,SKM-GN,female,1w,0,k50,pooled,0.490000130301646
90564015512,10833331,SKM-GN,female,1w,0,k50,pooled,0.43351659129975273
90223015512,10025707,SKM-GN,male,8w,0,k50,pooled,0.3522403301302468
90280015512,10095241,SKM-GN,male,4w,0,k50,pooled,0.422238469149793
90223015603,10025707,SKM-VL,male,8w,0,k50,pooled,0.5906365739659079
90232015603,10026789,SKM-VL,male,control,0,k50,pooled,0.10769912564549089
90251015603,10044256,SKM-VL,female,8w,0,k50,pooled,0.4135081957366522
90254015603,10044760,SKM-VL,female,8w,0,k50,pooled,0.35391560717767245
90258015603,10045228,SKM-VL,female,8w,0,k50,pooled,0.4534447785549178
90265015603,10046119,SKM-VL,female,control,0,k50,pooled,0.3772642115806334
90267015603,10046461,SKM-VL,female,8w,0,k50,pooled,0.4689496510911513
90280015603,10095241,SKM-VL,male,4w,0,k50,pooled,0.5601952168524776
90283015603,10139044,SKM-VL,male,4w,0,k50,pooled,0.22982373188033678
90289015603,10185585,SKM-VL,male,4w,0,k50,pooled,0.21085112547945872
90416015603,10381414,SKM-VL,female,4w,0,k50,pooled,0.30484533100878497
90420015603,10411690,SKM-VL,female,4w,0,k50,pooled,0.43156498494964857
90422015603,10422463,SKM-VL,male,1w,0,k50,pooled,0.31595757272781944
90423015603,10424911,SKM-VL,male,1w,0,k50,pooled,0.16200611809041188
90444015603,10587543,SKM-VL,male,2w,0,k50,pooled,0.151502631383028
90449015603,10641858,SKM-VL,male,2w,0,k50,pooled,0.40498243864687955
90450015603,10672656,SKM-VL,male,2w,0,k50,pooled,0.5163926393038583
90559015603,10950486,SKM-VL,female,1w,0,k50,pooled,0.5062823569269181
90560015603,10700102,SKM-VL,female,1w,0,k50,pooled,0.5025287624909044
90564015603,10833331,SKM-VL,female,1w,0,k50,pooled,0.4298108651438157
90571015603,10953744,SKM-VL,female,1w,0,k50,pooled,0.4125921800988739
90587015603,10971645,SKM-VL,female,2w,0,k50,pooled,0.484128360821106
90416016702,10381414,SMLINT,female,4w,0,k50,pooled,0.07010413423757722
90444016702,10587543,SMLINT,male,2w,0,k50,pooled,0.06194853619791929
90449016702,10641858,SMLINT,male,2w,0,k50,pooled,0.07347124151400874
90289016702,10185585,SMLINT,male,4w,0,k50,pooled,0.06882897782259922
90587016702,10971645,SMLINT,female,2w,0,k50,pooled,0.07438789603399087
90571016702,10953744,SMLINT,female,1w,0,k50,pooled,0.06339876525662624
90450016702,10672656,SMLINT,male,2w,0,k50,pooled,0.07210820276909169
90423016702,10424911,SMLINT,male,1w,0,k50,pooled,0.06774419174120161
90267016702,10046461,SMLINT,female,8w,0,k50,pooled,0.060458457614958605
90232016702,10026789,SMLINT,male,control,0,k50,pooled,0.05481558531087638
90559016702,10950486,SMLINT,female,1w,0,k50,pooled,0.07665040663063383
90258016702,10045228,SMLINT,female,8w,0,k50,pooled,0.06840216241186525
90223016702,10025707,SMLINT,male,8w,0,k50,pooled,0.04766585261176126
90420016702,10411690,SMLINT,female,4w,0,k50,pooled,0.07209421903934099
90254016702,10044760,SMLINT,female,8w,0,k50,pooled,0.10159655038566384
90564016702,10833331,SMLINT,female,1w,0,k50,pooled,0.07411188175190953
90265016702,10046119,SMLINT,female,control,0,k50,pooled,0.06069801505342354
90283016702,10139044,SMLINT,male,4w,0,k50,pooled,0.06872003039610919
90280016702,10095241,SMLINT,male,4w,0,k50,pooled,0.07492621568483038
90560016702,10700102,SMLINT,female,1w,0,k50,pooled,0.06348594837440524
90251016702,10044256,SMLINT,female,8w,0,k50,pooled,0.07115743350928483
90422016702,10422463,SMLINT,male,1w,0,k50,pooled,0.05488329551004201
90223016202,10025707,SPLEEN,male,8w,0,k50,pooled,0.08377203068531025
90232016202,10026789,SPLEEN,male,control,0,k50,pooled,0.08335553674226015
90251016202,10044256,SPLEEN,female,8w,0,k50,pooled,0.09110381317828364
90254016202,10044760,SPLEEN,female,8w,0,k50,pooled,0.09313937208895118
90258016202,10045228,SPLEEN,female,8w,0,k50,pooled,0.0751847622958689
90265016202,10046119,SPLEEN,female,control,0,k50,pooled,0.07995315127819946
90267016202,10046461,SPLEEN,female,8w,0,k50,pooled,0.07138294624159847
90280016202,10095241,SPLEEN,male,4w,0,k50,pooled,0.08075083669717109
90283016202,10139044,SPLEEN,male,4w,0,k50,pooled,0.08525977250512384
90289016202,10185585,SPLEEN,male,4w,0,k50,pooled,0.07721245447891545
90416016202,10381414,SPLEEN,female,4w,0,k50,pooled,0.07198348970954715
90420016202,10411690,SPLEEN,female,4w,0,k50,pooled,0.08043201102844455
90422016202,10422463,SPLEEN,male,1w,0,k50,pooled,0.07281340028997207
90423016202,10424911,SPLEEN,male,1w,0,k50,pooled,0.09235388602335737
90444016202,10587543,SPLEEN,male,2w,0,k50,pooled,0.09492903752937365
90449016202,10641858,SPLEEN,male,2w,0,k50,pooled,0.09247285359535318
90450016202,10672656,SPLEEN,male,2w,0,k50,pooled,0.08668872289034202
90559016202,10950486,SPLEEN,female,1w,0,k50,pooled,0.08276712542519726
90560016202,10700102,SPLEEN,female,1w,0,k50,pooled,0.0788534943228626
90564016202,10833331,SPLEEN,female,1w,0,k50,pooled,0.0850675428811527
90571016202,10953744,SPLEEN,female,1w,0,k50,pooled,0.08896731891398679
90587016202,10971645,SPLEEN,female,2w,0,k50,pooled,0.07627471300036193
90280016302,10095241,TESTES,male,4w,0,k50,pooled,0.07537730849569635
90422016302,10422463,TESTES,male,1w,0,k50,pooled,0.07390917531609786
90283016302,10139044,TESTES,male,4w,0,k50,pooled,0.07488997923955854
90449016302,10641858,TESTES,male,2w,0,k50,pooled,0.07570408512925897
90223016302,10025707,TESTES,male,8w,0,k50,pooled,0.07510252088963376
90423016302,10424911,TESTES,male,1w,0,k50,pooled,0.07433357874678592
90444016302,10587543,TESTES,male,2w,0,k50,pooled,0.07632256697447692
90289016302,10185585,TESTES,male,4w,0,k50,pooled,0.07702612110430451
90450016302,10672656,TESTES,male,2w,0,k50,pooled,0.07435404390593081
90232016302,10026789,TESTES,male,control,0,k50,pooled,0.07570745942938706
90422016502,10422463,VENACV,male,1w,0,k50,pooled,0.044603011304293005
90254016502,10044760,VENACV,female,8w,0,k50,pooled,0.08750219297542894
90449016502,10641858,VENACV,male,2w,0,k50,pooled,0.06326420549362888
90416016502,10381414,VENACV,female,4w,0,k50,pooled,0.8042325224347235
90267016502,10046461,VENACV,female,8w,0,k50,pooled,0.1224776397201135
90444016502,10587543,VENACV,male,2w,0,k50,pooled,0.03483897299520855
90232016502,10026789,VENACV,male,control,0,k50,pooled,0.18825175558902263
90283016502,10139044,VENACV,male,4w,0,k50,pooled,0.06344913825807874
90564016502,10833331,VENACV,female,1w,0,k50,pooled,0.8204008785559729
90280016502,10095241,VENACV,male,4w,0,k50,pooled,0.07725902184075517
90258016502,10045228,VENACV,female,8w,0,k50,pooled,0.07388733608662323
90423016502,10424911,VENACV,male,1w,0,k50,pooled,0.1975084295305607
90587016502,10971645,VENACV,female,2w,0,k50,pooled,0.3512597457163733
90289016502,10185585,VENACV,male,4w,0,k50,pooled,0.5381549038434781
90251016502,10044256,VENACV,female,8w,0,k50,pooled,0.0555401397310642
90420016502,10411690,VENACV,female,4w,0,k50,pooled,0.27801628638018083
90560016502,10700102,VENACV,female,1w,0,k50,pooled,0.8802436575333878
90223016502,10025707,VENACV,male,8w,0,k50,pooled,0.04927985632974008
90571016502,10953744,VENACV,female,1w,0,k50,pooled,0.8509261154613195
90265016502,10046119,VENACV,female,control,0,k50,pooled,0.07632976965576532
90559016502,10950486,VENACV,female,1w,0,k50,pooled,0.8795095861701808
90450016502,10672656,VENACV,male,2w,0,k50,pooled,0.06066752267810116
90223017005,10025707,WAT-SC,male,8w,0,k50,pooled,0.038844913699634276
90232017005,10026789,WAT-SC,male,control,0,k50,pooled,0.02943094817767722
90251017005,10044256,WAT-SC,female,8w,0,k50,pooled,0.11746667841918756
90254017005,10044760,WAT-SC,female,8w,0,k50,pooled,0.07172878905968305
90258017005,10045228,WAT-SC,female,8w,0,k50,pooled,0.06087694370005292
90265017005,10046119,WAT-SC,female,control,0,k50,pooled,0.14123693378677304
90267017005,10046461,WAT-SC,female,8w,0,k50,pooled,0.05540808156090071
90280017005,10095241,WAT-SC,male,4w,0,k50,pooled,0.04632307018500481
90283017005,10139044,WAT-SC,male,4w,0,k50,pooled,0.03625646178959829
90289017005,10185585,WAT-SC,male,4w,0,k50,pooled,0.08908418078664238
90416017005,10381414,WAT-SC,female,4w,0,k50,pooled,0.07453625979179157
90420017005,10411690,WAT-SC,female,4w,0,k50,pooled,0.18417095427928698
90422017005,10422463,WAT-SC,male,1w,0,k50,pooled,0.039832611709206156
90423017005,10424911,WAT-SC,male,1w,0,k50,pooled,0.26268761139626107
90444017005,10587543,WAT-SC,male,2w,0,k50,pooled,0.04879761150980977
90449017005,10641858,WAT-SC,male,2w,0,k50,pooled,0.03837336671246894
90450017005,10672656,WAT-SC,male,2w,0,k50,pooled,0.03399564267722932
90559017005,10950486,WAT-SC,female,1w,0,k50,pooled,0.11876416682536783
90560017005,10700102,WAT-SC,female,1w,0,k50,pooled,0.06315478488579973
90564017005,10833331,WAT-SC,female,1w,0,k50,pooled,0.2137498431438023
90571017005,10953744,WAT-SC,female,1w,0,k50,pooled,0.07072618618546156
90587017005,10971645,WAT-SC,female,2w,0,k50,pooled,0.07423417284988809
90571016002,10953744,ADRNL,female,1w,0,k50,one_per_animal,0.9910830515806048
90559016002,10950486,ADRNL,female,1w,0,k50,one_per_animal,0.04062593110056967
90422016902,10422463,BAT,male,1w,0,k50,one_per_animal,0.16746576464715646
90444016902,10587543,BAT,male,2w,0,k50,one_per_animal,0.12483925005606022
90232013002,10026789,BLOOD,male,control,0,k50,one_per_animal,0.07028783578158926
90416016102,10381414,COLON,female,4w,0,k50,one_per_animal,0.05286285591382367
90450016102,10672656,COLON,male,2w,0,k50,one_per_animal,0.05059903654105902
90423016102,10424911,COLON,male,1w,0,k50,one_per_animal,0.04820812725093393
90254016102,10044760,COLON,female,8w,0,k50,one_per_animal,0.05114683331876524
90420015803,10411690,HEART,female,4w,0,k50,one_per_animal,0.06688990414463902
90283015803,10139044,HEART,male,4w,0,k50,one_per_animal,0.08601941340624797
90258015202,10045228,HIPPOC,female,8w,0,k50,one_per_animal,0.16895571159533296
90280015402,10095241,HYPOTH,male,4w,0,k50,one_per_animal,0.06480131915758536
90265015902,10046119,KIDNEY,female,control,0,k50,one_per_animal,0.05791680344472194
90267015902,10046461,KIDNEY,female,8w,0,k50,one_per_animal,0.04896521063329684
90560015902,10700102,KIDNEY,female,1w,0,k50,one_per_animal,0.04975031748117986
90587015902,10971645,KIDNEY,female,2w,0,k50,one_per_animal,0.054322702976481674
90289016803,10185585,LIVER,male,4w,0,k50,one_per_animal,0.04538618715071674
90251016402,10044256,OVARY,female,8w,0,k50,one_per_animal,0.07755552516742326
90223016702,10025707,SMLINT,male,8w,0,k50,one_per_animal,0.04766585261176126
90449016502,10641858,VENACV,male,2w,0,k50,one_per_animal,0.06326420549362888
90564017005,10833331,WAT-SC,female,1w,0,k50,one_per_animal,0.2137498431438023
90416016002,10381414,ADRNL,female,4w,1,full,pooled,0.001732760803166089
90441016002,10502300,ADRNL,male,2w,1,full,pooled,0.0028472125527404524
90571016002,10953744,ADRNL,female,1w,1,full,pooled,0.9980339347546809
90444016002,10587543,ADRNL,male,2w,1,full,pooled,0.003441563153249172
90248016002,10043950,ADRNL,female,control,1,full,pooled,0.0015914323382295592
90420016002,10411690,ADRNL,female,4w,1,full,pooled,0.002306866266927776
90217016002,10023259,ADRNL,male,control,1,full,pooled,0.0013388004810509502
90266016002,10046380,ADRNL,female,control,1,full,pooled,0.10721853705150508
90412016002,10337199,ADRNL,female,4w,1,full,pooled,0.005175596694314999
90439016002,10486003,ADRNL,male,2w,1,full,pooled,0.0018625862293119022
90239016002,10027599,ADRNL,male,control,1,full,pooled,0.00141627275937517
90581016002,10761160,ADRNL,female,2w,1,full,pooled,0.0015901088530160257
90245016002,10043527,ADRNL,female,control,1,full,pooled,0.001703908234021112
90283016002,10139044,ADRNL,male,4w,1,full,pooled,0.0010735285848016973
90430016002,10561072,ADRNL,male,1w,1,full,pooled,0.005836057448560195
90223016002,10025707,ADRNL,male,8w,1,full,pooled,0.0014271631656422867
90585016002,10871349,ADRNL,female,2w,1,full,pooled,0.0018600122367503635
90267016002,10046461,ADRNL,female,8w,1,full,pooled,0.00157878651987986
90421016002,10417702,ADRNL,male,1w,1,full,pooled,0.0013595018894202449
90410016002,10335064,ADRNL,female,4w,1,full,pooled,0.0014753314834465847
90280016002,10095241,ADRNL,male,4w,1,full,pooled,0.001124974339517304
90426016002,10503110,ADRNL,male,1w,1,full,pooled,0.11216458660223316
90217016902,10023259,BAT,male,control,1,full,pooled,0.032068495406358144
90223016902,10025707,BAT,male,8w,1,full,pooled,0.014775501510623568
90239016902,10027599,BAT,male,control,1,full,pooled,0.007479648096066049
90245016902,10043527,BAT,female,control,1,full,pooled,0.009546288802884884
90248016902,10043950,BAT,female,control,1,full,pooled,0.005007451895436277
90266016902,10046380,BAT,female,control,1,full,pooled,0.24030086613324309
90267016902,10046461,BAT,female,8w,1,full,pooled,0.006614062380427499
90280016902,10095241,BAT,male,4w,1,full,pooled,0.011544406224929471
90283016902,10139044,BAT,male,4w,1,full,pooled,0.012947576973113661
90410016902,10335064,BAT,female,4w,1,full,pooled,0.011352890356635115
90412016902,10337199,BAT,female,4w,1,full,pooled,0.014024608251944404
90416016902,10381414,BAT,female,4w,1,full,pooled,0.005551867935358112
90420016902,10411690,BAT,female,4w,1,full,pooled,0.008955232874653496
90421016902,10417702,BAT,male,1w,1,full,pooled,0.01195740825674596
90426016902,10503110,BAT,male,1w,1,full,pooled,0.003913575954295201
90430016902,10561072,BAT,male,1w,1,full,pooled,0.006961530086915579
90439016902,10486003,BAT,male,2w,1,full,pooled,0.012022046544167386
90441016902,10502300,BAT,male,2w,1,full,pooled,0.005896582260401018
90444016902,10587543,BAT,male,2w,1,full,pooled,0.0038404789545730678
90571016902,10953744,BAT,female,1w,1,full,pooled,0.004418437270839459
90581016902,10761160,BAT,female,2w,1,full,pooled,0.008333524446450191
90585016902,10871349,BAT,female,2w,1,full,pooled,0.006770326786812553
90585013001,10871349,BLOOD,female,2w,1,full,pooled,0.0008480226310211281
90581013001,10761160,BLOOD,female,2w,1,full,pooled,0.00048053408073922554
90571013001,10953744,BLOOD,female,1w,1,full,pooled,0.000508392274171876
90439013001,10486003,BLOOD,male,2w,1,full,pooled,0.0005105516566983326
90416013001,10381414,BLOOD,female,4w,1,full,pooled,0.0010155526863558917
90280013001,10095241,BLOOD,male,4w,1,full,pooled,0.0005419716981197586
90283013001,10139044,BLOOD,male,4w,1,full,pooled,0.0009909580294470421
90441013002,10502300,BLOOD,male,2w,1,full,pooled,0.000730259047590831
90420013001,10411690,BLOOD,female,4w,1,full,pooled,0.0013934376243781577
90412013001,10337199,BLOOD,female,4w,1,full,pooled,0.0006652256709386295
90410013001,10335064,BLOOD,female,4w,1,full,pooled,0.0006046271050184071
90430013001,10561072,BLOOD,male,1w,1,full,pooled,0.0006831751546639842
90421013002,10417702,BLOOD,male,1w,1,full,pooled,0.0006133659917527678
90444013001,10587543,BLOOD,male,2w,1,full,pooled,0.0006131063709861051
90426013001,10503110,BLOOD,male,1w,1,full,pooled,0.0005710954181591399
90245013002,10043527,BLOOD,female,control,1,full,pooled,0.000583580777812287
90267013002,10046461,BLOOD,female,8w,1,full,pooled,0.0004735526261783196
90248013001,10043950,BLOOD,female,control,1,full,pooled,0.0006111157993953231
90239013002,10027599,BLOOD,male,control,1,full,pooled,0.0011696343479342675
90266013002,10046380,BLOOD,female,control,1,full,pooled,0.0008317737595581187
90223013002,10025707,BLOOD,male,8w,1,full,pooled,0.0004987118086403619
90217013001,10023259,BLOOD,male,control,1,full,pooled,0.0005925664185054691
90439016102,10486003,COLON,male,2w,1,full,pooled,0.002920102336617103
90430016102,10561072,COLON,male,1w,1,full,pooled,0.0019563449378088293
90571016102,10953744,COLON,female,1w,1,full,pooled,0.003250630244521213
90283016102,10139044,COLON,male,4w,1,full,pooled,0.0018951586676156928
90416016102,10381414,COLON,female,4w,1,full,pooled,0.0025366442699130687
90585016102,10871349,COLON,female,2w,1,full,pooled,0.0032497605023820153
90248016102,10043950,COLON,female,control,1,full,pooled,0.003520081281691123
90267016102,10046461,COLON,female,8w,1,full,pooled,0.001944976704878254
90410016102,10335064,COLON,female,4w,1,full,pooled,0.0030943877739099124
90444016102,10587543,COLON,male,2w,1,full,pooled,0.004105260134765976
90280016102,10095241,COLON,male,4w,1,full,pooled,0.002384797843992259
90217016102,10023259,COLON,male,control,1,full,pooled,0.0019298231178631609
90223016102,10025707,COLON,male,8w,1,full,pooled,0.001619568108101932
90420016102,10411690,COLON,female,4w,1,full,pooled,0.0016846514887890462
90421016102,10417702,COLON,male,1w,1,full,pooled,0.0018610074481598682
90412016102,10337199,COLON,female,4w,1,full,pooled,0.0031696886450003348
90239016102,10027599,COLON,male,control,1,full,pooled,0.002133967954779159
90245016102,10043527,COLON,female,control,1,full,pooled,0.002767474836832151
90266016102,10046380,COLON,female,control,1,full,pooled,0.001790800266816106
90581016102,10761160,COLON,female,2w,1,full,pooled,0.0029511365277911095
90426016102,10503110,COLON,male,1w,1,full,pooled,0.002310388709911182
90441016102,10502300,COLON,male,2w,1,full,pooled,0.002432646736976185
90217015302,10023259,CORTEX,male,control,1,full,pooled,0.03743817151520801
90223015302,10025707,CORTEX,male,8w,1,full,pooled,0.033330776650435934
90239015302,10027599,CORTEX,male,control,1,full,pooled,0.016677738093897942
90245015302,10043527,CORTEX,female,control,1,full,pooled,0.00798113521954158
90248015302,10043950,CORTEX,female,control,1,full,pooled,0.007524781857830787
90266015302,10046380,CORTEX,female,control,1,full,pooled,0.011050113344604262
90267015302,10046461,CORTEX,female,8w,1,full,pooled,0.008953010079012058
90280015302,10095241,CORTEX,male,4w,1,full,pooled,0.008057262927746778
90283015302,10139044,CORTEX,male,4w,1,full,pooled,0.031153149396337843
90410015302,10335064,CORTEX,female,4w,1,full,pooled,0.003941370122785615
90412015302,10337199,CORTEX,female,4w,1,full,pooled,0.016611556825470775
90416015302,10381414,CORTEX,female,4w,1,full,pooled,0.011189499613153298
90420015302,10411690,CORTEX,female,4w,1,full,pooled,0.013388577852411987
90421015302,10417702,CORTEX,male,1w,1,full,pooled,0.007527727602796741
90426015302,10503110,CORTEX,male,1w,1,full,pooled,0.013842003338653819
90430015302,10561072,CORTEX,male,1w,1,full,pooled,0.009374156882738793
90439015302,10486003,CORTEX,male,2w,1,full,pooled,0.012587953057516033
90441015302,10502300,CORTEX,male,2w,1,full,pooled,0.024937863972811503
90444015302,10587543,CORTEX,male,2w,1,full,pooled,0.014748035595705922
90571015302,10953744,CORTEX,female,1w,1,full,pooled,0.005775486771104177
90581015302,10761160,CORTEX,female,2w,1,full,pooled,0.007479069521214798
90585015302,10871349,CORTEX,female,2w,1,full,pooled,0.013262353202904809
90412015803,10337199,HEART,female,4w,1,full,pooled,0.002594831681878018
90248015803,10043950,HEART,female,control,1,full,pooled,0.003098264708540799
90430015803,10561072,HEART,male,1w,1,full,pooled,0.0037764146156535894
90420015803,10411690,HEART,female,4w,1,full,pooled,0.002716824681771368
90426015803,10503110,HEART,male,1w,1,full,pooled,0.0030716147496471224
90410015803,10335064,HEART,female,4w,1,full,pooled,0.0020326479623354876
90266015803,10046380,HEART,female,control,1,full,pooled,0.0025601119444289555
90239015803,10027599,HEART,male,control,1,full,pooled,0.0044712425531114874
90585015803,10871349,HEART,female,2w,1,full,pooled,0.002638024876881029
90217015803,10023259,HEART,male,control,1,full,pooled,0.0035998146750817472
90245015803,10043527,HEART,female,control,1,full,pooled,0.005471405328123846
90571015803,10953744,HEART,female,1w,1,full,pooled,0.004392932547566564
90439015803,10486003,HEART,male,2w,1,full,pooled,0.0026772621913133676
90581015803,10761160,HEART,female,2w,1,full,pooled,0.004030466694885049
90416015803,10381414,HEART,female,4w,1,full,pooled,0.005318489729273845
90441015803,10502300,HEART,male,2w,1,full,pooled,0.0034899857020821434
90283015803,10139044,HEART,male,4w,1,full,pooled,0.002668683666324223
90421015803,10417702,HEART,male,1w,1,full,pooled,0.0028369374471156616
90280015803,10095241,HEART,male,4w,1,full,pooled,0.0027799457567379005
90223015803,10025707,HEART,male,8w,1,full,pooled,0.00261415201501658
90267015803,10046461,HEART,female,8w,1,full,pooled,0.0026158462290746254
90444015803,10587543,HEART,male,2w,1,full,pooled,0.0025791102109524733
90217015202,10023259,HIPPOC,male,control,1,full,pooled,0.0708771921137018
90223015202,10025707,HIPPOC,male,8w,1,full,pooled,0.05760329579357393
90239015202,10027599,HIPPOC,male,control,1,full,pooled,0.15076764946111254
90245015202,10043527,HIPPOC,female,control,1,full,pooled,0.011155845110884188
90248015202,10043950,HIPPOC,female,control,1,full,pooled,0.007444216065103371
90266015202,10046380,HIPPOC,female,control,1,full,pooled,0.11288823606551934
90267015202,10046461,HIPPOC,female,8w,1,full,pooled,0.022323881655449296
90280015202,10095241,HIPPOC,male,4w,1,full,pooled,0.07267316028191306
90283015202,10139044,HIPPOC,male,4w,1,full,pooled,0.053380063867987104
90410015202,10335064,HIPPOC,female,4w,1,full,pooled,0.027111157287063925
90412015202,10337199,HIPPOC,female,4w,1,full,pooled,0.013469573046212213
90416015202,10381414,HIPPOC,female,4w,1,full,pooled,0.025468715030253386
90420015202,10411690,HIPPOC,female,4w,1,full,pooled,0.008608258626222276
90421015202,10417702,HIPPOC,male,1w,1,full,pooled,0.00624635086969938
90426015202,10503110,HIPPOC,male,1w,1,full,pooled,0.03367149763663668
90430015202,10561072,HIPPOC,male,1w,1,full,pooled,0.04199742899715808
90439015202,10486003,HIPPOC,male,2w,1,full,pooled,0.006302620774845891
90441015202,10502300,HIPPOC,male,2w,1,full,pooled,0.013921509108439367
90444015202,10587543,HIPPOC,male,2w,1,full,pooled,0.05780329460617184
90571015202,10953744,HIPPOC,female,1w,1,full,pooled,0.0165835594666357
90581015202,10761160,HIPPOC,female,2w,1,full,pooled,0.0070444601283653485
90585015202,10871349,HIPPOC,female,2w,1,full,pooled,0.01660552835206197
90217015402,10023259,HYPOTH,male,control,1,full,pooled,0.011985462527251967
90223015402,10025707,HYPOTH,male,8w,1,full,pooled,0.008487470164617261
90239015402,10027599,HYPOTH,male,control,1,full,pooled,0.015367349274440056
90245015402,10043527,HYPOTH,female,control,1,full,pooled,0.011672118527392805
90248015402,10043950,HYPOTH,female,control,1,full,pooled,0.009536623185118942
90266015402,10046380,HYPOTH,female,control,1,full,pooled,0.01920298600841419
90267015402,10046461,HYPOTH,female,8w,1,full,pooled,0.03316884312773005
90280015402,10095241,HYPOTH,male,4w,1,full,pooled,0.0740310838085021
90283015402,10139044,HYPOTH,male,4w,1,full,pooled,0.006281261916165071
90410015402,10335064,HYPOTH,female,4w,1,full,pooled,0.01854201364455199
90412015402,10337199,HYPOTH,female,4w,1,full,pooled,0.007300100723235392
90416015402,10381414,HYPOTH,female,4w,1,full,pooled,0.02438166421671739
90420015402,10411690,HYPOTH,female,4w,1,full,pooled,0.01698709321697578
90421015402,10417702,HYPOTH,male,1w,1,full,pooled,0.03948646962623559
90426015402,10503110,HYPOTH,male,1w,1,full,pooled,0.019486918855822766
90430015402,10561072,HYPOTH,male,1w,1,full,pooled,0.006130531497882008
90439015402,10486003,HYPOTH,male,2w,1,full,pooled,0.025567277090566942
90441015402,10502300,HYPOTH,male,2w,1,full,pooled,0.05198843775239226
90444015402,10587543,HYPOTH,male,2w,1,full,pooled,0.007435635323074341
90571015402,10953744,HYPOTH,female,1w,1,full,pooled,0.018072288521559066
90581015402,10761160,HYPOTH,female,2w,1,full,pooled,0.010219656995261395
90585015402,10871349,HYPOTH,female,2w,1,full,pooled,0.021256204802981626
90217015902,10023259,KIDNEY,male,control,1,full,pooled,0.0010229795586423895
90223015902,10025707,KIDNEY,male,8w,1,full,pooled,0.0011451221812832646
90239015902,10027599,KIDNEY,male,control,1,full,pooled,0.0010119593352522216
90245015902,10043527,KIDNEY,female,control,1,full,pooled,0.0010593703376096109
90248015902,10043950,KIDNEY,female,control,1,full,pooled,0.0011348956766834561
90266015902,10046380,KIDNEY,female,control,1,full,pooled,0.001252411678199894
90267015902,10046461,KIDNEY,female,8w,1,full,pooled,0.0012041607026838097
90280015902,10095241,KIDNEY,male,4w,1,full,pooled,0.0010702031515817945
90283015902,10139044,KIDNEY,male,4w,1,full,pooled,0.0011086478932252897
90410015902,10335064,KIDNEY,female,4w,1,full,pooled,0.0012046043285128816
90412015902,10337199,KIDNEY,female,4w,1,full,pooled,0.0011770832829351985
90416015902,10381414,KIDNEY,female,4w,1,full,pooled,0.0010775366764546046
90420015902,10411690,KIDNEY,female,4w,1,full,pooled,0.0011375582367254555
90421015902,10417702,KIDNEY,male,1w,1,full,pooled,0.0011141754238248591
90426015902,10503110,KIDNEY,male,1w,1,full,pooled,0.0009647957296901044
90430015902,10561072,KIDNEY,male,1w,1,full,pooled,0.0010388704922794645
90439015902,10486003,KIDNEY,male,2w,1,full,pooled,0.0010802878216648049
90441015902,10502300,KIDNEY,male,2w,1,full,pooled,0.001067005041950786
90444015902,10587543,KIDNEY,male,2w,1,full,pooled,0.0011349787309551385
90571015902,10953744,KIDNEY,female,1w,1,full,pooled,0.0011878929083107836
90581015902,10761160,KIDNEY,female,2w,1,full,pooled,0.0012187236867352569
90585015902,10871349,KIDNEY,female,2w,1,full,pooled,0.0014344174169457213
90217016803,10023259,LIVER,male,control,1,full,pooled,0.000936214151089132
90223016803,10025707,LIVER,male,8w,1,full,pooled,0.0008177419595217783
90239016803,10027599,LIVER,male,control,1,full,pooled,0.0007745103050854629
90245016803,10043527,LIVER,female,control,1,full,pooled,0.0009908703824851317
90248016803,10043950,LIVER,female,control,1,full,pooled,0.000985599821980987
90266016803,10046380,LIVER,female,control,1,full,pooled,0.0010490718231060958
90267016803,10046461,LIVER,female,8w,1,full,pooled,0.0009668252828759494
90280016803,10095241,LIVER,male,4w,1,full,pooled,0.0007698612849124098
90283016803,10139044,LIVER,male,4w,1,full,pooled,0.0008398065147302569
90410016803,10335064,LIVER,female,4w,1,full,pooled,0.0009967354418516372
90412016803,10337199,LIVER,female,4w,1,full,pooled,0.0009712900899490062
90416016803,10381414,LIVER,female,4w,1,full,pooled,0.0009660904670206749
90420016803,10411690,LIVER,female,4w,1,full,pooled,0.001069216365507497
90421016803,10417702,LIVER,male,1w,1,full,pooled,0.0008656824559200027
90426016803,10503110,LIVER,male,1w,1,full,pooled,0.0007205045198707127
90430016803,10561072,LIVER,male,1w,1,full,pooled,0.0008397607399107665
90439016803,10486003,LIVER,male,2w,1,full,pooled,0.0008456357139707826
90441016803,10502300,LIVER,male,2w,1,full,pooled,0.0008552607492877673
90444016803,10587543,LIVER,male,2w,1,full,pooled,0.0007602339130601266
90571016803,10953744,LIVER,female,1w,1,full,pooled,0.001079554209450162
90581016803,10761160,LIVER,female,2w,1,full,pooled,0.0009870627666838105
90585016803,10871349,LIVER,female,2w,1,full,pooled,0.001089053615871416
90266016603,10046380,LUNG,female,control,1,full,pooled,0.002107646118304718
90410016603,10335064,LUNG,female,4w,1,full,pooled,0.001775543464364926
90239016603,10027599,LUNG,male,control,1,full,pooled,0.001615232006780376
90444016603,10587543,LUNG,male,2w,1,full,pooled,0.001389803455863814
90412016603,10337199,LUNG,female,4w,1,full,pooled,0.0017349795113119626
90426016603,10503110,LUNG,male,1w,1,full,pooled,0.0013836619731386612
90439016603,10486003,LUNG,male,2w,1,full,pooled,0.001526398316974431
90416016603,10381414,LUNG,female,4w,1,full,pooled,0.0016196309568788925
90280016603,10095241,LUNG,male,4w,1,full,pooled,0.0014573889825405528
90267016603,10046461,LUNG,female,8w,1,full,pooled,0.0019088203555568395
90223016603,10025707,LUNG,male,8w,1,full,pooled,0.0014024703426464002
90581016603,10761160,LUNG,female,2w,1,full,pooled,0.0015711252016045174
90430016603,10561072,LUNG,male,1w,1,full,pooled,0.0013534433181238148
90420016603,10411690,LUNG,female,4w,1,full,pooled,0.0019659855341223054
90421016603,10417702,LUNG,male,1w,1,full,pooled,0.001452177553551759
90571016603,10953744,LUNG,female,1w,1,full,pooled,0.0015248838208934412
90248016603,10043950,LUNG,female,control,1,full,pooled,0.0027726601641367976
90283016603,10139044,LUNG,male,4w,1,full,pooled,0.0014118146314524571
90441016603,10502300,LUNG,male,2w,1,full,pooled,0.002045374532706923
90245016603,10043527,LUNG,female,control,1,full,pooled,0.0021437363248898444
90585016603,10871349,LUNG,female,2w,1,full,pooled,0.0018920603435191863
90217016603,10023259,LUNG,male,control,1,full,pooled,0.0016493363997229782
90266016402,10046380,OVARY,female,control,1,full,pooled,0.004169333343563286
90248016402,10043950,OVARY,female,control,1,full,pooled,0.0037861220436080645
90581016402,10761160,OVARY,female,2w,1,full,pooled,0.007581110721062823
90585016402,10871349,OVARY,female,2w,1,full,pooled,0.0050571002713920565
90571016402,10953744,OVARY,female,1w,1,full,pooled,0.007571414621297845
90267016402,10046461,OVARY,female,8w,1,full,pooled,0.006128554278360232
90416016402,10381414,OVARY,female,4w,1,full,pooled,0.0036281301042530023
90420016402,10411690,OVARY,female,4w,1,full,pooled,0.00391192562164544
90245016402,10043527,OVARY,female,control,1,full,pooled,0.008611988511624591
90412016402,10337199,OVARY,female,4w,1,full,pooled,0.004887469141947931
90581015512,10761160,SKM-GN,female,2w,1,full,pooled,0.04272367578774727
90283015512,10139044,SKM-GN,male,4w,1,full,pooled,0.005835376835766737
90239015512,10027599,SKM-GN,male,control,1,full,pooled,0.011963763842128827
90248015512,10043950,SKM-GN,female,control,1,full,pooled,0.011609895306551432
90245015512,10043527,SKM-GN,female,control,1,full,pooled,0.015254112590661895
90217015512,10023259,SKM-GN,male,control,1,full,pooled,0.009639522733605466
90267015512,10046461,SKM-GN,female,8w,1,full,pooled,0.1315603627605959
90420015512,10411690,SKM-GN,female,4w,1,full,pooled,0.024188233292951944
90421015512,10417702,SKM-GN,male,1w,1,full,pooled,0.026614514952818413
90585015512,10871349,SKM-GN,female,2w,1,full,pooled,0.02527936778406681
90412015512,10337199,SKM-GN,female,4w,1,full,pooled,0.030950557434079373
90430015512,10561072,SKM-GN,male,1w,1,full,pooled,0.01195455403611112
90410015512,10335064,SKM-GN,female,4w,1,full,pooled,0.021470042715425075
90426015512,10503110,SKM-GN,male,1w,1,full,pooled,0.01915063653671678
90439015512,10486003,SKM-GN,male,2w,1,full,pooled,0.0441976276422259
90416015512,10381414,SKM-GN,female,4w,1,full,pooled,0.015606244233753674
90441015512,10502300,SKM-GN,male,2w,1,full,pooled,0.02835904065172279
90444015512,10587543,SKM-GN,male,2w,1,full,pooled,0.035831594433313185
90571015512,10953744,SKM-GN,female,1w,1,full,pooled,0.04563864686450292
90223015512,10025707,SKM-GN,male,8w,1,full,pooled,0.03134216993857819
90280015512,10095241,SKM-GN,male,4w,1,full,pooled,0.036164680391321036
90266015512,10046380,SKM-GN,female,control,1,full,pooled,0.01144393241445063
90217015603,10023259,SKM-VL,male,control,1,full,pooled,0.05275779930981306
90223015603,10025707,SKM-VL,male,8w,1,full,pooled,0.10721964758611147
90239015603,10027599,SKM-VL,male,control,1,full,pooled,0.07703888392784786
90245015603,10043527,SKM-VL,female,control,1,full,pooled,0.007575799225670643
90248015603,10043950,SKM-VL,female,control,1,full,pooled,0.10056681193241779
90266015603,10046380,SKM-VL,female,control,1,full,pooled,0.06087451990785464
90267015603,10046461,SKM-VL,female,8w,1,full,pooled,0.0951616504970092
90280015603,10095241,SKM-VL,male,4w,1,full,pooled,0.10088260581555841
90283015603,10139044,SKM-VL,male,4w,1,full,pooled,0.017317024501225187
90410015603,10335064,SKM-VL,female,4w,1,full,pooled,0.03822675490137961
90412015603,10337199,SKM-VL,female,4w,1,full,pooled,0.03116019956253968
90416015603,10381414,SKM-VL,female,4w,1,full,pooled,0.010068390463686794
90420015603,10411690,SKM-VL,female,4w,1,full,pooled,0.019622235504738406
90421015603,10417702,SKM-VL,male,1w,1,full,pooled,0.0723052695201073
90426015603,10503110,SKM-VL,male,1w,1,full,pooled,0.02390641541859051
90430015603,10561072,SKM-VL,male,1w,1,full,pooled,0.013059651544499618
90439015603,10486003,SKM-VL,male,2w,1,full,pooled,0.019743000462882465
90441015603,10502300,SKM-VL,male,2w,1,full,pooled,0.022467814656113916
90444015603,10587543,SKM-VL,male,2w,1,full,pooled,0.01803988266301737
90571015603,10953744,SKM-VL,female,1w,1,full,pooled,0.05935506294069781
90581015603,10761160,SKM-VL,female,2w,1,full,pooled,0.06970853346550365
90585015603,10871349,SKM-VL,female,2w,1,full,pooled,0.5239075703156083
90416016702,10381414,SMLINT,female,4w,1,full,pooled,0.0008839197585559511
90444016702,10587543,SMLINT,male,2w,1,full,pooled,0.0013013769609759862
90239016702,10027599,SMLINT,male,control,1,full,pooled,0.001051631393728325
90581016702,10761160,SMLINT,female,2w,1,full,pooled,0.0014764788487920955
90421016702,10417702,SMLINT,male,1w,1,full,pooled,0.0010217798909584186
90439016702,10486003,SMLINT,male,2w,1,full,pooled,0.0008615520888008987
90245016702,10043527,SMLINT,female,control,1,full,pooled,0.0009662412617769123
90571016702,10953744,SMLINT,female,1w,1,full,pooled,0.0010116029311423302
90267016702,10046461,SMLINT,female,8w,1,full,pooled,0.0030896072940351793
90426016702,10503110,SMLINT,male,1w,1,full,pooled,0.0014649456434738806
90223016702,10025707,SMLINT,male,8w,1,full,pooled,0.0012169797734137289
90441016702,10502300,SMLINT,male,2w,1,full,pooled,0.0012954984347997023
90248016702,10043950,SMLINT,female,control,1,full,pooled,0.0008490848345616975
90410016702,10335064,SMLINT,female,4w,1,full,pooled,0.0009326933397466597
90420016702,10411690,SMLINT,female,4w,1,full,pooled,0.0008934080209053175
90217016702,10023259,SMLINT,male,control,1,full,pooled,0.0015096400528408216
90266016702,10046380,SMLINT,female,control,1,full,pooled,0.001094887514567211
90412016702,10337199,SMLINT,female,4w,1,full,pooled,0.0009315719504636721
90283016702,10139044,SMLINT,male,4w,1,full,pooled,0.004611034787551316
90430016702,10561072,SMLINT,male,1w,1,full,pooled,0.0010855815847768957
90280016702,10095241,SMLINT,male,4w,1,full,pooled,0.0009826356878226417
90585016702,10871349,SMLINT,female,2w,1,full,pooled,0.0009470627220646843
90217016202,10023259,SPLEEN,male,control,1,full,pooled,0.001945962206807872
90223016202,10025707,SPLEEN,male,8w,1,full,pooled,0.0018996345016240035
90239016202,10027599,SPLEEN,male,control,1,full,pooled,0.001758607775234844
90245016202,10043527,SPLEEN,female,control,1,full,pooled,0.001720955962247528
90248016202,10043950,SPLEEN,female,control,1,full,pooled,0.0016988177468737486
90266016202,10046380,SPLEEN,female,control,1,full,pooled,0.0016649048501056196
90267016202,10046461,SPLEEN,female,8w,1,full,pooled,0.001497485295905654
90280016202,10095241,SPLEEN,male,4w,1,full,pooled,0.0016497113061022528
90283016202,10139044,SPLEEN,male,4w,1,full,pooled,0.0020400691445646713
90410016202,10335064,SPLEEN,female,4w,1,full,pooled,0.0016671150957887626
90412016202,10337199,SPLEEN,female,4w,1,full,pooled,0.0018301211371074544
90416016202,10381414,SPLEEN,female,4w,1,full,pooled,0.001718888227993709
90420016202,10411690,SPLEEN,female,4w,1,full,pooled,0.0017445941540374932
90421016202,10417702,SPLEEN,male,1w,1,full,pooled,0.0016516930592836987
90426016202,10503110,SPLEEN,male,1w,1,full,pooled,0.0017682797943371353
90430016202,10561072,SPLEEN,male,1w,1,full,pooled,0.0017327460019211927
90439016202,10486003,SPLEEN,male,2w,1,full,pooled,0.0016761484166871732
90441016202,10502300,SPLEEN,male,2w,1,full,pooled,0.0015538623627480153
90444016202,10587543,SPLEEN,male,2w,1,full,pooled,0.001787570897222257
90571016202,10953744,SPLEEN,female,1w,1,full,pooled,0.0016702814352923534
90581016202,10761160,SPLEEN,female,2w,1,full,pooled,0.001582856012256273
90585016202,10871349,SPLEEN,female,2w,1,full,pooled,0.0017590532251268165
90280016302,10095241,TESTES,male,4w,1,full,pooled,0.0011651793554683376
90239016302,10027599,TESTES,male,control,1,full,pooled,0.001103291952825436
90283016302,10139044,TESTES,male,4w,1,full,pooled,0.0011575201359129705
90441016302,10502300,TESTES,male,2w,1,full,pooled,0.0011426173116386718
90430016302,10561072,TESTES,male,1w,1,full,pooled,0.0011688614395136687
90439016302,10486003,TESTES,male,2w,1,full,pooled,0.001089398485996318
90223016302,10025707,TESTES,male,8w,1,full,pooled,0.0011758050172724355
90421016302,10417702,TESTES,male,1w,1,full,pooled,0.0011739776742513142
90444016302,10587543,TESTES,male,2w,1,full,pooled,0.0010401848552293869
90217016302,10023259,TESTES,male,control,1,full,pooled,0.001143625192308484
90426016302,10503110,TESTES,male,1w,1,full,pooled,0.0012025649933572469
90421016502,10417702,VENACV,male,1w,1,full,pooled,0.0039084934676613114
90439016502,10486003,VENACV,male,2w,1,full,pooled,0.001517210310153394
90441016502,10502300,VENACV,male,2w,1,full,pooled,0.0018334949528622246
90266016502,10046380,VENACV,female,control,1,full,pooled,0.0024311304706540193
90430016502,10561072,VENACV,male,1w,1,full,pooled,0.0015789369523749874
90426016502,10503110,VENACV,male,1w,1,full,pooled,0.01235622803856018
90416016502,10381414,VENACV,female,4w,1,full,pooled,0.24556077371355756
90267016502,10046461,VENACV,female,8w,1,full,pooled,0.019882727786743937
90217016502,10023259,VENACV,male,control,1,full,pooled,0.0015429401746138716
90245016502,10043527,VENACV,female,control,1,full,pooled,0.0016063981131498872
90444016502,10587543,VENACV,male,2w,1,full,pooled,0.0014961202117309558
90283016502,10139044,VENACV,male,4w,1,full,pooled,0.002607358791247405
90280016502,10095241,VENACV,male,4w,1,full,pooled,0.005313683035819361
90239016502,10027599,VENACV,male,control,1,full,pooled,0.0010101605389671864
90581016502,10761160,VENACV,female,2w,1,full,pooled,0.0041276646556965835
90248016502,10043950,VENACV,female,control,1,full,pooled,0.0010764473062532254
90420016502,10411690,VENACV,female,4w,1,full,pooled,0.010421711577319082
90412016502,10337199,VENACV,female,4w,1,full,pooled,0.0013312807060876786
90585016502,10871349,VENACV,female,2w,1,full,pooled,0.029162690439805128
90223016502,10025707,VENACV,male,8w,1,full,pooled,0.0012249666952600657
90571016502,10953744,VENACV,female,1w,1,full,pooled,0.02501395679428653
90410016502,10335064,VENACV,female,4w,1,full,pooled,0.008307502822972768
90217017005,10023259,WAT-SC,male,control,1,full,pooled,0.002498961892118956
90223017005,10025707,WAT-SC,male,8w,1,full,pooled,0.0017212787282994135
90239017005,10027599,WAT-SC,male,control,1,full,pooled,0.00536987656898269
90245017005,10043527,WAT-SC,female,control,1,full,pooled,0.007810928914872672
90248017005,10043950,WAT-SC,female,control,1,full,pooled,0.005189429048611194
90266017005,10046380,WAT-SC,female,control,1,full,pooled,0.01105458356776201
90267017005,10046461,WAT-SC,female,8w,1,full,pooled,0.0015829127801655352
90280017005,10095241,WAT-SC,male,4w,1,full,pooled,0.001915578137207774
90283017005,10139044,WAT-SC,male,4w,1,full,pooled,0.0016541158491085728
90410017005,10335064,WAT-SC,female,4w,1,full,pooled,0.004668523454757545
90412017005,10337199,WAT-SC,female,4w,1,full,pooled,0.003205089410977191
90416017005,10381414,WAT-SC,female,4w,1,full,pooled,0.0026635273698333295
90420017005,10411690,WAT-SC,female,4w,1,full,pooled,0.018605167018403868
90421017005,10417702,WAT-SC,male,1w,1,full,pooled,0.0018145996619465254
90426017005,10503110,WAT-SC,male,1w,1,full,pooled,0.001979154597048116
90430017005,10561072,WAT-SC,male,1w,1,full,pooled,0.006223698257667443
90439017005,10486003,WAT-SC,male,2w,1,full,pooled,0.001959005631769095
90441017005,10502300,WAT-SC,male,2w,1,full,pooled,0.0018076887860544177
90444017005,10587543,WAT-SC,male,2w,1,full,pooled,0.002814748404267875
90571017005,10953744,WAT-SC,female,1w,1,full,pooled,0.003138140938924394
90581017005,10761160,WAT-SC,female,2w,1,full,pooled,0.0026961543892894957
90585017005,10871349,WAT-SC,female,2w,1,full,pooled,0.004045108707094958
90412016002,10337199,ADRNL,female,4w,1,full,one_per_animal,0.005175596694314999
90426016002,10503110,ADRNL,male,1w,1,full,one_per_animal,0.11216458660223316
90248013001,10043950,BLOOD,female,control,1,full,one_per_animal,0.0006111157993953231
90581016102,10761160,COLON,female,2w,1,full,one_per_animal,0.0029511365277911095
90410015302,10335064,CORTEX,female,4w,1,full,one_per_animal,0.003941370122785615
90421015302,10417702,CORTEX,male,1w,1,full,one_per_animal,0.007527727602796741
90571015302,10953744,CORTEX,female,1w,1,full,one_per_animal,0.005775486771104177
90585015803,10871349,HEART,female,2w,1,full,one_per_animal,0.002638024876881029
90245015803,10043527,HEART,female,control,1,full,one_per_animal,0.005471405328123846
90416015402,10381414,HYPOTH,female,4w,1,full,one_per_animal,0.02438166421671739
90439015402,10486003,HYPOTH,male,2w,1,full,one_per_animal,0.025567277090566942
90444015402,10587543,HYPOTH,male,2w,1,full,one_per_animal,0.007435635323074341
90239015902,10027599,KIDNEY,male,control,1,full,one_per_animal,0.0010119593352522216
90266015902,10046380,KIDNEY,female,control,1,full,one_per_animal,0.001252411678199894
90420015902,10411690,KIDNEY,female,4w,1,full,one_per_animal,0.0011375582367254555
90267015512,10046461,SKM-GN,female,8w,1,full,one_per_animal,0.1315603627605959
90280016702,10095241,SMLINT,male,4w,1,full,one_per_animal,0.0009826356878226417
90430016202,10561072,SPLEEN,male,1w,1,full,one_per_animal,0.0017327460019211927
90441016502,10502300,VENACV,male,2w,1,full,one_per_animal,0.0018334949528622246
90217016502,10023259,VENACV,male,control,1,full,one_per_animal,0.0015429401746138716
90283016502,10139044,VENACV,male,4w,1,full,one_per_animal,0.002607358791247405
90223017005,10025707,WAT-SC,male,8w,1,full,one_per_animal,0.0017212787282994135
90416016002,10381414,ADRNL,female,4w,1,k20,pooled,0.06493617127907558
90441016002,10502300,ADRNL,male,2w,1,k20,pooled,0.1089293151227112
90571016002,10953744,ADRNL,female,1w,1,k20,pooled,0.9907426627705386
90444016002,10587543,ADRNL,male,2w,1,k20,pooled,0.11802143372972518
90248016002,10043950,ADRNL,female,control,1,k20,pooled,0.06625245971644933
90420016002,10411690,ADRNL,female,4w,1,k20,pooled,0.0666541169170104
90217016002,10023259,ADRNL,male,control,1,k20,pooled,0.061339136855377285
90266016002,10046380,ADRNL,female,control,1,k20,pooled,0.3374291218744673
90412016002,10337199,ADRNL,female,4w,1,k20,pooled,0.11734697427924945
90439016002,10486003,ADRNL,male,2w,1,k20,pooled,0.06812835295562036
90239016002,10027599,ADRNL,male,control,1,k20,pooled,0.062064460146810996
90581016002,10761160,ADRNL,female,2w,1,k20,pooled,0.0813972101830186
90245016002,10043527,ADRNL,female,control,1,k20,pooled,0.07030943434393866
90283016002,10139044,ADRNL,male,4w,1,k20,pooled,0.08046704653536718
90430016002,10561072,ADRNL,male,1w,1,k20,pooled,0.13534674233858746
90223016002,10025707,ADRNL,male,8w,1,k20,pooled,0.1020984780551023
90585016002,10871349,ADRNL,female,2w,1,k20,pooled,0.0751744451077423
90267016002,10046461,ADRNL,female,8w,1,k20,pooled,0.07142540886693904
90421016002,10417702,ADRNL,male,1w,1,k20,pooled,0.06392771320070845
90410016002,10335064,ADRNL,female,4w,1,k20,pooled,0.07095699469021055
90280016002,10095241,ADRNL,male,4w,1,k20,pooled,0.0671803747717955
90426016002,10503110,ADRNL,male,1w,1,k20,pooled,0.2586692484405626
90217016902,10023259,BAT,male,control,1,k20,pooled,0.540140908374146
90223016902,10025707,BAT,male,8w,1,k20,pooled,0.5514740573509482
90239016902,10027599,BAT,male,control,1,k20,pooled,0.2925474982847137
90245016902,10043527,BAT,female,control,1,k20,pooled,0.3571822660724784
90248016902,10043950,BAT,female,control,1,k20,pooled,0.37665126781284064
90266016902,10046380,BAT,female,control,1,k20,pooled,0.5792400346260936
90267016902,10046461,BAT,female,8w,1,k20,pooled,0.331205500543737
90280016902,10095241,BAT,male,4w,1,k20,pooled,0.3866905871413078
90283016902,10139044,BAT,male,4w,1,k20,pooled,0.3652001155360949
90410016902,10335064,BAT,female,4w,1,k20,pooled,0.3309882878278998
90412016902,10337199,BAT,female,4w,1,k20,pooled,0.2946508059155438
90416016902,10381414,BAT,female,4w,1,k20,pooled,0.27782528652851035
90420016902,10411690,BAT,female,4w,1,k20,pooled,0.303905503677107
90421016902,10417702,BAT,male,1w,1,k20,pooled,0.40830115981646764
90426016902,10503110,BAT,male,1w,1,k20,pooled,0.37171835666783726
90430016902,10561072,BAT,male,1w,1,k20,pooled,0.3520583862030646
90439016902,10486003,BAT,male,2w,1,k20,pooled,0.38593774281559157
90441016902,10502300,BAT,male,2w,1,k20,pooled,0.3055879646161439
90444016902,10587543,BAT,male,2w,1,k20,pooled,0.3159636154960713
90571016902,10953744,BAT,female,1w,1,k20,pooled,0.2873262503969387
90581016902,10761160,BAT,female,2w,1,k20,pooled,0.2740552582063801
90585016902,10871349,BAT,female,2w,1,k20,pooled,0.28983140563756005
90585013001,10871349,BLOOD,female,2w,1,k20,pooled,0.16073757922135978
90581013001,10761160,BLOOD,female,2w,1,k20,pooled,0.16716074668120884
90571013001,10953744,BLOOD,female,1w,1,k20,pooled,0.2046143496385342
90439013001,10486003,BLOOD,male,2w,1,k20,pooled,0.17071883047442715
90416013001,10381414,BLOOD,female,4w,1,k20,pooled,0.1425622847831266
90280013001,10095241,BLOOD,male,4w,1,k20,pooled,0.12747946282638511
90283013001,10139044,BLOOD,male,4w,1,k20,pooled,0.1588841789294515
90441013002,10502300,BLOOD,male,2w,1,k20,pooled,0.16534081909452358
90420013001,10411690,BLOOD,female,4w,1,k20,pooled,0.15988428469057858
90412013001,10337199,BLOOD,female,4w,1,k20,pooled,0.17066643142718874
90410013001,10335064,BLOOD,female,4w,1,k20,pooled,0.15426895678057695
90430013001,10561072,BLOOD,male,1w,1,k20,pooled,0.17425440944798554
90421013002,10417702,BLOOD,male,1w,1,k20,pooled,0.15613945240721794
90444013001,10587543,BLOOD,male,2w,1,k20,pooled,0.17617364931066382
90426013001,10503110,BLOOD,male,1w,1,k20,pooled,0.14309234578646268
90245013002,10043527,BLOOD,female,control,1,k20,pooled,0.11827908692904554
90267013002,10046461,BLOOD,female,8w,1,k20,pooled,0.14568101584920667
90248013001,10043950,BLOOD,female,control,1,k20,pooled,0.14090588829789963
90239013002,10027599,BLOOD,male,control,1,k20,pooled,0.14444032631364823
90266013002,10046380,BLOOD,female,control,1,k20,pooled,0.14989261618827388
90223013002,10025707,BLOOD,male,8w,1,k20,pooled,0.13156525206567993
90217013001,10023259,BLOOD,male,control,1,k20,pooled,0.11986740005519425
90439016102,10486003,COLON,male,2w,1,k20,pooled,0.12341814565642728
90430016102,10561072,COLON,male,1w,1,k20,pooled,0.11870931499981519
90571016102,10953744,COLON,female,1w,1,k20,pooled,0.12316065331944503
90283016102,10139044,COLON,male,4w,1,k20,pooled,0.14832930672868572
90416016102,10381414,COLON,female,4w,1,k20,pooled,0.130789690566393
90585016102,10871349,COLON,female,2w,1,k20,pooled,0.12275276127117052
90248016102,10043950,COLON,female,control,1,k20,pooled,0.14407319306678001
90267016102,10046461,COLON,female,8w,1,k20,pooled,0.1267159839160853
90410016102,10335064,COLON,female,4w,1,k20,pooled,0.12145362472979104
90444016102,10587543,COLON,male,2w,1,k20,pooled,0.12910300700386446
90280016102,10095241,COLON,male,4w,1,k20,pooled,0.13655108389658654
90217016102,10023259,COLON,male,control,1,k20,pooled,0.12111744099002442
90223016102,10025707,COLON,male,8w,1,k20,pooled,0.11989101353923615
90420016102,10411690,COLON,female,4w,1,k20,pooled,0.11772408379251431
90421016102,10417702,COLON,male,1w,1,k20,pooled,0.11181649661560278
90412016102,10337199,COLON,female,4w,1,k20,pooled,0.14649004874328642
90239016102,10027599,COLON,male,control,1,k20,pooled,0.10917620246619941
90245016102,10043527,COLON,female,control,1,k20,pooled,0.13234828915003238
90266016102,10046380,COLON,female,control,1,k20,pooled,0.13151279691968365
90581016102,10761160,COLON,female,2w,1,k20,pooled,0.11853322335529282
90426016102,10503110,COLON,male,1w,1,k20,pooled,0.1189107665726945
90441016102,10502300,COLON,male,2w,1,k20,pooled,0.12533719763293494
90217015302,10023259,CORTEX,male,control,1,k20,pooled,0.36806836073934246
90223015302,10025707,CORTEX,male,8w,1,k20,pooled,0.3612932715750946
90239015302,10027599,CORTEX,male,control,1,k20,pooled,0.36935340188069177
90245015302,10043527,CORTEX,female,control,1,k20,pooled,0.26344759624822744
90248015302,10043950,CORTEX,female,control,1,k20,pooled,0.33052414805886376
90266015302,10046380,CORTEX,female,control,1,k20,pooled,0.3129506939845871
90267015302,10046461,CORTEX,female,8w,1,k20,pooled,0.27423953643547305
90280015302,10095241,CORTEX,male,4w,1,k20,pooled,0.29851979408486073
90283015302,10139044,CORTEX,male,4w,1,k20,pooled,0.3302163716907881
90410015302,10335064,CORTEX,female,4w,1,k20,pooled,0.2686837978610779
90412015302,10337199,CORTEX,female,4w,1,k20,pooled,0.31261388094777354
90416015302,10381414,CORTEX,female,4w,1,k20,pooled,0.3499739778979214
90420015302,10411690,CORTEX,female,4w,1,k20,pooled,0.32401466856048267
90421015302,10417702,CORTEX,male,1w,1,k20,pooled,0.2621175351186149
90426015302,10503110,CORTEX,male,1w,1,k20,pooled,0.31539302489623133
90430015302,10561072,CORTEX,male,1w,1,k20,pooled,0.33245292831713846
90439015302,10486003,CORTEX,male,2w,1,k20,pooled,0.3350354158234188
90441015302,10502300,CORTEX,male,2w,1,k20,pooled,0.26830768195175303
90444015302,10587543,CORTEX,male,2w,1,k20,pooled,0.343745396938715
90571015302,10953744,CORTEX,female,1w,1,k20,pooled,0.2793465744361252
90581015302,10761160,CORTEX,female,2w,1,k20,pooled,0.33843756120730784
90585015302,10871349,CORTEX,female,2w,1,k20,pooled,0.31283634304939345
90412015803,10337199,HEART,female,4w,1,k20,pooled,0.2614080013234775
90248015803,10043950,HEART,female,control,1,k20,pooled,0.2723676792210883
90430015803,10561072,HEART,male,1w,1,k20,pooled,0.2543532747503494
90420015803,10411690,HEART,female,4w,1,k20,pooled,0.25037139225250415
90426015803,10503110,HEART,male,1w,1,k20,pooled,0.26609893109055716
90410015803,10335064,HEART,female,4w,1,k20,pooled,0.2470945297426721
90266015803,10046380,HEART,female,control,1,k20,pooled,0.24820759931181613
90239015803,10027599,HEART,male,control,1,k20,pooled,0.2616503055906112
90585015803,10871349,HEART,female,2w,1,k20,pooled,0.26652693289312723
90217015803,10023259,HEART,male,control,1,k20,pooled,0.2631514108230243
90245015803,10043527,HEART,female,control,1,k20,pooled,0.25014262655104436
90571015803,10953744,HEART,female,1w,1,k20,pooled,0.27217826186148497
90439015803,10486003,HEART,male,2w,1,k20,pooled,0.26310725298104953
90581015803,10761160,HEART,female,2w,1,k20,pooled,0.25679831746320825
90416015803,10381414,HEART,female,4w,1,k20,pooled,0.2751773389800335
90441015803,10502300,HEART,male,2w,1,k20,pooled,0.2574643335693515
90283015803,10139044,HEART,male,4w,1,k20,pooled,0.2858524578405891
90421015803,10417702,HEART,male,1w,1,k20,pooled,0.24676419528884408
90280015803,10095241,HEART,male,4w,1,k20,pooled,0.2376125366651658
90223015803,10025707,HEART,male,8w,1,k20,pooled,0.23487564201986888
90267015803,10046461,HEART,female,8w,1,k20,pooled,0.279401572679561
90444015803,10587543,HEART,male,2w,1,k20,pooled,0.24970267307686445
90217015202,10023259,HIPPOC,male,control,1,k20,pooled,0.30062370736904287
90223015202,10025707,HIPPOC,male,8w,1,k20,pooled,0.30904083568339846
90239015202,10027599,HIPPOC,male,control,1,k20,pooled,0.2983042794951454
90245015202,10043527,HIPPOC,female,control,1,k20,pooled,0.314704853704992
90248015202,10043950,HIPPOC,female,control,1,k20,pooled,0.31363896775652866
90266015202,10046380,HIPPOC,female,control,1,k20,pooled,0.33471017570936523
90267015202,10046461,HIPPOC,female,8w,1,k20,pooled,0.38474258236860304
90280015202,10095241,HIPPOC,male,4w,1,k20,pooled,0.3322665269554188
90283015202,10139044,HIPPOC,male,4w,1,k20,pooled,0.32090817513093317
90410015202,10335064,HIPPOC,female,4w,1,k20,pooled,0.3706183167267211
90412015202,10337199,HIPPOC,female,4w,1,k20,pooled,0.321359713926599
90416015202,10381414,HIPPOC,female,4w,1,k20,pooled,0.301326640611449
90420015202,10411690,HIPPOC,female,4w,1,k20,pooled,0.3296613261661563
90421015202,10417702,HIPPOC,male,1w,1,k20,pooled,0.23709184136444283
90426015202,10503110,HIPPOC,male,1w,1,k20,pooled,0.3489163948315406
90430015202,10561072,HIPPOC,male,1w,1,k20,pooled,0.2644185756717421
90439015202,10486003,HIPPOC,male,2w,1,k20,pooled,0.3359571194851576
90441015202,10502300,HIPPOC,male,2w,1,k20,pooled,0.3405073631106319
90444015202,10587543,HIPPOC,male,2w,1,k20,pooled,0.29310757645670105
90571015202,10953744,HIPPOC,female,1w,1,k20,pooled,0.2765166854922477
90581015202,10761160,HIPPOC,female,2w,1,k20,pooled,0.25160383274328424
90585015202,10871349,HIPPOC,female,2w,1,k20,pooled,0.2870984373054114
90217015402,10023259,HYPOTH,male,control,1,k20,pooled,0.20268656954758668
90223015402,10025707,HYPOTH,male,8w,1,k20,pooled,0.21177362824495682
90239015402,10027599,HYPOTH,male,control,1,k20,pooled,0.24745666584662962
90245015402,10043527,HYPOTH,female,control,1,k20,pooled,0.2180023975903732
90248015402,10043950,HYPOTH,female,control,1,k20,pooled,0.24309882452174847
90266015402,10046380,HYPOTH,female,control,1,k20,pooled,0.2349937434366094
90267015402,10046461,HYPOTH,female,8w,1,k20,pooled,0.24900648088477395
90280015402,10095241,HYPOTH,male,4w,1,k20,pooled,0.22920606635321716
90283015402,10139044,HYPOTH,male,4w,1,k20,pooled,0.21396544575672105
90410015402,10335064,HYPOTH,female,4w,1,k20,pooled,0.24517512035840694
90412015402,10337199,HYPOTH,female,4w,1,k20,pooled,0.21851079316154542
90416015402,10381414,HYPOTH,female,4w,1,k20,pooled,0.23160488763430276
90420015402,10411690,HYPOTH,female,4w,1,k20,pooled,0.21739970283439403
90421015402,10417702,HYPOTH,male,1w,1,k20,pooled,0.21787076563510044
90426015402,10503110,HYPOTH,male,1w,1,k20,pooled,0.2320657034223137
90430015402,10561072,HYPOTH,male,1w,1,k20,pooled,0.22536900889056277
90439015402,10486003,HYPOTH,male,2w,1,k20,pooled,0.22358447938115622
90441015402,10502300,HYPOTH,male,2w,1,k20,pooled,0.2585514479559917
90444015402,10587543,HYPOTH,male,2w,1,k20,pooled,0.22146118432338657
90571015402,10953744,HYPOTH,female,1w,1,k20,pooled,0.25299827527257557
90581015402,10761160,HYPOTH,female,2w,1,k20,pooled,0.23232498123889822
90585015402,10871349,HYPOTH,female,2w,1,k20,pooled,0.2460100445627339
90217015902,10023259,KIDNEY,male,control,1,k20,pooled,0.12325443225499588
90223015902,10025707,KIDNEY,male,8w,1,k20,pooled,0.13008345061838633
90239015902,10027599,KIDNEY,male,control,1,k20,pooled,0.1242885061294069
90245015902,10043527,KIDNEY,female,control,1,k20,pooled,0.11559194491964886
90248015902,10043950,KIDNEY,female,control,1,k20,pooled,0.1247331830363011
90266015902,10046380,KIDNEY,female,control,1,k20,pooled,0.12249149572410967
90267015902,10046461,KIDNEY,female,8w,1,k20,pooled,0.11686745742546889
90280015902,10095241,KIDNEY,male,4w,1,k20,pooled,0.12112335705239086
90283015902,10139044,KIDNEY,male,4w,1,k20,pooled,0.12908946136374766
90410015902,10335064,KIDNEY,female,4w,1,k20,pooled,0.1307591182469282
90412015902,10337199,KIDNEY,female,4w,1,k20,pooled,0.11894442948234674
90416015902,10381414,KIDNEY,female,4w,1,k20,pooled,0.11718606656444763
90420015902,10411690,KIDNEY,female,4w,1,k20,pooled,0.11775841859952307
90421015902,10417702,KIDNEY,male,1w,1,k20,pooled,0.12006816747006699
90426015902,10503110,KIDNEY,male,1w,1,k20,pooled,0.1245266521098145
90430015902,10561072,KIDNEY,male,1w,1,k20,pooled,0.1357889703321582
90439015902,10486003,KIDNEY,male,2w,1,k20,pooled,0.11834002241333652
90441015902,10502300,KIDNEY,male,2w,1,k20,pooled,0.13388113141882496
90444015902,10587543,KIDNEY,male,2w,1,k20,pooled,0.13791735711816655
90571015902,10953744,KIDNEY,female,1w,1,k20,pooled,0.12232436291294058
90581015902,10761160,KIDNEY,female,2w,1,k20,pooled,0.11516697316657343
90585015902,10871349,KIDNEY,female,2w,1,k20,pooled,0.12835531952363222
90217016803,10023259,LIVER,male,control,1,k20,pooled,0.11000218876342926
90223016803,10025707,LIVER,male,8w,1,k20,pooled,0.10448451209782927
90239016803,10027599,LIVER,male,control,1,k20,pooled,0.13678960358853232
90245016803,10043527,LIVER,female,control,1,k20,pooled,0.12206802392195182
90248016803,10043950,LIVER,female,control,1,k20,pooled,0.13290372021632646
90266016803,10046380,LIVER,female,control,1,k20,pooled,0.13182027827213927
90267016803,10046461,LIVER,female,8w,1,k20,pooled,0.13725373208453906
90280016803,10095241,LIVER,male,4w,1,k20,pooled,0.1167139294460442
90283016803,10139044,LIVER,male,4w,1,k20,pooled,0.10954154092132207
90410016803,10335064,LIVER,female,4w,1,k20,pooled,0.1330393029995549
90412016803,10337199,LIVER,female,4w,1,k20,pooled,0.13036651390024434
90416016803,10381414,LIVER,female,4w,1,k20,pooled,0.1407346951782391
90420016803,10411690,LIVER,female,4w,1,k20,pooled,0.12977454690013812
90421016803,10417702,LIVER,male,1w,1,k20,pooled,0.12294192243099289
90426016803,10503110,LIVER,male,1w,1,k20,pooled,0.12266724373768345
90430016803,10561072,LIVER,male,1w,1,k20,pooled,0.10603443606948382
90439016803,10486003,LIVER,male,2w,1,k20,pooled,0.12204071255319882
90441016803,10502300,LIVER,male,2w,1,k20,pooled,0.12034975417673166
90444016803,10587543,LIVER,male,2w,1,k20,pooled,0.12419617895439328
90571016803,10953744,LIVER,female,1w,1,k20,pooled,0.13729431024067174
90581016803,10761160,LIVER,female,2w,1,k20,pooled,0.13603970360249107
90585016803,10871349,LIVER,female,2w,1,k20,pooled,0.12122820257133582
90266016603,10046380,LUNG,female,control,1,k20,pooled,0.12900644050724108
90410016603,10335064,LUNG,female,4w,1,k20,pooled,0.1285597275619692
90239016603,10027599,LUNG,male,control,1,k20,pooled,0.12229594739481153
90444016603,10587543,LUNG,male,2w,1,k20,pooled,0.12480095992521711
90412016603,10337199,LUNG,female,4w,1,k20,pooled,0.1246980830828256
90426016603,10503110,LUNG,male,1w,1,k20,pooled,0.1266110716590123
90439016603,10486003,LUNG,male,2w,1,k20,pooled,0.12412747500825672
90416016603,10381414,LUNG,female,4w,1,k20,pooled,0.12379039492402732
90280016603,10095241,LUNG,male,4w,1,k20,pooled,0.12897083305533397
90267016603,10046461,LUNG,female,8w,1,k20,pooled,0.1292884948923383
90223016603,10025707,LUNG,male,8w,1,k20,pooled,0.12280137562738336
90581016603,10761160,LUNG,female,2w,1,k20,pooled,0.12433790560074476
90430016603,10561072,LUNG,male,1w,1,k20,pooled,0.1267482490812446
90420016603,10411690,LUNG,female,4w,1,k20,pooled,0.13965213982832692
90421016603,10417702,LUNG,male,1w,1,k20,pooled,0.12699495677095318
90571016603,10953744,LUNG,female,1w,1,k20,pooled,0.12939948658367928
90248016603,10043950,LUNG,female,control,1,k20,pooled,0.15773098720757284
90283016603,10139044,LUNG,male,4w,1,k20,pooled,0.12720093262279142
90441016603,10502300,LUNG,male,2w,1,k20,pooled,0.132415782029511
90245016603,10043527,LUNG,female,control,1,k20,pooled,0.12990535580002194
90585016603,10871349,LUNG,female,2w,1,k20,pooled,0.12400563017734234
90217016603,10023259,LUNG,male,control,1,k20,pooled,0.1289908553075766
90266016402,10046380,OVARY,female,control,1,k20,pooled,0.1263130927927698
90248016402,10043950,OVARY,female,control,1,k20,pooled,0.15958465557214296
90581016402,10761160,OVARY,female,2w,1,k20,pooled,0.14742454455864817
90585016402,10871349,OVARY,female,2w,1,k20,pooled,0.17291314419199566
90571016402,10953744,OVARY,female,1w,1,k20,pooled,0.20115696322521293
90267016402,10046461,OVARY,female,8w,1,k20,pooled,0.1458838882874558
90416016402,10381414,OVARY,female,4w,1,k20,pooled,0.11620676009389008
90420016402,10411690,OVARY,female,4w,1,k20,pooled,0.11814609845681934
90245016402,10043527,OVARY,female,control,1,k20,pooled,0.1283335148203163
90412016402,10337199,OVARY,female,4w,1,k20,pooled,0.14717091180110753
90581015512,10761160,SKM-GN,female,2w,1,k20,pooled,0.4534664683939861
90283015512,10139044,SKM-GN,male,4w,1,k20,pooled,0.37687662831834134
90239015512,10027599,SKM-GN,male,control,1,k20,pooled,0.45787541776111707
90248015512,10043950,SKM-GN,female,control,1,k20,pooled,0.4077686501011397
90245015512,10043527,SKM-GN,female,control,1,k20,pooled,0.4014717877153152
90217015512,10023259,SKM-GN,male,control,1,k20,pooled,0.3987414976678685
90267015512,10046461,SKM-GN,female,8w,1,k20,pooled,0.5046576420560307
90420015512,10411690,SKM-GN,female,4w,1,k20,pooled,0.4273093335613367
90421015512,10417702,SKM-GN,male,1w,1,k20,pooled,0.45767218586998626
90585015512,10871349,SKM-GN,female,2w,1,k20,pooled,0.4289473527295701
90412015512,10337199,SKM-GN,female,4w,1,k20,pooled,0.4195280315715729
90430015512,10561072,SKM-GN,male,1w,1,k20,pooled,0.3827232522000825
90410015512,10335064,SKM-GN,female,4w,1,k20,pooled,0.44938120118887703
90426015512,10503110,SKM-GN,male,1w,1,k20,pooled,0.39421812953568436
90439015512,10486003,SKM-GN,male,2w,1,k20,pooled,0.45377180743505574
90416015512,10381414,SKM-GN,female,4w,1,k20,pooled,0.4375351974992947
90441015512,10502300,SKM-GN,male,2w,1,k20,pooled,0.5019055950912534
90444015512,10587543,SKM-GN,male,2w,1,k20,pooled,0.4661120795367576
90571015512,10953744,SKM-GN,female,1w,1,k20,pooled,0.5262165656218014
90223015512,10025707,SKM-GN,male,8w,1,k20,pooled,0.4295148201617771
90280015512,10095241,SKM-GN,male,4w,1,k20,pooled,0.47731902436337037
90266015512,10046380,SKM-GN,female,control,1,k20,pooled,0.3787825962609127
90217015603,10023259,SKM-VL,male,control,1,k20,pooled,0.34110370543069934
90223015603,10025707,SKM-VL,male,8w,1,k20,pooled,0.610493631105349
90239015603,10027599,SKM-VL,male,control,1,k20,pooled,0.5800483650674169
90245015603,10043527,SKM-VL,female,control,1,k20,pooled,0.38702911591454214
90248015603,10043950,SKM-VL,female,control,1,k20,pooled,0.536391427110315
90266015603,10046380,SKM-VL,female,control,1,k20,pooled,0.47598681260193254
90267015603,10046461,SKM-VL,female,8w,1,k20,pooled,0.5804253011721671
90280015603,10095241,SKM-VL,male,4w,1,k20,pooled,0.6008303025202028
90283015603,10139044,SKM-VL,male,4w,1,k20,pooled,0.3776661000502881
90410015603,10335064,SKM-VL,female,4w,1,k20,pooled,0.5656725243654486
90412015603,10337199,SKM-VL,female,4w,1,k20,pooled,0.5587627246576727
90416015603,10381414,SKM-VL,female,4w,1,k20,pooled,0.45294683960895143
90420015603,10411690,SKM-VL,female,4w,1,k20,pooled,0.5435283534401778
90421015603,10417702,SKM-VL,male,1w,1,k20,pooled,0.5135173407273386
90426015603,10503110,SKM-VL,male,1w,1,k20,pooled,0.3500018876974438
90430015603,10561072,SKM-VL,male,1w,1,k20,pooled,0.44270494883549283
90439015603,10486003,SKM-VL,male,2w,1,k20,pooled,0.41761430991986137
90441015603,10502300,SKM-VL,male,2w,1,k20,pooled,0.41083605404092916
90444015603,10587543,SKM-VL,male,2w,1,k20,pooled,0.36828583325493813
90571015603,10953744,SKM-VL,female,1w,1,k20,pooled,0.5157516656482828
90581015603,10761160,SKM-VL,female,2w,1,k20,pooled,0.5678886016051041
90585015603,10871349,SKM-VL,female,2w,1,k20,pooled,0.57418724500486
90416016702,10381414,SMLINT,female,4w,1,k20,pooled,0.12518772624683738
90444016702,10587543,SMLINT,male,2w,1,k20,pooled,0.11385936722777368
90239016702,10027599,SMLINT,male,control,1,k20,pooled,0.12355421089459484
90581016702,10761160,SMLINT,female,2w,1,k20,pooled,0.0999165325904352
90421016702,10417702,SMLINT,male,1w,1,k20,pooled,0.11745153726746482
90439016702,10486003,SMLINT,male,2w,1,k20,pooled,0.13090488370880926
90245016702,10043527,SMLINT,female,control,1,k20,pooled,0.1264433227780538
90571016702,10953744,SMLINT,female,1w,1,k20,pooled,0.08235539883377596
90267016702,10046461,SMLINT,female,8w,1,k20,pooled,0.11672111994315393
90426016702,10503110,SMLINT,male,1w,1,k20,pooled,0.12482953552526477
90223016702,10025707,SMLINT,male,8w,1,k20,pooled,0.10549535869005622
90441016702,10502300,SMLINT,male,2w,1,k20,pooled,0.11219679558618623
90248016702,10043950,SMLINT,female,control,1,k20,pooled,0.12652569374044786
90410016702,10335064,SMLINT,female,4w,1,k20,pooled,0.1328223032121849
90420016702,10411690,SMLINT,female,4w,1,k20,pooled,0.12374623745881996
90217016702,10023259,SMLINT,male,control,1,k20,pooled,0.11842740815023589
90266016702,10046380,SMLINT,female,control,1,k20,pooled,0.12980205444528803
90412016702,10337199,SMLINT,female,4w,1,k20,pooled,0.1397642661721381
90283016702,10139044,SMLINT,male,4w,1,k20,pooled,0.12356646759839984
90430016702,10561072,SMLINT,male,1w,1,k20,pooled,0.11604731139177271
90280016702,10095241,SMLINT,male,4w,1,k20,pooled,0.13215018217135255
90585016702,10871349,SMLINT,female,2w,1,k20,pooled,0.11562779753275931
90217016202,10023259,SPLEEN,male,control,1,k20,pooled,0.1312474471117544
90223016202,10025707,SPLEEN,male,8w,1,k20,pooled,0.15381815890887585
90239016202,10027599,SPLEEN,male,control,1,k20,pooled,0.13915108540481347
90245016202,10043527,SPLEEN,female,control,1,k20,pooled,0.14493292047045125
90248016202,10043950,SPLEEN,female,control,1,k20,pooled,0.16052706408786732
90266016202,10046380,SPLEEN,female,control,1,k20,pooled,0.1651779975954527
90267016202,10046461,SPLEEN,female,8w,1,k20,pooled,0.14041329150600024
90280016202,10095241,SPLEEN,male,4w,1,k20,pooled,0.14040258263628236
90283016202,10139044,SPLEEN,male,4w,1,k20,pooled,0.13974177960439693
90410016202,10335064,SPLEEN,female,4w,1,k20,pooled,0.13514533454052646
90412016202,10337199,SPLEEN,female,4w,1,k20,pooled,0.13878527315480738
90416016202,10381414,SPLEEN,female,4w,1,k20,pooled,0.12347884979367862
90420016202,10411690,SPLEEN,female,4w,1,k20,pooled,0.13827655633791547
90421016202,10417702,SPLEEN,male,1w,1,k20,pooled,0.12338984595309765
90426016202,10503110,SPLEEN,male,1w,1,k20,pooled,0.1293488600939341
90430016202,10561072,SPLEEN,male,1w,1,k20,pooled,0.14726467078402727
90439016202,10486003,SPLEEN,male,2w,1,k20,pooled,0.13990109568221287
90441016202,10502300,SPLEEN,male,2w,1,k20,pooled,0.13702849033881492
90444016202,10587543,SPLEEN,male,2w,1,k20,pooled,0.18012940689542678
90571016202,10953744,SPLEEN,female,1w,1,k20,pooled,0.15693955245155589
90581016202,10761160,SPLEEN,female,2w,1,k20,pooled,0.1422810269254431
90585016202,10871349,SPLEEN,female,2w,1,k20,pooled,0.1307908992910195
90280016302,10095241,TESTES,male,4w,1,k20,pooled,0.14713445276345172
90239016302,10027599,TESTES,male,control,1,k20,pooled,0.1436637616097043
90283016302,10139044,TESTES,male,4w,1,k20,pooled,0.14622165497035255
90441016302,10502300,TESTES,male,2w,1,k20,pooled,0.1498007968200895
90430016302,10561072,TESTES,male,1w,1,k20,pooled,0.14710058876899978
90439016302,10486003,TESTES,male,2w,1,k20,pooled,0.15229841067091499
90223016302,10025707,TESTES,male,8w,1,k20,pooled,0.14515500743717769
90421016302,10417702,TESTES,male,1w,1,k20,pooled,0.14633040386440743
90444016302,10587543,TESTES,male,2w,1,k20,pooled,0.1509875526079696
90217016302,10023259,TESTES,male,control,1,k20,pooled,0.14375635007482002
90426016302,10503110,TESTES,male,1w,1,k20,pooled,0.14901697190816376
90421016502,10417702,VENACV,male,1w,1,k20,pooled,0.4660908422366059
90439016502,10486003,VENACV,male,2w,1,k20,pooled,0.3413426244899601
90441016502,10502300,VENACV,male,2w,1,k20,pooled,0.24587630645793734
90266016502,10046380,VENACV,female,control,1,k20,pooled,0.24362755792831792
90430016502,10561072,VENACV,male,1w,1,k20,pooled,0.3083208545614309
90426016502,10503110,VENACV,male,1w,1,k20,pooled,0.6528404245854381
90416016502,10381414,VENACV,female,4w,1,k20,pooled,0.822722375327203
90267016502,10046461,VENACV,female,8w,1,k20,pooled,0.5791722025433373
90217016502,10023259,VENACV,male,control,1,k20,pooled,0.5567846648723326
90245016502,10043527,VENACV,female,control,1,k20,pooled,0.4771651447125067
90444016502,10587543,VENACV,male,2w,1,k20,pooled,0.28916001152543047
90283016502,10139044,VENACV,male,4w,1,k20,pooled,0.499678026573559
90280016502,10095241,VENACV,male,4w,1,k20,pooled,0.4190925764595105
90239016502,10027599,VENACV,male,control,1,k20,pooled,0.3443651868288031
90581016502,10761160,VENACV,female,2w,1,k20,pooled,0.7000450399573008
90248016502,10043950,VENACV,female,control,1,k20,pooled,0.32680906530763554
90420016502,10411690,VENACV,female,4w,1,k20,pooled,0.7449911915860283
90412016502,10337199,VENACV,female,4w,1,k20,pooled,0.2866120190175566
90585016502,10871349,VENACV,female,2w,1,k20,pooled,0.708902736329283
90223016502,10025707,VENACV,male,8w,1,k20,pooled,0.3917702975830446
90571016502,10953744,VENACV,female,1w,1,k20,pooled,0.721256817411237
90410016502,10335064,VENACV,female,4w,1,k20,pooled,0.4196847997170925
90217017005,10023259,WAT-SC,male,control,1,k20,pooled,0.14645652107312146
90223017005,10025707,WAT-SC,male,8w,1,k20,pooled,0.12915022158218992
90239017005,10027599,WAT-SC,male,control,1,k20,pooled,0.31631552697389953
90245017005,10043527,WAT-SC,female,control,1,k20,pooled,0.1375616147197588
90248017005,10043950,WAT-SC,female,control,1,k20,pooled,0.15500799410004706
90266017005,10046380,WAT-SC,female,control,1,k20,pooled,0.2218492447888596
90267017005,10046461,WAT-SC,female,8w,1,k20,pooled,0.118244818250831
90280017005,10095241,WAT-SC,male,4w,1,k20,pooled,0.14754759024202047
90283017005,10139044,WAT-SC,male,4w,1,k20,pooled,0.12914181670667557
90410017005,10335064,WAT-SC,female,4w,1,k20,pooled,0.14050556312451756
90412017005,10337199,WAT-SC,female,4w,1,k20,pooled,0.15910750198817014
90416017005,10381414,WAT-SC,female,4w,1,k20,pooled,0.1397708610767373
90420017005,10411690,WAT-SC,female,4w,1,k20,pooled,0.30678631538881884
90421017005,10417702,WAT-SC,male,1w,1,k20,pooled,0.15236812415845224
90426017005,10503110,WAT-SC,male,1w,1,k20,pooled,0.18287063978871076
90430017005,10561072,WAT-SC,male,1w,1,k20,pooled,0.23786112225425649
90439017005,10486003,WAT-SC,male,2w,1,k20,pooled,0.13932156808211427
90441017005,10502300,WAT-SC,male,2w,1,k20,pooled,0.14010911587079888
90444017005,10587543,WAT-SC,male,2w,1,k20,pooled,0.15629432449274538
90571017005,10953744,WAT-SC,female,1w,1,k20,pooled,0.12726515734257426
90581017005,10761160,WAT-SC,female,2w,1,k20,pooled,0.1229754675905963
90585017005,10871349,WAT-SC,female,2w,1,k20,pooled,0.14785645104529643
90412016002,10337199,ADRNL,female,4w,1,k20,one_per_animal,0.11734697427924945
90426016002,10503110,ADRNL,male,1w,1,k20,one_per_animal,0.2586692484405626
90248013001,10043950,BLOOD,female,control,1,k20,one_per_animal,0.14090588829789963
90581016102,10761160,COLON,female,2w,1,k20,one_per_animal,0.11853322335529282
90410015302,10335064,CORTEX,female,4w,1,k20,one_per_animal,0.2686837978610779
90421015302,10417702,CORTEX,male,1w,1,k20,one_per_animal,0.2621175351186149
90571015302,10953744,CORTEX,female,1w,1,k20,one_per_animal,0.2793465744361252
90585015803,10871349,HEART,female,2w,1,k20,one_per_animal,0.26652693289312723
90245015803,10043527,HEART,female,control,1,k20,one_per_animal,0.25014262655104436
90416015402,10381414,HYPOTH,female,4w,1,k20,one_per_animal,0.23160488763430276
90439015402,10486003,HYPOTH,male,2w,1,k20,one_per_animal,0.22358447938115622
90444015402,10587543,HYPOTH,male,2w,1,k20,one_per_animal,0.22146118432338657
90239015902,10027599,KIDNEY,male,control,1,k20,one_per_animal,0.1242885061294069
90266015902,10046380,KIDNEY,female,control,1,k20,one_per_animal,0.12249149572410967
90420015902,10411690,KIDNEY,female,4w,1,k20,one_per_animal,0.11775841859952307
90267015512,10046461,SKM-GN,female,8w,1,k20,one_per_animal,0.5046576420560307
90280016702,10095241,SMLINT,male,4w,1,k20,one_per_animal,0.13215018217135255
90430016202,10561072,SPLEEN,male,1w,1,k20,one_per_animal,0.14726467078402727
90441016502,10502300,VENACV,male,2w,1,k20,one_per_animal,0.24587630645793734
90217016502,10023259,VENACV,male,control,1,k20,one_per_animal,0.5567846648723326
90283016502,10139044,VENACV,male,4w,1,k20,one_per_animal,0.499678026573559
90223017005,10025707,WAT-SC,male,8w,1,k20,one_per_animal,0.12915022158218992
90416016002,10381414,ADRNL,female,4w,1,k50,pooled,0.040714249174515826
90441016002,10502300,ADRNL,male,2w,1,k50,pooled,0.06383845088717066
90571016002,10953744,ADRNL,female,1w,1,k50,pooled,0.9930504735968609
90444016002,10587543,ADRNL,male,2w,1,k50,pooled,0.07388271135621916
90248016002,10043950,ADRNL,female,control,1,k50,pooled,0.0490725003134268
90420016002,10411690,ADRNL,female,4w,1,k50,pooled,0.04067263982433178
90217016002,10023259,ADRNL,male,control,1,k50,pooled,0.04613856271231742
90266016002,10046380,ADRNL,female,control,1,k50,pooled,0.26289952652370585
90412016002,10337199,ADRNL,female,4w,1,k50,pooled,0.07739283032332578
90439016002,10486003,ADRNL,male,2w,1,k50,pooled,0.04087027831509993
90239016002,10027599,ADRNL,male,control,1,k50,pooled,0.038468728852100065
90581016002,10761160,ADRNL,female,2w,1,k50,pooled,0.06263412074071295
90245016002,10043527,ADRNL,female,control,1,k50,pooled,0.05129436736031101
90283016002,10139044,ADRNL,male,4w,1,k50,pooled,0.05649798334552303
90430016002,10561072,ADRNL,male,1w,1,k50,pooled,0.0893326081433008
90223016002,10025707,ADRNL,male,8w,1,k50,pooled,0.06043050147208817
90585016002,10871349,ADRNL,female,2w,1,k50,pooled,0.05244870725181472
90267016002,10046461,ADRNL,female,8w,1,k50,pooled,0.051089651080676535
90421016002,10417702,ADRNL,male,1w,1,k50,pooled,0.040295141714209226
90410016002,10335064,ADRNL,female,4w,1,k50,pooled,0.04188277050990652
90280016002,10095241,ADRNL,male,4w,1,k50,pooled,0.05086097669832701
90426016002,10503110,ADRNL,male,1w,1,k50,pooled,0.24174406420515315
90217016902,10023259,BAT,male,control,1,k50,pooled,0.3871066440505736
90223016902,10025707,BAT,male,8w,1,k50,pooled,0.45623829488472845
90239016902,10027599,BAT,male,control,1,k50,pooled,0.2151648313671286
90245016902,10043527,BAT,female,control,1,k50,pooled,0.23504670942223793
90248016902,10043950,BAT,female,control,1,k50,pooled,0.3265762033190257
90266016902,10046380,BAT,female,control,1,k50,pooled,0.4522908900284627
90267016902,10046461,BAT,female,8w,1,k50,pooled,0.26751256813676827
90280016902,10095241,BAT,male,4w,1,k50,pooled,0.28887348856350514
90283016902,10139044,BAT,male,4w,1,k50,pooled,0.24137932693062736
90410016902,10335064,BAT,female,4w,1,k50,pooled,0.2622995832976205
90412016902,10337199,BAT,female,4w,1,k50,pooled,0.2294184893888449
90416016902,10381414,BAT,female,4w,1,k50,pooled,0.20790520022896464
90420016902,10411690,BAT,female,4w,1,k50,pooled,0.20955922298100094
90421016902,10417702,BAT,male,1w,1,k50,pooled,0.32341423154303983
90426016902,10503110,BAT,male,1w,1,k50,pooled,0.21148884147854796
90430016902,10561072,BAT,male,1w,1,k50,pooled,0.19502001677812575
90439016902,10486003,BAT,male,2w,1,k50,pooled,0.335509730152433
90441016902,10502300,BAT,male,2w,1,k50,pooled,0.24317227415474818
90444016902,10587543,BAT,male,2w,1,k50,pooled,0.2196217178570039
90571016902,10953744,BAT,female,1w,1,k50,pooled,0.1916838686455289
90581016902,10761160,BAT,female,2w,1,k50,pooled,0.17403409396008995
90585016902,10871349,BAT,female,2w,1,k50,pooled,0.17455976766932946
90585013001,10871349,BLOOD,female,2w,1,k50,pooled,0.06818236919289178
90581013001,10761160,BLOOD,female,2w,1,k50,pooled,0.0612788801431865
90571013001,10953744,BLOOD,female,1w,1,k50,pooled,0.07454987002733204
90439013001,10486003,BLOOD,male,2w,1,k50,pooled,0.07459382603320386
90416013001,10381414,BLOOD,female,4w,1,k50,pooled,0.06287092921875892
90280013001,10095241,BLOOD,male,4w,1,k50,pooled,0.05190782836486829
90283013001,10139044,BLOOD,male,4w,1,k50,pooled,0.07184759424518183
90441013002,10502300,BLOOD,male,2w,1,k50,pooled,0.06869654599932296
90420013001,10411690,BLOOD,female,4w,1,k50,pooled,0.07735478740630486
90412013001,10337199,BLOOD,female,4w,1,k50,pooled,0.0659005952166043
90410013001,10335064,BLOOD,female,4w,1,k50,pooled,0.0615923433673875
90430013001,10561072,BLOOD,male,1w,1,k50,pooled,0.07260650121682866
90421013002,10417702,BLOOD,male,1w,1,k50,pooled,0.06456734366912087
90444013001,10587543,BLOOD,male,2w,1,k50,pooled,0.08029864850047641
90426013001,10503110,BLOOD,male,1w,1,k50,pooled,0.06181258059607475
90245013002,10043527,BLOOD,female,control,1,k50,pooled,0.04634591490854223
90267013002,10046461,BLOOD,female,8w,1,k50,pooled,0.06177067252950008
90248013001,10043950,BLOOD,female,control,1,k50,pooled,0.05441162150388912
90239013002,10027599,BLOOD,male,control,1,k50,pooled,0.06852108708834137
90266013002,10046380,BLOOD,female,control,1,k50,pooled,0.062323351146954864
90223013002,10025707,BLOOD,male,8w,1,k50,pooled,0.05217099253211044
90217013001,10023259,BLOOD,male,control,1,k50,pooled,0.05903181508959365
90439016102,10486003,COLON,male,2w,1,k50,pooled,0.05549114938818567
90430016102,10561072,COLON,male,1w,1,k50,pooled,0.049752100597280524
90571016102,10953744,COLON,female,1w,1,k50,pooled,0.056063885159482796
90283016102,10139044,COLON,male,4w,1,k50,pooled,0.05513515265918978
90416016102,10381414,COLON,female,4w,1,k50,pooled,0.05401542944053839
90585016102,10871349,COLON,female,2w,1,k50,pooled,0.05496273777857619
90248016102,10043950,COLON,female,control,1,k50,pooled,0.07110443367224561
90267016102,10046461,COLON,female,8w,1,k50,pooled,0.05311507507316382
90410016102,10335064,COLON,female,4w,1,k50,pooled,0.05318523741346415
90444016102,10587543,COLON,male,2w,1,k50,pooled,0.06143601220213757
90280016102,10095241,COLON,male,4w,1,k50,pooled,0.05094215825793591
90217016102,10023259,COLON,male,control,1,k50,pooled,0.05090710687642297
90223016102,10025707,COLON,male,8w,1,k50,pooled,0.04821465091700283
90420016102,10411690,COLON,female,4w,1,k50,pooled,0.04958754505440921
90421016102,10417702,COLON,male,1w,1,k50,pooled,0.048676303353461736
90412016102,10337199,COLON,female,4w,1,k50,pooled,0.06253156692519457
90239016102,10027599,COLON,male,control,1,k50,pooled,0.052416429817147336
90245016102,10043527,COLON,female,control,1,k50,pooled,0.05539186478627067
90266016102,10046380,COLON,female,control,1,k50,pooled,0.05086412370251003
90581016102,10761160,COLON,female,2w,1,k50,pooled,0.053746463578632886
90426016102,10503110,COLON,male,1w,1,k50,pooled,0.05034019386082522
90441016102,10502300,COLON,male,2w,1,k50,pooled,0.05194446993924229
90217015302,10023259,CORTEX,male,control,1,k50,pooled,0.1616001355123483
90223015302,10025707,CORTEX,male,8w,1,k50,pooled,0.1955971613151155
90239015302,10027599,CORTEX,male,control,1,k50,pooled,0.15756947415174605
90245015302,10043527,CORTEX,female,control,1,k50,pooled,0.10235157273481066
90248015302,10043950,CORTEX,female,control,1,k50,pooled,0.15554125976871314
90266015302,10046380,CORTEX,female,control,1,k50,pooled,0.10733318598339847
90267015302,10046461,CORTEX,female,8w,1,k50,pooled,0.11537017882614631
90280015302,10095241,CORTEX,male,4w,1,k50,pooled,0.07890585226598956
90283015302,10139044,CORTEX,male,4w,1,k50,pooled,0.14175986106471616
90410015302,10335064,CORTEX,female,4w,1,k50,pooled,0.1217573138949285
90412015302,10337199,CORTEX,female,4w,1,k50,pooled,0.17776491973270636
90416015302,10381414,CORTEX,female,4w,1,k50,pooled,0.1466519755696576
90420015302,10411690,CORTEX,female,4w,1,k50,pooled,0.13952377786410985
90421015302,10417702,CORTEX,male,1w,1,k50,pooled,0.09690585868252344
90426015302,10503110,CORTEX,male,1w,1,k50,pooled,0.12840902130437837
90430015302,10561072,CORTEX,male,1w,1,k50,pooled,0.148959695654737
90439015302,10486003,CORTEX,male,2w,1,k50,pooled,0.15941551112105234
90441015302,10502300,CORTEX,male,2w,1,k50,pooled,0.14099090636139
90444015302,10587543,CORTEX,male,2w,1,k50,pooled,0.15947172786307307
90571015302,10953744,CORTEX,female,1w,1,k50,pooled,0.10582723720494958
90581015302,10761160,CORTEX,female,2w,1,k50,pooled,0.18262143376631024
90585015302,10871349,CORTEX,female,2w,1,k50,pooled,0.1331132195898641
90412015803,10337199,HEART,female,4w,1,k50,pooled,0.09466576398383342
90248015803,10043950,HEART,female,control,1,k50,pooled,0.09511641889547073
90430015803,10561072,HEART,male,1w,1,k50,pooled,0.10961276724685609
90420015803,10411690,HEART,female,4w,1,k50,pooled,0.0924963690687366
90426015803,10503110,HEART,male,1w,1,k50,pooled,0.10666523528747651
90410015803,10335064,HEART,female,4w,1,k50,pooled,0.08899223629745978
90266015803,10046380,HEART,female,control,1,k50,pooled,0.08933334069650001
90239015803,10027599,HEART,male,control,1,k50,pooled,0.1108243602575254
90585015803,10871349,HEART,female,2w,1,k50,pooled,0.0913545623567793
90217015803,10023259,HEART,male,control,1,k50,pooled,0.09973131687363779
90245015803,10043527,HEART,female,control,1,k50,pooled,0.0972093308916886
90571015803,10953744,HEART,female,1w,1,k50,pooled,0.09956446181831358
90439015803,10486003,HEART,male,2w,1,k50,pooled,0.11136150207547502
90581015803,10761160,HEART,female,2w,1,k50,pooled,0.09466648678031941
90416015803,10381414,HEART,female,4w,1,k50,pooled,0.09958769376201027
90441015803,10502300,HEART,male,2w,1,k50,pooled,0.11400087382230739
90283015803,10139044,HEART,male,4w,1,k50,pooled,0.10789096491583539
90421015803,10417702,HEART,male,1w,1,k50,pooled,0.09941377988553313
90280015803,10095241,HEART,male,4w,1,k50,pooled,0.10534077837631739
90223015803,10025707,HEART,male,8w,1,k50,pooled,0.10137314525127783
90267015803,10046461,HEART,female,8w,1,k50,pooled,0.0984557330819168
90444015803,10587543,HEART,male,2w,1,k50,pooled,0.10232822732689995
90217015202,10023259,HIPPOC,male,control,1,k50,pooled,0.2220960772452547
90223015202,10025707,HIPPOC,male,8w,1,k50,pooled,0.1689161623268256
90239015202,10027599,HIPPOC,male,control,1,k50,pooled,0.157499519746907
90245015202,10043527,HIPPOC,female,control,1,k50,pooled,0.14656804840898752
90248015202,10043950,HIPPOC,female,control,1,k50,pooled,0.1760857831692697
90266015202,10046380,HIPPOC,female,control,1,k50,pooled,0.15884127900131395
90267015202,10046461,HIPPOC,female,8w,1,k50,pooled,0.224707539480816
90280015202,10095241,HIPPOC,male,4w,1,k50,pooled,0.22938561507933586
90283015202,10139044,HIPPOC,male,4w,1,k50,pooled,0.1805058641011862
90410015202,10335064,HIPPOC,female,4w,1,k50,pooled,0.23973227848970435
90412015202,10337199,HIPPOC,female,4w,1,k50,pooled,0.15475867273573218
90416015202,10381414,HIPPOC,female,4w,1,k50,pooled,0.17902147099444465
90420015202,10411690,HIPPOC,female,4w,1,k50,pooled,0.19404662614787138
90421015202,10417702,HIPPOC,male,1w,1,k50,pooled,0.12033648091556703
90426015202,10503110,HIPPOC,male,1w,1,k50,pooled,0.16990070817509673
90430015202,10561072,HIPPOC,male,1w,1,k50,pooled,0.12640257659890308
90439015202,10486003,HIPPOC,male,2w,1,k50,pooled,0.1672343807867065
90441015202,10502300,HIPPOC,male,2w,1,k50,pooled,0.16570787145390475
90444015202,10587543,HIPPOC,male,2w,1,k50,pooled,0.16651480185168022
90571015202,10953744,HIPPOC,female,1w,1,k50,pooled,0.1370023299959473
90581015202,10761160,HIPPOC,female,2w,1,k50,pooled,0.14527828910298535
90585015202,10871349,HIPPOC,female,2w,1,k50,pooled,0.14683545924541663
90217015402,10023259,HYPOTH,male,control,1,k50,pooled,0.12641981281208936
90223015402,10025707,HYPOTH,male,8w,1,k50,pooled,0.10908764478233435
90239015402,10027599,HYPOTH,male,control,1,k50,pooled,0.1314076089812617
90245015402,10043527,HYPOTH,female,control,1,k50,pooled,0.11181330390346278
90248015402,10043950,HYPOTH,female,control,1,k50,pooled,0.13085091980985109
90266015402,10046380,HYPOTH,female,control,1,k50,pooled,0.12182304071218042
90267015402,10046461,HYPOTH,female,8w,1,k50,pooled,0.14000744377415342
90280015402,10095241,HYPOTH,male,4w,1,k50,pooled,0.12069106211898228
90283015402,10139044,HYPOTH,male,4w,1,k50,pooled,0.10954497843610045
90410015402,10335064,HYPOTH,female,4w,1,k50,pooled,0.14112464071534658
90412015402,10337199,HYPOTH,female,4w,1,k50,pooled,0.1091334026312647
90416015402,10381414,HYPOTH,female,4w,1,k50,pooled,0.11691404287901452
90420015402,10411690,HYPOTH,female,4w,1,k50,pooled,0.11132252716434876
90421015402,10417702,HYPOTH,male,1w,1,k50,pooled,0.11976673617751521
90426015402,10503110,HYPOTH,male,1w,1,k50,pooled,0.1121824971062858
90430015402,10561072,HYPOTH,male,1w,1,k50,pooled,0.12159021547898108
90439015402,10486003,HYPOTH,male,2w,1,k50,pooled,0.11516327764475798
90441015402,10502300,HYPOTH,male,2w,1,k50,pooled,0.14398723169374683
90444015402,10587543,HYPOTH,male,2w,1,k50,pooled,0.10544243921444507
90571015402,10953744,HYPOTH,female,1w,1,k50,pooled,0.11580152973796065
90581015402,10761160,HYPOTH,female,2w,1,k50,pooled,0.10592308010506402
90585015402,10871349,HYPOTH,female,2w,1,k50,pooled,0.11339082400557932
90217015902,10023259,KIDNEY,male,control,1,k50,pooled,0.048631184945243655
90223015902,10025707,KIDNEY,male,8w,1,k50,pooled,0.051429630513772695
90239015902,10027599,KIDNEY,male,control,1,k50,pooled,0.04856130196874009
90245015902,10043527,KIDNEY,female,control,1,k50,pooled,0.04825657751977963
90248015902,10043950,KIDNEY,female,control,1,k50,pooled,0.05096127915045845
90266015902,10046380,KIDNEY,female,control,1,k50,pooled,0.05188472092831753
90267015902,10046461,KIDNEY,female,8w,1,k50,pooled,0.04900819470235529
90280015902,10095241,KIDNEY,male,4w,1,k50,pooled,0.05086003403755934
90283015902,10139044,KIDNEY,male,4w,1,k50,pooled,0.049028854272939126
90410015902,10335064,KIDNEY,female,4w,1,k50,pooled,0.05412372130458731
90412015902,10337199,KIDNEY,female,4w,1,k50,pooled,0.051160166865859336
90416015902,10381414,KIDNEY,female,4w,1,k50,pooled,0.0478098686406101
90420015902,10411690,KIDNEY,female,4w,1,k50,pooled,0.050204520705421585
90421015902,10417702,KIDNEY,male,1w,1,k50,pooled,0.04832219961248374
90426015902,10503110,KIDNEY,male,1w,1,k50,pooled,0.04958235675329936
90430015902,10561072,KIDNEY,male,1w,1,k50,pooled,0.05335597854663321
90439015902,10486003,KIDNEY,male,2w,1,k50,pooled,0.04901262159669828
90441015902,10502300,KIDNEY,male,2w,1,k50,pooled,0.05193694175428887
90444015902,10587543,KIDNEY,male,2w,1,k50,pooled,0.05564759494048299
90571015902,10953744,KIDNEY,female,1w,1,k50,pooled,0.05394846016603472
90581015902,10761160,KIDNEY,female,2w,1,k50,pooled,0.05094964636001886
90585015902,10871349,KIDNEY,female,2w,1,k50,pooled,0.05462339304074826
90217016803,10023259,LIVER,male,control,1,k50,pooled,0.04931304706204864
90223016803,10025707,LIVER,male,8w,1,k50,pooled,0.04962747272525769
90239016803,10027599,LIVER,male,control,1,k50,pooled,0.0512558383645062
90245016803,10043527,LIVER,female,control,1,k50,pooled,0.052495407015878404
90248016803,10043950,LIVER,female,control,1,k50,pooled,0.0532736238343654
90266016803,10046380,LIVER,female,control,1,k50,pooled,0.05471650881338974
90267016803,10046461,LIVER,female,8w,1,k50,pooled,0.05200129399651909
90280016803,10095241,LIVER,male,4w,1,k50,pooled,0.04832946726251297
90283016803,10139044,LIVER,male,4w,1,k50,pooled,0.04807660919655732
90410016803,10335064,LIVER,female,4w,1,k50,pooled,0.055846662495392385
90412016803,10337199,LIVER,female,4w,1,k50,pooled,0.05405030070614214
90416016803,10381414,LIVER,female,4w,1,k50,pooled,0.05621422421037414
90420016803,10411690,LIVER,female,4w,1,k50,pooled,0.05440437983451474
90421016803,10417702,LIVER,male,1w,1,k50,pooled,0.050744245849887126
90426016803,10503110,LIVER,male,1w,1,k50,pooled,0.049045621999205924
90430016803,10561072,LIVER,male,1w,1,k50,pooled,0.0469570146648145
90439016803,10486003,LIVER,male,2w,1,k50,pooled,0.05206857463736825
90441016803,10502300,LIVER,male,2w,1,k50,pooled,0.04861226252715356
90444016803,10587543,LIVER,male,2w,1,k50,pooled,0.050295489535274074
90571016803,10953744,LIVER,female,1w,1,k50,pooled,0.05335470508579765
90581016803,10761160,LIVER,female,2w,1,k50,pooled,0.055063071598919544
90585016803,10871349,LIVER,female,2w,1,k50,pooled,0.05320644317782597
90266016603,10046380,LUNG,female,control,1,k50,pooled,0.053508919631832574
90410016603,10335064,LUNG,female,4w,1,k50,pooled,0.054293760195675
90239016603,10027599,LUNG,male,control,1,k50,pooled,0.05342737732587943
90444016603,10587543,LUNG,male,2w,1,k50,pooled,0.05053831879474924
90412016603,10337199,LUNG,female,4w,1,k50,pooled,0.052762499599793955
90426016603,10503110,LUNG,male,1w,1,k50,pooled,0.04958214262698002
90439016603,10486003,LUNG,male,2w,1,k50,pooled,0.0525738110918077
90416016603,10381414,LUNG,female,4w,1,k50,pooled,0.05227137848846719
90280016603,10095241,LUNG,male,4w,1,k50,pooled,0.05313955475714305
90267016603,10046461,LUNG,female,8w,1,k50,pooled,0.053075860289713006
90223016603,10025707,LUNG,male,8w,1,k50,pooled,0.05297044092678094
90581016603,10761160,LUNG,female,2w,1,k50,pooled,0.05086731351029661
90430016603,10561072,LUNG,male,1w,1,k50,pooled,0.05275499958687113
90420016603,10411690,LUNG,female,4w,1,k50,pooled,0.05597730952950286
90421016603,10417702,LUNG,male,1w,1,k50,pooled,0.05298995924068661
90571016603,10953744,LUNG,female,1w,1,k50,pooled,0.05435148126010658
90248016603,10043950,LUNG,female,control,1,k50,pooled,0.060634589251710835
90283016603,10139044,LUNG,male,4w,1,k50,pooled,0.053181728111003856
90441016603,10502300,LUNG,male,2w,1,k50,pooled,0.055230838465286425
90245016603,10043527,LUNG,female,control,1,k50,pooled,0.05192730367267595
90585016603,10871349,LUNG,female,2w,1,k50,pooled,0.05215743731740363
90217016603,10023259,LUNG,male,control,1,k50,pooled,0.05292582850359984
90266016402,10046380,OVARY,female,control,1,k50,pooled,0.06653548249898933
90248016402,10043950,OVARY,female,control,1,k50,pooled,0.09525086592708742
90581016402,10761160,OVARY,female,2w,1,k50,pooled,0.10058260241468164
90585016402,10871349,OVARY,female,2w,1,k50,pooled,0.08397520345358289
90571016402,10953744,OVARY,female,1w,1,k50,pooled,0.12075734073995281
90267016402,10046461,OVARY,female,8w,1,k50,pooled,0.08963943210386294
90416016402,10381414,OVARY,female,4w,1,k50,pooled,0.0681871944571274
90420016402,10411690,OVARY,female,4w,1,k50,pooled,0.06231007572570646
90245016402,10043527,OVARY,female,control,1,k50,pooled,0.06472196675586406
90412016402,10337199,OVARY,female,4w,1,k50,pooled,0.08964301506678818
90581015512,10761160,SKM-GN,female,2w,1,k50,pooled,0.4162154202490921
90283015512,10139044,SKM-GN,male,4w,1,k50,pooled,0.29750860062693363
90239015512,10027599,SKM-GN,male,control,1,k50,pooled,0.3986651622706021
90248015512,10043950,SKM-GN,female,control,1,k50,pooled,0.3613999826962043
90245015512,10043527,SKM-GN,female,control,1,k50,pooled,0.34072751661733525
90217015512,10023259,SKM-GN,male,control,1,k50,pooled,0.34485320114275264
90267015512,10046461,SKM-GN,female,8w,1,k50,pooled,0.48749707132268216
90420015512,10411690,SKM-GN,female,4w,1,k50,pooled,0.36734741778238056
90421015512,10417702,SKM-GN,male,1w,1,k50,pooled,0.4151169203579661
90585015512,10871349,SKM-GN,female,2w,1,k50,pooled,0.383830766365287
90412015512,10337199,SKM-GN,female,4w,1,k50,pooled,0.35790673310188403
90430015512,10561072,SKM-GN,male,1w,1,k50,pooled,0.3135819217259552
90410015512,10335064,SKM-GN,female,4w,1,k50,pooled,0.41473011632550094
90426015512,10503110,SKM-GN,male,1w,1,k50,pooled,0.3263398113840461
90439015512,10486003,SKM-GN,male,2w,1,k50,pooled,0.415304174949114
90416015512,10381414,SKM-GN,female,4w,1,k50,pooled,0.4004223881038599
90441015512,10502300,SKM-GN,male,2w,1,k50,pooled,0.4568385337588884
90444015512,10587543,SKM-GN,male,2w,1,k50,pooled,0.4452187289919227
90571015512,10953744,SKM-GN,female,1w,1,k50,pooled,0.5205021702666631
90223015512,10025707,SKM-GN,male,8w,1,k50,pooled,0.386106591570606
90280015512,10095241,SKM-GN,male,4w,1,k50,pooled,0.44477753823101274
90266015512,10046380,SKM-GN,female,control,1,k50,pooled,0.333732215738034
90217015603,10023259,SKM-VL,male,control,1,k50,pooled,0.14118520410748525
90223015603,10025707,SKM-VL,male,8w,1,k50,pooled,0.5705254591675015
90239015603,10027599,SKM-VL,male,control,1,k50,pooled,0.5567917321253648
90245015603,10043527,SKM-VL,female,control,1,k50,pooled,0.24857708322579308
90248015603,10043950,SKM-VL,female,control,1,k50,pooled,0.46311133468311627
90266015603,10046380,SKM-VL,female,control,1,k50,pooled,0.3720353049516326
90267015603,10046461,SKM-VL,female,8w,1,k50,pooled,0.5020241222909447
90280015603,10095241,SKM-VL,male,4w,1,k50,pooled,0.5533742961295107
90283015603,10139044,SKM-VL,male,4w,1,k50,pooled,0.2407192911243572
90410015603,10335064,SKM-VL,female,4w,1,k50,pooled,0.4960579413412537
90412015603,10337199,SKM-VL,female,4w,1,k50,pooled,0.4982126417897317
90416015603,10381414,SKM-VL,female,4w,1,k50,pooled,0.337078390228406
90420015603,10411690,SKM-VL,female,4w,1,k50,pooled,0.48068860095617905
90421015603,10417702,SKM-VL,male,1w,1,k50,pooled,0.4372298524602356
90426015603,10503110,SKM-VL,male,1w,1,k50,pooled,0.1487925016308257
90430015603,10561072,SKM-VL,male,1w,1,k50,pooled,0.3256194341933035
90439015603,10486003,SKM-VL,male,2w,1,k50,pooled,0.2954523212633011
90441015603,10502300,SKM-VL,male,2w,1,k50,pooled,0.2953227733681886
90444015603,10587543,SKM-VL,male,2w,1,k50,pooled,0.17746690687750455
90571015603,10953744,SKM-VL,female,1w,1,k50,pooled,0.4247791955135928
90581015603,10761160,SKM-VL,female,2w,1,k50,pooled,0.4868930680369713
90585015603,10871349,SKM-VL,female,2w,1,k50,pooled,0.48198232027888543
90416016702,10381414,SMLINT,female,4w,1,k50,pooled,0.06842673405627286
90444016702,10587543,SMLINT,male,2w,1,k50,pooled,0.06265502121514877
90239016702,10027599,SMLINT,male,control,1,k50,pooled,0.059658164554126314
90581016702,10761160,SMLINT,female,2w,1,k50,pooled,0.0670794378654539
90421016702,10417702,SMLINT,male,1w,1,k50,pooled,0.058873291201393174
90439016702,10486003,SMLINT,male,2w,1,k50,pooled,0.06211703727765305
90245016702,10043527,SMLINT,female,control,1,k50,pooled,0.060051381279067395
90571016702,10953744,SMLINT,female,1w,1,k50,pooled,0.05992471150737855
90267016702,10046461,SMLINT,female,8w,1,k50,pooled,0.06099870804717544
90426016702,10503110,SMLINT,male,1w,1,k50,pooled,0.06813558983836332
90223016702,10025707,SMLINT,male,8w,1,k50,pooled,0.04637536983234236
90441016702,10502300,SMLINT,male,2w,1,k50,pooled,0.05902349622653724
90248016702,10043950,SMLINT,female,control,1,k50,pooled,0.05997911480457219
90410016702,10335064,SMLINT,female,4w,1,k50,pooled,0.06724504485410798
90420016702,10411690,SMLINT,female,4w,1,k50,pooled,0.06806480568156781
90217016702,10023259,SMLINT,male,control,1,k50,pooled,0.055424066175105535
90266016702,10046380,SMLINT,female,control,1,k50,pooled,0.05592247832540376
90412016702,10337199,SMLINT,female,4w,1,k50,pooled,0.07401925162728795
90283016702,10139044,SMLINT,male,4w,1,k50,pooled,0.06662856427436292
90430016702,10561072,SMLINT,male,1w,1,k50,pooled,0.057012256102858316
90280016702,10095241,SMLINT,male,4w,1,k50,pooled,0.06897557934333154
90585016702,10871349,SMLINT,female,2w,1,k50,pooled,0.06305360991509956
90217016202,10023259,SPLEEN,male,control,1,k50,pooled,0.07329574059323185
90223016202,10025707,SPLEEN,male,8w,1,k50,pooled,0.07347182923440376
90239016202,10027599,SPLEEN,male,control,1,k50,pooled,0.07444814932968136
90245016202,10043527,SPLEEN,female,control,1,k50,pooled,0.08137384997989983
90248016202,10043950,SPLEEN,female,control,1,k50,pooled,0.08627578740036923
90266016202,10046380,SPLEEN,female,control,1,k50,pooled,0.08983956170406027
90267016202,10046461,SPLEEN,female,8w,1,k50,pooled,0.07987451989777117
90280016202,10095241,SPLEEN,male,4w,1,k50,pooled,0.07689697160534326
90283016202,10139044,SPLEEN,male,4w,1,k50,pooled,0.07292021187314346
90410016202,10335064,SPLEEN,female,4w,1,k50,pooled,0.07754811839682407
90412016202,10337199,SPLEEN,female,4w,1,k50,pooled,0.0812530065543362
90416016202,10381414,SPLEEN,female,4w,1,k50,pooled,0.06963996301025899
90420016202,10411690,SPLEEN,female,4w,1,k50,pooled,0.07745320526631527
90421016202,10417702,SPLEEN,male,1w,1,k50,pooled,0.065036060982822
90426016202,10503110,SPLEEN,male,1w,1,k50,pooled,0.06693510322430107
90430016202,10561072,SPLEEN,male,1w,1,k50,pooled,0.07103064975659423
90439016202,10486003,SPLEEN,male,2w,1,k50,pooled,0.0724003340623246
90441016202,10502300,SPLEEN,male,2w,1,k50,pooled,0.07011059876380943
90444016202,10587543,SPLEEN,male,2w,1,k50,pooled,0.08753180629210977
90571016202,10953744,SPLEEN,female,1w,1,k50,pooled,0.08413376894708557
90581016202,10761160,SPLEEN,female,2w,1,k50,pooled,0.07348403451402952
90585016202,10871349,SPLEEN,female,2w,1,k50,pooled,0.06906087836753294
90280016302,10095241,TESTES,male,4w,1,k50,pooled,0.07730073241893232
90239016302,10027599,TESTES,male,control,1,k50,pooled,0.07500922430046719
90283016302,10139044,TESTES,male,4w,1,k50,pooled,0.07673978432011619
90441016302,10502300,TESTES,male,2w,1,k50,pooled,0.0788683803118051
90430016302,10561072,TESTES,male,1w,1,k50,pooled,0.07833126506785737
90439016302,10486003,TESTES,male,2w,1,k50,pooled,0.07832167114049504
90223016302,10025707,TESTES,male,8w,1,k50,pooled,0.07740602555906606
90421016302,10417702,TESTES,male,1w,1,k50,pooled,0.07590732566643321
90444016302,10587543,TESTES,male,2w,1,k50,pooled,0.079457560009905
90217016302,10023259,TESTES,male,control,1,k50,pooled,0.07612641740682147
90426016302,10503110,TESTES,male,1w,1,k50,pooled,0.07926107454154263
90421016502,10417702,VENACV,male,1w,1,k50,pooled,0.2553424833473398
90439016502,10486003,VENACV,male,2w,1,k50,pooled,0.16344714648936154
90441016502,10502300,VENACV,male,2w,1,k50,pooled,0.08881264947896439
90266016502,10046380,VENACV,female,control,1,k50,pooled,0.08259132685743242
90430016502,10561072,VENACV,male,1w,1,k50,pooled,0.1273911793417003
90426016502,10503110,VENACV,male,1w,1,k50,pooled,0.4153359670712532
90416016502,10381414,VENACV,female,4w,1,k50,pooled,0.833322419735909
90267016502,10046461,VENACV,female,8w,1,k50,pooled,0.411299691687277
90217016502,10023259,VENACV,male,control,1,k50,pooled,0.28853135842681643
90245016502,10043527,VENACV,female,control,1,k50,pooled,0.2670798841734706
90444016502,10587543,VENACV,male,2w,1,k50,pooled,0.1026326574530978
90283016502,10139044,VENACV,male,4w,1,k50,pooled,0.26385583992897577
90280016502,10095241,VENACV,male,4w,1,k50,pooled,0.15383804823757963
90239016502,10027599,VENACV,male,control,1,k50,pooled,0.16147434904074975
90581016502,10761160,VENACV,female,2w,1,k50,pooled,0.5813134003112386
90248016502,10043950,VENACV,female,control,1,k50,pooled,0.15251257377578353
90420016502,10411690,VENACV,female,4w,1,k50,pooled,0.6623369471258692
90412016502,10337199,VENACV,female,4w,1,k50,pooled,0.1084604278475021
90585016502,10871349,VENACV,female,2w,1,k50,pooled,0.6880381494461072
90223016502,10025707,VENACV,male,8w,1,k50,pooled,0.17094786155985398
90571016502,10953744,VENACV,female,1w,1,k50,pooled,0.6797504919103305
90410016502,10335064,VENACV,female,4w,1,k50,pooled,0.26417414794965255
90217017005,10023259,WAT-SC,male,control,1,k50,pooled,0.063029609606301
90223017005,10025707,WAT-SC,male,8w,1,k50,pooled,0.05646418876690518
90239017005,10027599,WAT-SC,male,control,1,k50,pooled,0.14800760389191647
90245017005,10043527,WAT-SC,female,control,1,k50,pooled,0.09347398109535265
90248017005,10043950,WAT-SC,female,control,1,k50,pooled,0.09605957390917808
90266017005,10046380,WAT-SC,female,control,1,k50,pooled,0.1360779302907924
90267017005,10046461,WAT-SC,female,8w,1,k50,pooled,0.04576949351065196
90280017005,10095241,WAT-SC,male,4w,1,k50,pooled,0.08324743137588986
90283017005,10139044,WAT-SC,male,4w,1,k50,pooled,0.061860207861595295
90410017005,10335064,WAT-SC,female,4w,1,k50,pooled,0.08914836234220813
90412017005,10337199,WAT-SC,female,4w,1,k50,pooled,0.07033738084386565
90416017005,10381414,WAT-SC,female,4w,1,k50,pooled,0.061302846835906144
90420017005,10411690,WAT-SC,female,4w,1,k50,pooled,0.1600584157982704
90421017005,10417702,WAT-SC,male,1w,1,k50,pooled,0.061007142230003475
90426017005,10503110,WAT-SC,male,1w,1,k50,pooled,0.08280706354965994
90430017005,10561072,WAT-SC,male,1w,1,k50,pooled,0.10246821499442449
90439017005,10486003,WAT-SC,male,2w,1,k50,pooled,0.06518326577946532
90441017005,10502300,WAT-SC,male,2w,1,k50,pooled,0.07142826917861023
90444017005,10587543,WAT-SC,male,2w,1,k50,pooled,0.08417324837841422
90571017005,10953744,WAT-SC,female,1w,1,k50,pooled,0.05346123537158087
90581017005,10761160,WAT-SC,female,2w,1,k50,pooled,0.06410623167516427
90585017005,10871349,WAT-SC,female,2w,1,k50,pooled,0.08350299428852948
90412016002,10337199,ADRNL,female,4w,1,k50,one_per_animal,0.07739283032332578
90426016002,10503110,ADRNL,male,1w,1,k50,one_per_animal,0.24174406420515315
90248013001,10043950,BLOOD,female,control,1,k50,one_per_animal,0.05441162150388912
90581016102,10761160,COLON,female,2w,1,k50,one_per_animal,0.053746463578632886
90410015302,10335064,CORTEX,female,4w,1,k50,one_per_animal,0.1217573138949285
90421015302,10417702,CORTEX,male,1w,1,k50,one_per_animal,0.09690585868252344
90571015302,10953744,CORTEX,female,1w,1,k50,one_per_animal,0.10582723720494958
90585015803,10871349,HEART,female,2w,1,k50,one_per_animal,0.0913545623567793
90245015803,10043527,HEART,female,control,1,k50,one_per_animal,0.0972093308916886
90416015402,10381414,HYPOTH,female,4w,1,k50,one_per_animal,0.11691404287901452
90439015402,10486003,HYPOTH,male,2w,1,k50,one_per_animal,0.11516327764475798
90444015402,10587543,HYPOTH,male,2w,1,k50,one_per_animal,0.10544243921444507
90239015902,10027599,KIDNEY,male,control,1,k50,one_per_animal,0.04856130196874009
90266015902,10046380,KIDNEY,female,control,1,k50,one_per_animal,0.05188472092831753
90420015902,10411690,KIDNEY,female,4w,1,k50,one_per_animal,0.050204520705421585
90267015512,10046461,SKM-GN,female,8w,1,k50,one_per_animal,0.48749707132268216
90280016702,10095241,SMLINT,male,4w,1,k50,one_per_animal,0.06897557934333154
90430016202,10561072,SPLEEN,male,1w,1,k50,one_per_animal,0.07103064975659423
90441016502,10502300,VENACV,male,2w,1,k50,one_per_animal,0.08881264947896439
90217016502,10023259,VENACV,male,control,1,k50,one_per_animal,0.28853135842681643
90283016502,10139044,VENACV,male,4w,1,k50,one_per_animal,0.26385583992897577
90223017005,10025707,WAT-SC,male,8w,1,k50,one_per_animal,0.05646418876690518
90237016002,10027327,ADRNL,male,control,2,full,pooled,0.0010281752896385
90576016002,10729518,ADRNL,female,2w,2,full,pooled,0.0013459418590090477
90416016002,10381414,ADRNL,female,4w,2,full,pooled,0.0014154656222666873
90444016002,10587543,ADRNL,male,2w,2,full,pooled,0.001666137416280522
90450016002,10672656,ADRNL,male,2w,2,full,pooled,0.0012935960355718867
90222016002,10025626,ADRNL,male,8w,2,full,pooled,0.03831913673172749
90265016002,10046119,ADRNL,female,control,2,full,pooled,0.0026457070722726295
90420016002,10411690,ADRNL,female,4w,2,full,pooled,0.002128153770024954
90564016002,10833331,ADRNL,female,1w,2,full,pooled,0.0020406141719323534
90217016002,10023259,ADRNL,male,control,2,full,pooled,0.0010943998581179892
90227016002,10026193,ADRNL,male,8w,2,full,pooled,0.0013678388205332626
90239016002,10027599,ADRNL,male,control,2,full,pooled,0.0011078319712876095
90559016002,10950486,ADRNL,female,1w,2,full,pooled,0.001713927641859403
90252016002,10044337,ADRNL,female,control,2,full,pooled,0.003866546259459147
90245016002,10043527,ADRNL,female,control,2,full,pooled,0.0015657137218634265
90283016002,10139044,ADRNL,male,4w,2,full,pooled,0.0009725936200415397
90232016002,10026789,ADRNL,male,control,2,full,pooled,0.0013368348028213184
90259016002,10045309,ADRNL,female,8w,2,full,pooled,0.001185934517089371
90560016002,10700102,ADRNL,female,1w,2,full,pooled,0.001304739457542059
90251016002,10044256,ADRNL,female,8w,2,full,pooled,0.0014879568243238994
90422016002,10422463,ADRNL,male,1w,2,full,pooled,0.0047404449815513505
90410016002,10335064,ADRNL,female,4w,2,full,pooled,0.0011717118431582296
90217016902,10023259,BAT,male,control,2,full,pooled,0.012082511504278304
90222016902,10025626,BAT,male,8w,2,full,pooled,0.0026717341664219685
90227016902,10026193,BAT,male,8w,2,full,pooled,0.009208341586097957
90232016902,10026789,BAT,male,control,2,full,pooled,0.004165921107167736
90237016902,10027327,BAT,male,control,2,full,pooled,0.004732798624180856
90239016902,10027599,BAT,male,control,2,full,pooled,0.003410494436887679
90245016902,10043527,BAT,female,control,2,full,pooled,0.006795114836815275
90251016902,10044256,BAT,female,8w,2,full,pooled,0.006665134560377317
90252016902,10044337,BAT,female,control,2,full,pooled,0.005119527724083417
90259016902,10045309,BAT,female,8w,2,full,pooled,0.0038682563009212467
90265016902,10046119,BAT,female,control,2,full,pooled,0.007208744054171157
90283016902,10139044,BAT,male,4w,2,full,pooled,0.016268107841722057
90410016902,10335064,BAT,female,4w,2,full,pooled,0.004867134119415306
90416016902,10381414,BAT,female,4w,2,full,pooled,0.003188826700833758
90420016902,10411690,BAT,female,4w,2,full,pooled,0.005194589586004605
90422016902,10422463,BAT,male,1w,2,full,pooled,0.005264841606060888
90444016902,10587543,BAT,male,2w,2,full,pooled,0.003614302488136212
90450016902,10672656,BAT,male,2w,2,full,pooled,0.004522859084761577
90559016902,10950486,BAT,female,1w,2,full,pooled,0.007402774324475558
90560016902,10700102,BAT,female,1w,2,full,pooled,0.00856491317959951
90564016902,10833331,BAT,female,1w,2,full,pooled,0.006681014349907977
90576016902,10729518,BAT,female,2w,2,full,pooled,0.005571715098173002
90576013001,10729518,BLOOD,female,2w,2,full,pooled,0.0014254746628931114
90560013001,10700102,BLOOD,female,1w,2,full,pooled,0.000501070396079828
90559013001,10950486,BLOOD,female,1w,2,full,pooled,0.0006179127872198986
90564013001,10833331,BLOOD,female,1w,2,full,pooled,0.0005859628576927456
90252013001,10044337,BLOOD,female,control,2,full,pooled,0.0005227004938761493
90265013001,10046119,BLOOD,female,control,2,full,pooled,0.0006705419035828442
90416013001,10381414,BLOOD,female,4w,2,full,pooled,0.0010527524883255923
90283013001,10139044,BLOOD,male,4w,2,full,pooled,0.0009901451393163896
90422013002,10422463,BLOOD,male,1w,2,full,pooled,0.0007332797375285693
90420013001,10411690,BLOOD,female,4w,2,full,pooled,0.0016166618181883141
90410013001,10335064,BLOOD,female,4w,2,full,pooled,0.0006439035541097038
90450013001,10672656,BLOOD,male,2w,2,full,pooled,0.0006885106203341484
90444013001,10587543,BLOOD,male,2w,2,full,pooled,0.0006439724544515801
90245013002,10043527,BLOOD,female,control,2,full,pooled,0.0006169785516394466
90259013002,10045309,BLOOD,female,8w,2,full,pooled,0.0006415004635484944
90227013002,10026193,BLOOD,male,8w,2,full,pooled,0.00048762615832165235
90239013002,10027599,BLOOD,male,control,2,full,pooled,0.0012098263886741734
90237013002,10027327,BLOOD,male,control,2,full,pooled,0.0008073815486817626
90232013002,10026789,BLOOD,male,control,2,full,pooled,0.00081587055717669
90222013002,10025626,BLOOD,male,8w,2,full,pooled,0.00042077820037822455
90251013001,10044256,BLOOD,female,8w,2,full,pooled,0.0007525906843359742
90217013001,10023259,BLOOD,male,control,2,full,pooled,0.0006292330477147834
90576016102,10729518,COLON,female,2w,2,full,pooled,0.003457707889090056
90559016102,10950486,COLON,female,1w,2,full,pooled,0.0024013932469914012
90283016102,10139044,COLON,male,4w,2,full,pooled,0.0019896809555425277
90416016102,10381414,COLON,female,4w,2,full,pooled,0.0024082585740802243
90251016102,10044256,COLON,female,8w,2,full,pooled,0.009828768936379184
90237016102,10027327,COLON,male,control,2,full,pooled,0.0016264687939370193
90259016102,10045309,COLON,female,8w,2,full,pooled,0.0024572101710103045
90450016102,10672656,COLON,male,2w,2,full,pooled,0.0017565998513224823
90410016102,10335064,COLON,female,4w,2,full,pooled,0.002755316844878508
90444016102,10587543,COLON,male,2w,2,full,pooled,0.003553567515084066
90232016102,10026789,COLON,male,control,2,full,pooled,0.002065516552566704
90217016102,10023259,COLON,male,control,2,full,pooled,0.0019097759482348264
90422016102,10422463,COLON,male,1w,2,full,pooled,0.0019099750210420652
90560016102,10700102,COLON,female,1w,2,full,pooled,0.0030396895305232485
90420016102,10411690,COLON,female,4w,2,full,pooled,0.0017929608557395449
90265016102,10046119,COLON,female,control,2,full,pooled,0.0019831628418656155
90227016102,10026193,COLON,male,8w,2,full,pooled,0.0017440891696024474
90239016102,10027599,COLON,male,control,2,full,pooled,0.002095919695503712
90222016102,10025626,COLON,male,8w,2,full,pooled,0.0018815171307352552
90564016102,10833331,COLON,female,1w,2,full,pooled,0.0032434300369652558
90245016102,10043527,COLON,female,control,2,full,pooled,0.002574938404743765
90252016102,10044337,COLON,female,control,2,full,pooled,0.001537852966348452
90217015302,10023259,CORTEX,male,control,2,full,pooled,0.02936267948951221
90222015302,10025626,CORTEX,male,8w,2,full,pooled,0.01706543160091456
90227015302,10026193,CORTEX,male,8w,2,full,pooled,0.013165123520097799
90232015302,10026789,CORTEX,male,control,2,full,pooled,0.005238307737743586
90237015302,10027327,CORTEX,male,control,2,full,pooled,0.003985413676606653
90239015302,10027599,CORTEX,male,control,2,full,pooled,0.0134590801304042
90245015302,10043527,CORTEX,female,control,2,full,pooled,0.006816691748700143
90251015302,10044256,CORTEX,female,8w,2,full,pooled,0.018934386176670426
90252015302,10044337,CORTEX,female,control,2,full,pooled,0.008181702771735244
90259015302,10045309,CORTEX,female,8w,2,full,pooled,0.00930057468407508
90265015302,10046119,CORTEX,female,control,2,full,pooled,0.006370218038860287
90283015302,10139044,CORTEX,male,4w,2,full,pooled,0.0263551503253866
90410015302,10335064,CORTEX,female,4w,2,full,pooled,0.00347314342134708
90416015302,10381414,CORTEX,female,4w,2,full,pooled,0.009362737373816654
90420015302,10411690,CORTEX,female,4w,2,full,pooled,0.011735602712973692
90422015302,10422463,CORTEX,male,1w,2,full,pooled,0.00930500910892973
90444015302,10587543,CORTEX,male,2w,2,full,pooled,0.012491481860489206
90450015302,10672656,CORTEX,male,2w,2,full,pooled,0.008914622660511462
90559015302,10950486,CORTEX,female,1w,2,full,pooled,0.003511613190327112
90560015302,10700102,CORTEX,female,1w,2,full,pooled,0.004148413240187887
90564015302,10833331,CORTEX,female,1w,2,full,pooled,0.011746101637602147
90576015302,10729518,CORTEX,female,2w,2,full,pooled,0.018461646247567742
90559015803,10950486,HEART,female,1w,2,full,pooled,0.0038635636940886897
90564015803,10833331,HEART,female,1w,2,full,pooled,0.002187095857919874
90420015803,10411690,HEART,female,4w,2,full,pooled,0.0023276289117557525
90576015803,10729518,HEART,female,2w,2,full,pooled,0.002885561603558351
90410015803,10335064,HEART,female,4w,2,full,pooled,0.001857478104591026
90222015803,10025626,HEART,male,8w,2,full,pooled,0.0026224616904011455
90239015803,10027599,HEART,male,control,2,full,pooled,0.003607037856984019
90560015803,10700102,HEART,female,1w,2,full,pooled,0.002396683980049219
90422015803,10422463,HEART,male,1w,2,full,pooled,0.0026938174660677827
90252015803,10044337,HEART,female,control,2,full,pooled,0.0029019314620526426
90217015803,10023259,HEART,male,control,2,full,pooled,0.0030054546326312437
90245015803,10043527,HEART,female,control,2,full,pooled,0.004438202757709453
90227015803,10026193,HEART,male,8w,2,full,pooled,0.0027883753440075543
90237015803,10027327,HEART,male,control,2,full,pooled,0.0023137824029624277
90416015803,10381414,HEART,female,4w,2,full,pooled,0.004171283719885066
90450015803,10672656,HEART,male,2w,2,full,pooled,0.002309357481824148
90283015803,10139044,HEART,male,4w,2,full,pooled,0.002304444501759706
90259015803,10045309,HEART,female,8w,2,full,pooled,0.0026940551592156137
90251015803,10044256,HEART,female,8w,2,full,pooled,0.0026453668384885942
90232015803,10026789,HEART,male,control,2,full,pooled,0.0025048588975811192
90265015803,10046119,HEART,female,control,2,full,pooled,0.0024722444484361894
90444015803,10587543,HEART,male,2w,2,full,pooled,0.0022524485672935635
90217015202,10023259,HIPPOC,male,control,2,full,pooled,0.10580553988128949
90222015202,10025626,HIPPOC,male,8w,2,full,pooled,0.015208505373876524
90227015202,10026193,HIPPOC,male,8w,2,full,pooled,0.11289297751597394
90232015202,10026789,HIPPOC,male,control,2,full,pooled,0.06106537440478732
90237015202,10027327,HIPPOC,male,control,2,full,pooled,0.05200734617261615
90239015202,10027599,HIPPOC,male,control,2,full,pooled,0.24879389938316288
90245015202,10043527,HIPPOC,female,control,2,full,pooled,0.014400274668793345
90251015202,10044256,HIPPOC,female,8w,2,full,pooled,0.02155290184365055
90252015202,10044337,HIPPOC,female,control,2,full,pooled,0.01109590259767379
90259015202,10045309,HIPPOC,female,8w,2,full,pooled,0.01455434875690953
90265015202,10046119,HIPPOC,female,control,2,full,pooled,0.017691998955061794
90283015202,10139044,HIPPOC,male,4w,2,full,pooled,0.06688908797043469
90410015202,10335064,HIPPOC,female,4w,2,full,pooled,0.027862295662736347
90416015202,10381414,HIPPOC,female,4w,2,full,pooled,0.024429366367049732
90420015202,10411690,HIPPOC,female,4w,2,full,pooled,0.011034255406931592
90422015202,10422463,HIPPOC,male,1w,2,full,pooled,0.01213462678919075
90444015202,10587543,HIPPOC,male,2w,2,full,pooled,0.08027993073813144
90450015202,10672656,HIPPOC,male,2w,2,full,pooled,0.0258170631353849
90559015202,10950486,HIPPOC,female,1w,2,full,pooled,0.00574161691834596
90560015202,10700102,HIPPOC,female,1w,2,full,pooled,0.018690724408018
90564015202,10833331,HIPPOC,female,1w,2,full,pooled,0.009231500277155913
90576015202,10729518,HIPPOC,female,2w,2,full,pooled,0.006498349315366192
90217015402,10023259,HYPOTH,male,control,2,full,pooled,0.01877967164253036
90222015402,10025626,HYPOTH,male,8w,2,full,pooled,0.008058782066615477
90227015402,10026193,HYPOTH,male,8w,2,full,pooled,0.01296799486406941
90232015402,10026789,HYPOTH,male,control,2,full,pooled,0.012702957402821236
90237015402,10027327,HYPOTH,male,control,2,full,pooled,0.006727946355521319
90239015402,10027599,HYPOTH,male,control,2,full,pooled,0.01605617138877924
90245015402,10043527,HYPOTH,female,control,2,full,pooled,0.010240833464033039
90251015402,10044256,HYPOTH,female,8w,2,full,pooled,0.006858635647471689
90252015402,10044337,HYPOTH,female,control,2,full,pooled,0.027055603724983168
90259015402,10045309,HYPOTH,female,8w,2,full,pooled,0.04696773569491808
90265015402,10046119,HYPOTH,female,control,2,full,pooled,0.02036644737043003
90283015402,10139044,HYPOTH,male,4w,2,full,pooled,0.0046018025641639815
90410015402,10335064,HYPOTH,female,4w,2,full,pooled,0.02424550315766294
90416015402,10381414,HYPOTH,female,4w,2,full,pooled,0.029706051706085423
90420015402,10411690,HYPOTH,female,4w,2,full,pooled,0.025307991861881374
90422015402,10422463,HYPOTH,male,1w,2,full,pooled,0.018951165540356696
90444015402,10587543,HYPOTH,male,2w,2,full,pooled,0.008112265069761926
90450015402,10672656,HYPOTH,male,2w,2,full,pooled,0.01589957311090595
90559015402,10950486,HYPOTH,female,1w,2,full,pooled,0.023323042126673355
90560015402,10700102,HYPOTH,female,1w,2,full,pooled,0.017623673214974822
90564015402,10833331,HYPOTH,female,1w,2,full,pooled,0.05830898099140758
90576015402,10729518,HYPOTH,female,2w,2,full,pooled,0.038746710103541915
90217015902,10023259,KIDNEY,male,control,2,full,pooled,0.0010238459318575588
90222015902,10025626,KIDNEY,male,8w,2,full,pooled,0.0010957140901222129
90227015902,10026193,KIDNEY,male,8w,2,full,pooled,0.0012510250642813192
90232015902,10026789,KIDNEY,male,control,2,full,pooled,0.0010704467108589855
90237015902,10027327,KIDNEY,male,control,2,full,pooled,0.0009365134753480664
90239015902,10027599,KIDNEY,male,control,2,full,pooled,0.0010208749539335482
90245015902,10043527,KIDNEY,female,control,2,full,pooled,0.001120748246943748
90251015902,10044256,KIDNEY,female,8w,2,full,pooled,0.001322235719447007
90252015902,10044337,KIDNEY,female,control,2,full,pooled,0.001380021132331044
90259015902,10045309,KIDNEY,female,8w,2,full,pooled,0.002145735454212594
90265015902,10046119,KIDNEY,female,control,2,full,pooled,0.001514190987816244
90283015902,10139044,KIDNEY,male,4w,2,full,pooled,0.0010983984194847807
90410015902,10335064,KIDNEY,female,4w,2,full,pooled,0.0012572332977560663
90416015902,10381414,KIDNEY,female,4w,2,full,pooled,0.0011246862984872763
90420015902,10411690,KIDNEY,female,4w,2,full,pooled,0.0012054837454668066
90422015902,10422463,KIDNEY,male,1w,2,full,pooled,0.0011472029291136332
90444015902,10587543,KIDNEY,male,2w,2,full,pooled,0.001156546067118791
90450015902,10672656,KIDNEY,male,2w,2,full,pooled,0.0011870459151834822
90559015902,10950486,KIDNEY,female,1w,2,full,pooled,0.002064924101898513
90560015902,10700102,KIDNEY,female,1w,2,full,pooled,0.0012362113914826667
90564015902,10833331,KIDNEY,female,1w,2,full,pooled,0.0014632434866109767
90576015902,10729518,KIDNEY,female,2w,2,full,pooled,0.0013845426102444547
90217016803,10023259,LIVER,male,control,2,full,pooled,0.0008147000163305496
90222016803,10025626,LIVER,male,8w,2,full,pooled,0.0008307295899966372
90227016803,10026193,LIVER,male,8w,2,full,pooled,0.0009254784191240484
90232016803,10026789,LIVER,male,control,2,full,pooled,0.0008365172720096181
90237016803,10027327,LIVER,male,control,2,full,pooled,0.0008240576053939463
90239016803,10027599,LIVER,male,control,2,full,pooled,0.0006875067669013246
90245016803,10043527,LIVER,female,control,2,full,pooled,0.0009324217272296265
90251016803,10044256,LIVER,female,8w,2,full,pooled,0.0010186690626379225
90252016803,10044337,LIVER,female,control,2,full,pooled,0.0010810694355888328
90259016803,10045309,LIVER,female,8w,2,full,pooled,0.0008849091334095505
90265016803,10046119,LIVER,female,control,2,full,pooled,0.001020284849159836
90283016803,10139044,LIVER,male,4w,2,full,pooled,0.000730460528117205
90410016803,10335064,LIVER,female,4w,2,full,pooled,0.0009388463098618516
90416016803,10381414,LIVER,female,4w,2,full,pooled,0.0009068020870207638
90420016803,10411690,LIVER,female,4w,2,full,pooled,0.001009811759837942
90422016803,10422463,LIVER,male,1w,2,full,pooled,0.0007575224955845838
90444016803,10587543,LIVER,male,2w,2,full,pooled,0.0006720004090554621
90450016803,10672656,LIVER,male,2w,2,full,pooled,0.000744510130628484
90559016803,10950486,LIVER,female,1w,2,full,pooled,0.0009199202447840449
90560016803,10700102,LIVER,female,1w,2,full,pooled,0.0008319950205158966
90564016803,10833331,LIVER,female,1w,2,full,pooled,0.0009749858340004636
90576016803,10729518,LIVER,female,2w,2,full,pooled,0.00090792925850669
90564016603,10833331,LUNG,female,1w,2,full,pooled,0.002595976537589584
90259016603,10045309,LUNG,female,8w,2,full,pooled,0.00255413129681914
90232016603,10026789,LUNG,male,control,2,full,pooled,0.0016523404984101209
90410016603,10335064,LUNG,female,4w,2,full,pooled,0.0019548924036357773
90239016603,10027599,LUNG,male,control,2,full,pooled,0.0017595967882269026
90444016603,10587543,LUNG,male,2w,2,full,pooled,0.001512855795082202
90237016603,10027327,LUNG,male,control,2,full,pooled,0.0019342875148250505
90252016603,10044337,LUNG,female,control,2,full,pooled,0.0021740776082940227
90251016603,10044256,LUNG,female,8w,2,full,pooled,0.0028368439022664615
90416016603,10381414,LUNG,female,4w,2,full,pooled,0.0018251822953607721
90560016603,10700102,LUNG,female,1w,2,full,pooled,0.0018628170414634049
90576016603,10729518,LUNG,female,2w,2,full,pooled,0.001591281172003245
90227016603,10026193,LUNG,male,8w,2,full,pooled,0.0017373894825090108
90422016603,10422463,LUNG,male,1w,2,full,pooled,0.0017367640736578593
90420016603,10411690,LUNG,female,4w,2,full,pooled,0.0021318808228055763
90222016603,10025626,LUNG,male,8w,2,full,pooled,0.0019282824141819699
90450016603,10672656,LUNG,male,2w,2,full,pooled,0.0014735824961183974
90559016603,10950486,LUNG,female,1w,2,full,pooled,0.0024940040411092212
90283016603,10139044,LUNG,male,4w,2,full,pooled,0.00153398144597372
90265016603,10046119,LUNG,female,control,2,full,pooled,0.0021035513343764523
90245016603,10043527,LUNG,female,control,2,full,pooled,0.0024488520706179573
90217016603,10023259,LUNG,male,control,2,full,pooled,0.0017999517312923263
90259016402,10045309,OVARY,female,8w,2,full,pooled,0.0044455887980016096
90252016402,10044337,OVARY,female,control,2,full,pooled,0.004144106652994917
90559016402,10950486,OVARY,female,1w,2,full,pooled,0.004943711016586638
90576016402,10729518,OVARY,female,2w,2,full,pooled,0.009180666903055634
90416016402,10381414,OVARY,female,4w,2,full,pooled,0.0037276687004391684
90265016402,10046119,OVARY,female,control,2,full,pooled,0.004527509018896092
90420016402,10411690,OVARY,female,4w,2,full,pooled,0.004086886096255293
90245016402,10043527,OVARY,female,control,2,full,pooled,0.0075999379025961655
90251016402,10044256,OVARY,female,8w,2,full,pooled,0.004802190900820125
90560016402,10700102,OVARY,female,1w,2,full,pooled,0.004350794140217662
90564016402,10833331,OVARY,female,1w,2,full,pooled,0.004067207216830626
90560015512,10700102,SKM-GN,female,1w,2,full,pooled,0.009091092242129672
90283015512,10139044,SKM-GN,male,4w,2,full,pooled,0.004745609602816558
90239015512,10027599,SKM-GN,male,control,2,full,pooled,0.018581103269908916
90245015512,10043527,SKM-GN,female,control,2,full,pooled,0.012495730391152815
90576015512,10729518,SKM-GN,female,2w,2,full,pooled,0.041504486446049316
90217015512,10023259,SKM-GN,male,control,2,full,pooled,0.007887268894303912
90559015512,10950486,SKM-GN,female,1w,2,full,pooled,0.029357670545124837
90232015512,10026789,SKM-GN,male,control,2,full,pooled,0.03378320198128926
90420015512,10411690,SKM-GN,female,4w,2,full,pooled,0.020406419035074008
90422015512,10422463,SKM-GN,male,1w,2,full,pooled,0.028538626972333225
90237015512,10027327,SKM-GN,male,control,2,full,pooled,0.030649224197861757
90410015512,10335064,SKM-GN,female,4w,2,full,pooled,0.03240042504061047
90265015512,10046119,SKM-GN,female,control,2,full,pooled,0.025248127464937098
90252015512,10044337,SKM-GN,female,control,2,full,pooled,0.011807743234863777
90227015512,10026193,SKM-GN,male,8w,2,full,pooled,0.09098254891893698
90450015512,10672656,SKM-GN,male,2w,2,full,pooled,0.027626507606044015
90416015512,10381414,SKM-GN,female,4w,2,full,pooled,0.01998472296578413
90222015512,10025626,SKM-GN,male,8w,2,full,pooled,0.054788480514923577
90444015512,10587543,SKM-GN,male,2w,2,full,pooled,0.03457811312154424
90251015512,10044256,SKM-GN,female,8w,2,full,pooled,0.04357688891927847
90564015512,10833331,SKM-GN,female,1w,2,full,pooled,0.03294074791403678
90259015512,10045309,SKM-GN,female,8w,2,full,pooled,0.04380375583355811
90217015603,10023259,SKM-VL,male,control,2,full,pooled,0.034039417371001024
90222015603,10025626,SKM-VL,male,8w,2,full,pooled,0.5012878393742478
90227015603,10026193,SKM-VL,male,8w,2,full,pooled,0.04785223052739895
90232015603,10026789,SKM-VL,male,control,2,full,pooled,0.008551069041331849
90237015603,10027327,SKM-VL,male,control,2,full,pooled,0.17809440367965834
90239015603,10027599,SKM-VL,male,control,2,full,pooled,0.09069640934080525
90245015603,10043527,SKM-VL,female,control,2,full,pooled,0.01020950216392047
90251015603,10044256,SKM-VL,female,8w,2,full,pooled,0.01820261891561159
90252015603,10044337,SKM-VL,female,control,2,full,pooled,0.05218933242523904
90259015603,10045309,SKM-VL,female,8w,2,full,pooled,0.04773828887779785
90265015603,10046119,SKM-VL,female,control,2,full,pooled,0.043130042414893155
90283015603,10139044,SKM-VL,male,4w,2,full,pooled,0.019767823257426986
90410015603,10335064,SKM-VL,female,4w,2,full,pooled,0.05752958595175417
90416015603,10381414,SKM-VL,female,4w,2,full,pooled,0.011123726732827244
90420015603,10411690,SKM-VL,female,4w,2,full,pooled,0.028665667807505568
90422015603,10422463,SKM-VL,male,1w,2,full,pooled,0.03474307867675741
90444015603,10587543,SKM-VL,male,2w,2,full,pooled,0.014185720470352714
90450015603,10672656,SKM-VL,male,2w,2,full,pooled,0.02984061316867559
90559015603,10950486,SKM-VL,female,1w,2,full,pooled,0.14763010098581741
90560015603,10700102,SKM-VL,female,1w,2,full,pooled,0.03436654744496159
90564015603,10833331,SKM-VL,female,1w,2,full,pooled,0.12093741371109945
90576015603,10729518,SKM-VL,female,2w,2,full,pooled,0.030618334962462357
90416016702,10381414,SMLINT,female,4w,2,full,pooled,0.000884640763380129
90576016702,10729518,SMLINT,female,2w,2,full,pooled,0.0010299778214326594
90444016702,10587543,SMLINT,male,2w,2,full,pooled,0.0014057344335761668
90239016702,10027599,SMLINT,male,control,2,full,pooled,0.0010930205169906726
90245016702,10043527,SMLINT,female,control,2,full,pooled,0.0009954446489405244
90259016702,10045309,SMLINT,female,8w,2,full,pooled,0.0008926915272891023
90450016702,10672656,SMLINT,male,2w,2,full,pooled,0.0014155650316231005
90232016702,10026789,SMLINT,male,control,2,full,pooled,0.001112935051364894
90559016702,10950486,SMLINT,female,1w,2,full,pooled,0.000876605684833387
90410016702,10335064,SMLINT,female,4w,2,full,pooled,0.0009872424630864574
90420016702,10411690,SMLINT,female,4w,2,full,pooled,0.0008699918601147161
90217016702,10023259,SMLINT,male,control,2,full,pooled,0.0018349907928479903
90564016702,10833331,SMLINT,female,1w,2,full,pooled,0.0008769133692243525
90227016702,10026193,SMLINT,male,8w,2,full,pooled,0.004215557584418939
90237016702,10027327,SMLINT,male,control,2,full,pooled,0.0010440809388557737
90265016702,10046119,SMLINT,female,control,2,full,pooled,0.0014328430896630717
90283016702,10139044,SMLINT,male,4w,2,full,pooled,0.006351619855714752
90560016702,10700102,SMLINT,female,1w,2,full,pooled,0.000925914053333754
90251016702,10044256,SMLINT,female,8w,2,full,pooled,0.0033368786009336793
90422016702,10422463,SMLINT,male,1w,2,full,pooled,0.0011447069173994295
90222016702,10025626,SMLINT,male,8w,2,full,pooled,0.0013857923061560973
90252016702,10044337,SMLINT,female,control,2,full,pooled,0.021504722155885392
90217016202,10023259,SPLEEN,male,control,2,full,pooled,0.0023569534010151605
90222016202,10025626,SPLEEN,male,8w,2,full,pooled,0.0016553308040306858
90227016202,10026193,SPLEEN,male,8w,2,full,pooled,0.0020760063651709126
90232016202,10026789,SPLEEN,male,control,2,full,pooled,0.002051765005329109
90237016202,10027327,SPLEEN,male,control,2,full,pooled,0.0018921526447430725
90239016202,10027599,SPLEEN,male,control,2,full,pooled,0.0020515697807572675
90245016202,10043527,SPLEEN,female,control,2,full,pooled,0.0019678685099199233
90251016202,10044256,SPLEEN,female,8w,2,full,pooled,0.0017634966663427898
90252016202,10044337,SPLEEN,female,control,2,full,pooled,0.0017761508179749974
90259016202,10045309,SPLEEN,female,8w,2,full,pooled,0.002016405238832064
90265016202,10046119,SPLEEN,female,control,2,full,pooled,0.001967376562511114
90283016202,10139044,SPLEEN,male,4w,2,full,pooled,0.0025992937089588386
90410016202,10335064,SPLEEN,female,4w,2,full,pooled,0.001788783333311339
90416016202,10381414,SPLEEN,female,4w,2,full,pooled,0.001988159211771645
90420016202,10411690,SPLEEN,female,4w,2,full,pooled,0.001958454812095556
90422016202,10422463,SPLEEN,male,1w,2,full,pooled,0.001927119434232405
90444016202,10587543,SPLEEN,male,2w,2,full,pooled,0.001856544149612338
90450016202,10672656,SPLEEN,male,2w,2,full,pooled,0.0017190937719282484
90559016202,10950486,SPLEEN,female,1w,2,full,pooled,0.0017999826440658895
90560016202,10700102,SPLEEN,female,1w,2,full,pooled,0.001947043129278181
90564016202,10833331,SPLEEN,female,1w,2,full,pooled,0.0018660515796289356
90576016202,10729518,SPLEEN,female,2w,2,full,pooled,0.0015387526116731332
90422016302,10422463,TESTES,male,1w,2,full,pooled,0.0009720054618120866
90237016302,10027327,TESTES,male,control,2,full,pooled,0.001274948111774199
90239016302,10027599,TESTES,male,control,2,full,pooled,0.0009128251682345434
90283016302,10139044,TESTES,male,4w,2,full,pooled,0.0009560142748830103
90227016302,10026193,TESTES,male,8w,2,full,pooled,0.0009655636163437009
90222016302,10025626,TESTES,male,8w,2,full,pooled,0.0009385261340454365
90444016302,10587543,TESTES,male,2w,2,full,pooled,0.0008681401670666
90217016302,10023259,TESTES,male,control,2,full,pooled,0.0009479477632194921
90450016302,10672656,TESTES,male,2w,2,full,pooled,0.0008749443675961643
90232016302,10026789,TESTES,male,control,2,full,pooled,0.000986253643019741
90422016502,10422463,VENACV,male,1w,2,full,pooled,0.001550294246665418
90252016502,10044337,VENACV,female,control,2,full,pooled,0.020815370852613868
90237016502,10027327,VENACV,male,control,2,full,pooled,0.0018845268983022079
90576016502,10729518,VENACV,female,2w,2,full,pooled,0.0012848748281950595
90416016502,10381414,VENACV,female,4w,2,full,pooled,0.0863736432640062
90217016502,10023259,VENACV,male,control,2,full,pooled,0.001199425048293623
90245016502,10043527,VENACV,female,control,2,full,pooled,0.0018020536239645724
90444016502,10587543,VENACV,male,2w,2,full,pooled,0.0016320636893921714
90232016502,10026789,VENACV,male,control,2,full,pooled,0.001969423746721932
90283016502,10139044,VENACV,male,4w,2,full,pooled,0.00126139130973546
90227016502,10026193,VENACV,male,8w,2,full,pooled,0.006609939441212687
90564016502,10833331,VENACV,female,1w,2,full,pooled,0.07003664894504802
90259016502,10045309,VENACV,female,8w,2,full,pooled,0.001785775991905214
90239016502,10027599,VENACV,male,control,2,full,pooled,0.0012032192989962498
90222016502,10025626,VENACV,male,8w,2,full,pooled,0.0011580290170898344
90251016502,10044256,VENACV,female,8w,2,full,pooled,0.002495415047388372
90420016502,10411690,VENACV,female,4w,2,full,pooled,0.015159056815593042
90560016502,10700102,VENACV,female,1w,2,full,pooled,0.6405310545317808
90265016502,10046119,VENACV,female,control,2,full,pooled,0.0020256350613575558
90559016502,10950486,VENACV,female,1w,2,full,pooled,0.5719215027958457
90410016502,10335064,VENACV,female,4w,2,full,pooled,0.003511348498994038
90450016502,10672656,VENACV,male,2w,2,full,pooled,0.008898751729748189
90217017005,10023259,WAT-SC,male,control,2,full,pooled,0.0017485590522552386
90222017005,10025626,WAT-SC,male,8w,2,full,pooled,0.0013811396430589706
90227017005,10026193,WAT-SC,male,8w,2,full,pooled,0.0009932794934430778
90232017005,10026789,WAT-SC,male,control,2,full,pooled,0.0016797447597163284
90237017005,10027327,WAT-SC,male,control,2,full,pooled,0.001695426933931321
90239017005,10027599,WAT-SC,male,control,2,full,pooled,0.0035915721412791424
90245017005,10043527,WAT-SC,female,control,2,full,pooled,0.0034209325944234426
90251017005,10044256,WAT-SC,female,8w,2,full,pooled,0.008390819022874196
90252017005,10044337,WAT-SC,female,control,2,full,pooled,0.005851981683559382
90259017005,10045309,WAT-SC,female,8w,2,full,pooled,0.001867278262814298
90265017005,10046119,WAT-SC,female,control,2,full,pooled,0.008365531076126587
90283017005,10139044,WAT-SC,male,4w,2,full,pooled,0.0009296511507634886
90410017005,10335064,WAT-SC,female,4w,2,full,pooled,0.006310754449223577
90416017005,10381414,WAT-SC,female,4w,2,full,pooled,0.0026511254149450547
90420017005,10411690,WAT-SC,female,4w,2,full,pooled,0.01157264341683406
90422017005,10422463,WAT-SC,male,1w,2,full,pooled,0.001983990986766382
90444017005,10587543,WAT-SC,male,2w,2,full,pooled,0.002240567931164894
90450017005,10672656,WAT-SC,male,2w,2,full,pooled,0.0012166759492215906
90559017005,10950486,WAT-SC,female,1w,2,full,pooled,0.006485019276412984
90560017005,10700102,WAT-SC,female,1w,2,full,pooled,0.0015291175940981283
90564017005,10833331,WAT-SC,female,1w,2,full,pooled,0.0067232817718119176
90576017005,10729518,WAT-SC,female,2w,2,full,pooled,0.004936075323045741
90245016902,10043527,BAT,female,control,2,full,one_per_animal,0.006795114836815275
90450016902,10672656,BAT,male,2w,2,full,one_per_animal,0.004522859084761577
90217013001,10023259,BLOOD,male,control,2,full,one_per_animal,0.0006292330477147834
90444016102,10587543,COLON,male,2w,2,full,one_per_animal,0.003553567515084066
90239016102,10027599,COLON,male,control,2,full,one_per_animal,0.002095919695503712
90265015302,10046119,CORTEX,female,control,2,full,one_per_animal,0.006370218038860287
90283015302,10139044,CORTEX,male,4w,2,full,one_per_animal,0.0263551503253866
90237015803,10027327,HEART,male,control,2,full,one_per_animal,0.0023137824029624277
90259015202,10045309,HIPPOC,female,8w,2,full,one_per_animal,0.01455434875690953
90222015402,10025626,HYPOTH,male,8w,2,full,one_per_animal,0.008058782066615477
90232015402,10026789,HYPOTH,male,control,2,full,one_per_animal,0.012702957402821236
90559015402,10950486,HYPOTH,female,1w,2,full,one_per_animal,0.023323042126673355
90560015402,10700102,HYPOTH,female,1w,2,full,one_per_animal,0.017623673214974822
90410015902,10335064,KIDNEY,female,4w,2,full,one_per_animal,0.0012572332977560663
90420016803,10411690,LIVER,female,4w,2,full,one_per_animal,0.001009811759837942
90416016402,10381414,OVARY,female,4w,2,full,one_per_animal,0.0037276687004391684
90564015512,10833331,SKM-GN,female,1w,2,full,one_per_animal,0.03294074791403678
90251015603,10044256,SKM-VL,female,8w,2,full,one_per_animal,0.01820261891561159
90576015603,10729518,SKM-VL,female,2w,2,full,one_per_animal,0.030618334962462357
90227016702,10026193,SMLINT,male,8w,2,full,one_per_animal,0.004215557584418939
90422016202,10422463,SPLEEN,male,1w,2,full,one_per_animal,0.001927119434232405
90252016502,10044337,VENACV,female,control,2,full,one_per_animal,0.020815370852613868
90237016002,10027327,ADRNL,male,control,2,k20,pooled,0.0844930132112679
90576016002,10729518,ADRNL,female,2w,2,k20,pooled,0.07378090499090262
90416016002,10381414,ADRNL,female,4w,2,k20,pooled,0.06711613347911904
90444016002,10587543,ADRNL,male,2w,2,k20,pooled,0.10254135913109463
90450016002,10672656,ADRNL,male,2w,2,k20,pooled,0.0857743552124669
90222016002,10025626,ADRNL,male,8w,2,k20,pooled,0.1676333644035154
90265016002,10046119,ADRNL,female,control,2,k20,pooled,0.10866916039240082
90420016002,10411690,ADRNL,female,4w,2,k20,pooled,0.06793027370814819
90564016002,10833331,ADRNL,female,1w,2,k20,pooled,0.07385108054645251
90217016002,10023259,ADRNL,male,control,2,k20,pooled,0.06046752631034269
90227016002,10026193,ADRNL,male,8w,2,k20,pooled,0.08353301046444117
90239016002,10027599,ADRNL,male,control,2,k20,pooled,0.06199617635936017
90559016002,10950486,ADRNL,female,1w,2,k20,pooled,0.06589575871120712
90252016002,10044337,ADRNL,female,control,2,k20,pooled,0.1423874810147926
90245016002,10043527,ADRNL,female,control,2,k20,pooled,0.06995938741987484
90283016002,10139044,ADRNL,male,4w,2,k20,pooled,0.08209979975781267
90232016002,10026789,ADRNL,male,control,2,k20,pooled,0.06764194316402639
90259016002,10045309,ADRNL,female,8w,2,k20,pooled,0.07400371826991525
90560016002,10700102,ADRNL,female,1w,2,k20,pooled,0.07131882265156497
90251016002,10044256,ADRNL,female,8w,2,k20,pooled,0.08555981169413407
90422016002,10422463,ADRNL,male,1w,2,k20,pooled,0.14147954213201352
90410016002,10335064,ADRNL,female,4w,2,k20,pooled,0.07322365769948391
90217016902,10023259,BAT,male,control,2,k20,pooled,0.5581701234288831
90222016902,10025626,BAT,male,8w,2,k20,pooled,0.4020105832179951
90227016902,10026193,BAT,male,8w,2,k20,pooled,0.46048217957366777
90232016902,10026789,BAT,male,control,2,k20,pooled,0.3356839442055414
90237016902,10027327,BAT,male,control,2,k20,pooled,0.3411237647087546
90239016902,10027599,BAT,male,control,2,k20,pooled,0.2110893512692792
90245016902,10043527,BAT,female,control,2,k20,pooled,0.29653575691270373
90251016902,10044256,BAT,female,8w,2,k20,pooled,0.24512507410489126
90252016902,10044337,BAT,female,control,2,k20,pooled,0.27687046899534773
90259016902,10045309,BAT,female,8w,2,k20,pooled,0.2553214513419362
90265016902,10046119,BAT,female,control,2,k20,pooled,0.2211642174839885
90283016902,10139044,BAT,male,4w,2,k20,pooled,0.3349177388922413
90410016902,10335064,BAT,female,4w,2,k20,pooled,0.2344176986510469
90416016902,10381414,BAT,female,4w,2,k20,pooled,0.15680730235531093
90420016902,10411690,BAT,female,4w,2,k20,pooled,0.23515207637271174
90422016902,10422463,BAT,male,1w,2,k20,pooled,0.29409802803985474
90444016902,10587543,BAT,male,2w,2,k20,pooled,0.25895276643200327
90450016902,10672656,BAT,male,2w,2,k20,pooled,0.23071482793925824
90559016902,10950486,BAT,female,1w,2,k20,pooled,0.2457936555600656
90560016902,10700102,BAT,female,1w,2,k20,pooled,0.2035513826984694
90564016902,10833331,BAT,female,1w,2,k20,pooled,0.2485328756830465
90576016902,10729518,BAT,female,2w,2,k20,pooled,0.22753420927699042
90576013001,10729518,BLOOD,female,2w,2,k20,pooled,0.1670079917120868
90560013001,10700102,BLOOD,female,1w,2,k20,pooled,0.16882404842576149
90559013001,10950486,BLOOD,female,1w,2,k20,pooled,0.1613888645253928
90564013001,10833331,BLOOD,female,1w,2,k20,pooled,0.17074629438674704
90252013001,10044337,BLOOD,female,control,2,k20,pooled,0.1343457835763584
90265013001,10046119,BLOOD,female,control,2,k20,pooled,0.13966634640347486
90416013001,10381414,BLOOD,female,4w,2,k20,pooled,0.139275379156363
90283013001,10139044,BLOOD,male,4w,2,k20,pooled,0.15545230005746258
90422013002,10422463,BLOOD,male,1w,2,k20,pooled,0.1645155470162123
90420013001,10411690,BLOOD,female,4w,2,k20,pooled,0.15529780991178377
90410013001,10335064,BLOOD,female,4w,2,k20,pooled,0.15432960986333222
90450013001,10672656,BLOOD,male,2w,2,k20,pooled,0.18312672259837615
90444013001,10587543,BLOOD,male,2w,2,k20,pooled,0.17531849277503764
90245013002,10043527,BLOOD,female,control,2,k20,pooled,0.11597636731192118
90259013002,10045309,BLOOD,female,8w,2,k20,pooled,0.18922243526933147
90227013002,10026193,BLOOD,male,8w,2,k20,pooled,0.10775998801450648
90239013002,10027599,BLOOD,male,control,2,k20,pooled,0.1411166801844289
90237013002,10027327,BLOOD,male,control,2,k20,pooled,0.1295500581657223
90232013002,10026789,BLOOD,male,control,2,k20,pooled,0.1450155943018493
90222013002,10025626,BLOOD,male,8w,2,k20,pooled,0.1383704085950218
90251013001,10044256,BLOOD,female,8w,2,k20,pooled,0.14452434193587338
90217013001,10023259,BLOOD,male,control,2,k20,pooled,0.11545023570736956
90576016102,10729518,COLON,female,2w,2,k20,pooled,0.12623384519262137
90559016102,10950486,COLON,female,1w,2,k20,pooled,0.12795510903355023
90283016102,10139044,COLON,male,4w,2,k20,pooled,0.1507107728114806
90416016102,10381414,COLON,female,4w,2,k20,pooled,0.13005598548832498
90251016102,10044256,COLON,female,8w,2,k20,pooled,0.12613934775105218
90237016102,10027327,COLON,male,control,2,k20,pooled,0.11919904045901997
90259016102,10045309,COLON,female,8w,2,k20,pooled,0.14254086110949038
90450016102,10672656,COLON,male,2w,2,k20,pooled,0.1322740324898749
90410016102,10335064,COLON,female,4w,2,k20,pooled,0.13309444891388966
90444016102,10587543,COLON,male,2w,2,k20,pooled,0.13345450599584352
90232016102,10026789,COLON,male,control,2,k20,pooled,0.12261671174888711
90217016102,10023259,COLON,male,control,2,k20,pooled,0.12428831458262979
90422016102,10422463,COLON,male,1w,2,k20,pooled,0.11461352353381626
90560016102,10700102,COLON,female,1w,2,k20,pooled,0.14776380016272772
90420016102,10411690,COLON,female,4w,2,k20,pooled,0.12164397533649707
90265016102,10046119,COLON,female,control,2,k20,pooled,0.12451572217665086
90227016102,10026193,COLON,male,8w,2,k20,pooled,0.12690402755122543
90239016102,10027599,COLON,male,control,2,k20,pooled,0.11890974637224982
90222016102,10025626,COLON,male,8w,2,k20,pooled,0.14065081015696845
90564016102,10833331,COLON,female,1w,2,k20,pooled,0.13603095733509185
90245016102,10043527,COLON,female,control,2,k20,pooled,0.14084913614988903
90252016102,10044337,COLON,female,control,2,k20,pooled,0.11582194222048314
90217015302,10023259,CORTEX,male,control,2,k20,pooled,0.3422963067349484
90222015302,10025626,CORTEX,male,8w,2,k20,pooled,0.33391821335887306
90227015302,10026193,CORTEX,male,8w,2,k20,pooled,0.2990953658523987
90232015302,10026789,CORTEX,male,control,2,k20,pooled,0.24098324991982467
90237015302,10027327,CORTEX,male,control,2,k20,pooled,0.24217379424887386
90239015302,10027599,CORTEX,male,control,2,k20,pooled,0.3418997083321339
90245015302,10043527,CORTEX,female,control,2,k20,pooled,0.24568508846431292
90251015302,10044256,CORTEX,female,8w,2,k20,pooled,0.31388781547558287
90252015302,10044337,CORTEX,female,control,2,k20,pooled,0.29258085901312214
90259015302,10045309,CORTEX,female,8w,2,k20,pooled,0.28092689290625283
90265015302,10046119,CORTEX,female,control,2,k20,pooled,0.25205820059592854
90283015302,10139044,CORTEX,male,4w,2,k20,pooled,0.3328996103693739
90410015302,10335064,CORTEX,female,4w,2,k20,pooled,0.24398865961054494
90416015302,10381414,CORTEX,female,4w,2,k20,pooled,0.3258781248210666
90420015302,10411690,CORTEX,female,4w,2,k20,pooled,0.3034629470614538
90422015302,10422463,CORTEX,male,1w,2,k20,pooled,0.28340936476246326
90444015302,10587543,CORTEX,male,2w,2,k20,pooled,0.3325352322000166
90450015302,10672656,CORTEX,male,2w,2,k20,pooled,0.3109236994168362
90559015302,10950486,CORTEX,female,1w,2,k20,pooled,0.26183599857707285
90560015302,10700102,CORTEX,female,1w,2,k20,pooled,0.3145366893609439
90564015302,10833331,CORTEX,female,1w,2,k20,pooled,0.33245438850604536
90576015302,10729518,CORTEX,female,2w,2,k20,pooled,0.29821066427788734
90559015803,10950486,HEART,female,1w,2,k20,pooled,0.198866955118985
90564015803,10833331,HEART,female,1w,2,k20,pooled,0.17522558554696477
90420015803,10411690,HEART,female,4w,2,k20,pooled,0.1482499116599898
90576015803,10729518,HEART,female,2w,2,k20,pooled,0.15262527587359076
90410015803,10335064,HEART,female,4w,2,k20,pooled,0.15541940755159744
90222015803,10025626,HEART,male,8w,2,k20,pooled,0.1666488148016564
90239015803,10027599,HEART,male,control,2,k20,pooled,0.16311233951905058
90560015803,10700102,HEART,female,1w,2,k20,pooled,0.12916457469170983
90422015803,10422463,HEART,male,1w,2,k20,pooled,0.1609783236115725
90252015803,10044337,HEART,female,control,2,k20,pooled,0.20631378638462972
90217015803,10023259,HEART,male,control,2,k20,pooled,0.17895525481551178
90245015803,10043527,HEART,female,control,2,k20,pooled,0.20227593043379366
90227015803,10026193,HEART,male,8w,2,k20,pooled,0.17434935431449905
90237015803,10027327,HEART,male,control,2,k20,pooled,0.1663410362365253
90416015803,10381414,HEART,female,4w,2,k20,pooled,0.1968095884839155
90450015803,10672656,HEART,male,2w,2,k20,pooled,0.15037975494242906
90283015803,10139044,HEART,male,4w,2,k20,pooled,0.2024744181240482
90259015803,10045309,HEART,female,8w,2,k20,pooled,0.1546460507456493
90251015803,10044256,HEART,female,8w,2,k20,pooled,0.24230449779240715
90232015803,10026789,HEART,male,control,2,k20,pooled,0.15543065938386758
90265015803,10046119,HEART,female,control,2,k20,pooled,0.14505220643574657
90444015803,10587543,HEART,male,2w,2,k20,pooled,0.1585361259731538
90217015202,10023259,HIPPOC,male,control,2,k20,pooled,0.2955972987436002
90222015202,10025626,HIPPOC,male,8w,2,k20,pooled,0.33748039099717075
90227015202,10026193,HIPPOC,male,8w,2,k20,pooled,0.3177682181863487
90232015202,10026789,HIPPOC,male,control,2,k20,pooled,0.26372420797114193
90237015202,10027327,HIPPOC,male,control,2,k20,pooled,0.34819814106624647
90239015202,10027599,HIPPOC,male,control,2,k20,pooled,0.3007427806204105
90245015202,10043527,HIPPOC,female,control,2,k20,pooled,0.29448683173414203
90251015202,10044256,HIPPOC,female,8w,2,k20,pooled,0.2284723931893171
90252015202,10044337,HIPPOC,female,control,2,k20,pooled,0.28222432320306856
90259015202,10045309,HIPPOC,female,8w,2,k20,pooled,0.25860957594668255
90265015202,10046119,HIPPOC,female,control,2,k20,pooled,0.2607547494403363
90283015202,10139044,HIPPOC,male,4w,2,k20,pooled,0.3324767925205684
90410015202,10335064,HIPPOC,female,4w,2,k20,pooled,0.3748259684269898
90416015202,10381414,HIPPOC,female,4w,2,k20,pooled,0.3004428105927668
90420015202,10411690,HIPPOC,female,4w,2,k20,pooled,0.31315762716211837
90422015202,10422463,HIPPOC,male,1w,2,k20,pooled,0.2747303905402212
90444015202,10587543,HIPPOC,male,2w,2,k20,pooled,0.29108644902607617
90450015202,10672656,HIPPOC,male,2w,2,k20,pooled,0.2791065012861055
90559015202,10950486,HIPPOC,female,1w,2,k20,pooled,0.28200180963249233
90560015202,10700102,HIPPOC,female,1w,2,k20,pooled,0.33114854654104897
90564015202,10833331,HIPPOC,female,1w,2,k20,pooled,0.22834592927034558
90576015202,10729518,HIPPOC,female,2w,2,k20,pooled,0.2865009912128441
90217015402,10023259,HYPOTH,male,control,2,k20,pooled,0.20621232234879072
90222015402,10025626,HYPOTH,male,8w,2,k20,pooled,0.24391267384188942
90227015402,10026193,HYPOTH,male,8w,2,k20,pooled,0.24926685889784594
90232015402,10026789,HYPOTH,male,control,2,k20,pooled,0.2590458745694443
90237015402,10027327,HYPOTH,male,control,2,k20,pooled,0.23638091948059514
90239015402,10027599,HYPOTH,male,control,2,k20,pooled,0.25089018542169583
90245015402,10043527,HYPOTH,female,control,2,k20,pooled,0.22776899086728708
90251015402,10044256,HYPOTH,female,8w,2,k20,pooled,0.2206173547131305
90252015402,10044337,HYPOTH,female,control,2,k20,pooled,0.2358736913067463
90259015402,10045309,HYPOTH,female,8w,2,k20,pooled,0.2236625532895321
90265015402,10046119,HYPOTH,female,control,2,k20,pooled,0.2359492644359884
90283015402,10139044,HYPOTH,male,4w,2,k20,pooled,0.22163448695999022
90410015402,10335064,HYPOTH,female,4w,2,k20,pooled,0.2525695580433768
90416015402,10381414,HYPOTH,female,4w,2,k20,pooled,0.2292629907191206
90420015402,10411690,HYPOTH,female,4w,2,k20,pooled,0.229020429219023
90422015402,10422463,HYPOTH,male,1w,2,k20,pooled,0.2434669166645459
90444015402,10587543,HYPOTH,male,2w,2,k20,pooled,0.2323623692835073
90450015402,10672656,HYPOTH,male,2w,2,k20,pooled,0.27373990967282735
90559015402,10950486,HYPOTH,female,1w,2,k20,pooled,0.22640741011436227
90560015402,10700102,HYPOTH,female,1w,2,k20,pooled,0.3999904105627389
90564015402,10833331,HYPOTH,female,1w,2,k20,pooled,0.2209520387399705
90576015402,10729518,HYPOTH,female,2w,2,k20,pooled,0.24048361234267912
90217015902,10023259,KIDNEY,male,control,2,k20,pooled,0.12602683551036598
90222015902,10025626,KIDNEY,male,8w,2,k20,pooled,0.1401088397518313
90227015902,10026193,KIDNEY,male,8w,2,k20,pooled,0.12901536253878598
90232015902,10026789,KIDNEY,male,control,2,k20,pooled,0.12845860551329347
90237015902,10027327,KIDNEY,male,control,2,k20,pooled,0.11796861681071791
90239015902,10027599,KIDNEY,male,control,2,k20,pooled,0.12586247679950235
90245015902,10043527,KIDNEY,female,control,2,k20,pooled,0.121099585496106
90251015902,10044256,KIDNEY,female,8w,2,k20,pooled,0.12979230251483564
90252015902,10044337,KIDNEY,female,control,2,k20,pooled,0.12804794492053395
90259015902,10045309,KIDNEY,female,8w,2,k20,pooled,0.1408636921955424
90265015902,10046119,KIDNEY,female,control,2,k20,pooled,0.13810078806526982
90283015902,10139044,KIDNEY,male,4w,2,k20,pooled,0.12399579998630805
90410015902,10335064,KIDNEY,female,4w,2,k20,pooled,0.13159344465476153
90416015902,10381414,KIDNEY,female,4w,2,k20,pooled,0.12194383465348324
90420015902,10411690,KIDNEY,female,4w,2,k20,pooled,0.12311491791943385
90422015902,10422463,KIDNEY,male,1w,2,k20,pooled,0.1278206030930027
90444015902,10587543,KIDNEY,male,2w,2,k20,pooled,0.12917075480648932
90450015902,10672656,KIDNEY,male,2w,2,k20,pooled,0.13780020841926055
90559015902,10950486,KIDNEY,female,1w,2,k20,pooled,0.14002274701113393
90560015902,10700102,KIDNEY,female,1w,2,k20,pooled,0.1217709431228775
90564015902,10833331,KIDNEY,female,1w,2,k20,pooled,0.13793746981471167
90576015902,10729518,KIDNEY,female,2w,2,k20,pooled,0.12203383300100934
90217016803,10023259,LIVER,male,control,2,k20,pooled,0.113425882821788
90222016803,10025626,LIVER,male,8w,2,k20,pooled,0.10766449075545592
90227016803,10026193,LIVER,male,8w,2,k20,pooled,0.11724812894896985
90232016803,10026789,LIVER,male,control,2,k20,pooled,0.11394390170552926
90237016803,10027327,LIVER,male,control,2,k20,pooled,0.11483418670914669
90239016803,10027599,LIVER,male,control,2,k20,pooled,0.13659968939856382
90245016803,10043527,LIVER,female,control,2,k20,pooled,0.1253072672446005
90251016803,10044256,LIVER,female,8w,2,k20,pooled,0.14531940563262447
90252016803,10044337,LIVER,female,control,2,k20,pooled,0.13321938817905
90259016803,10045309,LIVER,female,8w,2,k20,pooled,0.1355269829936998
90265016803,10046119,LIVER,female,control,2,k20,pooled,0.14400159094730236
90283016803,10139044,LIVER,male,4w,2,k20,pooled,0.11004395740753947
90410016803,10335064,LIVER,female,4w,2,k20,pooled,0.14008348277449478
90416016803,10381414,LIVER,female,4w,2,k20,pooled,0.14387665988177079
90420016803,10411690,LIVER,female,4w,2,k20,pooled,0.13313275332867913
90422016803,10422463,LIVER,male,1w,2,k20,pooled,0.12259280266133232
90444016803,10587543,LIVER,male,2w,2,k20,pooled,0.12212767019890347
90450016803,10672656,LIVER,male,2w,2,k20,pooled,0.11482141399210744
90559016803,10950486,LIVER,female,1w,2,k20,pooled,0.13519668607837187
90560016803,10700102,LIVER,female,1w,2,k20,pooled,0.1366133281563282
90564016803,10833331,LIVER,female,1w,2,k20,pooled,0.12893611647762449
90576016803,10729518,LIVER,female,2w,2,k20,pooled,0.14698455478183636
90564016603,10833331,LUNG,female,1w,2,k20,pooled,0.14780390146080857
90259016603,10045309,LUNG,female,8w,2,k20,pooled,0.13157284386954948
90232016603,10026789,LUNG,male,control,2,k20,pooled,0.13231399266716481
90410016603,10335064,LUNG,female,4w,2,k20,pooled,0.13433931280241207
90239016603,10027599,LUNG,male,control,2,k20,pooled,0.12716936022790226
90444016603,10587543,LUNG,male,2w,2,k20,pooled,0.1282512765597078
90237016603,10027327,LUNG,male,control,2,k20,pooled,0.13537634995714254
90252016603,10044337,LUNG,female,control,2,k20,pooled,0.13946417878233386
90251016603,10044256,LUNG,female,8w,2,k20,pooled,0.14662983259364615
90416016603,10381414,LUNG,female,4w,2,k20,pooled,0.13019447754144042
90560016603,10700102,LUNG,female,1w,2,k20,pooled,0.1275140036078879
90576016603,10729518,LUNG,female,2w,2,k20,pooled,0.12536333327300908
90227016603,10026193,LUNG,male,8w,2,k20,pooled,0.13890721838686482
90422016603,10422463,LUNG,male,1w,2,k20,pooled,0.1315840983975738
90420016603,10411690,LUNG,female,4w,2,k20,pooled,0.14167590243722838
90222016603,10025626,LUNG,male,8w,2,k20,pooled,0.12545927026064396
90450016603,10672656,LUNG,male,2w,2,k20,pooled,0.12636819980448066
90559016603,10950486,LUNG,female,1w,2,k20,pooled,0.14309220161984793
90283016603,10139044,LUNG,male,4w,2,k20,pooled,0.13087137447722763
90265016603,10046119,LUNG,female,control,2,k20,pooled,0.13604802455656873
90245016603,10043527,LUNG,female,control,2,k20,pooled,0.13726983968086592
90217016603,10023259,LUNG,male,control,2,k20,pooled,0.13319939390577773
90259016402,10045309,OVARY,female,8w,2,k20,pooled,0.27386773705999023
90252016402,10044337,OVARY,female,control,2,k20,pooled,0.1537868311995073
90559016402,10950486,OVARY,female,1w,2,k20,pooled,0.18472199069197626
90576016402,10729518,OVARY,female,2w,2,k20,pooled,0.2340623456234554
90416016402,10381414,OVARY,female,4w,2,k20,pooled,0.12261071772999499
90265016402,10046119,OVARY,female,control,2,k20,pooled,0.12288377071886569
90420016402,10411690,OVARY,female,4w,2,k20,pooled,0.12973681688168615
90245016402,10043527,OVARY,female,control,2,k20,pooled,0.14233393171287856
90251016402,10044256,OVARY,female,8w,2,k20,pooled,0.15121840068416048
90560016402,10700102,OVARY,female,1w,2,k20,pooled,0.18623993235700298
90564016402,10833331,OVARY,female,1w,2,k20,pooled,0.2026335979476226
90560015512,10700102,SKM-GN,female,1w,2,k20,pooled,0.3487067672668902
90283015512,10139044,SKM-GN,male,4w,2,k20,pooled,0.30303298197223005
90239015512,10027599,SKM-GN,male,control,2,k20,pooled,0.41276200229774496
90245015512,10043527,SKM-GN,female,control,2,k20,pooled,0.35780923437599976
90576015512,10729518,SKM-GN,female,2w,2,k20,pooled,0.4368109485013085
90217015512,10023259,SKM-GN,male,control,2,k20,pooled,0.3364274862204599
90559015512,10950486,SKM-GN,female,1w,2,k20,pooled,0.45884584290262875
90232015512,10026789,SKM-GN,male,control,2,k20,pooled,0.4555670134383427
90420015512,10411690,SKM-GN,female,4w,2,k20,pooled,0.3940832788768144
90422015512,10422463,SKM-GN,male,1w,2,k20,pooled,0.3596214817103316
90237015512,10027327,SKM-GN,male,control,2,k20,pooled,0.4609267802796635
90410015512,10335064,SKM-GN,female,4w,2,k20,pooled,0.40889161873079993
90265015512,10046119,SKM-GN,female,control,2,k20,pooled,0.49696972034927034
90252015512,10044337,SKM-GN,female,control,2,k20,pooled,0.35061539443470935
90227015512,10026193,SKM-GN,male,8w,2,k20,pooled,0.506935561634434
90450015512,10672656,SKM-GN,male,2w,2,k20,pooled,0.4095583451110183
90416015512,10381414,SKM-GN,female,4w,2,k20,pooled,0.38020256801085694
90222015512,10025626,SKM-GN,male,8w,2,k20,pooled,0.505283270657499
90444015512,10587543,SKM-GN,male,2w,2,k20,pooled,0.4053095898824278
90251015512,10044256,SKM-GN,female,8w,2,k20,pooled,0.3699623129444668
90564015512,10833331,SKM-GN,female,1w,2,k20,pooled,0.4667641245604317
90259015512,10045309,SKM-GN,female,8w,2,k20,pooled,0.3974156194988848
90217015603,10023259,SKM-VL,male,control,2,k20,pooled,0.2692509749146714
90222015603,10025626,SKM-VL,male,8w,2,k20,pooled,0.6572576056577719
90227015603,10026193,SKM-VL,male,8w,2,k20,pooled,0.28480086098960355
90232015603,10026789,SKM-VL,male,control,2,k20,pooled,0.2335917283194907
90237015603,10027327,SKM-VL,male,control,2,k20,pooled,0.5259721891955045
90239015603,10027599,SKM-VL,male,control,2,k20,pooled,0.5725481105002943
90245015603,10043527,SKM-VL,female,control,2,k20,pooled,0.2675408766437608
90251015603,10044256,SKM-VL,female,8w,2,k20,pooled,0.4801654504317142
90252015603,10044337,SKM-VL,female,control,2,k20,pooled,0.5389643302202338
90259015603,10045309,SKM-VL,female,8w,2,k20,pooled,0.42924769799059803
90265015603,10046119,SKM-VL,female,control,2,k20,pooled,0.42383063431096146
90283015603,10139044,SKM-VL,male,4w,2,k20,pooled,0.32113370815468667
90410015603,10335064,SKM-VL,female,4w,2,k20,pooled,0.5504811610550754
90416015603,10381414,SKM-VL,female,4w,2,k20,pooled,0.38594091918856155
90420015603,10411690,SKM-VL,female,4w,2,k20,pooled,0.4718095754419993
90422015603,10422463,SKM-VL,male,1w,2,k20,pooled,0.3900996953823732
90444015603,10587543,SKM-VL,male,2w,2,k20,pooled,0.25464337499686385
90450015603,10672656,SKM-VL,male,2w,2,k20,pooled,0.5564602451341041
90559015603,10950486,SKM-VL,female,1w,2,k20,pooled,0.5410106227117308
90560015603,10700102,SKM-VL,female,1w,2,k20,pooled,0.5543675039586575
90564015603,10833331,SKM-VL,female,1w,2,k20,pooled,0.4773245938386693
90576015603,10729518,SKM-VL,female,2w,2,k20,pooled,0.5336018050444455
90416016702,10381414,SMLINT,female,4w,2,k20,pooled,0.11598922107670384
90576016702,10729518,SMLINT,female,2w,2,k20,pooled,0.10316244644930805
90444016702,10587543,SMLINT,male,2w,2,k20,pooled,0.11115081662187487
90239016702,10027599,SMLINT,male,control,2,k20,pooled,0.12111650820491215
90245016702,10043527,SMLINT,female,control,2,k20,pooled,0.12667195061058212
90259016702,10045309,SMLINT,female,8w,2,k20,pooled,0.13287061924681576
90450016702,10672656,SMLINT,male,2w,2,k20,pooled,0.13609497298188888
90232016702,10026789,SMLINT,male,control,2,k20,pooled,0.1193723010203862
90559016702,10950486,SMLINT,female,1w,2,k20,pooled,0.12578992457572813
90410016702,10335064,SMLINT,female,4w,2,k20,pooled,0.1333047959935022
90420016702,10411690,SMLINT,female,4w,2,k20,pooled,0.12100592094911877
90217016702,10023259,SMLINT,male,control,2,k20,pooled,0.12455185368623312
90564016702,10833331,SMLINT,female,1w,2,k20,pooled,0.11079464625916913
90227016702,10026193,SMLINT,male,8w,2,k20,pooled,0.12720969907700463
90237016702,10027327,SMLINT,male,control,2,k20,pooled,0.12315898195210684
90265016702,10046119,SMLINT,female,control,2,k20,pooled,0.12201426421865202
90283016702,10139044,SMLINT,male,4w,2,k20,pooled,0.12499584080023562
90560016702,10700102,SMLINT,female,1w,2,k20,pooled,0.10915620469543941
90251016702,10044256,SMLINT,female,8w,2,k20,pooled,0.12576445598475305
90422016702,10422463,SMLINT,male,1w,2,k20,pooled,0.1145602214098208
90222016702,10025626,SMLINT,male,8w,2,k20,pooled,0.1299649617468771
90252016702,10044337,SMLINT,female,control,2,k20,pooled,0.22144993942983537
90217016202,10023259,SPLEEN,male,control,2,k20,pooled,0.1401511613364359
90222016202,10025626,SPLEEN,male,8w,2,k20,pooled,0.17692020916298123
90227016202,10026193,SPLEEN,male,8w,2,k20,pooled,0.20430363127694096
90232016202,10026789,SPLEEN,male,control,2,k20,pooled,0.16294054264943747
90237016202,10027327,SPLEEN,male,control,2,k20,pooled,0.16004436505520236
90239016202,10027599,SPLEEN,male,control,2,k20,pooled,0.14897055195570574
90245016202,10043527,SPLEEN,female,control,2,k20,pooled,0.15133023130791345
90251016202,10044256,SPLEEN,female,8w,2,k20,pooled,0.17597314558448174
90252016202,10044337,SPLEEN,female,control,2,k20,pooled,0.17495747585402777
90259016202,10045309,SPLEEN,female,8w,2,k20,pooled,0.14678663309990503
90265016202,10046119,SPLEEN,female,control,2,k20,pooled,0.16117162501537008
90283016202,10139044,SPLEEN,male,4w,2,k20,pooled,0.15162901501842618
90410016202,10335064,SPLEEN,female,4w,2,k20,pooled,0.14352952643953576
90416016202,10381414,SPLEEN,female,4w,2,k20,pooled,0.1318975425381732
90420016202,10411690,SPLEEN,female,4w,2,k20,pooled,0.149903635156575
90422016202,10422463,SPLEEN,male,1w,2,k20,pooled,0.15348994715092967
90444016202,10587543,SPLEEN,male,2w,2,k20,pooled,0.19237130486087572
90450016202,10672656,SPLEEN,male,2w,2,k20,pooled,0.18132842939401428
90559016202,10950486,SPLEEN,female,1w,2,k20,pooled,0.14430233718547714
90560016202,10700102,SPLEEN,female,1w,2,k20,pooled,0.14840032853386542
90564016202,10833331,SPLEEN,female,1w,2,k20,pooled,0.160488754433049
90576016202,10729518,SPLEEN,female,2w,2,k20,pooled,0.17589622161288954
90422016302,10422463,TESTES,male,1w,2,k20,pooled,0.14671540320128984
90237016302,10027327,TESTES,male,control,2,k20,pooled,0.14730183812485498
90239016302,10027599,TESTES,male,control,2,k20,pooled,0.1417884120887799
90283016302,10139044,TESTES,male,4w,2,k20,pooled,0.1442972421818648
90227016302,10026193,TESTES,male,8w,2,k20,pooled,0.14468562405165963
90222016302,10025626,TESTES,male,8w,2,k20,pooled,0.14572663979041944
90444016302,10587543,TESTES,male,2w,2,k20,pooled,0.15066009086593946
90217016302,10023259,TESTES,male,control,2,k20,pooled,0.14446046293437753
90450016302,10672656,TESTES,male,2w,2,k20,pooled,0.14908255465754539
90232016302,10026789,TESTES,male,control,2,k20,pooled,0.1442801228094982
90422016502,10422463,VENACV,male,1w,2,k20,pooled,0.12255741157292144
90252016502,10044337,VENACV,female,control,2,k20,pooled,0.14912490793440303
90237016502,10027327,VENACV,male,control,2,k20,pooled,0.11548308199782076
90576016502,10729518,VENACV,female,2w,2,k20,pooled,0.6623842433435496
90416016502,10381414,VENACV,female,4w,2,k20,pooled,0.43763133999685744
90217016502,10023259,VENACV,male,control,2,k20,pooled,0.15020337852090127
90245016502,10043527,VENACV,female,control,2,k20,pooled,0.10237188220442217
90444016502,10587543,VENACV,male,2w,2,k20,pooled,0.10725067893368578
90232016502,10026789,VENACV,male,control,2,k20,pooled,0.19807229968620144
90283016502,10139044,VENACV,male,4w,2,k20,pooled,0.13344694526802703
90227016502,10026193,VENACV,male,8w,2,k20,pooled,0.2048912429537817
90564016502,10833331,VENACV,female,1w,2,k20,pooled,0.8648392528134057
90259016502,10045309,VENACV,female,8w,2,k20,pooled,0.08589391529404922
90239016502,10027599,VENACV,male,control,2,k20,pooled,0.12684323960431743
90222016502,10025626,VENACV,male,8w,2,k20,pooled,0.14165820438914767
90251016502,10044256,VENACV,female,8w,2,k20,pooled,0.15353235237964413
90420016502,10411690,VENACV,female,4w,2,k20,pooled,0.47430630508640403
90560016502,10700102,VENACV,female,1w,2,k20,pooled,0.8554733008833858
90265016502,10046119,VENACV,female,control,2,k20,pooled,0.14802626453610912
90559016502,10950486,VENACV,female,1w,2,k20,pooled,0.855468397575058
90410016502,10335064,VENACV,female,4w,2,k20,pooled,0.12504867492745175
90450016502,10672656,VENACV,male,2w,2,k20,pooled,0.2245721993094889
90217017005,10023259,WAT-SC,male,control,2,k20,pooled,0.06620384706061577
90222017005,10025626,WAT-SC,male,8w,2,k20,pooled,0.08277578009904396
90227017005,10026193,WAT-SC,male,8w,2,k20,pooled,0.07391001878768233
90232017005,10026789,WAT-SC,male,control,2,k20,pooled,0.05406130202770909
90237017005,10027327,WAT-SC,male,control,2,k20,pooled,0.1164349334532192
90239017005,10027599,WAT-SC,male,control,2,k20,pooled,0.17329538467853345
90245017005,10043527,WAT-SC,female,control,2,k20,pooled,0.1918280166124703
90251017005,10044256,WAT-SC,female,8w,2,k20,pooled,0.1462361457986434
90252017005,10044337,WAT-SC,female,control,2,k20,pooled,0.2544000302707139
90259017005,10045309,WAT-SC,female,8w,2,k20,pooled,0.08661629510953439
90265017005,10046119,WAT-SC,female,control,2,k20,pooled,0.26767570204426683
90283017005,10139044,WAT-SC,male,4w,2,k20,pooled,0.07705454890102736
90410017005,10335064,WAT-SC,female,4w,2,k20,pooled,0.15659059677161935
90416017005,10381414,WAT-SC,female,4w,2,k20,pooled,0.13498130512575668
90420017005,10411690,WAT-SC,female,4w,2,k20,pooled,0.21800267759651804
90422017005,10422463,WAT-SC,male,1w,2,k20,pooled,0.07034578013136772
90444017005,10587543,WAT-SC,male,2w,2,k20,pooled,0.09593833897688464
90450017005,10672656,WAT-SC,male,2w,2,k20,pooled,0.07338700055164515
90559017005,10950486,WAT-SC,female,1w,2,k20,pooled,0.23060417021503532
90560017005,10700102,WAT-SC,female,1w,2,k20,pooled,0.09392204342051047
90564017005,10833331,WAT-SC,female,1w,2,k20,pooled,0.21829185334993828
90576017005,10729518,WAT-SC,female,2w,2,k20,pooled,0.11048986971270314
90245016902,10043527,BAT,female,control,2,k20,one_per_animal,0.29653575691270373
90450016902,10672656,BAT,male,2w,2,k20,one_per_animal,0.23071482793925824
90217013001,10023259,BLOOD,male,control,2,k20,one_per_animal,0.11545023570736956
90444016102,10587543,COLON,male,2w,2,k20,one_per_animal,0.13345450599584352
90239016102,10027599,COLON,male,control,2,k20,one_per_animal,0.11890974637224982
90265015302,10046119,CORTEX,female,control,2,k20,one_per_animal,0.25205820059592854
90283015302,10139044,CORTEX,male,4w,2,k20,one_per_animal,0.3328996103693739
90237015803,10027327,HEART,male,control,2,k20,one_per_animal,0.1663410362365253
90259015202,10045309,HIPPOC,female,8w,2,k20,one_per_animal,0.25860957594668255
90222015402,10025626,HYPOTH,male,8w,2,k20,one_per_animal,0.24391267384188942
90232015402,10026789,HYPOTH,male,control,2,k20,one_per_animal,0.2590458745694443
90559015402,10950486,HYPOTH,female,1w,2,k20,one_per_animal,0.22640741011436227
90560015402,10700102,HYPOTH,female,1w,2,k20,one_per_animal,0.3999904105627389
90410015902,10335064,KIDNEY,female,4w,2,k20,one_per_animal,0.13159344465476153
90420016803,10411690,LIVER,female,4w,2,k20,one_per_animal,0.13313275332867913
90416016402,10381414,OVARY,female,4w,2,k20,one_per_animal,0.12261071772999499
90564015512,10833331,SKM-GN,female,1w,2,k20,one_per_animal,0.4667641245604317
90251015603,10044256,SKM-VL,female,8w,2,k20,one_per_animal,0.4801654504317142
90576015603,10729518,SKM-VL,female,2w,2,k20,one_per_animal,0.5336018050444455
90227016702,10026193,SMLINT,male,8w,2,k20,one_per_animal,0.12720969907700463
90422016202,10422463,SPLEEN,male,1w,2,k20,one_per_animal,0.15348994715092967
90252016502,10044337,VENACV,female,control,2,k20,one_per_animal,0.14912490793440303
90237016002,10027327,ADRNL,male,control,2,k50,pooled,0.05065831181933722
90576016002,10729518,ADRNL,female,2w,2,k50,pooled,0.0495842888909136
90416016002,10381414,ADRNL,female,4w,2,k50,pooled,0.04097805419780409
90444016002,10587543,ADRNL,male,2w,2,k50,pooled,0.05357186922365087
90450016002,10672656,ADRNL,male,2w,2,k50,pooled,0.0592788259464212
90222016002,10025626,ADRNL,male,8w,2,k50,pooled,0.10200257086625897
90265016002,10046119,ADRNL,female,control,2,k50,pooled,0.06758891907051057
90420016002,10411690,ADRNL,female,4w,2,k50,pooled,0.041403099714044655
90564016002,10833331,ADRNL,female,1w,2,k50,pooled,0.047649213760319276
90217016002,10023259,ADRNL,male,control,2,k50,pooled,0.04466653619368943
90227016002,10026193,ADRNL,male,8w,2,k50,pooled,0.048686387021200206
90239016002,10027599,ADRNL,male,control,2,k50,pooled,0.03808023032675889
90559016002,10950486,ADRNL,female,1w,2,k50,pooled,0.043103495971077876
90252016002,10044337,ADRNL,female,control,2,k50,pooled,0.08358896768863044
90245016002,10043527,ADRNL,female,control,2,k50,pooled,0.052070576753796116
90283016002,10139044,ADRNL,male,4w,2,k50,pooled,0.05581455430782167
90232016002,10026789,ADRNL,male,control,2,k50,pooled,0.048373532922579954
90259016002,10045309,ADRNL,female,8w,2,k50,pooled,0.0561452294832363
90560016002,10700102,ADRNL,female,1w,2,k50,pooled,0.04346616378997181
90251016002,10044256,ADRNL,female,8w,2,k50,pooled,0.06051359115656685
90422016002,10422463,ADRNL,male,1w,2,k50,pooled,0.09252804525058922
90410016002,10335064,ADRNL,female,4w,2,k50,pooled,0.040833502334163274
90217016902,10023259,BAT,male,control,2,k50,pooled,0.33351313215722544
90222016902,10025626,BAT,male,8w,2,k50,pooled,0.25224743064347155
90227016902,10026193,BAT,male,8w,2,k50,pooled,0.31014102764285256
90232016902,10026789,BAT,male,control,2,k50,pooled,0.1915069308157381
90237016902,10027327,BAT,male,control,2,k50,pooled,0.1889444063300869
90239016902,10027599,BAT,male,control,2,k50,pooled,0.14799188664097085
90245016902,10043527,BAT,female,control,2,k50,pooled,0.20106694609234266
90251016902,10044256,BAT,female,8w,2,k50,pooled,0.14004008165833226
90252016902,10044337,BAT,female,control,2,k50,pooled,0.16413009768289444
90259016902,10045309,BAT,female,8w,2,k50,pooled,0.2249900266225222
90265016902,10046119,BAT,female,control,2,k50,pooled,0.15091194950351383
90283016902,10139044,BAT,male,4w,2,k50,pooled,0.2263166018740519
90410016902,10335064,BAT,female,4w,2,k50,pooled,0.15081696343369644
90416016902,10381414,BAT,female,4w,2,k50,pooled,0.10446216737812752
90420016902,10411690,BAT,female,4w,2,k50,pooled,0.15303488374861862
90422016902,10422463,BAT,male,1w,2,k50,pooled,0.1842922184595409
90444016902,10587543,BAT,male,2w,2,k50,pooled,0.1568581485790299
90450016902,10672656,BAT,male,2w,2,k50,pooled,0.1395609624456413
90559016902,10950486,BAT,female,1w,2,k50,pooled,0.18499104785891718
90560016902,10700102,BAT,female,1w,2,k50,pooled,0.14660392291713453
90564016902,10833331,BAT,female,1w,2,k50,pooled,0.16406843691677664
90576016902,10729518,BAT,female,2w,2,k50,pooled,0.15844166603537968
90576013001,10729518,BLOOD,female,2w,2,k50,pooled,0.07860641782903333
90560013001,10700102,BLOOD,female,1w,2,k50,pooled,0.0789046329966765
90559013001,10950486,BLOOD,female,1w,2,k50,pooled,0.07283053200327672
90564013001,10833331,BLOOD,female,1w,2,k50,pooled,0.07455819086221782
90252013001,10044337,BLOOD,female,control,2,k50,pooled,0.048840369458407085
90265013001,10046119,BLOOD,female,control,2,k50,pooled,0.05614374479209949
90416013001,10381414,BLOOD,female,4w,2,k50,pooled,0.05950684777885096
90283013001,10139044,BLOOD,male,4w,2,k50,pooled,0.07243059719308231
90422013002,10422463,BLOOD,male,1w,2,k50,pooled,0.07491049674599892
90420013001,10411690,BLOOD,female,4w,2,k50,pooled,0.07681192749853338
90410013001,10335064,BLOOD,female,4w,2,k50,pooled,0.0638863305183226
90450013001,10672656,BLOOD,male,2w,2,k50,pooled,0.07501450350390326
90444013001,10587543,BLOOD,male,2w,2,k50,pooled,0.07148939066436721
90245013002,10043527,BLOOD,female,control,2,k50,pooled,0.05057837694063816
90259013002,10045309,BLOOD,female,8w,2,k50,pooled,0.07248767731778383
90227013002,10026193,BLOOD,male,8w,2,k50,pooled,0.03987516590449347
90239013002,10027599,BLOOD,male,control,2,k50,pooled,0.07212375562893303
90237013002,10027327,BLOOD,male,control,2,k50,pooled,0.06495695973637883
90232013002,10026789,BLOOD,male,control,2,k50,pooled,0.06800112000483904
90222013002,10025626,BLOOD,male,8w,2,k50,pooled,0.053444112409152145
90251013001,10044256,BLOOD,female,8w,2,k50,pooled,0.06217828910538936
90217013001,10023259,BLOOD,male,control,2,k50,pooled,0.051306714337023274
90576016102,10729518,COLON,female,2w,2,k50,pooled,0.060716118767276006
90559016102,10950486,COLON,female,1w,2,k50,pooled,0.055111218378339544
90283016102,10139044,COLON,male,4w,2,k50,pooled,0.05415205664829914
90416016102,10381414,COLON,female,4w,2,k50,pooled,0.05383013529547398
90251016102,10044256,COLON,female,8w,2,k50,pooled,0.06636762428055742
90237016102,10027327,COLON,male,control,2,k50,pooled,0.05010600376450913
90259016102,10045309,COLON,female,8w,2,k50,pooled,0.05160176825165641
90450016102,10672656,COLON,male,2w,2,k50,pooled,0.05135037359178252
90410016102,10335064,COLON,female,4w,2,k50,pooled,0.0564068511927901
90444016102,10587543,COLON,male,2w,2,k50,pooled,0.06254528729689646
90232016102,10026789,COLON,male,control,2,k50,pooled,0.04974568768988674
90217016102,10023259,COLON,male,control,2,k50,pooled,0.051072261843543076
90422016102,10422463,COLON,male,1w,2,k50,pooled,0.050742625405897024
90560016102,10700102,COLON,female,1w,2,k50,pooled,0.05505401970259716
90420016102,10411690,COLON,female,4w,2,k50,pooled,0.049269413739766676
90265016102,10046119,COLON,female,control,2,k50,pooled,0.051091885517686286
90227016102,10026193,COLON,male,8w,2,k50,pooled,0.05002243804218287
90239016102,10027599,COLON,male,control,2,k50,pooled,0.054135413683747746
90222016102,10025626,COLON,male,8w,2,k50,pooled,0.047924777821205744
90564016102,10833331,COLON,female,1w,2,k50,pooled,0.05765518760041699
90245016102,10043527,COLON,female,control,2,k50,pooled,0.05715087698193688
90252016102,10044337,COLON,female,control,2,k50,pooled,0.047414800933063495
90217015302,10023259,CORTEX,male,control,2,k50,pooled,0.1659239616432977
90222015302,10025626,CORTEX,male,8w,2,k50,pooled,0.2164012376489679
90227015302,10026193,CORTEX,male,8w,2,k50,pooled,0.13961796486005185
90232015302,10026789,CORTEX,male,control,2,k50,pooled,0.10496998088871345
90237015302,10027327,CORTEX,male,control,2,k50,pooled,0.08604051603020246
90239015302,10027599,CORTEX,male,control,2,k50,pooled,0.16399999170179613
90245015302,10043527,CORTEX,female,control,2,k50,pooled,0.10892350931837802
90251015302,10044256,CORTEX,female,8w,2,k50,pooled,0.1410424059736889
90252015302,10044337,CORTEX,female,control,2,k50,pooled,0.1419110619348345
90259015302,10045309,CORTEX,female,8w,2,k50,pooled,0.14370992104106828
90265015302,10046119,CORTEX,female,control,2,k50,pooled,0.10811984795790808
90283015302,10139044,CORTEX,male,4w,2,k50,pooled,0.15855683068812088
90410015302,10335064,CORTEX,female,4w,2,k50,pooled,0.1222740495224881
90416015302,10381414,CORTEX,female,4w,2,k50,pooled,0.14948480402039332
90420015302,10411690,CORTEX,female,4w,2,k50,pooled,0.12808775900925673
90422015302,10422463,CORTEX,male,1w,2,k50,pooled,0.1489999047583913
90444015302,10587543,CORTEX,male,2w,2,k50,pooled,0.1682865906449914
90450015302,10672656,CORTEX,male,2w,2,k50,pooled,0.1423971217802602
90559015302,10950486,CORTEX,female,1w,2,k50,pooled,0.10586378738144375
90560015302,10700102,CORTEX,female,1w,2,k50,pooled,0.15347302865598944
90564015302,10833331,CORTEX,female,1w,2,k50,pooled,0.16358162368737772
90576015302,10729518,CORTEX,female,2w,2,k50,pooled,0.16443693664021897
90559015803,10950486,HEART,female,1w,2,k50,pooled,0.1146217751867401
90564015803,10833331,HEART,female,1w,2,k50,pooled,0.08715919201472555
90420015803,10411690,HEART,female,4w,2,k50,pooled,0.07679119286557945
90576015803,10729518,HEART,female,2w,2,k50,pooled,0.08574692232981007
90410015803,10335064,HEART,female,4w,2,k50,pooled,0.07843460141130154
90222015803,10025626,HEART,male,8w,2,k50,pooled,0.08495963298980036
90239015803,10027599,HEART,male,control,2,k50,pooled,0.08919342694971077
90560015803,10700102,HEART,female,1w,2,k50,pooled,0.06666976020427928
90422015803,10422463,HEART,male,1w,2,k50,pooled,0.08630323970319675
90252015803,10044337,HEART,female,control,2,k50,pooled,0.09727822484300752
90217015803,10023259,HEART,male,control,2,k50,pooled,0.0937007310722392
90245015803,10043527,HEART,female,control,2,k50,pooled,0.11251712908060141
90227015803,10026193,HEART,male,8w,2,k50,pooled,0.09779957405371642
90237015803,10027327,HEART,male,control,2,k50,pooled,0.08069676627878275
90416015803,10381414,HEART,female,4w,2,k50,pooled,0.09489867201164182
90450015803,10672656,HEART,male,2w,2,k50,pooled,0.07776131196600788
90283015803,10139044,HEART,male,4w,2,k50,pooled,0.09479684688570822
90259015803,10045309,HEART,female,8w,2,k50,pooled,0.08279881571719627
90251015803,10044256,HEART,female,8w,2,k50,pooled,0.11003954872859378
90232015803,10026789,HEART,male,control,2,k50,pooled,0.0825005991725587
90265015803,10046119,HEART,female,control,2,k50,pooled,0.07775328150991101
90444015803,10587543,HEART,male,2w,2,k50,pooled,0.07731955720128114
90217015202,10023259,HIPPOC,male,control,2,k50,pooled,0.19127895617485313
90222015202,10025626,HIPPOC,male,8w,2,k50,pooled,0.14291400560289436
90227015202,10026193,HIPPOC,male,8w,2,k50,pooled,0.1398391470661351
90232015202,10026789,HIPPOC,male,control,2,k50,pooled,0.1648579715891102
90237015202,10027327,HIPPOC,male,control,2,k50,pooled,0.22075960784209292
90239015202,10027599,HIPPOC,male,control,2,k50,pooled,0.16440171920617475
90245015202,10043527,HIPPOC,female,control,2,k50,pooled,0.1542550262794854
90251015202,10044256,HIPPOC,female,8w,2,k50,pooled,0.10967417720135963
90252015202,10044337,HIPPOC,female,control,2,k50,pooled,0.14907240925973775
90259015202,10045309,HIPPOC,female,8w,2,k50,pooled,0.13504641172035292
90265015202,10046119,HIPPOC,female,control,2,k50,pooled,0.16646642907529285
90283015202,10139044,HIPPOC,male,4w,2,k50,pooled,0.18279124910982925
90410015202,10335064,HIPPOC,female,4w,2,k50,pooled,0.25498800803418764
90416015202,10381414,HIPPOC,female,4w,2,k50,pooled,0.17935336432316662
90420015202,10411690,HIPPOC,female,4w,2,k50,pooled,0.1937732875906052
90422015202,10422463,HIPPOC,male,1w,2,k50,pooled,0.15098604681291117
90444015202,10587543,HIPPOC,male,2w,2,k50,pooled,0.17680710220429108
90450015202,10672656,HIPPOC,male,2w,2,k50,pooled,0.1805811418089548
90559015202,10950486,HIPPOC,female,1w,2,k50,pooled,0.16243475816080144
90560015202,10700102,HIPPOC,female,1w,2,k50,pooled,0.16362623759997974
90564015202,10833331,HIPPOC,female,1w,2,k50,pooled,0.14528334820216515
90576015202,10729518,HIPPOC,female,2w,2,k50,pooled,0.17371938223610828
90217015402,10023259,HYPOTH,male,control,2,k50,pooled,0.13214908667599812
90222015402,10025626,HYPOTH,male,8w,2,k50,pooled,0.14462143468486954
90227015402,10026193,HYPOTH,male,8w,2,k50,pooled,0.1320536487574817
90232015402,10026789,HYPOTH,male,control,2,k50,pooled,0.14157580787956459
90237015402,10027327,HYPOTH,male,control,2,k50,pooled,0.12182063291480627
90239015402,10027599,HYPOTH,male,control,2,k50,pooled,0.1366809942592072
90245015402,10043527,HYPOTH,female,control,2,k50,pooled,0.11274652595615131
90251015402,10044256,HYPOTH,female,8w,2,k50,pooled,0.12612900304299268
90252015402,10044337,HYPOTH,female,control,2,k50,pooled,0.13253841350708095
90259015402,10045309,HYPOTH,female,8w,2,k50,pooled,0.10422696605137127
90265015402,10046119,HYPOTH,female,control,2,k50,pooled,0.11404821018233702
90283015402,10139044,HYPOTH,male,4w,2,k50,pooled,0.11133374173929955
90410015402,10335064,HYPOTH,female,4w,2,k50,pooled,0.14370815536519155
90416015402,10381414,HYPOTH,female,4w,2,k50,pooled,0.11956269092660454
90420015402,10411690,HYPOTH,female,4w,2,k50,pooled,0.11593946344983408
90422015402,10422463,HYPOTH,male,1w,2,k50,pooled,0.14825821519491178
90444015402,10587543,HYPOTH,male,2w,2,k50,pooled,0.1087042390573355
90450015402,10672656,HYPOTH,male,2w,2,k50,pooled,0.12390569094579895
90559015402,10950486,HYPOTH,female,1w,2,k50,pooled,0.11250627318110817
90560015402,10700102,HYPOTH,female,1w,2,k50,pooled,0.18156684529213096
90564015402,10833331,HYPOTH,female,1w,2,k50,pooled,0.10695670009184122
90576015402,10729518,HYPOTH,female,2w,2,k50,pooled,0.11456381111254332
90217015902,10023259,KIDNEY,male,control,2,k50,pooled,0.048305565308916165
90222015902,10025626,KIDNEY,male,8w,2,k50,pooled,0.0553316961524537
90227015902,10026193,KIDNEY,male,8w,2,k50,pooled,0.051724805235218496
90232015902,10026789,KIDNEY,male,control,2,k50,pooled,0.04961928959435857
90237015902,10027327,KIDNEY,male,control,2,k50,pooled,0.047125472883551955
90239015902,10027599,KIDNEY,male,control,2,k50,pooled,0.04886321926749593
90245015902,10043527,KIDNEY,female,control,2,k50,pooled,0.04861653949114253
90251015902,10044256,KIDNEY,female,8w,2,k50,pooled,0.0530838911852497
90252015902,10044337,KIDNEY,female,control,2,k50,pooled,0.05248322613921863
90259015902,10045309,KIDNEY,female,8w,2,k50,pooled,0.06151099733529597
90265015902,10046119,KIDNEY,female,control,2,k50,pooled,0.056670417896494296
90283015902,10139044,KIDNEY,male,4w,2,k50,pooled,0.048306238967351756
90410015902,10335064,KIDNEY,female,4w,2,k50,pooled,0.05395822668208494
90416015902,10381414,KIDNEY,female,4w,2,k50,pooled,0.049270802240155565
90420015902,10411690,KIDNEY,female,4w,2,k50,pooled,0.05117237034719502
90422015902,10422463,KIDNEY,male,1w,2,k50,pooled,0.05132623085758903
90444015902,10587543,KIDNEY,male,2w,2,k50,pooled,0.05451299546708288
90450015902,10672656,KIDNEY,male,2w,2,k50,pooled,0.05439434058167536
90559015902,10950486,KIDNEY,female,1w,2,k50,pooled,0.05564108326943773
90560015902,10700102,KIDNEY,female,1w,2,k50,pooled,0.05093987537721023
90564015902,10833331,KIDNEY,female,1w,2,k50,pooled,0.05584160606016275
90576015902,10729518,KIDNEY,female,2w,2,k50,pooled,0.05491737797818874
90217016803,10023259,LIVER,male,control,2,k50,pooled,0.04575476137955592
90222016803,10025626,LIVER,male,8w,2,k50,pooled,0.04189394768332466
90227016803,10026193,LIVER,male,8w,2,k50,pooled,0.04479804367961382
90232016803,10026789,LIVER,male,control,2,k50,pooled,0.043331887390045676
90237016803,10027327,LIVER,male,control,2,k50,pooled,0.04019732711742263
90239016803,10027599,LIVER,male,control,2,k50,pooled,0.047450849826886965
90245016803,10043527,LIVER,female,control,2,k50,pooled,0.05334490026684746
90251016803,10044256,LIVER,female,8w,2,k50,pooled,0.057630301851381516
90252016803,10044337,LIVER,female,control,2,k50,pooled,0.05526485852456753
90259016803,10045309,LIVER,female,8w,2,k50,pooled,0.04990014904952078
90265016803,10046119,LIVER,female,control,2,k50,pooled,0.054615961280928826
90283016803,10139044,LIVER,male,4w,2,k50,pooled,0.043825501126686706
90410016803,10335064,LIVER,female,4w,2,k50,pooled,0.05724850005148885
90416016803,10381414,LIVER,female,4w,2,k50,pooled,0.05651235872807714
90420016803,10411690,LIVER,female,4w,2,k50,pooled,0.0555101802980319
90422016803,10422463,LIVER,male,1w,2,k50,pooled,0.04564129540032602
90444016803,10587543,LIVER,male,2w,2,k50,pooled,0.046242801414957846
90450016803,10672656,LIVER,male,2w,2,k50,pooled,0.04596228628050636
90559016803,10950486,LIVER,female,1w,2,k50,pooled,0.05603551730877154
90560016803,10700102,LIVER,female,1w,2,k50,pooled,0.053731286184592664
90564016803,10833331,LIVER,female,1w,2,k50,pooled,0.05656734879190095
90576016803,10729518,LIVER,female,2w,2,k50,pooled,0.05675133747540684
90564016603,10833331,LUNG,female,1w,2,k50,pooled,0.0704526477261399
90259016603,10045309,LUNG,female,8w,2,k50,pooled,0.05748039538500649
90232016603,10026789,LUNG,male,control,2,k50,pooled,0.054841330883317774
90410016603,10335064,LUNG,female,4w,2,k50,pooled,0.05704872368964098
90239016603,10027599,LUNG,male,control,2,k50,pooled,0.05239463849736781
90444016603,10587543,LUNG,male,2w,2,k50,pooled,0.051909732503912065
90237016603,10027327,LUNG,male,control,2,k50,pooled,0.055001666641016134
90252016603,10044337,LUNG,female,control,2,k50,pooled,0.05628947180673749
90251016603,10044256,LUNG,female,8w,2,k50,pooled,0.05953677145519809
90416016603,10381414,LUNG,female,4w,2,k50,pooled,0.05387308954740899
90560016603,10700102,LUNG,female,1w,2,k50,pooled,0.05096796698112649
90576016603,10729518,LUNG,female,2w,2,k50,pooled,0.05473195737644798
90227016603,10026193,LUNG,male,8w,2,k50,pooled,0.06130258868795724
90422016603,10422463,LUNG,male,1w,2,k50,pooled,0.055857537143647495
90420016603,10411690,LUNG,female,4w,2,k50,pooled,0.05806581697186397
90222016603,10025626,LUNG,male,8w,2,k50,pooled,0.06094216475779202
90450016603,10672656,LUNG,male,2w,2,k50,pooled,0.0501015838264417
90559016603,10950486,LUNG,female,1w,2,k50,pooled,0.06150954520119245
90283016603,10139044,LUNG,male,4w,2,k50,pooled,0.054325776381969115
90265016603,10046119,LUNG,female,control,2,k50,pooled,0.05537214312796601
90245016603,10043527,LUNG,female,control,2,k50,pooled,0.05648749889672611
90217016603,10023259,LUNG,male,control,2,k50,pooled,0.05542790109450779
90259016402,10045309,OVARY,female,8w,2,k50,pooled,0.1308643193900979
90252016402,10044337,OVARY,female,control,2,k50,pooled,0.07711681183367525
90559016402,10950486,OVARY,female,1w,2,k50,pooled,0.09341222389977488
90576016402,10729518,OVARY,female,2w,2,k50,pooled,0.11503787455953352
90416016402,10381414,OVARY,female,4w,2,k50,pooled,0.07436881132810613
90265016402,10046119,OVARY,female,control,2,k50,pooled,0.08073071626273454
90420016402,10411690,OVARY,female,4w,2,k50,pooled,0.07556897769757653
90245016402,10043527,OVARY,female,control,2,k50,pooled,0.07173845214182573
90251016402,10044256,OVARY,female,8w,2,k50,pooled,0.08556239943358834
90560016402,10700102,OVARY,female,1w,2,k50,pooled,0.1036919431376867
90564016402,10833331,OVARY,female,1w,2,k50,pooled,0.10444905547177041
90560015512,10700102,SKM-GN,female,1w,2,k50,pooled,0.29936773828432683
90283015512,10139044,SKM-GN,male,4w,2,k50,pooled,0.2598744143963516
90239015512,10027599,SKM-GN,male,control,2,k50,pooled,0.3235370363676915
90245015512,10043527,SKM-GN,female,control,2,k50,pooled,0.3314610739171254
90576015512,10729518,SKM-GN,female,2w,2,k50,pooled,0.3792202370030969
90217015512,10023259,SKM-GN,male,control,2,k50,pooled,0.28517789103043356
90559015512,10950486,SKM-GN,female,1w,2,k50,pooled,0.3750643114614838
90232015512,10026789,SKM-GN,male,control,2,k50,pooled,0.3922793333914725
90420015512,10411690,SKM-GN,female,4w,2,k50,pooled,0.3458476198287761
90422015512,10422463,SKM-GN,male,1w,2,k50,pooled,0.30747469439162733
90237015512,10027327,SKM-GN,male,control,2,k50,pooled,0.4047220113199773
90410015512,10335064,SKM-GN,female,4w,2,k50,pooled,0.33192164700577564
90265015512,10046119,SKM-GN,female,control,2,k50,pooled,0.4225949603076815
90252015512,10044337,SKM-GN,female,control,2,k50,pooled,0.29172748155237616
90227015512,10026193,SKM-GN,male,8w,2,k50,pooled,0.4317990145190471
90450015512,10672656,SKM-GN,male,2w,2,k50,pooled,0.3478479585815232
90416015512,10381414,SKM-GN,female,4w,2,k50,pooled,0.31903099583798267
90222015512,10025626,SKM-GN,male,8w,2,k50,pooled,0.432286885459241
90444015512,10587543,SKM-GN,male,2w,2,k50,pooled,0.32755822292005243
90251015512,10044256,SKM-GN,female,8w,2,k50,pooled,0.31392144016567936
90564015512,10833331,SKM-GN,female,1w,2,k50,pooled,0.40486780219775853
90259015512,10045309,SKM-GN,female,8w,2,k50,pooled,0.3503198632847143
90217015603,10023259,SKM-VL,male,control,2,k50,pooled,0.143580661264748
90222015603,10025626,SKM-VL,male,8w,2,k50,pooled,0.6398650657232258
90227015603,10026193,SKM-VL,male,8w,2,k50,pooled,0.227572289610102
90232015603,10026789,SKM-VL,male,control,2,k50,pooled,0.113137408169106
90237015603,10027327,SKM-VL,male,control,2,k50,pooled,0.48108192132081184
90239015603,10027599,SKM-VL,male,control,2,k50,pooled,0.5330200705770232
90245015603,10043527,SKM-VL,female,control,2,k50,pooled,0.19455393580425318
90251015603,10044256,SKM-VL,female,8w,2,k50,pooled,0.3851682682745039
90252015603,10044337,SKM-VL,female,control,2,k50,pooled,0.48373879146210585
90259015603,10045309,SKM-VL,female,8w,2,k50,pooled,0.3821855612182211
90265015603,10046119,SKM-VL,female,control,2,k50,pooled,0.3685223314849211
90283015603,10139044,SKM-VL,male,4w,2,k50,pooled,0.23876111438317238
90410015603,10335064,SKM-VL,female,4w,2,k50,pooled,0.48985206778858237
90416015603,10381414,SKM-VL,female,4w,2,k50,pooled,0.31420602627564775
90420015603,10411690,SKM-VL,female,4w,2,k50,pooled,0.41579195676927505
90422015603,10422463,SKM-VL,male,1w,2,k50,pooled,0.3289996070602371
90444015603,10587543,SKM-VL,male,2w,2,k50,pooled,0.16340394359233978
90450015603,10672656,SKM-VL,male,2w,2,k50,pooled,0.5177443869201257
90559015603,10950486,SKM-VL,female,1w,2,k50,pooled,0.49066476420900706
90560015603,10700102,SKM-VL,female,1w,2,k50,pooled,0.5005014049200252
90564015603,10833331,SKM-VL,female,1w,2,k50,pooled,0.43217324745099095
90576015603,10729518,SKM-VL,female,2w,2,k50,pooled,0.486825796138991
90416016702,10381414,SMLINT,female,4w,2,k50,pooled,0.0659279968030877
90576016702,10729518,SMLINT,female,2w,2,k50,pooled,0.05554017883638629
90444016702,10587543,SMLINT,male,2w,2,k50,pooled,0.058551615127068524
90239016702,10027599,SMLINT,male,control,2,k50,pooled,0.057330338266441405
90245016702,10043527,SMLINT,female,control,2,k50,pooled,0.0594356277835838
90259016702,10045309,SMLINT,female,8w,2,k50,pooled,0.07167291962064859
90450016702,10672656,SMLINT,male,2w,2,k50,pooled,0.06598800841027819
90232016702,10026789,SMLINT,male,control,2,k50,pooled,0.050493863315740906
90559016702,10950486,SMLINT,female,1w,2,k50,pooled,0.07091782322464912
90410016702,10335064,SMLINT,female,4w,2,k50,pooled,0.06878866640715131
90420016702,10411690,SMLINT,female,4w,2,k50,pooled,0.06580109528237632
90217016702,10023259,SMLINT,male,control,2,k50,pooled,0.057544946315805756
90564016702,10833331,SMLINT,female,1w,2,k50,pooled,0.06671375044177141
90227016702,10026193,SMLINT,male,8w,2,k50,pooled,0.06217772665421206
90237016702,10027327,SMLINT,male,control,2,k50,pooled,0.05343794658925338
90265016702,10046119,SMLINT,female,control,2,k50,pooled,0.05428350397718662
90283016702,10139044,SMLINT,male,4w,2,k50,pooled,0.06461259702230338
90560016702,10700102,SMLINT,female,1w,2,k50,pooled,0.05801498217691026
90251016702,10044256,SMLINT,female,8w,2,k50,pooled,0.06794199832967507
90422016702,10422463,SMLINT,male,1w,2,k50,pooled,0.05225256616027951
90222016702,10025626,SMLINT,male,8w,2,k50,pooled,0.05806048285055232
90252016702,10044337,SMLINT,female,control,2,k50,pooled,0.13934171275917107
90217016202,10023259,SPLEEN,male,control,2,k50,pooled,0.08773200051086105
90222016202,10025626,SPLEEN,male,8w,2,k50,pooled,0.09148702478074733
90227016202,10026193,SPLEEN,male,8w,2,k50,pooled,0.09259336687456421
90232016202,10026789,SPLEEN,male,control,2,k50,pooled,0.08934199994477254
90237016202,10027327,SPLEEN,male,control,2,k50,pooled,0.07960344852682011
90239016202,10027599,SPLEEN,male,control,2,k50,pooled,0.08202749246506114
90245016202,10043527,SPLEEN,female,control,2,k50,pooled,0.08199473444976269
90251016202,10044256,SPLEEN,female,8w,2,k50,pooled,0.09189463179121926
90252016202,10044337,SPLEEN,female,control,2,k50,pooled,0.0939189673378652
90259016202,10045309,SPLEEN,female,8w,2,k50,pooled,0.08890679772437304
90265016202,10046119,SPLEEN,female,control,2,k50,pooled,0.0934912985352443
90283016202,10139044,SPLEEN,male,4w,2,k50,pooled,0.08269294379892678
90410016202,10335064,SPLEEN,female,4w,2,k50,pooled,0.08228838936361937
90416016202,10381414,SPLEEN,female,4w,2,k50,pooled,0.07914721540692471
90420016202,10411690,SPLEEN,female,4w,2,k50,pooled,0.08229140164396576
90422016202,10422463,SPLEEN,male,1w,2,k50,pooled,0.08052493057209997
90444016202,10587543,SPLEEN,male,2w,2,k50,pooled,0.09317506718766455
90450016202,10672656,SPLEEN,male,2w,2,k50,pooled,0.09431359403608086
90559016202,10950486,SPLEEN,female,1w,2,k50,pooled,0.08038225384518016
90560016202,10700102,SPLEEN,female,1w,2,k50,pooled,0.08835487331358438
90564016202,10833331,SPLEEN,female,1w,2,k50,pooled,0.08377747466047103
90576016202,10729518,SPLEEN,female,2w,2,k50,pooled,0.09480654028969404
90422016302,10422463,TESTES,male,1w,2,k50,pooled,0.07578760460732936
90237016302,10027327,TESTES,male,control,2,k50,pooled,0.07821056272026217
90239016302,10027599,TESTES,male,control,2,k50,pooled,0.07527677298080215
90283016302,10139044,TESTES,male,4w,2,k50,pooled,0.07679464693371463
90227016302,10026193,TESTES,male,8w,2,k50,pooled,0.07657626931751105
90222016302,10025626,TESTES,male,8w,2,k50,pooled,0.07650075645639187
90444016302,10587543,TESTES,male,2w,2,k50,pooled,0.07704683749259666
90217016302,10023259,TESTES,male,control,2,k50,pooled,0.0769791861270055
90450016302,10672656,TESTES,male,2w,2,k50,pooled,0.07736743329611129
90232016302,10026789,TESTES,male,control,2,k50,pooled,0.07757722985453586
90422016502,10422463,VENACV,male,1w,2,k50,pooled,0.05310105051157599
90252016502,10044337,VENACV,female,control,2,k50,pooled,0.07677419907520988
90237016502,10027327,VENACV,male,control,2,k50,pooled,0.05819162931720434
90576016502,10729518,VENACV,female,2w,2,k50,pooled,0.5667880629379105
90416016502,10381414,VENACV,female,4w,2,k50,pooled,0.49637303037235014
90217016502,10023259,VENACV,male,control,2,k50,pooled,0.08812137026522726
90245016502,10043527,VENACV,female,control,2,k50,pooled,0.07775031121861753
90444016502,10587543,VENACV,male,2w,2,k50,pooled,0.044682830223619296
90232016502,10026789,VENACV,male,control,2,k50,pooled,0.2063611257598169
90283016502,10139044,VENACV,male,4w,2,k50,pooled,0.06475373618708136
90227016502,10026193,VENACV,male,8w,2,k50,pooled,0.0765112911018424
90564016502,10833331,VENACV,female,1w,2,k50,pooled,0.8165027747520431
90259016502,10045309,VENACV,female,8w,2,k50,pooled,0.05224584607191296
90239016502,10027599,VENACV,male,control,2,k50,pooled,0.05124474909101395
90222016502,10025626,VENACV,male,8w,2,k50,pooled,0.0562211527859956
90251016502,10044256,VENACV,female,8w,2,k50,pooled,0.0728327238694566
90420016502,10411690,VENACV,female,4w,2,k50,pooled,0.29853843509187705
90560016502,10700102,VENACV,female,1w,2,k50,pooled,0.8367636169813933
90265016502,10046119,VENACV,female,control,2,k50,pooled,0.07290426160114638
90559016502,10950486,VENACV,female,1w,2,k50,pooled,0.8292817294923126
90410016502,10335064,VENACV,female,4w,2,k50,pooled,0.0645693319880527
90450016502,10672656,VENACV,male,2w,2,k50,pooled,0.09674327289377282
90217017005,10023259,WAT-SC,male,control,2,k50,pooled,0.036421225974457516
90222017005,10025626,WAT-SC,male,8w,2,k50,pooled,0.03475036824917088
90227017005,10026193,WAT-SC,male,8w,2,k50,pooled,0.03408844250387599
90232017005,10026789,WAT-SC,male,control,2,k50,pooled,0.028679268592452734
90237017005,10027327,WAT-SC,male,control,2,k50,pooled,0.04541592501224845
90239017005,10027599,WAT-SC,male,control,2,k50,pooled,0.07948881892646487
90245017005,10043527,WAT-SC,female,control,2,k50,pooled,0.10360199819329918
90251017005,10044256,WAT-SC,female,8w,2,k50,pooled,0.10413132522576019
90252017005,10044337,WAT-SC,female,control,2,k50,pooled,0.11818371670835115
90259017005,10045309,WAT-SC,female,8w,2,k50,pooled,0.05888158833503143
90265017005,10046119,WAT-SC,female,control,2,k50,pooled,0.13590766638027518
90283017005,10139044,WAT-SC,male,4w,2,k50,pooled,0.03649404279149393
90410017005,10335064,WAT-SC,female,4w,2,k50,pooled,0.09411207837088498
90416017005,10381414,WAT-SC,female,4w,2,k50,pooled,0.07302147401732628
90420017005,10411690,WAT-SC,female,4w,2,k50,pooled,0.15562986362945763
90422017005,10422463,WAT-SC,male,1w,2,k50,pooled,0.038186617245816734
90444017005,10587543,WAT-SC,male,2w,2,k50,pooled,0.04931058977772307
90450017005,10672656,WAT-SC,male,2w,2,k50,pooled,0.03490733872208873
90559017005,10950486,WAT-SC,female,1w,2,k50,pooled,0.12551350649898096
90560017005,10700102,WAT-SC,female,1w,2,k50,pooled,0.054340409654832444
90564017005,10833331,WAT-SC,female,1w,2,k50,pooled,0.1561254210029024
90576017005,10729518,WAT-SC,female,2w,2,k50,pooled,0.0876366492800087
90245016902,10043527,BAT,female,control,2,k50,one_per_animal,0.20106694609234266
90450016902,10672656,BAT,male,2w,2,k50,one_per_animal,0.1395609624456413
90217013001,10023259,BLOOD,male,control,2,k50,one_per_animal,0.051306714337023274
90444016102,10587543,COLON,male,2w,2,k50,one_per_animal,0.06254528729689646
90239016102,10027599,COLON,male,control,2,k50,one_per_animal,0.054135413683747746
90265015302,10046119,CORTEX,female,control,2,k50,one_per_animal,0.10811984795790808
90283015302,10139044,CORTEX,male,4w,2,k50,one_per_animal,0.15855683068812088
90237015803,10027327,HEART,male,control,2,k50,one_per_animal,0.08069676627878275
90259015202,10045309,HIPPOC,female,8w,2,k50,one_per_animal,0.13504641172035292
90222015402,10025626,HYPOTH,male,8w,2,k50,one_per_animal,0.14462143468486954
90232015402,10026789,HYPOTH,male,control,2,k50,one_per_animal,0.14157580787956459
90559015402,10950486,HYPOTH,female,1w,2,k50,one_per_animal,0.11250627318110817
90560015402,10700102,HYPOTH,female,1w,2,k50,one_per_animal,0.18156684529213096
90410015902,10335064,KIDNEY,female,4w,2,k50,one_per_animal,0.05395822668208494
90420016803,10411690,LIVER,female,4w,2,k50,one_per_animal,0.0555101802980319
90416016402,10381414,OVARY,female,4w,2,k50,one_per_animal,0.07436881132810613
90564015512,10833331,SKM-GN,female,1w,2,k50,one_per_animal,0.40486780219775853
90251015603,10044256,SKM-VL,female,8w,2,k50,one_per_animal,0.3851682682745039
90576015603,10729518,SKM-VL,female,2w,2,k50,one_per_animal,0.486825796138991
90227016702,10026193,SMLINT,male,8w,2,k50,one_per_animal,0.06217772665421206
90422016202,10422463,SPLEEN,male,1w,2,k50,one_per_animal,0.08052493057209997
90252016502,10044337,VENACV,female,control,2,k50,one_per_animal,0.07677419907520988
90237016002,10027327,ADRNL,male,control,3,full,pooled,0.007828546862611807
90406016002,10306471,ADRNL,female,4w,3,full,pooled,0.01169959453919489
90576016002,10729518,ADRNL,female,2w,3,full,pooled,0.009642107708897618
90225016002,10025979,ADRNL,male,8w,3,full,pooled,0.009023898873145919
90254016002,10044760,ADRNL,female,8w,3,full,pooled,0.008058241866758409
90441016002,10502300,ADRNL,male,2w,3,full,pooled,0.012981316694392397
90571016002,10953744,ADRNL,female,1w,3,full,pooled,0.9907403777240559
90578016002,10734945,ADRNL,female,2w,3,full,pooled,0.01096995781611343
90222016002,10025626,ADRNL,male,8w,3,full,pooled,0.09012861489882706
90265016002,10046119,ADRNL,female,control,3,full,pooled,0.01930338503144169
90564016002,10833331,ADRNL,female,1w,3,full,pooled,0.013544222242994897
90217016002,10023259,ADRNL,male,control,3,full,pooled,0.008284496533220831
90266016002,10046380,ADRNL,female,control,3,full,pooled,0.11004061594554515
90227016002,10026193,ADRNL,male,8w,3,full,pooled,0.009878545512250647
90559016002,10950486,ADRNL,female,1w,3,full,pooled,0.012268308359552393
90223016002,10025707,ADRNL,male,8w,3,full,pooled,0.009599179616045617
90218016002,10024735,ADRNL,male,8w,3,full,pooled,0.014655832629738685
90560016002,10700102,ADRNL,female,1w,3,full,pooled,0.010104539111540967
90251016002,10044256,ADRNL,female,8w,3,full,pooled,0.00946285618927234
90421016002,10417702,ADRNL,male,1w,3,full,pooled,0.007941602479150545
90567016002,10901434,ADRNL,female,1w,3,full,pooled,0.009762071226228297
90258016002,10045228,ADRNL,female,8w,3,full,pooled,0.009153007250410794
90217016902,10023259,BAT,male,control,3,full,pooled,0.04068903639031152
90218016902,10024735,BAT,male,8w,3,full,pooled,0.2032205753019588
90222016902,10025626,BAT,male,8w,3,full,pooled,0.039650909539742596
90223016902,10025707,BAT,male,8w,3,full,pooled,0.356233239508011
90225016902,10025979,BAT,male,8w,3,full,pooled,0.11917473843456328
90227016902,10026193,BAT,male,8w,3,full,pooled,0.08133511711208641
90237016902,10027327,BAT,male,control,3,full,pooled,0.024911623888282164
90251016902,10044256,BAT,female,8w,3,full,pooled,0.05325179082207454
90254016902,10044760,BAT,female,8w,3,full,pooled,0.03676536514204587
90258016902,10045228,BAT,female,8w,3,full,pooled,0.030290685748665336
90265016902,10046119,BAT,female,control,3,full,pooled,0.040847465450528864
90266016902,10046380,BAT,female,control,3,full,pooled,0.7713269464738375
90406016902,10306471,BAT,female,4w,3,full,pooled,0.038187600921295584
90421016902,10417702,BAT,male,1w,3,full,pooled,0.018049417972468507
90441016902,10502300,BAT,male,2w,3,full,pooled,0.026103023908140233
90559016902,10950486,BAT,female,1w,3,full,pooled,0.02942717121431715
90560016902,10700102,BAT,female,1w,3,full,pooled,0.03923279635128929
90564016902,10833331,BAT,female,1w,3,full,pooled,0.032176477725183394
90567016902,10901434,BAT,female,1w,3,full,pooled,0.05305622421426004
90571016902,10953744,BAT,female,1w,3,full,pooled,0.06792702895973524
90576016902,10729518,BAT,female,2w,3,full,pooled,0.02060252483149383
90578016902,10734945,BAT,female,2w,3,full,pooled,0.05249091740843925
90576013001,10729518,BLOOD,female,2w,3,full,pooled,0.01057382153305586
90560013001,10700102,BLOOD,female,1w,3,full,pooled,0.005357503954238174
90559013001,10950486,BLOOD,female,1w,3,full,pooled,0.00569167943597737
90567013001,10901434,BLOOD,female,1w,3,full,pooled,0.00635434899528764
90578013001,10734945,BLOOD,female,2w,3,full,pooled,0.006095413798133831
90564013001,10833331,BLOOD,female,1w,3,full,pooled,0.00587072590689941
90571013001,10953744,BLOOD,female,1w,3,full,pooled,0.005449504974818775
90265013001,10046119,BLOOD,female,control,3,full,pooled,0.00665531445228984
90441013002,10502300,BLOOD,male,2w,3,full,pooled,0.006470856744647091
90406013001,10306471,BLOOD,female,4w,3,full,pooled,0.005389927167808839
90421013002,10417702,BLOOD,male,1w,3,full,pooled,0.006342612162996919
90225013001,10025979,BLOOD,male,8w,3,full,pooled,0.0053941364388711
90227013002,10026193,BLOOD,male,8w,3,full,pooled,0.004831335666311776
90258013001,10045228,BLOOD,female,8w,3,full,pooled,0.005548770509183676
90266013002,10046380,BLOOD,female,control,3,full,pooled,0.0074656356320106365
90218013001,10024735,BLOOD,male,8w,3,full,pooled,0.005072904478717222
90223013002,10025707,BLOOD,male,8w,3,full,pooled,0.0054885750256764565
90237013002,10027327,BLOOD,male,control,3,full,pooled,0.006525667401574453
90222013002,10025626,BLOOD,male,8w,3,full,pooled,0.004817088739964559
90251013001,10044256,BLOOD,female,8w,3,full,pooled,0.0068578377525274625
90254013002,10044760,BLOOD,female,8w,3,full,pooled,0.0050564906242467345
90217013001,10023259,BLOOD,male,control,3,full,pooled,0.005736166102817575
90576016102,10729518,COLON,female,2w,3,full,pooled,0.021584931997303047
90559016102,10950486,COLON,female,1w,3,full,pooled,0.015546922434825583
90571016102,10953744,COLON,female,1w,3,full,pooled,0.018642116608855286
90406016102,10306471,COLON,female,4w,3,full,pooled,0.0172956729172814
90251016102,10044256,COLON,female,8w,3,full,pooled,0.038861259958306915
90237016102,10027327,COLON,male,control,3,full,pooled,0.011598022139998276
90567016102,10901434,COLON,female,1w,3,full,pooled,0.016567677948024162
90258016102,10045228,COLON,female,8w,3,full,pooled,0.013243338860186138
90217016102,10023259,COLON,male,control,3,full,pooled,0.013201172103753933
90223016102,10025707,COLON,male,8w,3,full,pooled,0.011756184225653055
90560016102,10700102,COLON,female,1w,3,full,pooled,0.019128573008235006
90265016102,10046119,COLON,female,control,3,full,pooled,0.013699131075775028
90421016102,10417702,COLON,male,1w,3,full,pooled,0.012607499041449421
90227016102,10026193,COLON,male,8w,3,full,pooled,0.01227772033935104
90222016102,10025626,COLON,male,8w,3,full,pooled,0.01307777866882609
90578016102,10734945,COLON,female,2w,3,full,pooled,0.018941925676970395
90564016102,10833331,COLON,female,1w,3,full,pooled,0.020452670254752836
90218016102,10024735,COLON,male,8w,3,full,pooled,0.01415114517797289
90266016102,10046380,COLON,female,control,3,full,pooled,0.012522573229280742
90225016102,10025979,COLON,male,8w,3,full,pooled,0.014345034495615971
90441016102,10502300,COLON,male,2w,3,full,pooled,0.015671409433449912
90254016102,10044760,COLON,female,8w,3,full,pooled,0.01623676409582686
90217015302,10023259,CORTEX,male,control,3,full,pooled,0.13751995268269102
90218015302,10024735,CORTEX,male,8w,3,full,pooled,0.08826235273693961
90222015302,10025626,CORTEX,male,8w,3,full,pooled,0.09421728575452548
90223015302,10025707,CORTEX,male,8w,3,full,pooled,0.12127799931174799
90225015302,10025979,CORTEX,male,8w,3,full,pooled,0.04184473529191868
90227015302,10026193,CORTEX,male,8w,3,full,pooled,0.07642661583673771
90237015302,10027327,CORTEX,male,control,3,full,pooled,0.042937200458873614
90251015302,10044256,CORTEX,female,8w,3,full,pooled,0.0947236988645227
90254015302,10044760,CORTEX,female,8w,3,full,pooled,0.07604302740852398
90258015302,10045228,CORTEX,female,8w,3,full,pooled,0.05516832816893302
90265015302,10046119,CORTEX,female,control,3,full,pooled,0.04464590488556108
90266015302,10046380,CORTEX,female,control,3,full,pooled,0.07156188889903659
90406015302,10306471,CORTEX,female,4w,3,full,pooled,0.06117545673354319
90421015302,10417702,CORTEX,male,1w,3,full,pooled,0.05479414796435378
90441015302,10502300,CORTEX,male,2w,3,full,pooled,0.11031798840649021
90559015302,10950486,CORTEX,female,1w,3,full,pooled,0.033419444028331524
90560015302,10700102,CORTEX,female,1w,3,full,pooled,0.037951391841725135
90564015302,10833331,CORTEX,female,1w,3,full,pooled,0.06201464713285165
90567015302,10901434,CORTEX,female,1w,3,full,pooled,0.10200498063230923
90571015302,10953744,CORTEX,female,1w,3,full,pooled,0.045492125156754604
90576015302,10729518,CORTEX,female,2w,3,full,pooled,0.091171859238104
90578015302,10734945,CORTEX,female,2w,3,full,pooled,0.046220681014645715
90559015803,10950486,HEART,female,1w,3,full,pooled,0.028810577457071385
90564015803,10833331,HEART,female,1w,3,full,pooled,0.018509911075053287
90576015803,10729518,HEART,female,2w,3,full,pooled,0.023078362211775727
90406015803,10306471,HEART,female,4w,3,full,pooled,0.01728776158207168
90266015803,10046380,HEART,female,control,3,full,pooled,0.019299640583020583
90222015803,10025626,HEART,male,8w,3,full,pooled,0.021855443935133056
90560015803,10700102,HEART,female,1w,3,full,pooled,0.020272499373895636
90258015803,10045228,HEART,female,8w,3,full,pooled,0.01961399667270869
90217015803,10023259,HEART,male,control,3,full,pooled,0.023744231725560394
90571015803,10953744,HEART,female,1w,3,full,pooled,0.02756798023797924
90227015803,10026193,HEART,male,8w,3,full,pooled,0.021957511123039564
90218015803,10024735,HEART,male,8w,3,full,pooled,0.02532530390401
90567015803,10901434,HEART,female,1w,3,full,pooled,0.021398097247782966
90254015803,10044760,HEART,female,8w,3,full,pooled,0.020797096534003856
90237015803,10027327,HEART,male,control,3,full,pooled,0.019195573728454818
90578015803,10734945,HEART,female,2w,3,full,pooled,0.018954141192409346
90225015803,10025979,HEART,male,8w,3,full,pooled,0.036278405160952265
90441015803,10502300,HEART,male,2w,3,full,pooled,0.022723370689960443
90251015803,10044256,HEART,female,8w,3,full,pooled,0.021526288457637044
90421015803,10417702,HEART,male,1w,3,full,pooled,0.019534212997073253
90223015803,10025707,HEART,male,8w,3,full,pooled,0.019128944990583707
90265015803,10046119,HEART,female,control,3,full,pooled,0.020947036810726738
90217015202,10023259,HIPPOC,male,control,3,full,pooled,0.11456213935196868
90218015202,10024735,HIPPOC,male,8w,3,full,pooled,0.06898378691273943
90222015202,10025626,HIPPOC,male,8w,3,full,pooled,0.037910691576445776
90223015202,10025707,HIPPOC,male,8w,3,full,pooled,0.09952192261196346
90225015202,10025979,HIPPOC,male,8w,3,full,pooled,0.03570043165316461
90227015202,10026193,HIPPOC,male,8w,3,full,pooled,0.057277469322432384
90237015202,10027327,HIPPOC,male,control,3,full,pooled,0.10246319534365356
90251015202,10044256,HIPPOC,female,8w,3,full,pooled,0.04956126290331797
90254015202,10044760,HIPPOC,female,8w,3,full,pooled,0.026966505588824075
90258015202,10045228,HIPPOC,female,8w,3,full,pooled,0.08191613116943697
90265015202,10046119,HIPPOC,female,control,3,full,pooled,0.0540337529469771
90266015202,10046380,HIPPOC,female,control,3,full,pooled,0.10227001252758072
90406015202,10306471,HIPPOC,female,4w,3,full,pooled,0.9851551115761262
90421015202,10417702,HIPPOC,male,1w,3,full,pooled,0.03150490313944132
90441015202,10502300,HIPPOC,male,2w,3,full,pooled,0.06195972211859313
90559015202,10950486,HIPPOC,female,1w,3,full,pooled,0.036546840950554826
90560015202,10700102,HIPPOC,female,1w,3,full,pooled,0.05138293816097539
90564015202,10833331,HIPPOC,female,1w,3,full,pooled,0.039056171981219356
90567015202,10901434,HIPPOC,female,1w,3,full,pooled,0.08270678669526554
90571015202,10953744,HIPPOC,female,1w,3,full,pooled,0.030481010791659546
90576015202,10729518,HIPPOC,female,2w,3,full,pooled,0.05149179519283875
90578015202,10734945,HIPPOC,female,2w,3,full,pooled,0.05714274804538921
90217015402,10023259,HYPOTH,male,control,3,full,pooled,0.024871218115275706
90218015402,10024735,HYPOTH,male,8w,3,full,pooled,0.02377827575170699
90222015402,10025626,HYPOTH,male,8w,3,full,pooled,0.02277375261259429
90223015402,10025707,HYPOTH,male,8w,3,full,pooled,0.0244595884543809
90225015402,10025979,HYPOTH,male,8w,3,full,pooled,0.023115518513651567
90227015402,10026193,HYPOTH,male,8w,3,full,pooled,0.02355146278284659
90237015402,10027327,HYPOTH,male,control,3,full,pooled,0.024003616482051737
90251015402,10044256,HYPOTH,female,8w,3,full,pooled,0.022420291628612032
90254015402,10044760,HYPOTH,female,8w,3,full,pooled,0.03328039883462597
90258015402,10045228,HYPOTH,female,8w,3,full,pooled,0.029569047796710435
90265015402,10046119,HYPOTH,female,control,3,full,pooled,0.026437482698843606
90266015402,10046380,HYPOTH,female,control,3,full,pooled,0.02648702771520428
90406015402,10306471,HYPOTH,female,4w,3,full,pooled,0.9892476871171928
90421015402,10417702,HYPOTH,male,1w,3,full,pooled,0.02908294815430923
90441015402,10502300,HYPOTH,male,2w,3,full,pooled,0.03820609162396538
90559015402,10950486,HYPOTH,female,1w,3,full,pooled,0.0359328942456848
90560015402,10700102,HYPOTH,female,1w,3,full,pooled,0.041193152884833495
90564015402,10833331,HYPOTH,female,1w,3,full,pooled,0.035752849375960016
90567015402,10901434,HYPOTH,female,1w,3,full,pooled,0.024762258006532645
90571015402,10953744,HYPOTH,female,1w,3,full,pooled,0.029241579182805233
90576015402,10729518,HYPOTH,female,2w,3,full,pooled,0.030199127384753943
90578015402,10734945,HYPOTH,female,2w,3,full,pooled,0.029464825092335944
90217015902,10023259,KIDNEY,male,control,3,full,pooled,0.00814084295217532
90218015902,10024735,KIDNEY,male,8w,3,full,pooled,0.009288622475020714
90222015902,10025626,KIDNEY,male,8w,3,full,pooled,0.008603176605427088
90223015902,10025707,KIDNEY,male,8w,3,full,pooled,0.00896290731748206
90225015902,10025979,KIDNEY,male,8w,3,full,pooled,0.009066524781043306
90227015902,10026193,KIDNEY,male,8w,3,full,pooled,0.009606740220063359
90237015902,10027327,KIDNEY,male,control,3,full,pooled,0.0075405677671889215
90251015902,10044256,KIDNEY,female,8w,3,full,pooled,0.010234035601333513
90254015902,10044760,KIDNEY,female,8w,3,full,pooled,0.009647328537411126
90258015902,10045228,KIDNEY,female,8w,3,full,pooled,0.009764523869657205
90265015902,10046119,KIDNEY,female,control,3,full,pooled,0.01152788861090459
90266015902,10046380,KIDNEY,female,control,3,full,pooled,0.010087131119627335
90406015902,10306471,KIDNEY,female,4w,3,full,pooled,0.01095755018177702
90421015902,10417702,KIDNEY,male,1w,3,full,pooled,0.008755971452672595
90441015902,10502300,KIDNEY,male,2w,3,full,pooled,0.008229818934426869
90559015902,10950486,KIDNEY,female,1w,3,full,pooled,0.014892582398093213
90560015902,10700102,KIDNEY,female,1w,3,full,pooled,0.009757519091146971
90564015902,10833331,KIDNEY,female,1w,3,full,pooled,0.01110606257106328
90567015902,10901434,KIDNEY,female,1w,3,full,pooled,0.011456559903904262
90571015902,10953744,KIDNEY,female,1w,3,full,pooled,0.00987209323793059
90576015902,10729518,KIDNEY,female,2w,3,full,pooled,0.010706532186728346
90578015902,10734945,KIDNEY,female,2w,3,full,pooled,0.010024725970665394
90217016803,10023259,LIVER,male,control,3,full,pooled,0.006364232057785912
90218016803,10024735,LIVER,male,8w,3,full,pooled,0.0061009964036899955
90222016803,10025626,LIVER,male,8w,3,full,pooled,0.006424609239063184
90223016803,10025707,LIVER,male,8w,3,full,pooled,0.005666793310590723
90225016803,10025979,LIVER,male,8w,3,full,pooled,0.00611306005533041
90227016803,10026193,LIVER,male,8w,3,full,pooled,0.0068348142267924406
90237016803,10027327,LIVER,male,control,3,full,pooled,0.006526822610913752
90251016803,10044256,LIVER,female,8w,3,full,pooled,0.007771907115490584
90254016803,10044760,LIVER,female,8w,3,full,pooled,0.007793062606423873
90258016803,10045228,LIVER,female,8w,3,full,pooled,0.007220212447313634
90265016803,10046119,LIVER,female,control,3,full,pooled,0.007947453140480398
90266016803,10046380,LIVER,female,control,3,full,pooled,0.007686844490571332
90406016803,10306471,LIVER,female,4w,3,full,pooled,0.008108296296545747
90421016803,10417702,LIVER,male,1w,3,full,pooled,0.005947842780999579
90441016803,10502300,LIVER,male,2w,3,full,pooled,0.005808238277709377
90559016803,10950486,LIVER,female,1w,3,full,pooled,0.007482024586965674
90560016803,10700102,LIVER,female,1w,3,full,pooled,0.006798870692167558
90564016803,10833331,LIVER,female,1w,3,full,pooled,0.007594916323814371
90567016803,10901434,LIVER,female,1w,3,full,pooled,0.006513191104973726
90571016803,10953744,LIVER,female,1w,3,full,pooled,0.007959950393471527
90576016803,10729518,LIVER,female,2w,3,full,pooled,0.007415280306107164
90578016803,10734945,LIVER,female,2w,3,full,pooled,0.0075732125105820725
90406016603,10306471,LUNG,female,4w,3,full,pooled,0.012896302587792396
90564016603,10833331,LUNG,female,1w,3,full,pooled,0.017297736901619953
90266016603,10046380,LUNG,female,control,3,full,pooled,0.01577508901545588
90258016603,10045228,LUNG,female,8w,3,full,pooled,0.014640600445354868
90254016603,10044760,LUNG,female,8w,3,full,pooled,0.01264740325168412
90237016603,10027327,LUNG,male,control,3,full,pooled,0.014063537224080713
90218016603,10024735,LUNG,male,8w,3,full,pooled,0.01300391356667796
90251016603,10044256,LUNG,female,8w,3,full,pooled,0.0174520045194565
90560016603,10700102,LUNG,female,1w,3,full,pooled,0.013787531109825002
90576016603,10729518,LUNG,female,2w,3,full,pooled,0.012103851323555403
90223016603,10025707,LUNG,male,8w,3,full,pooled,0.011988461803522532
90227016603,10026193,LUNG,male,8w,3,full,pooled,0.012912692532761505
90567016603,10901434,LUNG,female,1w,3,full,pooled,0.015683929607527847
90421016603,10417702,LUNG,male,1w,3,full,pooled,0.012224186018212624
90571016603,10953744,LUNG,female,1w,3,full,pooled,0.012206942630619055
90222016603,10025626,LUNG,male,8w,3,full,pooled,0.014173780508701439
90559016603,10950486,LUNG,female,1w,3,full,pooled,0.016816836662180035
90578016603,10734945,LUNG,female,2w,3,full,pooled,0.013556280167692392
90225016603,10025979,LUNG,male,8w,3,full,pooled,0.011360325136009819
90441016603,10502300,LUNG,male,2w,3,full,pooled,0.015126698510964154
90265016603,10046119,LUNG,female,control,3,full,pooled,0.014209211785603415
90217016603,10023259,LUNG,male,control,3,full,pooled,0.013383542728251818
90266016402,10046380,OVARY,female,control,3,full,pooled,0.04587755380387015
90254016402,10044760,OVARY,female,8w,3,full,pooled,0.0874175446742167
90567016402,10901434,OVARY,female,1w,3,full,pooled,0.05614455738605095
90406016402,10306471,OVARY,female,4w,3,full,pooled,0.05452454001146079
90559016402,10950486,OVARY,female,1w,3,full,pooled,0.05346910775004854
90258016402,10045228,OVARY,female,8w,3,full,pooled,0.044793400091350355
90576016402,10729518,OVARY,female,2w,3,full,pooled,0.07154855780007674
90571016402,10953744,OVARY,female,1w,3,full,pooled,0.06235779980139822
90265016402,10046119,OVARY,female,control,3,full,pooled,0.04581663668977387
90578016402,10734945,OVARY,female,2w,3,full,pooled,0.04758219814630893
90251016402,10044256,OVARY,female,8w,3,full,pooled,0.05129415570500484
90560016402,10700102,OVARY,female,1w,3,full,pooled,0.04502277730334303
90564016402,10833331,OVARY,female,1w,3,full,pooled,0.04376489749834778
90560015512,10700102,SKM-GN,female,1w,3,full,pooled,0.09747278664012204
90406015512,10306471,SKM-GN,female,4w,3,full,pooled,0.17779822149732682
90254015512,10044760,SKM-GN,female,8w,3,full,pooled,0.18938175789935563
90258015512,10045228,SKM-GN,female,8w,3,full,pooled,0.09048095368871423
90578015512,10734945,SKM-GN,female,2w,3,full,pooled,0.11618350088393747
90576015512,10729518,SKM-GN,female,2w,3,full,pooled,0.16310027076613431
90217015512,10023259,SKM-GN,male,control,3,full,pooled,0.0776043513040583
90218015512,10024735,SKM-GN,male,8w,3,full,pooled,0.20311485864546597
90559015512,10950486,SKM-GN,female,1w,3,full,pooled,0.16053957382119988
90421015512,10417702,SKM-GN,male,1w,3,full,pooled,0.14355686678095558
90237015512,10027327,SKM-GN,male,control,3,full,pooled,0.13606809758147498
90225015512,10025979,SKM-GN,male,8w,3,full,pooled,0.22811538369721285
90265015512,10046119,SKM-GN,female,control,3,full,pooled,0.11008146685768361
90227015512,10026193,SKM-GN,male,8w,3,full,pooled,0.28495842586473297
90567015512,10901434,SKM-GN,female,1w,3,full,pooled,0.1736724360782107
90441015512,10502300,SKM-GN,male,2w,3,full,pooled,0.1707390161804031
90222015512,10025626,SKM-GN,male,8w,3,full,pooled,0.195852624490495
90251015512,10044256,SKM-GN,female,8w,3,full,pooled,0.16238980540058867
90571015512,10953744,SKM-GN,female,1w,3,full,pooled,0.17302701635235884
90564015512,10833331,SKM-GN,female,1w,3,full,pooled,0.1733762250307822
90223015512,10025707,SKM-GN,male,8w,3,full,pooled,0.16304469059268611
90266015512,10046380,SKM-GN,female,control,3,full,pooled,0.08626022187847115
90217015603,10023259,SKM-VL,male,control,3,full,pooled,0.1342065581320151
90218015603,10024735,SKM-VL,male,8w,3,full,pooled,0.1221705028784108
90222015603,10025626,SKM-VL,male,8w,3,full,pooled,0.5087554718344214
90223015603,10025707,SKM-VL,male,8w,3,full,pooled,0.27890549203163384
90225015603,10025979,SKM-VL,male,8w,3,full,pooled,0.2359861879855607
90227015603,10026193,SKM-VL,male,8w,3,full,pooled,0.13595758078819298
90237015603,10027327,SKM-VL,male,control,3,full,pooled,0.26895088340111906
90251015603,10044256,SKM-VL,female,8w,3,full,pooled,0.09831105666502793
90254015603,10044760,SKM-VL,female,8w,3,full,pooled,0.12435106492167092
90258015603,10045228,SKM-VL,female,8w,3,full,pooled,0.10684412446997071
90265015603,10046119,SKM-VL,female,control,3,full,pooled,0.17257418047405937
90266015603,10046380,SKM-VL,female,control,3,full,pooled,0.18900835830814933
90406015603,10306471,SKM-VL,female,4w,3,full,pooled,0.0969344716954843
90421015603,10417702,SKM-VL,male,1w,3,full,pooled,0.22308292305643118
90441015603,10502300,SKM-VL,male,2w,3,full,pooled,0.1009609543990806
90559015603,10950486,SKM-VL,female,1w,3,full,pooled,0.3726670969560545
90560015603,10700102,SKM-VL,female,1w,3,full,pooled,0.11085831288976722
90564015603,10833331,SKM-VL,female,1w,3,full,pooled,0.22182388939667075
90567015603,10901434,SKM-VL,female,1w,3,full,pooled,0.21152810374486175
90571015603,10953744,SKM-VL,female,1w,3,full,pooled,0.22381865196590645
90576015603,10729518,SKM-VL,female,2w,3,full,pooled,0.20453796650217482
90578015603,10734945,SKM-VL,female,2w,3,full,pooled,0.21888932088413393
90576016702,10729518,SMLINT,female,2w,3,full,pooled,0.008514361163289519
90578016702,10734945,SMLINT,female,2w,3,full,pooled,0.007414624174698736
90421016702,10417702,SMLINT,male,1w,3,full,pooled,0.009099570427223869
90571016702,10953744,SMLINT,female,1w,3,full,pooled,0.00863747986882768
90559016702,10950486,SMLINT,female,1w,3,full,pooled,0.007452707551209081
90258016702,10045228,SMLINT,female,8w,3,full,pooled,0.008015691762085608
90223016702,10025707,SMLINT,male,8w,3,full,pooled,0.01009479052417106
90441016702,10502300,SMLINT,male,2w,3,full,pooled,0.010583524180048376
90567016702,10901434,SMLINT,female,1w,3,full,pooled,0.007684999747169408
90406016702,10306471,SMLINT,female,4w,3,full,pooled,0.007623727900195165
90225016702,10025979,SMLINT,male,8w,3,full,pooled,0.009152099640478584
90217016702,10023259,SMLINT,male,control,3,full,pooled,0.012626460485029023
90266016702,10046380,SMLINT,female,control,3,full,pooled,0.00904697194648496
90254016702,10044760,SMLINT,female,8w,3,full,pooled,0.06692683450757897
90218016702,10024735,SMLINT,male,8w,3,full,pooled,0.008345555562766949
90564016702,10833331,SMLINT,female,1w,3,full,pooled,0.0074445764583283
90227016702,10026193,SMLINT,male,8w,3,full,pooled,0.025841230485171174
90237016702,10027327,SMLINT,male,control,3,full,pooled,0.00854144648051225
90265016702,10046119,SMLINT,female,control,3,full,pooled,0.010717552936965413
90560016702,10700102,SMLINT,female,1w,3,full,pooled,0.0077319187865122485
90251016702,10044256,SMLINT,female,8w,3,full,pooled,0.021236654974404523
90222016702,10025626,SMLINT,male,8w,3,full,pooled,0.010688261525673814
90217016202,10023259,SPLEEN,male,control,3,full,pooled,0.01586513877509388
90218016202,10024735,SPLEEN,male,8w,3,full,pooled,0.013558003447951328
90222016202,10025626,SPLEEN,male,8w,3,full,pooled,0.013032259472541385
90223016202,10025707,SPLEEN,male,8w,3,full,pooled,0.015186311956422505
90225016202,10025979,SPLEEN,male,8w,3,full,pooled,0.013925654488571637
90227016202,10026193,SPLEEN,male,8w,3,full,pooled,0.015331199202649803
90237016202,10027327,SPLEEN,male,control,3,full,pooled,0.013954600616513102
90251016202,10044256,SPLEEN,female,8w,3,full,pooled,0.01338221799217143
90254016202,10044760,SPLEEN,female,8w,3,full,pooled,0.013056924959824245
90258016202,10045228,SPLEEN,female,8w,3,full,pooled,0.015133254041849842
90265016202,10046119,SPLEEN,female,control,3,full,pooled,0.014062666311167704
90266016202,10046380,SPLEEN,female,control,3,full,pooled,0.013413096860104168
90406016202,10306471,SPLEEN,female,4w,3,full,pooled,0.013382638413655945
90421016202,10417702,SPLEEN,male,1w,3,full,pooled,0.013572943105861324
90441016202,10502300,SPLEEN,male,2w,3,full,pooled,0.012960818202869873
90559016202,10950486,SPLEEN,female,1w,3,full,pooled,0.013594011569029507
90560016202,10700102,SPLEEN,female,1w,3,full,pooled,0.014504530304154106
90564016202,10833331,SPLEEN,female,1w,3,full,pooled,0.013603401390365089
90567016202,10901434,SPLEEN,female,1w,3,full,pooled,0.013316941429318607
90571016202,10953744,SPLEEN,female,1w,3,full,pooled,0.013067464141883867
90576016202,10729518,SPLEEN,female,2w,3,full,pooled,0.012492881091082264
90578016202,10734945,SPLEEN,female,2w,3,full,pooled,0.014349450831630528
90225016302,10025979,TESTES,male,8w,3,full,pooled,0.006606447399922222
90218016302,10024735,TESTES,male,8w,3,full,pooled,0.006696210626477517
90237016302,10027327,TESTES,male,control,3,full,pooled,0.008206875614155118
90227016302,10026193,TESTES,male,8w,3,full,pooled,0.0066889107144944004
90441016302,10502300,TESTES,male,2w,3,full,pooled,0.006696919392076173
90222016302,10025626,TESTES,male,8w,3,full,pooled,0.00670414416084153
90223016302,10025707,TESTES,male,8w,3,full,pooled,0.0069343583170291545
90421016302,10417702,TESTES,male,1w,3,full,pooled,0.006894067588290698
90217016302,10023259,TESTES,male,control,3,full,pooled,0.006782307917717723
90421016502,10417702,VENACV,male,1w,3,full,pooled,0.014402689683030379
90254016502,10044760,VENACV,female,8w,3,full,pooled,0.016796356500106913
90441016502,10502300,VENACV,male,2w,3,full,pooled,0.015188892125566067
90266016502,10046380,VENACV,female,control,3,full,pooled,0.014906142500056174
90237016502,10027327,VENACV,male,control,3,full,pooled,0.011880153635653423
90567016502,10901434,VENACV,female,1w,3,full,pooled,0.5106906772837794
90576016502,10729518,VENACV,female,2w,3,full,pooled,0.04452524461611984
90217016502,10023259,VENACV,male,control,3,full,pooled,0.0126282922876374
90227016502,10026193,VENACV,male,8w,3,full,pooled,0.042580129445398573
90564016502,10833331,VENACV,female,1w,3,full,pooled,0.3111431611940991
90258016502,10045228,VENACV,female,8w,3,full,pooled,0.012578974780201868
90225016502,10025979,VENACV,male,8w,3,full,pooled,0.01345155867539749
90222016502,10025626,VENACV,male,8w,3,full,pooled,0.013817952737224859
90251016502,10044256,VENACV,female,8w,3,full,pooled,0.016261492424651136
90406016502,10306471,VENACV,female,4w,3,full,pooled,0.09214608488100984
90560016502,10700102,VENACV,female,1w,3,full,pooled,0.902308970569317
90223016502,10025707,VENACV,male,8w,3,full,pooled,0.010043440439167717
90571016502,10953744,VENACV,female,1w,3,full,pooled,0.5434027978467142
90265016502,10046119,VENACV,female,control,3,full,pooled,0.017970200663016467
90559016502,10950486,VENACV,female,1w,3,full,pooled,0.8896940878342732
90578016502,10734945,VENACV,female,2w,3,full,pooled,0.08797313501962856
90218016502,10024735,VENACV,male,8w,3,full,pooled,0.011179162297968226
90217017005,10023259,WAT-SC,male,control,3,full,pooled,0.012686449898668184
90218017005,10024735,WAT-SC,male,8w,3,full,pooled,0.009240323403347683
90222017005,10025626,WAT-SC,male,8w,3,full,pooled,0.011231808731101856
90223017005,10025707,WAT-SC,male,8w,3,full,pooled,0.00877771849749398
90225017005,10025979,WAT-SC,male,8w,3,full,pooled,0.009224057862809998
90227017005,10026193,WAT-SC,male,8w,3,full,pooled,0.008709650038031147
90237017005,10027327,WAT-SC,male,control,3,full,pooled,0.011341387049381924
90251017005,10044256,WAT-SC,female,8w,3,full,pooled,0.05619078029878177
90254017005,10044760,WAT-SC,female,8w,3,full,pooled,0.018085898947162726
90258017005,10045228,WAT-SC,female,8w,3,full,pooled,0.020737669227321898
90265017005,10046119,WAT-SC,female,control,3,full,pooled,0.04896758118019662
90266017005,10046380,WAT-SC,female,control,3,full,pooled,0.06996432409740616
90406017005,10306471,WAT-SC,female,4w,3,full,pooled,0.03340463502747526
90421017005,10417702,WAT-SC,male,1w,3,full,pooled,0.010085879543843213
90441017005,10502300,WAT-SC,male,2w,3,full,pooled,0.010708254999479472
90559017005,10950486,WAT-SC,female,1w,3,full,pooled,0.0398037681672303
90560017005,10700102,WAT-SC,female,1w,3,full,pooled,0.017560998908673908
90564017005,10833331,WAT-SC,female,1w,3,full,pooled,0.05294257142647263
90567017005,10901434,WAT-SC,female,1w,3,full,pooled,0.036361928458163106
90571017005,10953744,WAT-SC,female,1w,3,full,pooled,0.027179824514553363
90576017005,10729518,WAT-SC,female,2w,3,full,pooled,0.03354135343326048
90578017005,10734945,WAT-SC,female,2w,3,full,pooled,0.031045519589777082
90218016002,10024735,ADRNL,male,8w,3,full,one_per_animal,0.014655832629738685
90222016902,10025626,BAT,male,8w,3,full,one_per_animal,0.039650909539742596
90567016902,10901434,BAT,female,1w,3,full,one_per_animal,0.05305622421426004
90237016102,10027327,COLON,male,control,3,full,one_per_animal,0.011598022139998276
90251015302,10044256,CORTEX,female,8w,3,full,one_per_animal,0.0947236988645227
90254015302,10044760,CORTEX,female,8w,3,full,one_per_animal,0.07604302740852398
90265015302,10046119,CORTEX,female,control,3,full,one_per_animal,0.04464590488556108
90266015302,10046380,CORTEX,female,control,3,full,one_per_animal,0.07156188889903659
90578015803,10734945,HEART,female,2w,3,full,one_per_animal,0.018954141192409346
90559015202,10950486,HIPPOC,female,1w,3,full,one_per_animal,0.036546840950554826
90227015402,10026193,HYPOTH,male,8w,3,full,one_per_animal,0.02355146278284659
90564015902,10833331,KIDNEY,female,1w,3,full,one_per_animal,0.01110606257106328
90421016803,10417702,LIVER,male,1w,3,full,one_per_animal,0.005947842780999579
90571016603,10953744,LUNG,female,1w,3,full,one_per_animal,0.012206942630619055
90217015603,10023259,SKM-VL,male,control,3,full,one_per_animal,0.1342065581320151
90560015603,10700102,SKM-VL,female,1w,3,full,one_per_animal,0.11085831288976722
90223016702,10025707,SMLINT,male,8w,3,full,one_per_animal,0.01009479052417106
90258016202,10045228,SPLEEN,female,8w,3,full,one_per_animal,0.015133254041849842
90441016202,10502300,SPLEEN,male,2w,3,full,one_per_animal,0.012960818202869873
90225016302,10025979,TESTES,male,8w,3,full,one_per_animal,0.006606447399922222
90406016502,10306471,VENACV,female,4w,3,full,one_per_animal,0.09214608488100984
90576017005,10729518,WAT-SC,female,2w,3,full,one_per_animal,0.03354135343326048
90237016002,10027327,ADRNL,male,control,3,k20,pooled,0.0866257540722355
90406016002,10306471,ADRNL,female,4w,3,k20,pooled,0.07110254107914027
90576016002,10729518,ADRNL,female,2w,3,k20,pooled,0.07329509077093455
90225016002,10025979,ADRNL,male,8w,3,k20,pooled,0.0834450241671526
90254016002,10044760,ADRNL,female,8w,3,k20,pooled,0.0736284602909566
90441016002,10502300,ADRNL,male,2w,3,k20,pooled,0.10097143550251264
90571016002,10953744,ADRNL,female,1w,3,k20,pooled,0.9883644626932594
90578016002,10734945,ADRNL,female,2w,3,k20,pooled,0.07258222700472472
90222016002,10025626,ADRNL,male,8w,3,k20,pooled,0.3451908435661267
90265016002,10046119,ADRNL,female,control,3,k20,pooled,0.09663696321071569
90564016002,10833331,ADRNL,female,1w,3,k20,pooled,0.07547723724595767
90217016002,10023259,ADRNL,male,control,3,k20,pooled,0.06181869402244211
90266016002,10046380,ADRNL,female,control,3,k20,pooled,0.24107197111727607
90227016002,10026193,ADRNL,male,8w,3,k20,pooled,0.08378136233475786
90559016002,10950486,ADRNL,female,1w,3,k20,pooled,0.067516877882555
90223016002,10025707,ADRNL,male,8w,3,k20,pooled,0.10550351659360213
90218016002,10024735,ADRNL,male,8w,3,k20,pooled,0.0961041138738904
90560016002,10700102,ADRNL,female,1w,3,k20,pooled,0.07072584673838511
90251016002,10044256,ADRNL,female,8w,3,k20,pooled,0.08496744344123275
90421016002,10417702,ADRNL,male,1w,3,k20,pooled,0.06405030488531638
90567016002,10901434,ADRNL,female,1w,3,k20,pooled,0.06889768150269382
90258016002,10045228,ADRNL,female,8w,3,k20,pooled,0.0807058745849335
90217016902,10023259,BAT,male,control,3,k20,pooled,0.5335364174418251
90218016902,10024735,BAT,male,8w,3,k20,pooled,0.46304803856746357
90222016902,10025626,BAT,male,8w,3,k20,pooled,0.37233214474447873
90223016902,10025707,BAT,male,8w,3,k20,pooled,0.6450119081452605
90225016902,10025979,BAT,male,8w,3,k20,pooled,0.5528831759646415
90227016902,10026193,BAT,male,8w,3,k20,pooled,0.4214741736087614
90237016902,10027327,BAT,male,control,3,k20,pooled,0.31731028518922555
90251016902,10044256,BAT,female,8w,3,k20,pooled,0.190019478334421
90254016902,10044760,BAT,female,8w,3,k20,pooled,0.29023540005862003
90258016902,10045228,BAT,female,8w,3,k20,pooled,0.18363295727338658
90265016902,10046119,BAT,female,control,3,k20,pooled,0.2177099927868631
90266016902,10046380,BAT,female,control,3,k20,pooled,0.5794431809249994
90406016902,10306471,BAT,female,4w,3,k20,pooled,0.196630792736593
90421016902,10417702,BAT,male,1w,3,k20,pooled,0.32062074617127256
90441016902,10502300,BAT,male,2w,3,k20,pooled,0.2702726066727832
90559016902,10950486,BAT,female,1w,3,k20,pooled,0.2106884891929598
90560016902,10700102,BAT,female,1w,3,k20,pooled,0.1687399268948696
90564016902,10833331,BAT,female,1w,3,k20,pooled,0.2095090430096861
90567016902,10901434,BAT,female,1w,3,k20,pooled,0.27612639685294404
90571016902,10953744,BAT,female,1w,3,k20,pooled,0.22690481239757776
90576016902,10729518,BAT,female,2w,3,k20,pooled,0.17835790882196378
90578016902,10734945,BAT,female,2w,3,k20,pooled,0.24972429879155356
90576013001,10729518,BLOOD,female,2w,3,k20,pooled,0.16850949709588803
90560013001,10700102,BLOOD,female,1w,3,k20,pooled,0.16778269853046635
90559013001,10950486,BLOOD,female,1w,3,k20,pooled,0.15490465660316632
90567013001,10901434,BLOOD,female,1w,3,k20,pooled,0.1479772749838414
90578013001,10734945,BLOOD,female,2w,3,k20,pooled,0.14260866974501551
90564013001,10833331,BLOOD,female,1w,3,k20,pooled,0.15544882335428356
90571013001,10953744,BLOOD,female,1w,3,k20,pooled,0.1770926993282077
90265013001,10046119,BLOOD,female,control,3,k20,pooled,0.14002453297604622
90441013002,10502300,BLOOD,male,2w,3,k20,pooled,0.14840423707573158
90406013001,10306471,BLOOD,female,4w,3,k20,pooled,0.13022056154809125
90421013002,10417702,BLOOD,male,1w,3,k20,pooled,0.1586639166453323
90225013001,10025979,BLOOD,male,8w,3,k20,pooled,0.11991223954265073
90227013002,10026193,BLOOD,male,8w,3,k20,pooled,0.12024051137182712
90258013001,10045228,BLOOD,female,8w,3,k20,pooled,0.1435672687143974
90266013002,10046380,BLOOD,female,control,3,k20,pooled,0.1447540446389185
90218013001,10024735,BLOOD,male,8w,3,k20,pooled,0.13373450888408234
90223013002,10025707,BLOOD,male,8w,3,k20,pooled,0.12122198203039314
90237013002,10027327,BLOOD,male,control,3,k20,pooled,0.1173484037399074
90222013002,10025626,BLOOD,male,8w,3,k20,pooled,0.13045451962145305
90251013001,10044256,BLOOD,female,8w,3,k20,pooled,0.13867105146366754
90254013002,10044760,BLOOD,female,8w,3,k20,pooled,0.15194499953839247
90217013001,10023259,BLOOD,male,control,3,k20,pooled,0.12635179940565455
90576016102,10729518,COLON,female,2w,3,k20,pooled,0.15903905886334924
90559016102,10950486,COLON,female,1w,3,k20,pooled,0.12827920134304327
90571016102,10953744,COLON,female,1w,3,k20,pooled,0.14157050223739076
90406016102,10306471,COLON,female,4w,3,k20,pooled,0.12474755560382922
90251016102,10044256,COLON,female,8w,3,k20,pooled,0.13612046131744482
90237016102,10027327,COLON,male,control,3,k20,pooled,0.12571354018156988
90567016102,10901434,COLON,female,1w,3,k20,pooled,0.1412326101915775
90258016102,10045228,COLON,female,8w,3,k20,pooled,0.12460399273072276
90217016102,10023259,COLON,male,control,3,k20,pooled,0.13105220855386734
90223016102,10025707,COLON,male,8w,3,k20,pooled,0.12026579434487772
90560016102,10700102,COLON,female,1w,3,k20,pooled,0.13621327795304672
90265016102,10046119,COLON,female,control,3,k20,pooled,0.12895433231709852
90421016102,10417702,COLON,male,1w,3,k20,pooled,0.12940033662431583
90227016102,10026193,COLON,male,8w,3,k20,pooled,0.11964696532060837
90222016102,10025626,COLON,male,8w,3,k20,pooled,0.11589534433420545
90578016102,10734945,COLON,female,2w,3,k20,pooled,0.143163532108872
90564016102,10833331,COLON,female,1w,3,k20,pooled,0.14659076353517653
90218016102,10024735,COLON,male,8w,3,k20,pooled,0.11804102186108067
90266016102,10046380,COLON,female,control,3,k20,pooled,0.12087733960358837
90225016102,10025979,COLON,male,8w,3,k20,pooled,0.12959967461327038
90441016102,10502300,COLON,male,2w,3,k20,pooled,0.13531164599063383
90254016102,10044760,COLON,female,8w,3,k20,pooled,0.1453943799260885
90217015302,10023259,CORTEX,male,control,3,k20,pooled,0.34507765089013587
90218015302,10024735,CORTEX,male,8w,3,k20,pooled,0.29237994699586967
90222015302,10025626,CORTEX,male,8w,3,k20,pooled,0.3424453563979254
90223015302,10025707,CORTEX,male,8w,3,k20,pooled,0.35376745674451926
90225015302,10025979,CORTEX,male,8w,3,k20,pooled,0.28865784491377333
90227015302,10026193,CORTEX,male,8w,3,k20,pooled,0.301177530758848
90237015302,10027327,CORTEX,male,control,3,k20,pooled,0.24662375289069505
90251015302,10044256,CORTEX,female,8w,3,k20,pooled,0.3039197347287893
90254015302,10044760,CORTEX,female,8w,3,k20,pooled,0.34338235127144345
90258015302,10045228,CORTEX,female,8w,3,k20,pooled,0.27505664170423405
90265015302,10046119,CORTEX,female,control,3,k20,pooled,0.2600452688333351
90266015302,10046380,CORTEX,female,control,3,k20,pooled,0.28729147532611277
90406015302,10306471,CORTEX,female,4w,3,k20,pooled,0.2729601526636547
90421015302,10417702,CORTEX,male,1w,3,k20,pooled,0.24913101178194208
90441015302,10502300,CORTEX,male,2w,3,k20,pooled,0.26722194624625883
90559015302,10950486,CORTEX,female,1w,3,k20,pooled,0.26338676145716466
90560015302,10700102,CORTEX,female,1w,3,k20,pooled,0.311416222225508
90564015302,10833331,CORTEX,female,1w,3,k20,pooled,0.32416954476724447
90567015302,10901434,CORTEX,female,1w,3,k20,pooled,0.5324116210725807
90571015302,10953744,CORTEX,female,1w,3,k20,pooled,0.27006963300530906
90576015302,10729518,CORTEX,female,2w,3,k20,pooled,0.2995512213791044
90578015302,10734945,CORTEX,female,2w,3,k20,pooled,0.28278385381453275
90559015803,10950486,HEART,female,1w,3,k20,pooled,0.17385195287848565
90564015803,10833331,HEART,female,1w,3,k20,pooled,0.1337471175987942
90576015803,10729518,HEART,female,2w,3,k20,pooled,0.15116798369777873
90406015803,10306471,HEART,female,4w,3,k20,pooled,0.139800719446047
90266015803,10046380,HEART,female,control,3,k20,pooled,0.1407637666288617
90222015803,10025626,HEART,male,8w,3,k20,pooled,0.15259763634466805
90560015803,10700102,HEART,female,1w,3,k20,pooled,0.1339756898192015
90258015803,10045228,HEART,female,8w,3,k20,pooled,0.15115724442453504
90217015803,10023259,HEART,male,control,3,k20,pooled,0.1629943666271627
90571015803,10953744,HEART,female,1w,3,k20,pooled,0.1499849418857101
90227015803,10026193,HEART,male,8w,3,k20,pooled,0.1939152870737323
90218015803,10024735,HEART,male,8w,3,k20,pooled,0.17096158577147536
90567015803,10901434,HEART,female,1w,3,k20,pooled,0.12918122775062257
90254015803,10044760,HEART,female,8w,3,k20,pooled,0.15745661029545488
90237015803,10027327,HEART,male,control,3,k20,pooled,0.16461213207409064
90578015803,10734945,HEART,female,2w,3,k20,pooled,0.12919229961094947
90225015803,10025979,HEART,male,8w,3,k20,pooled,0.18950997133516
90441015803,10502300,HEART,male,2w,3,k20,pooled,0.1822630558206616
90251015803,10044256,HEART,female,8w,3,k20,pooled,0.1538825764262438
90421015803,10417702,HEART,male,1w,3,k20,pooled,0.16933065976487427
90223015803,10025707,HEART,male,8w,3,k20,pooled,0.16482158893785237
90265015803,10046119,HEART,female,control,3,k20,pooled,0.1438029023384847
90217015202,10023259,HIPPOC,male,control,3,k20,pooled,0.28426008651620527
90218015202,10024735,HIPPOC,male,8w,3,k20,pooled,0.19319413008960518
90222015202,10025626,HIPPOC,male,8w,3,k20,pooled,0.2899461242455227
90223015202,10025707,HIPPOC,male,8w,3,k20,pooled,0.2574321702719725
90225015202,10025979,HIPPOC,male,8w,3,k20,pooled,0.2142697380173305
90227015202,10026193,HIPPOC,male,8w,3,k20,pooled,0.2635883815451311
90237015202,10027327,HIPPOC,male,control,3,k20,pooled,0.2976984793462001
90251015202,10044256,HIPPOC,female,8w,3,k20,pooled,0.18134603904592528
90254015202,10044760,HIPPOC,female,8w,3,k20,pooled,0.1982821360138618
90258015202,10045228,HIPPOC,female,8w,3,k20,pooled,0.263799259144454
90265015202,10046119,HIPPOC,female,control,3,k20,pooled,0.21606696439656436
90266015202,10046380,HIPPOC,female,control,3,k20,pooled,0.24229544126730052
90406015202,10306471,HIPPOC,female,4w,3,k20,pooled,0.9833160870481394
90421015202,10417702,HIPPOC,male,1w,3,k20,pooled,0.17998797507042064
90441015202,10502300,HIPPOC,male,2w,3,k20,pooled,0.2843650442823068
90559015202,10950486,HIPPOC,female,1w,3,k20,pooled,0.22649894525799752
90560015202,10700102,HIPPOC,female,1w,3,k20,pooled,0.3010205571585137
90564015202,10833331,HIPPOC,female,1w,3,k20,pooled,0.1841035333649772
90567015202,10901434,HIPPOC,female,1w,3,k20,pooled,0.2505118085501743
90571015202,10953744,HIPPOC,female,1w,3,k20,pooled,0.214732178910374
90576015202,10729518,HIPPOC,female,2w,3,k20,pooled,0.21487481924012086
90578015202,10734945,HIPPOC,female,2w,3,k20,pooled,0.24775275675560793
90217015402,10023259,HYPOTH,male,control,3,k20,pooled,0.18563369830496057
90218015402,10024735,HYPOTH,male,8w,3,k20,pooled,0.15195609024060586
90222015402,10025626,HYPOTH,male,8w,3,k20,pooled,0.21321547618354497
90223015402,10025707,HYPOTH,male,8w,3,k20,pooled,0.13283288906198953
90225015402,10025979,HYPOTH,male,8w,3,k20,pooled,0.1314376422352106
90227015402,10026193,HYPOTH,male,8w,3,k20,pooled,0.1564695233022858
90237015402,10027327,HYPOTH,male,control,3,k20,pooled,0.1436919820447352
90251015402,10044256,HYPOTH,female,8w,3,k20,pooled,0.15629789790433168
90254015402,10044760,HYPOTH,female,8w,3,k20,pooled,0.08560552065555571
90258015402,10045228,HYPOTH,female,8w,3,k20,pooled,0.12155966511605021
90265015402,10046119,HYPOTH,female,control,3,k20,pooled,0.11072640021884439
90266015402,10046380,HYPOTH,female,control,3,k20,pooled,0.12945146250392525
90406015402,10306471,HYPOTH,female,4w,3,k20,pooled,0.9770231962230045
90421015402,10417702,HYPOTH,male,1w,3,k20,pooled,0.12450771288834139
90441015402,10502300,HYPOTH,male,2w,3,k20,pooled,0.12773463993899492
90559015402,10950486,HYPOTH,female,1w,3,k20,pooled,0.09949549757517528
90560015402,10700102,HYPOTH,female,1w,3,k20,pooled,0.15848547311495131
90564015402,10833331,HYPOTH,female,1w,3,k20,pooled,0.09386054059656868
90567015402,10901434,HYPOTH,female,1w,3,k20,pooled,0.1384686158306262
90571015402,10953744,HYPOTH,female,1w,3,k20,pooled,0.10052775815176129
90576015402,10729518,HYPOTH,female,2w,3,k20,pooled,0.10079435307160833
90578015402,10734945,HYPOTH,female,2w,3,k20,pooled,0.08052542562680909
90217015902,10023259,KIDNEY,male,control,3,k20,pooled,0.1256848374382561
90218015902,10024735,KIDNEY,male,8w,3,k20,pooled,0.13046609212574212
90222015902,10025626,KIDNEY,male,8w,3,k20,pooled,0.1370143379723413
90223015902,10025707,KIDNEY,male,8w,3,k20,pooled,0.13179146240849304
90225015902,10025979,KIDNEY,male,8w,3,k20,pooled,0.12478788821859765
90227015902,10026193,KIDNEY,male,8w,3,k20,pooled,0.12788011713428338
90237015902,10027327,KIDNEY,male,control,3,k20,pooled,0.11906478105376728
90251015902,10044256,KIDNEY,female,8w,3,k20,pooled,0.13124534084903072
90254015902,10044760,KIDNEY,female,8w,3,k20,pooled,0.12399385537967911
90258015902,10045228,KIDNEY,female,8w,3,k20,pooled,0.11499716696577411
90265015902,10046119,KIDNEY,female,control,3,k20,pooled,0.1409796810390047
90266015902,10046380,KIDNEY,female,control,3,k20,pooled,0.12299218773779641
90406015902,10306471,KIDNEY,female,4w,3,k20,pooled,0.12757848736887256
90421015902,10417702,KIDNEY,male,1w,3,k20,pooled,0.12783853031810333
90441015902,10502300,KIDNEY,male,2w,3,k20,pooled,0.1370905173959882
90559015902,10950486,KIDNEY,female,1w,3,k20,pooled,0.14060890558391403
90560015902,10700102,KIDNEY,female,1w,3,k20,pooled,0.12320046596240875
90564015902,10833331,KIDNEY,female,1w,3,k20,pooled,0.13714997594840161
90567015902,10901434,KIDNEY,female,1w,3,k20,pooled,0.12002131291371443
90571015902,10953744,KIDNEY,female,1w,3,k20,pooled,0.12813516340062858
90576015902,10729518,KIDNEY,female,2w,3,k20,pooled,0.11902576808659648
90578015902,10734945,KIDNEY,female,2w,3,k20,pooled,0.12784112969838457
90217016803,10023259,LIVER,male,control,3,k20,pooled,0.1054430483808163
90218016803,10024735,LIVER,male,8w,3,k20,pooled,0.1170169004908932
90222016803,10025626,LIVER,male,8w,3,k20,pooled,0.10029757584796306
90223016803,10025707,LIVER,male,8w,3,k20,pooled,0.11622296219687722
90225016803,10025979,LIVER,male,8w,3,k20,pooled,0.11749180592969832
90227016803,10026193,LIVER,male,8w,3,k20,pooled,0.1272848053209803
90237016803,10027327,LIVER,male,control,3,k20,pooled,0.10025743863834147
90251016803,10044256,LIVER,female,8w,3,k20,pooled,0.12981976607637458
90254016803,10044760,LIVER,female,8w,3,k20,pooled,0.12324622274806152
90258016803,10045228,LIVER,female,8w,3,k20,pooled,0.1386384435145973
90265016803,10046119,LIVER,female,control,3,k20,pooled,0.15122793816685087
90266016803,10046380,LIVER,female,control,3,k20,pooled,0.14521257698075463
90406016803,10306471,LIVER,female,4w,3,k20,pooled,0.13949459396851016
90421016803,10417702,LIVER,male,1w,3,k20,pooled,0.12248146627902645
90441016803,10502300,LIVER,male,2w,3,k20,pooled,0.11415394625490394
90559016803,10950486,LIVER,female,1w,3,k20,pooled,0.131705311006166
90560016803,10700102,LIVER,female,1w,3,k20,pooled,0.142284088906241
90564016803,10833331,LIVER,female,1w,3,k20,pooled,0.13202323139421945
90567016803,10901434,LIVER,female,1w,3,k20,pooled,0.13810437913930873
90571016803,10953744,LIVER,female,1w,3,k20,pooled,0.13022768858846523
90576016803,10729518,LIVER,female,2w,3,k20,pooled,0.14097551890523952
90578016803,10734945,LIVER,female,2w,3,k20,pooled,0.13639561387366606
90406016603,10306471,LUNG,female,4w,3,k20,pooled,0.13440468514317006
90564016603,10833331,LUNG,female,1w,3,k20,pooled,0.14193003156735406
90266016603,10046380,LUNG,female,control,3,k20,pooled,0.13563514833503032
90258016603,10045228,LUNG,female,8w,3,k20,pooled,0.12625875190180003
90254016603,10044760,LUNG,female,8w,3,k20,pooled,0.12669528186048162
90237016603,10027327,LUNG,male,control,3,k20,pooled,0.1314595010712395
90218016603,10024735,LUNG,male,8w,3,k20,pooled,0.12600330958828465
90251016603,10044256,LUNG,female,8w,3,k20,pooled,0.14167416881958728
90560016603,10700102,LUNG,female,1w,3,k20,pooled,0.12762534605457398
90576016603,10729518,LUNG,female,2w,3,k20,pooled,0.1269269477174707
90223016603,10025707,LUNG,male,8w,3,k20,pooled,0.12464460151117629
90227016603,10026193,LUNG,male,8w,3,k20,pooled,0.14322640290017874
90567016603,10901434,LUNG,female,1w,3,k20,pooled,0.13759138674479432
90421016603,10417702,LUNG,male,1w,3,k20,pooled,0.1341999407460449
90571016603,10953744,LUNG,female,1w,3,k20,pooled,0.13535144976908753
90222016603,10025626,LUNG,male,8w,3,k20,pooled,0.1263508726252719
90559016603,10950486,LUNG,female,1w,3,k20,pooled,0.14804728825601032
90578016603,10734945,LUNG,female,2w,3,k20,pooled,0.13353581739022835
90225016603,10025979,LUNG,male,8w,3,k20,pooled,0.12586817367732317
90441016603,10502300,LUNG,male,2w,3,k20,pooled,0.14380262497889662
90265016603,10046119,LUNG,female,control,3,k20,pooled,0.129164798967083
90217016603,10023259,LUNG,male,control,3,k20,pooled,0.13118173555516965
90266016402,10046380,OVARY,female,control,3,k20,pooled,0.1811761622507655
90254016402,10044760,OVARY,female,8w,3,k20,pooled,0.23207629071332936
90567016402,10901434,OVARY,female,1w,3,k20,pooled,0.3649943633202679
90406016402,10306471,OVARY,female,4w,3,k20,pooled,0.1637750845996575
90559016402,10950486,OVARY,female,1w,3,k20,pooled,0.23895651459950606
90258016402,10045228,OVARY,female,8w,3,k20,pooled,0.1857227370718767
90576016402,10729518,OVARY,female,2w,3,k20,pooled,0.28834949154420597
90571016402,10953744,OVARY,female,1w,3,k20,pooled,0.2792304137463161
90265016402,10046119,OVARY,female,control,3,k20,pooled,0.15508059223410264
90578016402,10734945,OVARY,female,2w,3,k20,pooled,0.34782391381542355
90251016402,10044256,OVARY,female,8w,3,k20,pooled,0.19988315184387884
90560016402,10700102,OVARY,female,1w,3,k20,pooled,0.23957920462658122
90564016402,10833331,OVARY,female,1w,3,k20,pooled,0.25775437180371696
90560015512,10700102,SKM-GN,female,1w,3,k20,pooled,0.29373792816338495
90406015512,10306471,SKM-GN,female,4w,3,k20,pooled,0.417105637604831
90254015512,10044760,SKM-GN,female,8w,3,k20,pooled,0.4459929831347761
90258015512,10045228,SKM-GN,female,8w,3,k20,pooled,0.29284897465680193
90578015512,10734945,SKM-GN,female,2w,3,k20,pooled,0.3367878206195657
90576015512,10729518,SKM-GN,female,2w,3,k20,pooled,0.34237463742638563
90217015512,10023259,SKM-GN,male,control,3,k20,pooled,0.20944272304211986
90218015512,10024735,SKM-GN,male,8w,3,k20,pooled,0.39099773247201286
90559015512,10950486,SKM-GN,female,1w,3,k20,pooled,0.41728461859364163
90421015512,10417702,SKM-GN,male,1w,3,k20,pooled,0.4265123959769177
90237015512,10027327,SKM-GN,male,control,3,k20,pooled,0.30936294923333074
90225015512,10025979,SKM-GN,male,8w,3,k20,pooled,0.5136955600636222
90265015512,10046119,SKM-GN,female,control,3,k20,pooled,0.35345670299316767
90227015512,10026193,SKM-GN,male,8w,3,k20,pooled,0.5998582640987112
90567015512,10901434,SKM-GN,female,1w,3,k20,pooled,0.44583952907096835
90441015512,10502300,SKM-GN,male,2w,3,k20,pooled,0.48737392754721054
90222015512,10025626,SKM-GN,male,8w,3,k20,pooled,0.5442414239751052
90251015512,10044256,SKM-GN,female,8w,3,k20,pooled,0.3702915201442082
90571015512,10953744,SKM-GN,female,1w,3,k20,pooled,0.4834450307484873
90564015512,10833331,SKM-GN,female,1w,3,k20,pooled,0.4564871768682188
90223015512,10025707,SKM-GN,male,8w,3,k20,pooled,0.343268256997895
90266015512,10046380,SKM-GN,female,control,3,k20,pooled,0.23114868536456146
90217015603,10023259,SKM-VL,male,control,3,k20,pooled,0.2769853974592109
90218015603,10024735,SKM-VL,male,8w,3,k20,pooled,0.4326701165467256
90222015603,10025626,SKM-VL,male,8w,3,k20,pooled,0.6803984862936456
90223015603,10025707,SKM-VL,male,8w,3,k20,pooled,0.6256536351127546
90225015603,10025979,SKM-VL,male,8w,3,k20,pooled,0.5157493336455403
90227015603,10026193,SKM-VL,male,8w,3,k20,pooled,0.267452387207884
90237015603,10027327,SKM-VL,male,control,3,k20,pooled,0.5489448552714586
90251015603,10044256,SKM-VL,female,8w,3,k20,pooled,0.32275647728498447
90254015603,10044760,SKM-VL,female,8w,3,k20,pooled,0.3761343691683159
90258015603,10045228,SKM-VL,female,8w,3,k20,pooled,0.42819350103739184
90265015603,10046119,SKM-VL,female,control,3,k20,pooled,0.46642433125275384
90266015603,10046380,SKM-VL,female,control,3,k20,pooled,0.4085701113735034
90406015603,10306471,SKM-VL,female,4w,3,k20,pooled,0.44793298345423205
90421015603,10417702,SKM-VL,male,1w,3,k20,pooled,0.5495758587660657
90441015603,10502300,SKM-VL,male,2w,3,k20,pooled,0.31452201605527397
90559015603,10950486,SKM-VL,female,1w,3,k20,pooled,0.5430769182500819
90560015603,10700102,SKM-VL,female,1w,3,k20,pooled,0.48653789734807495
90564015603,10833331,SKM-VL,female,1w,3,k20,pooled,0.4338719430248782
90567015603,10901434,SKM-VL,female,1w,3,k20,pooled,0.5324156279106844
90571015603,10953744,SKM-VL,female,1w,3,k20,pooled,0.41064322648406504
90576015603,10729518,SKM-VL,female,2w,3,k20,pooled,0.5627277361779964
90578015603,10734945,SKM-VL,female,2w,3,k20,pooled,0.5664068036534619
90576016702,10729518,SMLINT,female,2w,3,k20,pooled,0.10400195020981051
90578016702,10734945,SMLINT,female,2w,3,k20,pooled,0.12818633347815633
90421016702,10417702,SMLINT,male,1w,3,k20,pooled,0.11911803530836862
90571016702,10953744,SMLINT,female,1w,3,k20,pooled,0.08198876349665218
90559016702,10950486,SMLINT,female,1w,3,k20,pooled,0.1254702002009307
90258016702,10045228,SMLINT,female,8w,3,k20,pooled,0.12774652703432665
90223016702,10025707,SMLINT,male,8w,3,k20,pooled,0.10407224265706527
90441016702,10502300,SMLINT,male,2w,3,k20,pooled,0.11415869015575075
90567016702,10901434,SMLINT,female,1w,3,k20,pooled,0.1245087572061142
90406016702,10306471,SMLINT,female,4w,3,k20,pooled,0.12458964114115356
90225016702,10025979,SMLINT,male,8w,3,k20,pooled,0.13785458234579573
90217016702,10023259,SMLINT,male,control,3,k20,pooled,0.11353974888709584
90266016702,10046380,SMLINT,female,control,3,k20,pooled,0.12961352954209693
90254016702,10044760,SMLINT,female,8w,3,k20,pooled,0.16709979692259946
90218016702,10024735,SMLINT,male,8w,3,k20,pooled,0.1069985594275975
90564016702,10833331,SMLINT,female,1w,3,k20,pooled,0.110036556901556
90227016702,10026193,SMLINT,male,8w,3,k20,pooled,0.1231489178699865
90237016702,10027327,SMLINT,male,control,3,k20,pooled,0.12391411585624046
90265016702,10046119,SMLINT,female,control,3,k20,pooled,0.11856173407253201
90560016702,10700102,SMLINT,female,1w,3,k20,pooled,0.11075099368638519
90251016702,10044256,SMLINT,female,8w,3,k20,pooled,0.12774228364932727
90222016702,10025626,SMLINT,male,8w,3,k20,pooled,0.1284611257154924
90217016202,10023259,SPLEEN,male,control,3,k20,pooled,0.14083824474761641
90218016202,10024735,SPLEEN,male,8w,3,k20,pooled,0.14290051568371231
90222016202,10025626,SPLEEN,male,8w,3,k20,pooled,0.1468334045185945
90223016202,10025707,SPLEEN,male,8w,3,k20,pooled,0.1278602431607777
90225016202,10025979,SPLEEN,male,8w,3,k20,pooled,0.13555246960291978
90227016202,10026193,SPLEEN,male,8w,3,k20,pooled,0.13439271471179204
90237016202,10027327,SPLEEN,male,control,3,k20,pooled,0.14814050458928274
90251016202,10044256,SPLEEN,female,8w,3,k20,pooled,0.1605777731050757
90254016202,10044760,SPLEEN,female,8w,3,k20,pooled,0.20306135988855267
90258016202,10045228,SPLEEN,female,8w,3,k20,pooled,0.15756714565108876
90265016202,10046119,SPLEEN,female,control,3,k20,pooled,0.1556822276213049
90266016202,10046380,SPLEEN,female,control,3,k20,pooled,0.1741442716762862
90406016202,10306471,SPLEEN,female,4w,3,k20,pooled,0.15235787481489949
90421016202,10417702,SPLEEN,male,1w,3,k20,pooled,0.12532830295244246
90441016202,10502300,SPLEEN,male,2w,3,k20,pooled,0.13425281422865865
90559016202,10950486,SPLEEN,female,1w,3,k20,pooled,0.158253486793259
90560016202,10700102,SPLEEN,female,1w,3,k20,pooled,0.17148052420565352
90564016202,10833331,SPLEEN,female,1w,3,k20,pooled,0.17002821526931633
90567016202,10901434,SPLEEN,female,1w,3,k20,pooled,0.16124169296704494
90571016202,10953744,SPLEEN,female,1w,3,k20,pooled,0.15284527582310636
90576016202,10729518,SPLEEN,female,2w,3,k20,pooled,0.1548946602043041
90578016202,10734945,SPLEEN,female,2w,3,k20,pooled,0.1524580683764193
90225016302,10025979,TESTES,male,8w,3,k20,pooled,0.14058066112396672
90218016302,10024735,TESTES,male,8w,3,k20,pooled,0.13789563711789832
90237016302,10027327,TESTES,male,control,3,k20,pooled,0.1442520698184533
90227016302,10026193,TESTES,male,8w,3,k20,pooled,0.14247257134064428
90441016302,10502300,TESTES,male,2w,3,k20,pooled,0.14459136537446649
90222016302,10025626,TESTES,male,8w,3,k20,pooled,0.14046527302511957
90223016302,10025707,TESTES,male,8w,3,k20,pooled,0.13910715350704095
90421016302,10417702,TESTES,male,1w,3,k20,pooled,0.1403825787785542
90217016302,10023259,TESTES,male,control,3,k20,pooled,0.1386702842374824
90421016502,10417702,VENACV,male,1w,3,k20,pooled,0.16210830614700067
90254016502,10044760,VENACV,female,8w,3,k20,pooled,0.1795588280891932
90441016502,10502300,VENACV,male,2w,3,k20,pooled,0.16952468972539236
90266016502,10046380,VENACV,female,control,3,k20,pooled,0.13999015256068215
90237016502,10027327,VENACV,male,control,3,k20,pooled,0.15842174692743394
90567016502,10901434,VENACV,female,1w,3,k20,pooled,0.7509845989556332
90576016502,10729518,VENACV,female,2w,3,k20,pooled,0.5875287814303414
90217016502,10023259,VENACV,male,control,3,k20,pooled,0.10812244342725141
90227016502,10026193,VENACV,male,8w,3,k20,pooled,0.3425746115857844
90564016502,10833331,VENACV,female,1w,3,k20,pooled,0.8492475675668849
90258016502,10045228,VENACV,female,8w,3,k20,pooled,0.13279001201870888
90225016502,10025979,VENACV,male,8w,3,k20,pooled,0.17537406915412823
90222016502,10025626,VENACV,male,8w,3,k20,pooled,0.1769897257898646
90251016502,10044256,VENACV,female,8w,3,k20,pooled,0.16662231543245187
90406016502,10306471,VENACV,female,4w,3,k20,pooled,0.6350018803341478
90560016502,10700102,VENACV,female,1w,3,k20,pooled,0.8821615782670741
90223016502,10025707,VENACV,male,8w,3,k20,pooled,0.12062753386098679
90571016502,10953744,VENACV,female,1w,3,k20,pooled,0.8043153461568583
90265016502,10046119,VENACV,female,control,3,k20,pooled,0.17911826670236708
90559016502,10950486,VENACV,female,1w,3,k20,pooled,0.8756771068040148
90578016502,10734945,VENACV,female,2w,3,k20,pooled,0.6289592557632574
90218016502,10024735,VENACV,male,8w,3,k20,pooled,0.1435405348994535
90217017005,10023259,WAT-SC,male,control,3,k20,pooled,0.07553495375197239
90218017005,10024735,WAT-SC,male,8w,3,k20,pooled,0.07459691862826856
90222017005,10025626,WAT-SC,male,8w,3,k20,pooled,0.062106970265287775
90223017005,10025707,WAT-SC,male,8w,3,k20,pooled,0.07858023203140596
90225017005,10025979,WAT-SC,male,8w,3,k20,pooled,0.07195535097569317
90227017005,10026193,WAT-SC,male,8w,3,k20,pooled,0.07099919290921364
90237017005,10027327,WAT-SC,male,control,3,k20,pooled,0.0853237678853459
90251017005,10044256,WAT-SC,female,8w,3,k20,pooled,0.1606151017512658
90254017005,10044760,WAT-SC,female,8w,3,k20,pooled,0.14442692598654372
90258017005,10045228,WAT-SC,female,8w,3,k20,pooled,0.10335851663895723
90265017005,10046119,WAT-SC,female,control,3,k20,pooled,0.19293767682987595
90266017005,10046380,WAT-SC,female,control,3,k20,pooled,0.2985902684102506
90406017005,10306471,WAT-SC,female,4w,3,k20,pooled,0.14783504348775678
90421017005,10417702,WAT-SC,male,1w,3,k20,pooled,0.07781827032404653
90441017005,10502300,WAT-SC,male,2w,3,k20,pooled,0.07864884477444534
90559017005,10950486,WAT-SC,female,1w,3,k20,pooled,0.18352276579772187
90560017005,10700102,WAT-SC,female,1w,3,k20,pooled,0.13086322930967664
90564017005,10833331,WAT-SC,female,1w,3,k20,pooled,0.33731630769616805
90567017005,10901434,WAT-SC,female,1w,3,k20,pooled,0.17875198377988377
90571017005,10953744,WAT-SC,female,1w,3,k20,pooled,0.1511498406661126
90576017005,10729518,WAT-SC,female,2w,3,k20,pooled,0.1997982783154234
90578017005,10734945,WAT-SC,female,2w,3,k20,pooled,0.14291392882274512
90218016002,10024735,ADRNL,male,8w,3,k20,one_per_animal,0.0961041138738904
90222016902,10025626,BAT,male,8w,3,k20,one_per_animal,0.37233214474447873
90567016902,10901434,BAT,female,1w,3,k20,one_per_animal,0.27612639685294404
90237016102,10027327,COLON,male,control,3,k20,one_per_animal,0.12571354018156988
90251015302,10044256,CORTEX,female,8w,3,k20,one_per_animal,0.3039197347287893
90254015302,10044760,CORTEX,female,8w,3,k20,one_per_animal,0.34338235127144345
90265015302,10046119,CORTEX,female,control,3,k20,one_per_animal,0.2600452688333351
90266015302,10046380,CORTEX,female,control,3,k20,one_per_animal,0.28729147532611277
90578015803,10734945,HEART,female,2w,3,k20,one_per_animal,0.12919229961094947
90559015202,10950486,HIPPOC,female,1w,3,k20,one_per_animal,0.22649894525799752
90227015402,10026193,HYPOTH,male,8w,3,k20,one_per_animal,0.1564695233022858
90564015902,10833331,KIDNEY,female,1w,3,k20,one_per_animal,0.13714997594840161
90421016803,10417702,LIVER,male,1w,3,k20,one_per_animal,0.12248146627902645
90571016603,10953744,LUNG,female,1w,3,k20,one_per_animal,0.13535144976908753
90217015603,10023259,SKM-VL,male,control,3,k20,one_per_animal,0.2769853974592109
90560015603,10700102,SKM-VL,female,1w,3,k20,one_per_animal,0.48653789734807495
90223016702,10025707,SMLINT,male,8w,3,k20,one_per_animal,0.10407224265706527
90258016202,10045228,SPLEEN,female,8w,3,k20,one_per_animal,0.15756714565108876
90441016202,10502300,SPLEEN,male,2w,3,k20,one_per_animal,0.13425281422865865
90225016302,10025979,TESTES,male,8w,3,k20,one_per_animal,0.14058066112396672
90406016502,10306471,VENACV,female,4w,3,k20,one_per_animal,0.6350018803341478
90576017005,10729518,WAT-SC,female,2w,3,k20,one_per_animal,0.1997982783154234
90237016002,10027327,ADRNL,male,control,3,k50,pooled,0.04818953490509048
90406016002,10306471,ADRNL,female,4w,3,k50,pooled,0.04398819840958834
90576016002,10729518,ADRNL,female,2w,3,k50,pooled,0.04823462404028722
90225016002,10025979,ADRNL,male,8w,3,k50,pooled,0.04664178219975745
90254016002,10044760,ADRNL,female,8w,3,k50,pooled,0.04938234633663374
90441016002,10502300,ADRNL,male,2w,3,k50,pooled,0.049252869941805
90571016002,10953744,ADRNL,female,1w,3,k50,pooled,0.989361321223585
90578016002,10734945,ADRNL,female,2w,3,k50,pooled,0.04361767991176735
90222016002,10025626,ADRNL,male,8w,3,k50,pooled,0.2371808972116103
90265016002,10046119,ADRNL,female,control,3,k50,pooled,0.05746839467066989
90564016002,10833331,ADRNL,female,1w,3,k50,pooled,0.04697655164673531
90217016002,10023259,ADRNL,male,control,3,k50,pooled,0.04389245782507778
90266016002,10046380,ADRNL,female,control,3,k50,pooled,0.16034596166552328
90227016002,10026193,ADRNL,male,8w,3,k50,pooled,0.04740296331983007
90559016002,10950486,ADRNL,female,1w,3,k50,pooled,0.04290143227966692
90223016002,10025707,ADRNL,male,8w,3,k50,pooled,0.058633500900853175
90218016002,10024735,ADRNL,male,8w,3,k50,pooled,0.05261630103701864
90560016002,10700102,ADRNL,female,1w,3,k50,pooled,0.04211866122300112
90251016002,10044256,ADRNL,female,8w,3,k50,pooled,0.056425392855229184
90421016002,10417702,ADRNL,male,1w,3,k50,pooled,0.037626696961656214
90567016002,10901434,ADRNL,female,1w,3,k50,pooled,0.0413093291591039
90258016002,10045228,ADRNL,female,8w,3,k50,pooled,0.053444925998039405
90217016902,10023259,BAT,male,control,3,k50,pooled,0.2548878611767458
90218016902,10024735,BAT,male,8w,3,k50,pooled,0.29383196124081656
90222016902,10025626,BAT,male,8w,3,k50,pooled,0.20549861040161932
90223016902,10025707,BAT,male,8w,3,k50,pooled,0.587763654168217
90225016902,10025979,BAT,male,8w,3,k50,pooled,0.2745068324915463
90227016902,10026193,BAT,male,8w,3,k50,pooled,0.22158611342219392
90237016902,10027327,BAT,male,control,3,k50,pooled,0.14230932028852583
90251016902,10044256,BAT,female,8w,3,k50,pooled,0.1266542055079265
90254016902,10044760,BAT,female,8w,3,k50,pooled,0.15921020082521709
90258016902,10045228,BAT,female,8w,3,k50,pooled,0.11073662705446075
90265016902,10046119,BAT,female,control,3,k50,pooled,0.12217793673714095
90266016902,10046380,BAT,female,control,3,k50,pooled,0.49642915067198157
90406016902,10306471,BAT,female,4w,3,k50,pooled,0.11325727428251742
90421016902,10417702,BAT,male,1w,3,k50,pooled,0.1445070408486553
90441016902,10502300,BAT,male,2w,3,k50,pooled,0.12978574417107558
90559016902,10950486,BAT,female,1w,3,k50,pooled,0.1224695902006141
90560016902,10700102,BAT,female,1w,3,k50,pooled,0.1132385897654582
90564016902,10833331,BAT,female,1w,3,k50,pooled,0.11997753212699047
90567016902,10901434,BAT,female,1w,3,k50,pooled,0.1531729717437076
90571016902,10953744,BAT,female,1w,3,k50,pooled,0.1421069979588684
90576016902,10729518,BAT,female,2w,3,k50,pooled,0.11046187665034213
90578016902,10734945,BAT,female,2w,3,k50,pooled,0.13199070937623592
90576013001,10729518,BLOOD,female,2w,3,k50,pooled,0.07687264937116856
90560013001,10700102,BLOOD,female,1w,3,k50,pooled,0.0793345563893404
90559013001,10950486,BLOOD,female,1w,3,k50,pooled,0.07211993538959893
90567013001,10901434,BLOOD,female,1w,3,k50,pooled,0.07476996933164026
90578013001,10734945,BLOOD,female,2w,3,k50,pooled,0.05683966325672707
90564013001,10833331,BLOOD,female,1w,3,k50,pooled,0.06953371448213574
90571013001,10953744,BLOOD,female,1w,3,k50,pooled,0.07442650267224926
90265013001,10046119,BLOOD,female,control,3,k50,pooled,0.057571085147776646
90441013002,10502300,BLOOD,male,2w,3,k50,pooled,0.07140974292652003
90406013001,10306471,BLOOD,female,4w,3,k50,pooled,0.0559259461613959
90421013002,10417702,BLOOD,male,1w,3,k50,pooled,0.0655954832212039
90225013001,10025979,BLOOD,male,8w,3,k50,pooled,0.05117368459745275
90227013002,10026193,BLOOD,male,8w,3,k50,pooled,0.04665799581702901
90258013001,10045228,BLOOD,female,8w,3,k50,pooled,0.06158907392011137
90266013002,10046380,BLOOD,female,control,3,k50,pooled,0.06529037714091679
90218013001,10024735,BLOOD,male,8w,3,k50,pooled,0.05865115509722507
90223013002,10025707,BLOOD,male,8w,3,k50,pooled,0.05407294199665169
90237013002,10027327,BLOOD,male,control,3,k50,pooled,0.059267020521149516
90222013002,10025626,BLOOD,male,8w,3,k50,pooled,0.054474567582028954
90251013001,10044256,BLOOD,female,8w,3,k50,pooled,0.060176379295565074
90254013002,10044760,BLOOD,female,8w,3,k50,pooled,0.06382868707599831
90217013001,10023259,BLOOD,male,control,3,k50,pooled,0.06077113104403398
90576016102,10729518,COLON,female,2w,3,k50,pooled,0.0604309945505086
90559016102,10950486,COLON,female,1w,3,k50,pooled,0.0538129954919806
90571016102,10953744,COLON,female,1w,3,k50,pooled,0.05418728660864813
90406016102,10306471,COLON,female,4w,3,k50,pooled,0.05058765645126295
90251016102,10044256,COLON,female,8w,3,k50,pooled,0.06315243232798373
90237016102,10027327,COLON,male,control,3,k50,pooled,0.04858618673715209
90567016102,10901434,COLON,female,1w,3,k50,pooled,0.05492533967077262
90258016102,10045228,COLON,female,8w,3,k50,pooled,0.051192232453117104
90217016102,10023259,COLON,male,control,3,k50,pooled,0.050217573236333246
90223016102,10025707,COLON,male,8w,3,k50,pooled,0.048146893980014815
90560016102,10700102,COLON,female,1w,3,k50,pooled,0.053829238215020614
90265016102,10046119,COLON,female,control,3,k50,pooled,0.0508102524829831
90421016102,10417702,COLON,male,1w,3,k50,pooled,0.04786257654168036
90227016102,10026193,COLON,male,8w,3,k50,pooled,0.04916151364422716
90222016102,10025626,COLON,male,8w,3,k50,pooled,0.04693496519595841
90578016102,10734945,COLON,female,2w,3,k50,pooled,0.05510118809555331
90564016102,10833331,COLON,female,1w,3,k50,pooled,0.05789158889292778
90218016102,10024735,COLON,male,8w,3,k50,pooled,0.045176985016395554
90266016102,10046380,COLON,female,control,3,k50,pooled,0.04835502616453968
90225016102,10025979,COLON,male,8w,3,k50,pooled,0.05270428710185082
90441016102,10502300,COLON,male,2w,3,k50,pooled,0.050810344876661695
90254016102,10044760,COLON,female,8w,3,k50,pooled,0.05895133564575894
90217015302,10023259,CORTEX,male,control,3,k50,pooled,0.1912756127384736
90218015302,10024735,CORTEX,male,8w,3,k50,pooled,0.1788496905878415
90222015302,10025626,CORTEX,male,8w,3,k50,pooled,0.22337746196993935
90223015302,10025707,CORTEX,male,8w,3,k50,pooled,0.21415432982345617
90225015302,10025979,CORTEX,male,8w,3,k50,pooled,0.16671519210815777
90227015302,10026193,CORTEX,male,8w,3,k50,pooled,0.1623787302935049
90237015302,10027327,CORTEX,male,control,3,k50,pooled,0.12402878067169021
90251015302,10044256,CORTEX,female,8w,3,k50,pooled,0.1528574114760648
90254015302,10044760,CORTEX,female,8w,3,k50,pooled,0.21554930571292352
90258015302,10045228,CORTEX,female,8w,3,k50,pooled,0.15261586476482214
90265015302,10046119,CORTEX,female,control,3,k50,pooled,0.14156167425728572
90266015302,10046380,CORTEX,female,control,3,k50,pooled,0.14855577776194717
90406015302,10306471,CORTEX,female,4w,3,k50,pooled,0.135546161175498
90421015302,10417702,CORTEX,male,1w,3,k50,pooled,0.1404530605148474
90441015302,10502300,CORTEX,male,2w,3,k50,pooled,0.13750501338165932
90559015302,10950486,CORTEX,female,1w,3,k50,pooled,0.13164611746417076
90560015302,10700102,CORTEX,female,1w,3,k50,pooled,0.17911918364973078
90564015302,10833331,CORTEX,female,1w,3,k50,pooled,0.16168424111923563
90567015302,10901434,CORTEX,female,1w,3,k50,pooled,0.229263971204142
90571015302,10953744,CORTEX,female,1w,3,k50,pooled,0.1598370763207294
90576015302,10729518,CORTEX,female,2w,3,k50,pooled,0.1485153606264218
90578015302,10734945,CORTEX,female,2w,3,k50,pooled,0.15101132456909727
90559015803,10950486,HEART,female,1w,3,k50,pooled,0.09351265800706443
90564015803,10833331,HEART,female,1w,3,k50,pooled,0.07098611353208595
90576015803,10729518,HEART,female,2w,3,k50,pooled,0.07524583738457302
90406015803,10306471,HEART,female,4w,3,k50,pooled,0.06390647661394644
90266015803,10046380,HEART,female,control,3,k50,pooled,0.06959429819732676
90222015803,10025626,HEART,male,8w,3,k50,pooled,0.07636086628034966
90560015803,10700102,HEART,female,1w,3,k50,pooled,0.05945030436681509
90258015803,10045228,HEART,female,8w,3,k50,pooled,0.07085647924581429
90217015803,10023259,HEART,male,control,3,k50,pooled,0.07972368109930339
90571015803,10953744,HEART,female,1w,3,k50,pooled,0.07467049889311161
90227015803,10026193,HEART,male,8w,3,k50,pooled,0.0848097458965621
90218015803,10024735,HEART,male,8w,3,k50,pooled,0.08235944158191066
90567015803,10901434,HEART,female,1w,3,k50,pooled,0.0647357230472807
90254015803,10044760,HEART,female,8w,3,k50,pooled,0.08398185666865499
90237015803,10027327,HEART,male,control,3,k50,pooled,0.07392035115263584
90578015803,10734945,HEART,female,2w,3,k50,pooled,0.0632276469440024
90225015803,10025979,HEART,male,8w,3,k50,pooled,0.09329288850858752
90441015803,10502300,HEART,male,2w,3,k50,pooled,0.07907597715643733
90251015803,10044256,HEART,female,8w,3,k50,pooled,0.08876589601573448
90421015803,10417702,HEART,male,1w,3,k50,pooled,0.07486558317360903
90223015803,10025707,HEART,male,8w,3,k50,pooled,0.07764317312421265
90265015803,10046119,HEART,female,control,3,k50,pooled,0.06855898601309651
90217015202,10023259,HIPPOC,male,control,3,k50,pooled,0.13537722789388906
90218015202,10024735,HIPPOC,male,8w,3,k50,pooled,0.12965669674845826
90222015202,10025626,HIPPOC,male,8w,3,k50,pooled,0.1682251143323149
90223015202,10025707,HIPPOC,male,8w,3,k50,pooled,0.14898152729379555
90225015202,10025979,HIPPOC,male,8w,3,k50,pooled,0.10813358600223377
90227015202,10026193,HIPPOC,male,8w,3,k50,pooled,0.116152930689434
90237015202,10027327,HIPPOC,male,control,3,k50,pooled,0.20163205924505312
90251015202,10044256,HIPPOC,female,8w,3,k50,pooled,0.08772426173097303
90254015202,10044760,HIPPOC,female,8w,3,k50,pooled,0.10320553781355024
90258015202,10045228,HIPPOC,female,8w,3,k50,pooled,0.1673767171212448
90265015202,10046119,HIPPOC,female,control,3,k50,pooled,0.10866869361545384
90266015202,10046380,HIPPOC,female,control,3,k50,pooled,0.1373801349557464
90406015202,10306471,HIPPOC,female,4w,3,k50,pooled,0.9933412492314204
90421015202,10417702,HIPPOC,male,1w,3,k50,pooled,0.09884326528637533
90441015202,10502300,HIPPOC,male,2w,3,k50,pooled,0.2101245389260965
90559015202,10950486,HIPPOC,female,1w,3,k50,pooled,0.11498797573365749
90560015202,10700102,HIPPOC,female,1w,3,k50,pooled,0.15048567066136953
90564015202,10833331,HIPPOC,female,1w,3,k50,pooled,0.09407887949500082
90567015202,10901434,HIPPOC,female,1w,3,k50,pooled,0.13313761936093926
90571015202,10953744,HIPPOC,female,1w,3,k50,pooled,0.11904350058817847
90576015202,10729518,HIPPOC,female,2w,3,k50,pooled,0.11591696239191362
90578015202,10734945,HIPPOC,female,2w,3,k50,pooled,0.1358166843624361
90217015402,10023259,HYPOTH,male,control,3,k50,pooled,0.06085994676123452
90218015402,10024735,HYPOTH,male,8w,3,k50,pooled,0.05991350960738984
90222015402,10025626,HYPOTH,male,8w,3,k50,pooled,0.06236282022224937
90223015402,10025707,HYPOTH,male,8w,3,k50,pooled,0.050627740118412756
90225015402,10025979,HYPOTH,male,8w,3,k50,pooled,0.056067097118293274
90227015402,10026193,HYPOTH,male,8w,3,k50,pooled,0.05604480795805522
90237015402,10027327,HYPOTH,male,control,3,k50,pooled,0.056463532809290395
90251015402,10044256,HYPOTH,female,8w,3,k50,pooled,0.05593699343060754
90254015402,10044760,HYPOTH,female,8w,3,k50,pooled,0.056137284082636074
90258015402,10045228,HYPOTH,female,8w,3,k50,pooled,0.053502282978116766
90265015402,10046119,HYPOTH,female,control,3,k50,pooled,0.05235866934655742
90266015402,10046380,HYPOTH,female,control,3,k50,pooled,0.05746811920345396
90406015402,10306471,HYPOTH,female,4w,3,k50,pooled,0.9944069106660548
90421015402,10417702,HYPOTH,male,1w,3,k50,pooled,0.05420070932990928
90441015402,10502300,HYPOTH,male,2w,3,k50,pooled,0.06160654524638742
90559015402,10950486,HYPOTH,female,1w,3,k50,pooled,0.051851915156471584
90560015402,10700102,HYPOTH,female,1w,3,k50,pooled,0.08059487341407556
90564015402,10833331,HYPOTH,female,1w,3,k50,pooled,0.056191944913918435
90567015402,10901434,HYPOTH,female,1w,3,k50,pooled,0.05808489903529912
90571015402,10953744,HYPOTH,female,1w,3,k50,pooled,0.06057852198258562
90576015402,10729518,HYPOTH,female,2w,3,k50,pooled,0.05412068316119678
90578015402,10734945,HYPOTH,female,2w,3,k50,pooled,0.04794840290272939
90217015902,10023259,KIDNEY,male,control,3,k50,pooled,0.049423521953604777
90218015902,10024735,KIDNEY,male,8w,3,k50,pooled,0.05388942708697286
90222015902,10025626,KIDNEY,male,8w,3,k50,pooled,0.052876617410123394
90223015902,10025707,KIDNEY,male,8w,3,k50,pooled,0.053495493275172334
90225015902,10025979,KIDNEY,male,8w,3,k50,pooled,0.05116471691664448
90227015902,10026193,KIDNEY,male,8w,3,k50,pooled,0.05269278344365391
90237015902,10027327,KIDNEY,male,control,3,k50,pooled,0.04771893739474886
90251015902,10044256,KIDNEY,female,8w,3,k50,pooled,0.051804354258040974
90254015902,10044760,KIDNEY,female,8w,3,k50,pooled,0.0471737083290924
90258015902,10045228,KIDNEY,female,8w,3,k50,pooled,0.04766289146951497
90265015902,10046119,KIDNEY,female,control,3,k50,pooled,0.055554389500657164
90266015902,10046380,KIDNEY,female,control,3,k50,pooled,0.049715317930701164
90406015902,10306471,KIDNEY,female,4w,3,k50,pooled,0.05618177166509264
90421015902,10417702,KIDNEY,male,1w,3,k50,pooled,0.050883465770775516
90441015902,10502300,KIDNEY,male,2w,3,k50,pooled,0.053834312764359016
90559015902,10950486,KIDNEY,female,1w,3,k50,pooled,0.05662287337431571
90560015902,10700102,KIDNEY,female,1w,3,k50,pooled,0.04948905035243334
90564015902,10833331,KIDNEY,female,1w,3,k50,pooled,0.053788470406564315
90567015902,10901434,KIDNEY,female,1w,3,k50,pooled,0.049498910186627554
90571015902,10953744,KIDNEY,female,1w,3,k50,pooled,0.05223903268470964
90576015902,10729518,KIDNEY,female,2w,3,k50,pooled,0.05310279113880001
90578015902,10734945,KIDNEY,female,2w,3,k50,pooled,0.05040768642602644
90217016803,10023259,LIVER,male,control,3,k50,pooled,0.044698913518157024
90218016803,10024735,LIVER,male,8w,3,k50,pooled,0.046777877238607934
90222016803,10025626,LIVER,male,8w,3,k50,pooled,0.040402346625189156
90223016803,10025707,LIVER,male,8w,3,k50,pooled,0.04367831526667476
90225016803,10025979,LIVER,male,8w,3,k50,pooled,0.04535688594013465
90227016803,10026193,LIVER,male,8w,3,k50,pooled,0.049141922637380375
90237016803,10027327,LIVER,male,control,3,k50,pooled,0.04178195019743103
90251016803,10044256,LIVER,female,8w,3,k50,pooled,0.05385763682149136
90254016803,10044760,LIVER,female,8w,3,k50,pooled,0.048586938267142554
90258016803,10045228,LIVER,female,8w,3,k50,pooled,0.05244279871784385
90265016803,10046119,LIVER,female,control,3,k50,pooled,0.0591471812289458
90266016803,10046380,LIVER,female,control,3,k50,pooled,0.05800530683391636
90406016803,10306471,LIVER,female,4w,3,k50,pooled,0.055674621321571416
90421016803,10417702,LIVER,male,1w,3,k50,pooled,0.048716220407229005
90441016803,10502300,LIVER,male,2w,3,k50,pooled,0.0470148947233856
90559016803,10950486,LIVER,female,1w,3,k50,pooled,0.05093038453494825
90560016803,10700102,LIVER,female,1w,3,k50,pooled,0.05203715230019346
90564016803,10833331,LIVER,female,1w,3,k50,pooled,0.05213712519528613
90567016803,10901434,LIVER,female,1w,3,k50,pooled,0.05378473390320293
90571016803,10953744,LIVER,female,1w,3,k50,pooled,0.05350475219710493
90576016803,10729518,LIVER,female,2w,3,k50,pooled,0.056269895724212926
90578016803,10734945,LIVER,female,2w,3,k50,pooled,0.05430833085056164
90406016603,10306471,LUNG,female,4w,3,k50,pooled,0.05532783079476311
90564016603,10833331,LUNG,female,1w,3,k50,pooled,0.06584962427440444
90266016603,10046380,LUNG,female,control,3,k50,pooled,0.055536871816826316
90258016603,10045228,LUNG,female,8w,3,k50,pooled,0.04654366674134802
90254016603,10044760,LUNG,female,8w,3,k50,pooled,0.05016448143024588
90237016603,10027327,LUNG,male,control,3,k50,pooled,0.05076159848678996
90218016603,10024735,LUNG,male,8w,3,k50,pooled,0.05404851746157513
90251016603,10044256,LUNG,female,8w,3,k50,pooled,0.054499344502133895
90560016603,10700102,LUNG,female,1w,3,k50,pooled,0.04920288423075403
90576016603,10729518,LUNG,female,2w,3,k50,pooled,0.056401176293848776
90223016603,10025707,LUNG,male,8w,3,k50,pooled,0.05090861828928894
90227016603,10026193,LUNG,male,8w,3,k50,pooled,0.060902955878482934
90567016603,10901434,LUNG,female,1w,3,k50,pooled,0.056407541224667956
90421016603,10417702,LUNG,male,1w,3,k50,pooled,0.05345971212445366
90571016603,10953744,LUNG,female,1w,3,k50,pooled,0.05563326429104298
90222016603,10025626,LUNG,male,8w,3,k50,pooled,0.05873602436326997
90559016603,10950486,LUNG,female,1w,3,k50,pooled,0.057733116194669476
90578016603,10734945,LUNG,female,2w,3,k50,pooled,0.055953598406866645
90225016603,10025979,LUNG,male,8w,3,k50,pooled,0.05101194708323775
90441016603,10502300,LUNG,male,2w,3,k50,pooled,0.05754981796012171
90265016603,10046119,LUNG,female,control,3,k50,pooled,0.05350701447758088
90217016603,10023259,LUNG,male,control,3,k50,pooled,0.051681851470321005
90266016402,10046380,OVARY,female,control,3,k50,pooled,0.10355893730384025
90254016402,10044760,OVARY,female,8w,3,k50,pooled,0.1319113421384338
90567016402,10901434,OVARY,female,1w,3,k50,pooled,0.18597101136290517
90406016402,10306471,OVARY,female,4w,3,k50,pooled,0.09440471169072961
90559016402,10950486,OVARY,female,1w,3,k50,pooled,0.12410997902530618
90258016402,10045228,OVARY,female,8w,3,k50,pooled,0.1001180434956388
90576016402,10729518,OVARY,female,2w,3,k50,pooled,0.1412411676316957
90571016402,10953744,OVARY,female,1w,3,k50,pooled,0.13606259692581768
90265016402,10046119,OVARY,female,control,3,k50,pooled,0.09669119732755393
90578016402,10734945,OVARY,female,2w,3,k50,pooled,0.1849214693234169
90251016402,10044256,OVARY,female,8w,3,k50,pooled,0.10708323401758157
90560016402,10700102,OVARY,female,1w,3,k50,pooled,0.12811930233997892
90564016402,10833331,OVARY,female,1w,3,k50,pooled,0.13106003428562296
90560015512,10700102,SKM-GN,female,1w,3,k50,pooled,0.22813699563126233
90406015512,10306471,SKM-GN,female,4w,3,k50,pooled,0.34047638056326546
90254015512,10044760,SKM-GN,female,8w,3,k50,pooled,0.3697811568332514
90258015512,10045228,SKM-GN,female,8w,3,k50,pooled,0.27502407049232336
90578015512,10734945,SKM-GN,female,2w,3,k50,pooled,0.24044863225831592
90576015512,10729518,SKM-GN,female,2w,3,k50,pooled,0.31242227794813404
90217015512,10023259,SKM-GN,male,control,3,k50,pooled,0.15313120064986008
90218015512,10024735,SKM-GN,male,8w,3,k50,pooled,0.3208957434185158
90559015512,10950486,SKM-GN,female,1w,3,k50,pooled,0.3678105261860437
90421015512,10417702,SKM-GN,male,1w,3,k50,pooled,0.34250331572232906
90237015512,10027327,SKM-GN,male,control,3,k50,pooled,0.29196681083690135
90225015512,10025979,SKM-GN,male,8w,3,k50,pooled,0.45009674218011064
90265015512,10046119,SKM-GN,female,control,3,k50,pooled,0.3454532470907282
90227015512,10026193,SKM-GN,male,8w,3,k50,pooled,0.5368798830094992
90567015512,10901434,SKM-GN,female,1w,3,k50,pooled,0.417267381131759
90441015512,10502300,SKM-GN,male,2w,3,k50,pooled,0.43541658904652436
90222015512,10025626,SKM-GN,male,8w,3,k50,pooled,0.4861244270989077
90251015512,10044256,SKM-GN,female,8w,3,k50,pooled,0.27001498545721925
90571015512,10953744,SKM-GN,female,1w,3,k50,pooled,0.45813670636653114
90564015512,10833331,SKM-GN,female,1w,3,k50,pooled,0.41078910088692344
90223015512,10025707,SKM-GN,male,8w,3,k50,pooled,0.26896066912459005
90266015512,10046380,SKM-GN,female,control,3,k50,pooled,0.17689941252404195
90217015603,10023259,SKM-VL,male,control,3,k50,pooled,0.10996889583903136
90218015603,10024735,SKM-VL,male,8w,3,k50,pooled,0.2802396303055129
90222015603,10025626,SKM-VL,male,8w,3,k50,pooled,0.6628978502562164
90223015603,10025707,SKM-VL,male,8w,3,k50,pooled,0.561499774488537
90225015603,10025979,SKM-VL,male,8w,3,k50,pooled,0.45098416162714194
90227015603,10026193,SKM-VL,male,8w,3,k50,pooled,0.10922319837392203
90237015603,10027327,SKM-VL,male,control,3,k50,pooled,0.4640010880972353
90251015603,10044256,SKM-VL,female,8w,3,k50,pooled,0.20383046069290478
90254015603,10044760,SKM-VL,female,8w,3,k50,pooled,0.24268962262705784
90258015603,10045228,SKM-VL,female,8w,3,k50,pooled,0.31220555623723234
90265015603,10046119,SKM-VL,female,control,3,k50,pooled,0.3270468642565828
90266015603,10046380,SKM-VL,female,control,3,k50,pooled,0.267467121629801
90406015603,10306471,SKM-VL,female,4w,3,k50,pooled,0.32922218618313315
90421015603,10417702,SKM-VL,male,1w,3,k50,pooled,0.38808331958148923
90441015603,10502300,SKM-VL,male,2w,3,k50,pooled,0.15032053656023614
90559015603,10950486,SKM-VL,female,1w,3,k50,pooled,0.4382904947910249
90560015603,10700102,SKM-VL,female,1w,3,k50,pooled,0.4247513006798218
90564015603,10833331,SKM-VL,female,1w,3,k50,pooled,0.30681373649098154
90567015603,10901434,SKM-VL,female,1w,3,k50,pooled,0.3751446203135391
90571015603,10953744,SKM-VL,female,1w,3,k50,pooled,0.29473181015822825
90576015603,10729518,SKM-VL,female,2w,3,k50,pooled,0.45523175878864497
90578015603,10734945,SKM-VL,female,2w,3,k50,pooled,0.5060807445215665
90576016702,10729518,SMLINT,female,2w,3,k50,pooled,0.05341462787639739
90578016702,10734945,SMLINT,female,2w,3,k50,pooled,0.06454591091394646
90421016702,10417702,SMLINT,male,1w,3,k50,pooled,0.05647634607658414
90571016702,10953744,SMLINT,female,1w,3,k50,pooled,0.04523046934002084
90559016702,10950486,SMLINT,female,1w,3,k50,pooled,0.06060536928122007
90258016702,10045228,SMLINT,female,8w,3,k50,pooled,0.06500139575146358
90223016702,10025707,SMLINT,male,8w,3,k50,pooled,0.05101246024851258
90441016702,10502300,SMLINT,male,2w,3,k50,pooled,0.04841829163275879
90567016702,10901434,SMLINT,female,1w,3,k50,pooled,0.06443617395202295
90406016702,10306471,SMLINT,female,4w,3,k50,pooled,0.06564617186255373
90225016702,10025979,SMLINT,male,8w,3,k50,pooled,0.06610896608553629
90217016702,10023259,SMLINT,male,control,3,k50,pooled,0.057797996102183724
90266016702,10046380,SMLINT,female,control,3,k50,pooled,0.06458781803058711
90254016702,10044760,SMLINT,female,8w,3,k50,pooled,0.11543382324775686
90218016702,10024735,SMLINT,male,8w,3,k50,pooled,0.05003243064478424
90564016702,10833331,SMLINT,female,1w,3,k50,pooled,0.06170499294576426
90227016702,10026193,SMLINT,male,8w,3,k50,pooled,0.07242800374715608
90237016702,10027327,SMLINT,male,control,3,k50,pooled,0.057690681236929775
90265016702,10046119,SMLINT,female,control,3,k50,pooled,0.05954772555083876
90560016702,10700102,SMLINT,female,1w,3,k50,pooled,0.05019220977017458
90251016702,10044256,SMLINT,female,8w,3,k50,pooled,0.06585584062192129
90222016702,10025626,SMLINT,male,8w,3,k50,pooled,0.06293036241022731
90217016202,10023259,SPLEEN,male,control,3,k50,pooled,0.07848624470910504
90218016202,10024735,SPLEEN,male,8w,3,k50,pooled,0.08820507893071117
90222016202,10025626,SPLEEN,male,8w,3,k50,pooled,0.0881432336443938
90223016202,10025707,SPLEEN,male,8w,3,k50,pooled,0.07734006868458054
90225016202,10025979,SPLEEN,male,8w,3,k50,pooled,0.08136208197826444
90227016202,10026193,SPLEEN,male,8w,3,k50,pooled,0.09371710583845361
90237016202,10027327,SPLEEN,male,control,3,k50,pooled,0.08512309744888058
90251016202,10044256,SPLEEN,female,8w,3,k50,pooled,0.09304511699401408
90254016202,10044760,SPLEEN,female,8w,3,k50,pooled,0.11275045455821397
90258016202,10045228,SPLEEN,female,8w,3,k50,pooled,0.08299865309427001
90265016202,10046119,SPLEEN,female,control,3,k50,pooled,0.0877791875785171
90266016202,10046380,SPLEEN,female,control,3,k50,pooled,0.10130995208545002
90406016202,10306471,SPLEEN,female,4w,3,k50,pooled,0.08301951944040531
90421016202,10417702,SPLEEN,male,1w,3,k50,pooled,0.06962416573754016
90441016202,10502300,SPLEEN,male,2w,3,k50,pooled,0.07742551108938434
90559016202,10950486,SPLEEN,female,1w,3,k50,pooled,0.08160205647289931
90560016202,10700102,SPLEEN,female,1w,3,k50,pooled,0.08575612167794133
90564016202,10833331,SPLEEN,female,1w,3,k50,pooled,0.09374850409613833
90567016202,10901434,SPLEEN,female,1w,3,k50,pooled,0.0843691646067366
90571016202,10953744,SPLEEN,female,1w,3,k50,pooled,0.08889061735898751
90576016202,10729518,SPLEEN,female,2w,3,k50,pooled,0.09307453371718388
90578016202,10734945,SPLEEN,female,2w,3,k50,pooled,0.08640777362693741
90225016302,10025979,TESTES,male,8w,3,k50,pooled,0.07359830868005957
90218016302,10024735,TESTES,male,8w,3,k50,pooled,0.07122808375576672
90237016302,10027327,TESTES,male,control,3,k50,pooled,0.07405775301337425
90227016302,10026193,TESTES,male,8w,3,k50,pooled,0.07383270623358529
90441016302,10502300,TESTES,male,2w,3,k50,pooled,0.07399529838303054
90222016302,10025626,TESTES,male,8w,3,k50,pooled,0.07327640623829901
90223016302,10025707,TESTES,male,8w,3,k50,pooled,0.0740983771842294
90421016302,10417702,TESTES,male,1w,3,k50,pooled,0.07250169736702139
90217016302,10023259,TESTES,male,control,3,k50,pooled,0.0729517815428361
90421016502,10417702,VENACV,male,1w,3,k50,pooled,0.060696427121723295
90254016502,10044760,VENACV,female,8w,3,k50,pooled,0.08502507790655289
90441016502,10502300,VENACV,male,2w,3,k50,pooled,0.04310099808210299
90266016502,10046380,VENACV,female,control,3,k50,pooled,0.03886886848910476
90237016502,10027327,VENACV,male,control,3,k50,pooled,0.04690074369406738
90567016502,10901434,VENACV,female,1w,3,k50,pooled,0.590360463805995
90576016502,10729518,VENACV,female,2w,3,k50,pooled,0.7688949949813989
90217016502,10023259,VENACV,male,control,3,k50,pooled,0.07777370182162391
90227016502,10026193,VENACV,male,8w,3,k50,pooled,0.0637333610531241
90564016502,10833331,VENACV,female,1w,3,k50,pooled,0.8347013108015426
90258016502,10045228,VENACV,female,8w,3,k50,pooled,0.0682325443282471
90225016502,10025979,VENACV,male,8w,3,k50,pooled,0.07302929326249807
90222016502,10025626,VENACV,male,8w,3,k50,pooled,0.05134053868462185
90251016502,10044256,VENACV,female,8w,3,k50,pooled,0.05903576823645307
90406016502,10306471,VENACV,female,4w,3,k50,pooled,0.12967585186352248
90560016502,10700102,VENACV,female,1w,3,k50,pooled,0.9215496124401197
90223016502,10025707,VENACV,male,8w,3,k50,pooled,0.04780748473878149
90571016502,10953744,VENACV,female,1w,3,k50,pooled,0.8940621469729566
90265016502,10046119,VENACV,female,control,3,k50,pooled,0.06947562781465488
90559016502,10950486,VENACV,female,1w,3,k50,pooled,0.9219182141795346
90578016502,10734945,VENACV,female,2w,3,k50,pooled,0.45046656524386564
90218016502,10024735,VENACV,male,8w,3,k50,pooled,0.12771144916668764
90217017005,10023259,WAT-SC,male,control,3,k50,pooled,0.03397190989884813
90218017005,10024735,WAT-SC,male,8w,3,k50,pooled,0.04121906298935696
90222017005,10025626,WAT-SC,male,8w,3,k50,pooled,0.03229261244262627
90223017005,10025707,WAT-SC,male,8w,3,k50,pooled,0.03663640853353378
90225017005,10025979,WAT-SC,male,8w,3,k50,pooled,0.03228838330096273
90227017005,10026193,WAT-SC,male,8w,3,k50,pooled,0.03164298416126321
90237017005,10027327,WAT-SC,male,control,3,k50,pooled,0.04249472055238768
90251017005,10044256,WAT-SC,female,8w,3,k50,pooled,0.08555888583166305
90254017005,10044760,WAT-SC,female,8w,3,k50,pooled,0.0680904797985723
90258017005,10045228,WAT-SC,female,8w,3,k50,pooled,0.05682872212574164
90265017005,10046119,WAT-SC,female,control,3,k50,pooled,0.12967447048170233
90266017005,10046380,WAT-SC,female,control,3,k50,pooled,0.17683287817878368
90406017005,10306471,WAT-SC,female,4w,3,k50,pooled,0.08373675271649872
90421017005,10417702,WAT-SC,male,1w,3,k50,pooled,0.031444568435648135
90441017005,10502300,WAT-SC,male,2w,3,k50,pooled,0.0406198145459834
90559017005,10950486,WAT-SC,female,1w,3,k50,pooled,0.12383023507410862
90560017005,10700102,WAT-SC,female,1w,3,k50,pooled,0.06292068215760249
90564017005,10833331,WAT-SC,female,1w,3,k50,pooled,0.2094191913745006
90567017005,10901434,WAT-SC,female,1w,3,k50,pooled,0.12765845029151224
90571017005,10953744,WAT-SC,female,1w,3,k50,pooled,0.06857372474663048
90576017005,10729518,WAT-SC,female,2w,3,k50,pooled,0.08870196800132812
90578017005,10734945,WAT-SC,female,2w,3,k50,pooled,0.09710959130720509
90218016002,10024735,ADRNL,male,8w,3,k50,one_per_animal,0.05261630103701864
90222016902,10025626,BAT,male,8w,3,k50,one_per_animal,0.20549861040161932
90567016902,10901434,BAT,female,1w,3,k50,one_per_animal,0.1531729717437076
90237016102,10027327,COLON,male,control,3,k50,one_per_animal,0.04858618673715209
90251015302,10044256,CORTEX,female,8w,3,k50,one_per_animal,0.1528574114760648
90254015302,10044760,CORTEX,female,8w,3,k50,one_per_animal,0.21554930571292352
90265015302,10046119,CORTEX,female,control,3,k50,one_per_animal,0.14156167425728572
90266015302,10046380,CORTEX,female,control,3,k50,one_per_animal,0.14855577776194717
90578015803,10734945,HEART,female,2w,3,k50,one_per_animal,0.0632276469440024
90559015202,10950486,HIPPOC,female,1w,3,k50,one_per_animal,0.11498797573365749
90227015402,10026193,HYPOTH,male,8w,3,k50,one_per_animal,0.05604480795805522
90564015902,10833331,KIDNEY,female,1w,3,k50,one_per_animal,0.053788470406564315
90421016803,10417702,LIVER,male,1w,3,k50,one_per_animal,0.048716220407229005
90571016603,10953744,LUNG,female,1w,3,k50,one_per_animal,0.05563326429104298
90217015603,10023259,SKM-VL,male,control,3,k50,one_per_animal,0.10996889583903136
90560015603,10700102,SKM-VL,female,1w,3,k50,one_per_animal,0.4247513006798218
90223016702,10025707,SMLINT,male,8w,3,k50,one_per_animal,0.05101246024851258
90258016202,10045228,SPLEEN,female,8w,3,k50,one_per_animal,0.08299865309427001
90441016202,10502300,SPLEEN,male,2w,3,k50,one_per_animal,0.07742551108938434
90225016302,10025979,TESTES,male,8w,3,k50,one_per_animal,0.07359830868005957
90406016502,10306471,VENACV,female,4w,3,k50,one_per_animal,0.12967585186352248
90576017005,10729518,WAT-SC,female,2w,3,k50,one_per_animal,0.08870196800132812
90292016002,10220917,ADRNL,male,4w,4,full,pooled,0.0058257602509492745
90416016002,10381414,ADRNL,female,4w,4,full,pooled,0.009053904830996662
90225016002,10025979,ADRNL,male,8w,4,full,pooled,0.008281323801878848
90441016002,10502300,ADRNL,male,2w,4,full,pooled,0.0132846543602263
90571016002,10953744,ADRNL,female,1w,4,full,pooled,0.9905353272563665
90444016002,10587543,ADRNL,male,2w,4,full,pooled,0.014203784125044416
90578016002,10734945,ADRNL,female,2w,4,full,pooled,0.00948060991416988
90587016002,10971645,ADRNL,female,2w,4,full,pooled,0.01450510565682106
90265016002,10046119,ADRNL,female,control,4,full,pooled,0.019990309735555933
90217016002,10023259,ADRNL,male,control,4,full,pooled,0.007827980688776326
90281016002,10106383,ADRNL,male,4w,4,full,pooled,0.013466472719155576
90412016002,10337199,ADRNL,female,4w,4,full,pooled,0.017802424009269346
90239016002,10027599,ADRNL,male,control,4,full,pooled,0.008297820674650347
90252016002,10044337,ADRNL,female,control,4,full,pooled,0.023175029098832622
90283016002,10139044,ADRNL,male,4w,4,full,pooled,0.006493662807688039
90430016002,10561072,ADRNL,male,1w,4,full,pooled,0.020266352828061662
90259016002,10045309,ADRNL,female,8w,4,full,pooled,0.0071772753894785435
90585016002,10871349,ADRNL,female,2w,4,full,pooled,0.009526594782579223
90267016002,10046461,ADRNL,female,8w,4,full,pooled,0.008762801207893745
90423016002,10424911,ADRNL,male,1w,4,full,pooled,0.007670372653011737
90289016002,10185585,ADRNL,male,4w,4,full,pooled,0.00772434495214358
90426016002,10503110,ADRNL,male,1w,4,full,pooled,0.12161613676656013
90217016902,10023259,BAT,male,control,4,full,pooled,0.048834304248377425
90225016902,10025979,BAT,male,8w,4,full,pooled,0.07616216632936257
90239016902,10027599,BAT,male,control,4,full,pooled,0.02157733396734951
90252016902,10044337,BAT,female,control,4,full,pooled,0.02296318544006848
90259016902,10045309,BAT,female,8w,4,full,pooled,0.02220065912047553
90265016902,10046119,BAT,female,control,4,full,pooled,0.03797045470703042
90267016902,10046461,BAT,female,8w,4,full,pooled,0.031355733090416726
90281016902,10106383,BAT,male,4w,4,full,pooled,0.027403292406543933
90283016902,10139044,BAT,male,4w,4,full,pooled,0.1010409125727586
90289016902,10185585,BAT,male,4w,4,full,pooled,0.03509101898906186
90292016902,10220917,BAT,male,4w,4,full,pooled,0.03442559129379763
90412016902,10337199,BAT,female,4w,4,full,pooled,0.0363308909343224
90416016902,10381414,BAT,female,4w,4,full,pooled,0.020704399465115597
90423016902,10424911,BAT,male,1w,4,full,pooled,0.07861747238594563
90426016902,10503110,BAT,male,1w,4,full,pooled,0.033484273268692855
90430016902,10561072,BAT,male,1w,4,full,pooled,0.06037525653858822
90441016902,10502300,BAT,male,2w,4,full,pooled,0.028442466546282685
90444016902,10587543,BAT,male,2w,4,full,pooled,0.02865412548704671
90571016902,10953744,BAT,female,1w,4,full,pooled,0.036877546767538516
90578016902,10734945,BAT,female,2w,4,full,pooled,0.044370220938970806
90585016902,10871349,BAT,female,2w,4,full,pooled,0.0394528963244124
90587016902,10971645,BAT,female,2w,4,full,pooled,0.07839170813189955
90585013001,10871349,BLOOD,female,2w,4,full,pooled,0.007383104444901645
90578013001,10734945,BLOOD,female,2w,4,full,pooled,0.005951715529329049
90571013001,10953744,BLOOD,female,1w,4,full,pooled,0.004684658566461275
90587013001,10971645,BLOOD,female,2w,4,full,pooled,0.004873776103470395
90252013001,10044337,BLOOD,female,control,4,full,pooled,0.004906770867170507
90265013001,10046119,BLOOD,female,control,4,full,pooled,0.006164772555422471
90292013001,10220917,BLOOD,male,4w,4,full,pooled,0.006106624504933045
90416013001,10381414,BLOOD,female,4w,4,full,pooled,0.008100854275467695
90283013001,10139044,BLOOD,male,4w,4,full,pooled,0.007808434431749833
90441013002,10502300,BLOOD,male,2w,4,full,pooled,0.0064856911416366625
90289013001,10185585,BLOOD,male,4w,4,full,pooled,0.028847051026529957
90281013001,10106383,BLOOD,male,4w,4,full,pooled,0.005100991308022884
90423013002,10424911,BLOOD,male,1w,4,full,pooled,0.007093633567454516
90412013001,10337199,BLOOD,female,4w,4,full,pooled,0.006116925103032744
90430013001,10561072,BLOOD,male,1w,4,full,pooled,0.006153274088891769
90444013001,10587543,BLOOD,male,2w,4,full,pooled,0.005709067054136208
90426013001,10503110,BLOOD,male,1w,4,full,pooled,0.005509415834208609
90267013002,10046461,BLOOD,female,8w,4,full,pooled,0.004634333128103907
90225013001,10025979,BLOOD,male,8w,4,full,pooled,0.005227208295954577
90259013002,10045309,BLOOD,female,8w,4,full,pooled,0.005759979919955249
90239013002,10027599,BLOOD,male,control,4,full,pooled,0.008854670435724188
90217013001,10023259,BLOOD,male,control,4,full,pooled,0.005668265018684893
90430016102,10561072,COLON,male,1w,4,full,pooled,0.013133835307943986
90571016102,10953744,COLON,female,1w,4,full,pooled,0.01795624616133218
90289016102,10185585,COLON,male,4w,4,full,pooled,0.011346769537693424
90283016102,10139044,COLON,male,4w,4,full,pooled,0.01246162322322708
90416016102,10381414,COLON,female,4w,4,full,pooled,0.0148102741704087
90585016102,10871349,COLON,female,2w,4,full,pooled,0.017770319976681992
90259016102,10045309,COLON,female,8w,4,full,pooled,0.01421272491333092
90292016102,10220917,COLON,male,4w,4,full,pooled,0.020071818903045546
90267016102,10046461,COLON,female,8w,4,full,pooled,0.01252614951967801
90444016102,10587543,COLON,male,2w,4,full,pooled,0.021870230053886885
90217016102,10023259,COLON,male,control,4,full,pooled,0.012531075385128432
90265016102,10046119,COLON,female,control,4,full,pooled,0.012905853680140411
90412016102,10337199,COLON,female,4w,4,full,pooled,0.0176700170790437
90239016102,10027599,COLON,male,control,4,full,pooled,0.01323202438641069
90578016102,10734945,COLON,female,2w,4,full,pooled,0.017686792470908097
90281016102,10106383,COLON,male,4w,4,full,pooled,0.011579623950162099
90587016102,10971645,COLON,female,2w,4,full,pooled,0.012842192006572994
90252016102,10044337,COLON,female,control,4,full,pooled,0.010207176101301285
90426016102,10503110,COLON,male,1w,4,full,pooled,0.013956849173832997
90225016102,10025979,COLON,male,8w,4,full,pooled,0.013565279394017637
90441016102,10502300,COLON,male,2w,4,full,pooled,0.015450755122585647
90423016102,10424911,COLON,male,1w,4,full,pooled,0.014790089915120541
90217015302,10023259,CORTEX,male,control,4,full,pooled,0.13884322113901038
90225015302,10025979,CORTEX,male,8w,4,full,pooled,0.03917863673118638
90239015302,10027599,CORTEX,male,control,4,full,pooled,0.08866421094743326
90252015302,10044337,CORTEX,female,control,4,full,pooled,0.055647953621636104
90259015302,10045309,CORTEX,female,8w,4,full,pooled,0.056165837894506576
90265015302,10046119,CORTEX,female,control,4,full,pooled,0.04543273338878395
90267015302,10046461,CORTEX,female,8w,4,full,pooled,0.05917517882490719
90281015302,10106383,CORTEX,male,4w,4,full,pooled,0.0485393331375088
90283015302,10139044,CORTEX,male,4w,4,full,pooled,0.11715200713028129
90289015302,10185585,CORTEX,male,4w,4,full,pooled,0.11004034424696485
90292015302,10220917,CORTEX,male,4w,4,full,pooled,0.05934767991890555
90412015302,10337199,CORTEX,female,4w,4,full,pooled,0.08360724166658218
90416015302,10381414,CORTEX,female,4w,4,full,pooled,0.06425510729227346
90423015302,10424911,CORTEX,male,1w,4,full,pooled,0.07508987591326877
90426015302,10503110,CORTEX,male,1w,4,full,pooled,0.07534369097100191
90430015302,10561072,CORTEX,male,1w,4,full,pooled,0.0658817898481916
90441015302,10502300,CORTEX,male,2w,4,full,pooled,0.1066206512939536
90444015302,10587543,CORTEX,male,2w,4,full,pooled,0.08322964871786065
90571015302,10953744,CORTEX,female,1w,4,full,pooled,0.043580259435542223
90578015302,10734945,CORTEX,female,2w,4,full,pooled,0.04746016668013264
90585015302,10871349,CORTEX,female,2w,4,full,pooled,0.08137006250744638
90587015302,10971645,CORTEX,female,2w,4,full,pooled,0.06876989423583191
90412015803,10337199,HEART,female,4w,4,full,pooled,0.018894625464340398
90289015803,10185585,HEART,male,4w,4,full,pooled,0.01908951908849943
90430015803,10561072,HEART,male,1w,4,full,pooled,0.023032915950394472
90426015803,10503110,HEART,male,1w,4,full,pooled,0.020760645633172703
90423015803,10424911,HEART,male,1w,4,full,pooled,0.020806470264957966
90239015803,10027599,HEART,male,control,4,full,pooled,0.026136549129116893
90585015803,10871349,HEART,female,2w,4,full,pooled,0.018988816221330085
90252015803,10044337,HEART,female,control,4,full,pooled,0.02215225267945964
90217015803,10023259,HEART,male,control,4,full,pooled,0.02380998535347112
90571015803,10953744,HEART,female,1w,4,full,pooled,0.026094388948805558
90292015803,10220917,HEART,male,4w,4,full,pooled,0.01787312721743628
90416015803,10381414,HEART,female,4w,4,full,pooled,0.029932566368749747
90578015803,10734945,HEART,female,2w,4,full,pooled,0.01887177714665733
90225015803,10025979,HEART,male,8w,4,full,pooled,0.03475120014653521
90441015803,10502300,HEART,male,2w,4,full,pooled,0.022719011290588176
90283015803,10139044,HEART,male,4w,4,full,pooled,0.019138982951877104
90259015803,10045309,HEART,female,8w,4,full,pooled,0.021033602840499155
90587015803,10971645,HEART,female,2w,4,full,pooled,0.01900207397048448
90265015803,10046119,HEART,female,control,4,full,pooled,0.020523300411003365
90281015803,10106383,HEART,male,4w,4,full,pooled,0.02168161640836852
90267015803,10046461,HEART,female,8w,4,full,pooled,0.01918608864459348
90444015803,10587543,HEART,male,2w,4,full,pooled,0.01846745421960727
90217015202,10023259,HIPPOC,male,control,4,full,pooled,0.16355381025136728
90225015202,10025979,HIPPOC,male,8w,4,full,pooled,0.06717549557881175
90239015202,10027599,HIPPOC,male,control,4,full,pooled,0.21674060054777122
90252015202,10044337,HIPPOC,female,control,4,full,pooled,0.06384106616793894
90259015202,10045309,HIPPOC,female,8w,4,full,pooled,0.06481052804146803
90265015202,10046119,HIPPOC,female,control,4,full,pooled,0.0841795765543496
90267015202,10046461,HIPPOC,female,8w,4,full,pooled,0.11407710838199903
90281015202,10106383,HIPPOC,male,4w,4,full,pooled,0.05737181014885273
90283015202,10139044,HIPPOC,male,4w,4,full,pooled,0.16656727046509012
90289015202,10185585,HIPPOC,male,4w,4,full,pooled,0.044931972149042876
90292015202,10220917,HIPPOC,male,4w,4,full,pooled,0.04206498221016286
90412015202,10337199,HIPPOC,female,4w,4,full,pooled,0.0845586788420919
90416015202,10381414,HIPPOC,female,4w,4,full,pooled,0.09002676764928486
90423015202,10424911,HIPPOC,male,1w,4,full,pooled,0.06311406438121914
90426015202,10503110,HIPPOC,male,1w,4,full,pooled,0.11810607523924954
90430015202,10561072,HIPPOC,male,1w,4,full,pooled,0.0963160921216123
90441015202,10502300,HIPPOC,male,2w,4,full,pooled,0.08985540817746107
90444015202,10587543,HIPPOC,male,2w,4,full,pooled,0.1600644651531432
90571015202,10953744,HIPPOC,female,1w,4,full,pooled,0.06704126931669407
90578015202,10734945,HIPPOC,female,2w,4,full,pooled,0.074059850732481
90585015202,10871349,HIPPOC,female,2w,4,full,pooled,0.07277550550546086
90587015202,10971645,HIPPOC,female,2w,4,full,pooled,0.031737931474047576
90217015402,10023259,HYPOTH,male,control,4,full,pooled,0.06727149983208847
90225015402,10025979,HYPOTH,male,8w,4,full,pooled,0.05631997773723174
90239015402,10027599,HYPOTH,male,control,4,full,pooled,0.055409367066865944
90252015402,10044337,HYPOTH,female,control,4,full,pooled,0.08340117366303545
90259015402,10045309,HYPOTH,female,8w,4,full,pooled,0.07985958820387873
90265015402,10046119,HYPOTH,female,control,4,full,pooled,0.059957890948245995
90267015402,10046461,HYPOTH,female,8w,4,full,pooled,0.09597613271916217
90281015402,10106383,HYPOTH,male,4w,4,full,pooled,0.08965521971691992
90283015402,10139044,HYPOTH,male,4w,4,full,pooled,0.04562592919303421
90289015402,10185585,HYPOTH,male,4w,4,full,pooled,0.07712474057507157
90292015402,10220917,HYPOTH,male,4w,4,full,pooled,0.06701714916570056
90412015402,10337199,HYPOTH,female,4w,4,full,pooled,0.056410809896860536
90416015402,10381414,HYPOTH,female,4w,4,full,pooled,0.0719905712881247
90423015402,10424911,HYPOTH,male,1w,4,full,pooled,0.09453147981129106
90426015402,10503110,HYPOTH,male,1w,4,full,pooled,0.07981137058306875
90430015402,10561072,HYPOTH,male,1w,4,full,pooled,0.054974881705454726
90441015402,10502300,HYPOTH,male,2w,4,full,pooled,0.08653379912164105
90444015402,10587543,HYPOTH,male,2w,4,full,pooled,0.05145114174273058
90571015402,10953744,HYPOTH,female,1w,4,full,pooled,0.06838721402473757
90578015402,10734945,HYPOTH,female,2w,4,full,pooled,0.0698376361338966
90585015402,10871349,HYPOTH,female,2w,4,full,pooled,0.07128723156409766
90587015402,10971645,HYPOTH,female,2w,4,full,pooled,0.0861628143163774
90217015902,10023259,KIDNEY,male,control,4,full,pooled,0.008176611286009772
90225015902,10025979,KIDNEY,male,8w,4,full,pooled,0.008997020620864049
90239015902,10027599,KIDNEY,male,control,4,full,pooled,0.00808652266511245
90252015902,10044337,KIDNEY,female,control,4,full,pooled,0.00999599642024751
90259015902,10045309,KIDNEY,female,8w,4,full,pooled,0.01484370687969272
90265015902,10046119,KIDNEY,female,control,4,full,pooled,0.011051193678842997
90267015902,10046461,KIDNEY,female,8w,4,full,pooled,0.009346298343598236
90281015902,10106383,KIDNEY,male,4w,4,full,pooled,0.009506993553432652
90283015902,10139044,KIDNEY,male,4w,4,full,pooled,0.008562686170336065
90289015902,10185585,KIDNEY,male,4w,4,full,pooled,0.008088291973614603
90292015902,10220917,KIDNEY,male,4w,4,full,pooled,0.00829418692543804
90412015902,10337199,KIDNEY,female,4w,4,full,pooled,0.009355920582958754
90416015902,10381414,KIDNEY,female,4w,4,full,pooled,0.008489669232349506
90423015902,10424911,KIDNEY,male,1w,4,full,pooled,0.008865166681819359
90426015902,10503110,KIDNEY,male,1w,4,full,pooled,0.007808103458504356
90430015902,10561072,KIDNEY,male,1w,4,full,pooled,0.008207749210899173
90441015902,10502300,KIDNEY,male,2w,4,full,pooled,0.008184998584330194
90444015902,10587543,KIDNEY,male,2w,4,full,pooled,0.00923961146697283
90571015902,10953744,KIDNEY,female,1w,4,full,pooled,0.009281085154625335
90578015902,10734945,KIDNEY,female,2w,4,full,pooled,0.009449378737811487
90587015902,10971645,KIDNEY,female,2w,4,full,pooled,0.01057475776490624
90585015902,10871349,KIDNEY,female,2w,4,full,pooled,0.010796109096514961
90217016803,10023259,LIVER,male,control,4,full,pooled,0.00636332599008449
90225016803,10025979,LIVER,male,8w,4,full,pooled,0.006254496426642664
90239016803,10027599,LIVER,male,control,4,full,pooled,0.005488542406513419
90252016803,10044337,LIVER,female,control,4,full,pooled,0.007307082779661189
90259016803,10045309,LIVER,female,8w,4,full,pooled,0.0063415656756009575
90265016803,10046119,LIVER,female,control,4,full,pooled,0.007176179908376046
90267016803,10046461,LIVER,female,8w,4,full,pooled,0.006479467362052516
90281016803,10106383,LIVER,male,4w,4,full,pooled,0.00568480553031514
90283016803,10139044,LIVER,male,4w,4,full,pooled,0.005780629914404978
90289016803,10185585,LIVER,male,4w,4,full,pooled,0.005509121453733168
90292016803,10220917,LIVER,male,4w,4,full,pooled,0.00597364078368845
90412016803,10337199,LIVER,female,4w,4,full,pooled,0.006448771023060518
90416016803,10381414,LIVER,female,4w,4,full,pooled,0.006315509470784297
90423016803,10424911,LIVER,male,1w,4,full,pooled,0.005334317442453607
90426016803,10503110,LIVER,male,1w,4,full,pooled,0.005167693123155237
90430016803,10561072,LIVER,male,1w,4,full,pooled,0.0058242730561099965
90441016803,10502300,LIVER,male,2w,4,full,pooled,0.0058264898566678935
90444016803,10587543,LIVER,male,2w,4,full,pooled,0.005308884472347675
90571016803,10953744,LIVER,female,1w,4,full,pooled,0.007119823799755842
90578016803,10734945,LIVER,female,2w,4,full,pooled,0.006781018694555607
90585016803,10871349,LIVER,female,2w,4,full,pooled,0.006935507699193821
90587016803,10971645,LIVER,female,2w,4,full,pooled,0.006361440518244832
90259016603,10045309,LUNG,female,8w,4,full,pooled,0.015135402847517243
90289016603,10185585,LUNG,male,4w,4,full,pooled,0.01101930510152438
90281016603,10106383,LUNG,male,4w,4,full,pooled,0.01306986957610834
90423016603,10424911,LUNG,male,1w,4,full,pooled,0.01133639923462093
90292016603,10220917,LUNG,male,4w,4,full,pooled,0.011856351825442535
90239016603,10027599,LUNG,male,control,4,full,pooled,0.012438395952114045
90444016603,10587543,LUNG,male,2w,4,full,pooled,0.011003870434082352
90412016603,10337199,LUNG,female,4w,4,full,pooled,0.012612480817117744
90587016603,10971645,LUNG,female,2w,4,full,pooled,0.011069128418215946
90252016603,10044337,LUNG,female,control,4,full,pooled,0.013398226803228441
90426016603,10503110,LUNG,male,1w,4,full,pooled,0.010970361256996464
90416016603,10381414,LUNG,female,4w,4,full,pooled,0.012334512769997308
90267016603,10046461,LUNG,female,8w,4,full,pooled,0.013469620378410707
90430016603,10561072,LUNG,male,1w,4,full,pooled,0.010902663527951661
90571016603,10953744,LUNG,female,1w,4,full,pooled,0.011504723609596534
90578016603,10734945,LUNG,female,2w,4,full,pooled,0.012407259307379181
90283016603,10139044,LUNG,male,4w,4,full,pooled,0.011108157508318284
90225016603,10025979,LUNG,male,8w,4,full,pooled,0.01079358054683055
90441016603,10502300,LUNG,male,2w,4,full,pooled,0.01423124060080394
90265016603,10046119,LUNG,female,control,4,full,pooled,0.012984693099137523
90585016603,10871349,LUNG,female,2w,4,full,pooled,0.013454729257897036
90217016603,10023259,LUNG,male,control,4,full,pooled,0.012361255935027349
90259016402,10045309,OVARY,female,8w,4,full,pooled,0.03470527026496195
90252016402,10044337,OVARY,female,control,4,full,pooled,0.025556357183897704
90585016402,10871349,OVARY,female,2w,4,full,pooled,0.043656737945626745
90571016402,10953744,OVARY,female,1w,4,full,pooled,0.06004965022941289
90267016402,10046461,OVARY,female,8w,4,full,pooled,0.0520370083592081
90416016402,10381414,OVARY,female,4w,4,full,pooled,0.025634257784895476
90265016402,10046119,OVARY,female,control,4,full,pooled,0.030984206548376636
90578016402,10734945,OVARY,female,2w,4,full,pooled,0.0465795292203347
90587016402,10971645,OVARY,female,2w,4,full,pooled,0.03676376039550722
90412016402,10337199,OVARY,female,4w,4,full,pooled,0.03779212728418535
90283015512,10139044,SKM-GN,male,4w,4,full,pooled,0.07305236300131046
90239015512,10027599,SKM-GN,male,control,4,full,pooled,0.1306923634803988
90578015512,10734945,SKM-GN,female,2w,4,full,pooled,0.13992123535326528
90281015512,10106383,SKM-GN,male,4w,4,full,pooled,0.20573123010943317
90217015512,10023259,SKM-GN,male,control,4,full,pooled,0.0893714746392974
90267015512,10046461,SKM-GN,female,8w,4,full,pooled,0.3201478760391204
90587015512,10971645,SKM-GN,female,2w,4,full,pooled,0.13929904522529413
90289015512,10185585,SKM-GN,male,4w,4,full,pooled,0.2583980474933901
90585015512,10871349,SKM-GN,female,2w,4,full,pooled,0.12231691469025485
90412015512,10337199,SKM-GN,female,4w,4,full,pooled,0.12409172368761212
90430015512,10561072,SKM-GN,male,1w,4,full,pooled,0.10899863140602384
90225015512,10025979,SKM-GN,male,8w,4,full,pooled,0.2768991379719815
90265015512,10046119,SKM-GN,female,control,4,full,pooled,0.1266020915270485
90252015512,10044337,SKM-GN,female,control,4,full,pooled,0.09031780567926362
90426015512,10503110,SKM-GN,male,1w,4,full,pooled,0.13134082107120948
90423015512,10424911,SKM-GN,male,1w,4,full,pooled,0.17970847096125175
90416015512,10381414,SKM-GN,female,4w,4,full,pooled,0.11408482919632568
90292015512,10220917,SKM-GN,male,4w,4,full,pooled,0.12326791409024596
90441015512,10502300,SKM-GN,male,2w,4,full,pooled,0.19507224410209567
90444015512,10587543,SKM-GN,male,2w,4,full,pooled,0.1964335370814141
90571015512,10953744,SKM-GN,female,1w,4,full,pooled,0.16200659578561205
90259015512,10045309,SKM-GN,female,8w,4,full,pooled,0.18664005491503644
90217015603,10023259,SKM-VL,male,control,4,full,pooled,0.14485109686084285
90225015603,10025979,SKM-VL,male,8w,4,full,pooled,0.1864994286537418
90239015603,10027599,SKM-VL,male,control,4,full,pooled,0.17909540102812993
90252015603,10044337,SKM-VL,female,control,4,full,pooled,0.1522317307068911
90259015603,10045309,SKM-VL,female,8w,4,full,pooled,0.12672561590497788
90265015603,10046119,SKM-VL,female,control,4,full,pooled,0.15249732353934975
90267015603,10046461,SKM-VL,female,8w,4,full,pooled,0.2233043881736766
90281015603,10106383,SKM-VL,male,4w,4,full,pooled,0.09505679647752685
90283015603,10139044,SKM-VL,male,4w,4,full,pooled,0.10168334662940115
90289015603,10185585,SKM-VL,male,4w,4,full,pooled,0.08127909447458714
90292015603,10220917,SKM-VL,male,4w,4,full,pooled,0.047136499718509084
90412015603,10337199,SKM-VL,female,4w,4,full,pooled,0.1555984412076601
90416015603,10381414,SKM-VL,female,4w,4,full,pooled,0.07183915283025655
90423015603,10424911,SKM-VL,male,1w,4,full,pooled,0.05638549122914627
90426015603,10503110,SKM-VL,male,1w,4,full,pooled,0.0987481133836331
90430015603,10561072,SKM-VL,male,1w,4,full,pooled,0.07538219929059431
90441015603,10502300,SKM-VL,male,2w,4,full,pooled,0.09227039951488902
90444015603,10587543,SKM-VL,male,2w,4,full,pooled,0.09022547452896046
90571015603,10953744,SKM-VL,female,1w,4,full,pooled,0.24833185183244189
90578015603,10734945,SKM-VL,female,2w,4,full,pooled,0.21270401458992216
90585015603,10871349,SKM-VL,female,2w,4,full,pooled,0.7032844946975931
90587015603,10971645,SKM-VL,female,2w,4,full,pooled,0.280504727663456
90416016702,10381414,SMLINT,female,4w,4,full,pooled,0.007429786878016542
90444016702,10587543,SMLINT,male,2w,4,full,pooled,0.011864763115312371
90239016702,10027599,SMLINT,male,control,4,full,pooled,0.009232984740436545
90281016702,10106383,SMLINT,male,4w,4,full,pooled,0.00841887315996459
90578016702,10734945,SMLINT,female,2w,4,full,pooled,0.00754161724891711
90289016702,10185585,SMLINT,male,4w,4,full,pooled,0.026561407946594562
90587016702,10971645,SMLINT,female,2w,4,full,pooled,0.015149138546258545
90259016702,10045309,SMLINT,female,8w,4,full,pooled,0.007587359979041919
90571016702,10953744,SMLINT,female,1w,4,full,pooled,0.009166569882781084
90423016702,10424911,SMLINT,male,1w,4,full,pooled,0.008356553536361444
90267016702,10046461,SMLINT,female,8w,4,full,pooled,0.02476509551520245
90426016702,10503110,SMLINT,male,1w,4,full,pooled,0.013314035203739638
90441016702,10502300,SMLINT,male,2w,4,full,pooled,0.010683599256342768
90225016702,10025979,SMLINT,male,8w,4,full,pooled,0.008973445008764958
90292016702,10220917,SMLINT,male,4w,4,full,pooled,0.007066898936747612
90217016702,10023259,SMLINT,male,control,4,full,pooled,0.013196718807419239
90412016702,10337199,SMLINT,female,4w,4,full,pooled,0.007885613426735771
90265016702,10046119,SMLINT,female,control,4,full,pooled,0.011190246676369586
90283016702,10139044,SMLINT,male,4w,4,full,pooled,0.03693733291265233
90430016702,10561072,SMLINT,male,1w,4,full,pooled,0.009475090191541913
90585016702,10871349,SMLINT,female,2w,4,full,pooled,0.007812185166624963
90252016702,10044337,SMLINT,female,control,4,full,pooled,0.09379355677987988
90217016202,10023259,SPLEEN,male,control,4,full,pooled,0.01552124332114635
90225016202,10025979,SPLEEN,male,8w,4,full,pooled,0.013529423577233524
90239016202,10027599,SPLEEN,male,control,4,full,pooled,0.014758815849849283
90252016202,10044337,SPLEEN,female,control,4,full,pooled,0.013341870242743359
90259016202,10045309,SPLEEN,female,8w,4,full,pooled,0.014332600097838322
90265016202,10046119,SPLEEN,female,control,4,full,pooled,0.014648320815851767
90267016202,10046461,SPLEEN,female,8w,4,full,pooled,0.012207445339455836
90281016202,10106383,SPLEEN,male,4w,4,full,pooled,0.015774189580134768
90283016202,10139044,SPLEEN,male,4w,4,full,pooled,0.01711843389048129
90289016202,10185585,SPLEEN,male,4w,4,full,pooled,0.013439086154938051
90292016202,10220917,SPLEEN,male,4w,4,full,pooled,0.01398360796858411
90412016202,10337199,SPLEEN,female,4w,4,full,pooled,0.014835808089268432
90416016202,10381414,SPLEEN,female,4w,4,full,pooled,0.014592626351964788
90423016202,10424911,SPLEEN,male,1w,4,full,pooled,0.01372899993668697
90426016202,10503110,SPLEEN,male,1w,4,full,pooled,0.014314234465862441
90430016202,10561072,SPLEEN,male,1w,4,full,pooled,0.013692602171117674
90441016202,10502300,SPLEEN,male,2w,4,full,pooled,0.013063107800067697
90444016202,10587543,SPLEEN,male,2w,4,full,pooled,0.013575994829439053
90571016202,10953744,SPLEEN,female,1w,4,full,pooled,0.013462269978187225
90578016202,10734945,SPLEEN,female,2w,4,full,pooled,0.014622625568595837
90585016202,10871349,SPLEEN,female,2w,4,full,pooled,0.014491787933511247
90587016202,10971645,SPLEEN,female,2w,4,full,pooled,0.015947866696867985
90281016302,10106383,TESTES,male,4w,4,full,pooled,0.010674631344123053
90225016302,10025979,TESTES,male,8w,4,full,pooled,0.010330155121986984
90292016302,10220917,TESTES,male,4w,4,full,pooled,0.010513146275127339
90239016302,10027599,TESTES,male,control,4,full,pooled,0.010174019036126802
90283016302,10139044,TESTES,male,4w,4,full,pooled,0.010577993026342325
90441016302,10502300,TESTES,male,2w,4,full,pooled,0.010514558209275382
90430016302,10561072,TESTES,male,1w,4,full,pooled,0.010653480073654742
90423016302,10424911,TESTES,male,1w,4,full,pooled,0.01083854644178217
90444016302,10587543,TESTES,male,2w,4,full,pooled,0.00986893371982589
90217016302,10023259,TESTES,male,control,4,full,pooled,0.0105665977442152
90289016302,10185585,TESTES,male,4w,4,full,pooled,0.010413987489545917
90426016302,10503110,TESTES,male,1w,4,full,pooled,0.010914764667663834
90441016502,10502300,VENACV,male,2w,4,full,pooled,0.016930847960017426
90252016502,10044337,VENACV,female,control,4,full,pooled,0.06128084141610213
90430016502,10561072,VENACV,male,1w,4,full,pooled,0.011565328555332766
90426016502,10503110,VENACV,male,1w,4,full,pooled,0.026627504601308694
90416016502,10381414,VENACV,female,4w,4,full,pooled,0.1958734204898135
90267016502,10046461,VENACV,female,8w,4,full,pooled,0.06938488973038937
90217016502,10023259,VENACV,male,control,4,full,pooled,0.012728507896021424
90444016502,10587543,VENACV,male,2w,4,full,pooled,0.015268508035744088
90283016502,10139044,VENACV,male,4w,4,full,pooled,0.013403551523377244
90259016502,10045309,VENACV,female,8w,4,full,pooled,0.012747761508061561
90225016502,10025979,VENACV,male,8w,4,full,pooled,0.013503745475885176
90239016502,10027599,VENACV,male,control,4,full,pooled,0.0162837945311034
90281016502,10106383,VENACV,male,4w,4,full,pooled,0.03076748198060708
90423016502,10424911,VENACV,male,1w,4,full,pooled,0.09685697745238786
90587016502,10971645,VENACV,female,2w,4,full,pooled,0.392777438161394
90289016502,10185585,VENACV,male,4w,4,full,pooled,0.0441717547570345
90412016502,10337199,VENACV,female,4w,4,full,pooled,0.012640477934498628
90585016502,10871349,VENACV,female,2w,4,full,pooled,0.3026461542299511
90571016502,10953744,VENACV,female,1w,4,full,pooled,0.5743645311268624
90265016502,10046119,VENACV,female,control,4,full,pooled,0.019869969759276573
90578016502,10734945,VENACV,female,2w,4,full,pooled,0.09233089737956202
90292016502,10220917,VENACV,male,4w,4,full,pooled,0.014781579057168814
90217017005,10023259,WAT-SC,male,control,4,full,pooled,0.0164728159810984
90225017005,10025979,WAT-SC,male,8w,4,full,pooled,0.015534888924791823
90239017005,10027599,WAT-SC,male,control,4,full,pooled,0.022507571008978933
90252017005,10044337,WAT-SC,female,control,4,full,pooled,0.022062048353231223
90259017005,10045309,WAT-SC,female,8w,4,full,pooled,0.01320613601516063
90265017005,10046119,WAT-SC,female,control,4,full,pooled,0.026606610694018706
90267017005,10046461,WAT-SC,female,8w,4,full,pooled,0.01121729922975323
90281017005,10106383,WAT-SC,male,4w,4,full,pooled,0.019252832467885228
90283017005,10139044,WAT-SC,male,4w,4,full,pooled,0.013925326502929103
90289017005,10185585,WAT-SC,male,4w,4,full,pooled,0.0238201053444016
90292017005,10220917,WAT-SC,male,4w,4,full,pooled,0.015399532397779359
90412017005,10337199,WAT-SC,female,4w,4,full,pooled,0.01945009987589219
90416017005,10381414,WAT-SC,female,4w,4,full,pooled,0.01671147336276324
90423017005,10424911,WAT-SC,male,1w,4,full,pooled,0.48311041380546227
90426017005,10503110,WAT-SC,male,1w,4,full,pooled,0.014292794488374616
90430017005,10561072,WAT-SC,male,1w,4,full,pooled,0.02932593940658068
90441017005,10502300,WAT-SC,male,2w,4,full,pooled,0.013775029236457681
90444017005,10587543,WAT-SC,male,2w,4,full,pooled,0.017445610999099803
90571017005,10953744,WAT-SC,female,1w,4,full,pooled,0.01916835178851739
90578017005,10734945,WAT-SC,female,2w,4,full,pooled,0.02045433049233092
90585017005,10871349,WAT-SC,female,2w,4,full,pooled,0.020202376165878277
90587017005,10971645,WAT-SC,female,2w,4,full,pooled,0.017017764002166036
90225016002,10025979,ADRNL,male,8w,4,full,one_per_animal,0.008281323801878848
90571016002,10953744,ADRNL,female,1w,4,full,one_per_animal,0.9905353272563665
90423016002,10424911,ADRNL,male,1w,4,full,one_per_animal,0.007670372653011737
90426016002,10503110,ADRNL,male,1w,4,full,one_per_animal,0.12161613676656013
90444015302,10587543,CORTEX,male,2w,4,full,one_per_animal,0.08322964871786065
90267015803,10046461,HEART,female,8w,4,full,one_per_animal,0.01918608864459348
90217015202,10023259,HIPPOC,male,control,4,full,one_per_animal,0.16355381025136728
90265015202,10046119,HIPPOC,female,control,4,full,one_per_animal,0.0841795765543496
90430015202,10561072,HIPPOC,male,1w,4,full,one_per_animal,0.0963160921216123
90585015202,10871349,HIPPOC,female,2w,4,full,one_per_animal,0.07277550550546086
90292015402,10220917,HYPOTH,male,4w,4,full,one_per_animal,0.06701714916570056
90259015902,10045309,KIDNEY,female,8w,4,full,one_per_animal,0.01484370687969272
90252016803,10044337,LIVER,female,control,4,full,one_per_animal,0.007307082779661189
90441016803,10502300,LIVER,male,2w,4,full,one_per_animal,0.0058264898566678935
90283015603,10139044,SKM-VL,male,4w,4,full,one_per_animal,0.10168334662940115
90416015603,10381414,SKM-VL,female,4w,4,full,one_per_animal,0.07183915283025655
90587015603,10971645,SKM-VL,female,2w,4,full,one_per_animal,0.280504727663456
90281016702,10106383,SMLINT,male,4w,4,full,one_per_animal,0.00841887315996459
90289016702,10185585,SMLINT,male,4w,4,full,one_per_animal,0.026561407946594562
90412016702,10337199,SMLINT,female,4w,4,full,one_per_animal,0.007885613426735771
90239016502,10027599,VENACV,male,control,4,full,one_per_animal,0.0162837945311034
90578017005,10734945,WAT-SC,female,2w,4,full,one_per_animal,0.02045433049233092
90292016002,10220917,ADRNL,male,4w,4,k20,pooled,0.055193733734576034
90416016002,10381414,ADRNL,female,4w,4,k20,pooled,0.05894215369385547
90225016002,10025979,ADRNL,male,8w,4,k20,pooled,0.0741465530957851
90441016002,10502300,ADRNL,male,2w,4,k20,pooled,0.09227738421167231
90571016002,10953744,ADRNL,female,1w,4,k20,pooled,0.9898260312283975
90444016002,10587543,ADRNL,male,2w,4,k20,pooled,0.1003440828389699
90578016002,10734945,ADRNL,female,2w,4,k20,pooled,0.06538147381497417
90587016002,10971645,ADRNL,female,2w,4,k20,pooled,0.09912833534463039
90265016002,10046119,ADRNL,female,control,4,k20,pooled,0.1032918175430998
90217016002,10023259,ADRNL,male,control,4,k20,pooled,0.05441499053487442
90281016002,10106383,ADRNL,male,4w,4,k20,pooled,0.07364311661218992
90412016002,10337199,ADRNL,female,4w,4,k20,pooled,0.09773776482246332
90239016002,10027599,ADRNL,male,control,4,k20,pooled,0.05637676185889395
90252016002,10044337,ADRNL,female,control,4,k20,pooled,0.13470119099675026
90283016002,10139044,ADRNL,male,4w,4,k20,pooled,0.07131552391094487
90430016002,10561072,ADRNL,male,1w,4,k20,pooled,0.09848754081767774
90259016002,10045309,ADRNL,female,8w,4,k20,pooled,0.06318608384544733
90585016002,10871349,ADRNL,female,2w,4,k20,pooled,0.06747479740373197
90267016002,10046461,ADRNL,female,8w,4,k20,pooled,0.06328570265033528
90423016002,10424911,ADRNL,male,1w,4,k20,pooled,0.05282733797280237
90289016002,10185585,ADRNL,male,4w,4,k20,pooled,0.05971904512478032
90426016002,10503110,ADRNL,male,1w,4,k20,pooled,0.23588115346518035
90217016902,10023259,BAT,male,control,4,k20,pooled,0.45302730446965467
90225016902,10025979,BAT,male,8w,4,k20,pooled,0.5283631928279654
90239016902,10027599,BAT,male,control,4,k20,pooled,0.09268003692424653
90252016902,10044337,BAT,female,control,4,k20,pooled,0.22607127831955087
90259016902,10045309,BAT,female,8w,4,k20,pooled,0.15196392432088823
90265016902,10046119,BAT,female,control,4,k20,pooled,0.15131824295501883
90267016902,10046461,BAT,female,8w,4,k20,pooled,0.2162710975490426
90281016902,10106383,BAT,male,4w,4,k20,pooled,0.24900399039438992
90283016902,10139044,BAT,male,4w,4,k20,pooled,0.25804011207514055
90289016902,10185585,BAT,male,4w,4,k20,pooled,0.24248862194920762
90292016902,10220917,BAT,male,4w,4,k20,pooled,0.318686269901432
90412016902,10337199,BAT,female,4w,4,k20,pooled,0.18375238738701716
90416016902,10381414,BAT,female,4w,4,k20,pooled,0.08265032331654976
90423016902,10424911,BAT,male,1w,4,k20,pooled,0.31024655867689344
90426016902,10503110,BAT,male,1w,4,k20,pooled,0.17604922546724378
90430016902,10561072,BAT,male,1w,4,k20,pooled,0.21880457940160125
90441016902,10502300,BAT,male,2w,4,k20,pooled,0.15168177953747952
90444016902,10587543,BAT,male,2w,4,k20,pooled,0.1252937743651129
90571016902,10953744,BAT,female,1w,4,k20,pooled,0.2446401206123262
90578016902,10734945,BAT,female,2w,4,k20,pooled,0.22670013764219465
90585016902,10871349,BAT,female,2w,4,k20,pooled,0.16952016706087236
90587016902,10971645,BAT,female,2w,4,k20,pooled,0.309112452646247
90585013001,10871349,BLOOD,female,2w,4,k20,pooled,0.15486935177076255
90578013001,10734945,BLOOD,female,2w,4,k20,pooled,0.14297028065658113
90571013001,10953744,BLOOD,female,1w,4,k20,pooled,0.1363925195172021
90587013001,10971645,BLOOD,female,2w,4,k20,pooled,0.1344969672838402
90252013001,10044337,BLOOD,female,control,4,k20,pooled,0.13229263747399145
90265013001,10046119,BLOOD,female,control,4,k20,pooled,0.14989965908595704
90292013001,10220917,BLOOD,male,4w,4,k20,pooled,0.1442006833174434
90416013001,10381414,BLOOD,female,4w,4,k20,pooled,0.16154544850390262
90283013001,10139044,BLOOD,male,4w,4,k20,pooled,0.17542103611912985
90441013002,10502300,BLOOD,male,2w,4,k20,pooled,0.1698009422090645
90289013001,10185585,BLOOD,male,4w,4,k20,pooled,0.17118434426279905
90281013001,10106383,BLOOD,male,4w,4,k20,pooled,0.14290347413850046
90423013002,10424911,BLOOD,male,1w,4,k20,pooled,0.14403112902774506
90412013001,10337199,BLOOD,female,4w,4,k20,pooled,0.13623184208107875
90430013001,10561072,BLOOD,male,1w,4,k20,pooled,0.14877193247350307
90444013001,10587543,BLOOD,male,2w,4,k20,pooled,0.1352979656687746
90426013001,10503110,BLOOD,male,1w,4,k20,pooled,0.13625444688668442
90267013002,10046461,BLOOD,female,8w,4,k20,pooled,0.14407510282403813
90225013001,10025979,BLOOD,male,8w,4,k20,pooled,0.15475443674511147
90259013002,10045309,BLOOD,female,8w,4,k20,pooled,0.1454569711597513
90239013002,10027599,BLOOD,male,control,4,k20,pooled,0.1851328331185048
90217013001,10023259,BLOOD,male,control,4,k20,pooled,0.14930800745767714
90430016102,10561072,COLON,male,1w,4,k20,pooled,0.12286880577371084
90571016102,10953744,COLON,female,1w,4,k20,pooled,0.1443797023894925
90289016102,10185585,COLON,male,4w,4,k20,pooled,0.12310959504643504
90283016102,10139044,COLON,male,4w,4,k20,pooled,0.12265692008035445
90416016102,10381414,COLON,female,4w,4,k20,pooled,0.13283508937922428
90585016102,10871349,COLON,female,2w,4,k20,pooled,0.14585226743045698
90259016102,10045309,COLON,female,8w,4,k20,pooled,0.13030784726617461
90292016102,10220917,COLON,male,4w,4,k20,pooled,0.13402456703072807
90267016102,10046461,COLON,female,8w,4,k20,pooled,0.12112986525942027
90444016102,10587543,COLON,male,2w,4,k20,pooled,0.15908942559865447
90217016102,10023259,COLON,male,control,4,k20,pooled,0.13553364934176748
90265016102,10046119,COLON,female,control,4,k20,pooled,0.13172363193140224
90412016102,10337199,COLON,female,4w,4,k20,pooled,0.14528149969078785
90239016102,10027599,COLON,male,control,4,k20,pooled,0.14006219486419436
90578016102,10734945,COLON,female,2w,4,k20,pooled,0.14738543072476684
90281016102,10106383,COLON,male,4w,4,k20,pooled,0.11662661095180782
90587016102,10971645,COLON,female,2w,4,k20,pooled,0.12764755721549848
90252016102,10044337,COLON,female,control,4,k20,pooled,0.12200195518581103
90426016102,10503110,COLON,male,1w,4,k20,pooled,0.12791192222500736
90225016102,10025979,COLON,male,8w,4,k20,pooled,0.13319760992906948
90441016102,10502300,COLON,male,2w,4,k20,pooled,0.13371409156162817
90423016102,10424911,COLON,male,1w,4,k20,pooled,0.1255340035054784
90217015302,10023259,CORTEX,male,control,4,k20,pooled,0.35402040187557937
90225015302,10025979,CORTEX,male,8w,4,k20,pooled,0.27934706920217467
90239015302,10027599,CORTEX,male,control,4,k20,pooled,0.3589657552503207
90252015302,10044337,CORTEX,female,control,4,k20,pooled,0.2953840909119626
90259015302,10045309,CORTEX,female,8w,4,k20,pooled,0.28737677034688847
90265015302,10046119,CORTEX,female,control,4,k20,pooled,0.2553525434941287
90267015302,10046461,CORTEX,female,8w,4,k20,pooled,0.2510852846575471
90281015302,10106383,CORTEX,male,4w,4,k20,pooled,0.28091935756067643
90283015302,10139044,CORTEX,male,4w,4,k20,pooled,0.31902682339878974
90289015302,10185585,CORTEX,male,4w,4,k20,pooled,0.3026210347910562
90292015302,10220917,CORTEX,male,4w,4,k20,pooled,0.3016810068942274
90412015302,10337199,CORTEX,female,4w,4,k20,pooled,0.30274927233236837
90416015302,10381414,CORTEX,female,4w,4,k20,pooled,0.3388457041565537
90423015302,10424911,CORTEX,male,1w,4,k20,pooled,0.35623273958154433
90426015302,10503110,CORTEX,male,1w,4,k20,pooled,0.3128469764309928
90430015302,10561072,CORTEX,male,1w,4,k20,pooled,0.3118098787447622
90441015302,10502300,CORTEX,male,2w,4,k20,pooled,0.26427094654239114
90444015302,10587543,CORTEX,male,2w,4,k20,pooled,0.3354288244391589
90571015302,10953744,CORTEX,female,1w,4,k20,pooled,0.2668912976145992
90578015302,10734945,CORTEX,female,2w,4,k20,pooled,0.2843499694737134
90585015302,10871349,CORTEX,female,2w,4,k20,pooled,0.2949235730175094
90587015302,10971645,CORTEX,female,2w,4,k20,pooled,0.3462015987847059
90412015803,10337199,HEART,female,4w,4,k20,pooled,0.16605304864749193
90289015803,10185585,HEART,male,4w,4,k20,pooled,0.19306023043740783
90430015803,10561072,HEART,male,1w,4,k20,pooled,0.2088350253641944
90426015803,10503110,HEART,male,1w,4,k20,pooled,0.1950063977784947
90423015803,10424911,HEART,male,1w,4,k20,pooled,0.20089613273980833
90239015803,10027599,HEART,male,control,4,k20,pooled,0.20807552390515627
90585015803,10871349,HEART,female,2w,4,k20,pooled,0.17443659809980572
90252015803,10044337,HEART,female,control,4,k20,pooled,0.16473149766476047
90217015803,10023259,HEART,male,control,4,k20,pooled,0.18184138187443732
90571015803,10953744,HEART,female,1w,4,k20,pooled,0.178010025919904
90292015803,10220917,HEART,male,4w,4,k20,pooled,0.1881810364709905
90416015803,10381414,HEART,female,4w,4,k20,pooled,0.16818990156621438
90578015803,10734945,HEART,female,2w,4,k20,pooled,0.16215340582728555
90225015803,10025979,HEART,male,8w,4,k20,pooled,0.21218644384524332
90441015803,10502300,HEART,male,2w,4,k20,pooled,0.2102105740135407
90283015803,10139044,HEART,male,4w,4,k20,pooled,0.19723355557530076
90259015803,10045309,HEART,female,8w,4,k20,pooled,0.16006113348177797
90587015803,10971645,HEART,female,2w,4,k20,pooled,0.16754263316961437
90265015803,10046119,HEART,female,control,4,k20,pooled,0.16398288157446073
90281015803,10106383,HEART,male,4w,4,k20,pooled,0.19481021623781736
90267015803,10046461,HEART,female,8w,4,k20,pooled,0.17859824021755522
90444015803,10587543,HEART,male,2w,4,k20,pooled,0.19070803688739812
90217015202,10023259,HIPPOC,male,control,4,k20,pooled,0.3740656095002993
90225015202,10025979,HIPPOC,male,8w,4,k20,pooled,0.2426068391296814
90239015202,10027599,HIPPOC,male,control,4,k20,pooled,0.288766337504889
90252015202,10044337,HIPPOC,female,control,4,k20,pooled,0.3036891785394721
90259015202,10045309,HIPPOC,female,8w,4,k20,pooled,0.2653075251299273
90265015202,10046119,HIPPOC,female,control,4,k20,pooled,0.269686392811053
90267015202,10046461,HIPPOC,female,8w,4,k20,pooled,0.38119848896716313
90281015202,10106383,HIPPOC,male,4w,4,k20,pooled,0.2639362193638177
90283015202,10139044,HIPPOC,male,4w,4,k20,pooled,0.3118689527056242
90289015202,10185585,HIPPOC,male,4w,4,k20,pooled,0.2691229779070471
90292015202,10220917,HIPPOC,male,4w,4,k20,pooled,0.23883353974248023
90412015202,10337199,HIPPOC,female,4w,4,k20,pooled,0.3200332319820388
90416015202,10381414,HIPPOC,female,4w,4,k20,pooled,0.3034568376252643
90423015202,10424911,HIPPOC,male,1w,4,k20,pooled,0.26531766832464765
90426015202,10503110,HIPPOC,male,1w,4,k20,pooled,0.3498548079758961
90430015202,10561072,HIPPOC,male,1w,4,k20,pooled,0.26975142503486804
90441015202,10502300,HIPPOC,male,2w,4,k20,pooled,0.3257863363805421
90444015202,10587543,HIPPOC,male,2w,4,k20,pooled,0.3033039929993444
90571015202,10953744,HIPPOC,female,1w,4,k20,pooled,0.28341445862893544
90578015202,10734945,HIPPOC,female,2w,4,k20,pooled,0.3105751868989669
90585015202,10871349,HIPPOC,female,2w,4,k20,pooled,0.2914245904336964
90587015202,10971645,HIPPOC,female,2w,4,k20,pooled,0.2540360930012181
90217015402,10023259,HYPOTH,male,control,4,k20,pooled,0.20981310079701254
90225015402,10025979,HYPOTH,male,8w,4,k20,pooled,0.23625594490232826
90239015402,10027599,HYPOTH,male,control,4,k20,pooled,0.2548807128121794
90252015402,10044337,HYPOTH,female,control,4,k20,pooled,0.26365516403147515
90259015402,10045309,HYPOTH,female,8w,4,k20,pooled,0.23552606298521273
90265015402,10046119,HYPOTH,female,control,4,k20,pooled,0.24975620456945746
90267015402,10046461,HYPOTH,female,8w,4,k20,pooled,0.26353551387556995
90281015402,10106383,HYPOTH,male,4w,4,k20,pooled,0.27644157131882596
90283015402,10139044,HYPOTH,male,4w,4,k20,pooled,0.23031252924444767
90289015402,10185585,HYPOTH,male,4w,4,k20,pooled,0.2556134976062049
90292015402,10220917,HYPOTH,male,4w,4,k20,pooled,0.2463969477713165
90412015402,10337199,HYPOTH,female,4w,4,k20,pooled,0.23987377784392527
90416015402,10381414,HYPOTH,female,4w,4,k20,pooled,0.23881679211933793
90423015402,10424911,HYPOTH,male,1w,4,k20,pooled,0.24281885902510003
90426015402,10503110,HYPOTH,male,1w,4,k20,pooled,0.250931186239968
90430015402,10561072,HYPOTH,male,1w,4,k20,pooled,0.23661173594792428
90441015402,10502300,HYPOTH,male,2w,4,k20,pooled,0.26280546402661886
90444015402,10587543,HYPOTH,male,2w,4,k20,pooled,0.23775626011621565
90571015402,10953744,HYPOTH,female,1w,4,k20,pooled,0.2770027604515848
90578015402,10734945,HYPOTH,female,2w,4,k20,pooled,0.258049899026899
90585015402,10871349,HYPOTH,female,2w,4,k20,pooled,0.2589437165715268
90587015402,10971645,HYPOTH,female,2w,4,k20,pooled,0.4203677171048865
90217015902,10023259,KIDNEY,male,control,4,k20,pooled,0.12766047750206566
90225015902,10025979,KIDNEY,male,8w,4,k20,pooled,0.11772698351025934
90239015902,10027599,KIDNEY,male,control,4,k20,pooled,0.12054722290785425
90252015902,10044337,KIDNEY,female,control,4,k20,pooled,0.11858537821005999
90259015902,10045309,KIDNEY,female,8w,4,k20,pooled,0.12929435439817272
90265015902,10046119,KIDNEY,female,control,4,k20,pooled,0.12996059969484908
90267015902,10046461,KIDNEY,female,8w,4,k20,pooled,0.11343606930202721
90281015902,10106383,KIDNEY,male,4w,4,k20,pooled,0.12249855499998608
90283015902,10139044,KIDNEY,male,4w,4,k20,pooled,0.12448244665917685
90289015902,10185585,KIDNEY,male,4w,4,k20,pooled,0.11688927002545157
90292015902,10220917,KIDNEY,male,4w,4,k20,pooled,0.1259106446277296
90412015902,10337199,KIDNEY,female,4w,4,k20,pooled,0.12320133837080682
90416015902,10381414,KIDNEY,female,4w,4,k20,pooled,0.11812978252831263
90423015902,10424911,KIDNEY,male,1w,4,k20,pooled,0.12414016202496236
90426015902,10503110,KIDNEY,male,1w,4,k20,pooled,0.1263441325610134
90430015902,10561072,KIDNEY,male,1w,4,k20,pooled,0.1333294647222728
90441015902,10502300,KIDNEY,male,2w,4,k20,pooled,0.13136641435595264
90444015902,10587543,KIDNEY,male,2w,4,k20,pooled,0.12941047757469937
90571015902,10953744,KIDNEY,female,1w,4,k20,pooled,0.12465408052539795
90578015902,10734945,KIDNEY,female,2w,4,k20,pooled,0.12540645217818236
90587015902,10971645,KIDNEY,female,2w,4,k20,pooled,0.11977083422987189
90585015902,10871349,KIDNEY,female,2w,4,k20,pooled,0.12514218765550522
90217016803,10023259,LIVER,male,control,4,k20,pooled,0.11040321416347965
90225016803,10025979,LIVER,male,8w,4,k20,pooled,0.11177398114637271
90239016803,10027599,LIVER,male,control,4,k20,pooled,0.13011800280260677
90252016803,10044337,LIVER,female,control,4,k20,pooled,0.1234854849457645
90259016803,10045309,LIVER,female,8w,4,k20,pooled,0.12321935676490137
90265016803,10046119,LIVER,female,control,4,k20,pooled,0.13218986515823783
90267016803,10046461,LIVER,female,8w,4,k20,pooled,0.13152789629032247
90281016803,10106383,LIVER,male,4w,4,k20,pooled,0.11308614252216298
90283016803,10139044,LIVER,male,4w,4,k20,pooled,0.11107282611650238
90289016803,10185585,LIVER,male,4w,4,k20,pooled,0.10450433997324304
90292016803,10220917,LIVER,male,4w,4,k20,pooled,0.11368045489333001
90412016803,10337199,LIVER,female,4w,4,k20,pooled,0.12381168229937334
90416016803,10381414,LIVER,female,4w,4,k20,pooled,0.1335176673201538
90423016803,10424911,LIVER,male,1w,4,k20,pooled,0.11198167980868268
90426016803,10503110,LIVER,male,1w,4,k20,pooled,0.12064886181854673
90430016803,10561072,LIVER,male,1w,4,k20,pooled,0.1051612801355083
90441016803,10502300,LIVER,male,2w,4,k20,pooled,0.11851838284054161
90444016803,10587543,LIVER,male,2w,4,k20,pooled,0.121009161618166
90571016803,10953744,LIVER,female,1w,4,k20,pooled,0.1312546628129999
90578016803,10734945,LIVER,female,2w,4,k20,pooled,0.12771530865689928
90585016803,10871349,LIVER,female,2w,4,k20,pooled,0.11682837923086942
90587016803,10971645,LIVER,female,2w,4,k20,pooled,0.12833559487671442
90259016603,10045309,LUNG,female,8w,4,k20,pooled,0.12674275582998096
90289016603,10185585,LUNG,male,4w,4,k20,pooled,0.11857554995390696
90281016603,10106383,LUNG,male,4w,4,k20,pooled,0.12528698675622607
90423016603,10424911,LUNG,male,1w,4,k20,pooled,0.12740760831174602
90292016603,10220917,LUNG,male,4w,4,k20,pooled,0.12433587437216875
90239016603,10027599,LUNG,male,control,4,k20,pooled,0.12596784115325843
90444016603,10587543,LUNG,male,2w,4,k20,pooled,0.12560511926972318
90412016603,10337199,LUNG,female,4w,4,k20,pooled,0.12236651048438152
90587016603,10971645,LUNG,female,2w,4,k20,pooled,0.11988146804034816
90252016603,10044337,LUNG,female,control,4,k20,pooled,0.1323655882956536
90426016603,10503110,LUNG,male,1w,4,k20,pooled,0.13019215192345457
90416016603,10381414,LUNG,female,4w,4,k20,pooled,0.12339173778842027
90267016603,10046461,LUNG,female,8w,4,k20,pooled,0.12461801969098696
90430016603,10561072,LUNG,male,1w,4,k20,pooled,0.12617360011676737
90571016603,10953744,LUNG,female,1w,4,k20,pooled,0.13095448986617952
90578016603,10734945,LUNG,female,2w,4,k20,pooled,0.12681568036865631
90283016603,10139044,LUNG,male,4w,4,k20,pooled,0.13207820377526047
90225016603,10025979,LUNG,male,8w,4,k20,pooled,0.11950838311259804
90441016603,10502300,LUNG,male,2w,4,k20,pooled,0.13255502178995693
90265016603,10046119,LUNG,female,control,4,k20,pooled,0.12449815079726056
90585016603,10871349,LUNG,female,2w,4,k20,pooled,0.11621988009526119
90217016603,10023259,LUNG,male,control,4,k20,pooled,0.12487009885512468
90259016402,10045309,OVARY,female,8w,4,k20,pooled,0.3109730136367126
90252016402,10044337,OVARY,female,control,4,k20,pooled,0.1754530049976195
90585016402,10871349,OVARY,female,2w,4,k20,pooled,0.21132697003216105
90571016402,10953744,OVARY,female,1w,4,k20,pooled,0.24990233515167504
90267016402,10046461,OVARY,female,8w,4,k20,pooled,0.1849900440285187
90416016402,10381414,OVARY,female,4w,4,k20,pooled,0.15105220612169845
90265016402,10046119,OVARY,female,control,4,k20,pooled,0.14017310563214558
90578016402,10734945,OVARY,female,2w,4,k20,pooled,0.29827327047766605
90587016402,10971645,OVARY,female,2w,4,k20,pooled,0.2011202920117955
90412016402,10337199,OVARY,female,4w,4,k20,pooled,0.18063393429784602
90283015512,10139044,SKM-GN,male,4w,4,k20,pooled,0.19277396420757598
90239015512,10027599,SKM-GN,male,control,4,k20,pooled,0.28508695603043244
90578015512,10734945,SKM-GN,female,2w,4,k20,pooled,0.34205497062702805
90281015512,10106383,SKM-GN,male,4w,4,k20,pooled,0.5478631183893268
90217015512,10023259,SKM-GN,male,control,4,k20,pooled,0.2369140854618964
90267015512,10046461,SKM-GN,female,8w,4,k20,pooled,0.5639342852787396
90587015512,10971645,SKM-GN,female,2w,4,k20,pooled,0.27876081880029246
90289015512,10185585,SKM-GN,male,4w,4,k20,pooled,0.4297130431285813
90585015512,10871349,SKM-GN,female,2w,4,k20,pooled,0.3688739595817746
90412015512,10337199,SKM-GN,female,4w,4,k20,pooled,0.3504425406862107
90430015512,10561072,SKM-GN,male,1w,4,k20,pooled,0.2995002883350708
90225015512,10025979,SKM-GN,male,8w,4,k20,pooled,0.5315803431768485
90265015512,10046119,SKM-GN,female,control,4,k20,pooled,0.3844422817868812
90252015512,10044337,SKM-GN,female,control,4,k20,pooled,0.29258571260609634
90426015512,10503110,SKM-GN,male,1w,4,k20,pooled,0.2809627223969935
90423015512,10424911,SKM-GN,male,1w,4,k20,pooled,0.30185105334718754
90416015512,10381414,SKM-GN,female,4w,4,k20,pooled,0.4003064896530998
90292015512,10220917,SKM-GN,male,4w,4,k20,pooled,0.32965600828884667
90441015512,10502300,SKM-GN,male,2w,4,k20,pooled,0.5186893907227244
90444015512,10587543,SKM-GN,male,2w,4,k20,pooled,0.3736113927342989
90571015512,10953744,SKM-GN,female,1w,4,k20,pooled,0.45750501577397495
90259015512,10045309,SKM-GN,female,8w,4,k20,pooled,0.4592254725807704
90217015603,10023259,SKM-VL,male,control,4,k20,pooled,0.2857247273040655
90225015603,10025979,SKM-VL,male,8w,4,k20,pooled,0.4963470617273672
90239015603,10027599,SKM-VL,male,control,4,k20,pooled,0.5722651003435022
90252015603,10044337,SKM-VL,female,control,4,k20,pooled,0.5055467927687043
90259015603,10045309,SKM-VL,female,8w,4,k20,pooled,0.3888900685413369
90265015603,10046119,SKM-VL,female,control,4,k20,pooled,0.45338579125106515
90267015603,10046461,SKM-VL,female,8w,4,k20,pooled,0.4756814409586776
90281015603,10106383,SKM-VL,male,4w,4,k20,pooled,0.3845141420266073
90283015603,10139044,SKM-VL,male,4w,4,k20,pooled,0.33378316810268305
90289015603,10185585,SKM-VL,male,4w,4,k20,pooled,0.3518288947897663
90292015603,10220917,SKM-VL,male,4w,4,k20,pooled,0.2908837624529226
90412015603,10337199,SKM-VL,female,4w,4,k20,pooled,0.4281405111977441
90416015603,10381414,SKM-VL,female,4w,4,k20,pooled,0.3229885871025697
90423015603,10424911,SKM-VL,male,1w,4,k20,pooled,0.3408856270085542
90426015603,10503110,SKM-VL,male,1w,4,k20,pooled,0.27919990797590055
90430015603,10561072,SKM-VL,male,1w,4,k20,pooled,0.39302835032164773
90441015603,10502300,SKM-VL,male,2w,4,k20,pooled,0.3185843878161909
90444015603,10587543,SKM-VL,male,2w,4,k20,pooled,0.2836142687446035
90571015603,10953744,SKM-VL,female,1w,4,k20,pooled,0.45905767887642
90578015603,10734945,SKM-VL,female,2w,4,k20,pooled,0.5539222595930413
90585015603,10871349,SKM-VL,female,2w,4,k20,pooled,0.7030071004878483
90587015603,10971645,SKM-VL,female,2w,4,k20,pooled,0.5460982198761366
90416016702,10381414,SMLINT,female,4w,4,k20,pooled,0.1283184192660064
90444016702,10587543,SMLINT,male,2w,4,k20,pooled,0.11341435287463864
90239016702,10027599,SMLINT,male,control,4,k20,pooled,0.1253265656228566
90281016702,10106383,SMLINT,male,4w,4,k20,pooled,0.12670926313736297
90578016702,10734945,SMLINT,female,2w,4,k20,pooled,0.13228474209794205
90289016702,10185585,SMLINT,male,4w,4,k20,pooled,0.11670439246719322
90587016702,10971645,SMLINT,female,2w,4,k20,pooled,0.12348599139404715
90259016702,10045309,SMLINT,female,8w,4,k20,pooled,0.1351719838513592
90571016702,10953744,SMLINT,female,1w,4,k20,pooled,0.08445639360232637
90423016702,10424911,SMLINT,male,1w,4,k20,pooled,0.13553904919791782
90267016702,10046461,SMLINT,female,8w,4,k20,pooled,0.11942476352508902
90426016702,10503110,SMLINT,male,1w,4,k20,pooled,0.13390014309954212
90441016702,10502300,SMLINT,male,2w,4,k20,pooled,0.12121246766207383
90225016702,10025979,SMLINT,male,8w,4,k20,pooled,0.14376081210401215
90292016702,10220917,SMLINT,male,4w,4,k20,pooled,0.12713969802598013
90217016702,10023259,SMLINT,male,control,4,k20,pooled,0.12062210528258599
90412016702,10337199,SMLINT,female,4w,4,k20,pooled,0.14066718181433602
90265016702,10046119,SMLINT,female,control,4,k20,pooled,0.12264939864109081
90283016702,10139044,SMLINT,male,4w,4,k20,pooled,0.13019355085789797
90430016702,10561072,SMLINT,male,1w,4,k20,pooled,0.11936302313941116
90585016702,10871349,SMLINT,female,2w,4,k20,pooled,0.12016077058448271
90252016702,10044337,SMLINT,female,control,4,k20,pooled,0.21144238354316325
90217016202,10023259,SPLEEN,male,control,4,k20,pooled,0.13592133134764528
90225016202,10025979,SPLEEN,male,8w,4,k20,pooled,0.1591260287590559
90239016202,10027599,SPLEEN,male,control,4,k20,pooled,0.15241964067066316
90252016202,10044337,SPLEEN,female,control,4,k20,pooled,0.16303045376307645
90259016202,10045309,SPLEEN,female,8w,4,k20,pooled,0.1447198957888719
90265016202,10046119,SPLEEN,female,control,4,k20,pooled,0.15990051465816624
90267016202,10046461,SPLEEN,female,8w,4,k20,pooled,0.14299844278198415
90281016202,10106383,SPLEEN,male,4w,4,k20,pooled,0.13767421777401456
90283016202,10139044,SPLEEN,male,4w,4,k20,pooled,0.15032346102355099
90289016202,10185585,SPLEEN,male,4w,4,k20,pooled,0.1352607589533269
90292016202,10220917,SPLEEN,male,4w,4,k20,pooled,0.18841766451604003
90412016202,10337199,SPLEEN,female,4w,4,k20,pooled,0.14081984300948125
90416016202,10381414,SPLEEN,female,4w,4,k20,pooled,0.13469098718129258
90423016202,10424911,SPLEEN,male,1w,4,k20,pooled,0.16527728410401343
90426016202,10503110,SPLEEN,male,1w,4,k20,pooled,0.1368144421004751
90430016202,10561072,SPLEEN,male,1w,4,k20,pooled,0.14882232048868327
90441016202,10502300,SPLEEN,male,2w,4,k20,pooled,0.14674724641034576
90444016202,10587543,SPLEEN,male,2w,4,k20,pooled,0.18278409813014895
90571016202,10953744,SPLEEN,female,1w,4,k20,pooled,0.16023005222302644
90578016202,10734945,SPLEEN,female,2w,4,k20,pooled,0.15334465777053508
90585016202,10871349,SPLEEN,female,2w,4,k20,pooled,0.13988549765094493
90587016202,10971645,SPLEEN,female,2w,4,k20,pooled,0.14611744456716458
90281016302,10106383,TESTES,male,4w,4,k20,pooled,0.14908244805141224
90225016302,10025979,TESTES,male,8w,4,k20,pooled,0.14785144579248866
90292016302,10220917,TESTES,male,4w,4,k20,pooled,0.14872063458238594
90239016302,10027599,TESTES,male,control,4,k20,pooled,0.14807692560277408
90283016302,10139044,TESTES,male,4w,4,k20,pooled,0.1481023796248414
90441016302,10502300,TESTES,male,2w,4,k20,pooled,0.14546204369499738
90430016302,10561072,TESTES,male,1w,4,k20,pooled,0.14957493660663435
90423016302,10424911,TESTES,male,1w,4,k20,pooled,0.14714237102879746
90444016302,10587543,TESTES,male,2w,4,k20,pooled,0.14629270069174594
90217016302,10023259,TESTES,male,control,4,k20,pooled,0.15185984064782398
90289016302,10185585,TESTES,male,4w,4,k20,pooled,0.1489192682874768
90426016302,10503110,TESTES,male,1w,4,k20,pooled,0.1486351191683739
90441016502,10502300,VENACV,male,2w,4,k20,pooled,0.14873287473182029
90252016502,10044337,VENACV,female,control,4,k20,pooled,0.17606494787024396
90430016502,10561072,VENACV,male,1w,4,k20,pooled,0.12612692302451756
90426016502,10503110,VENACV,male,1w,4,k20,pooled,0.37526534124907307
90416016502,10381414,VENACV,female,4w,4,k20,pooled,0.4088948614380985
90267016502,10046461,VENACV,female,8w,4,k20,pooled,0.35464857888953405
90217016502,10023259,VENACV,male,control,4,k20,pooled,0.10444276231974325
90444016502,10587543,VENACV,male,2w,4,k20,pooled,0.1188429877998538
90283016502,10139044,VENACV,male,4w,4,k20,pooled,0.10532122227580742
90259016502,10045309,VENACV,female,8w,4,k20,pooled,0.1450534550166085
90225016502,10025979,VENACV,male,8w,4,k20,pooled,0.26633146049507395
90239016502,10027599,VENACV,male,control,4,k20,pooled,0.08122272829422916
90281016502,10106383,VENACV,male,4w,4,k20,pooled,0.26403495094561025
90423016502,10424911,VENACV,male,1w,4,k20,pooled,0.3322596585596478
90587016502,10971645,VENACV,female,2w,4,k20,pooled,0.5426433182515178
90289016502,10185585,VENACV,male,4w,4,k20,pooled,0.14784377951569505
90412016502,10337199,VENACV,female,4w,4,k20,pooled,0.1416319512138976
90585016502,10871349,VENACV,female,2w,4,k20,pooled,0.6708782799545003
90571016502,10953744,VENACV,female,1w,4,k20,pooled,0.7686396280182217
90265016502,10046119,VENACV,female,control,4,k20,pooled,0.13262994572508835
90578016502,10734945,VENACV,female,2w,4,k20,pooled,0.45932796833529854
90292016502,10220917,VENACV,male,4w,4,k20,pooled,0.1735407702469941
90217017005,10023259,WAT-SC,male,control,4,k20,pooled,0.14442120264429748
90225017005,10025979,WAT-SC,male,8w,4,k20,pooled,0.14178694530980074
90239017005,10027599,WAT-SC,male,control,4,k20,pooled,0.29192649446556174
90252017005,10044337,WAT-SC,female,control,4,k20,pooled,0.14411601718527933
90259017005,10045309,WAT-SC,female,8w,4,k20,pooled,0.12233615525393982
90265017005,10046119,WAT-SC,female,control,4,k20,pooled,0.16066595169035058
90267017005,10046461,WAT-SC,female,8w,4,k20,pooled,0.11957748628187848
90281017005,10106383,WAT-SC,male,4w,4,k20,pooled,0.1357728591196259
90283017005,10139044,WAT-SC,male,4w,4,k20,pooled,0.1319341530850059
90289017005,10185585,WAT-SC,male,4w,4,k20,pooled,0.1281788644460301
90292017005,10220917,WAT-SC,male,4w,4,k20,pooled,0.14422142299393526
90412017005,10337199,WAT-SC,female,4w,4,k20,pooled,0.17346894181656825
90416017005,10381414,WAT-SC,female,4w,4,k20,pooled,0.14668508571098016
90423017005,10424911,WAT-SC,male,1w,4,k20,pooled,0.5198798041983805
90426017005,10503110,WAT-SC,male,1w,4,k20,pooled,0.1890867282025509
90430017005,10561072,WAT-SC,male,1w,4,k20,pooled,0.2681989572587995
90441017005,10502300,WAT-SC,male,2w,4,k20,pooled,0.15073048934211108
90444017005,10587543,WAT-SC,male,2w,4,k20,pooled,0.16544157024756223
90571017005,10953744,WAT-SC,female,1w,4,k20,pooled,0.13754000141707368
90578017005,10734945,WAT-SC,female,2w,4,k20,pooled,0.1561091119990643
90585017005,10871349,WAT-SC,female,2w,4,k20,pooled,0.1389969824139441
90587017005,10971645,WAT-SC,female,2w,4,k20,pooled,0.1257376937727933
90225016002,10025979,ADRNL,male,8w,4,k20,one_per_animal,0.0741465530957851
90571016002,10953744,ADRNL,female,1w,4,k20,one_per_animal,0.9898260312283975
90423016002,10424911,ADRNL,male,1w,4,k20,one_per_animal,0.05282733797280237
90426016002,10503110,ADRNL,male,1w,4,k20,one_per_animal,0.23588115346518035
90444015302,10587543,CORTEX,male,2w,4,k20,one_per_animal,0.3354288244391589
90267015803,10046461,HEART,female,8w,4,k20,one_per_animal,0.17859824021755522
90217015202,10023259,HIPPOC,male,control,4,k20,one_per_animal,0.3740656095002993
90265015202,10046119,HIPPOC,female,control,4,k20,one_per_animal,0.269686392811053
90430015202,10561072,HIPPOC,male,1w,4,k20,one_per_animal,0.26975142503486804
90585015202,10871349,HIPPOC,female,2w,4,k20,one_per_animal,0.2914245904336964
90292015402,10220917,HYPOTH,male,4w,4,k20,one_per_animal,0.2463969477713165
90259015902,10045309,KIDNEY,female,8w,4,k20,one_per_animal,0.12929435439817272
90252016803,10044337,LIVER,female,control,4,k20,one_per_animal,0.1234854849457645
90441016803,10502300,LIVER,male,2w,4,k20,one_per_animal,0.11851838284054161
90283015603,10139044,SKM-VL,male,4w,4,k20,one_per_animal,0.33378316810268305
90416015603,10381414,SKM-VL,female,4w,4,k20,one_per_animal,0.3229885871025697
90587015603,10971645,SKM-VL,female,2w,4,k20,one_per_animal,0.5460982198761366
90281016702,10106383,SMLINT,male,4w,4,k20,one_per_animal,0.12670926313736297
90289016702,10185585,SMLINT,male,4w,4,k20,one_per_animal,0.11670439246719322
90412016702,10337199,SMLINT,female,4w,4,k20,one_per_animal,0.14066718181433602
90239016502,10027599,VENACV,male,control,4,k20,one_per_animal,0.08122272829422916
90578017005,10734945,WAT-SC,female,2w,4,k20,one_per_animal,0.1561091119990643
90292016002,10220917,ADRNL,male,4w,4,k50,pooled,0.03655358275449383
90416016002,10381414,ADRNL,female,4w,4,k50,pooled,0.03594569497292022
90225016002,10025979,ADRNL,male,8w,4,k50,pooled,0.0438999514503412
90441016002,10502300,ADRNL,male,2w,4,k50,pooled,0.055944579221636204
90571016002,10953744,ADRNL,female,1w,4,k50,pooled,0.9872836179851703
90444016002,10587543,ADRNL,male,2w,4,k50,pooled,0.062212122222515376
90578016002,10734945,ADRNL,female,2w,4,k50,pooled,0.039738933523782216
90587016002,10971645,ADRNL,female,2w,4,k50,pooled,0.06099406839557564
90265016002,10046119,ADRNL,female,control,4,k50,pooled,0.06958110779308269
90217016002,10023259,ADRNL,male,control,4,k50,pooled,0.03909394124147891
90281016002,10106383,ADRNL,male,4w,4,k50,pooled,0.04469882283630988
90412016002,10337199,ADRNL,female,4w,4,k50,pooled,0.06319117800521423
90239016002,10027599,ADRNL,male,control,4,k50,pooled,0.03525614026712831
90252016002,10044337,ADRNL,female,control,4,k50,pooled,0.0916993753804396
90283016002,10139044,ADRNL,male,4w,4,k50,pooled,0.046848698310464676
90430016002,10561072,ADRNL,male,1w,4,k50,pooled,0.06741002130295604
90259016002,10045309,ADRNL,female,8w,4,k50,pooled,0.04346014847966628
90585016002,10871349,ADRNL,female,2w,4,k50,pooled,0.043966489902450556
90267016002,10046461,ADRNL,female,8w,4,k50,pooled,0.04310433360918586
90423016002,10424911,ADRNL,male,1w,4,k50,pooled,0.036531379761361005
90289016002,10185585,ADRNL,male,4w,4,k50,pooled,0.037464504283025835
90426016002,10503110,ADRNL,male,1w,4,k50,pooled,0.19191131530853534
90217016902,10023259,BAT,male,control,4,k50,pooled,0.21232790660978607
90225016902,10025979,BAT,male,8w,4,k50,pooled,0.2589628315827682
90239016902,10027599,BAT,male,control,4,k50,pooled,0.0632086338473059
90252016902,10044337,BAT,female,control,4,k50,pooled,0.12686054260008783
90259016902,10045309,BAT,female,8w,4,k50,pooled,0.09311469262860927
90265016902,10046119,BAT,female,control,4,k50,pooled,0.0882349829617678
90267016902,10046461,BAT,female,8w,4,k50,pooled,0.12264996315187593
90281016902,10106383,BAT,male,4w,4,k50,pooled,0.12160863985377379
90283016902,10139044,BAT,male,4w,4,k50,pooled,0.13980695963732714
90289016902,10185585,BAT,male,4w,4,k50,pooled,0.12398864536510223
90292016902,10220917,BAT,male,4w,4,k50,pooled,0.1367973569479749
90412016902,10337199,BAT,female,4w,4,k50,pooled,0.10844508462233071
90416016902,10381414,BAT,female,4w,4,k50,pooled,0.0569078173644767
90423016902,10424911,BAT,male,1w,4,k50,pooled,0.1459472986593735
90426016902,10503110,BAT,male,1w,4,k50,pooled,0.07918164217186618
90430016902,10561072,BAT,male,1w,4,k50,pooled,0.10803010158005577
90441016902,10502300,BAT,male,2w,4,k50,pooled,0.08671116311427352
90444016902,10587543,BAT,male,2w,4,k50,pooled,0.07529867194933526
90571016902,10953744,BAT,female,1w,4,k50,pooled,0.13245285262108752
90578016902,10734945,BAT,female,2w,4,k50,pooled,0.12126015868365347
90585016902,10871349,BAT,female,2w,4,k50,pooled,0.1038754924482106
90587016902,10971645,BAT,female,2w,4,k50,pooled,0.1558225177178404
90585013001,10871349,BLOOD,female,2w,4,k50,pooled,0.07242855466151255
90578013001,10734945,BLOOD,female,2w,4,k50,pooled,0.07192142872827989
90571013001,10953744,BLOOD,female,1w,4,k50,pooled,0.07376431062307842
90587013001,10971645,BLOOD,female,2w,4,k50,pooled,0.07326631144255946
90252013001,10044337,BLOOD,female,control,4,k50,pooled,0.05832859784179323
90265013001,10046119,BLOOD,female,control,4,k50,pooled,0.06262397093511007
90292013001,10220917,BLOOD,male,4w,4,k50,pooled,0.07002928365400374
90416013001,10381414,BLOOD,female,4w,4,k50,pooled,0.07201684955020904
90283013001,10139044,BLOOD,male,4w,4,k50,pooled,0.07661572411530782
90441013002,10502300,BLOOD,male,2w,4,k50,pooled,0.08084725252926539
90289013001,10185585,BLOOD,male,4w,4,k50,pooled,0.07300228580971413
90281013001,10106383,BLOOD,male,4w,4,k50,pooled,0.06349262786676024
90423013002,10424911,BLOOD,male,1w,4,k50,pooled,0.0771384956408917
90412013001,10337199,BLOOD,female,4w,4,k50,pooled,0.07176498757215355
90430013001,10561072,BLOOD,male,1w,4,k50,pooled,0.07637789451556154
90444013001,10587543,BLOOD,male,2w,4,k50,pooled,0.06799193458786035
90426013001,10503110,BLOOD,male,1w,4,k50,pooled,0.05810632086024514
90267013002,10046461,BLOOD,female,8w,4,k50,pooled,0.05592174397933125
90225013001,10025979,BLOOD,male,8w,4,k50,pooled,0.06219498582206462
90259013002,10045309,BLOOD,female,8w,4,k50,pooled,0.06790344474258081
90239013002,10027599,BLOOD,male,control,4,k50,pooled,0.08299884849183592
90217013001,10023259,BLOOD,male,control,4,k50,pooled,0.05817145100119547
90430016102,10561072,COLON,male,1w,4,k50,pooled,0.04906427606058905
90571016102,10953744,COLON,female,1w,4,k50,pooled,0.05612731297231299
90289016102,10185585,COLON,male,4w,4,k50,pooled,0.049532129827276394
90283016102,10139044,COLON,male,4w,4,k50,pooled,0.05510707052661923
90416016102,10381414,COLON,female,4w,4,k50,pooled,0.05357315874302149
90585016102,10871349,COLON,female,2w,4,k50,pooled,0.0557496711699601
90259016102,10045309,COLON,female,8w,4,k50,pooled,0.05388089870119117
90292016102,10220917,COLON,male,4w,4,k50,pooled,0.060286749799729034
90267016102,10046461,COLON,female,8w,4,k50,pooled,0.05096979531407708
90444016102,10587543,COLON,male,2w,4,k50,pooled,0.06379585459964154
90217016102,10023259,COLON,male,control,4,k50,pooled,0.05105902289780517
90265016102,10046119,COLON,female,control,4,k50,pooled,0.05302340693365515
90412016102,10337199,COLON,female,4w,4,k50,pooled,0.0641783453948297
90239016102,10027599,COLON,male,control,4,k50,pooled,0.05369820299987271
90578016102,10734945,COLON,female,2w,4,k50,pooled,0.05778282600070572
90281016102,10106383,COLON,male,4w,4,k50,pooled,0.04867582332150211
90587016102,10971645,COLON,female,2w,4,k50,pooled,0.05373836911858665
90252016102,10044337,COLON,female,control,4,k50,pooled,0.04786621580202799
90426016102,10503110,COLON,male,1w,4,k50,pooled,0.05116492869336986
90225016102,10025979,COLON,male,8w,4,k50,pooled,0.0507829882755102
90441016102,10502300,COLON,male,2w,4,k50,pooled,0.05293367684410055
90423016102,10424911,COLON,male,1w,4,k50,pooled,0.04994105838645635
90217015302,10023259,CORTEX,male,control,4,k50,pooled,0.16415652485642895
90225015302,10025979,CORTEX,male,8w,4,k50,pooled,0.12295804198025662
90239015302,10027599,CORTEX,male,control,4,k50,pooled,0.16059852541892672
90252015302,10044337,CORTEX,female,control,4,k50,pooled,0.13760646075557337
90259015302,10045309,CORTEX,female,8w,4,k50,pooled,0.14006513974675194
90265015302,10046119,CORTEX,female,control,4,k50,pooled,0.108120274641607
90267015302,10046461,CORTEX,female,8w,4,k50,pooled,0.1103318146416723
90281015302,10106383,CORTEX,male,4w,4,k50,pooled,0.0993052719628087
90283015302,10139044,CORTEX,male,4w,4,k50,pooled,0.15659324217733828
90289015302,10185585,CORTEX,male,4w,4,k50,pooled,0.1349905785353792
90292015302,10220917,CORTEX,male,4w,4,k50,pooled,0.13470932522449974
90412015302,10337199,CORTEX,female,4w,4,k50,pooled,0.15870408388121793
90416015302,10381414,CORTEX,female,4w,4,k50,pooled,0.14819224587805713
90423015302,10424911,CORTEX,male,1w,4,k50,pooled,0.1515090784073191
90426015302,10503110,CORTEX,male,1w,4,k50,pooled,0.12927620294572517
90430015302,10561072,CORTEX,male,1w,4,k50,pooled,0.13561326689690556
90441015302,10502300,CORTEX,male,2w,4,k50,pooled,0.12918364909239255
90444015302,10587543,CORTEX,male,2w,4,k50,pooled,0.16184468130881513
90571015302,10953744,CORTEX,female,1w,4,k50,pooled,0.10758327508175292
90578015302,10734945,CORTEX,female,2w,4,k50,pooled,0.13710978230589488
90585015302,10871349,CORTEX,female,2w,4,k50,pooled,0.12234963675138821
90587015302,10971645,CORTEX,female,2w,4,k50,pooled,0.15029486798258607
90412015803,10337199,HEART,female,4w,4,k50,pooled,0.07988548242259819
90289015803,10185585,HEART,male,4w,4,k50,pooled,0.0815961800290399
90430015803,10561072,HEART,male,1w,4,k50,pooled,0.09519164392605606
90426015803,10503110,HEART,male,1w,4,k50,pooled,0.07797348464455256
90423015803,10424911,HEART,male,1w,4,k50,pooled,0.07626559715184467
90239015803,10027599,HEART,male,control,4,k50,pooled,0.09004095924058075
90585015803,10871349,HEART,female,2w,4,k50,pooled,0.0791136183721276
90252015803,10044337,HEART,female,control,4,k50,pooled,0.09553701801902514
90217015803,10023259,HEART,male,control,4,k50,pooled,0.08239709812588714
90571015803,10953744,HEART,female,1w,4,k50,pooled,0.08691699841801892
90292015803,10220917,HEART,male,4w,4,k50,pooled,0.07378017385159119
90416015803,10381414,HEART,female,4w,4,k50,pooled,0.1162163394714153
90578015803,10734945,HEART,female,2w,4,k50,pooled,0.07725007451012333
90225015803,10025979,HEART,male,8w,4,k50,pooled,0.10360395512551501
90441015803,10502300,HEART,male,2w,4,k50,pooled,0.09517227423560104
90283015803,10139044,HEART,male,4w,4,k50,pooled,0.0848937763108859
90259015803,10045309,HEART,female,8w,4,k50,pooled,0.08295092428555317
90587015803,10971645,HEART,female,2w,4,k50,pooled,0.08633108968276437
90265015803,10046119,HEART,female,control,4,k50,pooled,0.07335801535959563
90281015803,10106383,HEART,male,4w,4,k50,pooled,0.07235009417691107
90267015803,10046461,HEART,female,8w,4,k50,pooled,0.09432389781850015
90444015803,10587543,HEART,male,2w,4,k50,pooled,0.08553432154946217
90217015202,10023259,HIPPOC,male,control,4,k50,pooled,0.2111511070123815
90225015202,10025979,HIPPOC,male,8w,4,k50,pooled,0.14087237570758182
90239015202,10027599,HIPPOC,male,control,4,k50,pooled,0.1541417725271348
90252015202,10044337,HIPPOC,female,control,4,k50,pooled,0.15495648349323143
90259015202,10045309,HIPPOC,female,8w,4,k50,pooled,0.13045836965326774
90265015202,10046119,HIPPOC,female,control,4,k50,pooled,0.16509534833828132
90267015202,10046461,HIPPOC,female,8w,4,k50,pooled,0.24676467299650306
90281015202,10106383,HIPPOC,male,4w,4,k50,pooled,0.14463142107356775
90283015202,10139044,HIPPOC,male,4w,4,k50,pooled,0.1814768095885141
90289015202,10185585,HIPPOC,male,4w,4,k50,pooled,0.15324390963512902
90292015202,10220917,HIPPOC,male,4w,4,k50,pooled,0.1421841590330417
90412015202,10337199,HIPPOC,female,4w,4,k50,pooled,0.16216388654968894
90416015202,10381414,HIPPOC,female,4w,4,k50,pooled,0.17402310153890566
90423015202,10424911,HIPPOC,male,1w,4,k50,pooled,0.15308666531130843
90426015202,10503110,HIPPOC,male,1w,4,k50,pooled,0.17742375243573882
90430015202,10561072,HIPPOC,male,1w,4,k50,pooled,0.13630844264209596
90441015202,10502300,HIPPOC,male,2w,4,k50,pooled,0.18137368233558793
90444015202,10587543,HIPPOC,male,2w,4,k50,pooled,0.17769787179533425
90571015202,10953744,HIPPOC,female,1w,4,k50,pooled,0.1484677176519159
90578015202,10734945,HIPPOC,female,2w,4,k50,pooled,0.1515392023728086
90585015202,10871349,HIPPOC,female,2w,4,k50,pooled,0.1467296668960787
90587015202,10971645,HIPPOC,female,2w,4,k50,pooled,0.12828009638582039
90217015402,10023259,HYPOTH,male,control,4,k50,pooled,0.12047598855020725
90225015402,10025979,HYPOTH,male,8w,4,k50,pooled,0.11244655515908464
90239015402,10027599,HYPOTH,male,control,4,k50,pooled,0.12866770360214852
90252015402,10044337,HYPOTH,female,control,4,k50,pooled,0.12134677946173711
90259015402,10045309,HYPOTH,female,8w,4,k50,pooled,0.09917159051465962
90265015402,10046119,HYPOTH,female,control,4,k50,pooled,0.10548411136567859
90267015402,10046461,HYPOTH,female,8w,4,k50,pooled,0.1310558244115173
90281015402,10106383,HYPOTH,male,4w,4,k50,pooled,0.11980373770880604
90283015402,10139044,HYPOTH,male,4w,4,k50,pooled,0.10178344460216471
90289015402,10185585,HYPOTH,male,4w,4,k50,pooled,0.10956943429572497
90292015402,10220917,HYPOTH,male,4w,4,k50,pooled,0.11693201740750891
90412015402,10337199,HYPOTH,female,4w,4,k50,pooled,0.10670549659057948
90416015402,10381414,HYPOTH,female,4w,4,k50,pooled,0.11294913601402412
90423015402,10424911,HYPOTH,male,1w,4,k50,pooled,0.10717902046982841
90426015402,10503110,HYPOTH,male,1w,4,k50,pooled,0.10800119888296145
90430015402,10561072,HYPOTH,male,1w,4,k50,pooled,0.11649998066413625
90441015402,10502300,HYPOTH,male,2w,4,k50,pooled,0.13094998141629233
90444015402,10587543,HYPOTH,male,2w,4,k50,pooled,0.10136730188440735
90571015402,10953744,HYPOTH,female,1w,4,k50,pooled,0.10804549998996349
90578015402,10734945,HYPOTH,female,2w,4,k50,pooled,0.10174818421630327
90585015402,10871349,HYPOTH,female,2w,4,k50,pooled,0.10133204063191836
90587015402,10971645,HYPOTH,female,2w,4,k50,pooled,0.10127192850736177
90217015902,10023259,KIDNEY,male,control,4,k50,pooled,0.049495926262103196
90225015902,10025979,KIDNEY,male,8w,4,k50,pooled,0.050045585867855014
90239015902,10027599,KIDNEY,male,control,4,k50,pooled,0.04864837764455421
90252015902,10044337,KIDNEY,female,control,4,k50,pooled,0.05153152228140179
90259015902,10045309,KIDNEY,female,8w,4,k50,pooled,0.05958558981801054
90265015902,10046119,KIDNEY,female,control,4,k50,pooled,0.05812784047981534
90267015902,10046461,KIDNEY,female,8w,4,k50,pooled,0.04932021095417927
90281015902,10106383,KIDNEY,male,4w,4,k50,pooled,0.04988465361806549
90283015902,10139044,KIDNEY,male,4w,4,k50,pooled,0.04846047583706192
90289015902,10185585,KIDNEY,male,4w,4,k50,pooled,0.050419805502745274
90292015902,10220917,KIDNEY,male,4w,4,k50,pooled,0.05007838193939107
90412015902,10337199,KIDNEY,female,4w,4,k50,pooled,0.0525957781359333
90416015902,10381414,KIDNEY,female,4w,4,k50,pooled,0.04900979191240584
90423015902,10424911,KIDNEY,male,1w,4,k50,pooled,0.05231496613446007
90426015902,10503110,KIDNEY,male,1w,4,k50,pooled,0.04887913385228282
90430015902,10561072,KIDNEY,male,1w,4,k50,pooled,0.053608938321447974
90441015902,10502300,KIDNEY,male,2w,4,k50,pooled,0.05348606764020292
90444015902,10587543,KIDNEY,male,2w,4,k50,pooled,0.052598789076511054
90571015902,10953744,KIDNEY,female,1w,4,k50,pooled,0.054227963558868164
90578015902,10734945,KIDNEY,female,2w,4,k50,pooled,0.05286144053362163
90587015902,10971645,KIDNEY,female,2w,4,k50,pooled,0.05253569308824213
90585015902,10871349,KIDNEY,female,2w,4,k50,pooled,0.05355336615129758
90217016803,10023259,LIVER,male,control,4,k50,pooled,0.04787258770921754
90225016803,10025979,LIVER,male,8w,4,k50,pooled,0.048593129388609935
90239016803,10027599,LIVER,male,control,4,k50,pooled,0.05265387436571378
90252016803,10044337,LIVER,female,control,4,k50,pooled,0.05292253835708194
90259016803,10045309,LIVER,female,8w,4,k50,pooled,0.04898255862258838
90265016803,10046119,LIVER,female,control,4,k50,pooled,0.052507404180793804
90267016803,10046461,LIVER,female,8w,4,k50,pooled,0.05215454414773646
90281016803,10106383,LIVER,male,4w,4,k50,pooled,0.04730172703219837
90283016803,10139044,LIVER,male,4w,4,k50,pooled,0.04471589501405204
90289016803,10185585,LIVER,male,4w,4,k50,pooled,0.044324964767418984
90292016803,10220917,LIVER,male,4w,4,k50,pooled,0.049365231660656206
90412016803,10337199,LIVER,female,4w,4,k50,pooled,0.04880469250603714
90416016803,10381414,LIVER,female,4w,4,k50,pooled,0.05162975611814613
90423016803,10424911,LIVER,male,1w,4,k50,pooled,0.04877066333242053
90426016803,10503110,LIVER,male,1w,4,k50,pooled,0.054069213316295106
90430016803,10561072,LIVER,male,1w,4,k50,pooled,0.04711689614502357
90441016803,10502300,LIVER,male,2w,4,k50,pooled,0.04978502924465655
90444016803,10587543,LIVER,male,2w,4,k50,pooled,0.05266307806152537
90571016803,10953744,LIVER,female,1w,4,k50,pooled,0.051541249832604
90578016803,10734945,LIVER,female,2w,4,k50,pooled,0.051128836424616075
90585016803,10871349,LIVER,female,2w,4,k50,pooled,0.04807600561934433
90587016803,10971645,LIVER,female,2w,4,k50,pooled,0.049762135242181316
90259016603,10045309,LUNG,female,8w,4,k50,pooled,0.051923185082286216
90289016603,10185585,LUNG,male,4w,4,k50,pooled,0.045349622001026324
90281016603,10106383,LUNG,male,4w,4,k50,pooled,0.04847369612639463
90423016603,10424911,LUNG,male,1w,4,k50,pooled,0.053283988991920106
90292016603,10220917,LUNG,male,4w,4,k50,pooled,0.05401006540887243
90239016603,10027599,LUNG,male,control,4,k50,pooled,0.05291908204582629
90444016603,10587543,LUNG,male,2w,4,k50,pooled,0.0486551342996554
90412016603,10337199,LUNG,female,4w,4,k50,pooled,0.05078179542731198
90587016603,10971645,LUNG,female,2w,4,k50,pooled,0.05049760418768323
90252016603,10044337,LUNG,female,control,4,k50,pooled,0.05031879820236684
90426016603,10503110,LUNG,male,1w,4,k50,pooled,0.04936865454163275
90416016603,10381414,LUNG,female,4w,4,k50,pooled,0.051916873155804955
90267016603,10046461,LUNG,female,8w,4,k50,pooled,0.04894770429025419
90430016603,10561072,LUNG,male,1w,4,k50,pooled,0.048947325590529944
90571016603,10953744,LUNG,female,1w,4,k50,pooled,0.05351569051297911
90578016603,10734945,LUNG,female,2w,4,k50,pooled,0.051162992560899956
90283016603,10139044,LUNG,male,4w,4,k50,pooled,0.0510980383828884
90225016603,10025979,LUNG,male,8w,4,k50,pooled,0.04773385997199331
90441016603,10502300,LUNG,male,2w,4,k50,pooled,0.05317179787167603
90265016603,10046119,LUNG,female,control,4,k50,pooled,0.04959300930039379
90585016603,10871349,LUNG,female,2w,4,k50,pooled,0.04910272217887912
90217016603,10023259,LUNG,male,control,4,k50,pooled,0.051725689097833705
90259016402,10045309,OVARY,female,8w,4,k50,pooled,0.17924550725017996
90252016402,10044337,OVARY,female,control,4,k50,pooled,0.07628763854054899
90585016402,10871349,OVARY,female,2w,4,k50,pooled,0.10086576938111669
90571016402,10953744,OVARY,female,1w,4,k50,pooled,0.18414631885414545
90267016402,10046461,OVARY,female,8w,4,k50,pooled,0.08474363544514785
90416016402,10381414,OVARY,female,4w,4,k50,pooled,0.06460458006508851
90265016402,10046119,OVARY,female,control,4,k50,pooled,0.05820325983310781
90578016402,10734945,OVARY,female,2w,4,k50,pooled,0.15551520090704174
90587016402,10971645,OVARY,female,2w,4,k50,pooled,0.08100090333233612
90412016402,10337199,OVARY,female,4w,4,k50,pooled,0.0935879310663349
90283015512,10139044,SKM-GN,male,4w,4,k50,pooled,0.13495978628451377
90239015512,10027599,SKM-GN,male,control,4,k50,pooled,0.21347080255520845
90578015512,10734945,SKM-GN,female,2w,4,k50,pooled,0.2509927828671311
90281015512,10106383,SKM-GN,male,4w,4,k50,pooled,0.45798584736711523
90217015512,10023259,SKM-GN,male,control,4,k50,pooled,0.18070482545253586
90267015512,10046461,SKM-GN,female,8w,4,k50,pooled,0.4685116405276504
90587015512,10971645,SKM-GN,female,2w,4,k50,pooled,0.2210870872312637
90289015512,10185585,SKM-GN,male,4w,4,k50,pooled,0.35442903755732547
90585015512,10871349,SKM-GN,female,2w,4,k50,pooled,0.3205472508881946
90412015512,10337199,SKM-GN,female,4w,4,k50,pooled,0.27901532184145517
90430015512,10561072,SKM-GN,male,1w,4,k50,pooled,0.2293558500065287
90225015512,10025979,SKM-GN,male,8w,4,k50,pooled,0.4792852976735953
90265015512,10046119,SKM-GN,female,control,4,k50,pooled,0.3502411384653952
90252015512,10044337,SKM-GN,female,control,4,k50,pooled,0.23168826104584228
90426015512,10503110,SKM-GN,male,1w,4,k50,pooled,0.20712950702742916
90423015512,10424911,SKM-GN,male,1w,4,k50,pooled,0.25411017822235527
90416015512,10381414,SKM-GN,female,4w,4,k50,pooled,0.3200049162968681
90292015512,10220917,SKM-GN,male,4w,4,k50,pooled,0.29613587394940744
90441015512,10502300,SKM-GN,male,2w,4,k50,pooled,0.4460199366983071
90444015512,10587543,SKM-GN,male,2w,4,k50,pooled,0.28315956447099166
90571015512,10953744,SKM-GN,female,1w,4,k50,pooled,0.41488265868229335
90259015512,10045309,SKM-GN,female,8w,4,k50,pooled,0.38389859258070913
90217015603,10023259,SKM-VL,male,control,4,k50,pooled,0.12358280342768568
90225015603,10025979,SKM-VL,male,8w,4,k50,pooled,0.39101004514212845
90239015603,10027599,SKM-VL,male,control,4,k50,pooled,0.5183160029158436
90252015603,10044337,SKM-VL,female,control,4,k50,pooled,0.41495467412064047
90259015603,10045309,SKM-VL,female,8w,4,k50,pooled,0.24860947334400585
90265015603,10046119,SKM-VL,female,control,4,k50,pooled,0.3308972572044351
90267015603,10046461,SKM-VL,female,8w,4,k50,pooled,0.32691212392980273
90281015603,10106383,SKM-VL,male,4w,4,k50,pooled,0.2619470475479343
90283015603,10139044,SKM-VL,male,4w,4,k50,pooled,0.22189308762066384
90289015603,10185585,SKM-VL,male,4w,4,k50,pooled,0.1905965579717671
90292015603,10220917,SKM-VL,male,4w,4,k50,pooled,0.13363363043459864
90412015603,10337199,SKM-VL,female,4w,4,k50,pooled,0.3309324990679475
90416015603,10381414,SKM-VL,female,4w,4,k50,pooled,0.18217961477421019
90423015603,10424911,SKM-VL,male,1w,4,k50,pooled,0.172110048726269
90426015603,10503110,SKM-VL,male,1w,4,k50,pooled,0.10679094695884728
90430015603,10561072,SKM-VL,male,1w,4,k50,pooled,0.25904437412875414
90441015603,10502300,SKM-VL,male,2w,4,k50,pooled,0.1728939246063358
90444015603,10587543,SKM-VL,male,2w,4,k50,pooled,0.12313714411511878
90571015603,10953744,SKM-VL,female,1w,4,k50,pooled,0.33863565826928366
90578015603,10734945,SKM-VL,female,2w,4,k50,pooled,0.4614875844625145
90585015603,10871349,SKM-VL,female,2w,4,k50,pooled,0.5734323745117833
90587015603,10971645,SKM-VL,female,2w,4,k50,pooled,0.4501637213159865
90416016702,10381414,SMLINT,female,4w,4,k50,pooled,0.07345620429972777
90444016702,10587543,SMLINT,male,2w,4,k50,pooled,0.06615698395949798
90239016702,10027599,SMLINT,male,control,4,k50,pooled,0.06398916155285572
90281016702,10106383,SMLINT,male,4w,4,k50,pooled,0.06733287774815955
90578016702,10734945,SMLINT,female,2w,4,k50,pooled,0.06808741881766689
90289016702,10185585,SMLINT,male,4w,4,k50,pooled,0.0705049250192038
90587016702,10971645,SMLINT,female,2w,4,k50,pooled,0.078454374094312
90259016702,10045309,SMLINT,female,8w,4,k50,pooled,0.07924300731963185
90571016702,10953744,SMLINT,female,1w,4,k50,pooled,0.0649305813018426
90423016702,10424911,SMLINT,male,1w,4,k50,pooled,0.0709515194674678
90267016702,10046461,SMLINT,female,8w,4,k50,pooled,0.06471532306397354
90426016702,10503110,SMLINT,male,1w,4,k50,pooled,0.07250664399309392
90441016702,10502300,SMLINT,male,2w,4,k50,pooled,0.06443228108372523
90225016702,10025979,SMLINT,male,8w,4,k50,pooled,0.07660574922261065
90292016702,10220917,SMLINT,male,4w,4,k50,pooled,0.06406033983901283
90217016702,10023259,SMLINT,male,control,4,k50,pooled,0.06137576294107827
90412016702,10337199,SMLINT,female,4w,4,k50,pooled,0.07983776769633932
90265016702,10046119,SMLINT,female,control,4,k50,pooled,0.060179574242749445
90283016702,10139044,SMLINT,male,4w,4,k50,pooled,0.07115551682020105
90430016702,10561072,SMLINT,male,1w,4,k50,pooled,0.0616787654775206
90585016702,10871349,SMLINT,female,2w,4,k50,pooled,0.06820446226974575
90252016702,10044337,SMLINT,female,control,4,k50,pooled,0.13630479104332816
90217016202,10023259,SPLEEN,male,control,4,k50,pooled,0.08356274941032205
90225016202,10025979,SPLEEN,male,8w,4,k50,pooled,0.08046861163040997
90239016202,10027599,SPLEEN,male,control,4,k50,pooled,0.07795279650217701
90252016202,10044337,SPLEEN,female,control,4,k50,pooled,0.08813809152393137
90259016202,10045309,SPLEEN,female,8w,4,k50,pooled,0.0838758561018057
90265016202,10046119,SPLEEN,female,control,4,k50,pooled,0.09010163326549281
90267016202,10046461,SPLEEN,female,8w,4,k50,pooled,0.078073885939411
90281016202,10106383,SPLEEN,male,4w,4,k50,pooled,0.06866015411695214
90283016202,10139044,SPLEEN,male,4w,4,k50,pooled,0.07588429293705445
90289016202,10185585,SPLEEN,male,4w,4,k50,pooled,0.06743271964487063
90292016202,10220917,SPLEEN,male,4w,4,k50,pooled,0.07204773360712202
90412016202,10337199,SPLEEN,female,4w,4,k50,pooled,0.07118182613454094
90416016202,10381414,SPLEEN,female,4w,4,k50,pooled,0.07481492345650465
90423016202,10424911,SPLEEN,male,1w,4,k50,pooled,0.08421082750611508
90426016202,10503110,SPLEEN,male,1w,4,k50,pooled,0.07332634577729058
90430016202,10561072,SPLEEN,male,1w,4,k50,pooled,0.07731196719750422
90441016202,10502300,SPLEEN,male,2w,4,k50,pooled,0.07170176179657917
90444016202,10587543,SPLEEN,male,2w,4,k50,pooled,0.08605063341388963
90571016202,10953744,SPLEEN,female,1w,4,k50,pooled,0.08391945539545287
90578016202,10734945,SPLEEN,female,2w,4,k50,pooled,0.0795017310947016
90585016202,10871349,SPLEEN,female,2w,4,k50,pooled,0.08393144008863873
90587016202,10971645,SPLEEN,female,2w,4,k50,pooled,0.07471962121678022
90281016302,10106383,TESTES,male,4w,4,k50,pooled,0.07844214098023494
90225016302,10025979,TESTES,male,8w,4,k50,pooled,0.07917071008304521
90292016302,10220917,TESTES,male,4w,4,k50,pooled,0.07892929661220627
90239016302,10027599,TESTES,male,control,4,k50,pooled,0.07756687760322467
90283016302,10139044,TESTES,male,4w,4,k50,pooled,0.07698265956588612
90441016302,10502300,TESTES,male,2w,4,k50,pooled,0.07606843542370512
90430016302,10561072,TESTES,male,1w,4,k50,pooled,0.07834963459444189
90423016302,10424911,TESTES,male,1w,4,k50,pooled,0.07634543788912262
90444016302,10587543,TESTES,male,2w,4,k50,pooled,0.07752693513712727
90217016302,10023259,TESTES,male,control,4,k50,pooled,0.07843302298799437
90289016302,10185585,TESTES,male,4w,4,k50,pooled,0.07794266975024045
90426016302,10503110,TESTES,male,1w,4,k50,pooled,0.07787495618032292
90441016502,10502300,VENACV,male,2w,4,k50,pooled,0.046694867333438084
90252016502,10044337,VENACV,female,control,4,k50,pooled,0.06527900247442708
90430016502,10561072,VENACV,male,1w,4,k50,pooled,0.041072169230122135
90426016502,10503110,VENACV,male,1w,4,k50,pooled,0.14330046744372238
90416016502,10381414,VENACV,female,4w,4,k50,pooled,0.2655073890916674
90267016502,10046461,VENACV,female,8w,4,k50,pooled,0.12278524998225804
90217016502,10023259,VENACV,male,control,4,k50,pooled,0.05834537223390657
90444016502,10587543,VENACV,male,2w,4,k50,pooled,0.03963509299921808
90283016502,10139044,VENACV,male,4w,4,k50,pooled,0.040175235498733586
90259016502,10045309,VENACV,female,8w,4,k50,pooled,0.05679204210273647
90225016502,10025979,VENACV,male,8w,4,k50,pooled,0.08055735654416551
90239016502,10027599,VENACV,male,control,4,k50,pooled,0.0380813778121607
90281016502,10106383,VENACV,male,4w,4,k50,pooled,0.06733777515923645
90423016502,10424911,VENACV,male,1w,4,k50,pooled,0.24079159321239896
90587016502,10971645,VENACV,female,2w,4,k50,pooled,0.5868581993803977
90289016502,10185585,VENACV,male,4w,4,k50,pooled,0.1020237568832304
90412016502,10337199,VENACV,female,4w,4,k50,pooled,0.042027880538349716
90585016502,10871349,VENACV,female,2w,4,k50,pooled,0.7339004120832037
90571016502,10953744,VENACV,female,1w,4,k50,pooled,0.7934396697350363
90265016502,10046119,VENACV,female,control,4,k50,pooled,0.05826025563859394
90578016502,10734945,VENACV,female,2w,4,k50,pooled,0.5597361891875576
90292016502,10220917,VENACV,male,4w,4,k50,pooled,0.059067276477422714
90217017005,10023259,WAT-SC,male,control,4,k50,pooled,0.06062808896374694
90225017005,10025979,WAT-SC,male,8w,4,k50,pooled,0.05981016457071209
90239017005,10027599,WAT-SC,male,control,4,k50,pooled,0.12032886271735177
90252017005,10044337,WAT-SC,female,control,4,k50,pooled,0.07682240333655344
90259017005,10045309,WAT-SC,female,8w,4,k50,pooled,0.045709601393302046
90265017005,10046119,WAT-SC,female,control,4,k50,pooled,0.09384879334282414
90267017005,10046461,WAT-SC,female,8w,4,k50,pooled,0.041566063047609014
90281017005,10106383,WAT-SC,male,4w,4,k50,pooled,0.07312872179119467
90283017005,10139044,WAT-SC,male,4w,4,k50,pooled,0.0673089608079801
90289017005,10185585,WAT-SC,male,4w,4,k50,pooled,0.09054394331960214
90292017005,10220917,WAT-SC,male,4w,4,k50,pooled,0.07003765695511022
90412017005,10337199,WAT-SC,female,4w,4,k50,pooled,0.06493276243222679
90416017005,10381414,WAT-SC,female,4w,4,k50,pooled,0.058436400803986266
90423017005,10424911,WAT-SC,male,1w,4,k50,pooled,0.23544304602484767
90426017005,10503110,WAT-SC,male,1w,4,k50,pooled,0.08479194560982062
90430017005,10561072,WAT-SC,male,1w,4,k50,pooled,0.10107227349505565
90441017005,10502300,WAT-SC,male,2w,4,k50,pooled,0.075839465724168
90444017005,10587543,WAT-SC,male,2w,4,k50,pooled,0.08594081544549981
90571017005,10953744,WAT-SC,female,1w,4,k50,pooled,0.0541230820841222
90578017005,10734945,WAT-SC,female,2w,4,k50,pooled,0.08095100411564227
90585017005,10871349,WAT-SC,female,2w,4,k50,pooled,0.07345567122120844
90587017005,10971645,WAT-SC,female,2w,4,k50,pooled,0.058093907119808996
90225016002,10025979,ADRNL,male,8w,4,k50,one_per_animal,0.0438999514503412
90571016002,10953744,ADRNL,female,1w,4,k50,one_per_animal,0.9872836179851703
90423016002,10424911,ADRNL,male,1w,4,k50,one_per_animal,0.036531379761361005
90426016002,10503110,ADRNL,male,1w,4,k50,one_per_animal,0.19191131530853534
90444015302,10587543,CORTEX,male,2w,4,k50,one_per_animal,0.16184468130881513
90267015803,10046461,HEART,female,8w,4,k50,one_per_animal,0.09432389781850015
90217015202,10023259,HIPPOC,male,control,4,k50,one_per_animal,0.2111511070123815
90265015202,10046119,HIPPOC,female,control,4,k50,one_per_animal,0.16509534833828132
90430015202,10561072,HIPPOC,male,1w,4,k50,one_per_animal,0.13630844264209596
90585015202,10871349,HIPPOC,female,2w,4,k50,one_per_animal,0.1467296668960787
90292015402,10220917,HYPOTH,male,4w,4,k50,one_per_animal,0.11693201740750891
90259015902,10045309,KIDNEY,female,8w,4,k50,one_per_animal,0.05958558981801054
90252016803,10044337,LIVER,female,control,4,k50,one_per_animal,0.05292253835708194
90441016803,10502300,LIVER,male,2w,4,k50,one_per_animal,0.04978502924465655
90283015603,10139044,SKM-VL,male,4w,4,k50,one_per_animal,0.22189308762066384
90416015603,10381414,SKM-VL,female,4w,4,k50,one_per_animal,0.18217961477421019
90587015603,10971645,SKM-VL,female,2w,4,k50,one_per_animal,0.4501637213159865
90281016702,10106383,SMLINT,male,4w,4,k50,one_per_animal,0.06733287774815955
90289016702,10185585,SMLINT,male,4w,4,k50,one_per_animal,0.0705049250192038
90412016702,10337199,SMLINT,female,4w,4,k50,one_per_animal,0.07983776769633932
90239016502,10027599,VENACV,male,control,4,k50,one_per_animal,0.0380813778121607
90578017005,10734945,WAT-SC,female,2w,4,k50,one_per_animal,0.08095100411564227
