tissue,variable,source,category,level,kind,n_control,n_trained,frac_missing_control,frac_missing_trained,missing_in_one_group_only,n_levels,stat,separation,p_value,auroc_trained_higher
CORTEX,key.protocol,PHENO,design,animal,categorical,10,10,0.0,0.0,False,1,,,,
CORTEX,key.agegroup,PHENO,design,animal,categorical,10,10,0.0,0.0,False,1,,,,
CORTEX,key.d_arrive,PHENO,collection,animal,datetime,10,10,0.0,0.0,False,2,auroc,0.5,1.0,0.5
CORTEX,key.d_sacrifice,PHENO,collection,animal,datetime,10,10,0.0,0.0,False,10,auroc,0.595,0.49368120763238343,0.405
CORTEX,key.intervention,PHENO,design,animal,categorical,10,10,0.0,0.0,False,2,cramers_v,1.0,1.082508822446903e-05,
CORTEX,key.sacrificetime,PHENO,design,animal,categorical,10,10,0.0,0.0,False,1,,,,
CORTEX,key.anirandgroup,PHENO,design,animal,categorical,10,10,0.0,0.0,False,2,cramers_v,1.0,1.082508822446903e-05,
CORTEX,key.siteid,PHENO,collection,animal,categorical,10,10,0.0,0.0,False,1,,,,
CORTEX,familiarization.d_visit,PHENO,baseline,animal,datetime,10,10,0.0,0.0,False,2,auroc,0.5,1.0,0.5
CORTEX,familiarization.days_visit,PHENO,baseline,animal,numeric,10,10,0.0,0.0,False,1,,,,
CORTEX,familiarization.staffid,PHENO,baseline,animal,numeric,10,10,0.0,0.0,False,1,,,,
CORTEX,familiarization.siteid,PHENO,baseline,animal,categorical,10,10,0.0,0.0,False,1,,,,
CORTEX,familiarization.d_treadmillbegin,PHENO,baseline,animal,datetime,10,10,0.0,0.0,False,2,auroc,0.5,1.0,0.5
CORTEX,familiarization.days_treadmillbegin,PHENO,baseline,animal,numeric,10,10,0.0,0.0,False,1,,,,
CORTEX,familiarization.d_treadmillcomplete,PHENO,baseline,animal,datetime,10,10,0.0,0.0,False,2,auroc,0.5,1.0,0.5
CORTEX,familiarization.days_treadmillcomplete,PHENO,baseline,animal,numeric,10,10,0.0,0.0,False,1,,,,
CORTEX,familiarization.activity_score,PHENO,baseline,animal,numeric,10,10,0.0,0.0,False,2,auroc,0.65,0.18513247335593686,0.35
CORTEX,familiarization.compliant,PHENO,baseline,animal,categorical,10,10,0.0,0.0,False,1,,,,
CORTEX,familiarization.weight,PHENO,baseline,animal,numeric,10,10,0.0,0.0,False,20,auroc,0.6,0.47267559351158717,0.4
CORTEX,nmr.testing.d_visit_1,PHENO,baseline,animal,datetime,10,10,0.0,0.0,False,2,auroc,0.5,1.0,0.5
CORTEX,nmr.testing.days_visit_1,PHENO,baseline,animal,numeric,10,10,0.0,0.0,False,1,,,,
CORTEX,nmr.testing.staffid_1,PHENO,baseline,animal,numeric,10,10,0.0,0.0,False,1,,,,
CORTEX,nmr.testing.siteid_1,PHENO,baseline,animal,categorical,10,10,0.0,0.0,False,1,,,,
CORTEX,nmr.testing.d_nmr_1,PHENO,baseline,animal,datetime,10,10,0.0,0.0,False,2,auroc,0.5,1.0,0.5
CORTEX,nmr.testing.days_nmr_1,PHENO,baseline,animal,numeric,10,10,0.0,0.0,False,1,,,,
CORTEX,nmr.testing.nmr_weight_1,PHENO,baseline,animal,numeric,10,10,0.0,0.0,False,20,auroc,0.6,0.47267559351158717,0.4
CORTEX,nmr.testing.nmr_fat_1,PHENO,baseline,animal,numeric,10,10,0.0,0.0,False,19,auroc,0.6,0.472509068324386,0.4
CORTEX,nmr.testing.nmr_lean_1,PHENO,baseline,animal,numeric,10,10,0.0,0.0,False,15,auroc,0.585,0.5439838315636973,0.415
CORTEX,nmr.testing.nmr_fluid_1,PHENO,baseline,animal,numeric,10,10,0.0,0.0,False,11,auroc,0.56,0.6755061335233105,0.44
CORTEX,nmr.testing.d_visit_2,PHENO,outcome,animal,datetime,10,10,0.0,0.0,False,10,auroc,0.595,0.49368120763238343,0.405
CORTEX,nmr.testing.days_visit_2,PHENO,outcome,animal,numeric,10,10,0.0,0.0,False,6,auroc,0.6699999999999999,0.20269853574703167,0.33
CORTEX,nmr.testing.staffid_2,PHENO,outcome,animal,numeric,10,10,0.0,0.0,False,1,,,,
CORTEX,nmr.testing.siteid_2,PHENO,outcome,animal,categorical,10,10,0.0,0.0,False,1,,,,
CORTEX,nmr.testing.d_nmr_2,PHENO,outcome,animal,datetime,10,10,0.0,0.0,False,10,auroc,0.595,0.49368120763238343,0.405
CORTEX,nmr.testing.days_nmr_2,PHENO,outcome,animal,numeric,10,10,0.0,0.0,False,6,auroc,0.6699999999999999,0.20269853574703167,0.33
CORTEX,nmr.testing.nmr_weight_2,PHENO,outcome,animal,numeric,10,10,0.0,0.0,False,20,auroc,0.73,0.08897301170181328,0.27
CORTEX,nmr.testing.nmr_fat_2,PHENO,outcome,animal,numeric,10,10,0.0,0.0,False,19,auroc,1.0,0.0001816511460914649,0.0
CORTEX,nmr.testing.nmr_lean_2,PHENO,outcome,animal,numeric,10,10,0.0,0.0,False,19,auroc,0.77,0.04507378631623228,0.77
CORTEX,nmr.testing.nmr_fluid_2,PHENO,outcome,animal,numeric,10,10,0.0,0.0,False,12,auroc,0.735,0.08014319384487509,0.265
CORTEX,nmr.testing.nmr_comments_2,PHENO,outcome,animal,empty,10,10,1.0,1.0,False,0,,,,
CORTEX,registration.d_visit,PHENO,collection,animal,datetime,10,10,0.0,0.0,False,4,auroc,0.525,0.8716699402398118,0.525
CORTEX,registration.days_visit,PHENO,collection,animal,numeric,10,10,0.0,0.0,False,4,auroc,0.575,0.5718140573849769,0.575
CORTEX,registration.staffid,PHENO,collection,animal,numeric,10,10,0.0,0.0,False,1,,,,
CORTEX,registration.siteid,PHENO,collection,animal,categorical,10,10,0.0,0.0,False,1,,,,
CORTEX,registration.d_arrive,PHENO,collection,animal,datetime,10,10,0.0,0.0,False,2,auroc,0.5,1.0,0.5
CORTEX,registration.days_arrive,PHENO,collection,animal,numeric,10,10,0.0,0.0,False,1,,,,
CORTEX,registration.batchnumber,PHENO,collection,animal,numeric,10,10,0.0,0.0,False,1,,,,
CORTEX,registration.d_reverselight,PHENO,collection,animal,datetime,10,10,0.0,0.0,False,2,auroc,0.5,1.0,0.5
CORTEX,registration.days_reverselight,PHENO,collection,animal,numeric,10,10,0.0,0.0,False,2,auroc,0.5,1.0,0.5
CORTEX,registration.d_birth,PHENO,baseline,animal,datetime,10,10,0.0,0.0,False,2,auroc,0.5,1.0,0.5
CORTEX,registration.days_birth,PHENO,baseline,animal,numeric,10,10,0.0,0.0,False,2,auroc,0.5,1.0,0.5
CORTEX,registration.sex,PHENO,collection,animal,categorical,10,10,0.0,0.0,False,2,cramers_v,0.0,1.0,
CORTEX,registration.weight,PHENO,baseline,animal,numeric,10,10,0.0,0.0,False,20,auroc,0.5900000000000001,0.5205228832757727,0.41
CORTEX,registration.cagenumber,PHENO,collection,animal,numeric,10,10,0.0,0.0,False,17,auroc,0.54,0.7911065051576629,0.46
CORTEX,specimen.collection.d_visit,PHENO,collection,animal,datetime,10,10,0.0,0.0,False,10,auroc,0.595,0.49368120763238343,0.405
CORTEX,specimen.collection.days_visit,PHENO,collection,animal,numeric,10,10,0.0,0.0,False,6,auroc,0.6699999999999999,0.20269853574703167,0.33
CORTEX,specimen.collection.staffid,PHENO,collection,animal,numeric,10,10,0.0,0.0,False,2,auroc,0.5,1.0,0.5
CORTEX,specimen.collection.siteid,PHENO,collection,animal,categorical,10,10,0.0,0.0,False,1,,,,
CORTEX,specimen.collection.anesthesiaid,PHENO,collection,animal,numeric,10,10,0.0,0.0,False,2,auroc,0.6,0.300557543399555,0.6
CORTEX,specimen.collection.t_anesthesia,PHENO,collection,animal,time,10,10,0.0,0.0,False,19,auroc,0.565,0.6500246299061012,0.565
CORTEX,specimen.collection.bloodtype,PHENO,collection,animal,categorical,10,10,0.0,0.0,False,1,,,,
CORTEX,specimen.collection.bloodtube,PHENO,collection,animal,categorical,10,10,0.0,0.0,False,1,,,,
CORTEX,specimen.collection.bloodcomplete,PHENO,collection,animal,categorical,10,10,0.0,0.0,False,2,cramers_v,0.14002800840280097,1.0,
CORTEX,specimen.collection.bloodtechid,PHENO,collection,animal,categorical,10,10,0.0,0.0,False,1,,,,
CORTEX,specimen.collection.t_bloodstart,PHENO,collection,animal,time,10,10,0.0,0.0,False,20,auroc,0.57,0.6231762238821174,0.57
CORTEX,specimen.collection.t_bloodstop,PHENO,collection,animal,time,10,10,0.0,0.0,False,20,auroc,0.57,0.6231762238821174,0.57
CORTEX,specimen.collection.t_edtafill,PHENO,collection,animal,time,10,10,0.0,0.0,False,20,auroc,0.54,0.7913367801006604,0.54
CORTEX,specimen.collection.uterustype,PHENO,collection,animal,empty,10,10,1.0,1.0,False,0,,,,
CORTEX,specimen.collection.uteruscomplete,PHENO,collection,animal,empty,10,10,1.0,1.0,False,0,,,,
CORTEX,specimen.collection.t_death,PHENO,collection,animal,time,10,10,0.0,0.0,False,20,auroc,0.57,0.6231762238821174,0.57
CORTEX,specimen.collection.deathtype,PHENO,collection,animal,categorical,10,10,0.0,0.0,False,1,,,,
CORTEX,terminal.weight.bw,PHENO,outcome,animal,numeric,10,10,0.0,0.0,False,20,auroc,0.71,0.12122450301291661,0.29
CORTEX,terminal.weight.lg,PHENO,outcome,animal,numeric,10,10,0.0,0.0,False,20,auroc,0.5800000000000001,0.5707503880581739,0.42
CORTEX,terminal.weight.mg,PHENO,outcome,animal,numeric,10,10,0.0,0.0,False,18,auroc,0.565,0.6499016865452631,0.435
CORTEX,terminal.weight.pl,PHENO,outcome,animal,numeric,10,10,0.0,0.0,False,19,auroc,0.5549999999999999,0.7053513720635047,0.445
CORTEX,terminal.weight.sol,PHENO,outcome,animal,numeric,10,10,0.0,0.0,False,20,auroc,0.58,0.5707503880581739,0.58
CORTEX,training.d_visit,PHENO,outcome,animal,datetime,10,10,0.0,0.0,False,10,auroc,0.595,0.49368120763238343,0.405
CORTEX,training.days_visit,PHENO,outcome,animal,numeric,10,10,0.0,0.0,False,6,auroc,0.6699999999999999,0.20269853574703167,0.33
CORTEX,training.staffid,PHENO,outcome,animal,numeric,10,10,0.0,0.0,False,1,,,,
CORTEX,training.siteid,PHENO,outcome,animal,categorical,10,10,0.0,0.0,False,1,,,,
CORTEX,training.day1date,PHENO,outcome,animal,datetime,10,10,0.0,0.0,False,10,auroc,0.595,0.49368120763238343,0.405
CORTEX,training.day1_days,PHENO,outcome,animal,numeric,10,10,0.0,0.0,False,6,auroc,0.6699999999999999,0.20269853574703167,0.33
CORTEX,training.day1time,PHENO,outcome,animal,time,10,10,0.0,0.0,False,11,auroc,0.575,0.5948953826127479,0.425
CORTEX,training.day1_treadmillspeed,PHENO,outcome,animal,numeric,10,10,0.0,0.0,False,3,auroc,1.0,4.73140726040938e-05,1.0
CORTEX,training.day1_treadmillincline,PHENO,outcome,animal,numeric,10,10,0.0,0.0,False,1,,,,
CORTEX,training.day1_timeontreadmill,PHENO,outcome,animal,numeric,10,10,0.0,0.0,False,2,auroc,0.8,0.005015918125903367,0.8
CORTEX,training.day1_weight,PHENO,outcome,animal,numeric,10,10,0.0,0.0,False,19,auroc,0.6,0.472509068324386,0.4
CORTEX,training.day1_posttrainlact,PHENO,outcome,animal,numeric,10,10,1.0,0.5,False,4,,,,
CORTEX,training.day1_score,PHENO,outcome,animal,numeric,10,10,1.0,0.0,True,3,,,,
CORTEX,training.day2date,PHENO,outcome,animal,datetime,10,10,0.0,0.0,False,10,auroc,0.595,0.49368120763238343,0.405
CORTEX,training.day2_days,PHENO,outcome,animal,numeric,10,10,0.0,0.0,False,6,auroc,0.6699999999999999,0.20269853574703167,0.33
CORTEX,training.day2time,PHENO,outcome,animal,time,10,10,0.0,0.0,False,13,auroc,0.525,0.879514088297801,0.475
CORTEX,training.day2_treadmillspeed,PHENO,outcome,animal,numeric,10,10,0.0,0.0,False,3,auroc,1.0,4.73140726040938e-05,1.0
CORTEX,training.day2_treadmillincline,PHENO,outcome,animal,numeric,10,10,0.0,0.0,False,1,,,,
CORTEX,training.day2_timeontreadmill,PHENO,outcome,animal,numeric,10,10,0.0,0.0,False,2,auroc,0.8,0.005015918125903367,0.8
CORTEX,training.day2_score,PHENO,outcome,animal,numeric,10,10,1.0,0.0,True,3,,,,
CORTEX,training.day3date,PHENO,outcome,animal,datetime,10,10,0.0,0.0,False,10,auroc,0.595,0.49368120763238343,0.405
CORTEX,training.day3_days,PHENO,outcome,animal,numeric,10,10,0.0,0.0,False,6,auroc,0.6699999999999999,0.20269853574703167,0.33
CORTEX,training.day3time,PHENO,outcome,animal,time,10,10,0.0,0.0,False,12,auroc,0.685,0.171996585262853,0.315
CORTEX,training.day3_treadmillspeed,PHENO,outcome,animal,numeric,10,10,0.0,0.0,False,3,auroc,1.0,4.73140726040938e-05,1.0
CORTEX,training.day3_treadmillincline,PHENO,outcome,animal,numeric,10,10,0.0,0.0,False,1,,,,
CORTEX,training.day3_timeontreadmill,PHENO,outcome,animal,numeric,10,10,0.0,0.0,False,2,auroc,0.8,0.005015918125903367,0.8
CORTEX,training.day3_score,PHENO,outcome,animal,numeric,10,10,1.0,0.0,True,3,,,,
CORTEX,training.day4date,PHENO,outcome,animal,datetime,10,10,0.0,0.0,False,10,auroc,0.595,0.49368120763238343,0.405
CORTEX,training.day4_days,PHENO,outcome,animal,numeric,10,10,0.0,0.0,False,6,auroc,0.6699999999999999,0.20269853574703167,0.33
CORTEX,training.day4time,PHENO,outcome,animal,time,10,10,0.0,0.0,False,14,auroc,0.7,0.13956906564539742,0.3
CORTEX,training.day4_treadmillspeed,PHENO,outcome,animal,numeric,10,10,0.0,0.0,False,3,auroc,1.0,4.73140726040938e-05,1.0
CORTEX,training.day4_treadmillincline,PHENO,outcome,animal,numeric,10,10,0.0,0.0,False,1,,,,
CORTEX,training.day4_timeontreadmill,PHENO,outcome,animal,numeric,10,10,0.0,0.0,False,2,auroc,0.8,0.005015918125903367,0.8
CORTEX,training.day4_score,PHENO,outcome,animal,numeric,10,10,1.0,0.0,True,3,,,,
CORTEX,training.day5date,PHENO,outcome,animal,datetime,10,10,0.0,0.0,False,10,auroc,0.595,0.49368120763238343,0.405
CORTEX,training.day5_days,PHENO,outcome,animal,numeric,10,10,0.0,0.0,False,6,auroc,0.6699999999999999,0.20269853574703167,0.33
CORTEX,training.day5time,PHENO,outcome,animal,time,10,10,0.0,0.0,False,13,auroc,0.6,0.470329985735076,0.4
CORTEX,training.day5_treadmillspeed,PHENO,outcome,animal,numeric,10,10,0.0,0.0,False,3,auroc,1.0,4.73140726040938e-05,1.0
CORTEX,training.day5_treadmillincline,PHENO,outcome,animal,numeric,10,10,0.0,0.0,False,1,,,,
CORTEX,training.day5_timeontreadmill,PHENO,outcome,animal,numeric,10,10,0.0,0.0,False,2,auroc,0.8,0.005015918125903367,0.8
CORTEX,training.day5_posttrainlact,PHENO,outcome,animal,numeric,10,10,1.0,0.0,True,7,,,,
CORTEX,training.day5_score,PHENO,outcome,animal,numeric,10,10,1.0,0.0,True,3,,,,
CORTEX,training.day6date,PHENO,outcome,animal,datetime,10,10,0.0,0.0,False,10,auroc,0.595,0.49368120763238343,0.405
CORTEX,training.day6_days,PHENO,outcome,animal,numeric,10,10,0.0,0.0,False,6,auroc,0.6699999999999999,0.20269853574703167,0.33
CORTEX,training.day6time,PHENO,outcome,animal,time,10,10,0.0,0.0,False,14,auroc,0.665,0.22542674492729098,0.335
CORTEX,training.day6_treadmillspeed,PHENO,outcome,animal,numeric,10,10,0.0,0.0,False,3,auroc,1.0,4.73140726040938e-05,1.0
CORTEX,training.day6_treadmillincline,PHENO,outcome,animal,numeric,10,10,0.0,0.0,False,1,,,,
CORTEX,training.day6_timeontreadmill,PHENO,outcome,animal,numeric,10,10,0.0,0.0,False,2,auroc,0.95,9.66051900821123e-05,0.95
CORTEX,training.day6_weight,PHENO,outcome,animal,numeric,10,10,0.0,0.0,False,20,auroc,0.63,0.3447042220069576,0.37
CORTEX,training.day6_posttrainlact,PHENO,outcome,animal,numeric,10,10,1.0,0.0,True,10,,,,
CORTEX,training.day6_score,PHENO,outcome,animal,numeric,10,10,1.0,0.0,True,3,,,,
CORTEX,training.day7date,PHENO,outcome,animal,datetime,10,10,0.0,0.0,False,10,auroc,0.595,0.49368120763238343,0.405
CORTEX,training.day7_days,PHENO,outcome,animal,numeric,10,10,0.0,0.0,False,6,auroc,0.6699999999999999,0.20269853574703167,0.33
CORTEX,training.day7time,PHENO,outcome,animal,time,10,10,0.0,0.0,False,13,auroc,0.5449999999999999,0.7615851509629026,0.455
CORTEX,training.day7_treadmillspeed,PHENO,outcome,animal,numeric,10,10,0.0,0.0,False,3,auroc,1.0,4.73140726040938e-05,1.0
CORTEX,training.day7_treadmillincline,PHENO,outcome,animal,numeric,10,10,0.0,0.0,False,1,,,,
CORTEX,training.day7_timeontreadmill,PHENO,outcome,animal,numeric,10,10,0.0,0.0,False,2,auroc,0.95,9.66051900821123e-05,0.95
CORTEX,training.day7_posttrainlact,PHENO,outcome,animal,numeric,10,10,1.0,0.9,False,1,,,,
CORTEX,training.day7_score,PHENO,outcome,animal,numeric,10,10,1.0,0.0,True,3,,,,
CORTEX,training.day8date,PHENO,outcome,animal,datetime,10,10,0.0,0.0,False,10,auroc,0.595,0.49368120763238343,0.405
CORTEX,training.day8_days,PHENO,outcome,animal,numeric,10,10,0.0,0.0,False,6,auroc,0.6699999999999999,0.20269853574703167,0.33
CORTEX,training.day8time,PHENO,outcome,animal,time,10,10,0.0,0.0,False,17,auroc,0.595,0.49580527609991076,0.405
CORTEX,training.day8_treadmillspeed,PHENO,outcome,animal,numeric,10,10,0.0,0.0,False,3,auroc,1.0,4.73140726040938e-05,1.0
CORTEX,training.day8_treadmillincline,PHENO,outcome,animal,numeric,10,10,0.0,0.0,False,1,,,,
CORTEX,training.day8_timeontreadmill,PHENO,outcome,animal,numeric,10,10,0.0,0.0,False,2,auroc,1.0,1.593791168806624e-05,1.0
CORTEX,training.day8_posttrainlact,PHENO,outcome,animal,numeric,10,10,1.0,0.9,False,1,,,,
CORTEX,training.day8_score,PHENO,outcome,animal,numeric,10,10,1.0,0.0,True,3,,,,
CORTEX,training.day9date,PHENO,outcome,animal,datetime,10,10,0.0,0.0,False,10,auroc,0.595,0.49368120763238343,0.405
CORTEX,training.day9_days,PHENO,outcome,animal,numeric,10,10,0.0,0.0,False,6,auroc,0.6699999999999999,0.20269853574703167,0.33
CORTEX,training.day9time,PHENO,outcome,animal,time,10,10,0.0,0.0,False,15,auroc,0.64,0.3065784952080737,0.36
CORTEX,training.day9_treadmillspeed,PHENO,outcome,animal,numeric,10,10,0.0,0.0,False,3,auroc,1.0,4.73140726040938e-05,1.0
CORTEX,training.day9_treadmillincline,PHENO,outcome,animal,numeric,10,10,0.0,0.0,False,1,,,,
CORTEX,training.day9_timeontreadmill,PHENO,outcome,animal,numeric,10,10,0.0,0.0,False,2,auroc,1.0,1.593791168806624e-05,1.0
CORTEX,training.day9_posttrainlact,PHENO,outcome,animal,numeric,10,10,1.0,0.9,False,1,,,,
CORTEX,training.day9_score,PHENO,outcome,animal,numeric,10,10,1.0,0.0,True,3,,,,
CORTEX,training.day10date,PHENO,outcome,animal,datetime,10,10,0.0,0.0,False,10,auroc,0.595,0.49368120763238343,0.405
CORTEX,training.day10_days,PHENO,outcome,animal,numeric,10,10,0.0,0.0,False,6,auroc,0.6699999999999999,0.20269853574703167,0.33
CORTEX,training.day10time,PHENO,outcome,animal,time,10,10,0.0,0.0,False,15,auroc,0.65,0.27213326199524046,0.35
CORTEX,training.day10_treadmillspeed,PHENO,outcome,animal,numeric,10,10,0.0,0.0,False,3,auroc,1.0,4.73140726040938e-05,1.0
CORTEX,training.day10_treadmillincline,PHENO,outcome,animal,numeric,10,10,0.0,0.0,False,1,,,,
CORTEX,training.day10_timeontreadmill,PHENO,outcome,animal,numeric,10,10,0.0,0.0,False,2,auroc,1.0,1.593791168806624e-05,1.0
CORTEX,training.day10_posttrainlact,PHENO,outcome,animal,numeric,10,10,1.0,0.0,True,10,,,,
CORTEX,training.day10_score,PHENO,outcome,animal,numeric,10,10,1.0,0.0,True,3,,,,
CORTEX,training.day11date,PHENO,outcome,animal,datetime,10,10,0.0,0.0,False,10,auroc,0.595,0.49368120763238343,0.405
CORTEX,training.day11_days,PHENO,outcome,animal,numeric,10,10,0.0,0.0,False,6,auroc,0.6699999999999999,0.20269853574703167,0.33
CORTEX,training.day11time,PHENO,outcome,animal,time,10,10,0.0,0.0,False,13,auroc,0.625,0.3630802727156903,0.375
CORTEX,training.day11_treadmillspeed,PHENO,outcome,animal,numeric,10,10,0.0,0.0,False,3,auroc,1.0,4.73140726040938e-05,1.0
CORTEX,training.day11_treadmillincline,PHENO,outcome,animal,numeric,10,10,0.0,0.0,False,1,,,,
CORTEX,training.day11_timeontreadmill,PHENO,outcome,animal,numeric,10,10,0.0,0.0,False,2,auroc,1.0,1.593791168806624e-05,1.0
CORTEX,training.day11_weight,PHENO,outcome,animal,numeric,10,10,0.0,0.0,False,17,auroc,0.63,0.3441594615512613,0.37
CORTEX,training.day11_posttrainlact,PHENO,outcome,animal,numeric,10,10,1.0,0.0,True,7,,,,
CORTEX,training.day11_score,PHENO,outcome,animal,numeric,10,10,1.0,0.0,True,2,,,,
CORTEX,training.day12date,PHENO,outcome,animal,datetime,10,10,0.0,0.0,False,10,auroc,0.595,0.49368120763238343,0.405
CORTEX,training.day12_days,PHENO,outcome,animal,numeric,10,10,0.0,0.0,False,6,auroc,0.6699999999999999,0.20269853574703167,0.33
CORTEX,training.day12time,PHENO,outcome,animal,time,10,10,0.0,0.0,False,14,auroc,0.595,0.49531745351651635,0.405
CORTEX,training.day12_treadmillspeed,PHENO,outcome,animal,numeric,10,10,0.0,0.0,False,3,auroc,1.0,4.73140726040938e-05,1.0
CORTEX,training.day12_treadmillincline,PHENO,outcome,animal,numeric,10,10,0.0,0.0,False,1,,,,
CORTEX,training.day12_timeontreadmill,PHENO,outcome,animal,numeric,10,10,0.0,0.0,False,2,auroc,1.0,1.593791168806624e-05,1.0
CORTEX,training.day12_score,PHENO,outcome,animal,numeric,10,10,1.0,0.0,True,3,,,,
CORTEX,training.day13date,PHENO,outcome,animal,datetime,10,10,0.0,0.0,False,10,auroc,0.595,0.49368120763238343,0.405
CORTEX,training.day13_days,PHENO,outcome,animal,numeric,10,10,0.0,0.0,False,6,auroc,0.6699999999999999,0.20269853574703167,0.33
CORTEX,training.day13time,PHENO,outcome,animal,time,10,10,0.0,0.0,False,13,auroc,0.565,0.6492850242269921,0.435
CORTEX,training.day13_treadmillspeed,PHENO,outcome,animal,numeric,10,10,0.0,0.0,False,3,auroc,1.0,4.73140726040938e-05,1.0
CORTEX,training.day13_treadmillincline,PHENO,outcome,animal,numeric,10,10,0.0,0.0,False,1,,,,
CORTEX,training.day13_timeontreadmill,PHENO,outcome,animal,numeric,10,10,0.0,0.0,False,2,auroc,1.0,1.593791168806624e-05,1.0
CORTEX,training.day13_score,PHENO,outcome,animal,numeric,10,10,1.0,0.0,True,3,,,,
CORTEX,training.day14date,PHENO,outcome,animal,datetime,10,10,0.0,0.0,False,10,auroc,0.595,0.49368120763238343,0.405
CORTEX,training.day14_days,PHENO,outcome,animal,numeric,10,10,0.0,0.0,False,6,auroc,0.6699999999999999,0.20269853574703167,0.33
CORTEX,training.day14time,PHENO,outcome,animal,time,10,10,0.0,0.0,False,14,auroc,0.645,0.28882818034097146,0.355
CORTEX,training.day14_treadmillspeed,PHENO,outcome,animal,numeric,10,10,0.0,0.0,False,3,auroc,1.0,4.73140726040938e-05,1.0
CORTEX,training.day14_treadmillincline,PHENO,outcome,animal,numeric,10,10,0.0,0.0,False,1,,,,
CORTEX,training.day14_timeontreadmill,PHENO,outcome,animal,numeric,10,10,0.0,0.0,False,2,auroc,1.0,1.593791168806624e-05,1.0
CORTEX,training.day14_score,PHENO,outcome,animal,numeric,10,10,1.0,0.0,True,3,,,,
CORTEX,training.day15date,PHENO,outcome,animal,datetime,10,10,0.0,0.0,False,10,auroc,0.595,0.49368120763238343,0.405
CORTEX,training.day15_days,PHENO,outcome,animal,numeric,10,10,0.0,0.0,False,6,auroc,0.6699999999999999,0.20269853574703167,0.33
CORTEX,training.day15time,PHENO,outcome,animal,time,10,10,0.0,0.0,False,12,auroc,0.615,0.4030137617317201,0.385
CORTEX,training.day15_treadmillspeed,PHENO,outcome,animal,numeric,10,10,0.0,0.0,False,3,auroc,1.0,4.73140726040938e-05,1.0
CORTEX,training.day15_treadmillincline,PHENO,outcome,animal,numeric,10,10,0.0,0.0,False,1,,,,
CORTEX,training.day15_timeontreadmill,PHENO,outcome,animal,numeric,10,10,0.0,0.0,False,2,auroc,1.0,1.593791168806624e-05,1.0
CORTEX,training.day15_posttrainlact,PHENO,outcome,animal,numeric,10,10,1.0,0.0,True,7,,,,
CORTEX,training.day15_score,PHENO,outcome,animal,numeric,10,10,1.0,0.0,True,3,,,,
CORTEX,training.day16date,PHENO,outcome,animal,datetime,10,10,0.0,0.0,False,10,auroc,0.595,0.49368120763238343,0.405
CORTEX,training.day16_days,PHENO,outcome,animal,numeric,10,10,0.0,0.0,False,6,auroc,0.6699999999999999,0.20269853574703167,0.33
CORTEX,training.day16time,PHENO,outcome,animal,time,10,10,0.0,0.0,False,14,auroc,0.6599999999999999,0.24025816616664397,0.34
CORTEX,training.day16_treadmillspeed,PHENO,outcome,animal,numeric,10,10,0.0,0.0,False,3,auroc,1.0,4.73140726040938e-05,1.0
CORTEX,training.day16_treadmillincline,PHENO,outcome,animal,numeric,10,10,0.0,0.0,False,1,,,,
CORTEX,training.day16_timeontreadmill,PHENO,outcome,animal,numeric,10,10,0.0,0.0,False,2,auroc,1.0,1.593791168806624e-05,1.0
CORTEX,training.day16_weight,PHENO,outcome,animal,numeric,10,10,0.0,0.0,False,19,auroc,0.64,0.30730753272470845,0.36
CORTEX,training.day16_posttrainlact,PHENO,outcome,animal,numeric,10,10,1.0,0.0,True,7,,,,
CORTEX,training.day16_score,PHENO,outcome,animal,numeric,10,10,1.0,0.0,True,3,,,,
CORTEX,training.day17date,PHENO,outcome,animal,datetime,10,10,0.0,0.0,False,10,auroc,0.595,0.49368120763238343,0.405
CORTEX,training.day17_days,PHENO,outcome,animal,numeric,10,10,0.0,0.0,False,6,auroc,0.6699999999999999,0.20269853574703167,0.33
CORTEX,training.day17time,PHENO,outcome,animal,time,10,10,0.0,0.0,False,16,auroc,0.65,0.2723141220596529,0.35
CORTEX,training.day17_treadmillspeed,PHENO,outcome,animal,numeric,10,10,0.0,0.0,False,3,auroc,1.0,4.73140726040938e-05,1.0
CORTEX,training.day17_treadmillincline,PHENO,outcome,animal,numeric,10,10,0.0,0.0,False,1,,,,
CORTEX,training.day17_timeontreadmill,PHENO,outcome,animal,numeric,10,10,0.0,0.0,False,2,auroc,1.0,1.593791168806624e-05,1.0
CORTEX,training.day17_score,PHENO,outcome,animal,numeric,10,10,1.0,0.0,True,2,,,,
CORTEX,training.day18date,PHENO,outcome,animal,datetime,10,10,0.0,0.0,False,10,auroc,0.595,0.49368120763238343,0.405
CORTEX,training.day18_days,PHENO,outcome,animal,numeric,10,10,0.0,0.0,False,6,auroc,0.6699999999999999,0.20269853574703167,0.33
CORTEX,training.day18time,PHENO,outcome,animal,time,10,10,0.0,0.0,False,14,auroc,0.6599999999999999,0.24025816616664397,0.34
CORTEX,training.day18_treadmillspeed,PHENO,outcome,animal,numeric,10,10,0.0,0.0,False,3,auroc,1.0,4.73140726040938e-05,1.0
CORTEX,training.day18_treadmillincline,PHENO,outcome,animal,numeric,10,10,0.0,0.0,False,1,,,,
CORTEX,training.day18_timeontreadmill,PHENO,outcome,animal,numeric,10,10,0.0,0.0,False,2,auroc,1.0,1.593791168806624e-05,1.0
CORTEX,training.day18_score,PHENO,outcome,animal,numeric,10,10,1.0,0.0,True,3,,,,
CORTEX,training.day19date,PHENO,outcome,animal,datetime,10,10,0.0,0.0,False,10,auroc,0.595,0.49368120763238343,0.405
CORTEX,training.day19_days,PHENO,outcome,animal,numeric,10,10,0.0,0.0,False,6,auroc,0.6699999999999999,0.20269853574703167,0.33
CORTEX,training.day19time,PHENO,outcome,animal,time,10,10,0.0,0.0,False,13,auroc,0.675,0.19724189236240486,0.325
CORTEX,training.day19_treadmillspeed,PHENO,outcome,animal,numeric,10,10,0.0,0.0,False,3,auroc,1.0,4.73140726040938e-05,1.0
CORTEX,training.day19_treadmillincline,PHENO,outcome,animal,numeric,10,10,0.0,0.0,False,1,,,,
CORTEX,training.day19_timeontreadmill,PHENO,outcome,animal,numeric,10,10,0.0,0.0,False,2,auroc,1.0,1.593791168806624e-05,1.0
CORTEX,training.day19_score,PHENO,outcome,animal,numeric,10,10,1.0,0.0,True,3,,,,
CORTEX,training.day20date,PHENO,outcome,animal,datetime,10,10,0.0,0.0,False,10,auroc,0.595,0.49368120763238343,0.405
CORTEX,training.day20_days,PHENO,outcome,animal,numeric,10,10,0.0,0.0,False,6,auroc,0.6699999999999999,0.20269853574703167,0.33
CORTEX,training.day20time,PHENO,outcome,animal,time,10,10,0.0,0.0,False,15,auroc,0.73,0.08837244910755158,0.27
CORTEX,training.day20_treadmillspeed,PHENO,outcome,animal,numeric,10,10,0.0,0.0,False,3,auroc,1.0,4.73140726040938e-05,1.0
CORTEX,training.day20_treadmillincline,PHENO,outcome,animal,numeric,10,10,0.0,0.0,False,1,,,,
CORTEX,training.day20_timeontreadmill,PHENO,outcome,animal,numeric,10,10,0.0,0.0,False,2,auroc,1.0,1.593791168806624e-05,1.0
CORTEX,training.day20_posttrainlact,PHENO,outcome,animal,numeric,10,10,1.0,0.0,True,10,,,,
CORTEX,training.day20_score,PHENO,outcome,animal,numeric,10,10,1.0,0.0,True,3,,,,
CORTEX,training.day21date,PHENO,outcome,animal,datetime,10,10,0.0,0.0,False,10,auroc,0.595,0.49368120763238343,0.405
CORTEX,training.day21_days,PHENO,outcome,animal,numeric,10,10,0.0,0.0,False,6,auroc,0.6699999999999999,0.20269853574703167,0.33
CORTEX,training.day21time,PHENO,outcome,animal,time,10,10,0.0,0.0,False,14,auroc,0.6,0.47167410225493,0.4
CORTEX,training.day21_treadmillspeed,PHENO,outcome,animal,numeric,10,10,0.0,0.0,False,3,auroc,1.0,4.73140726040938e-05,1.0
CORTEX,training.day21_treadmillincline,PHENO,outcome,animal,numeric,10,10,0.0,0.0,False,1,,,,
CORTEX,training.day21_timeontreadmill,PHENO,outcome,animal,numeric,10,10,0.0,0.0,False,2,auroc,1.0,1.593791168806624e-05,1.0
CORTEX,training.day21_weight,PHENO,outcome,animal,numeric,10,10,0.0,0.0,False,18,auroc,0.6799999999999999,0.18554575077897684,0.32
CORTEX,training.day21_posttrainlact,PHENO,outcome,animal,numeric,10,10,1.0,0.0,True,9,,,,
CORTEX,training.day21_score,PHENO,outcome,animal,numeric,10,10,1.0,0.0,True,2,,,,
CORTEX,training.day22date,PHENO,outcome,animal,datetime,10,10,0.0,0.0,False,10,auroc,0.595,0.49368120763238343,0.405
CORTEX,training.day22_days,PHENO,outcome,animal,numeric,10,10,0.0,0.0,False,6,auroc,0.6699999999999999,0.20269853574703167,0.33
CORTEX,training.day22time,PHENO,outcome,animal,time,10,10,0.0,0.0,False,13,auroc,0.6699999999999999,0.210743206283741,0.33
CORTEX,training.day22_treadmillspeed,PHENO,outcome,animal,numeric,10,10,0.0,0.0,False,3,auroc,1.0,4.73140726040938e-05,1.0
CORTEX,training.day22_treadmillincline,PHENO,outcome,animal,numeric,10,10,0.0,0.0,False,1,,,,
CORTEX,training.day22_timeontreadmill,PHENO,outcome,animal,numeric,10,10,0.0,0.0,False,2,auroc,1.0,1.593791168806624e-05,1.0
CORTEX,training.day22_score,PHENO,outcome,animal,numeric,10,10,1.0,0.0,True,2,,,,
CORTEX,training.day23date,PHENO,outcome,animal,datetime,10,10,0.0,0.0,False,10,auroc,0.595,0.49368120763238343,0.405
CORTEX,training.day23_days,PHENO,outcome,animal,numeric,10,10,0.0,0.0,False,6,auroc,0.6699999999999999,0.20269853574703167,0.33
CORTEX,training.day23time,PHENO,outcome,animal,time,10,10,0.0,0.0,False,14,auroc,0.76,0.0533617780229716,0.24
CORTEX,training.day23_treadmillspeed,PHENO,outcome,animal,numeric,10,10,0.0,0.0,False,3,auroc,1.0,4.73140726040938e-05,1.0
CORTEX,training.day23_treadmillincline,PHENO,outcome,animal,numeric,10,10,0.0,0.0,False,1,,,,
CORTEX,training.day23_timeontreadmill,PHENO,outcome,animal,numeric,10,10,0.0,0.0,False,2,auroc,1.0,1.593791168806624e-05,1.0
CORTEX,training.day23_score,PHENO,outcome,animal,numeric,10,10,1.0,0.0,True,2,,,,
CORTEX,training.day24date,PHENO,outcome,animal,datetime,10,10,0.0,0.0,False,10,auroc,0.595,0.49368120763238343,0.405
CORTEX,training.day24_days,PHENO,outcome,animal,numeric,10,10,0.0,0.0,False,6,auroc,0.6699999999999999,0.20269853574703167,0.33
CORTEX,training.day24time,PHENO,outcome,animal,time,10,10,0.0,0.0,False,13,auroc,0.635,0.3228233890194294,0.365
CORTEX,training.day24_treadmillspeed,PHENO,outcome,animal,numeric,10,10,0.0,0.0,False,3,auroc,1.0,4.73140726040938e-05,1.0
CORTEX,training.day24_treadmillincline,PHENO,outcome,animal,numeric,10,10,0.0,0.0,False,1,,,,
CORTEX,training.day24_timeontreadmill,PHENO,outcome,animal,numeric,10,10,0.0,0.0,False,2,auroc,1.0,1.593791168806624e-05,1.0
CORTEX,training.day24_score,PHENO,outcome,animal,numeric,10,10,1.0,0.0,True,3,,,,
CORTEX,training.day25date,PHENO,outcome,animal,datetime,10,10,0.0,0.0,False,10,auroc,0.595,0.49368120763238343,0.405
CORTEX,training.day25_days,PHENO,outcome,animal,numeric,10,10,0.0,0.0,False,6,auroc,0.6699999999999999,0.20269853574703167,0.33
CORTEX,training.day25time,PHENO,outcome,animal,time,10,10,0.0,0.0,False,13,auroc,0.6799999999999999,0.18471693583376836,0.32
CORTEX,training.day25_treadmillspeed,PHENO,outcome,animal,numeric,10,10,0.0,0.0,False,3,auroc,1.0,4.73140726040938e-05,1.0
CORTEX,training.day25_treadmillincline,PHENO,outcome,animal,numeric,10,10,0.0,0.0,False,1,,,,
CORTEX,training.day25_timeontreadmill,PHENO,outcome,animal,numeric,10,10,0.0,0.0,False,2,auroc,1.0,1.593791168806624e-05,1.0
CORTEX,training.day25_posttrainlact,PHENO,outcome,animal,numeric,10,10,1.0,0.0,True,10,,,,
CORTEX,training.day25_score,PHENO,outcome,animal,numeric,10,10,1.0,0.0,True,3,,,,
CORTEX,training.day26date,PHENO,outcome,animal,datetime,10,10,0.0,0.0,False,10,auroc,0.595,0.49368120763238343,0.405
CORTEX,training.day26_days,PHENO,outcome,animal,numeric,10,10,0.0,0.0,False,6,auroc,0.6699999999999999,0.20269853574703167,0.33
CORTEX,training.day26time,PHENO,outcome,animal,time,10,10,0.0,0.0,False,13,auroc,0.65,0.2714085957758833,0.35
CORTEX,training.day26_treadmillspeed,PHENO,outcome,animal,numeric,10,10,0.0,0.0,False,3,auroc,1.0,4.73140726040938e-05,1.0
CORTEX,training.day26_treadmillincline,PHENO,outcome,animal,numeric,10,10,0.0,0.0,False,1,,,,
CORTEX,training.day26_timeontreadmill,PHENO,outcome,animal,numeric,10,10,0.0,0.0,False,2,auroc,1.0,1.593791168806624e-05,1.0
CORTEX,training.day26_weight,PHENO,outcome,animal,numeric,10,10,0.0,0.0,False,19,auroc,0.73,0.08885290847904961,0.27
CORTEX,training.day26_posttrainlact,PHENO,outcome,animal,numeric,10,10,1.0,0.0,True,10,,,,
CORTEX,training.day26_score,PHENO,outcome,animal,numeric,10,10,1.0,0.0,True,2,,,,
CORTEX,training.day27date,PHENO,outcome,animal,datetime,10,10,0.0,0.0,False,10,auroc,0.595,0.49368120763238343,0.405
CORTEX,training.day27_days,PHENO,outcome,animal,numeric,10,10,0.0,0.0,False,6,auroc,0.6699999999999999,0.20269853574703167,0.33
CORTEX,training.day27time,PHENO,outcome,animal,time,10,10,0.0,0.0,False,13,auroc,0.78,0.03713317558193916,0.22
CORTEX,training.day27_treadmillspeed,PHENO,outcome,animal,numeric,10,10,0.0,0.0,False,3,auroc,1.0,4.73140726040938e-05,1.0
CORTEX,training.day27_treadmillincline,PHENO,outcome,animal,numeric,10,10,0.0,0.0,False,1,,,,
CORTEX,training.day27_timeontreadmill,PHENO,outcome,animal,numeric,10,10,0.0,0.0,False,2,auroc,1.0,1.593791168806624e-05,1.0
CORTEX,training.day27_score,PHENO,outcome,animal,numeric,10,10,1.0,0.0,True,2,,,,
CORTEX,training.day28date,PHENO,outcome,animal,datetime,10,10,0.0,0.0,False,10,auroc,0.595,0.49368120763238343,0.405
CORTEX,training.day28_days,PHENO,outcome,animal,numeric,10,10,0.0,0.0,False,6,auroc,0.6699999999999999,0.20269853574703167,0.33
CORTEX,training.day28time,PHENO,outcome,animal,time,10,10,0.0,0.0,False,14,auroc,0.75,0.06322282935107827,0.25
CORTEX,training.day28_treadmillspeed,PHENO,outcome,animal,numeric,10,10,0.0,0.0,False,3,auroc,1.0,4.73140726040938e-05,1.0
CORTEX,training.day28_treadmillincline,PHENO,outcome,animal,numeric,10,10,0.0,0.0,False,1,,,,
CORTEX,training.day28_timeontreadmill,PHENO,outcome,animal,numeric,10,10,0.0,0.0,False,2,auroc,1.0,1.593791168806624e-05,1.0
CORTEX,training.day28_score,PHENO,outcome,animal,numeric,10,10,1.0,0.0,True,3,,,,
CORTEX,training.day29date,PHENO,outcome,animal,datetime,10,10,0.0,0.0,False,10,auroc,0.595,0.49368120763238343,0.405
CORTEX,training.day29_days,PHENO,outcome,animal,numeric,10,10,0.0,0.0,False,6,auroc,0.6699999999999999,0.20269853574703167,0.33
CORTEX,training.day29time,PHENO,outcome,animal,time,10,10,0.0,0.0,False,14,auroc,0.75,0.06322282935107827,0.25
CORTEX,training.day29_treadmillspeed,PHENO,outcome,animal,numeric,10,10,0.0,0.0,False,3,auroc,1.0,4.73140726040938e-05,1.0
CORTEX,training.day29_treadmillincline,PHENO,outcome,animal,numeric,10,10,0.0,0.0,False,1,,,,
CORTEX,training.day29_timeontreadmill,PHENO,outcome,animal,numeric,10,10,0.0,0.0,False,2,auroc,1.0,1.593791168806624e-05,1.0
CORTEX,training.day29_score,PHENO,outcome,animal,numeric,10,10,1.0,0.0,True,3,,,,
CORTEX,training.day30date,PHENO,outcome,animal,datetime,10,10,0.0,0.0,False,10,auroc,0.595,0.49368120763238343,0.405
CORTEX,training.day30_days,PHENO,outcome,animal,numeric,10,10,0.0,0.0,False,6,auroc,0.6699999999999999,0.20269853574703167,0.33
CORTEX,training.day30time,PHENO,outcome,animal,time,10,10,0.0,0.0,False,15,auroc,0.91,0.002160140722215307,0.09
CORTEX,training.day30_treadmillspeed,PHENO,outcome,animal,numeric,10,10,0.0,0.0,False,3,auroc,1.0,4.73140726040938e-05,1.0
CORTEX,training.day30_treadmillincline,PHENO,outcome,animal,numeric,10,10,0.0,0.0,False,1,,,,
CORTEX,training.day30_timeontreadmill,PHENO,outcome,animal,numeric,10,10,0.0,0.0,False,2,auroc,1.0,1.593791168806624e-05,1.0
CORTEX,training.day30_posttrainlact,PHENO,outcome,animal,numeric,10,10,1.0,0.0,True,7,,,,
CORTEX,training.day30_score,PHENO,outcome,animal,numeric,10,10,1.0,0.0,True,3,,,,
CORTEX,training.day31date,PHENO,outcome,animal,datetime,10,10,0.0,0.0,False,10,auroc,0.595,0.49368120763238343,0.405
CORTEX,training.day31_days,PHENO,outcome,animal,numeric,10,10,0.0,0.0,False,6,auroc,0.6699999999999999,0.20269853574703167,0.33
CORTEX,training.day31time,PHENO,outcome,animal,time,10,10,0.0,0.0,False,12,auroc,0.51,0.9697360424200406,0.49
CORTEX,training.day31_treadmillspeed,PHENO,outcome,animal,numeric,10,10,0.0,0.0,False,3,auroc,1.0,4.73140726040938e-05,1.0
CORTEX,training.day31_treadmillincline,PHENO,outcome,animal,numeric,10,10,0.0,0.0,False,1,,,,
CORTEX,training.day31_timeontreadmill,PHENO,outcome,animal,numeric,10,10,0.0,0.0,False,2,auroc,1.0,1.593791168806624e-05,1.0
CORTEX,training.day31_weight,PHENO,outcome,animal,numeric,10,10,0.0,0.0,False,19,auroc,0.745,0.06953745003698122,0.255
CORTEX,training.day31_posttrainlact,PHENO,outcome,animal,numeric,10,10,1.0,0.0,True,9,,,,
CORTEX,training.day31_score,PHENO,outcome,animal,numeric,10,10,1.0,0.0,True,2,,,,
CORTEX,training.day32date,PHENO,outcome,animal,datetime,10,10,0.0,0.0,False,10,auroc,0.595,0.49368120763238343,0.405
CORTEX,training.day32_days,PHENO,outcome,animal,numeric,10,10,0.0,0.0,False,6,auroc,0.6699999999999999,0.20269853574703167,0.33
CORTEX,training.day32time,PHENO,outcome,animal,time,10,10,0.0,0.0,False,13,auroc,0.73,0.0878919199518684,0.27
CORTEX,training.day32_treadmillspeed,PHENO,outcome,animal,numeric,10,10,0.0,0.0,False,3,auroc,1.0,4.73140726040938e-05,1.0
CORTEX,training.day32_treadmillincline,PHENO,outcome,animal,numeric,10,10,0.0,0.0,False,1,,,,
CORTEX,training.day32_timeontreadmill,PHENO,outcome,animal,numeric,10,10,0.0,0.0,False,2,auroc,1.0,1.593791168806624e-05,1.0
CORTEX,training.day32_score,PHENO,outcome,animal,numeric,10,10,1.0,0.0,True,2,,,,
CORTEX,training.day33date,PHENO,outcome,animal,datetime,10,10,0.0,0.0,False,10,auroc,0.595,0.49368120763238343,0.405
CORTEX,training.day33_days,PHENO,outcome,animal,numeric,10,10,0.0,0.0,False,6,auroc,0.6699999999999999,0.20269853574703167,0.33
CORTEX,training.day33time,PHENO,outcome,animal,time,10,10,0.0,0.0,False,11,auroc,0.69,0.15991613152481754,0.31
CORTEX,training.day33_treadmillspeed,PHENO,outcome,animal,numeric,10,10,0.0,0.0,False,3,auroc,1.0,4.73140726040938e-05,1.0
CORTEX,training.day33_treadmillincline,PHENO,outcome,animal,numeric,10,10,0.0,0.0,False,1,,,,
CORTEX,training.day33_timeontreadmill,PHENO,outcome,animal,numeric,10,10,0.0,0.0,False,2,auroc,1.0,1.593791168806624e-05,1.0
CORTEX,training.day33_score,PHENO,outcome,animal,numeric,10,10,1.0,0.0,True,3,,,,
CORTEX,training.day34date,PHENO,outcome,animal,datetime,10,10,0.0,0.0,False,10,auroc,0.595,0.49368120763238343,0.405
CORTEX,training.day34_days,PHENO,outcome,animal,numeric,10,10,0.0,0.0,False,6,auroc,0.6699999999999999,0.20269853574703167,0.33
CORTEX,training.day34time,PHENO,outcome,animal,time,10,10,0.0,0.0,False,11,auroc,0.625,0.3601593837295177,0.375
CORTEX,training.day34_treadmillspeed,PHENO,outcome,animal,numeric,10,10,0.0,0.0,False,3,auroc,1.0,4.73140726040938e-05,1.0
CORTEX,training.day34_treadmillincline,PHENO,outcome,animal,numeric,10,10,0.0,0.0,False,1,,,,
CORTEX,training.day34_timeontreadmill,PHENO,outcome,animal,numeric,10,10,0.0,0.0,False,2,auroc,1.0,1.593791168806624e-05,1.0
CORTEX,training.day34_score,PHENO,outcome,animal,numeric,10,10,1.0,0.0,True,2,,,,
CORTEX,training.day35date,PHENO,outcome,animal,datetime,10,10,0.0,0.0,False,10,auroc,0.595,0.49368120763238343,0.405
CORTEX,training.day35_days,PHENO,outcome,animal,numeric,10,10,0.0,0.0,False,6,auroc,0.6699999999999999,0.20269853574703167,0.33
CORTEX,training.day35time,PHENO,outcome,animal,time,10,10,0.0,0.0,False,14,auroc,0.64,0.3060303039357849,0.64
CORTEX,training.day35_treadmillspeed,PHENO,outcome,animal,numeric,10,10,0.0,0.0,False,3,auroc,1.0,4.73140726040938e-05,1.0
CORTEX,training.day35_treadmillincline,PHENO,outcome,animal,numeric,10,10,0.0,0.0,False,1,,,,
CORTEX,training.day35_timeontreadmill,PHENO,outcome,animal,numeric,10,10,0.0,0.0,False,2,auroc,1.0,1.593791168806624e-05,1.0
CORTEX,training.day35_posttrainlact,PHENO,outcome,animal,numeric,10,10,1.0,0.0,True,10,,,,
CORTEX,training.day35_score,PHENO,outcome,animal,numeric,10,10,1.0,0.0,True,2,,,,
CORTEX,training.day36date,PHENO,outcome,animal,datetime,10,10,0.0,0.0,False,10,auroc,0.595,0.49368120763238343,0.405
CORTEX,training.day36_days,PHENO,outcome,animal,numeric,10,10,0.0,0.0,False,6,auroc,0.6699999999999999,0.20269853574703167,0.33
CORTEX,training.day36time,PHENO,outcome,animal,time,10,10,0.6,0.5,False,9,auroc,0.95,0.031746031746031744,0.05
CORTEX,training.day36_weight,PHENO,outcome,animal,numeric,10,10,0.0,0.0,False,19,auroc,0.73,0.08885290847904961,0.27
CORTEX,training.day37date,PHENO,outcome,animal,datetime,10,10,0.0,0.0,False,10,auroc,0.595,0.49368120763238343,0.405
CORTEX,training.day37_days,PHENO,outcome,animal,numeric,10,10,0.0,0.0,False,6,auroc,0.6699999999999999,0.20269853574703167,0.33
CORTEX,training.day37time,PHENO,outcome,animal,time,10,10,0.0,0.0,False,12,auroc,0.53,0.8493210400200102,0.47
CORTEX,training.day37_treadmillspeed,PHENO,outcome,animal,numeric,10,10,0.0,0.0,False,3,auroc,1.0,4.73140726040938e-05,1.0
CORTEX,training.day37_treadmillincline,PHENO,outcome,animal,numeric,10,10,0.0,0.0,False,1,,,,
CORTEX,training.day37_timeontreadmill,PHENO,outcome,animal,numeric,10,10,0.0,0.0,False,2,auroc,1.0,1.593791168806624e-05,1.0
CORTEX,training.day37_score,PHENO,outcome,animal,numeric,10,10,1.0,0.0,True,3,,,,
CORTEX,training.day38date,PHENO,outcome,animal,datetime,10,10,0.0,0.0,False,10,auroc,0.595,0.49368120763238343,0.405
CORTEX,training.day38_days,PHENO,outcome,animal,numeric,10,10,0.0,0.0,False,6,auroc,0.6699999999999999,0.20269853574703167,0.33
CORTEX,training.day38time,PHENO,outcome,animal,time,10,10,0.0,0.0,False,12,auroc,0.74,0.0745620127879839,0.26
CORTEX,training.day38_treadmillspeed,PHENO,outcome,animal,numeric,10,10,0.0,0.0,False,3,auroc,1.0,4.73140726040938e-05,1.0
CORTEX,training.day38_treadmillincline,PHENO,outcome,animal,numeric,10,10,0.0,0.0,False,1,,,,
CORTEX,training.day38_timeontreadmill,PHENO,outcome,animal,numeric,10,10,0.0,0.0,False,2,auroc,1.0,1.593791168806624e-05,1.0
CORTEX,training.day38_score,PHENO,outcome,animal,numeric,10,10,1.0,0.0,True,3,,,,
CORTEX,training.day39date,PHENO,outcome,animal,datetime,10,10,0.0,0.0,False,10,auroc,0.595,0.49368120763238343,0.405
CORTEX,training.day39_days,PHENO,outcome,animal,numeric,10,10,0.0,0.0,False,6,auroc,0.6699999999999999,0.20269853574703167,0.33
CORTEX,training.day39time,PHENO,outcome,animal,time,10,10,0.0,0.0,False,11,auroc,0.605,0.4465992698288942,0.605
CORTEX,training.day39_treadmillspeed,PHENO,outcome,animal,numeric,10,10,0.0,0.0,False,3,auroc,1.0,4.73140726040938e-05,1.0
CORTEX,training.day39_treadmillincline,PHENO,outcome,animal,numeric,10,10,0.0,0.0,False,1,,,,
CORTEX,training.day39_timeontreadmill,PHENO,outcome,animal,numeric,10,10,0.0,0.0,False,2,auroc,1.0,1.593791168806624e-05,1.0
CORTEX,training.day39_posttrainlact,PHENO,outcome,animal,numeric,10,10,1.0,0.9,False,1,,,,
CORTEX,training.day39_score,PHENO,outcome,animal,numeric,10,10,1.0,0.0,True,2,,,,
CORTEX,training.day40date,PHENO,outcome,animal,datetime,10,10,0.0,0.0,False,10,auroc,0.595,0.49368120763238343,0.405
CORTEX,training.day40_days,PHENO,outcome,animal,numeric,10,10,0.0,0.0,False,6,auroc,0.6699999999999999,0.20269853574703167,0.33
CORTEX,training.day40time,PHENO,outcome,animal,time,10,10,0.0,0.0,False,10,auroc,0.6,0.4679532454588272,0.6
CORTEX,training.day40_treadmillspeed,PHENO,outcome,animal,numeric,10,10,0.0,0.0,False,3,auroc,1.0,4.73140726040938e-05,1.0
CORTEX,training.day40_treadmillincline,PHENO,outcome,animal,numeric,10,10,0.0,0.0,False,1,,,,
CORTEX,training.day40_timeontreadmill,PHENO,outcome,animal,numeric,10,10,0.0,0.0,False,3,auroc,1.0,2.4281747324754767e-05,1.0
CORTEX,training.day40_posttrainlact,PHENO,outcome,animal,numeric,10,10,1.0,0.2,True,8,,,,
CORTEX,training.day40_score,PHENO,outcome,animal,numeric,10,10,1.0,0.0,True,3,,,,
CORTEX,vo2.max.test.d_visit_1,PHENO,outcome,animal,datetime,10,10,0.0,0.0,False,9,auroc,0.5449999999999999,0.7608820121117055,0.455
CORTEX,vo2.max.test.days_visit_1,PHENO,outcome,animal,numeric,10,10,0.0,0.0,False,5,auroc,0.605,0.437369328274008,0.395
CORTEX,vo2.max.test.staffid_1,PHENO,outcome,animal,numeric,10,10,0.0,0.0,False,1,,,,
CORTEX,vo2.max.test.siteid_1,PHENO,outcome,animal,categorical,10,10,0.0,0.0,False,1,,,,
CORTEX,vo2.max.test.d_vo2_1,PHENO,outcome,animal,datetime,10,10,0.0,0.0,False,9,auroc,0.5449999999999999,0.7608820121117055,0.455
CORTEX,vo2.max.test.days_vo2_1,PHENO,outcome,animal,numeric,10,10,0.0,0.0,False,5,auroc,0.605,0.437369328274008,0.395
CORTEX,vo2.max.test.t_vo2_1,PHENO,outcome,animal,time,10,10,0.0,0.0,False,20,auroc,0.61,0.4273553138978077,0.61
CORTEX,vo2.max.test.blactate_begin_1,PHENO,outcome,animal,numeric,10,10,0.0,0.0,False,12,auroc,0.505,1.0,0.495
CORTEX,vo2.max.test.vo2_max_1,PHENO,outcome,animal,numeric,10,10,0.0,0.0,False,19,auroc,0.56,0.6774705127728922,0.56
CORTEX,vo2.max.test.vco2_max_1,PHENO,outcome,animal,numeric,10,10,0.0,0.0,False,20,auroc,0.53,0.8501067391385259,0.53
CORTEX,vo2.max.test.rer_max_1,PHENO,outcome,animal,numeric,10,10,0.0,0.0,False,12,auroc,0.655,0.25215043140011917,0.345
CORTEX,vo2.max.test.speed_max_1,PHENO,outcome,animal,numeric,10,10,0.0,0.0,False,5,auroc,0.5700000000000001,0.6136866325937949,0.43
CORTEX,vo2.max.test.t_complete_1,PHENO,outcome,animal,time,10,10,0.0,0.0,False,20,auroc,0.61,0.4273553138978077,0.61
CORTEX,vo2.max.test.blactate_end_1,PHENO,outcome,animal,numeric,10,10,0.0,0.0,False,20,auroc,0.53,0.8501067391385259,0.47
CORTEX,vo2.max.test.vo2_comments_1,PHENO,outcome,animal,categorical,10,10,0.9,0.8,False,3,cramers_v,1.0,0.22313016014842982,
CORTEX,vo2.max.test.d_visit_2,PHENO,outcome,animal,datetime,10,10,0.0,0.0,False,10,auroc,0.595,0.49368120763238343,0.405
CORTEX,vo2.max.test.days_visit_2,PHENO,outcome,animal,numeric,10,10,0.0,0.0,False,6,auroc,0.6699999999999999,0.20269853574703167,0.33
CORTEX,vo2.max.test.staffid_2,PHENO,outcome,animal,numeric,10,10,0.0,0.0,False,1,,,,
CORTEX,vo2.max.test.siteid_2,PHENO,outcome,animal,categorical,10,10,0.0,0.0,False,1,,,,
CORTEX,vo2.max.test.d_vo2_2,PHENO,outcome,animal,datetime,10,10,0.0,0.0,False,10,auroc,0.595,0.49368120763238343,0.405
CORTEX,vo2.max.test.days_vo2_2,PHENO,outcome,animal,numeric,10,10,0.0,0.0,False,6,auroc,0.6699999999999999,0.20269853574703167,0.33
CORTEX,vo2.max.test.t_vo2_2,PHENO,outcome,animal,time,10,10,0.0,0.0,False,20,auroc,0.87,0.00579535854433471,0.13
CORTEX,vo2.max.test.blactate_begin_2,PHENO,outcome,animal,numeric,10,10,0.0,0.0,False,11,auroc,0.735,0.0803732234511474,0.735
CORTEX,vo2.max.test.vo2_max_2,PHENO,outcome,animal,numeric,10,10,0.0,0.0,False,20,auroc,0.98,0.0003298385207779935,0.98
CORTEX,vo2.max.test.vco2_max_2,PHENO,outcome,animal,numeric,10,10,0.0,0.0,False,20,auroc,0.96,0.0005828399431792745,0.96
CORTEX,vo2.max.test.rer_max_2,PHENO,outcome,animal,numeric,10,10,0.0,0.0,False,9,auroc,0.55,0.731388289202564,0.45
CORTEX,vo2.max.test.speed_max_2,PHENO,outcome,animal,numeric,10,10,0.0,0.0,False,7,auroc,1.0,0.00015116251249145356,1.0
CORTEX,vo2.max.test.t_complete_2,PHENO,outcome,animal,time,10,10,0.0,0.0,False,20,auroc,0.84,0.011329696684474666,0.16
CORTEX,vo2.max.test.blactate_end_2,PHENO,outcome,animal,numeric,10,10,0.0,0.0,False,18,auroc,0.65,0.2726754751925152,0.35
CORTEX,vo2.max.test.vo2_comments_2,PHENO,outcome,animal,empty,10,10,1.0,1.0,False,0,,,,
CORTEX,calculated.variables.pct_body_fat_change,PHENO,outcome,animal,numeric,10,10,0.0,0.0,False,18,auroc,0.87,0.005758630532614327,0.13
CORTEX,calculated.variables.pct_body_lean_change,PHENO,outcome,animal,numeric,10,10,0.0,0.0,False,19,auroc,0.785,0.034226150579334216,0.785
CORTEX,calculated.variables.pct_body_fluid_change,PHENO,outcome,animal,numeric,10,10,0.0,0.0,False,12,auroc,0.745,0.06785982444191624,0.255
CORTEX,calculated.variables.lactate_change_dueto_train,PHENO,outcome,animal,numeric,10,10,0.0,0.0,False,17,auroc,0.675,0.1982578062948097,0.325
CORTEX,calculated.variables.vo2_max_change,PHENO,outcome,animal,numeric,10,10,0.0,0.0,False,19,auroc,0.96,0.0005800603714706723,0.96
CORTEX,calculated.variables.coll_time_train,PHENO,collection,vial,numeric,10,10,0.0,0.0,False,20,auroc,0.5,1.0,0.5
CORTEX,calculated.variables.deathtime_after_train,PHENO,collection,animal,numeric,10,10,0.0,0.0,False,20,auroc,0.5,1.0,0.5
CORTEX,calculated.variables.frozetime_after_train,PHENO,collection,vial,numeric,10,10,0.0,0.0,False,20,auroc,0.5,1.0,0.5
CORTEX,specimen.processing.siteid,PHENO,collection,animal,categorical,10,10,0.0,0.0,False,1,,,,
CORTEX,specimen.processing.samplenumber,PHENO,collection,vial,numeric,10,10,0.0,0.0,False,1,,,,
CORTEX,specimen.processing.timepoint,PHENO,collection,animal,numeric,10,10,0.0,0.0,False,1,,,,
CORTEX,specimen.processing.volume,PHENO,collection,vial,categorical,10,10,0.0,0.0,False,1,,,,
CORTEX,specimen.processing.hemolyzed,PHENO,collection,animal,empty,10,10,1.0,1.0,False,0,,,,
CORTEX,specimen.processing.t_collection,PHENO,collection,vial,time,10,10,0.0,0.0,False,20,auroc,0.58,0.5707503880581739,0.58
CORTEX,specimen.processing.t_edtaspin,PHENO,collection,animal,empty,10,10,1.0,1.0,False,0,,,,
CORTEX,specimen.processing.t_freeze,PHENO,collection,vial,time,10,10,0.0,0.0,False,20,auroc,0.58,0.5707503880581739,0.58
CORTEX,specimen.processing.techid,PHENO,collection,vial,categorical,10,10,0.0,0.0,False,1,,,,
CORTEX,biclabeldata.shiptositeid,PHENO,collection,vial,categorical,10,10,0.0,0.0,False,1,,,,
CORTEX,biclabeldata.received_cas,PHENO,collection,animal,categorical,10,10,0.0,0.0,False,1,,,,
CORTEX,biclabeldata.protocol,PHENO,design,animal,categorical,10,10,0.0,0.0,False,1,,,,
CORTEX,study_group_timepoint,PHENO,design,animal,categorical,10,10,0.0,0.0,False,2,cramers_v,1.0,1.082508822446903e-05,
CORTEX,sacrificetime,PHENO,design,animal,categorical,10,10,0.0,0.0,False,1,,,,
CORTEX,intervention,PHENO,design,animal,categorical,10,10,0.0,0.0,False,2,cramers_v,1.0,1.082508822446903e-05,
CORTEX,time_to_freeze,PHENO,collection,vial,numeric,10,10,0.0,0.0,False,20,auroc,0.6,0.47267559351158717,0.6
CORTEX,GET_site,meta/TRNSCRPT,library,vial,categorical,10,10,0.0,0.0,False,1,,,,
CORTEX,RNA_extr_plate_ID,meta/TRNSCRPT,library,vial,categorical,10,10,0.0,0.0,False,1,,,,
CORTEX,RNA_extr_date,meta/TRNSCRPT,library,vial,datetime,10,10,0.0,0.0,False,1,,,,
CORTEX,RNA_extr_conc,meta/TRNSCRPT,library,vial,numeric,10,10,0.0,0.0,False,20,auroc,0.7,0.14046504815835498,0.7
CORTEX,RIN,meta/TRNSCRPT,library,vial,numeric,10,10,0.0,0.0,False,8,auroc,0.78,0.03500176693791623,0.22
CORTEX,r_260_280,meta/TRNSCRPT,library,vial,numeric,10,10,0.8,1.0,False,2,,,,
CORTEX,r_260_230,meta/TRNSCRPT,library,vial,numeric,10,10,0.8,1.0,False,2,,,,
CORTEX,Lib_prep_date,meta/TRNSCRPT,library,vial,datetime,10,10,0.0,0.0,False,1,,,,
CORTEX,Lib_RNA_conc,meta/TRNSCRPT,library,vial,numeric,10,10,0.0,0.0,False,1,,,,
CORTEX,Lib_RNA_vol,meta/TRNSCRPT,library,vial,numeric,10,10,0.0,0.0,False,1,,,,
CORTEX,Lib_robot,meta/TRNSCRPT,library,vial,categorical,10,10,0.0,0.0,False,1,,,,
CORTEX,Lib_vendor,meta/TRNSCRPT,library,vial,categorical,10,10,0.0,0.0,False,1,,,,
CORTEX,Lib_type,meta/TRNSCRPT,library,vial,categorical,10,10,0.0,0.0,False,1,,,,
CORTEX,Lib_kit_id,meta/TRNSCRPT,library,vial,categorical,10,10,0.0,0.0,False,1,,,,
CORTEX,Lib_batch_ID,meta/TRNSCRPT,library,vial,categorical,10,10,0.0,0.0,False,1,,,,
CORTEX,Lib_barcode_well,meta/TRNSCRPT,library,vial,categorical,10,10,0.0,0.0,False,20,cramers_v,1.0,0.39457818208600104,
CORTEX,Lib_index_1,meta/TRNSCRPT,library,vial,categorical,10,10,0.0,0.0,False,20,cramers_v,1.0,0.39457818208600104,
CORTEX,Lib_index_2,meta/TRNSCRPT,library,vial,categorical,10,10,0.0,0.0,False,20,cramers_v,1.0,0.39457818208600104,
CORTEX,Lib_adapter_1,meta/TRNSCRPT,library,vial,categorical,10,10,0.0,0.0,False,1,,,,
CORTEX,Lib_adapter_2,meta/TRNSCRPT,library,vial,categorical,10,10,0.0,0.0,False,1,,,,
CORTEX,Lib_UMI_cycle_num,meta/TRNSCRPT,library,vial,numeric,10,10,0.0,0.0,False,1,,,,
CORTEX,Lib_adapter_size,meta/TRNSCRPT,library,vial,numeric,10,10,0.0,0.0,False,1,,,,
CORTEX,Lib_frag_size,meta/TRNSCRPT,library,vial,numeric,10,10,0.0,0.0,False,10,auroc,0.655,0.2543242938823598,0.655
CORTEX,Lib_DNA_conc,meta/TRNSCRPT,library,vial,numeric,10,10,0.0,0.0,False,20,auroc,0.6,0.47267559351158717,0.6
CORTEX,Lib_molarity,meta/TRNSCRPT,library,vial,numeric,10,10,0.0,0.0,False,20,auroc,0.59,0.5205228832757727,0.59
CORTEX,Seq_platform,meta/TRNSCRPT,library,vial,categorical,10,10,0.0,0.0,False,1,,,,
CORTEX,Seq_date,meta/TRNSCRPT,library,vial,numeric,10,10,0.0,0.0,False,1,,,,
CORTEX,Seq_machine_ID,meta/TRNSCRPT,library,vial,categorical,10,10,0.0,0.0,False,1,,,,
CORTEX,Seq_flowcell_ID,meta/TRNSCRPT,library,vial,categorical,10,10,0.0,0.0,False,1,,,,
CORTEX,Seq_flowcell_run,meta/TRNSCRPT,library,vial,numeric,10,10,0.0,0.0,False,1,,,,
CORTEX,Seq_flowcell_lane,meta/TRNSCRPT,library,vial,categorical,10,10,0.0,0.0,False,1,,,,
CORTEX,Seq_flowcell_type,meta/TRNSCRPT,library,vial,categorical,10,10,0.0,0.0,False,1,,,,
CORTEX,Seq_length,meta/TRNSCRPT,library,vial,numeric,10,10,0.0,0.0,False,1,,,,
CORTEX,Seq_end_type,meta/TRNSCRPT,library,vial,numeric,10,10,0.0,0.0,False,1,,,,
CORTEX,Seq_batch,meta/TRNSCRPT,library,vial,categorical,10,10,0.0,0.0,False,1,,,,
CORTEX,reads_raw,meta/TRNSCRPT,depth,vial,numeric,10,10,0.0,0.0,False,20,auroc,0.54,0.7913367801006604,0.54
CORTEX,pct_adapter_detected,meta/TRNSCRPT,qc,vial,numeric,10,10,0.0,0.0,False,17,auroc,0.5700000000000001,0.6225213993195784,0.43
CORTEX,pct_trimmed,meta/TRNSCRPT,qc,vial,numeric,10,10,0.0,0.0,False,16,auroc,0.745,0.0690128524127314,0.745
CORTEX,pct_trimmed_bases,meta/TRNSCRPT,qc,vial,numeric,10,10,0.0,0.0,False,20,auroc,0.56,0.6775849579524755,0.44
CORTEX,reads,meta/TRNSCRPT,depth,vial,numeric,10,10,0.0,0.0,False,20,auroc,0.54,0.7913367801006604,0.54
CORTEX,pct_GC,meta/TRNSCRPT,qc,vial,numeric,10,10,0.0,0.0,False,2,auroc,0.6,0.16748875557485465,0.6
CORTEX,pct_dup_sequence,meta/TRNSCRPT,qc,vial,numeric,10,10,0.0,0.0,False,20,auroc,0.51,0.9698499769931556,0.51
CORTEX,pct_rRNA,meta/TRNSCRPT,qc,vial,numeric,10,10,0.0,0.0,False,18,auroc,0.575,0.5964249614572503,0.425
CORTEX,pct_globin,meta/TRNSCRPT,qc,vial,numeric,10,10,0.0,0.0,False,13,auroc,0.675,0.1960527535231158,0.675
CORTEX,pct_phix,meta/TRNSCRPT,qc,vial,numeric,10,10,0.0,0.0,False,1,,,,
CORTEX,pct_picard_dup,meta/TRNSCRPT,qc,vial,numeric,10,10,0.0,0.0,False,20,auroc,0.51,0.9698499769931556,0.51
CORTEX,pct_umi_dup,meta/TRNSCRPT,qc,vial,numeric,10,10,0.0,0.0,False,20,auroc,0.52,0.9097218891455553,0.48
CORTEX,avg_input_read_length,meta/TRNSCRPT,qc,vial,numeric,10,10,0.0,0.0,False,2,auroc,0.5,1.0,0.5
CORTEX,uniquely_mapped,meta/TRNSCRPT,depth,vial,numeric,10,10,0.0,0.0,False,20,auroc,0.55,0.7337299956962472,0.55
CORTEX,pct_uniquely_mapped,meta/TRNSCRPT,qc,vial,numeric,10,10,0.0,0.0,False,20,auroc,0.59,0.5205228832757727,0.59
CORTEX,avg_mapped_read_length,meta/TRNSCRPT,qc,vial,numeric,10,10,0.0,0.0,False,19,auroc,0.565,0.6500246299061012,0.565
CORTEX,num_splices,meta/TRNSCRPT,depth,vial,numeric,10,10,0.0,0.0,False,20,auroc,0.55,0.7337299956962472,0.55
CORTEX,num_annotated_splices,meta/TRNSCRPT,depth,vial,numeric,10,10,0.0,0.0,False,20,auroc,0.55,0.7337299956962472,0.55
CORTEX,num_GTAG_splices,meta/TRNSCRPT,depth,vial,numeric,10,10,0.0,0.0,False,20,auroc,0.55,0.7337299956962472,0.55
CORTEX,num_GCAG_splices,meta/TRNSCRPT,depth,vial,numeric,10,10,0.0,0.0,False,20,auroc,0.57,0.6231762238821174,0.57
CORTEX,num_ATAC_splices,meta/TRNSCRPT,depth,vial,numeric,10,10,0.0,0.0,False,20,auroc,0.51,0.9698499769931556,0.51
CORTEX,num_noncanonical_splices,meta/TRNSCRPT,depth,vial,numeric,10,10,0.0,0.0,False,20,auroc,0.57,0.6231762238821174,0.57
CORTEX,pct_multimapped,meta/TRNSCRPT,qc,vial,numeric,10,10,0.0,0.0,False,16,auroc,0.55,0.7333439595749962,0.55
CORTEX,pct_multimapped_toomany,meta/TRNSCRPT,qc,vial,numeric,10,10,0.0,0.0,False,5,auroc,0.5549999999999999,0.6893424234009076,0.445
CORTEX,pct_unmapped_mismatches,meta/TRNSCRPT,qc,vial,numeric,10,10,0.0,0.0,False,1,,,,
CORTEX,pct_unmapped_tooshort,meta/TRNSCRPT,qc,vial,numeric,10,10,0.0,0.0,False,19,auroc,0.6,0.472509068324386,0.4
CORTEX,pct_unmapped_other,meta/TRNSCRPT,qc,vial,numeric,10,10,0.0,0.0,False,3,auroc,0.5,1.0,0.5
CORTEX,pct_chimeric,meta/TRNSCRPT,qc,vial,numeric,10,10,0.0,0.0,False,1,,,,
CORTEX,pct_chrX,meta/TRNSCRPT,qc,vial,numeric,10,10,0.0,0.0,False,20,auroc,0.56,0.6775849579524755,0.44
CORTEX,pct_chrY,meta/TRNSCRPT,qc,vial,numeric,10,10,0.0,0.0,False,19,auroc,0.575,0.5965631597626195,0.575
CORTEX,pct_chrM,meta/TRNSCRPT,qc,vial,numeric,10,10,0.0,0.0,False,20,auroc,0.65,0.27303633975118835,0.65
CORTEX,pct_chrAuto,meta/TRNSCRPT,qc,vial,numeric,10,10,0.0,0.0,False,19,auroc,0.625,0.36416573464017177,0.375
CORTEX,pct_contig,meta/TRNSCRPT,qc,vial,numeric,10,10,0.0,0.0,False,15,auroc,0.5800000000000001,0.5700245022172045,0.42
CORTEX,pct_coding,meta/TRNSCRPT,qc,vial,numeric,10,10,0.0,0.0,False,19,auroc,0.67,0.21212191786139534,0.67
CORTEX,pct_utr,meta/TRNSCRPT,qc,vial,numeric,10,10,0.0,0.0,False,20,auroc,0.5900000000000001,0.5205228832757727,0.41
CORTEX,pct_intronic,meta/TRNSCRPT,qc,vial,numeric,10,10,0.0,0.0,False,20,auroc,0.51,0.9698499769931556,0.51
CORTEX,pct_intergenic,meta/TRNSCRPT,qc,vial,numeric,10,10,0.0,0.0,False,20,auroc,0.51,0.9698499769931556,0.51
CORTEX,pct_mrna,meta/TRNSCRPT,qc,vial,numeric,10,10,0.0,0.0,False,20,auroc,0.53,0.8501067391385259,0.53
CORTEX,median_5_3_bias,meta/TRNSCRPT,qc,vial,numeric,10,10,0.0,0.0,False,20,auroc,0.64,0.3074894566186813,0.36
CORTEX,Lib_barcode_well_row,meta/TRNSCRPT,library,vial,numeric,10,10,0.0,0.0,False,8,auroc,0.615,0.4021175978364985,0.615
CORTEX,Lib_barcode_well_col,meta/TRNSCRPT,library,vial,numeric,10,10,0.0,0.0,False,3,auroc,0.5800000000000001,0.5424086835165952,0.42
CORTEX,tmt_plex,meta/PROT,processing,vial,categorical,10,10,0.0,0.0,False,6,cramers_v,0.25819888974716115,0.9314646171334655,
CORTEX,tmt11_channel,meta/PROT,processing,vial,categorical,10,10,0.0,0.0,False,10,cramers_v,0.5477225575051661,0.7399182920946539,
HEART,key.protocol,PHENO,design,animal,categorical,10,10,0.0,0.0,False,1,,,,
HEART,key.agegroup,PHENO,design,animal,categorical,10,10,0.0,0.0,False,1,,,,
HEART,key.d_arrive,PHENO,collection,animal,datetime,10,10,0.0,0.0,False,2,auroc,0.5,1.0,0.5
HEART,key.d_sacrifice,PHENO,collection,animal,datetime,10,10,0.0,0.0,False,10,auroc,0.595,0.49368120763238343,0.405
HEART,key.intervention,PHENO,design,animal,categorical,10,10,0.0,0.0,False,2,cramers_v,1.0,1.082508822446903e-05,
HEART,key.sacrificetime,PHENO,design,animal,categorical,10,10,0.0,0.0,False,1,,,,
HEART,key.anirandgroup,PHENO,design,animal,categorical,10,10,0.0,0.0,False,2,cramers_v,1.0,1.082508822446903e-05,
HEART,key.siteid,PHENO,collection,animal,categorical,10,10,0.0,0.0,False,1,,,,
HEART,familiarization.d_visit,PHENO,baseline,animal,datetime,10,10,0.0,0.0,False,2,auroc,0.5,1.0,0.5
HEART,familiarization.days_visit,PHENO,baseline,animal,numeric,10,10,0.0,0.0,False,1,,,,
HEART,familiarization.staffid,PHENO,baseline,animal,numeric,10,10,0.0,0.0,False,1,,,,
HEART,familiarization.siteid,PHENO,baseline,animal,categorical,10,10,0.0,0.0,False,1,,,,
HEART,familiarization.d_treadmillbegin,PHENO,baseline,animal,datetime,10,10,0.0,0.0,False,2,auroc,0.5,1.0,0.5
HEART,familiarization.days_treadmillbegin,PHENO,baseline,animal,numeric,10,10,0.0,0.0,False,1,,,,
HEART,familiarization.d_treadmillcomplete,PHENO,baseline,animal,datetime,10,10,0.0,0.0,False,2,auroc,0.5,1.0,0.5
HEART,familiarization.days_treadmillcomplete,PHENO,baseline,animal,numeric,10,10,0.0,0.0,False,1,,,,
HEART,familiarization.activity_score,PHENO,baseline,animal,numeric,10,10,0.0,0.0,False,2,auroc,0.65,0.18513247335593686,0.35
HEART,familiarization.compliant,PHENO,baseline,animal,categorical,10,10,0.0,0.0,False,1,,,,
HEART,familiarization.weight,PHENO,baseline,animal,numeric,10,10,0.0,0.0,False,20,auroc,0.6,0.47267559351158717,0.4
HEART,nmr.testing.d_visit_1,PHENO,baseline,animal,datetime,10,10,0.0,0.0,False,2,auroc,0.5,1.0,0.5
HEART,nmr.testing.days_visit_1,PHENO,baseline,animal,numeric,10,10,0.0,0.0,False,1,,,,
HEART,nmr.testing.staffid_1,PHENO,baseline,animal,numeric,10,10,0.0,0.0,False,1,,,,
HEART,nmr.testing.siteid_1,PHENO,baseline,animal,categorical,10,10,0.0,0.0,False,1,,,,
HEART,nmr.testing.d_nmr_1,PHENO,baseline,animal,datetime,10,10,0.0,0.0,False,2,auroc,0.5,1.0,0.5
HEART,nmr.testing.days_nmr_1,PHENO,baseline,animal,numeric,10,10,0.0,0.0,False,1,,,,
HEART,nmr.testing.nmr_weight_1,PHENO,baseline,animal,numeric,10,10,0.0,0.0,False,20,auroc,0.6,0.47267559351158717,0.4
HEART,nmr.testing.nmr_fat_1,PHENO,baseline,animal,numeric,10,10,0.0,0.0,False,19,auroc,0.6,0.472509068324386,0.4
HEART,nmr.testing.nmr_lean_1,PHENO,baseline,animal,numeric,10,10,0.0,0.0,False,15,auroc,0.585,0.5439838315636973,0.415
HEART,nmr.testing.nmr_fluid_1,PHENO,baseline,animal,numeric,10,10,0.0,0.0,False,11,auroc,0.56,0.6755061335233105,0.44
HEART,nmr.testing.d_visit_2,PHENO,outcome,animal,datetime,10,10,0.0,0.0,False,10,auroc,0.595,0.49368120763238343,0.405
HEART,nmr.testing.days_visit_2,PHENO,outcome,animal,numeric,10,10,0.0,0.0,False,6,auroc,0.6699999999999999,0.20269853574703167,0.33
HEART,nmr.testing.staffid_2,PHENO,outcome,animal,numeric,10,10,0.0,0.0,False,1,,,,
HEART,nmr.testing.siteid_2,PHENO,outcome,animal,categorical,10,10,0.0,0.0,False,1,,,,
HEART,nmr.testing.d_nmr_2,PHENO,outcome,animal,datetime,10,10,0.0,0.0,False,10,auroc,0.595,0.49368120763238343,0.405
HEART,nmr.testing.days_nmr_2,PHENO,outcome,animal,numeric,10,10,0.0,0.0,False,6,auroc,0.6699999999999999,0.20269853574703167,0.33
HEART,nmr.testing.nmr_weight_2,PHENO,outcome,animal,numeric,10,10,0.0,0.0,False,20,auroc,0.73,0.08897301170181328,0.27
HEART,nmr.testing.nmr_fat_2,PHENO,outcome,animal,numeric,10,10,0.0,0.0,False,19,auroc,1.0,0.0001816511460914649,0.0
HEART,nmr.testing.nmr_lean_2,PHENO,outcome,animal,numeric,10,10,0.0,0.0,False,19,auroc,0.77,0.04507378631623228,0.77
HEART,nmr.testing.nmr_fluid_2,PHENO,outcome,animal,numeric,10,10,0.0,0.0,False,12,auroc,0.735,0.08014319384487509,0.265
HEART,nmr.testing.nmr_comments_2,PHENO,outcome,animal,empty,10,10,1.0,1.0,False,0,,,,
HEART,registration.d_visit,PHENO,collection,animal,datetime,10,10,0.0,0.0,False,4,auroc,0.525,0.8716699402398118,0.525
HEART,registration.days_visit,PHENO,collection,animal,numeric,10,10,0.0,0.0,False,4,auroc,0.575,0.5718140573849769,0.575
HEART,registration.staffid,PHENO,collection,animal,numeric,10,10,0.0,0.0,False,1,,,,
HEART,registration.siteid,PHENO,collection,animal,categorical,10,10,0.0,0.0,False,1,,,,
HEART,registration.d_arrive,PHENO,collection,animal,datetime,10,10,0.0,0.0,False,2,auroc,0.5,1.0,0.5
HEART,registration.days_arrive,PHENO,collection,animal,numeric,10,10,0.0,0.0,False,1,,,,
HEART,registration.batchnumber,PHENO,collection,animal,numeric,10,10,0.0,0.0,False,1,,,,
HEART,registration.d_reverselight,PHENO,collection,animal,datetime,10,10,0.0,0.0,False,2,auroc,0.5,1.0,0.5
HEART,registration.days_reverselight,PHENO,collection,animal,numeric,10,10,0.0,0.0,False,2,auroc,0.5,1.0,0.5
HEART,registration.d_birth,PHENO,baseline,animal,datetime,10,10,0.0,0.0,False,2,auroc,0.5,1.0,0.5
HEART,registration.days_birth,PHENO,baseline,animal,numeric,10,10,0.0,0.0,False,2,auroc,0.5,1.0,0.5
HEART,registration.sex,PHENO,collection,animal,categorical,10,10,0.0,0.0,False,2,cramers_v,0.0,1.0,
HEART,registration.weight,PHENO,baseline,animal,numeric,10,10,0.0,0.0,False,20,auroc,0.5900000000000001,0.5205228832757727,0.41
HEART,registration.cagenumber,PHENO,collection,animal,numeric,10,10,0.0,0.0,False,17,auroc,0.54,0.7911065051576629,0.46
HEART,specimen.collection.d_visit,PHENO,collection,animal,datetime,10,10,0.0,0.0,False,10,auroc,0.595,0.49368120763238343,0.405
HEART,specimen.collection.days_visit,PHENO,collection,animal,numeric,10,10,0.0,0.0,False,6,auroc,0.6699999999999999,0.20269853574703167,0.33
HEART,specimen.collection.staffid,PHENO,collection,animal,numeric,10,10,0.0,0.0,False,2,auroc,0.5,1.0,0.5
HEART,specimen.collection.siteid,PHENO,collection,animal,categorical,10,10,0.0,0.0,False,1,,,,
HEART,specimen.collection.anesthesiaid,PHENO,collection,animal,numeric,10,10,0.0,0.0,False,2,auroc,0.6,0.300557543399555,0.6
HEART,specimen.collection.t_anesthesia,PHENO,collection,animal,time,10,10,0.0,0.0,False,19,auroc,0.565,0.6500246299061012,0.565
HEART,specimen.collection.bloodtype,PHENO,collection,animal,categorical,10,10,0.0,0.0,False,1,,,,
HEART,specimen.collection.bloodtube,PHENO,collection,animal,categorical,10,10,0.0,0.0,False,1,,,,
HEART,specimen.collection.bloodcomplete,PHENO,collection,animal,categorical,10,10,0.0,0.0,False,2,cramers_v,0.14002800840280097,1.0,
HEART,specimen.collection.bloodtechid,PHENO,collection,animal,categorical,10,10,0.0,0.0,False,1,,,,
HEART,specimen.collection.t_bloodstart,PHENO,collection,animal,time,10,10,0.0,0.0,False,20,auroc,0.57,0.6231762238821174,0.57
HEART,specimen.collection.t_bloodstop,PHENO,collection,animal,time,10,10,0.0,0.0,False,20,auroc,0.57,0.6231762238821174,0.57
HEART,specimen.collection.t_edtafill,PHENO,collection,animal,time,10,10,0.0,0.0,False,20,auroc,0.54,0.7913367801006604,0.54
HEART,specimen.collection.uterustype,PHENO,collection,animal,empty,10,10,1.0,1.0,False,0,,,,
HEART,specimen.collection.uteruscomplete,PHENO,collection,animal,empty,10,10,1.0,1.0,False,0,,,,
HEART,specimen.collection.t_death,PHENO,collection,animal,time,10,10,0.0,0.0,False,20,auroc,0.57,0.6231762238821174,0.57
HEART,specimen.collection.deathtype,PHENO,collection,animal,categorical,10,10,0.0,0.0,False,1,,,,
HEART,terminal.weight.bw,PHENO,outcome,animal,numeric,10,10,0.0,0.0,False,20,auroc,0.71,0.12122450301291661,0.29
HEART,terminal.weight.lg,PHENO,outcome,animal,numeric,10,10,0.0,0.0,False,20,auroc,0.5800000000000001,0.5707503880581739,0.42
HEART,terminal.weight.mg,PHENO,outcome,animal,numeric,10,10,0.0,0.0,False,18,auroc,0.565,0.6499016865452631,0.435
HEART,terminal.weight.pl,PHENO,outcome,animal,numeric,10,10,0.0,0.0,False,19,auroc,0.5549999999999999,0.7053513720635047,0.445
HEART,terminal.weight.sol,PHENO,outcome,animal,numeric,10,10,0.0,0.0,False,20,auroc,0.58,0.5707503880581739,0.58
HEART,training.d_visit,PHENO,outcome,animal,datetime,10,10,0.0,0.0,False,10,auroc,0.595,0.49368120763238343,0.405
HEART,training.days_visit,PHENO,outcome,animal,numeric,10,10,0.0,0.0,False,6,auroc,0.6699999999999999,0.20269853574703167,0.33
HEART,training.staffid,PHENO,outcome,animal,numeric,10,10,0.0,0.0,False,1,,,,
HEART,training.siteid,PHENO,outcome,animal,categorical,10,10,0.0,0.0,False,1,,,,
HEART,training.day1date,PHENO,outcome,animal,datetime,10,10,0.0,0.0,False,10,auroc,0.595,0.49368120763238343,0.405
HEART,training.day1_days,PHENO,outcome,animal,numeric,10,10,0.0,0.0,False,6,auroc,0.6699999999999999,0.20269853574703167,0.33
HEART,training.day1time,PHENO,outcome,animal,time,10,10,0.0,0.0,False,11,auroc,0.575,0.5948953826127479,0.425
HEART,training.day1_treadmillspeed,PHENO,outcome,animal,numeric,10,10,0.0,0.0,False,3,auroc,1.0,4.73140726040938e-05,1.0
HEART,training.day1_treadmillincline,PHENO,outcome,animal,numeric,10,10,0.0,0.0,False,1,,,,
HEART,training.day1_timeontreadmill,PHENO,outcome,animal,numeric,10,10,0.0,0.0,False,2,auroc,0.8,0.005015918125903367,0.8
HEART,training.day1_weight,PHENO,outcome,animal,numeric,10,10,0.0,0.0,False,19,auroc,0.6,0.472509068324386,0.4
HEART,training.day1_posttrainlact,PHENO,outcome,animal,numeric,10,10,1.0,0.5,False,4,,,,
HEART,training.day1_score,PHENO,outcome,animal,numeric,10,10,1.0,0.0,True,3,,,,
HEART,training.day2date,PHENO,outcome,animal,datetime,10,10,0.0,0.0,False,10,auroc,0.595,0.49368120763238343,0.405
HEART,training.day2_days,PHENO,outcome,animal,numeric,10,10,0.0,0.0,False,6,auroc,0.6699999999999999,0.20269853574703167,0.33
HEART,training.day2time,PHENO,outcome,animal,time,10,10,0.0,0.0,False,13,auroc,0.525,0.879514088297801,0.475
HEART,training.day2_treadmillspeed,PHENO,outcome,animal,numeric,10,10,0.0,0.0,False,3,auroc,1.0,4.73140726040938e-05,1.0
HEART,training.day2_treadmillincline,PHENO,outcome,animal,numeric,10,10,0.0,0.0,False,1,,,,
HEART,training.day2_timeontreadmill,PHENO,outcome,animal,numeric,10,10,0.0,0.0,False,2,auroc,0.8,0.005015918125903367,0.8
HEART,training.day2_score,PHENO,outcome,animal,numeric,10,10,1.0,0.0,True,3,,,,
HEART,training.day3date,PHENO,outcome,animal,datetime,10,10,0.0,0.0,False,10,auroc,0.595,0.49368120763238343,0.405
HEART,training.day3_days,PHENO,outcome,animal,numeric,10,10,0.0,0.0,False,6,auroc,0.6699999999999999,0.20269853574703167,0.33
HEART,training.day3time,PHENO,outcome,animal,time,10,10,0.0,0.0,False,12,auroc,0.685,0.171996585262853,0.315
HEART,training.day3_treadmillspeed,PHENO,outcome,animal,numeric,10,10,0.0,0.0,False,3,auroc,1.0,4.73140726040938e-05,1.0
HEART,training.day3_treadmillincline,PHENO,outcome,animal,numeric,10,10,0.0,0.0,False,1,,,,
HEART,training.day3_timeontreadmill,PHENO,outcome,animal,numeric,10,10,0.0,0.0,False,2,auroc,0.8,0.005015918125903367,0.8
HEART,training.day3_score,PHENO,outcome,animal,numeric,10,10,1.0,0.0,True,3,,,,
HEART,training.day4date,PHENO,outcome,animal,datetime,10,10,0.0,0.0,False,10,auroc,0.595,0.49368120763238343,0.405
HEART,training.day4_days,PHENO,outcome,animal,numeric,10,10,0.0,0.0,False,6,auroc,0.6699999999999999,0.20269853574703167,0.33
HEART,training.day4time,PHENO,outcome,animal,time,10,10,0.0,0.0,False,14,auroc,0.7,0.13956906564539742,0.3
HEART,training.day4_treadmillspeed,PHENO,outcome,animal,numeric,10,10,0.0,0.0,False,3,auroc,1.0,4.73140726040938e-05,1.0
HEART,training.day4_treadmillincline,PHENO,outcome,animal,numeric,10,10,0.0,0.0,False,1,,,,
HEART,training.day4_timeontreadmill,PHENO,outcome,animal,numeric,10,10,0.0,0.0,False,2,auroc,0.8,0.005015918125903367,0.8
HEART,training.day4_score,PHENO,outcome,animal,numeric,10,10,1.0,0.0,True,3,,,,
HEART,training.day5date,PHENO,outcome,animal,datetime,10,10,0.0,0.0,False,10,auroc,0.595,0.49368120763238343,0.405
HEART,training.day5_days,PHENO,outcome,animal,numeric,10,10,0.0,0.0,False,6,auroc,0.6699999999999999,0.20269853574703167,0.33
HEART,training.day5time,PHENO,outcome,animal,time,10,10,0.0,0.0,False,13,auroc,0.6,0.470329985735076,0.4
HEART,training.day5_treadmillspeed,PHENO,outcome,animal,numeric,10,10,0.0,0.0,False,3,auroc,1.0,4.73140726040938e-05,1.0
HEART,training.day5_treadmillincline,PHENO,outcome,animal,numeric,10,10,0.0,0.0,False,1,,,,
HEART,training.day5_timeontreadmill,PHENO,outcome,animal,numeric,10,10,0.0,0.0,False,2,auroc,0.8,0.005015918125903367,0.8
HEART,training.day5_posttrainlact,PHENO,outcome,animal,numeric,10,10,1.0,0.0,True,7,,,,
HEART,training.day5_score,PHENO,outcome,animal,numeric,10,10,1.0,0.0,True,3,,,,
HEART,training.day6date,PHENO,outcome,animal,datetime,10,10,0.0,0.0,False,10,auroc,0.595,0.49368120763238343,0.405
HEART,training.day6_days,PHENO,outcome,animal,numeric,10,10,0.0,0.0,False,6,auroc,0.6699999999999999,0.20269853574703167,0.33
HEART,training.day6time,PHENO,outcome,animal,time,10,10,0.0,0.0,False,14,auroc,0.665,0.22542674492729098,0.335
HEART,training.day6_treadmillspeed,PHENO,outcome,animal,numeric,10,10,0.0,0.0,False,3,auroc,1.0,4.73140726040938e-05,1.0
HEART,training.day6_treadmillincline,PHENO,outcome,animal,numeric,10,10,0.0,0.0,False,1,,,,
HEART,training.day6_timeontreadmill,PHENO,outcome,animal,numeric,10,10,0.0,0.0,False,2,auroc,0.95,9.66051900821123e-05,0.95
HEART,training.day6_weight,PHENO,outcome,animal,numeric,10,10,0.0,0.0,False,20,auroc,0.63,0.3447042220069576,0.37
HEART,training.day6_posttrainlact,PHENO,outcome,animal,numeric,10,10,1.0,0.0,True,10,,,,
HEART,training.day6_score,PHENO,outcome,animal,numeric,10,10,1.0,0.0,True,3,,,,
HEART,training.day7date,PHENO,outcome,animal,datetime,10,10,0.0,0.0,False,10,auroc,0.595,0.49368120763238343,0.405
HEART,training.day7_days,PHENO,outcome,animal,numeric,10,10,0.0,0.0,False,6,auroc,0.6699999999999999,0.20269853574703167,0.33
HEART,training.day7time,PHENO,outcome,animal,time,10,10,0.0,0.0,False,13,auroc,0.5449999999999999,0.7615851509629026,0.455
HEART,training.day7_treadmillspeed,PHENO,outcome,animal,numeric,10,10,0.0,0.0,False,3,auroc,1.0,4.73140726040938e-05,1.0
HEART,training.day7_treadmillincline,PHENO,outcome,animal,numeric,10,10,0.0,0.0,False,1,,,,
HEART,training.day7_timeontreadmill,PHENO,outcome,animal,numeric,10,10,0.0,0.0,False,2,auroc,0.95,9.66051900821123e-05,0.95
HEART,training.day7_posttrainlact,PHENO,outcome,animal,numeric,10,10,1.0,0.9,False,1,,,,
HEART,training.day7_score,PHENO,outcome,animal,numeric,10,10,1.0,0.0,True,3,,,,
HEART,training.day8date,PHENO,outcome,animal,datetime,10,10,0.0,0.0,False,10,auroc,0.595,0.49368120763238343,0.405
HEART,training.day8_days,PHENO,outcome,animal,numeric,10,10,0.0,0.0,False,6,auroc,0.6699999999999999,0.20269853574703167,0.33
HEART,training.day8time,PHENO,outcome,animal,time,10,10,0.0,0.0,False,17,auroc,0.595,0.49580527609991076,0.405
HEART,training.day8_treadmillspeed,PHENO,outcome,animal,numeric,10,10,0.0,0.0,False,3,auroc,1.0,4.73140726040938e-05,1.0
HEART,training.day8_treadmillincline,PHENO,outcome,animal,numeric,10,10,0.0,0.0,False,1,,,,
HEART,training.day8_timeontreadmill,PHENO,outcome,animal,numeric,10,10,0.0,0.0,False,2,auroc,1.0,1.593791168806624e-05,1.0
HEART,training.day8_posttrainlact,PHENO,outcome,animal,numeric,10,10,1.0,0.9,False,1,,,,
HEART,training.day8_score,PHENO,outcome,animal,numeric,10,10,1.0,0.0,True,3,,,,
HEART,training.day9date,PHENO,outcome,animal,datetime,10,10,0.0,0.0,False,10,auroc,0.595,0.49368120763238343,0.405
HEART,training.day9_days,PHENO,outcome,animal,numeric,10,10,0.0,0.0,False,6,auroc,0.6699999999999999,0.20269853574703167,0.33
HEART,training.day9time,PHENO,outcome,animal,time,10,10,0.0,0.0,False,15,auroc,0.64,0.3065784952080737,0.36
HEART,training.day9_treadmillspeed,PHENO,outcome,animal,numeric,10,10,0.0,0.0,False,3,auroc,1.0,4.73140726040938e-05,1.0
HEART,training.day9_treadmillincline,PHENO,outcome,animal,numeric,10,10,0.0,0.0,False,1,,,,
HEART,training.day9_timeontreadmill,PHENO,outcome,animal,numeric,10,10,0.0,0.0,False,2,auroc,1.0,1.593791168806624e-05,1.0
HEART,training.day9_posttrainlact,PHENO,outcome,animal,numeric,10,10,1.0,0.9,False,1,,,,
HEART,training.day9_score,PHENO,outcome,animal,numeric,10,10,1.0,0.0,True,3,,,,
HEART,training.day10date,PHENO,outcome,animal,datetime,10,10,0.0,0.0,False,10,auroc,0.595,0.49368120763238343,0.405
HEART,training.day10_days,PHENO,outcome,animal,numeric,10,10,0.0,0.0,False,6,auroc,0.6699999999999999,0.20269853574703167,0.33
HEART,training.day10time,PHENO,outcome,animal,time,10,10,0.0,0.0,False,15,auroc,0.65,0.27213326199524046,0.35
HEART,training.day10_treadmillspeed,PHENO,outcome,animal,numeric,10,10,0.0,0.0,False,3,auroc,1.0,4.73140726040938e-05,1.0
HEART,training.day10_treadmillincline,PHENO,outcome,animal,numeric,10,10,0.0,0.0,False,1,,,,
HEART,training.day10_timeontreadmill,PHENO,outcome,animal,numeric,10,10,0.0,0.0,False,2,auroc,1.0,1.593791168806624e-05,1.0
HEART,training.day10_posttrainlact,PHENO,outcome,animal,numeric,10,10,1.0,0.0,True,10,,,,
HEART,training.day10_score,PHENO,outcome,animal,numeric,10,10,1.0,0.0,True,3,,,,
HEART,training.day11date,PHENO,outcome,animal,datetime,10,10,0.0,0.0,False,10,auroc,0.595,0.49368120763238343,0.405
HEART,training.day11_days,PHENO,outcome,animal,numeric,10,10,0.0,0.0,False,6,auroc,0.6699999999999999,0.20269853574703167,0.33
HEART,training.day11time,PHENO,outcome,animal,time,10,10,0.0,0.0,False,13,auroc,0.625,0.3630802727156903,0.375
HEART,training.day11_treadmillspeed,PHENO,outcome,animal,numeric,10,10,0.0,0.0,False,3,auroc,1.0,4.73140726040938e-05,1.0
HEART,training.day11_treadmillincline,PHENO,outcome,animal,numeric,10,10,0.0,0.0,False,1,,,,
HEART,training.day11_timeontreadmill,PHENO,outcome,animal,numeric,10,10,0.0,0.0,False,2,auroc,1.0,1.593791168806624e-05,1.0
HEART,training.day11_weight,PHENO,outcome,animal,numeric,10,10,0.0,0.0,False,17,auroc,0.63,0.3441594615512613,0.37
HEART,training.day11_posttrainlact,PHENO,outcome,animal,numeric,10,10,1.0,0.0,True,7,,,,
HEART,training.day11_score,PHENO,outcome,animal,numeric,10,10,1.0,0.0,True,2,,,,
HEART,training.day12date,PHENO,outcome,animal,datetime,10,10,0.0,0.0,False,10,auroc,0.595,0.49368120763238343,0.405
HEART,training.day12_days,PHENO,outcome,animal,numeric,10,10,0.0,0.0,False,6,auroc,0.6699999999999999,0.20269853574703167,0.33
HEART,training.day12time,PHENO,outcome,animal,time,10,10,0.0,0.0,False,14,auroc,0.595,0.49531745351651635,0.405
HEART,training.day12_treadmillspeed,PHENO,outcome,animal,numeric,10,10,0.0,0.0,False,3,auroc,1.0,4.73140726040938e-05,1.0
HEART,training.day12_treadmillincline,PHENO,outcome,animal,numeric,10,10,0.0,0.0,False,1,,,,
HEART,training.day12_timeontreadmill,PHENO,outcome,animal,numeric,10,10,0.0,0.0,False,2,auroc,1.0,1.593791168806624e-05,1.0
HEART,training.day12_score,PHENO,outcome,animal,numeric,10,10,1.0,0.0,True,3,,,,
HEART,training.day13date,PHENO,outcome,animal,datetime,10,10,0.0,0.0,False,10,auroc,0.595,0.49368120763238343,0.405
HEART,training.day13_days,PHENO,outcome,animal,numeric,10,10,0.0,0.0,False,6,auroc,0.6699999999999999,0.20269853574703167,0.33
HEART,training.day13time,PHENO,outcome,animal,time,10,10,0.0,0.0,False,13,auroc,0.565,0.6492850242269921,0.435
HEART,training.day13_treadmillspeed,PHENO,outcome,animal,numeric,10,10,0.0,0.0,False,3,auroc,1.0,4.73140726040938e-05,1.0
HEART,training.day13_treadmillincline,PHENO,outcome,animal,numeric,10,10,0.0,0.0,False,1,,,,
HEART,training.day13_timeontreadmill,PHENO,outcome,animal,numeric,10,10,0.0,0.0,False,2,auroc,1.0,1.593791168806624e-05,1.0
HEART,training.day13_score,PHENO,outcome,animal,numeric,10,10,1.0,0.0,True,3,,,,
HEART,training.day14date,PHENO,outcome,animal,datetime,10,10,0.0,0.0,False,10,auroc,0.595,0.49368120763238343,0.405
HEART,training.day14_days,PHENO,outcome,animal,numeric,10,10,0.0,0.0,False,6,auroc,0.6699999999999999,0.20269853574703167,0.33
HEART,training.day14time,PHENO,outcome,animal,time,10,10,0.0,0.0,False,14,auroc,0.645,0.28882818034097146,0.355
HEART,training.day14_treadmillspeed,PHENO,outcome,animal,numeric,10,10,0.0,0.0,False,3,auroc,1.0,4.73140726040938e-05,1.0
HEART,training.day14_treadmillincline,PHENO,outcome,animal,numeric,10,10,0.0,0.0,False,1,,,,
HEART,training.day14_timeontreadmill,PHENO,outcome,animal,numeric,10,10,0.0,0.0,False,2,auroc,1.0,1.593791168806624e-05,1.0
HEART,training.day14_score,PHENO,outcome,animal,numeric,10,10,1.0,0.0,True,3,,,,
HEART,training.day15date,PHENO,outcome,animal,datetime,10,10,0.0,0.0,False,10,auroc,0.595,0.49368120763238343,0.405
HEART,training.day15_days,PHENO,outcome,animal,numeric,10,10,0.0,0.0,False,6,auroc,0.6699999999999999,0.20269853574703167,0.33
HEART,training.day15time,PHENO,outcome,animal,time,10,10,0.0,0.0,False,12,auroc,0.615,0.4030137617317201,0.385
HEART,training.day15_treadmillspeed,PHENO,outcome,animal,numeric,10,10,0.0,0.0,False,3,auroc,1.0,4.73140726040938e-05,1.0
HEART,training.day15_treadmillincline,PHENO,outcome,animal,numeric,10,10,0.0,0.0,False,1,,,,
HEART,training.day15_timeontreadmill,PHENO,outcome,animal,numeric,10,10,0.0,0.0,False,2,auroc,1.0,1.593791168806624e-05,1.0
HEART,training.day15_posttrainlact,PHENO,outcome,animal,numeric,10,10,1.0,0.0,True,7,,,,
HEART,training.day15_score,PHENO,outcome,animal,numeric,10,10,1.0,0.0,True,3,,,,
HEART,training.day16date,PHENO,outcome,animal,datetime,10,10,0.0,0.0,False,10,auroc,0.595,0.49368120763238343,0.405
HEART,training.day16_days,PHENO,outcome,animal,numeric,10,10,0.0,0.0,False,6,auroc,0.6699999999999999,0.20269853574703167,0.33
HEART,training.day16time,PHENO,outcome,animal,time,10,10,0.0,0.0,False,14,auroc,0.6599999999999999,0.24025816616664397,0.34
HEART,training.day16_treadmillspeed,PHENO,outcome,animal,numeric,10,10,0.0,0.0,False,3,auroc,1.0,4.73140726040938e-05,1.0
HEART,training.day16_treadmillincline,PHENO,outcome,animal,numeric,10,10,0.0,0.0,False,1,,,,
HEART,training.day16_timeontreadmill,PHENO,outcome,animal,numeric,10,10,0.0,0.0,False,2,auroc,1.0,1.593791168806624e-05,1.0
HEART,training.day16_weight,PHENO,outcome,animal,numeric,10,10,0.0,0.0,False,19,auroc,0.64,0.30730753272470845,0.36
HEART,training.day16_posttrainlact,PHENO,outcome,animal,numeric,10,10,1.0,0.0,True,7,,,,
HEART,training.day16_score,PHENO,outcome,animal,numeric,10,10,1.0,0.0,True,3,,,,
HEART,training.day17date,PHENO,outcome,animal,datetime,10,10,0.0,0.0,False,10,auroc,0.595,0.49368120763238343,0.405
HEART,training.day17_days,PHENO,outcome,animal,numeric,10,10,0.0,0.0,False,6,auroc,0.6699999999999999,0.20269853574703167,0.33
HEART,training.day17time,PHENO,outcome,animal,time,10,10,0.0,0.0,False,16,auroc,0.65,0.2723141220596529,0.35
HEART,training.day17_treadmillspeed,PHENO,outcome,animal,numeric,10,10,0.0,0.0,False,3,auroc,1.0,4.73140726040938e-05,1.0
HEART,training.day17_treadmillincline,PHENO,outcome,animal,numeric,10,10,0.0,0.0,False,1,,,,
HEART,training.day17_timeontreadmill,PHENO,outcome,animal,numeric,10,10,0.0,0.0,False,2,auroc,1.0,1.593791168806624e-05,1.0
HEART,training.day17_score,PHENO,outcome,animal,numeric,10,10,1.0,0.0,True,2,,,,
HEART,training.day18date,PHENO,outcome,animal,datetime,10,10,0.0,0.0,False,10,auroc,0.595,0.49368120763238343,0.405
HEART,training.day18_days,PHENO,outcome,animal,numeric,10,10,0.0,0.0,False,6,auroc,0.6699999999999999,0.20269853574703167,0.33
HEART,training.day18time,PHENO,outcome,animal,time,10,10,0.0,0.0,False,14,auroc,0.6599999999999999,0.24025816616664397,0.34
HEART,training.day18_treadmillspeed,PHENO,outcome,animal,numeric,10,10,0.0,0.0,False,3,auroc,1.0,4.73140726040938e-05,1.0
HEART,training.day18_treadmillincline,PHENO,outcome,animal,numeric,10,10,0.0,0.0,False,1,,,,
HEART,training.day18_timeontreadmill,PHENO,outcome,animal,numeric,10,10,0.0,0.0,False,2,auroc,1.0,1.593791168806624e-05,1.0
HEART,training.day18_score,PHENO,outcome,animal,numeric,10,10,1.0,0.0,True,3,,,,
HEART,training.day19date,PHENO,outcome,animal,datetime,10,10,0.0,0.0,False,10,auroc,0.595,0.49368120763238343,0.405
HEART,training.day19_days,PHENO,outcome,animal,numeric,10,10,0.0,0.0,False,6,auroc,0.6699999999999999,0.20269853574703167,0.33
HEART,training.day19time,PHENO,outcome,animal,time,10,10,0.0,0.0,False,13,auroc,0.675,0.19724189236240486,0.325
HEART,training.day19_treadmillspeed,PHENO,outcome,animal,numeric,10,10,0.0,0.0,False,3,auroc,1.0,4.73140726040938e-05,1.0
HEART,training.day19_treadmillincline,PHENO,outcome,animal,numeric,10,10,0.0,0.0,False,1,,,,
HEART,training.day19_timeontreadmill,PHENO,outcome,animal,numeric,10,10,0.0,0.0,False,2,auroc,1.0,1.593791168806624e-05,1.0
HEART,training.day19_score,PHENO,outcome,animal,numeric,10,10,1.0,0.0,True,3,,,,
HEART,training.day20date,PHENO,outcome,animal,datetime,10,10,0.0,0.0,False,10,auroc,0.595,0.49368120763238343,0.405
HEART,training.day20_days,PHENO,outcome,animal,numeric,10,10,0.0,0.0,False,6,auroc,0.6699999999999999,0.20269853574703167,0.33
HEART,training.day20time,PHENO,outcome,animal,time,10,10,0.0,0.0,False,15,auroc,0.73,0.08837244910755158,0.27
HEART,training.day20_treadmillspeed,PHENO,outcome,animal,numeric,10,10,0.0,0.0,False,3,auroc,1.0,4.73140726040938e-05,1.0
HEART,training.day20_treadmillincline,PHENO,outcome,animal,numeric,10,10,0.0,0.0,False,1,,,,
HEART,training.day20_timeontreadmill,PHENO,outcome,animal,numeric,10,10,0.0,0.0,False,2,auroc,1.0,1.593791168806624e-05,1.0
HEART,training.day20_posttrainlact,PHENO,outcome,animal,numeric,10,10,1.0,0.0,True,10,,,,
HEART,training.day20_score,PHENO,outcome,animal,numeric,10,10,1.0,0.0,True,3,,,,
HEART,training.day21date,PHENO,outcome,animal,datetime,10,10,0.0,0.0,False,10,auroc,0.595,0.49368120763238343,0.405
HEART,training.day21_days,PHENO,outcome,animal,numeric,10,10,0.0,0.0,False,6,auroc,0.6699999999999999,0.20269853574703167,0.33
HEART,training.day21time,PHENO,outcome,animal,time,10,10,0.0,0.0,False,14,auroc,0.6,0.47167410225493,0.4
HEART,training.day21_treadmillspeed,PHENO,outcome,animal,numeric,10,10,0.0,0.0,False,3,auroc,1.0,4.73140726040938e-05,1.0
HEART,training.day21_treadmillincline,PHENO,outcome,animal,numeric,10,10,0.0,0.0,False,1,,,,
HEART,training.day21_timeontreadmill,PHENO,outcome,animal,numeric,10,10,0.0,0.0,False,2,auroc,1.0,1.593791168806624e-05,1.0
HEART,training.day21_weight,PHENO,outcome,animal,numeric,10,10,0.0,0.0,False,18,auroc,0.6799999999999999,0.18554575077897684,0.32
HEART,training.day21_posttrainlact,PHENO,outcome,animal,numeric,10,10,1.0,0.0,True,9,,,,
HEART,training.day21_score,PHENO,outcome,animal,numeric,10,10,1.0,0.0,True,2,,,,
HEART,training.day22date,PHENO,outcome,animal,datetime,10,10,0.0,0.0,False,10,auroc,0.595,0.49368120763238343,0.405
HEART,training.day22_days,PHENO,outcome,animal,numeric,10,10,0.0,0.0,False,6,auroc,0.6699999999999999,0.20269853574703167,0.33
HEART,training.day22time,PHENO,outcome,animal,time,10,10,0.0,0.0,False,13,auroc,0.6699999999999999,0.210743206283741,0.33
HEART,training.day22_treadmillspeed,PHENO,outcome,animal,numeric,10,10,0.0,0.0,False,3,auroc,1.0,4.73140726040938e-05,1.0
HEART,training.day22_treadmillincline,PHENO,outcome,animal,numeric,10,10,0.0,0.0,False,1,,,,
HEART,training.day22_timeontreadmill,PHENO,outcome,animal,numeric,10,10,0.0,0.0,False,2,auroc,1.0,1.593791168806624e-05,1.0
HEART,training.day22_score,PHENO,outcome,animal,numeric,10,10,1.0,0.0,True,2,,,,
HEART,training.day23date,PHENO,outcome,animal,datetime,10,10,0.0,0.0,False,10,auroc,0.595,0.49368120763238343,0.405
HEART,training.day23_days,PHENO,outcome,animal,numeric,10,10,0.0,0.0,False,6,auroc,0.6699999999999999,0.20269853574703167,0.33
HEART,training.day23time,PHENO,outcome,animal,time,10,10,0.0,0.0,False,14,auroc,0.76,0.0533617780229716,0.24
HEART,training.day23_treadmillspeed,PHENO,outcome,animal,numeric,10,10,0.0,0.0,False,3,auroc,1.0,4.73140726040938e-05,1.0
HEART,training.day23_treadmillincline,PHENO,outcome,animal,numeric,10,10,0.0,0.0,False,1,,,,
HEART,training.day23_timeontreadmill,PHENO,outcome,animal,numeric,10,10,0.0,0.0,False,2,auroc,1.0,1.593791168806624e-05,1.0
HEART,training.day23_score,PHENO,outcome,animal,numeric,10,10,1.0,0.0,True,2,,,,
HEART,training.day24date,PHENO,outcome,animal,datetime,10,10,0.0,0.0,False,10,auroc,0.595,0.49368120763238343,0.405
HEART,training.day24_days,PHENO,outcome,animal,numeric,10,10,0.0,0.0,False,6,auroc,0.6699999999999999,0.20269853574703167,0.33
HEART,training.day24time,PHENO,outcome,animal,time,10,10,0.0,0.0,False,13,auroc,0.635,0.3228233890194294,0.365
HEART,training.day24_treadmillspeed,PHENO,outcome,animal,numeric,10,10,0.0,0.0,False,3,auroc,1.0,4.73140726040938e-05,1.0
HEART,training.day24_treadmillincline,PHENO,outcome,animal,numeric,10,10,0.0,0.0,False,1,,,,
HEART,training.day24_timeontreadmill,PHENO,outcome,animal,numeric,10,10,0.0,0.0,False,2,auroc,1.0,1.593791168806624e-05,1.0
HEART,training.day24_score,PHENO,outcome,animal,numeric,10,10,1.0,0.0,True,3,,,,
HEART,training.day25date,PHENO,outcome,animal,datetime,10,10,0.0,0.0,False,10,auroc,0.595,0.49368120763238343,0.405
HEART,training.day25_days,PHENO,outcome,animal,numeric,10,10,0.0,0.0,False,6,auroc,0.6699999999999999,0.20269853574703167,0.33
HEART,training.day25time,PHENO,outcome,animal,time,10,10,0.0,0.0,False,13,auroc,0.6799999999999999,0.18471693583376836,0.32
HEART,training.day25_treadmillspeed,PHENO,outcome,animal,numeric,10,10,0.0,0.0,False,3,auroc,1.0,4.73140726040938e-05,1.0
HEART,training.day25_treadmillincline,PHENO,outcome,animal,numeric,10,10,0.0,0.0,False,1,,,,
HEART,training.day25_timeontreadmill,PHENO,outcome,animal,numeric,10,10,0.0,0.0,False,2,auroc,1.0,1.593791168806624e-05,1.0
HEART,training.day25_posttrainlact,PHENO,outcome,animal,numeric,10,10,1.0,0.0,True,10,,,,
HEART,training.day25_score,PHENO,outcome,animal,numeric,10,10,1.0,0.0,True,3,,,,
HEART,training.day26date,PHENO,outcome,animal,datetime,10,10,0.0,0.0,False,10,auroc,0.595,0.49368120763238343,0.405
HEART,training.day26_days,PHENO,outcome,animal,numeric,10,10,0.0,0.0,False,6,auroc,0.6699999999999999,0.20269853574703167,0.33
HEART,training.day26time,PHENO,outcome,animal,time,10,10,0.0,0.0,False,13,auroc,0.65,0.2714085957758833,0.35
HEART,training.day26_treadmillspeed,PHENO,outcome,animal,numeric,10,10,0.0,0.0,False,3,auroc,1.0,4.73140726040938e-05,1.0
HEART,training.day26_treadmillincline,PHENO,outcome,animal,numeric,10,10,0.0,0.0,False,1,,,,
HEART,training.day26_timeontreadmill,PHENO,outcome,animal,numeric,10,10,0.0,0.0,False,2,auroc,1.0,1.593791168806624e-05,1.0
HEART,training.day26_weight,PHENO,outcome,animal,numeric,10,10,0.0,0.0,False,19,auroc,0.73,0.08885290847904961,0.27
HEART,training.day26_posttrainlact,PHENO,outcome,animal,numeric,10,10,1.0,0.0,True,10,,,,
HEART,training.day26_score,PHENO,outcome,animal,numeric,10,10,1.0,0.0,True,2,,,,
HEART,training.day27date,PHENO,outcome,animal,datetime,10,10,0.0,0.0,False,10,auroc,0.595,0.49368120763238343,0.405
HEART,training.day27_days,PHENO,outcome,animal,numeric,10,10,0.0,0.0,False,6,auroc,0.6699999999999999,0.20269853574703167,0.33
HEART,training.day27time,PHENO,outcome,animal,time,10,10,0.0,0.0,False,13,auroc,0.78,0.03713317558193916,0.22
HEART,training.day27_treadmillspeed,PHENO,outcome,animal,numeric,10,10,0.0,0.0,False,3,auroc,1.0,4.73140726040938e-05,1.0
HEART,training.day27_treadmillincline,PHENO,outcome,animal,numeric,10,10,0.0,0.0,False,1,,,,
HEART,training.day27_timeontreadmill,PHENO,outcome,animal,numeric,10,10,0.0,0.0,False,2,auroc,1.0,1.593791168806624e-05,1.0
HEART,training.day27_score,PHENO,outcome,animal,numeric,10,10,1.0,0.0,True,2,,,,
HEART,training.day28date,PHENO,outcome,animal,datetime,10,10,0.0,0.0,False,10,auroc,0.595,0.49368120763238343,0.405
HEART,training.day28_days,PHENO,outcome,animal,numeric,10,10,0.0,0.0,False,6,auroc,0.6699999999999999,0.20269853574703167,0.33
HEART,training.day28time,PHENO,outcome,animal,time,10,10,0.0,0.0,False,14,auroc,0.75,0.06322282935107827,0.25
HEART,training.day28_treadmillspeed,PHENO,outcome,animal,numeric,10,10,0.0,0.0,False,3,auroc,1.0,4.73140726040938e-05,1.0
HEART,training.day28_treadmillincline,PHENO,outcome,animal,numeric,10,10,0.0,0.0,False,1,,,,
HEART,training.day28_timeontreadmill,PHENO,outcome,animal,numeric,10,10,0.0,0.0,False,2,auroc,1.0,1.593791168806624e-05,1.0
HEART,training.day28_score,PHENO,outcome,animal,numeric,10,10,1.0,0.0,True,3,,,,
HEART,training.day29date,PHENO,outcome,animal,datetime,10,10,0.0,0.0,False,10,auroc,0.595,0.49368120763238343,0.405
HEART,training.day29_days,PHENO,outcome,animal,numeric,10,10,0.0,0.0,False,6,auroc,0.6699999999999999,0.20269853574703167,0.33
HEART,training.day29time,PHENO,outcome,animal,time,10,10,0.0,0.0,False,14,auroc,0.75,0.06322282935107827,0.25
HEART,training.day29_treadmillspeed,PHENO,outcome,animal,numeric,10,10,0.0,0.0,False,3,auroc,1.0,4.73140726040938e-05,1.0
HEART,training.day29_treadmillincline,PHENO,outcome,animal,numeric,10,10,0.0,0.0,False,1,,,,
HEART,training.day29_timeontreadmill,PHENO,outcome,animal,numeric,10,10,0.0,0.0,False,2,auroc,1.0,1.593791168806624e-05,1.0
HEART,training.day29_score,PHENO,outcome,animal,numeric,10,10,1.0,0.0,True,3,,,,
HEART,training.day30date,PHENO,outcome,animal,datetime,10,10,0.0,0.0,False,10,auroc,0.595,0.49368120763238343,0.405
HEART,training.day30_days,PHENO,outcome,animal,numeric,10,10,0.0,0.0,False,6,auroc,0.6699999999999999,0.20269853574703167,0.33
HEART,training.day30time,PHENO,outcome,animal,time,10,10,0.0,0.0,False,15,auroc,0.91,0.002160140722215307,0.09
HEART,training.day30_treadmillspeed,PHENO,outcome,animal,numeric,10,10,0.0,0.0,False,3,auroc,1.0,4.73140726040938e-05,1.0
HEART,training.day30_treadmillincline,PHENO,outcome,animal,numeric,10,10,0.0,0.0,False,1,,,,
HEART,training.day30_timeontreadmill,PHENO,outcome,animal,numeric,10,10,0.0,0.0,False,2,auroc,1.0,1.593791168806624e-05,1.0
HEART,training.day30_posttrainlact,PHENO,outcome,animal,numeric,10,10,1.0,0.0,True,7,,,,
HEART,training.day30_score,PHENO,outcome,animal,numeric,10,10,1.0,0.0,True,3,,,,
HEART,training.day31date,PHENO,outcome,animal,datetime,10,10,0.0,0.0,False,10,auroc,0.595,0.49368120763238343,0.405
HEART,training.day31_days,PHENO,outcome,animal,numeric,10,10,0.0,0.0,False,6,auroc,0.6699999999999999,0.20269853574703167,0.33
HEART,training.day31time,PHENO,outcome,animal,time,10,10,0.0,0.0,False,12,auroc,0.51,0.9697360424200406,0.49
HEART,training.day31_treadmillspeed,PHENO,outcome,animal,numeric,10,10,0.0,0.0,False,3,auroc,1.0,4.73140726040938e-05,1.0
HEART,training.day31_treadmillincline,PHENO,outcome,animal,numeric,10,10,0.0,0.0,False,1,,,,
HEART,training.day31_timeontreadmill,PHENO,outcome,animal,numeric,10,10,0.0,0.0,False,2,auroc,1.0,1.593791168806624e-05,1.0
HEART,training.day31_weight,PHENO,outcome,animal,numeric,10,10,0.0,0.0,False,19,auroc,0.745,0.06953745003698122,0.255
HEART,training.day31_posttrainlact,PHENO,outcome,animal,numeric,10,10,1.0,0.0,True,9,,,,
HEART,training.day31_score,PHENO,outcome,animal,numeric,10,10,1.0,0.0,True,2,,,,
HEART,training.day32date,PHENO,outcome,animal,datetime,10,10,0.0,0.0,False,10,auroc,0.595,0.49368120763238343,0.405
HEART,training.day32_days,PHENO,outcome,animal,numeric,10,10,0.0,0.0,False,6,auroc,0.6699999999999999,0.20269853574703167,0.33
HEART,training.day32time,PHENO,outcome,animal,time,10,10,0.0,0.0,False,13,auroc,0.73,0.0878919199518684,0.27
HEART,training.day32_treadmillspeed,PHENO,outcome,animal,numeric,10,10,0.0,0.0,False,3,auroc,1.0,4.73140726040938e-05,1.0
HEART,training.day32_treadmillincline,PHENO,outcome,animal,numeric,10,10,0.0,0.0,False,1,,,,
HEART,training.day32_timeontreadmill,PHENO,outcome,animal,numeric,10,10,0.0,0.0,False,2,auroc,1.0,1.593791168806624e-05,1.0
HEART,training.day32_score,PHENO,outcome,animal,numeric,10,10,1.0,0.0,True,2,,,,
HEART,training.day33date,PHENO,outcome,animal,datetime,10,10,0.0,0.0,False,10,auroc,0.595,0.49368120763238343,0.405
HEART,training.day33_days,PHENO,outcome,animal,numeric,10,10,0.0,0.0,False,6,auroc,0.6699999999999999,0.20269853574703167,0.33
HEART,training.day33time,PHENO,outcome,animal,time,10,10,0.0,0.0,False,11,auroc,0.69,0.15991613152481754,0.31
HEART,training.day33_treadmillspeed,PHENO,outcome,animal,numeric,10,10,0.0,0.0,False,3,auroc,1.0,4.73140726040938e-05,1.0
HEART,training.day33_treadmillincline,PHENO,outcome,animal,numeric,10,10,0.0,0.0,False,1,,,,
HEART,training.day33_timeontreadmill,PHENO,outcome,animal,numeric,10,10,0.0,0.0,False,2,auroc,1.0,1.593791168806624e-05,1.0
HEART,training.day33_score,PHENO,outcome,animal,numeric,10,10,1.0,0.0,True,3,,,,
HEART,training.day34date,PHENO,outcome,animal,datetime,10,10,0.0,0.0,False,10,auroc,0.595,0.49368120763238343,0.405
HEART,training.day34_days,PHENO,outcome,animal,numeric,10,10,0.0,0.0,False,6,auroc,0.6699999999999999,0.20269853574703167,0.33
HEART,training.day34time,PHENO,outcome,animal,time,10,10,0.0,0.0,False,11,auroc,0.625,0.3601593837295177,0.375
HEART,training.day34_treadmillspeed,PHENO,outcome,animal,numeric,10,10,0.0,0.0,False,3,auroc,1.0,4.73140726040938e-05,1.0
HEART,training.day34_treadmillincline,PHENO,outcome,animal,numeric,10,10,0.0,0.0,False,1,,,,
HEART,training.day34_timeontreadmill,PHENO,outcome,animal,numeric,10,10,0.0,0.0,False,2,auroc,1.0,1.593791168806624e-05,1.0
HEART,training.day34_score,PHENO,outcome,animal,numeric,10,10,1.0,0.0,True,2,,,,
HEART,training.day35date,PHENO,outcome,animal,datetime,10,10,0.0,0.0,False,10,auroc,0.595,0.49368120763238343,0.405
HEART,training.day35_days,PHENO,outcome,animal,numeric,10,10,0.0,0.0,False,6,auroc,0.6699999999999999,0.20269853574703167,0.33
HEART,training.day35time,PHENO,outcome,animal,time,10,10,0.0,0.0,False,14,auroc,0.64,0.3060303039357849,0.64
HEART,training.day35_treadmillspeed,PHENO,outcome,animal,numeric,10,10,0.0,0.0,False,3,auroc,1.0,4.73140726040938e-05,1.0
HEART,training.day35_treadmillincline,PHENO,outcome,animal,numeric,10,10,0.0,0.0,False,1,,,,
HEART,training.day35_timeontreadmill,PHENO,outcome,animal,numeric,10,10,0.0,0.0,False,2,auroc,1.0,1.593791168806624e-05,1.0
HEART,training.day35_posttrainlact,PHENO,outcome,animal,numeric,10,10,1.0,0.0,True,10,,,,
HEART,training.day35_score,PHENO,outcome,animal,numeric,10,10,1.0,0.0,True,2,,,,
HEART,training.day36date,PHENO,outcome,animal,datetime,10,10,0.0,0.0,False,10,auroc,0.595,0.49368120763238343,0.405
HEART,training.day36_days,PHENO,outcome,animal,numeric,10,10,0.0,0.0,False,6,auroc,0.6699999999999999,0.20269853574703167,0.33
HEART,training.day36time,PHENO,outcome,animal,time,10,10,0.6,0.5,False,9,auroc,0.95,0.031746031746031744,0.05
HEART,training.day36_weight,PHENO,outcome,animal,numeric,10,10,0.0,0.0,False,19,auroc,0.73,0.08885290847904961,0.27
HEART,training.day37date,PHENO,outcome,animal,datetime,10,10,0.0,0.0,False,10,auroc,0.595,0.49368120763238343,0.405
HEART,training.day37_days,PHENO,outcome,animal,numeric,10,10,0.0,0.0,False,6,auroc,0.6699999999999999,0.20269853574703167,0.33
HEART,training.day37time,PHENO,outcome,animal,time,10,10,0.0,0.0,False,12,auroc,0.53,0.8493210400200102,0.47
HEART,training.day37_treadmillspeed,PHENO,outcome,animal,numeric,10,10,0.0,0.0,False,3,auroc,1.0,4.73140726040938e-05,1.0
HEART,training.day37_treadmillincline,PHENO,outcome,animal,numeric,10,10,0.0,0.0,False,1,,,,
HEART,training.day37_timeontreadmill,PHENO,outcome,animal,numeric,10,10,0.0,0.0,False,2,auroc,1.0,1.593791168806624e-05,1.0
HEART,training.day37_score,PHENO,outcome,animal,numeric,10,10,1.0,0.0,True,3,,,,
HEART,training.day38date,PHENO,outcome,animal,datetime,10,10,0.0,0.0,False,10,auroc,0.595,0.49368120763238343,0.405
HEART,training.day38_days,PHENO,outcome,animal,numeric,10,10,0.0,0.0,False,6,auroc,0.6699999999999999,0.20269853574703167,0.33
HEART,training.day38time,PHENO,outcome,animal,time,10,10,0.0,0.0,False,12,auroc,0.74,0.0745620127879839,0.26
HEART,training.day38_treadmillspeed,PHENO,outcome,animal,numeric,10,10,0.0,0.0,False,3,auroc,1.0,4.73140726040938e-05,1.0
HEART,training.day38_treadmillincline,PHENO,outcome,animal,numeric,10,10,0.0,0.0,False,1,,,,
HEART,training.day38_timeontreadmill,PHENO,outcome,animal,numeric,10,10,0.0,0.0,False,2,auroc,1.0,1.593791168806624e-05,1.0
HEART,training.day38_score,PHENO,outcome,animal,numeric,10,10,1.0,0.0,True,3,,,,
HEART,training.day39date,PHENO,outcome,animal,datetime,10,10,0.0,0.0,False,10,auroc,0.595,0.49368120763238343,0.405
HEART,training.day39_days,PHENO,outcome,animal,numeric,10,10,0.0,0.0,False,6,auroc,0.6699999999999999,0.20269853574703167,0.33
HEART,training.day39time,PHENO,outcome,animal,time,10,10,0.0,0.0,False,11,auroc,0.605,0.4465992698288942,0.605
HEART,training.day39_treadmillspeed,PHENO,outcome,animal,numeric,10,10,0.0,0.0,False,3,auroc,1.0,4.73140726040938e-05,1.0
HEART,training.day39_treadmillincline,PHENO,outcome,animal,numeric,10,10,0.0,0.0,False,1,,,,
HEART,training.day39_timeontreadmill,PHENO,outcome,animal,numeric,10,10,0.0,0.0,False,2,auroc,1.0,1.593791168806624e-05,1.0
HEART,training.day39_posttrainlact,PHENO,outcome,animal,numeric,10,10,1.0,0.9,False,1,,,,
HEART,training.day39_score,PHENO,outcome,animal,numeric,10,10,1.0,0.0,True,2,,,,
HEART,training.day40date,PHENO,outcome,animal,datetime,10,10,0.0,0.0,False,10,auroc,0.595,0.49368120763238343,0.405
HEART,training.day40_days,PHENO,outcome,animal,numeric,10,10,0.0,0.0,False,6,auroc,0.6699999999999999,0.20269853574703167,0.33
HEART,training.day40time,PHENO,outcome,animal,time,10,10,0.0,0.0,False,10,auroc,0.6,0.4679532454588272,0.6
HEART,training.day40_treadmillspeed,PHENO,outcome,animal,numeric,10,10,0.0,0.0,False,3,auroc,1.0,4.73140726040938e-05,1.0
HEART,training.day40_treadmillincline,PHENO,outcome,animal,numeric,10,10,0.0,0.0,False,1,,,,
HEART,training.day40_timeontreadmill,PHENO,outcome,animal,numeric,10,10,0.0,0.0,False,3,auroc,1.0,2.4281747324754767e-05,1.0
HEART,training.day40_posttrainlact,PHENO,outcome,animal,numeric,10,10,1.0,0.2,True,8,,,,
HEART,training.day40_score,PHENO,outcome,animal,numeric,10,10,1.0,0.0,True,3,,,,
HEART,vo2.max.test.d_visit_1,PHENO,outcome,animal,datetime,10,10,0.0,0.0,False,9,auroc,0.5449999999999999,0.7608820121117055,0.455
HEART,vo2.max.test.days_visit_1,PHENO,outcome,animal,numeric,10,10,0.0,0.0,False,5,auroc,0.605,0.437369328274008,0.395
HEART,vo2.max.test.staffid_1,PHENO,outcome,animal,numeric,10,10,0.0,0.0,False,1,,,,
HEART,vo2.max.test.siteid_1,PHENO,outcome,animal,categorical,10,10,0.0,0.0,False,1,,,,
HEART,vo2.max.test.d_vo2_1,PHENO,outcome,animal,datetime,10,10,0.0,0.0,False,9,auroc,0.5449999999999999,0.7608820121117055,0.455
HEART,vo2.max.test.days_vo2_1,PHENO,outcome,animal,numeric,10,10,0.0,0.0,False,5,auroc,0.605,0.437369328274008,0.395
HEART,vo2.max.test.t_vo2_1,PHENO,outcome,animal,time,10,10,0.0,0.0,False,20,auroc,0.61,0.4273553138978077,0.61
HEART,vo2.max.test.blactate_begin_1,PHENO,outcome,animal,numeric,10,10,0.0,0.0,False,12,auroc,0.505,1.0,0.495
HEART,vo2.max.test.vo2_max_1,PHENO,outcome,animal,numeric,10,10,0.0,0.0,False,19,auroc,0.56,0.6774705127728922,0.56
HEART,vo2.max.test.vco2_max_1,PHENO,outcome,animal,numeric,10,10,0.0,0.0,False,20,auroc,0.53,0.8501067391385259,0.53
HEART,vo2.max.test.rer_max_1,PHENO,outcome,animal,numeric,10,10,0.0,0.0,False,12,auroc,0.655,0.25215043140011917,0.345
HEART,vo2.max.test.speed_max_1,PHENO,outcome,animal,numeric,10,10,0.0,0.0,False,5,auroc,0.5700000000000001,0.6136866325937949,0.43
HEART,vo2.max.test.t_complete_1,PHENO,outcome,animal,time,10,10,0.0,0.0,False,20,auroc,0.61,0.4273553138978077,0.61
HEART,vo2.max.test.blactate_end_1,PHENO,outcome,animal,numeric,10,10,0.0,0.0,False,20,auroc,0.53,0.8501067391385259,0.47
HEART,vo2.max.test.vo2_comments_1,PHENO,outcome,animal,categorical,10,10,0.9,0.8,False,3,cramers_v,1.0,0.22313016014842982,
HEART,vo2.max.test.d_visit_2,PHENO,outcome,animal,datetime,10,10,0.0,0.0,False,10,auroc,0.595,0.49368120763238343,0.405
HEART,vo2.max.test.days_visit_2,PHENO,outcome,animal,numeric,10,10,0.0,0.0,False,6,auroc,0.6699999999999999,0.20269853574703167,0.33
HEART,vo2.max.test.staffid_2,PHENO,outcome,animal,numeric,10,10,0.0,0.0,False,1,,,,
HEART,vo2.max.test.siteid_2,PHENO,outcome,animal,categorical,10,10,0.0,0.0,False,1,,,,
HEART,vo2.max.test.d_vo2_2,PHENO,outcome,animal,datetime,10,10,0.0,0.0,False,10,auroc,0.595,0.49368120763238343,0.405
HEART,vo2.max.test.days_vo2_2,PHENO,outcome,animal,numeric,10,10,0.0,0.0,False,6,auroc,0.6699999999999999,0.20269853574703167,0.33
HEART,vo2.max.test.t_vo2_2,PHENO,outcome,animal,time,10,10,0.0,0.0,False,20,auroc,0.87,0.00579535854433471,0.13
HEART,vo2.max.test.blactate_begin_2,PHENO,outcome,animal,numeric,10,10,0.0,0.0,False,11,auroc,0.735,0.0803732234511474,0.735
HEART,vo2.max.test.vo2_max_2,PHENO,outcome,animal,numeric,10,10,0.0,0.0,False,20,auroc,0.98,0.0003298385207779935,0.98
HEART,vo2.max.test.vco2_max_2,PHENO,outcome,animal,numeric,10,10,0.0,0.0,False,20,auroc,0.96,0.0005828399431792745,0.96
HEART,vo2.max.test.rer_max_2,PHENO,outcome,animal,numeric,10,10,0.0,0.0,False,9,auroc,0.55,0.731388289202564,0.45
HEART,vo2.max.test.speed_max_2,PHENO,outcome,animal,numeric,10,10,0.0,0.0,False,7,auroc,1.0,0.00015116251249145356,1.0
HEART,vo2.max.test.t_complete_2,PHENO,outcome,animal,time,10,10,0.0,0.0,False,20,auroc,0.84,0.011329696684474666,0.16
HEART,vo2.max.test.blactate_end_2,PHENO,outcome,animal,numeric,10,10,0.0,0.0,False,18,auroc,0.65,0.2726754751925152,0.35
HEART,vo2.max.test.vo2_comments_2,PHENO,outcome,animal,empty,10,10,1.0,1.0,False,0,,,,
HEART,calculated.variables.pct_body_fat_change,PHENO,outcome,animal,numeric,10,10,0.0,0.0,False,18,auroc,0.87,0.005758630532614327,0.13
HEART,calculated.variables.pct_body_lean_change,PHENO,outcome,animal,numeric,10,10,0.0,0.0,False,19,auroc,0.785,0.034226150579334216,0.785
HEART,calculated.variables.pct_body_fluid_change,PHENO,outcome,animal,numeric,10,10,0.0,0.0,False,12,auroc,0.745,0.06785982444191624,0.255
HEART,calculated.variables.lactate_change_dueto_train,PHENO,outcome,animal,numeric,10,10,0.0,0.0,False,17,auroc,0.675,0.1982578062948097,0.325
HEART,calculated.variables.vo2_max_change,PHENO,outcome,animal,numeric,10,10,0.0,0.0,False,19,auroc,0.96,0.0005800603714706723,0.96
HEART,calculated.variables.coll_time_train,PHENO,collection,vial,numeric,10,10,0.0,0.0,False,20,auroc,0.5,1.0,0.5
HEART,calculated.variables.deathtime_after_train,PHENO,collection,animal,numeric,10,10,0.0,0.0,False,20,auroc,0.5,1.0,0.5
HEART,calculated.variables.frozetime_after_train,PHENO,collection,vial,numeric,10,10,0.0,0.0,False,20,auroc,0.5,1.0,0.5
HEART,specimen.processing.siteid,PHENO,collection,animal,categorical,10,10,0.0,0.0,False,1,,,,
HEART,specimen.processing.samplenumber,PHENO,collection,vial,numeric,10,10,0.0,0.0,False,1,,,,
HEART,specimen.processing.timepoint,PHENO,collection,animal,numeric,10,10,0.0,0.0,False,1,,,,
HEART,specimen.processing.volume,PHENO,collection,vial,categorical,10,10,0.0,0.0,False,1,,,,
HEART,specimen.processing.hemolyzed,PHENO,collection,animal,empty,10,10,1.0,1.0,False,0,,,,
HEART,specimen.processing.t_collection,PHENO,collection,vial,time,10,10,0.0,0.0,False,20,auroc,0.57,0.6231762238821174,0.57
HEART,specimen.processing.t_edtaspin,PHENO,collection,animal,empty,10,10,1.0,1.0,False,0,,,,
HEART,specimen.processing.t_freeze,PHENO,collection,vial,time,10,10,0.0,0.0,False,20,auroc,0.58,0.5707503880581739,0.58
HEART,specimen.processing.techid,PHENO,collection,vial,categorical,10,10,0.0,0.0,False,1,,,,
HEART,biclabeldata.shiptositeid,PHENO,collection,vial,categorical,10,10,0.0,0.0,False,1,,,,
HEART,biclabeldata.received_cas,PHENO,collection,animal,categorical,10,10,0.0,0.0,False,1,,,,
HEART,biclabeldata.protocol,PHENO,design,animal,categorical,10,10,0.0,0.0,False,1,,,,
HEART,study_group_timepoint,PHENO,design,animal,categorical,10,10,0.0,0.0,False,2,cramers_v,1.0,1.082508822446903e-05,
HEART,sacrificetime,PHENO,design,animal,categorical,10,10,0.0,0.0,False,1,,,,
HEART,intervention,PHENO,design,animal,categorical,10,10,0.0,0.0,False,2,cramers_v,1.0,1.082508822446903e-05,
HEART,time_to_freeze,PHENO,collection,vial,numeric,10,10,0.0,0.0,False,15,auroc,0.73,0.08753148100171484,0.27
HEART,GET_site,meta/TRNSCRPT,library,vial,categorical,10,10,0.0,0.0,False,1,,,,
HEART,RNA_extr_plate_ID,meta/TRNSCRPT,library,vial,categorical,10,10,0.0,0.0,False,1,,,,
HEART,RNA_extr_date,meta/TRNSCRPT,library,vial,datetime,10,10,0.0,0.0,False,1,,,,
HEART,RNA_extr_conc,meta/TRNSCRPT,library,vial,numeric,10,10,0.0,0.0,False,19,auroc,0.705,0.13042537721263486,0.705
HEART,RIN,meta/TRNSCRPT,library,vial,numeric,10,10,0.0,0.0,False,5,auroc,0.51,0.9668941734045581,0.51
HEART,r_260_280,meta/TRNSCRPT,library,vial,numeric,10,10,0.7,0.9,False,2,,,,
HEART,r_260_230,meta/TRNSCRPT,library,vial,numeric,10,10,0.7,0.9,False,4,,,,
HEART,Lib_prep_date,meta/TRNSCRPT,library,vial,datetime,10,10,0.0,0.0,False,1,,,,
HEART,Lib_RNA_conc,meta/TRNSCRPT,library,vial,numeric,10,10,0.0,0.0,False,1,,,,
HEART,Lib_RNA_vol,meta/TRNSCRPT,library,vial,numeric,10,10,0.0,0.0,False,1,,,,
HEART,Lib_robot,meta/TRNSCRPT,library,vial,categorical,10,10,0.0,0.0,False,1,,,,
HEART,Lib_vendor,meta/TRNSCRPT,library,vial,categorical,10,10,0.0,0.0,False,1,,,,
HEART,Lib_type,meta/TRNSCRPT,library,vial,categorical,10,10,0.0,0.0,False,1,,,,
HEART,Lib_kit_id,meta/TRNSCRPT,library,vial,categorical,10,10,0.0,0.0,False,1,,,,
HEART,Lib_batch_ID,meta/TRNSCRPT,library,vial,categorical,10,10,0.0,0.0,False,1,,,,
HEART,Lib_barcode_well,meta/TRNSCRPT,library,vial,categorical,10,10,0.0,0.0,False,20,cramers_v,1.0,0.39457818208600104,
HEART,Lib_index_1,meta/TRNSCRPT,library,vial,categorical,10,10,0.0,0.0,False,20,cramers_v,1.0,0.39457818208600104,
HEART,Lib_index_2,meta/TRNSCRPT,library,vial,categorical,10,10,0.0,0.0,False,20,cramers_v,1.0,0.39457818208600104,
HEART,Lib_adapter_1,meta/TRNSCRPT,library,vial,categorical,10,10,0.0,0.0,False,1,,,,
HEART,Lib_adapter_2,meta/TRNSCRPT,library,vial,categorical,10,10,0.0,0.0,False,1,,,,
HEART,Lib_UMI_cycle_num,meta/TRNSCRPT,library,vial,numeric,10,10,0.0,0.0,False,1,,,,
HEART,Lib_adapter_size,meta/TRNSCRPT,library,vial,numeric,10,10,0.0,0.0,False,1,,,,
HEART,Lib_frag_size,meta/TRNSCRPT,library,vial,numeric,10,10,0.0,0.0,False,16,auroc,0.5349999999999999,0.8203300628753258,0.465
HEART,Lib_DNA_conc,meta/TRNSCRPT,library,vial,numeric,10,10,0.0,0.0,False,20,auroc,0.66,0.24132159301718004,0.66
HEART,Lib_molarity,meta/TRNSCRPT,library,vial,numeric,10,10,0.0,0.0,False,20,auroc,0.5800000000000001,0.5707503880581739,0.42
HEART,Seq_platform,meta/TRNSCRPT,library,vial,categorical,10,10,0.0,0.0,False,1,,,,
HEART,Seq_date,meta/TRNSCRPT,library,vial,numeric,10,10,0.0,0.0,False,1,,,,
HEART,Seq_machine_ID,meta/TRNSCRPT,library,vial,categorical,10,10,0.0,0.0,False,1,,,,
HEART,Seq_flowcell_ID,meta/TRNSCRPT,library,vial,categorical,10,10,0.0,0.0,False,1,,,,
HEART,Seq_flowcell_run,meta/TRNSCRPT,library,vial,numeric,10,10,0.0,0.0,False,1,,,,
HEART,Seq_flowcell_lane,meta/TRNSCRPT,library,vial,categorical,10,10,0.0,0.0,False,1,,,,
HEART,Seq_flowcell_type,meta/TRNSCRPT,library,vial,categorical,10,10,0.0,0.0,False,1,,,,
HEART,Seq_length,meta/TRNSCRPT,library,vial,numeric,10,10,0.0,0.0,False,1,,,,
HEART,Seq_end_type,meta/TRNSCRPT,library,vial,numeric,10,10,0.0,0.0,False,1,,,,
HEART,Seq_batch,meta/TRNSCRPT,library,vial,categorical,10,10,0.0,0.0,False,1,,,,
HEART,reads_raw,meta/TRNSCRPT,depth,vial,numeric,10,10,0.0,0.0,False,20,auroc,0.8200000000000001,0.017257456083119765,0.18
HEART,pct_adapter_detected,meta/TRNSCRPT,qc,vial,numeric,10,10,0.0,0.0,False,18,auroc,0.57,0.6229147020941013,0.57
HEART,pct_trimmed,meta/TRNSCRPT,qc,vial,numeric,10,10,0.0,0.0,False,20,auroc,0.6,0.47267559351158717,0.6
HEART,pct_trimmed_bases,meta/TRNSCRPT,qc,vial,numeric,10,10,0.0,0.0,False,20,auroc,0.57,0.6231762238821174,0.57
HEART,reads,meta/TRNSCRPT,depth,vial,numeric,10,10,0.0,0.0,False,20,auroc,0.83,0.014019277113959951,0.17
HEART,pct_GC,meta/TRNSCRPT,qc,vial,numeric,10,10,0.0,0.0,False,4,auroc,0.6699999999999999,0.1563853728916146,0.33
HEART,pct_dup_sequence,meta/TRNSCRPT,qc,vial,numeric,10,10,0.0,0.0,False,20,auroc,0.55,0.7337299956962472,0.55
HEART,pct_rRNA,meta/TRNSCRPT,qc,vial,numeric,10,10,0.0,0.0,False,6,auroc,0.53,0.8456867367859529,0.47
HEART,pct_globin,meta/TRNSCRPT,qc,vial,numeric,10,10,0.0,0.0,False,3,auroc,0.585,0.45070078042613604,0.415
HEART,pct_phix,meta/TRNSCRPT,qc,vial,numeric,10,10,0.0,0.0,False,1,,,,
HEART,pct_picard_dup,meta/TRNSCRPT,qc,vial,numeric,10,10,0.0,0.0,False,20,auroc,0.58,0.5707503880581739,0.58
HEART,pct_umi_dup,meta/TRNSCRPT,qc,vial,numeric,10,10,0.0,0.0,False,20,auroc,0.61,0.4273553138978077,0.61
HEART,avg_input_read_length,meta/TRNSCRPT,qc,vial,numeric,10,10,0.0,0.0,False,2,auroc,0.55,0.36812025069351895,0.55
HEART,uniquely_mapped,meta/TRNSCRPT,depth,vial,numeric,10,10,0.0,0.0,False,20,auroc,0.85,0.009108496398030965,0.15
HEART,pct_uniquely_mapped,meta/TRNSCRPT,qc,vial,numeric,10,10,0.0,0.0,False,17,auroc,0.8049999999999999,0.02282442792556097,0.195
HEART,avg_mapped_read_length,meta/TRNSCRPT,qc,vial,numeric,10,10,0.0,0.0,False,19,auroc,0.565,0.6500246299061012,0.565
HEART,num_splices,meta/TRNSCRPT,depth,vial,numeric,10,10,0.0,0.0,False,20,auroc,0.9299999999999999,0.0013149446697132139,0.07
HEART,num_annotated_splices,meta/TRNSCRPT,depth,vial,numeric,10,10,0.0,0.0,False,20,auroc,0.9299999999999999,0.0013149446697132139,0.07
HEART,num_GTAG_splices,meta/TRNSCRPT,depth,vial,numeric,10,10,0.0,0.0,False,20,auroc,0.9299999999999999,0.0013149446697132139,0.07
HEART,num_GCAG_splices,meta/TRNSCRPT,depth,vial,numeric,10,10,0.0,0.0,False,20,auroc,0.91,0.0022022199424970783,0.09
HEART,num_ATAC_splices,meta/TRNSCRPT,depth,vial,numeric,10,10,0.0,0.0,False,20,auroc,0.91,0.0022022199424970783,0.09
HEART,num_noncanonical_splices,meta/TRNSCRPT,depth,vial,numeric,10,10,0.0,0.0,False,20,auroc,0.94,0.0010079762403767444,0.06
HEART,pct_multimapped,meta/TRNSCRPT,qc,vial,numeric,10,10,0.0,0.0,False,18,auroc,0.62,0.38431535151814844,0.62
HEART,pct_multimapped_toomany,meta/TRNSCRPT,qc,vial,numeric,10,10,0.0,0.0,False,4,auroc,0.59,0.4933018986952281,0.59
HEART,pct_unmapped_mismatches,meta/TRNSCRPT,qc,vial,numeric,10,10,0.0,0.0,False,1,,,,
HEART,pct_unmapped_tooshort,meta/TRNSCRPT,qc,vial,numeric,10,10,0.0,0.0,False,13,auroc,0.735,0.08048824206752035,0.735
HEART,pct_unmapped_other,meta/TRNSCRPT,qc,vial,numeric,10,10,0.0,0.0,False,2,auroc,0.65,0.07671597678760605,0.35
HEART,pct_chimeric,meta/TRNSCRPT,qc,vial,numeric,10,10,0.0,0.0,False,1,,,,
HEART,pct_chrX,meta/TRNSCRPT,qc,vial,numeric,10,10,0.0,0.0,False,20,auroc,0.62,0.3846730627355087,0.38
HEART,pct_chrY,meta/TRNSCRPT,qc,vial,numeric,10,10,0.0,0.0,False,19,auroc,0.62,0.3844942826161789,0.38
HEART,pct_chrM,meta/TRNSCRPT,qc,vial,numeric,10,10,0.0,0.0,False,20,auroc,0.65,0.27303633975118835,0.65
HEART,pct_chrAuto,meta/TRNSCRPT,qc,vial,numeric,10,10,0.0,0.0,False,20,auroc,0.6699999999999999,0.21229383619233166,0.33
HEART,pct_contig,meta/TRNSCRPT,qc,vial,numeric,10,10,0.0,0.0,False,11,auroc,0.665,0.22366976923028747,0.335
HEART,pct_coding,meta/TRNSCRPT,qc,vial,numeric,10,10,0.0,0.0,False,20,auroc,0.66,0.24132159301718004,0.66
HEART,pct_utr,meta/TRNSCRPT,qc,vial,numeric,10,10,0.0,0.0,False,20,auroc,0.64,0.3074894566186813,0.36
HEART,pct_intronic,meta/TRNSCRPT,qc,vial,numeric,10,10,0.0,0.0,False,20,auroc,0.71,0.12122450301291661,0.29
HEART,pct_intergenic,meta/TRNSCRPT,qc,vial,numeric,10,10,0.0,0.0,False,20,auroc,0.55,0.7337299956962472,0.45
HEART,pct_mrna,meta/TRNSCRPT,qc,vial,numeric,10,10,0.0,0.0,False,20,auroc,0.65,0.27303633975118835,0.65
HEART,median_5_3_bias,meta/TRNSCRPT,qc,vial,numeric,10,10,0.0,0.0,False,20,auroc,0.59,0.5205228832757727,0.59
HEART,Lib_barcode_well_row,meta/TRNSCRPT,library,vial,numeric,10,10,0.0,0.0,False,8,auroc,0.615,0.4021175978364985,0.615
HEART,Lib_barcode_well_col,meta/TRNSCRPT,library,vial,numeric,10,10,0.0,0.0,False,3,auroc,0.5800000000000001,0.5424086835165952,0.42
HEART,tmt_plex,meta/PROT,processing,vial,categorical,10,10,0.0,0.0,False,6,cramers_v,0.18257418583505536,0.984747879018509,
HEART,tmt11_channel,meta/PROT,processing,vial,categorical,10,10,0.0,0.0,False,10,cramers_v,0.6582805886043833,0.4685950118243075,
KIDNEY,key.protocol,PHENO,design,animal,categorical,10,10,0.0,0.0,False,1,,,,
KIDNEY,key.agegroup,PHENO,design,animal,categorical,10,10,0.0,0.0,False,1,,,,
KIDNEY,key.d_arrive,PHENO,collection,animal,datetime,10,10,0.0,0.0,False,2,auroc,0.5,1.0,0.5
KIDNEY,key.d_sacrifice,PHENO,collection,animal,datetime,10,10,0.0,0.0,False,10,auroc,0.595,0.49368120763238343,0.405
KIDNEY,key.intervention,PHENO,design,animal,categorical,10,10,0.0,0.0,False,2,cramers_v,1.0,1.082508822446903e-05,
KIDNEY,key.sacrificetime,PHENO,design,animal,categorical,10,10,0.0,0.0,False,1,,,,
KIDNEY,key.anirandgroup,PHENO,design,animal,categorical,10,10,0.0,0.0,False,2,cramers_v,1.0,1.082508822446903e-05,
KIDNEY,key.siteid,PHENO,collection,animal,categorical,10,10,0.0,0.0,False,1,,,,
KIDNEY,familiarization.d_visit,PHENO,baseline,animal,datetime,10,10,0.0,0.0,False,2,auroc,0.5,1.0,0.5
KIDNEY,familiarization.days_visit,PHENO,baseline,animal,numeric,10,10,0.0,0.0,False,1,,,,
KIDNEY,familiarization.staffid,PHENO,baseline,animal,numeric,10,10,0.0,0.0,False,1,,,,
KIDNEY,familiarization.siteid,PHENO,baseline,animal,categorical,10,10,0.0,0.0,False,1,,,,
KIDNEY,familiarization.d_treadmillbegin,PHENO,baseline,animal,datetime,10,10,0.0,0.0,False,2,auroc,0.5,1.0,0.5
KIDNEY,familiarization.days_treadmillbegin,PHENO,baseline,animal,numeric,10,10,0.0,0.0,False,1,,,,
KIDNEY,familiarization.d_treadmillcomplete,PHENO,baseline,animal,datetime,10,10,0.0,0.0,False,2,auroc,0.5,1.0,0.5
KIDNEY,familiarization.days_treadmillcomplete,PHENO,baseline,animal,numeric,10,10,0.0,0.0,False,1,,,,
KIDNEY,familiarization.activity_score,PHENO,baseline,animal,numeric,10,10,0.0,0.0,False,2,auroc,0.65,0.18513247335593686,0.35
KIDNEY,familiarization.compliant,PHENO,baseline,animal,categorical,10,10,0.0,0.0,False,1,,,,
KIDNEY,familiarization.weight,PHENO,baseline,animal,numeric,10,10,0.0,0.0,False,20,auroc,0.6,0.47267559351158717,0.4
KIDNEY,nmr.testing.d_visit_1,PHENO,baseline,animal,datetime,10,10,0.0,0.0,False,2,auroc,0.5,1.0,0.5
KIDNEY,nmr.testing.days_visit_1,PHENO,baseline,animal,numeric,10,10,0.0,0.0,False,1,,,,
KIDNEY,nmr.testing.staffid_1,PHENO,baseline,animal,numeric,10,10,0.0,0.0,False,1,,,,
KIDNEY,nmr.testing.siteid_1,PHENO,baseline,animal,categorical,10,10,0.0,0.0,False,1,,,,
KIDNEY,nmr.testing.d_nmr_1,PHENO,baseline,animal,datetime,10,10,0.0,0.0,False,2,auroc,0.5,1.0,0.5
KIDNEY,nmr.testing.days_nmr_1,PHENO,baseline,animal,numeric,10,10,0.0,0.0,False,1,,,,
KIDNEY,nmr.testing.nmr_weight_1,PHENO,baseline,animal,numeric,10,10,0.0,0.0,False,20,auroc,0.6,0.47267559351158717,0.4
KIDNEY,nmr.testing.nmr_fat_1,PHENO,baseline,animal,numeric,10,10,0.0,0.0,False,19,auroc,0.6,0.472509068324386,0.4
KIDNEY,nmr.testing.nmr_lean_1,PHENO,baseline,animal,numeric,10,10,0.0,0.0,False,15,auroc,0.585,0.5439838315636973,0.415
KIDNEY,nmr.testing.nmr_fluid_1,PHENO,baseline,animal,numeric,10,10,0.0,0.0,False,11,auroc,0.56,0.6755061335233105,0.44
KIDNEY,nmr.testing.d_visit_2,PHENO,outcome,animal,datetime,10,10,0.0,0.0,False,10,auroc,0.595,0.49368120763238343,0.405
KIDNEY,nmr.testing.days_visit_2,PHENO,outcome,animal,numeric,10,10,0.0,0.0,False,6,auroc,0.6699999999999999,0.20269853574703167,0.33
KIDNEY,nmr.testing.staffid_2,PHENO,outcome,animal,numeric,10,10,0.0,0.0,False,1,,,,
KIDNEY,nmr.testing.siteid_2,PHENO,outcome,animal,categorical,10,10,0.0,0.0,False,1,,,,
KIDNEY,nmr.testing.d_nmr_2,PHENO,outcome,animal,datetime,10,10,0.0,0.0,False,10,auroc,0.595,0.49368120763238343,0.405
KIDNEY,nmr.testing.days_nmr_2,PHENO,outcome,animal,numeric,10,10,0.0,0.0,False,6,auroc,0.6699999999999999,0.20269853574703167,0.33
KIDNEY,nmr.testing.nmr_weight_2,PHENO,outcome,animal,numeric,10,10,0.0,0.0,False,20,auroc,0.73,0.08897301170181328,0.27
KIDNEY,nmr.testing.nmr_fat_2,PHENO,outcome,animal,numeric,10,10,0.0,0.0,False,19,auroc,1.0,0.0001816511460914649,0.0
KIDNEY,nmr.testing.nmr_lean_2,PHENO,outcome,animal,numeric,10,10,0.0,0.0,False,19,auroc,0.77,0.04507378631623228,0.77
KIDNEY,nmr.testing.nmr_fluid_2,PHENO,outcome,animal,numeric,10,10,0.0,0.0,False,12,auroc,0.735,0.08014319384487509,0.265
KIDNEY,nmr.testing.nmr_comments_2,PHENO,outcome,animal,empty,10,10,1.0,1.0,False,0,,,,
KIDNEY,registration.d_visit,PHENO,collection,animal,datetime,10,10,0.0,0.0,False,4,auroc,0.525,0.8716699402398118,0.525
KIDNEY,registration.days_visit,PHENO,collection,animal,numeric,10,10,0.0,0.0,False,4,auroc,0.575,0.5718140573849769,0.575
KIDNEY,registration.staffid,PHENO,collection,animal,numeric,10,10,0.0,0.0,False,1,,,,
KIDNEY,registration.siteid,PHENO,collection,animal,categorical,10,10,0.0,0.0,False,1,,,,
KIDNEY,registration.d_arrive,PHENO,collection,animal,datetime,10,10,0.0,0.0,False,2,auroc,0.5,1.0,0.5
KIDNEY,registration.days_arrive,PHENO,collection,animal,numeric,10,10,0.0,0.0,False,1,,,,
KIDNEY,registration.batchnumber,PHENO,collection,animal,numeric,10,10,0.0,0.0,False,1,,,,
KIDNEY,registration.d_reverselight,PHENO,collection,animal,datetime,10,10,0.0,0.0,False,2,auroc,0.5,1.0,0.5
KIDNEY,registration.days_reverselight,PHENO,collection,animal,numeric,10,10,0.0,0.0,False,2,auroc,0.5,1.0,0.5
KIDNEY,registration.d_birth,PHENO,baseline,animal,datetime,10,10,0.0,0.0,False,2,auroc,0.5,1.0,0.5
KIDNEY,registration.days_birth,PHENO,baseline,animal,numeric,10,10,0.0,0.0,False,2,auroc,0.5,1.0,0.5
KIDNEY,registration.sex,PHENO,collection,animal,categorical,10,10,0.0,0.0,False,2,cramers_v,0.0,1.0,
KIDNEY,registration.weight,PHENO,baseline,animal,numeric,10,10,0.0,0.0,False,20,auroc,0.5900000000000001,0.5205228832757727,0.41
KIDNEY,registration.cagenumber,PHENO,collection,animal,numeric,10,10,0.0,0.0,False,17,auroc,0.54,0.7911065051576629,0.46
KIDNEY,specimen.collection.d_visit,PHENO,collection,animal,datetime,10,10,0.0,0.0,False,10,auroc,0.595,0.49368120763238343,0.405
KIDNEY,specimen.collection.days_visit,PHENO,collection,animal,numeric,10,10,0.0,0.0,False,6,auroc,0.6699999999999999,0.20269853574703167,0.33
KIDNEY,specimen.collection.staffid,PHENO,collection,animal,numeric,10,10,0.0,0.0,False,2,auroc,0.5,1.0,0.5
KIDNEY,specimen.collection.siteid,PHENO,collection,animal,categorical,10,10,0.0,0.0,False,1,,,,
KIDNEY,specimen.collection.anesthesiaid,PHENO,collection,animal,numeric,10,10,0.0,0.0,False,2,auroc,0.6,0.300557543399555,0.6
KIDNEY,specimen.collection.t_anesthesia,PHENO,collection,animal,time,10,10,0.0,0.0,False,19,auroc,0.565,0.6500246299061012,0.565
KIDNEY,specimen.collection.bloodtype,PHENO,collection,animal,categorical,10,10,0.0,0.0,False,1,,,,
KIDNEY,specimen.collection.bloodtube,PHENO,collection,animal,categorical,10,10,0.0,0.0,False,1,,,,
KIDNEY,specimen.collection.bloodcomplete,PHENO,collection,animal,categorical,10,10,0.0,0.0,False,2,cramers_v,0.14002800840280097,1.0,
KIDNEY,specimen.collection.bloodtechid,PHENO,collection,animal,categorical,10,10,0.0,0.0,False,1,,,,
KIDNEY,specimen.collection.t_bloodstart,PHENO,collection,animal,time,10,10,0.0,0.0,False,20,auroc,0.57,0.6231762238821174,0.57
KIDNEY,specimen.collection.t_bloodstop,PHENO,collection,animal,time,10,10,0.0,0.0,False,20,auroc,0.57,0.6231762238821174,0.57
KIDNEY,specimen.collection.t_edtafill,PHENO,collection,animal,time,10,10,0.0,0.0,False,20,auroc,0.54,0.7913367801006604,0.54
KIDNEY,specimen.collection.uterustype,PHENO,collection,animal,empty,10,10,1.0,1.0,False,0,,,,
KIDNEY,specimen.collection.uteruscomplete,PHENO,collection,animal,empty,10,10,1.0,1.0,False,0,,,,
KIDNEY,specimen.collection.t_death,PHENO,collection,animal,time,10,10,0.0,0.0,False,20,auroc,0.57,0.6231762238821174,0.57
KIDNEY,specimen.collection.deathtype,PHENO,collection,animal,categorical,10,10,0.0,0.0,False,1,,,,
KIDNEY,terminal.weight.bw,PHENO,outcome,animal,numeric,10,10,0.0,0.0,False,20,auroc,0.71,0.12122450301291661,0.29
KIDNEY,terminal.weight.lg,PHENO,outcome,animal,numeric,10,10,0.0,0.0,False,20,auroc,0.5800000000000001,0.5707503880581739,0.42
KIDNEY,terminal.weight.mg,PHENO,outcome,animal,numeric,10,10,0.0,0.0,False,18,auroc,0.565,0.6499016865452631,0.435
KIDNEY,terminal.weight.pl,PHENO,outcome,animal,numeric,10,10,0.0,0.0,False,19,auroc,0.5549999999999999,0.7053513720635047,0.445
KIDNEY,terminal.weight.sol,PHENO,outcome,animal,numeric,10,10,0.0,0.0,False,20,auroc,0.58,0.5707503880581739,0.58
KIDNEY,training.d_visit,PHENO,outcome,animal,datetime,10,10,0.0,0.0,False,10,auroc,0.595,0.49368120763238343,0.405
KIDNEY,training.days_visit,PHENO,outcome,animal,numeric,10,10,0.0,0.0,False,6,auroc,0.6699999999999999,0.20269853574703167,0.33
KIDNEY,training.staffid,PHENO,outcome,animal,numeric,10,10,0.0,0.0,False,1,,,,
KIDNEY,training.siteid,PHENO,outcome,animal,categorical,10,10,0.0,0.0,False,1,,,,
KIDNEY,training.day1date,PHENO,outcome,animal,datetime,10,10,0.0,0.0,False,10,auroc,0.595,0.49368120763238343,0.405
KIDNEY,training.day1_days,PHENO,outcome,animal,numeric,10,10,0.0,0.0,False,6,auroc,0.6699999999999999,0.20269853574703167,0.33
KIDNEY,training.day1time,PHENO,outcome,animal,time,10,10,0.0,0.0,False,11,auroc,0.575,0.5948953826127479,0.425
KIDNEY,training.day1_treadmillspeed,PHENO,outcome,animal,numeric,10,10,0.0,0.0,False,3,auroc,1.0,4.73140726040938e-05,1.0
KIDNEY,training.day1_treadmillincline,PHENO,outcome,animal,numeric,10,10,0.0,0.0,False,1,,,,
KIDNEY,training.day1_timeontreadmill,PHENO,outcome,animal,numeric,10,10,0.0,0.0,False,2,auroc,0.8,0.005015918125903367,0.8
KIDNEY,training.day1_weight,PHENO,outcome,animal,numeric,10,10,0.0,0.0,False,19,auroc,0.6,0.472509068324386,0.4
KIDNEY,training.day1_posttrainlact,PHENO,outcome,animal,numeric,10,10,1.0,0.5,False,4,,,,
KIDNEY,training.day1_score,PHENO,outcome,animal,numeric,10,10,1.0,0.0,True,3,,,,
KIDNEY,training.day2date,PHENO,outcome,animal,datetime,10,10,0.0,0.0,False,10,auroc,0.595,0.49368120763238343,0.405
KIDNEY,training.day2_days,PHENO,outcome,animal,numeric,10,10,0.0,0.0,False,6,auroc,0.6699999999999999,0.20269853574703167,0.33
KIDNEY,training.day2time,PHENO,outcome,animal,time,10,10,0.0,0.0,False,13,auroc,0.525,0.879514088297801,0.475
KIDNEY,training.day2_treadmillspeed,PHENO,outcome,animal,numeric,10,10,0.0,0.0,False,3,auroc,1.0,4.73140726040938e-05,1.0
KIDNEY,training.day2_treadmillincline,PHENO,outcome,animal,numeric,10,10,0.0,0.0,False,1,,,,
KIDNEY,training.day2_timeontreadmill,PHENO,outcome,animal,numeric,10,10,0.0,0.0,False,2,auroc,0.8,0.005015918125903367,0.8
KIDNEY,training.day2_score,PHENO,outcome,animal,numeric,10,10,1.0,0.0,True,3,,,,
KIDNEY,training.day3date,PHENO,outcome,animal,datetime,10,10,0.0,0.0,False,10,auroc,0.595,0.49368120763238343,0.405
KIDNEY,training.day3_days,PHENO,outcome,animal,numeric,10,10,0.0,0.0,False,6,auroc,0.6699999999999999,0.20269853574703167,0.33
KIDNEY,training.day3time,PHENO,outcome,animal,time,10,10,0.0,0.0,False,12,auroc,0.685,0.171996585262853,0.315
KIDNEY,training.day3_treadmillspeed,PHENO,outcome,animal,numeric,10,10,0.0,0.0,False,3,auroc,1.0,4.73140726040938e-05,1.0
KIDNEY,training.day3_treadmillincline,PHENO,outcome,animal,numeric,10,10,0.0,0.0,False,1,,,,
KIDNEY,training.day3_timeontreadmill,PHENO,outcome,animal,numeric,10,10,0.0,0.0,False,2,auroc,0.8,0.005015918125903367,0.8
KIDNEY,training.day3_score,PHENO,outcome,animal,numeric,10,10,1.0,0.0,True,3,,,,
KIDNEY,training.day4date,PHENO,outcome,animal,datetime,10,10,0.0,0.0,False,10,auroc,0.595,0.49368120763238343,0.405
KIDNEY,training.day4_days,PHENO,outcome,animal,numeric,10,10,0.0,0.0,False,6,auroc,0.6699999999999999,0.20269853574703167,0.33
KIDNEY,training.day4time,PHENO,outcome,animal,time,10,10,0.0,0.0,False,14,auroc,0.7,0.13956906564539742,0.3
KIDNEY,training.day4_treadmillspeed,PHENO,outcome,animal,numeric,10,10,0.0,0.0,False,3,auroc,1.0,4.73140726040938e-05,1.0
KIDNEY,training.day4_treadmillincline,PHENO,outcome,animal,numeric,10,10,0.0,0.0,False,1,,,,
KIDNEY,training.day4_timeontreadmill,PHENO,outcome,animal,numeric,10,10,0.0,0.0,False,2,auroc,0.8,0.005015918125903367,0.8
KIDNEY,training.day4_score,PHENO,outcome,animal,numeric,10,10,1.0,0.0,True,3,,,,
KIDNEY,training.day5date,PHENO,outcome,animal,datetime,10,10,0.0,0.0,False,10,auroc,0.595,0.49368120763238343,0.405
KIDNEY,training.day5_days,PHENO,outcome,animal,numeric,10,10,0.0,0.0,False,6,auroc,0.6699999999999999,0.20269853574703167,0.33
KIDNEY,training.day5time,PHENO,outcome,animal,time,10,10,0.0,0.0,False,13,auroc,0.6,0.470329985735076,0.4
KIDNEY,training.day5_treadmillspeed,PHENO,outcome,animal,numeric,10,10,0.0,0.0,False,3,auroc,1.0,4.73140726040938e-05,1.0
KIDNEY,training.day5_treadmillincline,PHENO,outcome,animal,numeric,10,10,0.0,0.0,False,1,,,,
KIDNEY,training.day5_timeontreadmill,PHENO,outcome,animal,numeric,10,10,0.0,0.0,False,2,auroc,0.8,0.005015918125903367,0.8
KIDNEY,training.day5_posttrainlact,PHENO,outcome,animal,numeric,10,10,1.0,0.0,True,7,,,,
KIDNEY,training.day5_score,PHENO,outcome,animal,numeric,10,10,1.0,0.0,True,3,,,,
KIDNEY,training.day6date,PHENO,outcome,animal,datetime,10,10,0.0,0.0,False,10,auroc,0.595,0.49368120763238343,0.405
KIDNEY,training.day6_days,PHENO,outcome,animal,numeric,10,10,0.0,0.0,False,6,auroc,0.6699999999999999,0.20269853574703167,0.33
KIDNEY,training.day6time,PHENO,outcome,animal,time,10,10,0.0,0.0,False,14,auroc,0.665,0.22542674492729098,0.335
KIDNEY,training.day6_treadmillspeed,PHENO,outcome,animal,numeric,10,10,0.0,0.0,False,3,auroc,1.0,4.73140726040938e-05,1.0
KIDNEY,training.day6_treadmillincline,PHENO,outcome,animal,numeric,10,10,0.0,0.0,False,1,,,,
KIDNEY,training.day6_timeontreadmill,PHENO,outcome,animal,numeric,10,10,0.0,0.0,False,2,auroc,0.95,9.66051900821123e-05,0.95
KIDNEY,training.day6_weight,PHENO,outcome,animal,numeric,10,10,0.0,0.0,False,20,auroc,0.63,0.3447042220069576,0.37
KIDNEY,training.day6_posttrainlact,PHENO,outcome,animal,numeric,10,10,1.0,0.0,True,10,,,,
KIDNEY,training.day6_score,PHENO,outcome,animal,numeric,10,10,1.0,0.0,True,3,,,,
KIDNEY,training.day7date,PHENO,outcome,animal,datetime,10,10,0.0,0.0,False,10,auroc,0.595,0.49368120763238343,0.405
KIDNEY,training.day7_days,PHENO,outcome,animal,numeric,10,10,0.0,0.0,False,6,auroc,0.6699999999999999,0.20269853574703167,0.33
KIDNEY,training.day7time,PHENO,outcome,animal,time,10,10,0.0,0.0,False,13,auroc,0.5449999999999999,0.7615851509629026,0.455
KIDNEY,training.day7_treadmillspeed,PHENO,outcome,animal,numeric,10,10,0.0,0.0,False,3,auroc,1.0,4.73140726040938e-05,1.0
KIDNEY,training.day7_treadmillincline,PHENO,outcome,animal,numeric,10,10,0.0,0.0,False,1,,,,
KIDNEY,training.day7_timeontreadmill,PHENO,outcome,animal,numeric,10,10,0.0,0.0,False,2,auroc,0.95,9.66051900821123e-05,0.95
KIDNEY,training.day7_posttrainlact,PHENO,outcome,animal,numeric,10,10,1.0,0.9,False,1,,,,
KIDNEY,training.day7_score,PHENO,outcome,animal,numeric,10,10,1.0,0.0,True,3,,,,
KIDNEY,training.day8date,PHENO,outcome,animal,datetime,10,10,0.0,0.0,False,10,auroc,0.595,0.49368120763238343,0.405
KIDNEY,training.day8_days,PHENO,outcome,animal,numeric,10,10,0.0,0.0,False,6,auroc,0.6699999999999999,0.20269853574703167,0.33
KIDNEY,training.day8time,PHENO,outcome,animal,time,10,10,0.0,0.0,False,17,auroc,0.595,0.49580527609991076,0.405
KIDNEY,training.day8_treadmillspeed,PHENO,outcome,animal,numeric,10,10,0.0,0.0,False,3,auroc,1.0,4.73140726040938e-05,1.0
KIDNEY,training.day8_treadmillincline,PHENO,outcome,animal,numeric,10,10,0.0,0.0,False,1,,,,
KIDNEY,training.day8_timeontreadmill,PHENO,outcome,animal,numeric,10,10,0.0,0.0,False,2,auroc,1.0,1.593791168806624e-05,1.0
KIDNEY,training.day8_posttrainlact,PHENO,outcome,animal,numeric,10,10,1.0,0.9,False,1,,,,
KIDNEY,training.day8_score,PHENO,outcome,animal,numeric,10,10,1.0,0.0,True,3,,,,
KIDNEY,training.day9date,PHENO,outcome,animal,datetime,10,10,0.0,0.0,False,10,auroc,0.595,0.49368120763238343,0.405
KIDNEY,training.day9_days,PHENO,outcome,animal,numeric,10,10,0.0,0.0,False,6,auroc,0.6699999999999999,0.20269853574703167,0.33
KIDNEY,training.day9time,PHENO,outcome,animal,time,10,10,0.0,0.0,False,15,auroc,0.64,0.3065784952080737,0.36
KIDNEY,training.day9_treadmillspeed,PHENO,outcome,animal,numeric,10,10,0.0,0.0,False,3,auroc,1.0,4.73140726040938e-05,1.0
KIDNEY,training.day9_treadmillincline,PHENO,outcome,animal,numeric,10,10,0.0,0.0,False,1,,,,
KIDNEY,training.day9_timeontreadmill,PHENO,outcome,animal,numeric,10,10,0.0,0.0,False,2,auroc,1.0,1.593791168806624e-05,1.0
KIDNEY,training.day9_posttrainlact,PHENO,outcome,animal,numeric,10,10,1.0,0.9,False,1,,,,
KIDNEY,training.day9_score,PHENO,outcome,animal,numeric,10,10,1.0,0.0,True,3,,,,
KIDNEY,training.day10date,PHENO,outcome,animal,datetime,10,10,0.0,0.0,False,10,auroc,0.595,0.49368120763238343,0.405
KIDNEY,training.day10_days,PHENO,outcome,animal,numeric,10,10,0.0,0.0,False,6,auroc,0.6699999999999999,0.20269853574703167,0.33
KIDNEY,training.day10time,PHENO,outcome,animal,time,10,10,0.0,0.0,False,15,auroc,0.65,0.27213326199524046,0.35
KIDNEY,training.day10_treadmillspeed,PHENO,outcome,animal,numeric,10,10,0.0,0.0,False,3,auroc,1.0,4.73140726040938e-05,1.0
KIDNEY,training.day10_treadmillincline,PHENO,outcome,animal,numeric,10,10,0.0,0.0,False,1,,,,
KIDNEY,training.day10_timeontreadmill,PHENO,outcome,animal,numeric,10,10,0.0,0.0,False,2,auroc,1.0,1.593791168806624e-05,1.0
KIDNEY,training.day10_posttrainlact,PHENO,outcome,animal,numeric,10,10,1.0,0.0,True,10,,,,
KIDNEY,training.day10_score,PHENO,outcome,animal,numeric,10,10,1.0,0.0,True,3,,,,
KIDNEY,training.day11date,PHENO,outcome,animal,datetime,10,10,0.0,0.0,False,10,auroc,0.595,0.49368120763238343,0.405
KIDNEY,training.day11_days,PHENO,outcome,animal,numeric,10,10,0.0,0.0,False,6,auroc,0.6699999999999999,0.20269853574703167,0.33
KIDNEY,training.day11time,PHENO,outcome,animal,time,10,10,0.0,0.0,False,13,auroc,0.625,0.3630802727156903,0.375
KIDNEY,training.day11_treadmillspeed,PHENO,outcome,animal,numeric,10,10,0.0,0.0,False,3,auroc,1.0,4.73140726040938e-05,1.0
KIDNEY,training.day11_treadmillincline,PHENO,outcome,animal,numeric,10,10,0.0,0.0,False,1,,,,
KIDNEY,training.day11_timeontreadmill,PHENO,outcome,animal,numeric,10,10,0.0,0.0,False,2,auroc,1.0,1.593791168806624e-05,1.0
KIDNEY,training.day11_weight,PHENO,outcome,animal,numeric,10,10,0.0,0.0,False,17,auroc,0.63,0.3441594615512613,0.37
KIDNEY,training.day11_posttrainlact,PHENO,outcome,animal,numeric,10,10,1.0,0.0,True,7,,,,
KIDNEY,training.day11_score,PHENO,outcome,animal,numeric,10,10,1.0,0.0,True,2,,,,
KIDNEY,training.day12date,PHENO,outcome,animal,datetime,10,10,0.0,0.0,False,10,auroc,0.595,0.49368120763238343,0.405
KIDNEY,training.day12_days,PHENO,outcome,animal,numeric,10,10,0.0,0.0,False,6,auroc,0.6699999999999999,0.20269853574703167,0.33
KIDNEY,training.day12time,PHENO,outcome,animal,time,10,10,0.0,0.0,False,14,auroc,0.595,0.49531745351651635,0.405
KIDNEY,training.day12_treadmillspeed,PHENO,outcome,animal,numeric,10,10,0.0,0.0,False,3,auroc,1.0,4.73140726040938e-05,1.0
KIDNEY,training.day12_treadmillincline,PHENO,outcome,animal,numeric,10,10,0.0,0.0,False,1,,,,
KIDNEY,training.day12_timeontreadmill,PHENO,outcome,animal,numeric,10,10,0.0,0.0,False,2,auroc,1.0,1.593791168806624e-05,1.0
KIDNEY,training.day12_score,PHENO,outcome,animal,numeric,10,10,1.0,0.0,True,3,,,,
KIDNEY,training.day13date,PHENO,outcome,animal,datetime,10,10,0.0,0.0,False,10,auroc,0.595,0.49368120763238343,0.405
KIDNEY,training.day13_days,PHENO,outcome,animal,numeric,10,10,0.0,0.0,False,6,auroc,0.6699999999999999,0.20269853574703167,0.33
KIDNEY,training.day13time,PHENO,outcome,animal,time,10,10,0.0,0.0,False,13,auroc,0.565,0.6492850242269921,0.435
KIDNEY,training.day13_treadmillspeed,PHENO,outcome,animal,numeric,10,10,0.0,0.0,False,3,auroc,1.0,4.73140726040938e-05,1.0
KIDNEY,training.day13_treadmillincline,PHENO,outcome,animal,numeric,10,10,0.0,0.0,False,1,,,,
KIDNEY,training.day13_timeontreadmill,PHENO,outcome,animal,numeric,10,10,0.0,0.0,False,2,auroc,1.0,1.593791168806624e-05,1.0
KIDNEY,training.day13_score,PHENO,outcome,animal,numeric,10,10,1.0,0.0,True,3,,,,
KIDNEY,training.day14date,PHENO,outcome,animal,datetime,10,10,0.0,0.0,False,10,auroc,0.595,0.49368120763238343,0.405
KIDNEY,training.day14_days,PHENO,outcome,animal,numeric,10,10,0.0,0.0,False,6,auroc,0.6699999999999999,0.20269853574703167,0.33
KIDNEY,training.day14time,PHENO,outcome,animal,time,10,10,0.0,0.0,False,14,auroc,0.645,0.28882818034097146,0.355
KIDNEY,training.day14_treadmillspeed,PHENO,outcome,animal,numeric,10,10,0.0,0.0,False,3,auroc,1.0,4.73140726040938e-05,1.0
KIDNEY,training.day14_treadmillincline,PHENO,outcome,animal,numeric,10,10,0.0,0.0,False,1,,,,
KIDNEY,training.day14_timeontreadmill,PHENO,outcome,animal,numeric,10,10,0.0,0.0,False,2,auroc,1.0,1.593791168806624e-05,1.0
KIDNEY,training.day14_score,PHENO,outcome,animal,numeric,10,10,1.0,0.0,True,3,,,,
KIDNEY,training.day15date,PHENO,outcome,animal,datetime,10,10,0.0,0.0,False,10,auroc,0.595,0.49368120763238343,0.405
KIDNEY,training.day15_days,PHENO,outcome,animal,numeric,10,10,0.0,0.0,False,6,auroc,0.6699999999999999,0.20269853574703167,0.33
KIDNEY,training.day15time,PHENO,outcome,animal,time,10,10,0.0,0.0,False,12,auroc,0.615,0.4030137617317201,0.385
KIDNEY,training.day15_treadmillspeed,PHENO,outcome,animal,numeric,10,10,0.0,0.0,False,3,auroc,1.0,4.73140726040938e-05,1.0
KIDNEY,training.day15_treadmillincline,PHENO,outcome,animal,numeric,10,10,0.0,0.0,False,1,,,,
KIDNEY,training.day15_timeontreadmill,PHENO,outcome,animal,numeric,10,10,0.0,0.0,False,2,auroc,1.0,1.593791168806624e-05,1.0
KIDNEY,training.day15_posttrainlact,PHENO,outcome,animal,numeric,10,10,1.0,0.0,True,7,,,,
KIDNEY,training.day15_score,PHENO,outcome,animal,numeric,10,10,1.0,0.0,True,3,,,,
KIDNEY,training.day16date,PHENO,outcome,animal,datetime,10,10,0.0,0.0,False,10,auroc,0.595,0.49368120763238343,0.405
KIDNEY,training.day16_days,PHENO,outcome,animal,numeric,10,10,0.0,0.0,False,6,auroc,0.6699999999999999,0.20269853574703167,0.33
KIDNEY,training.day16time,PHENO,outcome,animal,time,10,10,0.0,0.0,False,14,auroc,0.6599999999999999,0.24025816616664397,0.34
KIDNEY,training.day16_treadmillspeed,PHENO,outcome,animal,numeric,10,10,0.0,0.0,False,3,auroc,1.0,4.73140726040938e-05,1.0
KIDNEY,training.day16_treadmillincline,PHENO,outcome,animal,numeric,10,10,0.0,0.0,False,1,,,,
KIDNEY,training.day16_timeontreadmill,PHENO,outcome,animal,numeric,10,10,0.0,0.0,False,2,auroc,1.0,1.593791168806624e-05,1.0
KIDNEY,training.day16_weight,PHENO,outcome,animal,numeric,10,10,0.0,0.0,False,19,auroc,0.64,0.30730753272470845,0.36
KIDNEY,training.day16_posttrainlact,PHENO,outcome,animal,numeric,10,10,1.0,0.0,True,7,,,,
KIDNEY,training.day16_score,PHENO,outcome,animal,numeric,10,10,1.0,0.0,True,3,,,,
KIDNEY,training.day17date,PHENO,outcome,animal,datetime,10,10,0.0,0.0,False,10,auroc,0.595,0.49368120763238343,0.405
KIDNEY,training.day17_days,PHENO,outcome,animal,numeric,10,10,0.0,0.0,False,6,auroc,0.6699999999999999,0.20269853574703167,0.33
KIDNEY,training.day17time,PHENO,outcome,animal,time,10,10,0.0,0.0,False,16,auroc,0.65,0.2723141220596529,0.35
KIDNEY,training.day17_treadmillspeed,PHENO,outcome,animal,numeric,10,10,0.0,0.0,False,3,auroc,1.0,4.73140726040938e-05,1.0
KIDNEY,training.day17_treadmillincline,PHENO,outcome,animal,numeric,10,10,0.0,0.0,False,1,,,,
KIDNEY,training.day17_timeontreadmill,PHENO,outcome,animal,numeric,10,10,0.0,0.0,False,2,auroc,1.0,1.593791168806624e-05,1.0
KIDNEY,training.day17_score,PHENO,outcome,animal,numeric,10,10,1.0,0.0,True,2,,,,
KIDNEY,training.day18date,PHENO,outcome,animal,datetime,10,10,0.0,0.0,False,10,auroc,0.595,0.49368120763238343,0.405
KIDNEY,training.day18_days,PHENO,outcome,animal,numeric,10,10,0.0,0.0,False,6,auroc,0.6699999999999999,0.20269853574703167,0.33
KIDNEY,training.day18time,PHENO,outcome,animal,time,10,10,0.0,0.0,False,14,auroc,0.6599999999999999,0.24025816616664397,0.34
KIDNEY,training.day18_treadmillspeed,PHENO,outcome,animal,numeric,10,10,0.0,0.0,False,3,auroc,1.0,4.73140726040938e-05,1.0
KIDNEY,training.day18_treadmillincline,PHENO,outcome,animal,numeric,10,10,0.0,0.0,False,1,,,,
KIDNEY,training.day18_timeontreadmill,PHENO,outcome,animal,numeric,10,10,0.0,0.0,False,2,auroc,1.0,1.593791168806624e-05,1.0
KIDNEY,training.day18_score,PHENO,outcome,animal,numeric,10,10,1.0,0.0,True,3,,,,
KIDNEY,training.day19date,PHENO,outcome,animal,datetime,10,10,0.0,0.0,False,10,auroc,0.595,0.49368120763238343,0.405
KIDNEY,training.day19_days,PHENO,outcome,animal,numeric,10,10,0.0,0.0,False,6,auroc,0.6699999999999999,0.20269853574703167,0.33
KIDNEY,training.day19time,PHENO,outcome,animal,time,10,10,0.0,0.0,False,13,auroc,0.675,0.19724189236240486,0.325
KIDNEY,training.day19_treadmillspeed,PHENO,outcome,animal,numeric,10,10,0.0,0.0,False,3,auroc,1.0,4.73140726040938e-05,1.0
KIDNEY,training.day19_treadmillincline,PHENO,outcome,animal,numeric,10,10,0.0,0.0,False,1,,,,
KIDNEY,training.day19_timeontreadmill,PHENO,outcome,animal,numeric,10,10,0.0,0.0,False,2,auroc,1.0,1.593791168806624e-05,1.0
KIDNEY,training.day19_score,PHENO,outcome,animal,numeric,10,10,1.0,0.0,True,3,,,,
KIDNEY,training.day20date,PHENO,outcome,animal,datetime,10,10,0.0,0.0,False,10,auroc,0.595,0.49368120763238343,0.405
KIDNEY,training.day20_days,PHENO,outcome,animal,numeric,10,10,0.0,0.0,False,6,auroc,0.6699999999999999,0.20269853574703167,0.33
KIDNEY,training.day20time,PHENO,outcome,animal,time,10,10,0.0,0.0,False,15,auroc,0.73,0.08837244910755158,0.27
KIDNEY,training.day20_treadmillspeed,PHENO,outcome,animal,numeric,10,10,0.0,0.0,False,3,auroc,1.0,4.73140726040938e-05,1.0
KIDNEY,training.day20_treadmillincline,PHENO,outcome,animal,numeric,10,10,0.0,0.0,False,1,,,,
KIDNEY,training.day20_timeontreadmill,PHENO,outcome,animal,numeric,10,10,0.0,0.0,False,2,auroc,1.0,1.593791168806624e-05,1.0
KIDNEY,training.day20_posttrainlact,PHENO,outcome,animal,numeric,10,10,1.0,0.0,True,10,,,,
KIDNEY,training.day20_score,PHENO,outcome,animal,numeric,10,10,1.0,0.0,True,3,,,,
KIDNEY,training.day21date,PHENO,outcome,animal,datetime,10,10,0.0,0.0,False,10,auroc,0.595,0.49368120763238343,0.405
KIDNEY,training.day21_days,PHENO,outcome,animal,numeric,10,10,0.0,0.0,False,6,auroc,0.6699999999999999,0.20269853574703167,0.33
KIDNEY,training.day21time,PHENO,outcome,animal,time,10,10,0.0,0.0,False,14,auroc,0.6,0.47167410225493,0.4
KIDNEY,training.day21_treadmillspeed,PHENO,outcome,animal,numeric,10,10,0.0,0.0,False,3,auroc,1.0,4.73140726040938e-05,1.0
KIDNEY,training.day21_treadmillincline,PHENO,outcome,animal,numeric,10,10,0.0,0.0,False,1,,,,
KIDNEY,training.day21_timeontreadmill,PHENO,outcome,animal,numeric,10,10,0.0,0.0,False,2,auroc,1.0,1.593791168806624e-05,1.0
KIDNEY,training.day21_weight,PHENO,outcome,animal,numeric,10,10,0.0,0.0,False,18,auroc,0.6799999999999999,0.18554575077897684,0.32
KIDNEY,training.day21_posttrainlact,PHENO,outcome,animal,numeric,10,10,1.0,0.0,True,9,,,,
KIDNEY,training.day21_score,PHENO,outcome,animal,numeric,10,10,1.0,0.0,True,2,,,,
KIDNEY,training.day22date,PHENO,outcome,animal,datetime,10,10,0.0,0.0,False,10,auroc,0.595,0.49368120763238343,0.405
KIDNEY,training.day22_days,PHENO,outcome,animal,numeric,10,10,0.0,0.0,False,6,auroc,0.6699999999999999,0.20269853574703167,0.33
KIDNEY,training.day22time,PHENO,outcome,animal,time,10,10,0.0,0.0,False,13,auroc,0.6699999999999999,0.210743206283741,0.33
KIDNEY,training.day22_treadmillspeed,PHENO,outcome,animal,numeric,10,10,0.0,0.0,False,3,auroc,1.0,4.73140726040938e-05,1.0
KIDNEY,training.day22_treadmillincline,PHENO,outcome,animal,numeric,10,10,0.0,0.0,False,1,,,,
KIDNEY,training.day22_timeontreadmill,PHENO,outcome,animal,numeric,10,10,0.0,0.0,False,2,auroc,1.0,1.593791168806624e-05,1.0
KIDNEY,training.day22_score,PHENO,outcome,animal,numeric,10,10,1.0,0.0,True,2,,,,
KIDNEY,training.day23date,PHENO,outcome,animal,datetime,10,10,0.0,0.0,False,10,auroc,0.595,0.49368120763238343,0.405
KIDNEY,training.day23_days,PHENO,outcome,animal,numeric,10,10,0.0,0.0,False,6,auroc,0.6699999999999999,0.20269853574703167,0.33
KIDNEY,training.day23time,PHENO,outcome,animal,time,10,10,0.0,0.0,False,14,auroc,0.76,0.0533617780229716,0.24
KIDNEY,training.day23_treadmillspeed,PHENO,outcome,animal,numeric,10,10,0.0,0.0,False,3,auroc,1.0,4.73140726040938e-05,1.0
KIDNEY,training.day23_treadmillincline,PHENO,outcome,animal,numeric,10,10,0.0,0.0,False,1,,,,
KIDNEY,training.day23_timeontreadmill,PHENO,outcome,animal,numeric,10,10,0.0,0.0,False,2,auroc,1.0,1.593791168806624e-05,1.0
KIDNEY,training.day23_score,PHENO,outcome,animal,numeric,10,10,1.0,0.0,True,2,,,,
KIDNEY,training.day24date,PHENO,outcome,animal,datetime,10,10,0.0,0.0,False,10,auroc,0.595,0.49368120763238343,0.405
KIDNEY,training.day24_days,PHENO,outcome,animal,numeric,10,10,0.0,0.0,False,6,auroc,0.6699999999999999,0.20269853574703167,0.33
KIDNEY,training.day24time,PHENO,outcome,animal,time,10,10,0.0,0.0,False,13,auroc,0.635,0.3228233890194294,0.365
KIDNEY,training.day24_treadmillspeed,PHENO,outcome,animal,numeric,10,10,0.0,0.0,False,3,auroc,1.0,4.73140726040938e-05,1.0
KIDNEY,training.day24_treadmillincline,PHENO,outcome,animal,numeric,10,10,0.0,0.0,False,1,,,,
KIDNEY,training.day24_timeontreadmill,PHENO,outcome,animal,numeric,10,10,0.0,0.0,False,2,auroc,1.0,1.593791168806624e-05,1.0
KIDNEY,training.day24_score,PHENO,outcome,animal,numeric,10,10,1.0,0.0,True,3,,,,
KIDNEY,training.day25date,PHENO,outcome,animal,datetime,10,10,0.0,0.0,False,10,auroc,0.595,0.49368120763238343,0.405
KIDNEY,training.day25_days,PHENO,outcome,animal,numeric,10,10,0.0,0.0,False,6,auroc,0.6699999999999999,0.20269853574703167,0.33
KIDNEY,training.day25time,PHENO,outcome,animal,time,10,10,0.0,0.0,False,13,auroc,0.6799999999999999,0.18471693583376836,0.32
KIDNEY,training.day25_treadmillspeed,PHENO,outcome,animal,numeric,10,10,0.0,0.0,False,3,auroc,1.0,4.73140726040938e-05,1.0
KIDNEY,training.day25_treadmillincline,PHENO,outcome,animal,numeric,10,10,0.0,0.0,False,1,,,,
KIDNEY,training.day25_timeontreadmill,PHENO,outcome,animal,numeric,10,10,0.0,0.0,False,2,auroc,1.0,1.593791168806624e-05,1.0
KIDNEY,training.day25_posttrainlact,PHENO,outcome,animal,numeric,10,10,1.0,0.0,True,10,,,,
KIDNEY,training.day25_score,PHENO,outcome,animal,numeric,10,10,1.0,0.0,True,3,,,,
KIDNEY,training.day26date,PHENO,outcome,animal,datetime,10,10,0.0,0.0,False,10,auroc,0.595,0.49368120763238343,0.405
KIDNEY,training.day26_days,PHENO,outcome,animal,numeric,10,10,0.0,0.0,False,6,auroc,0.6699999999999999,0.20269853574703167,0.33
KIDNEY,training.day26time,PHENO,outcome,animal,time,10,10,0.0,0.0,False,13,auroc,0.65,0.2714085957758833,0.35
KIDNEY,training.day26_treadmillspeed,PHENO,outcome,animal,numeric,10,10,0.0,0.0,False,3,auroc,1.0,4.73140726040938e-05,1.0
KIDNEY,training.day26_treadmillincline,PHENO,outcome,animal,numeric,10,10,0.0,0.0,False,1,,,,
KIDNEY,training.day26_timeontreadmill,PHENO,outcome,animal,numeric,10,10,0.0,0.0,False,2,auroc,1.0,1.593791168806624e-05,1.0
KIDNEY,training.day26_weight,PHENO,outcome,animal,numeric,10,10,0.0,0.0,False,19,auroc,0.73,0.08885290847904961,0.27
KIDNEY,training.day26_posttrainlact,PHENO,outcome,animal,numeric,10,10,1.0,0.0,True,10,,,,
KIDNEY,training.day26_score,PHENO,outcome,animal,numeric,10,10,1.0,0.0,True,2,,,,
KIDNEY,training.day27date,PHENO,outcome,animal,datetime,10,10,0.0,0.0,False,10,auroc,0.595,0.49368120763238343,0.405
KIDNEY,training.day27_days,PHENO,outcome,animal,numeric,10,10,0.0,0.0,False,6,auroc,0.6699999999999999,0.20269853574703167,0.33
KIDNEY,training.day27time,PHENO,outcome,animal,time,10,10,0.0,0.0,False,13,auroc,0.78,0.03713317558193916,0.22
KIDNEY,training.day27_treadmillspeed,PHENO,outcome,animal,numeric,10,10,0.0,0.0,False,3,auroc,1.0,4.73140726040938e-05,1.0
KIDNEY,training.day27_treadmillincline,PHENO,outcome,animal,numeric,10,10,0.0,0.0,False,1,,,,
KIDNEY,training.day27_timeontreadmill,PHENO,outcome,animal,numeric,10,10,0.0,0.0,False,2,auroc,1.0,1.593791168806624e-05,1.0
KIDNEY,training.day27_score,PHENO,outcome,animal,numeric,10,10,1.0,0.0,True,2,,,,
KIDNEY,training.day28date,PHENO,outcome,animal,datetime,10,10,0.0,0.0,False,10,auroc,0.595,0.49368120763238343,0.405
KIDNEY,training.day28_days,PHENO,outcome,animal,numeric,10,10,0.0,0.0,False,6,auroc,0.6699999999999999,0.20269853574703167,0.33
KIDNEY,training.day28time,PHENO,outcome,animal,time,10,10,0.0,0.0,False,14,auroc,0.75,0.06322282935107827,0.25
KIDNEY,training.day28_treadmillspeed,PHENO,outcome,animal,numeric,10,10,0.0,0.0,False,3,auroc,1.0,4.73140726040938e-05,1.0
KIDNEY,training.day28_treadmillincline,PHENO,outcome,animal,numeric,10,10,0.0,0.0,False,1,,,,
KIDNEY,training.day28_timeontreadmill,PHENO,outcome,animal,numeric,10,10,0.0,0.0,False,2,auroc,1.0,1.593791168806624e-05,1.0
KIDNEY,training.day28_score,PHENO,outcome,animal,numeric,10,10,1.0,0.0,True,3,,,,
KIDNEY,training.day29date,PHENO,outcome,animal,datetime,10,10,0.0,0.0,False,10,auroc,0.595,0.49368120763238343,0.405
KIDNEY,training.day29_days,PHENO,outcome,animal,numeric,10,10,0.0,0.0,False,6,auroc,0.6699999999999999,0.20269853574703167,0.33
KIDNEY,training.day29time,PHENO,outcome,animal,time,10,10,0.0,0.0,False,14,auroc,0.75,0.06322282935107827,0.25
KIDNEY,training.day29_treadmillspeed,PHENO,outcome,animal,numeric,10,10,0.0,0.0,False,3,auroc,1.0,4.73140726040938e-05,1.0
KIDNEY,training.day29_treadmillincline,PHENO,outcome,animal,numeric,10,10,0.0,0.0,False,1,,,,
KIDNEY,training.day29_timeontreadmill,PHENO,outcome,animal,numeric,10,10,0.0,0.0,False,2,auroc,1.0,1.593791168806624e-05,1.0
KIDNEY,training.day29_score,PHENO,outcome,animal,numeric,10,10,1.0,0.0,True,3,,,,
KIDNEY,training.day30date,PHENO,outcome,animal,datetime,10,10,0.0,0.0,False,10,auroc,0.595,0.49368120763238343,0.405
KIDNEY,training.day30_days,PHENO,outcome,animal,numeric,10,10,0.0,0.0,False,6,auroc,0.6699999999999999,0.20269853574703167,0.33
KIDNEY,training.day30time,PHENO,outcome,animal,time,10,10,0.0,0.0,False,15,auroc,0.91,0.002160140722215307,0.09
KIDNEY,training.day30_treadmillspeed,PHENO,outcome,animal,numeric,10,10,0.0,0.0,False,3,auroc,1.0,4.73140726040938e-05,1.0
KIDNEY,training.day30_treadmillincline,PHENO,outcome,animal,numeric,10,10,0.0,0.0,False,1,,,,
KIDNEY,training.day30_timeontreadmill,PHENO,outcome,animal,numeric,10,10,0.0,0.0,False,2,auroc,1.0,1.593791168806624e-05,1.0
KIDNEY,training.day30_posttrainlact,PHENO,outcome,animal,numeric,10,10,1.0,0.0,True,7,,,,
KIDNEY,training.day30_score,PHENO,outcome,animal,numeric,10,10,1.0,0.0,True,3,,,,
KIDNEY,training.day31date,PHENO,outcome,animal,datetime,10,10,0.0,0.0,False,10,auroc,0.595,0.49368120763238343,0.405
KIDNEY,training.day31_days,PHENO,outcome,animal,numeric,10,10,0.0,0.0,False,6,auroc,0.6699999999999999,0.20269853574703167,0.33
KIDNEY,training.day31time,PHENO,outcome,animal,time,10,10,0.0,0.0,False,12,auroc,0.51,0.9697360424200406,0.49
KIDNEY,training.day31_treadmillspeed,PHENO,outcome,animal,numeric,10,10,0.0,0.0,False,3,auroc,1.0,4.73140726040938e-05,1.0
KIDNEY,training.day31_treadmillincline,PHENO,outcome,animal,numeric,10,10,0.0,0.0,False,1,,,,
KIDNEY,training.day31_timeontreadmill,PHENO,outcome,animal,numeric,10,10,0.0,0.0,False,2,auroc,1.0,1.593791168806624e-05,1.0
KIDNEY,training.day31_weight,PHENO,outcome,animal,numeric,10,10,0.0,0.0,False,19,auroc,0.745,0.06953745003698122,0.255
KIDNEY,training.day31_posttrainlact,PHENO,outcome,animal,numeric,10,10,1.0,0.0,True,9,,,,
KIDNEY,training.day31_score,PHENO,outcome,animal,numeric,10,10,1.0,0.0,True,2,,,,
KIDNEY,training.day32date,PHENO,outcome,animal,datetime,10,10,0.0,0.0,False,10,auroc,0.595,0.49368120763238343,0.405
KIDNEY,training.day32_days,PHENO,outcome,animal,numeric,10,10,0.0,0.0,False,6,auroc,0.6699999999999999,0.20269853574703167,0.33
KIDNEY,training.day32time,PHENO,outcome,animal,time,10,10,0.0,0.0,False,13,auroc,0.73,0.0878919199518684,0.27
KIDNEY,training.day32_treadmillspeed,PHENO,outcome,animal,numeric,10,10,0.0,0.0,False,3,auroc,1.0,4.73140726040938e-05,1.0
KIDNEY,training.day32_treadmillincline,PHENO,outcome,animal,numeric,10,10,0.0,0.0,False,1,,,,
KIDNEY,training.day32_timeontreadmill,PHENO,outcome,animal,numeric,10,10,0.0,0.0,False,2,auroc,1.0,1.593791168806624e-05,1.0
KIDNEY,training.day32_score,PHENO,outcome,animal,numeric,10,10,1.0,0.0,True,2,,,,
KIDNEY,training.day33date,PHENO,outcome,animal,datetime,10,10,0.0,0.0,False,10,auroc,0.595,0.49368120763238343,0.405
KIDNEY,training.day33_days,PHENO,outcome,animal,numeric,10,10,0.0,0.0,False,6,auroc,0.6699999999999999,0.20269853574703167,0.33
KIDNEY,training.day33time,PHENO,outcome,animal,time,10,10,0.0,0.0,False,11,auroc,0.69,0.15991613152481754,0.31
KIDNEY,training.day33_treadmillspeed,PHENO,outcome,animal,numeric,10,10,0.0,0.0,False,3,auroc,1.0,4.73140726040938e-05,1.0
KIDNEY,training.day33_treadmillincline,PHENO,outcome,animal,numeric,10,10,0.0,0.0,False,1,,,,
KIDNEY,training.day33_timeontreadmill,PHENO,outcome,animal,numeric,10,10,0.0,0.0,False,2,auroc,1.0,1.593791168806624e-05,1.0
KIDNEY,training.day33_score,PHENO,outcome,animal,numeric,10,10,1.0,0.0,True,3,,,,
KIDNEY,training.day34date,PHENO,outcome,animal,datetime,10,10,0.0,0.0,False,10,auroc,0.595,0.49368120763238343,0.405
KIDNEY,training.day34_days,PHENO,outcome,animal,numeric,10,10,0.0,0.0,False,6,auroc,0.6699999999999999,0.20269853574703167,0.33
KIDNEY,training.day34time,PHENO,outcome,animal,time,10,10,0.0,0.0,False,11,auroc,0.625,0.3601593837295177,0.375
KIDNEY,training.day34_treadmillspeed,PHENO,outcome,animal,numeric,10,10,0.0,0.0,False,3,auroc,1.0,4.73140726040938e-05,1.0
KIDNEY,training.day34_treadmillincline,PHENO,outcome,animal,numeric,10,10,0.0,0.0,False,1,,,,
KIDNEY,training.day34_timeontreadmill,PHENO,outcome,animal,numeric,10,10,0.0,0.0,False,2,auroc,1.0,1.593791168806624e-05,1.0
KIDNEY,training.day34_score,PHENO,outcome,animal,numeric,10,10,1.0,0.0,True,2,,,,
KIDNEY,training.day35date,PHENO,outcome,animal,datetime,10,10,0.0,0.0,False,10,auroc,0.595,0.49368120763238343,0.405
KIDNEY,training.day35_days,PHENO,outcome,animal,numeric,10,10,0.0,0.0,False,6,auroc,0.6699999999999999,0.20269853574703167,0.33
KIDNEY,training.day35time,PHENO,outcome,animal,time,10,10,0.0,0.0,False,14,auroc,0.64,0.3060303039357849,0.64
KIDNEY,training.day35_treadmillspeed,PHENO,outcome,animal,numeric,10,10,0.0,0.0,False,3,auroc,1.0,4.73140726040938e-05,1.0
KIDNEY,training.day35_treadmillincline,PHENO,outcome,animal,numeric,10,10,0.0,0.0,False,1,,,,
KIDNEY,training.day35_timeontreadmill,PHENO,outcome,animal,numeric,10,10,0.0,0.0,False,2,auroc,1.0,1.593791168806624e-05,1.0
KIDNEY,training.day35_posttrainlact,PHENO,outcome,animal,numeric,10,10,1.0,0.0,True,10,,,,
KIDNEY,training.day35_score,PHENO,outcome,animal,numeric,10,10,1.0,0.0,True,2,,,,
KIDNEY,training.day36date,PHENO,outcome,animal,datetime,10,10,0.0,0.0,False,10,auroc,0.595,0.49368120763238343,0.405
KIDNEY,training.day36_days,PHENO,outcome,animal,numeric,10,10,0.0,0.0,False,6,auroc,0.6699999999999999,0.20269853574703167,0.33
KIDNEY,training.day36time,PHENO,outcome,animal,time,10,10,0.6,0.5,False,9,auroc,0.95,0.031746031746031744,0.05
KIDNEY,training.day36_weight,PHENO,outcome,animal,numeric,10,10,0.0,0.0,False,19,auroc,0.73,0.08885290847904961,0.27
KIDNEY,training.day37date,PHENO,outcome,animal,datetime,10,10,0.0,0.0,False,10,auroc,0.595,0.49368120763238343,0.405
KIDNEY,training.day37_days,PHENO,outcome,animal,numeric,10,10,0.0,0.0,False,6,auroc,0.6699999999999999,0.20269853574703167,0.33
KIDNEY,training.day37time,PHENO,outcome,animal,time,10,10,0.0,0.0,False,12,auroc,0.53,0.8493210400200102,0.47
KIDNEY,training.day37_treadmillspeed,PHENO,outcome,animal,numeric,10,10,0.0,0.0,False,3,auroc,1.0,4.73140726040938e-05,1.0
KIDNEY,training.day37_treadmillincline,PHENO,outcome,animal,numeric,10,10,0.0,0.0,False,1,,,,
KIDNEY,training.day37_timeontreadmill,PHENO,outcome,animal,numeric,10,10,0.0,0.0,False,2,auroc,1.0,1.593791168806624e-05,1.0
KIDNEY,training.day37_score,PHENO,outcome,animal,numeric,10,10,1.0,0.0,True,3,,,,
KIDNEY,training.day38date,PHENO,outcome,animal,datetime,10,10,0.0,0.0,False,10,auroc,0.595,0.49368120763238343,0.405
KIDNEY,training.day38_days,PHENO,outcome,animal,numeric,10,10,0.0,0.0,False,6,auroc,0.6699999999999999,0.20269853574703167,0.33
KIDNEY,training.day38time,PHENO,outcome,animal,time,10,10,0.0,0.0,False,12,auroc,0.74,0.0745620127879839,0.26
KIDNEY,training.day38_treadmillspeed,PHENO,outcome,animal,numeric,10,10,0.0,0.0,False,3,auroc,1.0,4.73140726040938e-05,1.0
KIDNEY,training.day38_treadmillincline,PHENO,outcome,animal,numeric,10,10,0.0,0.0,False,1,,,,
KIDNEY,training.day38_timeontreadmill,PHENO,outcome,animal,numeric,10,10,0.0,0.0,False,2,auroc,1.0,1.593791168806624e-05,1.0
KIDNEY,training.day38_score,PHENO,outcome,animal,numeric,10,10,1.0,0.0,True,3,,,,
KIDNEY,training.day39date,PHENO,outcome,animal,datetime,10,10,0.0,0.0,False,10,auroc,0.595,0.49368120763238343,0.405
KIDNEY,training.day39_days,PHENO,outcome,animal,numeric,10,10,0.0,0.0,False,6,auroc,0.6699999999999999,0.20269853574703167,0.33
KIDNEY,training.day39time,PHENO,outcome,animal,time,10,10,0.0,0.0,False,11,auroc,0.605,0.4465992698288942,0.605
KIDNEY,training.day39_treadmillspeed,PHENO,outcome,animal,numeric,10,10,0.0,0.0,False,3,auroc,1.0,4.73140726040938e-05,1.0
KIDNEY,training.day39_treadmillincline,PHENO,outcome,animal,numeric,10,10,0.0,0.0,False,1,,,,
KIDNEY,training.day39_timeontreadmill,PHENO,outcome,animal,numeric,10,10,0.0,0.0,False,2,auroc,1.0,1.593791168806624e-05,1.0
KIDNEY,training.day39_posttrainlact,PHENO,outcome,animal,numeric,10,10,1.0,0.9,False,1,,,,
KIDNEY,training.day39_score,PHENO,outcome,animal,numeric,10,10,1.0,0.0,True,2,,,,
KIDNEY,training.day40date,PHENO,outcome,animal,datetime,10,10,0.0,0.0,False,10,auroc,0.595,0.49368120763238343,0.405
KIDNEY,training.day40_days,PHENO,outcome,animal,numeric,10,10,0.0,0.0,False,6,auroc,0.6699999999999999,0.20269853574703167,0.33
KIDNEY,training.day40time,PHENO,outcome,animal,time,10,10,0.0,0.0,False,10,auroc,0.6,0.4679532454588272,0.6
KIDNEY,training.day40_treadmillspeed,PHENO,outcome,animal,numeric,10,10,0.0,0.0,False,3,auroc,1.0,4.73140726040938e-05,1.0
KIDNEY,training.day40_treadmillincline,PHENO,outcome,animal,numeric,10,10,0.0,0.0,False,1,,,,
KIDNEY,training.day40_timeontreadmill,PHENO,outcome,animal,numeric,10,10,0.0,0.0,False,3,auroc,1.0,2.4281747324754767e-05,1.0
KIDNEY,training.day40_posttrainlact,PHENO,outcome,animal,numeric,10,10,1.0,0.2,True,8,,,,
KIDNEY,training.day40_score,PHENO,outcome,animal,numeric,10,10,1.0,0.0,True,3,,,,
KIDNEY,vo2.max.test.d_visit_1,PHENO,outcome,animal,datetime,10,10,0.0,0.0,False,9,auroc,0.5449999999999999,0.7608820121117055,0.455
KIDNEY,vo2.max.test.days_visit_1,PHENO,outcome,animal,numeric,10,10,0.0,0.0,False,5,auroc,0.605,0.437369328274008,0.395
KIDNEY,vo2.max.test.staffid_1,PHENO,outcome,animal,numeric,10,10,0.0,0.0,False,1,,,,
KIDNEY,vo2.max.test.siteid_1,PHENO,outcome,animal,categorical,10,10,0.0,0.0,False,1,,,,
KIDNEY,vo2.max.test.d_vo2_1,PHENO,outcome,animal,datetime,10,10,0.0,0.0,False,9,auroc,0.5449999999999999,0.7608820121117055,0.455
KIDNEY,vo2.max.test.days_vo2_1,PHENO,outcome,animal,numeric,10,10,0.0,0.0,False,5,auroc,0.605,0.437369328274008,0.395
KIDNEY,vo2.max.test.t_vo2_1,PHENO,outcome,animal,time,10,10,0.0,0.0,False,20,auroc,0.61,0.4273553138978077,0.61
KIDNEY,vo2.max.test.blactate_begin_1,PHENO,outcome,animal,numeric,10,10,0.0,0.0,False,12,auroc,0.505,1.0,0.495
KIDNEY,vo2.max.test.vo2_max_1,PHENO,outcome,animal,numeric,10,10,0.0,0.0,False,19,auroc,0.56,0.6774705127728922,0.56
KIDNEY,vo2.max.test.vco2_max_1,PHENO,outcome,animal,numeric,10,10,0.0,0.0,False,20,auroc,0.53,0.8501067391385259,0.53
KIDNEY,vo2.max.test.rer_max_1,PHENO,outcome,animal,numeric,10,10,0.0,0.0,False,12,auroc,0.655,0.25215043140011917,0.345
KIDNEY,vo2.max.test.speed_max_1,PHENO,outcome,animal,numeric,10,10,0.0,0.0,False,5,auroc,0.5700000000000001,0.6136866325937949,0.43
KIDNEY,vo2.max.test.t_complete_1,PHENO,outcome,animal,time,10,10,0.0,0.0,False,20,auroc,0.61,0.4273553138978077,0.61
KIDNEY,vo2.max.test.blactate_end_1,PHENO,outcome,animal,numeric,10,10,0.0,0.0,False,20,auroc,0.53,0.8501067391385259,0.47
KIDNEY,vo2.max.test.vo2_comments_1,PHENO,outcome,animal,categorical,10,10,0.9,0.8,False,3,cramers_v,1.0,0.22313016014842982,
KIDNEY,vo2.max.test.d_visit_2,PHENO,outcome,animal,datetime,10,10,0.0,0.0,False,10,auroc,0.595,0.49368120763238343,0.405
KIDNEY,vo2.max.test.days_visit_2,PHENO,outcome,animal,numeric,10,10,0.0,0.0,False,6,auroc,0.6699999999999999,0.20269853574703167,0.33
KIDNEY,vo2.max.test.staffid_2,PHENO,outcome,animal,numeric,10,10,0.0,0.0,False,1,,,,
KIDNEY,vo2.max.test.siteid_2,PHENO,outcome,animal,categorical,10,10,0.0,0.0,False,1,,,,
KIDNEY,vo2.max.test.d_vo2_2,PHENO,outcome,animal,datetime,10,10,0.0,0.0,False,10,auroc,0.595,0.49368120763238343,0.405
KIDNEY,vo2.max.test.days_vo2_2,PHENO,outcome,animal,numeric,10,10,0.0,0.0,False,6,auroc,0.6699999999999999,0.20269853574703167,0.33
KIDNEY,vo2.max.test.t_vo2_2,PHENO,outcome,animal,time,10,10,0.0,0.0,False,20,auroc,0.87,0.00579535854433471,0.13
KIDNEY,vo2.max.test.blactate_begin_2,PHENO,outcome,animal,numeric,10,10,0.0,0.0,False,11,auroc,0.735,0.0803732234511474,0.735
KIDNEY,vo2.max.test.vo2_max_2,PHENO,outcome,animal,numeric,10,10,0.0,0.0,False,20,auroc,0.98,0.0003298385207779935,0.98
KIDNEY,vo2.max.test.vco2_max_2,PHENO,outcome,animal,numeric,10,10,0.0,0.0,False,20,auroc,0.96,0.0005828399431792745,0.96
KIDNEY,vo2.max.test.rer_max_2,PHENO,outcome,animal,numeric,10,10,0.0,0.0,False,9,auroc,0.55,0.731388289202564,0.45
KIDNEY,vo2.max.test.speed_max_2,PHENO,outcome,animal,numeric,10,10,0.0,0.0,False,7,auroc,1.0,0.00015116251249145356,1.0
KIDNEY,vo2.max.test.t_complete_2,PHENO,outcome,animal,time,10,10,0.0,0.0,False,20,auroc,0.84,0.011329696684474666,0.16
KIDNEY,vo2.max.test.blactate_end_2,PHENO,outcome,animal,numeric,10,10,0.0,0.0,False,18,auroc,0.65,0.2726754751925152,0.35
KIDNEY,vo2.max.test.vo2_comments_2,PHENO,outcome,animal,empty,10,10,1.0,1.0,False,0,,,,
KIDNEY,calculated.variables.pct_body_fat_change,PHENO,outcome,animal,numeric,10,10,0.0,0.0,False,18,auroc,0.87,0.005758630532614327,0.13
KIDNEY,calculated.variables.pct_body_lean_change,PHENO,outcome,animal,numeric,10,10,0.0,0.0,False,19,auroc,0.785,0.034226150579334216,0.785
KIDNEY,calculated.variables.pct_body_fluid_change,PHENO,outcome,animal,numeric,10,10,0.0,0.0,False,12,auroc,0.745,0.06785982444191624,0.255
KIDNEY,calculated.variables.lactate_change_dueto_train,PHENO,outcome,animal,numeric,10,10,0.0,0.0,False,17,auroc,0.675,0.1982578062948097,0.325
KIDNEY,calculated.variables.vo2_max_change,PHENO,outcome,animal,numeric,10,10,0.0,0.0,False,19,auroc,0.96,0.0005800603714706723,0.96
KIDNEY,calculated.variables.coll_time_train,PHENO,collection,vial,numeric,10,10,0.0,0.0,False,20,auroc,0.5,1.0,0.5
KIDNEY,calculated.variables.deathtime_after_train,PHENO,collection,animal,numeric,10,10,0.0,0.0,False,20,auroc,0.5,1.0,0.5
KIDNEY,calculated.variables.frozetime_after_train,PHENO,collection,vial,numeric,10,10,0.0,0.0,False,20,auroc,0.5,1.0,0.5
KIDNEY,specimen.processing.siteid,PHENO,collection,animal,categorical,10,10,0.0,0.0,False,1,,,,
KIDNEY,specimen.processing.samplenumber,PHENO,collection,vial,numeric,10,10,0.0,0.0,False,1,,,,
KIDNEY,specimen.processing.timepoint,PHENO,collection,animal,numeric,10,10,0.0,0.0,False,1,,,,
KIDNEY,specimen.processing.volume,PHENO,collection,vial,categorical,10,10,0.0,0.0,False,1,,,,
KIDNEY,specimen.processing.hemolyzed,PHENO,collection,animal,empty,10,10,1.0,1.0,False,0,,,,
KIDNEY,specimen.processing.t_collection,PHENO,collection,vial,time,10,10,0.0,0.0,False,20,auroc,0.56,0.6775849579524755,0.56
KIDNEY,specimen.processing.t_edtaspin,PHENO,collection,animal,empty,10,10,1.0,1.0,False,0,,,,
KIDNEY,specimen.processing.t_freeze,PHENO,collection,vial,time,10,10,0.0,0.0,False,20,auroc,0.56,0.6775849579524755,0.56
KIDNEY,specimen.processing.techid,PHENO,collection,vial,categorical,10,10,0.0,0.0,False,1,,,,
KIDNEY,biclabeldata.shiptositeid,PHENO,collection,vial,categorical,10,10,0.0,0.0,False,1,,,,
KIDNEY,biclabeldata.received_cas,PHENO,collection,animal,categorical,10,10,0.0,0.0,False,1,,,,
KIDNEY,biclabeldata.protocol,PHENO,design,animal,categorical,10,10,0.0,0.0,False,1,,,,
KIDNEY,study_group_timepoint,PHENO,design,animal,categorical,10,10,0.0,0.0,False,2,cramers_v,1.0,1.082508822446903e-05,
KIDNEY,sacrificetime,PHENO,design,animal,categorical,10,10,0.0,0.0,False,1,,,,
KIDNEY,intervention,PHENO,design,animal,categorical,10,10,0.0,0.0,False,2,cramers_v,1.0,1.082508822446903e-05,
KIDNEY,time_to_freeze,PHENO,collection,vial,numeric,10,10,0.0,0.0,False,17,auroc,0.65,0.27249485975437215,0.65
KIDNEY,GET_site,meta/TRNSCRPT,library,vial,categorical,10,10,0.0,0.0,False,1,,,,
KIDNEY,RNA_extr_plate_ID,meta/TRNSCRPT,library,vial,categorical,10,10,0.0,0.0,False,1,,,,
KIDNEY,RNA_extr_date,meta/TRNSCRPT,library,vial,datetime,10,10,0.0,0.0,False,1,,,,
KIDNEY,RNA_extr_conc,meta/TRNSCRPT,library,vial,numeric,10,10,0.0,0.0,False,20,auroc,0.68,0.18587673236587599,0.68
KIDNEY,RIN,meta/TRNSCRPT,library,vial,numeric,10,10,0.0,0.0,False,5,auroc,0.63,0.32758169016113825,0.37
KIDNEY,r_260_280,meta/TRNSCRPT,library,vial,numeric,10,10,0.7,1.0,False,3,,,,
KIDNEY,r_260_230,meta/TRNSCRPT,library,vial,numeric,10,10,0.7,1.0,False,3,,,,
KIDNEY,Lib_prep_date,meta/TRNSCRPT,library,vial,datetime,10,10,0.0,0.0,False,1,,,,
KIDNEY,Lib_RNA_conc,meta/TRNSCRPT,library,vial,numeric,10,10,0.0,0.0,False,1,,,,
KIDNEY,Lib_RNA_vol,meta/TRNSCRPT,library,vial,numeric,10,10,0.0,0.0,False,1,,,,
KIDNEY,Lib_robot,meta/TRNSCRPT,library,vial,categorical,10,10,0.0,0.0,False,1,,,,
KIDNEY,Lib_vendor,meta/TRNSCRPT,library,vial,categorical,10,10,0.0,0.0,False,1,,,,
KIDNEY,Lib_type,meta/TRNSCRPT,library,vial,categorical,10,10,0.0,0.0,False,1,,,,
KIDNEY,Lib_kit_id,meta/TRNSCRPT,library,vial,categorical,10,10,0.0,0.0,False,1,,,,
KIDNEY,Lib_batch_ID,meta/TRNSCRPT,library,vial,categorical,10,10,0.0,0.0,False,1,,,,
KIDNEY,Lib_barcode_well,meta/TRNSCRPT,library,vial,categorical,10,10,0.0,0.0,False,20,cramers_v,1.0,0.39457818208600104,
KIDNEY,Lib_index_1,meta/TRNSCRPT,library,vial,categorical,10,10,0.0,0.0,False,20,cramers_v,1.0,0.39457818208600104,
KIDNEY,Lib_index_2,meta/TRNSCRPT,library,vial,categorical,10,10,0.0,0.0,False,20,cramers_v,1.0,0.39457818208600104,
KIDNEY,Lib_adapter_1,meta/TRNSCRPT,library,vial,categorical,10,10,0.0,0.0,False,1,,,,
KIDNEY,Lib_adapter_2,meta/TRNSCRPT,library,vial,categorical,10,10,0.0,0.0,False,1,,,,
KIDNEY,Lib_UMI_cycle_num,meta/TRNSCRPT,library,vial,numeric,10,10,0.0,0.0,False,1,,,,
KIDNEY,Lib_adapter_size,meta/TRNSCRPT,library,vial,numeric,10,10,0.0,0.0,False,1,,,,
KIDNEY,Lib_frag_size,meta/TRNSCRPT,library,vial,numeric,10,10,0.0,0.0,False,15,auroc,0.825,0.01529306208993161,0.175
KIDNEY,Lib_DNA_conc,meta/TRNSCRPT,library,vial,numeric,10,10,0.0,0.0,False,20,auroc,0.5800000000000001,0.5707503880581739,0.42
KIDNEY,Lib_molarity,meta/TRNSCRPT,library,vial,numeric,10,10,0.0,0.0,False,20,auroc,0.56,0.6775849579524755,0.44
KIDNEY,Seq_platform,meta/TRNSCRPT,library,vial,categorical,10,10,0.0,0.0,False,1,,,,
KIDNEY,Seq_date,meta/TRNSCRPT,library,vial,numeric,10,10,0.0,0.0,False,1,,,,
KIDNEY,Seq_machine_ID,meta/TRNSCRPT,library,vial,categorical,10,10,0.0,0.0,False,1,,,,
KIDNEY,Seq_flowcell_ID,meta/TRNSCRPT,library,vial,categorical,10,10,0.0,0.0,False,1,,,,
KIDNEY,Seq_flowcell_run,meta/TRNSCRPT,library,vial,numeric,10,10,0.0,0.0,False,1,,,,
KIDNEY,Seq_flowcell_lane,meta/TRNSCRPT,library,vial,categorical,10,10,0.0,0.0,False,1,,,,
KIDNEY,Seq_flowcell_type,meta/TRNSCRPT,library,vial,categorical,10,10,0.0,0.0,False,1,,,,
KIDNEY,Seq_length,meta/TRNSCRPT,library,vial,numeric,10,10,0.0,0.0,False,1,,,,
KIDNEY,Seq_end_type,meta/TRNSCRPT,library,vial,numeric,10,10,0.0,0.0,False,1,,,,
KIDNEY,Seq_batch,meta/TRNSCRPT,library,vial,categorical,10,10,0.0,0.0,False,1,,,,
KIDNEY,reads_raw,meta/TRNSCRPT,depth,vial,numeric,10,10,0.0,0.0,False,20,auroc,0.74,0.07566157214388701,0.26
KIDNEY,pct_adapter_detected,meta/TRNSCRPT,qc,vial,numeric,10,10,0.0,0.0,False,16,auroc,0.78,0.037348161341940696,0.78
KIDNEY,pct_trimmed,meta/TRNSCRPT,qc,vial,numeric,10,10,0.0,0.0,False,19,auroc,0.56,0.6774705127728922,0.44
KIDNEY,pct_trimmed_bases,meta/TRNSCRPT,qc,vial,numeric,10,10,0.0,0.0,False,19,auroc,0.755,0.0586866812702637,0.755
KIDNEY,reads,meta/TRNSCRPT,depth,vial,numeric,10,10,0.0,0.0,False,20,auroc,0.74,0.07566157214388701,0.26
KIDNEY,pct_GC,meta/TRNSCRPT,qc,vial,numeric,10,10,0.0,0.0,False,2,auroc,0.65,0.18513247335593686,0.65
KIDNEY,pct_dup_sequence,meta/TRNSCRPT,qc,vial,numeric,10,10,0.0,0.0,False,20,auroc,0.65,0.27303633975118835,0.35
KIDNEY,pct_rRNA,meta/TRNSCRPT,qc,vial,numeric,10,10,0.0,0.0,False,5,auroc,0.56,0.6617342225771694,0.56
KIDNEY,pct_globin,meta/TRNSCRPT,qc,vial,numeric,10,10,0.0,0.0,False,4,auroc,0.575,0.5652305873935887,0.575
KIDNEY,pct_phix,meta/TRNSCRPT,qc,vial,numeric,10,10,0.0,0.0,False,1,,,,
KIDNEY,pct_picard_dup,meta/TRNSCRPT,qc,vial,numeric,10,10,0.0,0.0,False,20,auroc,0.6,0.47267559351158717,0.4
KIDNEY,pct_umi_dup,meta/TRNSCRPT,qc,vial,numeric,10,10,0.0,0.0,False,20,auroc,0.5800000000000001,0.5707503880581739,0.42
KIDNEY,avg_input_read_length,meta/TRNSCRPT,qc,vial,numeric,10,10,0.0,0.0,False,2,auroc,0.5,1.0,0.5
KIDNEY,uniquely_mapped,meta/TRNSCRPT,depth,vial,numeric,10,10,0.0,0.0,False,20,auroc,0.72,0.10410988966022681,0.28
KIDNEY,pct_uniquely_mapped,meta/TRNSCRPT,qc,vial,numeric,10,10,0.0,0.0,False,17,auroc,0.625,0.36380450713550705,0.375
KIDNEY,avg_mapped_read_length,meta/TRNSCRPT,qc,vial,numeric,10,10,0.0,0.0,False,18,auroc,0.75,0.06382218419183609,0.25
KIDNEY,num_splices,meta/TRNSCRPT,depth,vial,numeric,10,10,0.0,0.0,False,20,auroc,0.74,0.07566157214388701,0.26
KIDNEY,num_annotated_splices,meta/TRNSCRPT,depth,vial,numeric,10,10,0.0,0.0,False,20,auroc,0.74,0.07566157214388701,0.26
KIDNEY,num_GTAG_splices,meta/TRNSCRPT,depth,vial,numeric,10,10,0.0,0.0,False,20,auroc,0.74,0.07566157214388701,0.26
KIDNEY,num_GCAG_splices,meta/TRNSCRPT,depth,vial,numeric,10,10,0.0,0.0,False,20,auroc,0.74,0.07566157214388701,0.26
KIDNEY,num_ATAC_splices,meta/TRNSCRPT,depth,vial,numeric,10,10,0.0,0.0,False,20,auroc,0.74,0.07566157214388701,0.26
KIDNEY,num_noncanonical_splices,meta/TRNSCRPT,depth,vial,numeric,10,10,0.0,0.0,False,20,auroc,0.78,0.03763531378731424,0.22
KIDNEY,pct_multimapped,meta/TRNSCRPT,qc,vial,numeric,10,10,0.0,0.0,False,19,auroc,0.715,0.11227550598055691,0.715
KIDNEY,pct_multimapped_toomany,meta/TRNSCRPT,qc,vial,numeric,10,10,0.0,0.0,False,7,auroc,0.595,0.4857744497971175,0.595
KIDNEY,pct_unmapped_mismatches,meta/TRNSCRPT,qc,vial,numeric,10,10,0.0,0.0,False,1,,,,
KIDNEY,pct_unmapped_tooshort,meta/TRNSCRPT,qc,vial,numeric,10,10,0.0,0.0,False,16,auroc,0.535,0.8201967307720377,0.535
KIDNEY,pct_unmapped_other,meta/TRNSCRPT,qc,vial,numeric,10,10,0.0,0.0,False,4,auroc,0.7,0.12593616839210034,0.7
KIDNEY,pct_chimeric,meta/TRNSCRPT,qc,vial,numeric,10,10,0.0,0.0,False,1,,,,
KIDNEY,pct_chrX,meta/TRNSCRPT,qc,vial,numeric,10,10,0.0,0.0,False,19,auroc,0.565,0.6500246299061012,0.435
KIDNEY,pct_chrY,meta/TRNSCRPT,qc,vial,numeric,10,10,0.0,0.0,False,19,auroc,0.515,0.9397203669477441,0.515
KIDNEY,pct_chrM,meta/TRNSCRPT,qc,vial,numeric,10,10,0.0,0.0,False,20,auroc,0.67,0.21229383619233166,0.67
KIDNEY,pct_chrAuto,meta/TRNSCRPT,qc,vial,numeric,10,10,0.0,0.0,False,20,auroc,0.6799999999999999,0.18587673236587599,0.32
KIDNEY,pct_contig,meta/TRNSCRPT,qc,vial,numeric,10,10,0.0,0.0,False,13,auroc,0.53,0.8494904440333779,0.47
KIDNEY,pct_coding,meta/TRNSCRPT,qc,vial,numeric,10,10,0.0,0.0,False,20,auroc,0.61,0.4273553138978077,0.61
KIDNEY,pct_utr,meta/TRNSCRPT,qc,vial,numeric,10,10,0.0,0.0,False,20,auroc,0.61,0.4273553138978077,0.39
KIDNEY,pct_intronic,meta/TRNSCRPT,qc,vial,numeric,10,10,0.0,0.0,False,19,auroc,0.5349999999999999,0.8205295061094116,0.465
KIDNEY,pct_intergenic,meta/TRNSCRPT,qc,vial,numeric,10,10,0.0,0.0,False,20,auroc,0.55,0.7337299956962472,0.45
KIDNEY,pct_mrna,meta/TRNSCRPT,qc,vial,numeric,10,10,0.0,0.0,False,20,auroc,0.59,0.5205228832757727,0.59
KIDNEY,median_5_3_bias,meta/TRNSCRPT,qc,vial,numeric,10,10,0.0,0.0,False,20,auroc,0.5800000000000001,0.5707503880581739,0.42
KIDNEY,Lib_barcode_well_row,meta/TRNSCRPT,library,vial,numeric,10,10,0.0,0.0,False,8,auroc,0.615,0.4021175978364985,0.615
KIDNEY,Lib_barcode_well_col,meta/TRNSCRPT,library,vial,numeric,10,10,0.0,0.0,False,3,auroc,0.5800000000000001,0.5424086835165952,0.42
KIDNEY,tmt_plex,meta/PROT,processing,vial,categorical,10,10,0.0,0.0,False,6,cramers_v,0.18257418583505536,0.984747879018509,
KIDNEY,tmt11_channel,meta/PROT,processing,vial,categorical,10,10,0.0,0.0,False,9,cramers_v,0.5477225575051662,0.6472318887822313,
LIVER,key.protocol,PHENO,design,animal,categorical,10,10,0.0,0.0,False,1,,,,
LIVER,key.agegroup,PHENO,design,animal,categorical,10,10,0.0,0.0,False,1,,,,
LIVER,key.d_arrive,PHENO,collection,animal,datetime,10,10,0.0,0.0,False,2,auroc,0.5,1.0,0.5
LIVER,key.d_sacrifice,PHENO,collection,animal,datetime,10,10,0.0,0.0,False,10,auroc,0.595,0.49368120763238343,0.405
LIVER,key.intervention,PHENO,design,animal,categorical,10,10,0.0,0.0,False,2,cramers_v,1.0,1.082508822446903e-05,
LIVER,key.sacrificetime,PHENO,design,animal,categorical,10,10,0.0,0.0,False,1,,,,
LIVER,key.anirandgroup,PHENO,design,animal,categorical,10,10,0.0,0.0,False,2,cramers_v,1.0,1.082508822446903e-05,
LIVER,key.siteid,PHENO,collection,animal,categorical,10,10,0.0,0.0,False,1,,,,
LIVER,familiarization.d_visit,PHENO,baseline,animal,datetime,10,10,0.0,0.0,False,2,auroc,0.5,1.0,0.5
LIVER,familiarization.days_visit,PHENO,baseline,animal,numeric,10,10,0.0,0.0,False,1,,,,
LIVER,familiarization.staffid,PHENO,baseline,animal,numeric,10,10,0.0,0.0,False,1,,,,
LIVER,familiarization.siteid,PHENO,baseline,animal,categorical,10,10,0.0,0.0,False,1,,,,
LIVER,familiarization.d_treadmillbegin,PHENO,baseline,animal,datetime,10,10,0.0,0.0,False,2,auroc,0.5,1.0,0.5
LIVER,familiarization.days_treadmillbegin,PHENO,baseline,animal,numeric,10,10,0.0,0.0,False,1,,,,
LIVER,familiarization.d_treadmillcomplete,PHENO,baseline,animal,datetime,10,10,0.0,0.0,False,2,auroc,0.5,1.0,0.5
LIVER,familiarization.days_treadmillcomplete,PHENO,baseline,animal,numeric,10,10,0.0,0.0,False,1,,,,
LIVER,familiarization.activity_score,PHENO,baseline,animal,numeric,10,10,0.0,0.0,False,2,auroc,0.65,0.18513247335593686,0.35
LIVER,familiarization.compliant,PHENO,baseline,animal,categorical,10,10,0.0,0.0,False,1,,,,
LIVER,familiarization.weight,PHENO,baseline,animal,numeric,10,10,0.0,0.0,False,20,auroc,0.6,0.47267559351158717,0.4
LIVER,nmr.testing.d_visit_1,PHENO,baseline,animal,datetime,10,10,0.0,0.0,False,2,auroc,0.5,1.0,0.5
LIVER,nmr.testing.days_visit_1,PHENO,baseline,animal,numeric,10,10,0.0,0.0,False,1,,,,
LIVER,nmr.testing.staffid_1,PHENO,baseline,animal,numeric,10,10,0.0,0.0,False,1,,,,
LIVER,nmr.testing.siteid_1,PHENO,baseline,animal,categorical,10,10,0.0,0.0,False,1,,,,
LIVER,nmr.testing.d_nmr_1,PHENO,baseline,animal,datetime,10,10,0.0,0.0,False,2,auroc,0.5,1.0,0.5
LIVER,nmr.testing.days_nmr_1,PHENO,baseline,animal,numeric,10,10,0.0,0.0,False,1,,,,
LIVER,nmr.testing.nmr_weight_1,PHENO,baseline,animal,numeric,10,10,0.0,0.0,False,20,auroc,0.6,0.47267559351158717,0.4
LIVER,nmr.testing.nmr_fat_1,PHENO,baseline,animal,numeric,10,10,0.0,0.0,False,19,auroc,0.6,0.472509068324386,0.4
LIVER,nmr.testing.nmr_lean_1,PHENO,baseline,animal,numeric,10,10,0.0,0.0,False,15,auroc,0.585,0.5439838315636973,0.415
LIVER,nmr.testing.nmr_fluid_1,PHENO,baseline,animal,numeric,10,10,0.0,0.0,False,11,auroc,0.56,0.6755061335233105,0.44
LIVER,nmr.testing.d_visit_2,PHENO,outcome,animal,datetime,10,10,0.0,0.0,False,10,auroc,0.595,0.49368120763238343,0.405
LIVER,nmr.testing.days_visit_2,PHENO,outcome,animal,numeric,10,10,0.0,0.0,False,6,auroc,0.6699999999999999,0.20269853574703167,0.33
LIVER,nmr.testing.staffid_2,PHENO,outcome,animal,numeric,10,10,0.0,0.0,False,1,,,,
LIVER,nmr.testing.siteid_2,PHENO,outcome,animal,categorical,10,10,0.0,0.0,False,1,,,,
LIVER,nmr.testing.d_nmr_2,PHENO,outcome,animal,datetime,10,10,0.0,0.0,False,10,auroc,0.595,0.49368120763238343,0.405
LIVER,nmr.testing.days_nmr_2,PHENO,outcome,animal,numeric,10,10,0.0,0.0,False,6,auroc,0.6699999999999999,0.20269853574703167,0.33
LIVER,nmr.testing.nmr_weight_2,PHENO,outcome,animal,numeric,10,10,0.0,0.0,False,20,auroc,0.73,0.08897301170181328,0.27
LIVER,nmr.testing.nmr_fat_2,PHENO,outcome,animal,numeric,10,10,0.0,0.0,False,19,auroc,1.0,0.0001816511460914649,0.0
LIVER,nmr.testing.nmr_lean_2,PHENO,outcome,animal,numeric,10,10,0.0,0.0,False,19,auroc,0.77,0.04507378631623228,0.77
LIVER,nmr.testing.nmr_fluid_2,PHENO,outcome,animal,numeric,10,10,0.0,0.0,False,12,auroc,0.735,0.08014319384487509,0.265
LIVER,nmr.testing.nmr_comments_2,PHENO,outcome,animal,empty,10,10,1.0,1.0,False,0,,,,
LIVER,registration.d_visit,PHENO,collection,animal,datetime,10,10,0.0,0.0,False,4,auroc,0.525,0.8716699402398118,0.525
LIVER,registration.days_visit,PHENO,collection,animal,numeric,10,10,0.0,0.0,False,4,auroc,0.575,0.5718140573849769,0.575
LIVER,registration.staffid,PHENO,collection,animal,numeric,10,10,0.0,0.0,False,1,,,,
LIVER,registration.siteid,PHENO,collection,animal,categorical,10,10,0.0,0.0,False,1,,,,
LIVER,registration.d_arrive,PHENO,collection,animal,datetime,10,10,0.0,0.0,False,2,auroc,0.5,1.0,0.5
LIVER,registration.days_arrive,PHENO,collection,animal,numeric,10,10,0.0,0.0,False,1,,,,
LIVER,registration.batchnumber,PHENO,collection,animal,numeric,10,10,0.0,0.0,False,1,,,,
LIVER,registration.d_reverselight,PHENO,collection,animal,datetime,10,10,0.0,0.0,False,2,auroc,0.5,1.0,0.5
LIVER,registration.days_reverselight,PHENO,collection,animal,numeric,10,10,0.0,0.0,False,2,auroc,0.5,1.0,0.5
LIVER,registration.d_birth,PHENO,baseline,animal,datetime,10,10,0.0,0.0,False,2,auroc,0.5,1.0,0.5
LIVER,registration.days_birth,PHENO,baseline,animal,numeric,10,10,0.0,0.0,False,2,auroc,0.5,1.0,0.5
LIVER,registration.sex,PHENO,collection,animal,categorical,10,10,0.0,0.0,False,2,cramers_v,0.0,1.0,
LIVER,registration.weight,PHENO,baseline,animal,numeric,10,10,0.0,0.0,False,20,auroc,0.5900000000000001,0.5205228832757727,0.41
LIVER,registration.cagenumber,PHENO,collection,animal,numeric,10,10,0.0,0.0,False,17,auroc,0.54,0.7911065051576629,0.46
LIVER,specimen.collection.d_visit,PHENO,collection,animal,datetime,10,10,0.0,0.0,False,10,auroc,0.595,0.49368120763238343,0.405
LIVER,specimen.collection.days_visit,PHENO,collection,animal,numeric,10,10,0.0,0.0,False,6,auroc,0.6699999999999999,0.20269853574703167,0.33
LIVER,specimen.collection.staffid,PHENO,collection,animal,numeric,10,10,0.0,0.0,False,2,auroc,0.5,1.0,0.5
LIVER,specimen.collection.siteid,PHENO,collection,animal,categorical,10,10,0.0,0.0,False,1,,,,
LIVER,specimen.collection.anesthesiaid,PHENO,collection,animal,numeric,10,10,0.0,0.0,False,2,auroc,0.6,0.300557543399555,0.6
LIVER,specimen.collection.t_anesthesia,PHENO,collection,animal,time,10,10,0.0,0.0,False,19,auroc,0.565,0.6500246299061012,0.565
LIVER,specimen.collection.bloodtype,PHENO,collection,animal,categorical,10,10,0.0,0.0,False,1,,,,
LIVER,specimen.collection.bloodtube,PHENO,collection,animal,categorical,10,10,0.0,0.0,False,1,,,,
LIVER,specimen.collection.bloodcomplete,PHENO,collection,animal,categorical,10,10,0.0,0.0,False,2,cramers_v,0.14002800840280097,1.0,
LIVER,specimen.collection.bloodtechid,PHENO,collection,animal,categorical,10,10,0.0,0.0,False,1,,,,
LIVER,specimen.collection.t_bloodstart,PHENO,collection,animal,time,10,10,0.0,0.0,False,20,auroc,0.57,0.6231762238821174,0.57
LIVER,specimen.collection.t_bloodstop,PHENO,collection,animal,time,10,10,0.0,0.0,False,20,auroc,0.57,0.6231762238821174,0.57
LIVER,specimen.collection.t_edtafill,PHENO,collection,animal,time,10,10,0.0,0.0,False,20,auroc,0.54,0.7913367801006604,0.54
LIVER,specimen.collection.uterustype,PHENO,collection,animal,empty,10,10,1.0,1.0,False,0,,,,
LIVER,specimen.collection.uteruscomplete,PHENO,collection,animal,empty,10,10,1.0,1.0,False,0,,,,
LIVER,specimen.collection.t_death,PHENO,collection,animal,time,10,10,0.0,0.0,False,20,auroc,0.57,0.6231762238821174,0.57
LIVER,specimen.collection.deathtype,PHENO,collection,animal,categorical,10,10,0.0,0.0,False,1,,,,
LIVER,terminal.weight.bw,PHENO,outcome,animal,numeric,10,10,0.0,0.0,False,20,auroc,0.71,0.12122450301291661,0.29
LIVER,terminal.weight.lg,PHENO,outcome,animal,numeric,10,10,0.0,0.0,False,20,auroc,0.5800000000000001,0.5707503880581739,0.42
LIVER,terminal.weight.mg,PHENO,outcome,animal,numeric,10,10,0.0,0.0,False,18,auroc,0.565,0.6499016865452631,0.435
LIVER,terminal.weight.pl,PHENO,outcome,animal,numeric,10,10,0.0,0.0,False,19,auroc,0.5549999999999999,0.7053513720635047,0.445
LIVER,terminal.weight.sol,PHENO,outcome,animal,numeric,10,10,0.0,0.0,False,20,auroc,0.58,0.5707503880581739,0.58
LIVER,training.d_visit,PHENO,outcome,animal,datetime,10,10,0.0,0.0,False,10,auroc,0.595,0.49368120763238343,0.405
LIVER,training.days_visit,PHENO,outcome,animal,numeric,10,10,0.0,0.0,False,6,auroc,0.6699999999999999,0.20269853574703167,0.33
LIVER,training.staffid,PHENO,outcome,animal,numeric,10,10,0.0,0.0,False,1,,,,
LIVER,training.siteid,PHENO,outcome,animal,categorical,10,10,0.0,0.0,False,1,,,,
LIVER,training.day1date,PHENO,outcome,animal,datetime,10,10,0.0,0.0,False,10,auroc,0.595,0.49368120763238343,0.405
LIVER,training.day1_days,PHENO,outcome,animal,numeric,10,10,0.0,0.0,False,6,auroc,0.6699999999999999,0.20269853574703167,0.33
LIVER,training.day1time,PHENO,outcome,animal,time,10,10,0.0,0.0,False,11,auroc,0.575,0.5948953826127479,0.425
LIVER,training.day1_treadmillspeed,PHENO,outcome,animal,numeric,10,10,0.0,0.0,False,3,auroc,1.0,4.73140726040938e-05,1.0
LIVER,training.day1_treadmillincline,PHENO,outcome,animal,numeric,10,10,0.0,0.0,False,1,,,,
LIVER,training.day1_timeontreadmill,PHENO,outcome,animal,numeric,10,10,0.0,0.0,False,2,auroc,0.8,0.005015918125903367,0.8
LIVER,training.day1_weight,PHENO,outcome,animal,numeric,10,10,0.0,0.0,False,19,auroc,0.6,0.472509068324386,0.4
LIVER,training.day1_posttrainlact,PHENO,outcome,animal,numeric,10,10,1.0,0.5,False,4,,,,
LIVER,training.day1_score,PHENO,outcome,animal,numeric,10,10,1.0,0.0,True,3,,,,
LIVER,training.day2date,PHENO,outcome,animal,datetime,10,10,0.0,0.0,False,10,auroc,0.595,0.49368120763238343,0.405
LIVER,training.day2_days,PHENO,outcome,animal,numeric,10,10,0.0,0.0,False,6,auroc,0.6699999999999999,0.20269853574703167,0.33
LIVER,training.day2time,PHENO,outcome,animal,time,10,10,0.0,0.0,False,13,auroc,0.525,0.879514088297801,0.475
LIVER,training.day2_treadmillspeed,PHENO,outcome,animal,numeric,10,10,0.0,0.0,False,3,auroc,1.0,4.73140726040938e-05,1.0
LIVER,training.day2_treadmillincline,PHENO,outcome,animal,numeric,10,10,0.0,0.0,False,1,,,,
LIVER,training.day2_timeontreadmill,PHENO,outcome,animal,numeric,10,10,0.0,0.0,False,2,auroc,0.8,0.005015918125903367,0.8
LIVER,training.day2_score,PHENO,outcome,animal,numeric,10,10,1.0,0.0,True,3,,,,
LIVER,training.day3date,PHENO,outcome,animal,datetime,10,10,0.0,0.0,False,10,auroc,0.595,0.49368120763238343,0.405
LIVER,training.day3_days,PHENO,outcome,animal,numeric,10,10,0.0,0.0,False,6,auroc,0.6699999999999999,0.20269853574703167,0.33
LIVER,training.day3time,PHENO,outcome,animal,time,10,10,0.0,0.0,False,12,auroc,0.685,0.171996585262853,0.315
LIVER,training.day3_treadmillspeed,PHENO,outcome,animal,numeric,10,10,0.0,0.0,False,3,auroc,1.0,4.73140726040938e-05,1.0
LIVER,training.day3_treadmillincline,PHENO,outcome,animal,numeric,10,10,0.0,0.0,False,1,,,,
LIVER,training.day3_timeontreadmill,PHENO,outcome,animal,numeric,10,10,0.0,0.0,False,2,auroc,0.8,0.005015918125903367,0.8
LIVER,training.day3_score,PHENO,outcome,animal,numeric,10,10,1.0,0.0,True,3,,,,
LIVER,training.day4date,PHENO,outcome,animal,datetime,10,10,0.0,0.0,False,10,auroc,0.595,0.49368120763238343,0.405
LIVER,training.day4_days,PHENO,outcome,animal,numeric,10,10,0.0,0.0,False,6,auroc,0.6699999999999999,0.20269853574703167,0.33
LIVER,training.day4time,PHENO,outcome,animal,time,10,10,0.0,0.0,False,14,auroc,0.7,0.13956906564539742,0.3
LIVER,training.day4_treadmillspeed,PHENO,outcome,animal,numeric,10,10,0.0,0.0,False,3,auroc,1.0,4.73140726040938e-05,1.0
LIVER,training.day4_treadmillincline,PHENO,outcome,animal,numeric,10,10,0.0,0.0,False,1,,,,
LIVER,training.day4_timeontreadmill,PHENO,outcome,animal,numeric,10,10,0.0,0.0,False,2,auroc,0.8,0.005015918125903367,0.8
LIVER,training.day4_score,PHENO,outcome,animal,numeric,10,10,1.0,0.0,True,3,,,,
LIVER,training.day5date,PHENO,outcome,animal,datetime,10,10,0.0,0.0,False,10,auroc,0.595,0.49368120763238343,0.405
LIVER,training.day5_days,PHENO,outcome,animal,numeric,10,10,0.0,0.0,False,6,auroc,0.6699999999999999,0.20269853574703167,0.33
LIVER,training.day5time,PHENO,outcome,animal,time,10,10,0.0,0.0,False,13,auroc,0.6,0.470329985735076,0.4
LIVER,training.day5_treadmillspeed,PHENO,outcome,animal,numeric,10,10,0.0,0.0,False,3,auroc,1.0,4.73140726040938e-05,1.0
LIVER,training.day5_treadmillincline,PHENO,outcome,animal,numeric,10,10,0.0,0.0,False,1,,,,
LIVER,training.day5_timeontreadmill,PHENO,outcome,animal,numeric,10,10,0.0,0.0,False,2,auroc,0.8,0.005015918125903367,0.8
LIVER,training.day5_posttrainlact,PHENO,outcome,animal,numeric,10,10,1.0,0.0,True,7,,,,
LIVER,training.day5_score,PHENO,outcome,animal,numeric,10,10,1.0,0.0,True,3,,,,
LIVER,training.day6date,PHENO,outcome,animal,datetime,10,10,0.0,0.0,False,10,auroc,0.595,0.49368120763238343,0.405
LIVER,training.day6_days,PHENO,outcome,animal,numeric,10,10,0.0,0.0,False,6,auroc,0.6699999999999999,0.20269853574703167,0.33
LIVER,training.day6time,PHENO,outcome,animal,time,10,10,0.0,0.0,False,14,auroc,0.665,0.22542674492729098,0.335
LIVER,training.day6_treadmillspeed,PHENO,outcome,animal,numeric,10,10,0.0,0.0,False,3,auroc,1.0,4.73140726040938e-05,1.0
LIVER,training.day6_treadmillincline,PHENO,outcome,animal,numeric,10,10,0.0,0.0,False,1,,,,
LIVER,training.day6_timeontreadmill,PHENO,outcome,animal,numeric,10,10,0.0,0.0,False,2,auroc,0.95,9.66051900821123e-05,0.95
LIVER,training.day6_weight,PHENO,outcome,animal,numeric,10,10,0.0,0.0,False,20,auroc,0.63,0.3447042220069576,0.37
LIVER,training.day6_posttrainlact,PHENO,outcome,animal,numeric,10,10,1.0,0.0,True,10,,,,
LIVER,training.day6_score,PHENO,outcome,animal,numeric,10,10,1.0,0.0,True,3,,,,
LIVER,training.day7date,PHENO,outcome,animal,datetime,10,10,0.0,0.0,False,10,auroc,0.595,0.49368120763238343,0.405
LIVER,training.day7_days,PHENO,outcome,animal,numeric,10,10,0.0,0.0,False,6,auroc,0.6699999999999999,0.20269853574703167,0.33
LIVER,training.day7time,PHENO,outcome,animal,time,10,10,0.0,0.0,False,13,auroc,0.5449999999999999,0.7615851509629026,0.455
LIVER,training.day7_treadmillspeed,PHENO,outcome,animal,numeric,10,10,0.0,0.0,False,3,auroc,1.0,4.73140726040938e-05,1.0
LIVER,training.day7_treadmillincline,PHENO,outcome,animal,numeric,10,10,0.0,0.0,False,1,,,,
LIVER,training.day7_timeontreadmill,PHENO,outcome,animal,numeric,10,10,0.0,0.0,False,2,auroc,0.95,9.66051900821123e-05,0.95
LIVER,training.day7_posttrainlact,PHENO,outcome,animal,numeric,10,10,1.0,0.9,False,1,,,,
LIVER,training.day7_score,PHENO,outcome,animal,numeric,10,10,1.0,0.0,True,3,,,,
LIVER,training.day8date,PHENO,outcome,animal,datetime,10,10,0.0,0.0,False,10,auroc,0.595,0.49368120763238343,0.405
LIVER,training.day8_days,PHENO,outcome,animal,numeric,10,10,0.0,0.0,False,6,auroc,0.6699999999999999,0.20269853574703167,0.33
LIVER,training.day8time,PHENO,outcome,animal,time,10,10,0.0,0.0,False,17,auroc,0.595,0.49580527609991076,0.405
LIVER,training.day8_treadmillspeed,PHENO,outcome,animal,numeric,10,10,0.0,0.0,False,3,auroc,1.0,4.73140726040938e-05,1.0
LIVER,training.day8_treadmillincline,PHENO,outcome,animal,numeric,10,10,0.0,0.0,False,1,,,,
LIVER,training.day8_timeontreadmill,PHENO,outcome,animal,numeric,10,10,0.0,0.0,False,2,auroc,1.0,1.593791168806624e-05,1.0
LIVER,training.day8_posttrainlact,PHENO,outcome,animal,numeric,10,10,1.0,0.9,False,1,,,,
LIVER,training.day8_score,PHENO,outcome,animal,numeric,10,10,1.0,0.0,True,3,,,,
LIVER,training.day9date,PHENO,outcome,animal,datetime,10,10,0.0,0.0,False,10,auroc,0.595,0.49368120763238343,0.405
LIVER,training.day9_days,PHENO,outcome,animal,numeric,10,10,0.0,0.0,False,6,auroc,0.6699999999999999,0.20269853574703167,0.33
LIVER,training.day9time,PHENO,outcome,animal,time,10,10,0.0,0.0,False,15,auroc,0.64,0.3065784952080737,0.36
LIVER,training.day9_treadmillspeed,PHENO,outcome,animal,numeric,10,10,0.0,0.0,False,3,auroc,1.0,4.73140726040938e-05,1.0
LIVER,training.day9_treadmillincline,PHENO,outcome,animal,numeric,10,10,0.0,0.0,False,1,,,,
LIVER,training.day9_timeontreadmill,PHENO,outcome,animal,numeric,10,10,0.0,0.0,False,2,auroc,1.0,1.593791168806624e-05,1.0
LIVER,training.day9_posttrainlact,PHENO,outcome,animal,numeric,10,10,1.0,0.9,False,1,,,,
LIVER,training.day9_score,PHENO,outcome,animal,numeric,10,10,1.0,0.0,True,3,,,,
LIVER,training.day10date,PHENO,outcome,animal,datetime,10,10,0.0,0.0,False,10,auroc,0.595,0.49368120763238343,0.405
LIVER,training.day10_days,PHENO,outcome,animal,numeric,10,10,0.0,0.0,False,6,auroc,0.6699999999999999,0.20269853574703167,0.33
LIVER,training.day10time,PHENO,outcome,animal,time,10,10,0.0,0.0,False,15,auroc,0.65,0.27213326199524046,0.35
LIVER,training.day10_treadmillspeed,PHENO,outcome,animal,numeric,10,10,0.0,0.0,False,3,auroc,1.0,4.73140726040938e-05,1.0
LIVER,training.day10_treadmillincline,PHENO,outcome,animal,numeric,10,10,0.0,0.0,False,1,,,,
LIVER,training.day10_timeontreadmill,PHENO,outcome,animal,numeric,10,10,0.0,0.0,False,2,auroc,1.0,1.593791168806624e-05,1.0
LIVER,training.day10_posttrainlact,PHENO,outcome,animal,numeric,10,10,1.0,0.0,True,10,,,,
LIVER,training.day10_score,PHENO,outcome,animal,numeric,10,10,1.0,0.0,True,3,,,,
LIVER,training.day11date,PHENO,outcome,animal,datetime,10,10,0.0,0.0,False,10,auroc,0.595,0.49368120763238343,0.405
LIVER,training.day11_days,PHENO,outcome,animal,numeric,10,10,0.0,0.0,False,6,auroc,0.6699999999999999,0.20269853574703167,0.33
LIVER,training.day11time,PHENO,outcome,animal,time,10,10,0.0,0.0,False,13,auroc,0.625,0.3630802727156903,0.375
LIVER,training.day11_treadmillspeed,PHENO,outcome,animal,numeric,10,10,0.0,0.0,False,3,auroc,1.0,4.73140726040938e-05,1.0
LIVER,training.day11_treadmillincline,PHENO,outcome,animal,numeric,10,10,0.0,0.0,False,1,,,,
LIVER,training.day11_timeontreadmill,PHENO,outcome,animal,numeric,10,10,0.0,0.0,False,2,auroc,1.0,1.593791168806624e-05,1.0
LIVER,training.day11_weight,PHENO,outcome,animal,numeric,10,10,0.0,0.0,False,17,auroc,0.63,0.3441594615512613,0.37
LIVER,training.day11_posttrainlact,PHENO,outcome,animal,numeric,10,10,1.0,0.0,True,7,,,,
LIVER,training.day11_score,PHENO,outcome,animal,numeric,10,10,1.0,0.0,True,2,,,,
LIVER,training.day12date,PHENO,outcome,animal,datetime,10,10,0.0,0.0,False,10,auroc,0.595,0.49368120763238343,0.405
LIVER,training.day12_days,PHENO,outcome,animal,numeric,10,10,0.0,0.0,False,6,auroc,0.6699999999999999,0.20269853574703167,0.33
LIVER,training.day12time,PHENO,outcome,animal,time,10,10,0.0,0.0,False,14,auroc,0.595,0.49531745351651635,0.405
LIVER,training.day12_treadmillspeed,PHENO,outcome,animal,numeric,10,10,0.0,0.0,False,3,auroc,1.0,4.73140726040938e-05,1.0
LIVER,training.day12_treadmillincline,PHENO,outcome,animal,numeric,10,10,0.0,0.0,False,1,,,,
LIVER,training.day12_timeontreadmill,PHENO,outcome,animal,numeric,10,10,0.0,0.0,False,2,auroc,1.0,1.593791168806624e-05,1.0
LIVER,training.day12_score,PHENO,outcome,animal,numeric,10,10,1.0,0.0,True,3,,,,
LIVER,training.day13date,PHENO,outcome,animal,datetime,10,10,0.0,0.0,False,10,auroc,0.595,0.49368120763238343,0.405
LIVER,training.day13_days,PHENO,outcome,animal,numeric,10,10,0.0,0.0,False,6,auroc,0.6699999999999999,0.20269853574703167,0.33
LIVER,training.day13time,PHENO,outcome,animal,time,10,10,0.0,0.0,False,13,auroc,0.565,0.6492850242269921,0.435
LIVER,training.day13_treadmillspeed,PHENO,outcome,animal,numeric,10,10,0.0,0.0,False,3,auroc,1.0,4.73140726040938e-05,1.0
LIVER,training.day13_treadmillincline,PHENO,outcome,animal,numeric,10,10,0.0,0.0,False,1,,,,
LIVER,training.day13_timeontreadmill,PHENO,outcome,animal,numeric,10,10,0.0,0.0,False,2,auroc,1.0,1.593791168806624e-05,1.0
LIVER,training.day13_score,PHENO,outcome,animal,numeric,10,10,1.0,0.0,True,3,,,,
LIVER,training.day14date,PHENO,outcome,animal,datetime,10,10,0.0,0.0,False,10,auroc,0.595,0.49368120763238343,0.405
LIVER,training.day14_days,PHENO,outcome,animal,numeric,10,10,0.0,0.0,False,6,auroc,0.6699999999999999,0.20269853574703167,0.33
LIVER,training.day14time,PHENO,outcome,animal,time,10,10,0.0,0.0,False,14,auroc,0.645,0.28882818034097146,0.355
LIVER,training.day14_treadmillspeed,PHENO,outcome,animal,numeric,10,10,0.0,0.0,False,3,auroc,1.0,4.73140726040938e-05,1.0
LIVER,training.day14_treadmillincline,PHENO,outcome,animal,numeric,10,10,0.0,0.0,False,1,,,,
LIVER,training.day14_timeontreadmill,PHENO,outcome,animal,numeric,10,10,0.0,0.0,False,2,auroc,1.0,1.593791168806624e-05,1.0
LIVER,training.day14_score,PHENO,outcome,animal,numeric,10,10,1.0,0.0,True,3,,,,
LIVER,training.day15date,PHENO,outcome,animal,datetime,10,10,0.0,0.0,False,10,auroc,0.595,0.49368120763238343,0.405
LIVER,training.day15_days,PHENO,outcome,animal,numeric,10,10,0.0,0.0,False,6,auroc,0.6699999999999999,0.20269853574703167,0.33
LIVER,training.day15time,PHENO,outcome,animal,time,10,10,0.0,0.0,False,12,auroc,0.615,0.4030137617317201,0.385
LIVER,training.day15_treadmillspeed,PHENO,outcome,animal,numeric,10,10,0.0,0.0,False,3,auroc,1.0,4.73140726040938e-05,1.0
LIVER,training.day15_treadmillincline,PHENO,outcome,animal,numeric,10,10,0.0,0.0,False,1,,,,
LIVER,training.day15_timeontreadmill,PHENO,outcome,animal,numeric,10,10,0.0,0.0,False,2,auroc,1.0,1.593791168806624e-05,1.0
LIVER,training.day15_posttrainlact,PHENO,outcome,animal,numeric,10,10,1.0,0.0,True,7,,,,
LIVER,training.day15_score,PHENO,outcome,animal,numeric,10,10,1.0,0.0,True,3,,,,
LIVER,training.day16date,PHENO,outcome,animal,datetime,10,10,0.0,0.0,False,10,auroc,0.595,0.49368120763238343,0.405
LIVER,training.day16_days,PHENO,outcome,animal,numeric,10,10,0.0,0.0,False,6,auroc,0.6699999999999999,0.20269853574703167,0.33
LIVER,training.day16time,PHENO,outcome,animal,time,10,10,0.0,0.0,False,14,auroc,0.6599999999999999,0.24025816616664397,0.34
LIVER,training.day16_treadmillspeed,PHENO,outcome,animal,numeric,10,10,0.0,0.0,False,3,auroc,1.0,4.73140726040938e-05,1.0
LIVER,training.day16_treadmillincline,PHENO,outcome,animal,numeric,10,10,0.0,0.0,False,1,,,,
LIVER,training.day16_timeontreadmill,PHENO,outcome,animal,numeric,10,10,0.0,0.0,False,2,auroc,1.0,1.593791168806624e-05,1.0
LIVER,training.day16_weight,PHENO,outcome,animal,numeric,10,10,0.0,0.0,False,19,auroc,0.64,0.30730753272470845,0.36
LIVER,training.day16_posttrainlact,PHENO,outcome,animal,numeric,10,10,1.0,0.0,True,7,,,,
LIVER,training.day16_score,PHENO,outcome,animal,numeric,10,10,1.0,0.0,True,3,,,,
LIVER,training.day17date,PHENO,outcome,animal,datetime,10,10,0.0,0.0,False,10,auroc,0.595,0.49368120763238343,0.405
LIVER,training.day17_days,PHENO,outcome,animal,numeric,10,10,0.0,0.0,False,6,auroc,0.6699999999999999,0.20269853574703167,0.33
LIVER,training.day17time,PHENO,outcome,animal,time,10,10,0.0,0.0,False,16,auroc,0.65,0.2723141220596529,0.35
LIVER,training.day17_treadmillspeed,PHENO,outcome,animal,numeric,10,10,0.0,0.0,False,3,auroc,1.0,4.73140726040938e-05,1.0
LIVER,training.day17_treadmillincline,PHENO,outcome,animal,numeric,10,10,0.0,0.0,False,1,,,,
LIVER,training.day17_timeontreadmill,PHENO,outcome,animal,numeric,10,10,0.0,0.0,False,2,auroc,1.0,1.593791168806624e-05,1.0
LIVER,training.day17_score,PHENO,outcome,animal,numeric,10,10,1.0,0.0,True,2,,,,
LIVER,training.day18date,PHENO,outcome,animal,datetime,10,10,0.0,0.0,False,10,auroc,0.595,0.49368120763238343,0.405
LIVER,training.day18_days,PHENO,outcome,animal,numeric,10,10,0.0,0.0,False,6,auroc,0.6699999999999999,0.20269853574703167,0.33
LIVER,training.day18time,PHENO,outcome,animal,time,10,10,0.0,0.0,False,14,auroc,0.6599999999999999,0.24025816616664397,0.34
LIVER,training.day18_treadmillspeed,PHENO,outcome,animal,numeric,10,10,0.0,0.0,False,3,auroc,1.0,4.73140726040938e-05,1.0
LIVER,training.day18_treadmillincline,PHENO,outcome,animal,numeric,10,10,0.0,0.0,False,1,,,,
LIVER,training.day18_timeontreadmill,PHENO,outcome,animal,numeric,10,10,0.0,0.0,False,2,auroc,1.0,1.593791168806624e-05,1.0
LIVER,training.day18_score,PHENO,outcome,animal,numeric,10,10,1.0,0.0,True,3,,,,
LIVER,training.day19date,PHENO,outcome,animal,datetime,10,10,0.0,0.0,False,10,auroc,0.595,0.49368120763238343,0.405
LIVER,training.day19_days,PHENO,outcome,animal,numeric,10,10,0.0,0.0,False,6,auroc,0.6699999999999999,0.20269853574703167,0.33
LIVER,training.day19time,PHENO,outcome,animal,time,10,10,0.0,0.0,False,13,auroc,0.675,0.19724189236240486,0.325
LIVER,training.day19_treadmillspeed,PHENO,outcome,animal,numeric,10,10,0.0,0.0,False,3,auroc,1.0,4.73140726040938e-05,1.0
LIVER,training.day19_treadmillincline,PHENO,outcome,animal,numeric,10,10,0.0,0.0,False,1,,,,
LIVER,training.day19_timeontreadmill,PHENO,outcome,animal,numeric,10,10,0.0,0.0,False,2,auroc,1.0,1.593791168806624e-05,1.0
LIVER,training.day19_score,PHENO,outcome,animal,numeric,10,10,1.0,0.0,True,3,,,,
LIVER,training.day20date,PHENO,outcome,animal,datetime,10,10,0.0,0.0,False,10,auroc,0.595,0.49368120763238343,0.405
LIVER,training.day20_days,PHENO,outcome,animal,numeric,10,10,0.0,0.0,False,6,auroc,0.6699999999999999,0.20269853574703167,0.33
LIVER,training.day20time,PHENO,outcome,animal,time,10,10,0.0,0.0,False,15,auroc,0.73,0.08837244910755158,0.27
LIVER,training.day20_treadmillspeed,PHENO,outcome,animal,numeric,10,10,0.0,0.0,False,3,auroc,1.0,4.73140726040938e-05,1.0
LIVER,training.day20_treadmillincline,PHENO,outcome,animal,numeric,10,10,0.0,0.0,False,1,,,,
LIVER,training.day20_timeontreadmill,PHENO,outcome,animal,numeric,10,10,0.0,0.0,False,2,auroc,1.0,1.593791168806624e-05,1.0
LIVER,training.day20_posttrainlact,PHENO,outcome,animal,numeric,10,10,1.0,0.0,True,10,,,,
LIVER,training.day20_score,PHENO,outcome,animal,numeric,10,10,1.0,0.0,True,3,,,,
LIVER,training.day21date,PHENO,outcome,animal,datetime,10,10,0.0,0.0,False,10,auroc,0.595,0.49368120763238343,0.405
LIVER,training.day21_days,PHENO,outcome,animal,numeric,10,10,0.0,0.0,False,6,auroc,0.6699999999999999,0.20269853574703167,0.33
LIVER,training.day21time,PHENO,outcome,animal,time,10,10,0.0,0.0,False,14,auroc,0.6,0.47167410225493,0.4
LIVER,training.day21_treadmillspeed,PHENO,outcome,animal,numeric,10,10,0.0,0.0,False,3,auroc,1.0,4.73140726040938e-05,1.0
LIVER,training.day21_treadmillincline,PHENO,outcome,animal,numeric,10,10,0.0,0.0,False,1,,,,
LIVER,training.day21_timeontreadmill,PHENO,outcome,animal,numeric,10,10,0.0,0.0,False,2,auroc,1.0,1.593791168806624e-05,1.0
LIVER,training.day21_weight,PHENO,outcome,animal,numeric,10,10,0.0,0.0,False,18,auroc,0.6799999999999999,0.18554575077897684,0.32
LIVER,training.day21_posttrainlact,PHENO,outcome,animal,numeric,10,10,1.0,0.0,True,9,,,,
LIVER,training.day21_score,PHENO,outcome,animal,numeric,10,10,1.0,0.0,True,2,,,,
LIVER,training.day22date,PHENO,outcome,animal,datetime,10,10,0.0,0.0,False,10,auroc,0.595,0.49368120763238343,0.405
LIVER,training.day22_days,PHENO,outcome,animal,numeric,10,10,0.0,0.0,False,6,auroc,0.6699999999999999,0.20269853574703167,0.33
LIVER,training.day22time,PHENO,outcome,animal,time,10,10,0.0,0.0,False,13,auroc,0.6699999999999999,0.210743206283741,0.33
LIVER,training.day22_treadmillspeed,PHENO,outcome,animal,numeric,10,10,0.0,0.0,False,3,auroc,1.0,4.73140726040938e-05,1.0
LIVER,training.day22_treadmillincline,PHENO,outcome,animal,numeric,10,10,0.0,0.0,False,1,,,,
LIVER,training.day22_timeontreadmill,PHENO,outcome,animal,numeric,10,10,0.0,0.0,False,2,auroc,1.0,1.593791168806624e-05,1.0
LIVER,training.day22_score,PHENO,outcome,animal,numeric,10,10,1.0,0.0,True,2,,,,
LIVER,training.day23date,PHENO,outcome,animal,datetime,10,10,0.0,0.0,False,10,auroc,0.595,0.49368120763238343,0.405
LIVER,training.day23_days,PHENO,outcome,animal,numeric,10,10,0.0,0.0,False,6,auroc,0.6699999999999999,0.20269853574703167,0.33
LIVER,training.day23time,PHENO,outcome,animal,time,10,10,0.0,0.0,False,14,auroc,0.76,0.0533617780229716,0.24
LIVER,training.day23_treadmillspeed,PHENO,outcome,animal,numeric,10,10,0.0,0.0,False,3,auroc,1.0,4.73140726040938e-05,1.0
LIVER,training.day23_treadmillincline,PHENO,outcome,animal,numeric,10,10,0.0,0.0,False,1,,,,
LIVER,training.day23_timeontreadmill,PHENO,outcome,animal,numeric,10,10,0.0,0.0,False,2,auroc,1.0,1.593791168806624e-05,1.0
LIVER,training.day23_score,PHENO,outcome,animal,numeric,10,10,1.0,0.0,True,2,,,,
LIVER,training.day24date,PHENO,outcome,animal,datetime,10,10,0.0,0.0,False,10,auroc,0.595,0.49368120763238343,0.405
LIVER,training.day24_days,PHENO,outcome,animal,numeric,10,10,0.0,0.0,False,6,auroc,0.6699999999999999,0.20269853574703167,0.33
LIVER,training.day24time,PHENO,outcome,animal,time,10,10,0.0,0.0,False,13,auroc,0.635,0.3228233890194294,0.365
LIVER,training.day24_treadmillspeed,PHENO,outcome,animal,numeric,10,10,0.0,0.0,False,3,auroc,1.0,4.73140726040938e-05,1.0
LIVER,training.day24_treadmillincline,PHENO,outcome,animal,numeric,10,10,0.0,0.0,False,1,,,,
LIVER,training.day24_timeontreadmill,PHENO,outcome,animal,numeric,10,10,0.0,0.0,False,2,auroc,1.0,1.593791168806624e-05,1.0
LIVER,training.day24_score,PHENO,outcome,animal,numeric,10,10,1.0,0.0,True,3,,,,
LIVER,training.day25date,PHENO,outcome,animal,datetime,10,10,0.0,0.0,False,10,auroc,0.595,0.49368120763238343,0.405
LIVER,training.day25_days,PHENO,outcome,animal,numeric,10,10,0.0,0.0,False,6,auroc,0.6699999999999999,0.20269853574703167,0.33
LIVER,training.day25time,PHENO,outcome,animal,time,10,10,0.0,0.0,False,13,auroc,0.6799999999999999,0.18471693583376836,0.32
LIVER,training.day25_treadmillspeed,PHENO,outcome,animal,numeric,10,10,0.0,0.0,False,3,auroc,1.0,4.73140726040938e-05,1.0
LIVER,training.day25_treadmillincline,PHENO,outcome,animal,numeric,10,10,0.0,0.0,False,1,,,,
LIVER,training.day25_timeontreadmill,PHENO,outcome,animal,numeric,10,10,0.0,0.0,False,2,auroc,1.0,1.593791168806624e-05,1.0
LIVER,training.day25_posttrainlact,PHENO,outcome,animal,numeric,10,10,1.0,0.0,True,10,,,,
LIVER,training.day25_score,PHENO,outcome,animal,numeric,10,10,1.0,0.0,True,3,,,,
LIVER,training.day26date,PHENO,outcome,animal,datetime,10,10,0.0,0.0,False,10,auroc,0.595,0.49368120763238343,0.405
LIVER,training.day26_days,PHENO,outcome,animal,numeric,10,10,0.0,0.0,False,6,auroc,0.6699999999999999,0.20269853574703167,0.33
LIVER,training.day26time,PHENO,outcome,animal,time,10,10,0.0,0.0,False,13,auroc,0.65,0.2714085957758833,0.35
LIVER,training.day26_treadmillspeed,PHENO,outcome,animal,numeric,10,10,0.0,0.0,False,3,auroc,1.0,4.73140726040938e-05,1.0
LIVER,training.day26_treadmillincline,PHENO,outcome,animal,numeric,10,10,0.0,0.0,False,1,,,,
LIVER,training.day26_timeontreadmill,PHENO,outcome,animal,numeric,10,10,0.0,0.0,False,2,auroc,1.0,1.593791168806624e-05,1.0
LIVER,training.day26_weight,PHENO,outcome,animal,numeric,10,10,0.0,0.0,False,19,auroc,0.73,0.08885290847904961,0.27
LIVER,training.day26_posttrainlact,PHENO,outcome,animal,numeric,10,10,1.0,0.0,True,10,,,,
LIVER,training.day26_score,PHENO,outcome,animal,numeric,10,10,1.0,0.0,True,2,,,,
LIVER,training.day27date,PHENO,outcome,animal,datetime,10,10,0.0,0.0,False,10,auroc,0.595,0.49368120763238343,0.405
LIVER,training.day27_days,PHENO,outcome,animal,numeric,10,10,0.0,0.0,False,6,auroc,0.6699999999999999,0.20269853574703167,0.33
LIVER,training.day27time,PHENO,outcome,animal,time,10,10,0.0,0.0,False,13,auroc,0.78,0.03713317558193916,0.22
LIVER,training.day27_treadmillspeed,PHENO,outcome,animal,numeric,10,10,0.0,0.0,False,3,auroc,1.0,4.73140726040938e-05,1.0
LIVER,training.day27_treadmillincline,PHENO,outcome,animal,numeric,10,10,0.0,0.0,False,1,,,,
LIVER,training.day27_timeontreadmill,PHENO,outcome,animal,numeric,10,10,0.0,0.0,False,2,auroc,1.0,1.593791168806624e-05,1.0
LIVER,training.day27_score,PHENO,outcome,animal,numeric,10,10,1.0,0.0,True,2,,,,
LIVER,training.day28date,PHENO,outcome,animal,datetime,10,10,0.0,0.0,False,10,auroc,0.595,0.49368120763238343,0.405
LIVER,training.day28_days,PHENO,outcome,animal,numeric,10,10,0.0,0.0,False,6,auroc,0.6699999999999999,0.20269853574703167,0.33
LIVER,training.day28time,PHENO,outcome,animal,time,10,10,0.0,0.0,False,14,auroc,0.75,0.06322282935107827,0.25
LIVER,training.day28_treadmillspeed,PHENO,outcome,animal,numeric,10,10,0.0,0.0,False,3,auroc,1.0,4.73140726040938e-05,1.0
LIVER,training.day28_treadmillincline,PHENO,outcome,animal,numeric,10,10,0.0,0.0,False,1,,,,
LIVER,training.day28_timeontreadmill,PHENO,outcome,animal,numeric,10,10,0.0,0.0,False,2,auroc,1.0,1.593791168806624e-05,1.0
LIVER,training.day28_score,PHENO,outcome,animal,numeric,10,10,1.0,0.0,True,3,,,,
LIVER,training.day29date,PHENO,outcome,animal,datetime,10,10,0.0,0.0,False,10,auroc,0.595,0.49368120763238343,0.405
LIVER,training.day29_days,PHENO,outcome,animal,numeric,10,10,0.0,0.0,False,6,auroc,0.6699999999999999,0.20269853574703167,0.33
LIVER,training.day29time,PHENO,outcome,animal,time,10,10,0.0,0.0,False,14,auroc,0.75,0.06322282935107827,0.25
LIVER,training.day29_treadmillspeed,PHENO,outcome,animal,numeric,10,10,0.0,0.0,False,3,auroc,1.0,4.73140726040938e-05,1.0
LIVER,training.day29_treadmillincline,PHENO,outcome,animal,numeric,10,10,0.0,0.0,False,1,,,,
LIVER,training.day29_timeontreadmill,PHENO,outcome,animal,numeric,10,10,0.0,0.0,False,2,auroc,1.0,1.593791168806624e-05,1.0
LIVER,training.day29_score,PHENO,outcome,animal,numeric,10,10,1.0,0.0,True,3,,,,
LIVER,training.day30date,PHENO,outcome,animal,datetime,10,10,0.0,0.0,False,10,auroc,0.595,0.49368120763238343,0.405
LIVER,training.day30_days,PHENO,outcome,animal,numeric,10,10,0.0,0.0,False,6,auroc,0.6699999999999999,0.20269853574703167,0.33
LIVER,training.day30time,PHENO,outcome,animal,time,10,10,0.0,0.0,False,15,auroc,0.91,0.002160140722215307,0.09
LIVER,training.day30_treadmillspeed,PHENO,outcome,animal,numeric,10,10,0.0,0.0,False,3,auroc,1.0,4.73140726040938e-05,1.0
LIVER,training.day30_treadmillincline,PHENO,outcome,animal,numeric,10,10,0.0,0.0,False,1,,,,
LIVER,training.day30_timeontreadmill,PHENO,outcome,animal,numeric,10,10,0.0,0.0,False,2,auroc,1.0,1.593791168806624e-05,1.0
LIVER,training.day30_posttrainlact,PHENO,outcome,animal,numeric,10,10,1.0,0.0,True,7,,,,
LIVER,training.day30_score,PHENO,outcome,animal,numeric,10,10,1.0,0.0,True,3,,,,
LIVER,training.day31date,PHENO,outcome,animal,datetime,10,10,0.0,0.0,False,10,auroc,0.595,0.49368120763238343,0.405
LIVER,training.day31_days,PHENO,outcome,animal,numeric,10,10,0.0,0.0,False,6,auroc,0.6699999999999999,0.20269853574703167,0.33
LIVER,training.day31time,PHENO,outcome,animal,time,10,10,0.0,0.0,False,12,auroc,0.51,0.9697360424200406,0.49
LIVER,training.day31_treadmillspeed,PHENO,outcome,animal,numeric,10,10,0.0,0.0,False,3,auroc,1.0,4.73140726040938e-05,1.0
LIVER,training.day31_treadmillincline,PHENO,outcome,animal,numeric,10,10,0.0,0.0,False,1,,,,
LIVER,training.day31_timeontreadmill,PHENO,outcome,animal,numeric,10,10,0.0,0.0,False,2,auroc,1.0,1.593791168806624e-05,1.0
LIVER,training.day31_weight,PHENO,outcome,animal,numeric,10,10,0.0,0.0,False,19,auroc,0.745,0.06953745003698122,0.255
LIVER,training.day31_posttrainlact,PHENO,outcome,animal,numeric,10,10,1.0,0.0,True,9,,,,
LIVER,training.day31_score,PHENO,outcome,animal,numeric,10,10,1.0,0.0,True,2,,,,
LIVER,training.day32date,PHENO,outcome,animal,datetime,10,10,0.0,0.0,False,10,auroc,0.595,0.49368120763238343,0.405
LIVER,training.day32_days,PHENO,outcome,animal,numeric,10,10,0.0,0.0,False,6,auroc,0.6699999999999999,0.20269853574703167,0.33
LIVER,training.day32time,PHENO,outcome,animal,time,10,10,0.0,0.0,False,13,auroc,0.73,0.0878919199518684,0.27
LIVER,training.day32_treadmillspeed,PHENO,outcome,animal,numeric,10,10,0.0,0.0,False,3,auroc,1.0,4.73140726040938e-05,1.0
LIVER,training.day32_treadmillincline,PHENO,outcome,animal,numeric,10,10,0.0,0.0,False,1,,,,
LIVER,training.day32_timeontreadmill,PHENO,outcome,animal,numeric,10,10,0.0,0.0,False,2,auroc,1.0,1.593791168806624e-05,1.0
LIVER,training.day32_score,PHENO,outcome,animal,numeric,10,10,1.0,0.0,True,2,,,,
LIVER,training.day33date,PHENO,outcome,animal,datetime,10,10,0.0,0.0,False,10,auroc,0.595,0.49368120763238343,0.405
LIVER,training.day33_days,PHENO,outcome,animal,numeric,10,10,0.0,0.0,False,6,auroc,0.6699999999999999,0.20269853574703167,0.33
LIVER,training.day33time,PHENO,outcome,animal,time,10,10,0.0,0.0,False,11,auroc,0.69,0.15991613152481754,0.31
LIVER,training.day33_treadmillspeed,PHENO,outcome,animal,numeric,10,10,0.0,0.0,False,3,auroc,1.0,4.73140726040938e-05,1.0
LIVER,training.day33_treadmillincline,PHENO,outcome,animal,numeric,10,10,0.0,0.0,False,1,,,,
LIVER,training.day33_timeontreadmill,PHENO,outcome,animal,numeric,10,10,0.0,0.0,False,2,auroc,1.0,1.593791168806624e-05,1.0
LIVER,training.day33_score,PHENO,outcome,animal,numeric,10,10,1.0,0.0,True,3,,,,
LIVER,training.day34date,PHENO,outcome,animal,datetime,10,10,0.0,0.0,False,10,auroc,0.595,0.49368120763238343,0.405
LIVER,training.day34_days,PHENO,outcome,animal,numeric,10,10,0.0,0.0,False,6,auroc,0.6699999999999999,0.20269853574703167,0.33
LIVER,training.day34time,PHENO,outcome,animal,time,10,10,0.0,0.0,False,11,auroc,0.625,0.3601593837295177,0.375
LIVER,training.day34_treadmillspeed,PHENO,outcome,animal,numeric,10,10,0.0,0.0,False,3,auroc,1.0,4.73140726040938e-05,1.0
LIVER,training.day34_treadmillincline,PHENO,outcome,animal,numeric,10,10,0.0,0.0,False,1,,,,
LIVER,training.day34_timeontreadmill,PHENO,outcome,animal,numeric,10,10,0.0,0.0,False,2,auroc,1.0,1.593791168806624e-05,1.0
LIVER,training.day34_score,PHENO,outcome,animal,numeric,10,10,1.0,0.0,True,2,,,,
LIVER,training.day35date,PHENO,outcome,animal,datetime,10,10,0.0,0.0,False,10,auroc,0.595,0.49368120763238343,0.405
LIVER,training.day35_days,PHENO,outcome,animal,numeric,10,10,0.0,0.0,False,6,auroc,0.6699999999999999,0.20269853574703167,0.33
LIVER,training.day35time,PHENO,outcome,animal,time,10,10,0.0,0.0,False,14,auroc,0.64,0.3060303039357849,0.64
LIVER,training.day35_treadmillspeed,PHENO,outcome,animal,numeric,10,10,0.0,0.0,False,3,auroc,1.0,4.73140726040938e-05,1.0
LIVER,training.day35_treadmillincline,PHENO,outcome,animal,numeric,10,10,0.0,0.0,False,1,,,,
LIVER,training.day35_timeontreadmill,PHENO,outcome,animal,numeric,10,10,0.0,0.0,False,2,auroc,1.0,1.593791168806624e-05,1.0
LIVER,training.day35_posttrainlact,PHENO,outcome,animal,numeric,10,10,1.0,0.0,True,10,,,,
LIVER,training.day35_score,PHENO,outcome,animal,numeric,10,10,1.0,0.0,True,2,,,,
LIVER,training.day36date,PHENO,outcome,animal,datetime,10,10,0.0,0.0,False,10,auroc,0.595,0.49368120763238343,0.405
LIVER,training.day36_days,PHENO,outcome,animal,numeric,10,10,0.0,0.0,False,6,auroc,0.6699999999999999,0.20269853574703167,0.33
LIVER,training.day36time,PHENO,outcome,animal,time,10,10,0.6,0.5,False,9,auroc,0.95,0.031746031746031744,0.05
LIVER,training.day36_weight,PHENO,outcome,animal,numeric,10,10,0.0,0.0,False,19,auroc,0.73,0.08885290847904961,0.27
LIVER,training.day37date,PHENO,outcome,animal,datetime,10,10,0.0,0.0,False,10,auroc,0.595,0.49368120763238343,0.405
LIVER,training.day37_days,PHENO,outcome,animal,numeric,10,10,0.0,0.0,False,6,auroc,0.6699999999999999,0.20269853574703167,0.33
LIVER,training.day37time,PHENO,outcome,animal,time,10,10,0.0,0.0,False,12,auroc,0.53,0.8493210400200102,0.47
LIVER,training.day37_treadmillspeed,PHENO,outcome,animal,numeric,10,10,0.0,0.0,False,3,auroc,1.0,4.73140726040938e-05,1.0
LIVER,training.day37_treadmillincline,PHENO,outcome,animal,numeric,10,10,0.0,0.0,False,1,,,,
LIVER,training.day37_timeontreadmill,PHENO,outcome,animal,numeric,10,10,0.0,0.0,False,2,auroc,1.0,1.593791168806624e-05,1.0
LIVER,training.day37_score,PHENO,outcome,animal,numeric,10,10,1.0,0.0,True,3,,,,
LIVER,training.day38date,PHENO,outcome,animal,datetime,10,10,0.0,0.0,False,10,auroc,0.595,0.49368120763238343,0.405
LIVER,training.day38_days,PHENO,outcome,animal,numeric,10,10,0.0,0.0,False,6,auroc,0.6699999999999999,0.20269853574703167,0.33
LIVER,training.day38time,PHENO,outcome,animal,time,10,10,0.0,0.0,False,12,auroc,0.74,0.0745620127879839,0.26
LIVER,training.day38_treadmillspeed,PHENO,outcome,animal,numeric,10,10,0.0,0.0,False,3,auroc,1.0,4.73140726040938e-05,1.0
LIVER,training.day38_treadmillincline,PHENO,outcome,animal,numeric,10,10,0.0,0.0,False,1,,,,
LIVER,training.day38_timeontreadmill,PHENO,outcome,animal,numeric,10,10,0.0,0.0,False,2,auroc,1.0,1.593791168806624e-05,1.0
LIVER,training.day38_score,PHENO,outcome,animal,numeric,10,10,1.0,0.0,True,3,,,,
LIVER,training.day39date,PHENO,outcome,animal,datetime,10,10,0.0,0.0,False,10,auroc,0.595,0.49368120763238343,0.405
LIVER,training.day39_days,PHENO,outcome,animal,numeric,10,10,0.0,0.0,False,6,auroc,0.6699999999999999,0.20269853574703167,0.33
LIVER,training.day39time,PHENO,outcome,animal,time,10,10,0.0,0.0,False,11,auroc,0.605,0.4465992698288942,0.605
LIVER,training.day39_treadmillspeed,PHENO,outcome,animal,numeric,10,10,0.0,0.0,False,3,auroc,1.0,4.73140726040938e-05,1.0
LIVER,training.day39_treadmillincline,PHENO,outcome,animal,numeric,10,10,0.0,0.0,False,1,,,,
LIVER,training.day39_timeontreadmill,PHENO,outcome,animal,numeric,10,10,0.0,0.0,False,2,auroc,1.0,1.593791168806624e-05,1.0
LIVER,training.day39_posttrainlact,PHENO,outcome,animal,numeric,10,10,1.0,0.9,False,1,,,,
LIVER,training.day39_score,PHENO,outcome,animal,numeric,10,10,1.0,0.0,True,2,,,,
LIVER,training.day40date,PHENO,outcome,animal,datetime,10,10,0.0,0.0,False,10,auroc,0.595,0.49368120763238343,0.405
LIVER,training.day40_days,PHENO,outcome,animal,numeric,10,10,0.0,0.0,False,6,auroc,0.6699999999999999,0.20269853574703167,0.33
LIVER,training.day40time,PHENO,outcome,animal,time,10,10,0.0,0.0,False,10,auroc,0.6,0.4679532454588272,0.6
LIVER,training.day40_treadmillspeed,PHENO,outcome,animal,numeric,10,10,0.0,0.0,False,3,auroc,1.0,4.73140726040938e-05,1.0
LIVER,training.day40_treadmillincline,PHENO,outcome,animal,numeric,10,10,0.0,0.0,False,1,,,,
LIVER,training.day40_timeontreadmill,PHENO,outcome,animal,numeric,10,10,0.0,0.0,False,3,auroc,1.0,2.4281747324754767e-05,1.0
LIVER,training.day40_posttrainlact,PHENO,outcome,animal,numeric,10,10,1.0,0.2,True,8,,,,
LIVER,training.day40_score,PHENO,outcome,animal,numeric,10,10,1.0,0.0,True,3,,,,
LIVER,vo2.max.test.d_visit_1,PHENO,outcome,animal,datetime,10,10,0.0,0.0,False,9,auroc,0.5449999999999999,0.7608820121117055,0.455
LIVER,vo2.max.test.days_visit_1,PHENO,outcome,animal,numeric,10,10,0.0,0.0,False,5,auroc,0.605,0.437369328274008,0.395
LIVER,vo2.max.test.staffid_1,PHENO,outcome,animal,numeric,10,10,0.0,0.0,False,1,,,,
LIVER,vo2.max.test.siteid_1,PHENO,outcome,animal,categorical,10,10,0.0,0.0,False,1,,,,
LIVER,vo2.max.test.d_vo2_1,PHENO,outcome,animal,datetime,10,10,0.0,0.0,False,9,auroc,0.5449999999999999,0.7608820121117055,0.455
LIVER,vo2.max.test.days_vo2_1,PHENO,outcome,animal,numeric,10,10,0.0,0.0,False,5,auroc,0.605,0.437369328274008,0.395
LIVER,vo2.max.test.t_vo2_1,PHENO,outcome,animal,time,10,10,0.0,0.0,False,20,auroc,0.61,0.4273553138978077,0.61
LIVER,vo2.max.test.blactate_begin_1,PHENO,outcome,animal,numeric,10,10,0.0,0.0,False,12,auroc,0.505,1.0,0.495
LIVER,vo2.max.test.vo2_max_1,PHENO,outcome,animal,numeric,10,10,0.0,0.0,False,19,auroc,0.56,0.6774705127728922,0.56
LIVER,vo2.max.test.vco2_max_1,PHENO,outcome,animal,numeric,10,10,0.0,0.0,False,20,auroc,0.53,0.8501067391385259,0.53
LIVER,vo2.max.test.rer_max_1,PHENO,outcome,animal,numeric,10,10,0.0,0.0,False,12,auroc,0.655,0.25215043140011917,0.345
LIVER,vo2.max.test.speed_max_1,PHENO,outcome,animal,numeric,10,10,0.0,0.0,False,5,auroc,0.5700000000000001,0.6136866325937949,0.43
LIVER,vo2.max.test.t_complete_1,PHENO,outcome,animal,time,10,10,0.0,0.0,False,20,auroc,0.61,0.4273553138978077,0.61
LIVER,vo2.max.test.blactate_end_1,PHENO,outcome,animal,numeric,10,10,0.0,0.0,False,20,auroc,0.53,0.8501067391385259,0.47
LIVER,vo2.max.test.vo2_comments_1,PHENO,outcome,animal,categorical,10,10,0.9,0.8,False,3,cramers_v,1.0,0.22313016014842982,
LIVER,vo2.max.test.d_visit_2,PHENO,outcome,animal,datetime,10,10,0.0,0.0,False,10,auroc,0.595,0.49368120763238343,0.405
LIVER,vo2.max.test.days_visit_2,PHENO,outcome,animal,numeric,10,10,0.0,0.0,False,6,auroc,0.6699999999999999,0.20269853574703167,0.33
LIVER,vo2.max.test.staffid_2,PHENO,outcome,animal,numeric,10,10,0.0,0.0,False,1,,,,
LIVER,vo2.max.test.siteid_2,PHENO,outcome,animal,categorical,10,10,0.0,0.0,False,1,,,,
LIVER,vo2.max.test.d_vo2_2,PHENO,outcome,animal,datetime,10,10,0.0,0.0,False,10,auroc,0.595,0.49368120763238343,0.405
LIVER,vo2.max.test.days_vo2_2,PHENO,outcome,animal,numeric,10,10,0.0,0.0,False,6,auroc,0.6699999999999999,0.20269853574703167,0.33
LIVER,vo2.max.test.t_vo2_2,PHENO,outcome,animal,time,10,10,0.0,0.0,False,20,auroc,0.87,0.00579535854433471,0.13
LIVER,vo2.max.test.blactate_begin_2,PHENO,outcome,animal,numeric,10,10,0.0,0.0,False,11,auroc,0.735,0.0803732234511474,0.735
LIVER,vo2.max.test.vo2_max_2,PHENO,outcome,animal,numeric,10,10,0.0,0.0,False,20,auroc,0.98,0.0003298385207779935,0.98
LIVER,vo2.max.test.vco2_max_2,PHENO,outcome,animal,numeric,10,10,0.0,0.0,False,20,auroc,0.96,0.0005828399431792745,0.96
LIVER,vo2.max.test.rer_max_2,PHENO,outcome,animal,numeric,10,10,0.0,0.0,False,9,auroc,0.55,0.731388289202564,0.45
LIVER,vo2.max.test.speed_max_2,PHENO,outcome,animal,numeric,10,10,0.0,0.0,False,7,auroc,1.0,0.00015116251249145356,1.0
LIVER,vo2.max.test.t_complete_2,PHENO,outcome,animal,time,10,10,0.0,0.0,False,20,auroc,0.84,0.011329696684474666,0.16
LIVER,vo2.max.test.blactate_end_2,PHENO,outcome,animal,numeric,10,10,0.0,0.0,False,18,auroc,0.65,0.2726754751925152,0.35
LIVER,vo2.max.test.vo2_comments_2,PHENO,outcome,animal,empty,10,10,1.0,1.0,False,0,,,,
LIVER,calculated.variables.pct_body_fat_change,PHENO,outcome,animal,numeric,10,10,0.0,0.0,False,18,auroc,0.87,0.005758630532614327,0.13
LIVER,calculated.variables.pct_body_lean_change,PHENO,outcome,animal,numeric,10,10,0.0,0.0,False,19,auroc,0.785,0.034226150579334216,0.785
LIVER,calculated.variables.pct_body_fluid_change,PHENO,outcome,animal,numeric,10,10,0.0,0.0,False,12,auroc,0.745,0.06785982444191624,0.255
LIVER,calculated.variables.lactate_change_dueto_train,PHENO,outcome,animal,numeric,10,10,0.0,0.0,False,17,auroc,0.675,0.1982578062948097,0.325
LIVER,calculated.variables.vo2_max_change,PHENO,outcome,animal,numeric,10,10,0.0,0.0,False,19,auroc,0.96,0.0005800603714706723,0.96
LIVER,calculated.variables.coll_time_train,PHENO,collection,vial,numeric,10,10,0.0,0.0,False,20,auroc,0.5,1.0,0.5
LIVER,calculated.variables.deathtime_after_train,PHENO,collection,animal,numeric,10,10,0.0,0.0,False,20,auroc,0.5,1.0,0.5
LIVER,calculated.variables.frozetime_after_train,PHENO,collection,vial,numeric,10,10,0.0,0.0,False,20,auroc,0.5,1.0,0.5
LIVER,specimen.processing.siteid,PHENO,collection,animal,categorical,10,10,0.0,0.0,False,1,,,,
LIVER,specimen.processing.samplenumber,PHENO,collection,vial,numeric,10,10,0.0,0.0,False,1,,,,
LIVER,specimen.processing.timepoint,PHENO,collection,animal,numeric,10,10,0.0,0.0,False,1,,,,
LIVER,specimen.processing.volume,PHENO,collection,vial,categorical,10,10,0.0,0.0,False,1,,,,
LIVER,specimen.processing.hemolyzed,PHENO,collection,animal,empty,10,10,1.0,1.0,False,0,,,,
LIVER,specimen.processing.t_collection,PHENO,collection,vial,time,10,10,0.0,0.0,False,20,auroc,0.57,0.6231762238821174,0.57
LIVER,specimen.processing.t_edtaspin,PHENO,collection,animal,empty,10,10,1.0,1.0,False,0,,,,
LIVER,specimen.processing.t_freeze,PHENO,collection,vial,time,10,10,0.0,0.0,False,20,auroc,0.57,0.6231762238821174,0.57
LIVER,specimen.processing.techid,PHENO,collection,vial,categorical,10,10,0.0,0.0,False,2,cramers_v,0.22941573387056177,1.0,
LIVER,biclabeldata.shiptositeid,PHENO,collection,vial,categorical,10,10,0.0,0.0,False,1,,,,
LIVER,biclabeldata.received_cas,PHENO,collection,animal,categorical,10,10,0.0,0.0,False,1,,,,
LIVER,biclabeldata.protocol,PHENO,design,animal,categorical,10,10,0.0,0.0,False,1,,,,
LIVER,study_group_timepoint,PHENO,design,animal,categorical,10,10,0.0,0.0,False,2,cramers_v,1.0,1.082508822446903e-05,
LIVER,sacrificetime,PHENO,design,animal,categorical,10,10,0.0,0.0,False,1,,,,
LIVER,intervention,PHENO,design,animal,categorical,10,10,0.0,0.0,False,2,cramers_v,1.0,1.082508822446903e-05,
LIVER,time_to_freeze,PHENO,collection,vial,numeric,10,10,0.0,0.0,False,19,auroc,0.655,0.25666036991585695,0.655
LIVER,GET_site,meta/TRNSCRPT,library,vial,categorical,10,10,0.0,0.0,False,1,,,,
LIVER,RNA_extr_plate_ID,meta/TRNSCRPT,library,vial,categorical,10,10,0.0,0.0,False,1,,,,
LIVER,RNA_extr_date,meta/TRNSCRPT,library,vial,datetime,10,10,0.0,0.0,False,1,,,,
LIVER,RNA_extr_conc,meta/TRNSCRPT,library,vial,numeric,10,10,0.0,0.0,False,20,auroc,0.56,0.6775849579524755,0.44
LIVER,RIN,meta/TRNSCRPT,library,vial,numeric,10,10,0.0,0.0,False,10,auroc,0.525,0.8782285559832325,0.475
LIVER,r_260_280,meta/TRNSCRPT,library,vial,numeric,10,10,0.7,1.0,False,3,,,,
LIVER,r_260_230,meta/TRNSCRPT,library,vial,numeric,10,10,0.7,1.0,False,3,,,,
LIVER,Lib_prep_date,meta/TRNSCRPT,library,vial,datetime,10,10,0.0,0.0,False,1,,,,
LIVER,Lib_RNA_conc,meta/TRNSCRPT,library,vial,numeric,10,10,0.0,0.0,False,1,,,,
LIVER,Lib_RNA_vol,meta/TRNSCRPT,library,vial,numeric,10,10,0.0,0.0,False,1,,,,
LIVER,Lib_robot,meta/TRNSCRPT,library,vial,categorical,10,10,0.0,0.0,False,1,,,,
LIVER,Lib_vendor,meta/TRNSCRPT,library,vial,categorical,10,10,0.0,0.0,False,1,,,,
LIVER,Lib_type,meta/TRNSCRPT,library,vial,categorical,10,10,0.0,0.0,False,1,,,,
LIVER,Lib_kit_id,meta/TRNSCRPT,library,vial,categorical,10,10,0.0,0.0,False,1,,,,
LIVER,Lib_batch_ID,meta/TRNSCRPT,library,vial,categorical,10,10,0.0,0.0,False,1,,,,
LIVER,Lib_barcode_well,meta/TRNSCRPT,library,vial,categorical,10,10,0.0,0.0,False,20,cramers_v,1.0,0.39457818208600104,
LIVER,Lib_index_1,meta/TRNSCRPT,library,vial,categorical,10,10,0.0,0.0,False,20,cramers_v,1.0,0.39457818208600104,
LIVER,Lib_index_2,meta/TRNSCRPT,library,vial,categorical,10,10,0.0,0.0,False,20,cramers_v,1.0,0.39457818208600104,
LIVER,Lib_adapter_1,meta/TRNSCRPT,library,vial,categorical,10,10,0.0,0.0,False,1,,,,
LIVER,Lib_adapter_2,meta/TRNSCRPT,library,vial,categorical,10,10,0.0,0.0,False,1,,,,
LIVER,Lib_UMI_cycle_num,meta/TRNSCRPT,library,vial,numeric,10,10,0.0,0.0,False,1,,,,
LIVER,Lib_adapter_size,meta/TRNSCRPT,library,vial,numeric,10,10,0.0,0.0,False,1,,,,
LIVER,Lib_frag_size,meta/TRNSCRPT,library,vial,numeric,10,10,0.0,0.0,False,12,auroc,0.555,0.7031069220195502,0.555
LIVER,Lib_DNA_conc,meta/TRNSCRPT,library,vial,numeric,10,10,0.0,0.0,False,20,auroc,0.53,0.8501067391385259,0.47
LIVER,Lib_molarity,meta/TRNSCRPT,library,vial,numeric,10,10,0.0,0.0,False,20,auroc,0.54,0.7913367801006604,0.46
LIVER,Seq_platform,meta/TRNSCRPT,library,vial,categorical,10,10,0.0,0.0,False,1,,,,
LIVER,Seq_date,meta/TRNSCRPT,library,vial,numeric,10,10,0.0,0.0,False,1,,,,
LIVER,Seq_machine_ID,meta/TRNSCRPT,library,vial,categorical,10,10,0.0,0.0,False,1,,,,
LIVER,Seq_flowcell_ID,meta/TRNSCRPT,library,vial,categorical,10,10,0.0,0.0,False,1,,,,
LIVER,Seq_flowcell_run,meta/TRNSCRPT,library,vial,numeric,10,10,0.0,0.0,False,1,,,,
LIVER,Seq_flowcell_lane,meta/TRNSCRPT,library,vial,categorical,10,10,0.0,0.0,False,1,,,,
LIVER,Seq_flowcell_type,meta/TRNSCRPT,library,vial,categorical,10,10,0.0,0.0,False,1,,,,
LIVER,Seq_length,meta/TRNSCRPT,library,vial,numeric,10,10,0.0,0.0,False,1,,,,
LIVER,Seq_end_type,meta/TRNSCRPT,library,vial,numeric,10,10,0.0,0.0,False,1,,,,
LIVER,Seq_batch,meta/TRNSCRPT,library,vial,categorical,10,10,0.0,0.0,False,1,,,,
LIVER,reads_raw,meta/TRNSCRPT,depth,vial,numeric,10,10,0.0,0.0,False,20,auroc,0.58,0.5707503880581739,0.58
LIVER,pct_adapter_detected,meta/TRNSCRPT,qc,vial,numeric,10,10,0.0,0.0,False,19,auroc,0.515,0.9397203669477441,0.485
LIVER,pct_trimmed,meta/TRNSCRPT,qc,vial,numeric,10,10,0.0,0.0,False,19,auroc,0.605,0.44952132576702597,0.395
LIVER,pct_trimmed_bases,meta/TRNSCRPT,qc,vial,numeric,10,10,0.0,0.0,False,20,auroc,0.52,0.9097218891455553,0.48
LIVER,reads,meta/TRNSCRPT,depth,vial,numeric,10,10,0.0,0.0,False,20,auroc,0.58,0.5707503880581739,0.58
LIVER,pct_GC,meta/TRNSCRPT,qc,vial,numeric,10,10,0.0,0.0,False,3,auroc,0.52,0.8982119432176432,0.48
LIVER,pct_dup_sequence,meta/TRNSCRPT,qc,vial,numeric,10,10,0.0,0.0,False,20,auroc,0.6,0.47267559351158717,0.6
LIVER,pct_rRNA,meta/TRNSCRPT,qc,vial,numeric,10,10,0.0,0.0,False,9,auroc,0.61,0.4215358965247723,0.61
LIVER,pct_globin,meta/TRNSCRPT,qc,vial,numeric,10,10,0.0,0.0,False,3,auroc,0.545,0.6263543610340876,0.545
LIVER,pct_phix,meta/TRNSCRPT,qc,vial,numeric,10,10,0.0,0.0,False,1,,,,
LIVER,pct_picard_dup,meta/TRNSCRPT,qc,vial,numeric,10,10,0.0,0.0,False,20,auroc,0.52,0.9097218891455553,0.52
LIVER,pct_umi_dup,meta/TRNSCRPT,qc,vial,numeric,10,10,0.0,0.0,False,20,auroc,0.52,0.9097218891455553,0.52
LIVER,avg_input_read_length,meta/TRNSCRPT,qc,vial,numeric,10,10,0.0,0.0,False,3,auroc,0.5900000000000001,0.3572955618927367,0.41
LIVER,uniquely_mapped,meta/TRNSCRPT,depth,vial,numeric,10,10,0.0,0.0,False,20,auroc,0.57,0.6231762238821174,0.57
LIVER,pct_uniquely_mapped,meta/TRNSCRPT,qc,vial,numeric,10,10,0.0,0.0,False,20,auroc,0.5900000000000001,0.5205228832757727,0.41
LIVER,avg_mapped_read_length,meta/TRNSCRPT,qc,vial,numeric,10,10,0.0,0.0,False,19,auroc,0.52,0.9096880762234906,0.48
LIVER,num_splices,meta/TRNSCRPT,depth,vial,numeric,10,10,0.0,0.0,False,20,auroc,0.56,0.6775849579524755,0.56
LIVER,num_annotated_splices,meta/TRNSCRPT,depth,vial,numeric,10,10,0.0,0.0,False,20,auroc,0.54,0.7913367801006604,0.54
LIVER,num_GTAG_splices,meta/TRNSCRPT,depth,vial,numeric,10,10,0.0,0.0,False,20,auroc,0.55,0.7337299956962472,0.55
LIVER,num_GCAG_splices,meta/TRNSCRPT,depth,vial,numeric,10,10,0.0,0.0,False,20,auroc,0.54,0.7913367801006604,0.54
LIVER,num_ATAC_splices,meta/TRNSCRPT,depth,vial,numeric,10,10,0.0,0.0,False,20,auroc,0.54,0.7913367801006604,0.54
LIVER,num_noncanonical_splices,meta/TRNSCRPT,depth,vial,numeric,10,10,0.0,0.0,False,20,auroc,0.6,0.47267559351158717,0.6
LIVER,pct_multimapped,meta/TRNSCRPT,qc,vial,numeric,10,10,0.0,0.0,False,18,auroc,0.575,0.5964249614572503,0.575
LIVER,pct_multimapped_toomany,meta/TRNSCRPT,qc,vial,numeric,10,10,0.0,0.0,False,11,auroc,0.565,0.6479168391652228,0.435
LIVER,pct_unmapped_mismatches,meta/TRNSCRPT,qc,vial,numeric,10,10,0.0,0.0,False,1,,,,
LIVER,pct_unmapped_tooshort,meta/TRNSCRPT,qc,vial,numeric,10,10,0.0,0.0,False,17,auroc,0.625,0.36380450713550705,0.625
LIVER,pct_unmapped_other,meta/TRNSCRPT,qc,vial,numeric,10,10,0.0,0.0,False,9,auroc,0.55,0.7289837346852992,0.55
LIVER,pct_chimeric,meta/TRNSCRPT,qc,vial,numeric,10,10,0.0,0.0,False,1,,,,
LIVER,pct_chrX,meta/TRNSCRPT,qc,vial,numeric,10,10,0.0,0.0,False,20,auroc,0.53,0.8501067391385259,0.47
LIVER,pct_chrY,meta/TRNSCRPT,qc,vial,numeric,10,10,0.0,0.0,False,19,auroc,0.52,0.9096880762234906,0.48
LIVER,pct_chrM,meta/TRNSCRPT,qc,vial,numeric,10,10,0.0,0.0,False,20,auroc,0.82,0.017257456083119765,0.82
LIVER,pct_chrAuto,meta/TRNSCRPT,qc,vial,numeric,10,10,0.0,0.0,False,20,auroc,0.8,0.025748080821108073,0.2
LIVER,pct_contig,meta/TRNSCRPT,qc,vial,numeric,10,10,0.0,0.0,False,13,auroc,0.605,0.44746344010277406,0.395
LIVER,pct_coding,meta/TRNSCRPT,qc,vial,numeric,10,10,0.0,0.0,False,20,auroc,0.53,0.8501067391385259,0.47
LIVER,pct_utr,meta/TRNSCRPT,qc,vial,numeric,10,10,0.0,0.0,False,18,auroc,0.665,0.22612669654723117,0.335
LIVER,pct_intronic,meta/TRNSCRPT,qc,vial,numeric,10,10,0.0,0.0,False,20,auroc,0.52,0.9097218891455553,0.52
LIVER,pct_intergenic,meta/TRNSCRPT,qc,vial,numeric,10,10,0.0,0.0,False,19,auroc,0.525,0.8797843010569926,0.475
LIVER,pct_mrna,meta/TRNSCRPT,qc,vial,numeric,10,10,0.0,0.0,False,20,auroc,0.54,0.7913367801006604,0.46
LIVER,median_5_3_bias,meta/TRNSCRPT,qc,vial,numeric,10,10,0.0,0.0,False,20,auroc,0.51,0.9698499769931556,0.49
LIVER,Lib_barcode_well_row,meta/TRNSCRPT,library,vial,numeric,10,10,0.0,0.0,False,8,auroc,0.615,0.4021175978364985,0.615
LIVER,Lib_barcode_well_col,meta/TRNSCRPT,library,vial,numeric,10,10,0.0,0.0,False,3,auroc,0.5800000000000001,0.5424086835165952,0.42
LIVER,tmt_plex,meta/PROT,processing,vial,categorical,10,10,0.0,0.0,False,6,cramers_v,0.18257418583505536,0.984747879018509,
LIVER,tmt11_channel,meta/PROT,processing,vial,categorical,10,10,0.0,0.0,False,10,cramers_v,0.6582805886043833,0.4685950118243075,
LUNG,key.protocol,PHENO,design,animal,categorical,10,10,0.0,0.0,False,1,,,,
LUNG,key.agegroup,PHENO,design,animal,categorical,10,10,0.0,0.0,False,1,,,,
LUNG,key.d_arrive,PHENO,collection,animal,datetime,10,10,0.0,0.0,False,2,auroc,0.5,1.0,0.5
LUNG,key.d_sacrifice,PHENO,collection,animal,datetime,10,10,0.0,0.0,False,10,auroc,0.595,0.49368120763238343,0.405
LUNG,key.intervention,PHENO,design,animal,categorical,10,10,0.0,0.0,False,2,cramers_v,1.0,1.082508822446903e-05,
LUNG,key.sacrificetime,PHENO,design,animal,categorical,10,10,0.0,0.0,False,1,,,,
LUNG,key.anirandgroup,PHENO,design,animal,categorical,10,10,0.0,0.0,False,2,cramers_v,1.0,1.082508822446903e-05,
LUNG,key.siteid,PHENO,collection,animal,categorical,10,10,0.0,0.0,False,1,,,,
LUNG,familiarization.d_visit,PHENO,baseline,animal,datetime,10,10,0.0,0.0,False,2,auroc,0.5,1.0,0.5
LUNG,familiarization.days_visit,PHENO,baseline,animal,numeric,10,10,0.0,0.0,False,1,,,,
LUNG,familiarization.staffid,PHENO,baseline,animal,numeric,10,10,0.0,0.0,False,1,,,,
LUNG,familiarization.siteid,PHENO,baseline,animal,categorical,10,10,0.0,0.0,False,1,,,,
LUNG,familiarization.d_treadmillbegin,PHENO,baseline,animal,datetime,10,10,0.0,0.0,False,2,auroc,0.5,1.0,0.5
LUNG,familiarization.days_treadmillbegin,PHENO,baseline,animal,numeric,10,10,0.0,0.0,False,1,,,,
LUNG,familiarization.d_treadmillcomplete,PHENO,baseline,animal,datetime,10,10,0.0,0.0,False,2,auroc,0.5,1.0,0.5
LUNG,familiarization.days_treadmillcomplete,PHENO,baseline,animal,numeric,10,10,0.0,0.0,False,1,,,,
LUNG,familiarization.activity_score,PHENO,baseline,animal,numeric,10,10,0.0,0.0,False,2,auroc,0.65,0.18513247335593686,0.35
LUNG,familiarization.compliant,PHENO,baseline,animal,categorical,10,10,0.0,0.0,False,1,,,,
LUNG,familiarization.weight,PHENO,baseline,animal,numeric,10,10,0.0,0.0,False,20,auroc,0.6,0.47267559351158717,0.4
LUNG,nmr.testing.d_visit_1,PHENO,baseline,animal,datetime,10,10,0.0,0.0,False,2,auroc,0.5,1.0,0.5
LUNG,nmr.testing.days_visit_1,PHENO,baseline,animal,numeric,10,10,0.0,0.0,False,1,,,,
LUNG,nmr.testing.staffid_1,PHENO,baseline,animal,numeric,10,10,0.0,0.0,False,1,,,,
LUNG,nmr.testing.siteid_1,PHENO,baseline,animal,categorical,10,10,0.0,0.0,False,1,,,,
LUNG,nmr.testing.d_nmr_1,PHENO,baseline,animal,datetime,10,10,0.0,0.0,False,2,auroc,0.5,1.0,0.5
LUNG,nmr.testing.days_nmr_1,PHENO,baseline,animal,numeric,10,10,0.0,0.0,False,1,,,,
LUNG,nmr.testing.nmr_weight_1,PHENO,baseline,animal,numeric,10,10,0.0,0.0,False,20,auroc,0.6,0.47267559351158717,0.4
LUNG,nmr.testing.nmr_fat_1,PHENO,baseline,animal,numeric,10,10,0.0,0.0,False,19,auroc,0.6,0.472509068324386,0.4
LUNG,nmr.testing.nmr_lean_1,PHENO,baseline,animal,numeric,10,10,0.0,0.0,False,15,auroc,0.585,0.5439838315636973,0.415
LUNG,nmr.testing.nmr_fluid_1,PHENO,baseline,animal,numeric,10,10,0.0,0.0,False,11,auroc,0.56,0.6755061335233105,0.44
LUNG,nmr.testing.d_visit_2,PHENO,outcome,animal,datetime,10,10,0.0,0.0,False,10,auroc,0.595,0.49368120763238343,0.405
LUNG,nmr.testing.days_visit_2,PHENO,outcome,animal,numeric,10,10,0.0,0.0,False,6,auroc,0.6699999999999999,0.20269853574703167,0.33
LUNG,nmr.testing.staffid_2,PHENO,outcome,animal,numeric,10,10,0.0,0.0,False,1,,,,
LUNG,nmr.testing.siteid_2,PHENO,outcome,animal,categorical,10,10,0.0,0.0,False,1,,,,
LUNG,nmr.testing.d_nmr_2,PHENO,outcome,animal,datetime,10,10,0.0,0.0,False,10,auroc,0.595,0.49368120763238343,0.405
LUNG,nmr.testing.days_nmr_2,PHENO,outcome,animal,numeric,10,10,0.0,0.0,False,6,auroc,0.6699999999999999,0.20269853574703167,0.33
LUNG,nmr.testing.nmr_weight_2,PHENO,outcome,animal,numeric,10,10,0.0,0.0,False,20,auroc,0.73,0.08897301170181328,0.27
LUNG,nmr.testing.nmr_fat_2,PHENO,outcome,animal,numeric,10,10,0.0,0.0,False,19,auroc,1.0,0.0001816511460914649,0.0
LUNG,nmr.testing.nmr_lean_2,PHENO,outcome,animal,numeric,10,10,0.0,0.0,False,19,auroc,0.77,0.04507378631623228,0.77
LUNG,nmr.testing.nmr_fluid_2,PHENO,outcome,animal,numeric,10,10,0.0,0.0,False,12,auroc,0.735,0.08014319384487509,0.265
LUNG,nmr.testing.nmr_comments_2,PHENO,outcome,animal,empty,10,10,1.0,1.0,False,0,,,,
LUNG,registration.d_visit,PHENO,collection,animal,datetime,10,10,0.0,0.0,False,4,auroc,0.525,0.8716699402398118,0.525
LUNG,registration.days_visit,PHENO,collection,animal,numeric,10,10,0.0,0.0,False,4,auroc,0.575,0.5718140573849769,0.575
LUNG,registration.staffid,PHENO,collection,animal,numeric,10,10,0.0,0.0,False,1,,,,
LUNG,registration.siteid,PHENO,collection,animal,categorical,10,10,0.0,0.0,False,1,,,,
LUNG,registration.d_arrive,PHENO,collection,animal,datetime,10,10,0.0,0.0,False,2,auroc,0.5,1.0,0.5
LUNG,registration.days_arrive,PHENO,collection,animal,numeric,10,10,0.0,0.0,False,1,,,,
LUNG,registration.batchnumber,PHENO,collection,animal,numeric,10,10,0.0,0.0,False,1,,,,
LUNG,registration.d_reverselight,PHENO,collection,animal,datetime,10,10,0.0,0.0,False,2,auroc,0.5,1.0,0.5
LUNG,registration.days_reverselight,PHENO,collection,animal,numeric,10,10,0.0,0.0,False,2,auroc,0.5,1.0,0.5
LUNG,registration.d_birth,PHENO,baseline,animal,datetime,10,10,0.0,0.0,False,2,auroc,0.5,1.0,0.5
LUNG,registration.days_birth,PHENO,baseline,animal,numeric,10,10,0.0,0.0,False,2,auroc,0.5,1.0,0.5
LUNG,registration.sex,PHENO,collection,animal,categorical,10,10,0.0,0.0,False,2,cramers_v,0.0,1.0,
LUNG,registration.weight,PHENO,baseline,animal,numeric,10,10,0.0,0.0,False,20,auroc,0.5900000000000001,0.5205228832757727,0.41
LUNG,registration.cagenumber,PHENO,collection,animal,numeric,10,10,0.0,0.0,False,17,auroc,0.54,0.7911065051576629,0.46
LUNG,specimen.collection.d_visit,PHENO,collection,animal,datetime,10,10,0.0,0.0,False,10,auroc,0.595,0.49368120763238343,0.405
LUNG,specimen.collection.days_visit,PHENO,collection,animal,numeric,10,10,0.0,0.0,False,6,auroc,0.6699999999999999,0.20269853574703167,0.33
LUNG,specimen.collection.staffid,PHENO,collection,animal,numeric,10,10,0.0,0.0,False,2,auroc,0.5,1.0,0.5
LUNG,specimen.collection.siteid,PHENO,collection,animal,categorical,10,10,0.0,0.0,False,1,,,,
LUNG,specimen.collection.anesthesiaid,PHENO,collection,animal,numeric,10,10,0.0,0.0,False,2,auroc,0.6,0.300557543399555,0.6
LUNG,specimen.collection.t_anesthesia,PHENO,collection,animal,time,10,10,0.0,0.0,False,19,auroc,0.565,0.6500246299061012,0.565
LUNG,specimen.collection.bloodtype,PHENO,collection,animal,categorical,10,10,0.0,0.0,False,1,,,,
LUNG,specimen.collection.bloodtube,PHENO,collection,animal,categorical,10,10,0.0,0.0,False,1,,,,
LUNG,specimen.collection.bloodcomplete,PHENO,collection,animal,categorical,10,10,0.0,0.0,False,2,cramers_v,0.14002800840280097,1.0,
LUNG,specimen.collection.bloodtechid,PHENO,collection,animal,categorical,10,10,0.0,0.0,False,1,,,,
LUNG,specimen.collection.t_bloodstart,PHENO,collection,animal,time,10,10,0.0,0.0,False,20,auroc,0.57,0.6231762238821174,0.57
LUNG,specimen.collection.t_bloodstop,PHENO,collection,animal,time,10,10,0.0,0.0,False,20,auroc,0.57,0.6231762238821174,0.57
LUNG,specimen.collection.t_edtafill,PHENO,collection,animal,time,10,10,0.0,0.0,False,20,auroc,0.54,0.7913367801006604,0.54
LUNG,specimen.collection.uterustype,PHENO,collection,animal,empty,10,10,1.0,1.0,False,0,,,,
LUNG,specimen.collection.uteruscomplete,PHENO,collection,animal,empty,10,10,1.0,1.0,False,0,,,,
LUNG,specimen.collection.t_death,PHENO,collection,animal,time,10,10,0.0,0.0,False,20,auroc,0.57,0.6231762238821174,0.57
LUNG,specimen.collection.deathtype,PHENO,collection,animal,categorical,10,10,0.0,0.0,False,1,,,,
LUNG,terminal.weight.bw,PHENO,outcome,animal,numeric,10,10,0.0,0.0,False,20,auroc,0.71,0.12122450301291661,0.29
LUNG,terminal.weight.lg,PHENO,outcome,animal,numeric,10,10,0.0,0.0,False,20,auroc,0.5800000000000001,0.5707503880581739,0.42
LUNG,terminal.weight.mg,PHENO,outcome,animal,numeric,10,10,0.0,0.0,False,18,auroc,0.565,0.6499016865452631,0.435
LUNG,terminal.weight.pl,PHENO,outcome,animal,numeric,10,10,0.0,0.0,False,19,auroc,0.5549999999999999,0.7053513720635047,0.445
LUNG,terminal.weight.sol,PHENO,outcome,animal,numeric,10,10,0.0,0.0,False,20,auroc,0.58,0.5707503880581739,0.58
LUNG,training.d_visit,PHENO,outcome,animal,datetime,10,10,0.0,0.0,False,10,auroc,0.595,0.49368120763238343,0.405
LUNG,training.days_visit,PHENO,outcome,animal,numeric,10,10,0.0,0.0,False,6,auroc,0.6699999999999999,0.20269853574703167,0.33
LUNG,training.staffid,PHENO,outcome,animal,numeric,10,10,0.0,0.0,False,1,,,,
LUNG,training.siteid,PHENO,outcome,animal,categorical,10,10,0.0,0.0,False,1,,,,
LUNG,training.day1date,PHENO,outcome,animal,datetime,10,10,0.0,0.0,False,10,auroc,0.595,0.49368120763238343,0.405
LUNG,training.day1_days,PHENO,outcome,animal,numeric,10,10,0.0,0.0,False,6,auroc,0.6699999999999999,0.20269853574703167,0.33
LUNG,training.day1time,PHENO,outcome,animal,time,10,10,0.0,0.0,False,11,auroc,0.575,0.5948953826127479,0.425
LUNG,training.day1_treadmillspeed,PHENO,outcome,animal,numeric,10,10,0.0,0.0,False,3,auroc,1.0,4.73140726040938e-05,1.0
LUNG,training.day1_treadmillincline,PHENO,outcome,animal,numeric,10,10,0.0,0.0,False,1,,,,
LUNG,training.day1_timeontreadmill,PHENO,outcome,animal,numeric,10,10,0.0,0.0,False,2,auroc,0.8,0.005015918125903367,0.8
LUNG,training.day1_weight,PHENO,outcome,animal,numeric,10,10,0.0,0.0,False,19,auroc,0.6,0.472509068324386,0.4
LUNG,training.day1_posttrainlact,PHENO,outcome,animal,numeric,10,10,1.0,0.5,False,4,,,,
LUNG,training.day1_score,PHENO,outcome,animal,numeric,10,10,1.0,0.0,True,3,,,,
LUNG,training.day2date,PHENO,outcome,animal,datetime,10,10,0.0,0.0,False,10,auroc,0.595,0.49368120763238343,0.405
LUNG,training.day2_days,PHENO,outcome,animal,numeric,10,10,0.0,0.0,False,6,auroc,0.6699999999999999,0.20269853574703167,0.33
LUNG,training.day2time,PHENO,outcome,animal,time,10,10,0.0,0.0,False,13,auroc,0.525,0.879514088297801,0.475
LUNG,training.day2_treadmillspeed,PHENO,outcome,animal,numeric,10,10,0.0,0.0,False,3,auroc,1.0,4.73140726040938e-05,1.0
LUNG,training.day2_treadmillincline,PHENO,outcome,animal,numeric,10,10,0.0,0.0,False,1,,,,
LUNG,training.day2_timeontreadmill,PHENO,outcome,animal,numeric,10,10,0.0,0.0,False,2,auroc,0.8,0.005015918125903367,0.8
LUNG,training.day2_score,PHENO,outcome,animal,numeric,10,10,1.0,0.0,True,3,,,,
LUNG,training.day3date,PHENO,outcome,animal,datetime,10,10,0.0,0.0,False,10,auroc,0.595,0.49368120763238343,0.405
LUNG,training.day3_days,PHENO,outcome,animal,numeric,10,10,0.0,0.0,False,6,auroc,0.6699999999999999,0.20269853574703167,0.33
LUNG,training.day3time,PHENO,outcome,animal,time,10,10,0.0,0.0,False,12,auroc,0.685,0.171996585262853,0.315
LUNG,training.day3_treadmillspeed,PHENO,outcome,animal,numeric,10,10,0.0,0.0,False,3,auroc,1.0,4.73140726040938e-05,1.0
LUNG,training.day3_treadmillincline,PHENO,outcome,animal,numeric,10,10,0.0,0.0,False,1,,,,
LUNG,training.day3_timeontreadmill,PHENO,outcome,animal,numeric,10,10,0.0,0.0,False,2,auroc,0.8,0.005015918125903367,0.8
LUNG,training.day3_score,PHENO,outcome,animal,numeric,10,10,1.0,0.0,True,3,,,,
LUNG,training.day4date,PHENO,outcome,animal,datetime,10,10,0.0,0.0,False,10,auroc,0.595,0.49368120763238343,0.405
LUNG,training.day4_days,PHENO,outcome,animal,numeric,10,10,0.0,0.0,False,6,auroc,0.6699999999999999,0.20269853574703167,0.33
LUNG,training.day4time,PHENO,outcome,animal,time,10,10,0.0,0.0,False,14,auroc,0.7,0.13956906564539742,0.3
LUNG,training.day4_treadmillspeed,PHENO,outcome,animal,numeric,10,10,0.0,0.0,False,3,auroc,1.0,4.73140726040938e-05,1.0
LUNG,training.day4_treadmillincline,PHENO,outcome,animal,numeric,10,10,0.0,0.0,False,1,,,,
LUNG,training.day4_timeontreadmill,PHENO,outcome,animal,numeric,10,10,0.0,0.0,False,2,auroc,0.8,0.005015918125903367,0.8
LUNG,training.day4_score,PHENO,outcome,animal,numeric,10,10,1.0,0.0,True,3,,,,
LUNG,training.day5date,PHENO,outcome,animal,datetime,10,10,0.0,0.0,False,10,auroc,0.595,0.49368120763238343,0.405
LUNG,training.day5_days,PHENO,outcome,animal,numeric,10,10,0.0,0.0,False,6,auroc,0.6699999999999999,0.20269853574703167,0.33
LUNG,training.day5time,PHENO,outcome,animal,time,10,10,0.0,0.0,False,13,auroc,0.6,0.470329985735076,0.4
LUNG,training.day5_treadmillspeed,PHENO,outcome,animal,numeric,10,10,0.0,0.0,False,3,auroc,1.0,4.73140726040938e-05,1.0
LUNG,training.day5_treadmillincline,PHENO,outcome,animal,numeric,10,10,0.0,0.0,False,1,,,,
LUNG,training.day5_timeontreadmill,PHENO,outcome,animal,numeric,10,10,0.0,0.0,False,2,auroc,0.8,0.005015918125903367,0.8
LUNG,training.day5_posttrainlact,PHENO,outcome,animal,numeric,10,10,1.0,0.0,True,7,,,,
LUNG,training.day5_score,PHENO,outcome,animal,numeric,10,10,1.0,0.0,True,3,,,,
LUNG,training.day6date,PHENO,outcome,animal,datetime,10,10,0.0,0.0,False,10,auroc,0.595,0.49368120763238343,0.405
LUNG,training.day6_days,PHENO,outcome,animal,numeric,10,10,0.0,0.0,False,6,auroc,0.6699999999999999,0.20269853574703167,0.33
LUNG,training.day6time,PHENO,outcome,animal,time,10,10,0.0,0.0,False,14,auroc,0.665,0.22542674492729098,0.335
LUNG,training.day6_treadmillspeed,PHENO,outcome,animal,numeric,10,10,0.0,0.0,False,3,auroc,1.0,4.73140726040938e-05,1.0
LUNG,training.day6_treadmillincline,PHENO,outcome,animal,numeric,10,10,0.0,0.0,False,1,,,,
LUNG,training.day6_timeontreadmill,PHENO,outcome,animal,numeric,10,10,0.0,0.0,False,2,auroc,0.95,9.66051900821123e-05,0.95
LUNG,training.day6_weight,PHENO,outcome,animal,numeric,10,10,0.0,0.0,False,20,auroc,0.63,0.3447042220069576,0.37
LUNG,training.day6_posttrainlact,PHENO,outcome,animal,numeric,10,10,1.0,0.0,True,10,,,,
LUNG,training.day6_score,PHENO,outcome,animal,numeric,10,10,1.0,0.0,True,3,,,,
LUNG,training.day7date,PHENO,outcome,animal,datetime,10,10,0.0,0.0,False,10,auroc,0.595,0.49368120763238343,0.405
LUNG,training.day7_days,PHENO,outcome,animal,numeric,10,10,0.0,0.0,False,6,auroc,0.6699999999999999,0.20269853574703167,0.33
LUNG,training.day7time,PHENO,outcome,animal,time,10,10,0.0,0.0,False,13,auroc,0.5449999999999999,0.7615851509629026,0.455
LUNG,training.day7_treadmillspeed,PHENO,outcome,animal,numeric,10,10,0.0,0.0,False,3,auroc,1.0,4.73140726040938e-05,1.0
LUNG,training.day7_treadmillincline,PHENO,outcome,animal,numeric,10,10,0.0,0.0,False,1,,,,
LUNG,training.day7_timeontreadmill,PHENO,outcome,animal,numeric,10,10,0.0,0.0,False,2,auroc,0.95,9.66051900821123e-05,0.95
LUNG,training.day7_posttrainlact,PHENO,outcome,animal,numeric,10,10,1.0,0.9,False,1,,,,
LUNG,training.day7_score,PHENO,outcome,animal,numeric,10,10,1.0,0.0,True,3,,,,
LUNG,training.day8date,PHENO,outcome,animal,datetime,10,10,0.0,0.0,False,10,auroc,0.595,0.49368120763238343,0.405
LUNG,training.day8_days,PHENO,outcome,animal,numeric,10,10,0.0,0.0,False,6,auroc,0.6699999999999999,0.20269853574703167,0.33
LUNG,training.day8time,PHENO,outcome,animal,time,10,10,0.0,0.0,False,17,auroc,0.595,0.49580527609991076,0.405
LUNG,training.day8_treadmillspeed,PHENO,outcome,animal,numeric,10,10,0.0,0.0,False,3,auroc,1.0,4.73140726040938e-05,1.0
LUNG,training.day8_treadmillincline,PHENO,outcome,animal,numeric,10,10,0.0,0.0,False,1,,,,
LUNG,training.day8_timeontreadmill,PHENO,outcome,animal,numeric,10,10,0.0,0.0,False,2,auroc,1.0,1.593791168806624e-05,1.0
LUNG,training.day8_posttrainlact,PHENO,outcome,animal,numeric,10,10,1.0,0.9,False,1,,,,
LUNG,training.day8_score,PHENO,outcome,animal,numeric,10,10,1.0,0.0,True,3,,,,
LUNG,training.day9date,PHENO,outcome,animal,datetime,10,10,0.0,0.0,False,10,auroc,0.595,0.49368120763238343,0.405
LUNG,training.day9_days,PHENO,outcome,animal,numeric,10,10,0.0,0.0,False,6,auroc,0.6699999999999999,0.20269853574703167,0.33
LUNG,training.day9time,PHENO,outcome,animal,time,10,10,0.0,0.0,False,15,auroc,0.64,0.3065784952080737,0.36
LUNG,training.day9_treadmillspeed,PHENO,outcome,animal,numeric,10,10,0.0,0.0,False,3,auroc,1.0,4.73140726040938e-05,1.0
LUNG,training.day9_treadmillincline,PHENO,outcome,animal,numeric,10,10,0.0,0.0,False,1,,,,
LUNG,training.day9_timeontreadmill,PHENO,outcome,animal,numeric,10,10,0.0,0.0,False,2,auroc,1.0,1.593791168806624e-05,1.0
LUNG,training.day9_posttrainlact,PHENO,outcome,animal,numeric,10,10,1.0,0.9,False,1,,,,
LUNG,training.day9_score,PHENO,outcome,animal,numeric,10,10,1.0,0.0,True,3,,,,
LUNG,training.day10date,PHENO,outcome,animal,datetime,10,10,0.0,0.0,False,10,auroc,0.595,0.49368120763238343,0.405
LUNG,training.day10_days,PHENO,outcome,animal,numeric,10,10,0.0,0.0,False,6,auroc,0.6699999999999999,0.20269853574703167,0.33
LUNG,training.day10time,PHENO,outcome,animal,time,10,10,0.0,0.0,False,15,auroc,0.65,0.27213326199524046,0.35
LUNG,training.day10_treadmillspeed,PHENO,outcome,animal,numeric,10,10,0.0,0.0,False,3,auroc,1.0,4.73140726040938e-05,1.0
LUNG,training.day10_treadmillincline,PHENO,outcome,animal,numeric,10,10,0.0,0.0,False,1,,,,
LUNG,training.day10_timeontreadmill,PHENO,outcome,animal,numeric,10,10,0.0,0.0,False,2,auroc,1.0,1.593791168806624e-05,1.0
LUNG,training.day10_posttrainlact,PHENO,outcome,animal,numeric,10,10,1.0,0.0,True,10,,,,
LUNG,training.day10_score,PHENO,outcome,animal,numeric,10,10,1.0,0.0,True,3,,,,
LUNG,training.day11date,PHENO,outcome,animal,datetime,10,10,0.0,0.0,False,10,auroc,0.595,0.49368120763238343,0.405
LUNG,training.day11_days,PHENO,outcome,animal,numeric,10,10,0.0,0.0,False,6,auroc,0.6699999999999999,0.20269853574703167,0.33
LUNG,training.day11time,PHENO,outcome,animal,time,10,10,0.0,0.0,False,13,auroc,0.625,0.3630802727156903,0.375
LUNG,training.day11_treadmillspeed,PHENO,outcome,animal,numeric,10,10,0.0,0.0,False,3,auroc,1.0,4.73140726040938e-05,1.0
LUNG,training.day11_treadmillincline,PHENO,outcome,animal,numeric,10,10,0.0,0.0,False,1,,,,
LUNG,training.day11_timeontreadmill,PHENO,outcome,animal,numeric,10,10,0.0,0.0,False,2,auroc,1.0,1.593791168806624e-05,1.0
LUNG,training.day11_weight,PHENO,outcome,animal,numeric,10,10,0.0,0.0,False,17,auroc,0.63,0.3441594615512613,0.37
LUNG,training.day11_posttrainlact,PHENO,outcome,animal,numeric,10,10,1.0,0.0,True,7,,,,
LUNG,training.day11_score,PHENO,outcome,animal,numeric,10,10,1.0,0.0,True,2,,,,
LUNG,training.day12date,PHENO,outcome,animal,datetime,10,10,0.0,0.0,False,10,auroc,0.595,0.49368120763238343,0.405
LUNG,training.day12_days,PHENO,outcome,animal,numeric,10,10,0.0,0.0,False,6,auroc,0.6699999999999999,0.20269853574703167,0.33
LUNG,training.day12time,PHENO,outcome,animal,time,10,10,0.0,0.0,False,14,auroc,0.595,0.49531745351651635,0.405
LUNG,training.day12_treadmillspeed,PHENO,outcome,animal,numeric,10,10,0.0,0.0,False,3,auroc,1.0,4.73140726040938e-05,1.0
LUNG,training.day12_treadmillincline,PHENO,outcome,animal,numeric,10,10,0.0,0.0,False,1,,,,
LUNG,training.day12_timeontreadmill,PHENO,outcome,animal,numeric,10,10,0.0,0.0,False,2,auroc,1.0,1.593791168806624e-05,1.0
LUNG,training.day12_score,PHENO,outcome,animal,numeric,10,10,1.0,0.0,True,3,,,,
LUNG,training.day13date,PHENO,outcome,animal,datetime,10,10,0.0,0.0,False,10,auroc,0.595,0.49368120763238343,0.405
LUNG,training.day13_days,PHENO,outcome,animal,numeric,10,10,0.0,0.0,False,6,auroc,0.6699999999999999,0.20269853574703167,0.33
LUNG,training.day13time,PHENO,outcome,animal,time,10,10,0.0,0.0,False,13,auroc,0.565,0.6492850242269921,0.435
LUNG,training.day13_treadmillspeed,PHENO,outcome,animal,numeric,10,10,0.0,0.0,False,3,auroc,1.0,4.73140726040938e-05,1.0
LUNG,training.day13_treadmillincline,PHENO,outcome,animal,numeric,10,10,0.0,0.0,False,1,,,,
LUNG,training.day13_timeontreadmill,PHENO,outcome,animal,numeric,10,10,0.0,0.0,False,2,auroc,1.0,1.593791168806624e-05,1.0
LUNG,training.day13_score,PHENO,outcome,animal,numeric,10,10,1.0,0.0,True,3,,,,
LUNG,training.day14date,PHENO,outcome,animal,datetime,10,10,0.0,0.0,False,10,auroc,0.595,0.49368120763238343,0.405
LUNG,training.day14_days,PHENO,outcome,animal,numeric,10,10,0.0,0.0,False,6,auroc,0.6699999999999999,0.20269853574703167,0.33
LUNG,training.day14time,PHENO,outcome,animal,time,10,10,0.0,0.0,False,14,auroc,0.645,0.28882818034097146,0.355
LUNG,training.day14_treadmillspeed,PHENO,outcome,animal,numeric,10,10,0.0,0.0,False,3,auroc,1.0,4.73140726040938e-05,1.0
LUNG,training.day14_treadmillincline,PHENO,outcome,animal,numeric,10,10,0.0,0.0,False,1,,,,
LUNG,training.day14_timeontreadmill,PHENO,outcome,animal,numeric,10,10,0.0,0.0,False,2,auroc,1.0,1.593791168806624e-05,1.0
LUNG,training.day14_score,PHENO,outcome,animal,numeric,10,10,1.0,0.0,True,3,,,,
LUNG,training.day15date,PHENO,outcome,animal,datetime,10,10,0.0,0.0,False,10,auroc,0.595,0.49368120763238343,0.405
LUNG,training.day15_days,PHENO,outcome,animal,numeric,10,10,0.0,0.0,False,6,auroc,0.6699999999999999,0.20269853574703167,0.33
LUNG,training.day15time,PHENO,outcome,animal,time,10,10,0.0,0.0,False,12,auroc,0.615,0.4030137617317201,0.385
LUNG,training.day15_treadmillspeed,PHENO,outcome,animal,numeric,10,10,0.0,0.0,False,3,auroc,1.0,4.73140726040938e-05,1.0
LUNG,training.day15_treadmillincline,PHENO,outcome,animal,numeric,10,10,0.0,0.0,False,1,,,,
LUNG,training.day15_timeontreadmill,PHENO,outcome,animal,numeric,10,10,0.0,0.0,False,2,auroc,1.0,1.593791168806624e-05,1.0
LUNG,training.day15_posttrainlact,PHENO,outcome,animal,numeric,10,10,1.0,0.0,True,7,,,,
LUNG,training.day15_score,PHENO,outcome,animal,numeric,10,10,1.0,0.0,True,3,,,,
LUNG,training.day16date,PHENO,outcome,animal,datetime,10,10,0.0,0.0,False,10,auroc,0.595,0.49368120763238343,0.405
LUNG,training.day16_days,PHENO,outcome,animal,numeric,10,10,0.0,0.0,False,6,auroc,0.6699999999999999,0.20269853574703167,0.33
LUNG,training.day16time,PHENO,outcome,animal,time,10,10,0.0,0.0,False,14,auroc,0.6599999999999999,0.24025816616664397,0.34
LUNG,training.day16_treadmillspeed,PHENO,outcome,animal,numeric,10,10,0.0,0.0,False,3,auroc,1.0,4.73140726040938e-05,1.0
LUNG,training.day16_treadmillincline,PHENO,outcome,animal,numeric,10,10,0.0,0.0,False,1,,,,
LUNG,training.day16_timeontreadmill,PHENO,outcome,animal,numeric,10,10,0.0,0.0,False,2,auroc,1.0,1.593791168806624e-05,1.0
LUNG,training.day16_weight,PHENO,outcome,animal,numeric,10,10,0.0,0.0,False,19,auroc,0.64,0.30730753272470845,0.36
LUNG,training.day16_posttrainlact,PHENO,outcome,animal,numeric,10,10,1.0,0.0,True,7,,,,
LUNG,training.day16_score,PHENO,outcome,animal,numeric,10,10,1.0,0.0,True,3,,,,
LUNG,training.day17date,PHENO,outcome,animal,datetime,10,10,0.0,0.0,False,10,auroc,0.595,0.49368120763238343,0.405
LUNG,training.day17_days,PHENO,outcome,animal,numeric,10,10,0.0,0.0,False,6,auroc,0.6699999999999999,0.20269853574703167,0.33
LUNG,training.day17time,PHENO,outcome,animal,time,10,10,0.0,0.0,False,16,auroc,0.65,0.2723141220596529,0.35
LUNG,training.day17_treadmillspeed,PHENO,outcome,animal,numeric,10,10,0.0,0.0,False,3,auroc,1.0,4.73140726040938e-05,1.0
LUNG,training.day17_treadmillincline,PHENO,outcome,animal,numeric,10,10,0.0,0.0,False,1,,,,
LUNG,training.day17_timeontreadmill,PHENO,outcome,animal,numeric,10,10,0.0,0.0,False,2,auroc,1.0,1.593791168806624e-05,1.0
LUNG,training.day17_score,PHENO,outcome,animal,numeric,10,10,1.0,0.0,True,2,,,,
LUNG,training.day18date,PHENO,outcome,animal,datetime,10,10,0.0,0.0,False,10,auroc,0.595,0.49368120763238343,0.405
LUNG,training.day18_days,PHENO,outcome,animal,numeric,10,10,0.0,0.0,False,6,auroc,0.6699999999999999,0.20269853574703167,0.33
LUNG,training.day18time,PHENO,outcome,animal,time,10,10,0.0,0.0,False,14,auroc,0.6599999999999999,0.24025816616664397,0.34
LUNG,training.day18_treadmillspeed,PHENO,outcome,animal,numeric,10,10,0.0,0.0,False,3,auroc,1.0,4.73140726040938e-05,1.0
LUNG,training.day18_treadmillincline,PHENO,outcome,animal,numeric,10,10,0.0,0.0,False,1,,,,
LUNG,training.day18_timeontreadmill,PHENO,outcome,animal,numeric,10,10,0.0,0.0,False,2,auroc,1.0,1.593791168806624e-05,1.0
LUNG,training.day18_score,PHENO,outcome,animal,numeric,10,10,1.0,0.0,True,3,,,,
LUNG,training.day19date,PHENO,outcome,animal,datetime,10,10,0.0,0.0,False,10,auroc,0.595,0.49368120763238343,0.405
LUNG,training.day19_days,PHENO,outcome,animal,numeric,10,10,0.0,0.0,False,6,auroc,0.6699999999999999,0.20269853574703167,0.33
LUNG,training.day19time,PHENO,outcome,animal,time,10,10,0.0,0.0,False,13,auroc,0.675,0.19724189236240486,0.325
LUNG,training.day19_treadmillspeed,PHENO,outcome,animal,numeric,10,10,0.0,0.0,False,3,auroc,1.0,4.73140726040938e-05,1.0
LUNG,training.day19_treadmillincline,PHENO,outcome,animal,numeric,10,10,0.0,0.0,False,1,,,,
LUNG,training.day19_timeontreadmill,PHENO,outcome,animal,numeric,10,10,0.0,0.0,False,2,auroc,1.0,1.593791168806624e-05,1.0
LUNG,training.day19_score,PHENO,outcome,animal,numeric,10,10,1.0,0.0,True,3,,,,
LUNG,training.day20date,PHENO,outcome,animal,datetime,10,10,0.0,0.0,False,10,auroc,0.595,0.49368120763238343,0.405
LUNG,training.day20_days,PHENO,outcome,animal,numeric,10,10,0.0,0.0,False,6,auroc,0.6699999999999999,0.20269853574703167,0.33
LUNG,training.day20time,PHENO,outcome,animal,time,10,10,0.0,0.0,False,15,auroc,0.73,0.08837244910755158,0.27
LUNG,training.day20_treadmillspeed,PHENO,outcome,animal,numeric,10,10,0.0,0.0,False,3,auroc,1.0,4.73140726040938e-05,1.0
LUNG,training.day20_treadmillincline,PHENO,outcome,animal,numeric,10,10,0.0,0.0,False,1,,,,
LUNG,training.day20_timeontreadmill,PHENO,outcome,animal,numeric,10,10,0.0,0.0,False,2,auroc,1.0,1.593791168806624e-05,1.0
LUNG,training.day20_posttrainlact,PHENO,outcome,animal,numeric,10,10,1.0,0.0,True,10,,,,
LUNG,training.day20_score,PHENO,outcome,animal,numeric,10,10,1.0,0.0,True,3,,,,
LUNG,training.day21date,PHENO,outcome,animal,datetime,10,10,0.0,0.0,False,10,auroc,0.595,0.49368120763238343,0.405
LUNG,training.day21_days,PHENO,outcome,animal,numeric,10,10,0.0,0.0,False,6,auroc,0.6699999999999999,0.20269853574703167,0.33
LUNG,training.day21time,PHENO,outcome,animal,time,10,10,0.0,0.0,False,14,auroc,0.6,0.47167410225493,0.4
LUNG,training.day21_treadmillspeed,PHENO,outcome,animal,numeric,10,10,0.0,0.0,False,3,auroc,1.0,4.73140726040938e-05,1.0
LUNG,training.day21_treadmillincline,PHENO,outcome,animal,numeric,10,10,0.0,0.0,False,1,,,,
LUNG,training.day21_timeontreadmill,PHENO,outcome,animal,numeric,10,10,0.0,0.0,False,2,auroc,1.0,1.593791168806624e-05,1.0
LUNG,training.day21_weight,PHENO,outcome,animal,numeric,10,10,0.0,0.0,False,18,auroc,0.6799999999999999,0.18554575077897684,0.32
LUNG,training.day21_posttrainlact,PHENO,outcome,animal,numeric,10,10,1.0,0.0,True,9,,,,
LUNG,training.day21_score,PHENO,outcome,animal,numeric,10,10,1.0,0.0,True,2,,,,
LUNG,training.day22date,PHENO,outcome,animal,datetime,10,10,0.0,0.0,False,10,auroc,0.595,0.49368120763238343,0.405
LUNG,training.day22_days,PHENO,outcome,animal,numeric,10,10,0.0,0.0,False,6,auroc,0.6699999999999999,0.20269853574703167,0.33
LUNG,training.day22time,PHENO,outcome,animal,time,10,10,0.0,0.0,False,13,auroc,0.6699999999999999,0.210743206283741,0.33
LUNG,training.day22_treadmillspeed,PHENO,outcome,animal,numeric,10,10,0.0,0.0,False,3,auroc,1.0,4.73140726040938e-05,1.0
LUNG,training.day22_treadmillincline,PHENO,outcome,animal,numeric,10,10,0.0,0.0,False,1,,,,
LUNG,training.day22_timeontreadmill,PHENO,outcome,animal,numeric,10,10,0.0,0.0,False,2,auroc,1.0,1.593791168806624e-05,1.0
LUNG,training.day22_score,PHENO,outcome,animal,numeric,10,10,1.0,0.0,True,2,,,,
LUNG,training.day23date,PHENO,outcome,animal,datetime,10,10,0.0,0.0,False,10,auroc,0.595,0.49368120763238343,0.405
LUNG,training.day23_days,PHENO,outcome,animal,numeric,10,10,0.0,0.0,False,6,auroc,0.6699999999999999,0.20269853574703167,0.33
LUNG,training.day23time,PHENO,outcome,animal,time,10,10,0.0,0.0,False,14,auroc,0.76,0.0533617780229716,0.24
LUNG,training.day23_treadmillspeed,PHENO,outcome,animal,numeric,10,10,0.0,0.0,False,3,auroc,1.0,4.73140726040938e-05,1.0
LUNG,training.day23_treadmillincline,PHENO,outcome,animal,numeric,10,10,0.0,0.0,False,1,,,,
LUNG,training.day23_timeontreadmill,PHENO,outcome,animal,numeric,10,10,0.0,0.0,False,2,auroc,1.0,1.593791168806624e-05,1.0
LUNG,training.day23_score,PHENO,outcome,animal,numeric,10,10,1.0,0.0,True,2,,,,
LUNG,training.day24date,PHENO,outcome,animal,datetime,10,10,0.0,0.0,False,10,auroc,0.595,0.49368120763238343,0.405
LUNG,training.day24_days,PHENO,outcome,animal,numeric,10,10,0.0,0.0,False,6,auroc,0.6699999999999999,0.20269853574703167,0.33
LUNG,training.day24time,PHENO,outcome,animal,time,10,10,0.0,0.0,False,13,auroc,0.635,0.3228233890194294,0.365
LUNG,training.day24_treadmillspeed,PHENO,outcome,animal,numeric,10,10,0.0,0.0,False,3,auroc,1.0,4.73140726040938e-05,1.0
LUNG,training.day24_treadmillincline,PHENO,outcome,animal,numeric,10,10,0.0,0.0,False,1,,,,
LUNG,training.day24_timeontreadmill,PHENO,outcome,animal,numeric,10,10,0.0,0.0,False,2,auroc,1.0,1.593791168806624e-05,1.0
LUNG,training.day24_score,PHENO,outcome,animal,numeric,10,10,1.0,0.0,True,3,,,,
LUNG,training.day25date,PHENO,outcome,animal,datetime,10,10,0.0,0.0,False,10,auroc,0.595,0.49368120763238343,0.405
LUNG,training.day25_days,PHENO,outcome,animal,numeric,10,10,0.0,0.0,False,6,auroc,0.6699999999999999,0.20269853574703167,0.33
LUNG,training.day25time,PHENO,outcome,animal,time,10,10,0.0,0.0,False,13,auroc,0.6799999999999999,0.18471693583376836,0.32
LUNG,training.day25_treadmillspeed,PHENO,outcome,animal,numeric,10,10,0.0,0.0,False,3,auroc,1.0,4.73140726040938e-05,1.0
LUNG,training.day25_treadmillincline,PHENO,outcome,animal,numeric,10,10,0.0,0.0,False,1,,,,
LUNG,training.day25_timeontreadmill,PHENO,outcome,animal,numeric,10,10,0.0,0.0,False,2,auroc,1.0,1.593791168806624e-05,1.0
LUNG,training.day25_posttrainlact,PHENO,outcome,animal,numeric,10,10,1.0,0.0,True,10,,,,
LUNG,training.day25_score,PHENO,outcome,animal,numeric,10,10,1.0,0.0,True,3,,,,
LUNG,training.day26date,PHENO,outcome,animal,datetime,10,10,0.0,0.0,False,10,auroc,0.595,0.49368120763238343,0.405
LUNG,training.day26_days,PHENO,outcome,animal,numeric,10,10,0.0,0.0,False,6,auroc,0.6699999999999999,0.20269853574703167,0.33
LUNG,training.day26time,PHENO,outcome,animal,time,10,10,0.0,0.0,False,13,auroc,0.65,0.2714085957758833,0.35
LUNG,training.day26_treadmillspeed,PHENO,outcome,animal,numeric,10,10,0.0,0.0,False,3,auroc,1.0,4.73140726040938e-05,1.0
LUNG,training.day26_treadmillincline,PHENO,outcome,animal,numeric,10,10,0.0,0.0,False,1,,,,
LUNG,training.day26_timeontreadmill,PHENO,outcome,animal,numeric,10,10,0.0,0.0,False,2,auroc,1.0,1.593791168806624e-05,1.0
LUNG,training.day26_weight,PHENO,outcome,animal,numeric,10,10,0.0,0.0,False,19,auroc,0.73,0.08885290847904961,0.27
LUNG,training.day26_posttrainlact,PHENO,outcome,animal,numeric,10,10,1.0,0.0,True,10,,,,
LUNG,training.day26_score,PHENO,outcome,animal,numeric,10,10,1.0,0.0,True,2,,,,
LUNG,training.day27date,PHENO,outcome,animal,datetime,10,10,0.0,0.0,False,10,auroc,0.595,0.49368120763238343,0.405
LUNG,training.day27_days,PHENO,outcome,animal,numeric,10,10,0.0,0.0,False,6,auroc,0.6699999999999999,0.20269853574703167,0.33
LUNG,training.day27time,PHENO,outcome,animal,time,10,10,0.0,0.0,False,13,auroc,0.78,0.03713317558193916,0.22
LUNG,training.day27_treadmillspeed,PHENO,outcome,animal,numeric,10,10,0.0,0.0,False,3,auroc,1.0,4.73140726040938e-05,1.0
LUNG,training.day27_treadmillincline,PHENO,outcome,animal,numeric,10,10,0.0,0.0,False,1,,,,
LUNG,training.day27_timeontreadmill,PHENO,outcome,animal,numeric,10,10,0.0,0.0,False,2,auroc,1.0,1.593791168806624e-05,1.0
LUNG,training.day27_score,PHENO,outcome,animal,numeric,10,10,1.0,0.0,True,2,,,,
LUNG,training.day28date,PHENO,outcome,animal,datetime,10,10,0.0,0.0,False,10,auroc,0.595,0.49368120763238343,0.405
LUNG,training.day28_days,PHENO,outcome,animal,numeric,10,10,0.0,0.0,False,6,auroc,0.6699999999999999,0.20269853574703167,0.33
LUNG,training.day28time,PHENO,outcome,animal,time,10,10,0.0,0.0,False,14,auroc,0.75,0.06322282935107827,0.25
LUNG,training.day28_treadmillspeed,PHENO,outcome,animal,numeric,10,10,0.0,0.0,False,3,auroc,1.0,4.73140726040938e-05,1.0
LUNG,training.day28_treadmillincline,PHENO,outcome,animal,numeric,10,10,0.0,0.0,False,1,,,,
LUNG,training.day28_timeontreadmill,PHENO,outcome,animal,numeric,10,10,0.0,0.0,False,2,auroc,1.0,1.593791168806624e-05,1.0
LUNG,training.day28_score,PHENO,outcome,animal,numeric,10,10,1.0,0.0,True,3,,,,
LUNG,training.day29date,PHENO,outcome,animal,datetime,10,10,0.0,0.0,False,10,auroc,0.595,0.49368120763238343,0.405
LUNG,training.day29_days,PHENO,outcome,animal,numeric,10,10,0.0,0.0,False,6,auroc,0.6699999999999999,0.20269853574703167,0.33
LUNG,training.day29time,PHENO,outcome,animal,time,10,10,0.0,0.0,False,14,auroc,0.75,0.06322282935107827,0.25
LUNG,training.day29_treadmillspeed,PHENO,outcome,animal,numeric,10,10,0.0,0.0,False,3,auroc,1.0,4.73140726040938e-05,1.0
LUNG,training.day29_treadmillincline,PHENO,outcome,animal,numeric,10,10,0.0,0.0,False,1,,,,
LUNG,training.day29_timeontreadmill,PHENO,outcome,animal,numeric,10,10,0.0,0.0,False,2,auroc,1.0,1.593791168806624e-05,1.0
LUNG,training.day29_score,PHENO,outcome,animal,numeric,10,10,1.0,0.0,True,3,,,,
LUNG,training.day30date,PHENO,outcome,animal,datetime,10,10,0.0,0.0,False,10,auroc,0.595,0.49368120763238343,0.405
LUNG,training.day30_days,PHENO,outcome,animal,numeric,10,10,0.0,0.0,False,6,auroc,0.6699999999999999,0.20269853574703167,0.33
LUNG,training.day30time,PHENO,outcome,animal,time,10,10,0.0,0.0,False,15,auroc,0.91,0.002160140722215307,0.09
LUNG,training.day30_treadmillspeed,PHENO,outcome,animal,numeric,10,10,0.0,0.0,False,3,auroc,1.0,4.73140726040938e-05,1.0
LUNG,training.day30_treadmillincline,PHENO,outcome,animal,numeric,10,10,0.0,0.0,False,1,,,,
LUNG,training.day30_timeontreadmill,PHENO,outcome,animal,numeric,10,10,0.0,0.0,False,2,auroc,1.0,1.593791168806624e-05,1.0
LUNG,training.day30_posttrainlact,PHENO,outcome,animal,numeric,10,10,1.0,0.0,True,7,,,,
LUNG,training.day30_score,PHENO,outcome,animal,numeric,10,10,1.0,0.0,True,3,,,,
LUNG,training.day31date,PHENO,outcome,animal,datetime,10,10,0.0,0.0,False,10,auroc,0.595,0.49368120763238343,0.405
LUNG,training.day31_days,PHENO,outcome,animal,numeric,10,10,0.0,0.0,False,6,auroc,0.6699999999999999,0.20269853574703167,0.33
LUNG,training.day31time,PHENO,outcome,animal,time,10,10,0.0,0.0,False,12,auroc,0.51,0.9697360424200406,0.49
LUNG,training.day31_treadmillspeed,PHENO,outcome,animal,numeric,10,10,0.0,0.0,False,3,auroc,1.0,4.73140726040938e-05,1.0
LUNG,training.day31_treadmillincline,PHENO,outcome,animal,numeric,10,10,0.0,0.0,False,1,,,,
LUNG,training.day31_timeontreadmill,PHENO,outcome,animal,numeric,10,10,0.0,0.0,False,2,auroc,1.0,1.593791168806624e-05,1.0
LUNG,training.day31_weight,PHENO,outcome,animal,numeric,10,10,0.0,0.0,False,19,auroc,0.745,0.06953745003698122,0.255
LUNG,training.day31_posttrainlact,PHENO,outcome,animal,numeric,10,10,1.0,0.0,True,9,,,,
LUNG,training.day31_score,PHENO,outcome,animal,numeric,10,10,1.0,0.0,True,2,,,,
LUNG,training.day32date,PHENO,outcome,animal,datetime,10,10,0.0,0.0,False,10,auroc,0.595,0.49368120763238343,0.405
LUNG,training.day32_days,PHENO,outcome,animal,numeric,10,10,0.0,0.0,False,6,auroc,0.6699999999999999,0.20269853574703167,0.33
LUNG,training.day32time,PHENO,outcome,animal,time,10,10,0.0,0.0,False,13,auroc,0.73,0.0878919199518684,0.27
LUNG,training.day32_treadmillspeed,PHENO,outcome,animal,numeric,10,10,0.0,0.0,False,3,auroc,1.0,4.73140726040938e-05,1.0
LUNG,training.day32_treadmillincline,PHENO,outcome,animal,numeric,10,10,0.0,0.0,False,1,,,,
LUNG,training.day32_timeontreadmill,PHENO,outcome,animal,numeric,10,10,0.0,0.0,False,2,auroc,1.0,1.593791168806624e-05,1.0
LUNG,training.day32_score,PHENO,outcome,animal,numeric,10,10,1.0,0.0,True,2,,,,
LUNG,training.day33date,PHENO,outcome,animal,datetime,10,10,0.0,0.0,False,10,auroc,0.595,0.49368120763238343,0.405
LUNG,training.day33_days,PHENO,outcome,animal,numeric,10,10,0.0,0.0,False,6,auroc,0.6699999999999999,0.20269853574703167,0.33
LUNG,training.day33time,PHENO,outcome,animal,time,10,10,0.0,0.0,False,11,auroc,0.69,0.15991613152481754,0.31
LUNG,training.day33_treadmillspeed,PHENO,outcome,animal,numeric,10,10,0.0,0.0,False,3,auroc,1.0,4.73140726040938e-05,1.0
LUNG,training.day33_treadmillincline,PHENO,outcome,animal,numeric,10,10,0.0,0.0,False,1,,,,
LUNG,training.day33_timeontreadmill,PHENO,outcome,animal,numeric,10,10,0.0,0.0,False,2,auroc,1.0,1.593791168806624e-05,1.0
LUNG,training.day33_score,PHENO,outcome,animal,numeric,10,10,1.0,0.0,True,3,,,,
LUNG,training.day34date,PHENO,outcome,animal,datetime,10,10,0.0,0.0,False,10,auroc,0.595,0.49368120763238343,0.405
LUNG,training.day34_days,PHENO,outcome,animal,numeric,10,10,0.0,0.0,False,6,auroc,0.6699999999999999,0.20269853574703167,0.33
LUNG,training.day34time,PHENO,outcome,animal,time,10,10,0.0,0.0,False,11,auroc,0.625,0.3601593837295177,0.375
LUNG,training.day34_treadmillspeed,PHENO,outcome,animal,numeric,10,10,0.0,0.0,False,3,auroc,1.0,4.73140726040938e-05,1.0
LUNG,training.day34_treadmillincline,PHENO,outcome,animal,numeric,10,10,0.0,0.0,False,1,,,,
LUNG,training.day34_timeontreadmill,PHENO,outcome,animal,numeric,10,10,0.0,0.0,False,2,auroc,1.0,1.593791168806624e-05,1.0
LUNG,training.day34_score,PHENO,outcome,animal,numeric,10,10,1.0,0.0,True,2,,,,
LUNG,training.day35date,PHENO,outcome,animal,datetime,10,10,0.0,0.0,False,10,auroc,0.595,0.49368120763238343,0.405
LUNG,training.day35_days,PHENO,outcome,animal,numeric,10,10,0.0,0.0,False,6,auroc,0.6699999999999999,0.20269853574703167,0.33
LUNG,training.day35time,PHENO,outcome,animal,time,10,10,0.0,0.0,False,14,auroc,0.64,0.3060303039357849,0.64
LUNG,training.day35_treadmillspeed,PHENO,outcome,animal,numeric,10,10,0.0,0.0,False,3,auroc,1.0,4.73140726040938e-05,1.0
LUNG,training.day35_treadmillincline,PHENO,outcome,animal,numeric,10,10,0.0,0.0,False,1,,,,
LUNG,training.day35_timeontreadmill,PHENO,outcome,animal,numeric,10,10,0.0,0.0,False,2,auroc,1.0,1.593791168806624e-05,1.0
LUNG,training.day35_posttrainlact,PHENO,outcome,animal,numeric,10,10,1.0,0.0,True,10,,,,
LUNG,training.day35_score,PHENO,outcome,animal,numeric,10,10,1.0,0.0,True,2,,,,
LUNG,training.day36date,PHENO,outcome,animal,datetime,10,10,0.0,0.0,False,10,auroc,0.595,0.49368120763238343,0.405
LUNG,training.day36_days,PHENO,outcome,animal,numeric,10,10,0.0,0.0,False,6,auroc,0.6699999999999999,0.20269853574703167,0.33
LUNG,training.day36time,PHENO,outcome,animal,time,10,10,0.6,0.5,False,9,auroc,0.95,0.031746031746031744,0.05
LUNG,training.day36_weight,PHENO,outcome,animal,numeric,10,10,0.0,0.0,False,19,auroc,0.73,0.08885290847904961,0.27
LUNG,training.day37date,PHENO,outcome,animal,datetime,10,10,0.0,0.0,False,10,auroc,0.595,0.49368120763238343,0.405
LUNG,training.day37_days,PHENO,outcome,animal,numeric,10,10,0.0,0.0,False,6,auroc,0.6699999999999999,0.20269853574703167,0.33
LUNG,training.day37time,PHENO,outcome,animal,time,10,10,0.0,0.0,False,12,auroc,0.53,0.8493210400200102,0.47
LUNG,training.day37_treadmillspeed,PHENO,outcome,animal,numeric,10,10,0.0,0.0,False,3,auroc,1.0,4.73140726040938e-05,1.0
LUNG,training.day37_treadmillincline,PHENO,outcome,animal,numeric,10,10,0.0,0.0,False,1,,,,
LUNG,training.day37_timeontreadmill,PHENO,outcome,animal,numeric,10,10,0.0,0.0,False,2,auroc,1.0,1.593791168806624e-05,1.0
LUNG,training.day37_score,PHENO,outcome,animal,numeric,10,10,1.0,0.0,True,3,,,,
LUNG,training.day38date,PHENO,outcome,animal,datetime,10,10,0.0,0.0,False,10,auroc,0.595,0.49368120763238343,0.405
LUNG,training.day38_days,PHENO,outcome,animal,numeric,10,10,0.0,0.0,False,6,auroc,0.6699999999999999,0.20269853574703167,0.33
LUNG,training.day38time,PHENO,outcome,animal,time,10,10,0.0,0.0,False,12,auroc,0.74,0.0745620127879839,0.26
LUNG,training.day38_treadmillspeed,PHENO,outcome,animal,numeric,10,10,0.0,0.0,False,3,auroc,1.0,4.73140726040938e-05,1.0
LUNG,training.day38_treadmillincline,PHENO,outcome,animal,numeric,10,10,0.0,0.0,False,1,,,,
LUNG,training.day38_timeontreadmill,PHENO,outcome,animal,numeric,10,10,0.0,0.0,False,2,auroc,1.0,1.593791168806624e-05,1.0
LUNG,training.day38_score,PHENO,outcome,animal,numeric,10,10,1.0,0.0,True,3,,,,
LUNG,training.day39date,PHENO,outcome,animal,datetime,10,10,0.0,0.0,False,10,auroc,0.595,0.49368120763238343,0.405
LUNG,training.day39_days,PHENO,outcome,animal,numeric,10,10,0.0,0.0,False,6,auroc,0.6699999999999999,0.20269853574703167,0.33
LUNG,training.day39time,PHENO,outcome,animal,time,10,10,0.0,0.0,False,11,auroc,0.605,0.4465992698288942,0.605
LUNG,training.day39_treadmillspeed,PHENO,outcome,animal,numeric,10,10,0.0,0.0,False,3,auroc,1.0,4.73140726040938e-05,1.0
LUNG,training.day39_treadmillincline,PHENO,outcome,animal,numeric,10,10,0.0,0.0,False,1,,,,
LUNG,training.day39_timeontreadmill,PHENO,outcome,animal,numeric,10,10,0.0,0.0,False,2,auroc,1.0,1.593791168806624e-05,1.0
LUNG,training.day39_posttrainlact,PHENO,outcome,animal,numeric,10,10,1.0,0.9,False,1,,,,
LUNG,training.day39_score,PHENO,outcome,animal,numeric,10,10,1.0,0.0,True,2,,,,
LUNG,training.day40date,PHENO,outcome,animal,datetime,10,10,0.0,0.0,False,10,auroc,0.595,0.49368120763238343,0.405
LUNG,training.day40_days,PHENO,outcome,animal,numeric,10,10,0.0,0.0,False,6,auroc,0.6699999999999999,0.20269853574703167,0.33
LUNG,training.day40time,PHENO,outcome,animal,time,10,10,0.0,0.0,False,10,auroc,0.6,0.4679532454588272,0.6
LUNG,training.day40_treadmillspeed,PHENO,outcome,animal,numeric,10,10,0.0,0.0,False,3,auroc,1.0,4.73140726040938e-05,1.0
LUNG,training.day40_treadmillincline,PHENO,outcome,animal,numeric,10,10,0.0,0.0,False,1,,,,
LUNG,training.day40_timeontreadmill,PHENO,outcome,animal,numeric,10,10,0.0,0.0,False,3,auroc,1.0,2.4281747324754767e-05,1.0
LUNG,training.day40_posttrainlact,PHENO,outcome,animal,numeric,10,10,1.0,0.2,True,8,,,,
LUNG,training.day40_score,PHENO,outcome,animal,numeric,10,10,1.0,0.0,True,3,,,,
LUNG,vo2.max.test.d_visit_1,PHENO,outcome,animal,datetime,10,10,0.0,0.0,False,9,auroc,0.5449999999999999,0.7608820121117055,0.455
LUNG,vo2.max.test.days_visit_1,PHENO,outcome,animal,numeric,10,10,0.0,0.0,False,5,auroc,0.605,0.437369328274008,0.395
LUNG,vo2.max.test.staffid_1,PHENO,outcome,animal,numeric,10,10,0.0,0.0,False,1,,,,
LUNG,vo2.max.test.siteid_1,PHENO,outcome,animal,categorical,10,10,0.0,0.0,False,1,,,,
LUNG,vo2.max.test.d_vo2_1,PHENO,outcome,animal,datetime,10,10,0.0,0.0,False,9,auroc,0.5449999999999999,0.7608820121117055,0.455
LUNG,vo2.max.test.days_vo2_1,PHENO,outcome,animal,numeric,10,10,0.0,0.0,False,5,auroc,0.605,0.437369328274008,0.395
LUNG,vo2.max.test.t_vo2_1,PHENO,outcome,animal,time,10,10,0.0,0.0,False,20,auroc,0.61,0.4273553138978077,0.61
LUNG,vo2.max.test.blactate_begin_1,PHENO,outcome,animal,numeric,10,10,0.0,0.0,False,12,auroc,0.505,1.0,0.495
LUNG,vo2.max.test.vo2_max_1,PHENO,outcome,animal,numeric,10,10,0.0,0.0,False,19,auroc,0.56,0.6774705127728922,0.56
LUNG,vo2.max.test.vco2_max_1,PHENO,outcome,animal,numeric,10,10,0.0,0.0,False,20,auroc,0.53,0.8501067391385259,0.53
LUNG,vo2.max.test.rer_max_1,PHENO,outcome,animal,numeric,10,10,0.0,0.0,False,12,auroc,0.655,0.25215043140011917,0.345
LUNG,vo2.max.test.speed_max_1,PHENO,outcome,animal,numeric,10,10,0.0,0.0,False,5,auroc,0.5700000000000001,0.6136866325937949,0.43
LUNG,vo2.max.test.t_complete_1,PHENO,outcome,animal,time,10,10,0.0,0.0,False,20,auroc,0.61,0.4273553138978077,0.61
LUNG,vo2.max.test.blactate_end_1,PHENO,outcome,animal,numeric,10,10,0.0,0.0,False,20,auroc,0.53,0.8501067391385259,0.47
LUNG,vo2.max.test.vo2_comments_1,PHENO,outcome,animal,categorical,10,10,0.9,0.8,False,3,cramers_v,1.0,0.22313016014842982,
LUNG,vo2.max.test.d_visit_2,PHENO,outcome,animal,datetime,10,10,0.0,0.0,False,10,auroc,0.595,0.49368120763238343,0.405
LUNG,vo2.max.test.days_visit_2,PHENO,outcome,animal,numeric,10,10,0.0,0.0,False,6,auroc,0.6699999999999999,0.20269853574703167,0.33
LUNG,vo2.max.test.staffid_2,PHENO,outcome,animal,numeric,10,10,0.0,0.0,False,1,,,,
LUNG,vo2.max.test.siteid_2,PHENO,outcome,animal,categorical,10,10,0.0,0.0,False,1,,,,
LUNG,vo2.max.test.d_vo2_2,PHENO,outcome,animal,datetime,10,10,0.0,0.0,False,10,auroc,0.595,0.49368120763238343,0.405
LUNG,vo2.max.test.days_vo2_2,PHENO,outcome,animal,numeric,10,10,0.0,0.0,False,6,auroc,0.6699999999999999,0.20269853574703167,0.33
LUNG,vo2.max.test.t_vo2_2,PHENO,outcome,animal,time,10,10,0.0,0.0,False,20,auroc,0.87,0.00579535854433471,0.13
LUNG,vo2.max.test.blactate_begin_2,PHENO,outcome,animal,numeric,10,10,0.0,0.0,False,11,auroc,0.735,0.0803732234511474,0.735
LUNG,vo2.max.test.vo2_max_2,PHENO,outcome,animal,numeric,10,10,0.0,0.0,False,20,auroc,0.98,0.0003298385207779935,0.98
LUNG,vo2.max.test.vco2_max_2,PHENO,outcome,animal,numeric,10,10,0.0,0.0,False,20,auroc,0.96,0.0005828399431792745,0.96
LUNG,vo2.max.test.rer_max_2,PHENO,outcome,animal,numeric,10,10,0.0,0.0,False,9,auroc,0.55,0.731388289202564,0.45
LUNG,vo2.max.test.speed_max_2,PHENO,outcome,animal,numeric,10,10,0.0,0.0,False,7,auroc,1.0,0.00015116251249145356,1.0
LUNG,vo2.max.test.t_complete_2,PHENO,outcome,animal,time,10,10,0.0,0.0,False,20,auroc,0.84,0.011329696684474666,0.16
LUNG,vo2.max.test.blactate_end_2,PHENO,outcome,animal,numeric,10,10,0.0,0.0,False,18,auroc,0.65,0.2726754751925152,0.35
LUNG,vo2.max.test.vo2_comments_2,PHENO,outcome,animal,empty,10,10,1.0,1.0,False,0,,,,
LUNG,calculated.variables.pct_body_fat_change,PHENO,outcome,animal,numeric,10,10,0.0,0.0,False,18,auroc,0.87,0.005758630532614327,0.13
LUNG,calculated.variables.pct_body_lean_change,PHENO,outcome,animal,numeric,10,10,0.0,0.0,False,19,auroc,0.785,0.034226150579334216,0.785
LUNG,calculated.variables.pct_body_fluid_change,PHENO,outcome,animal,numeric,10,10,0.0,0.0,False,12,auroc,0.745,0.06785982444191624,0.255
LUNG,calculated.variables.lactate_change_dueto_train,PHENO,outcome,animal,numeric,10,10,0.0,0.0,False,17,auroc,0.675,0.1982578062948097,0.325
LUNG,calculated.variables.vo2_max_change,PHENO,outcome,animal,numeric,10,10,0.0,0.0,False,19,auroc,0.96,0.0005800603714706723,0.96
LUNG,calculated.variables.coll_time_train,PHENO,collection,vial,numeric,10,10,0.0,0.0,False,20,auroc,0.5,1.0,0.5
LUNG,calculated.variables.deathtime_after_train,PHENO,collection,animal,numeric,10,10,0.0,0.0,False,20,auroc,0.5,1.0,0.5
LUNG,calculated.variables.frozetime_after_train,PHENO,collection,vial,numeric,10,10,0.0,0.0,False,20,auroc,0.5,1.0,0.5
LUNG,specimen.processing.siteid,PHENO,collection,animal,categorical,10,10,0.0,0.0,False,1,,,,
LUNG,specimen.processing.samplenumber,PHENO,collection,vial,numeric,10,10,0.0,0.0,False,1,,,,
LUNG,specimen.processing.timepoint,PHENO,collection,animal,numeric,10,10,0.0,0.0,False,1,,,,
LUNG,specimen.processing.volume,PHENO,collection,vial,categorical,10,10,0.0,0.0,False,1,,,,
LUNG,specimen.processing.hemolyzed,PHENO,collection,animal,empty,10,10,1.0,1.0,False,0,,,,
LUNG,specimen.processing.t_collection,PHENO,collection,vial,time,10,10,0.0,0.0,False,20,auroc,0.57,0.6231762238821174,0.57
LUNG,specimen.processing.t_edtaspin,PHENO,collection,animal,empty,10,10,1.0,1.0,False,0,,,,
LUNG,specimen.processing.t_freeze,PHENO,collection,vial,time,10,10,0.0,0.0,False,20,auroc,0.58,0.5707503880581739,0.58
LUNG,specimen.processing.techid,PHENO,collection,vial,categorical,10,10,0.0,0.0,False,1,,,,
LUNG,biclabeldata.shiptositeid,PHENO,collection,vial,categorical,10,10,0.0,0.0,False,1,,,,
LUNG,biclabeldata.received_cas,PHENO,collection,animal,categorical,10,10,0.0,0.0,False,1,,,,
LUNG,biclabeldata.protocol,PHENO,design,animal,categorical,10,10,0.0,0.0,False,1,,,,
LUNG,study_group_timepoint,PHENO,design,animal,categorical,10,10,0.0,0.0,False,2,cramers_v,1.0,1.082508822446903e-05,
LUNG,sacrificetime,PHENO,design,animal,categorical,10,10,0.0,0.0,False,1,,,,
LUNG,intervention,PHENO,design,animal,categorical,10,10,0.0,0.0,False,2,cramers_v,1.0,1.082508822446903e-05,
LUNG,time_to_freeze,PHENO,collection,vial,numeric,10,10,0.0,0.0,False,14,auroc,0.515,0.9395612918732799,0.485
LUNG,GET_site,meta/TRNSCRPT,library,vial,categorical,10,10,0.0,0.0,False,1,,,,
LUNG,RNA_extr_plate_ID,meta/TRNSCRPT,library,vial,categorical,10,10,0.0,0.0,False,1,,,,
LUNG,RNA_extr_date,meta/TRNSCRPT,library,vial,datetime,10,10,0.0,0.0,False,1,,,,
LUNG,RNA_extr_conc,meta/TRNSCRPT,library,vial,numeric,10,10,0.0,0.0,False,19,auroc,0.59,0.520366020896531,0.59
LUNG,RIN,meta/TRNSCRPT,library,vial,numeric,10,10,0.0,0.0,False,2,auroc,0.55,0.36812025069351895,0.45
LUNG,r_260_280,meta/TRNSCRPT,library,vial,numeric,10,10,0.9,0.9,False,1,,,,
LUNG,r_260_230,meta/TRNSCRPT,library,vial,numeric,10,10,0.9,0.9,False,2,,,,
LUNG,Lib_prep_date,meta/TRNSCRPT,library,vial,datetime,10,10,0.0,0.0,False,1,,,,
LUNG,Lib_RNA_conc,meta/TRNSCRPT,library,vial,numeric,10,10,0.0,0.0,False,1,,,,
LUNG,Lib_RNA_vol,meta/TRNSCRPT,library,vial,numeric,10,10,0.0,0.0,False,1,,,,
LUNG,Lib_robot,meta/TRNSCRPT,library,vial,categorical,10,10,0.0,0.0,False,1,,,,
LUNG,Lib_vendor,meta/TRNSCRPT,library,vial,categorical,10,10,0.0,0.0,False,1,,,,
LUNG,Lib_type,meta/TRNSCRPT,library,vial,categorical,10,10,0.0,0.0,False,1,,,,
LUNG,Lib_kit_id,meta/TRNSCRPT,library,vial,categorical,10,10,0.0,0.0,False,1,,,,
LUNG,Lib_batch_ID,meta/TRNSCRPT,library,vial,categorical,10,10,0.0,0.0,False,1,,,,
LUNG,Lib_barcode_well,meta/TRNSCRPT,library,vial,categorical,10,10,0.0,0.0,False,20,cramers_v,1.0,0.39457818208600104,
LUNG,Lib_index_1,meta/TRNSCRPT,library,vial,categorical,10,10,0.0,0.0,False,20,cramers_v,1.0,0.39457818208600104,
LUNG,Lib_index_2,meta/TRNSCRPT,library,vial,categorical,10,10,0.0,0.0,False,20,cramers_v,1.0,0.39457818208600104,
LUNG,Lib_adapter_1,meta/TRNSCRPT,library,vial,categorical,10,10,0.0,0.0,False,1,,,,
LUNG,Lib_adapter_2,meta/TRNSCRPT,library,vial,categorical,10,10,0.0,0.0,False,1,,,,
LUNG,Lib_UMI_cycle_num,meta/TRNSCRPT,library,vial,numeric,10,10,0.0,0.0,False,1,,,,
LUNG,Lib_adapter_size,meta/TRNSCRPT,library,vial,numeric,10,10,0.0,0.0,False,1,,,,
LUNG,Lib_frag_size,meta/TRNSCRPT,library,vial,numeric,10,10,0.0,0.0,False,12,auroc,0.5349999999999999,0.8197949465897073,0.465
LUNG,Lib_DNA_conc,meta/TRNSCRPT,library,vial,numeric,10,10,0.0,0.0,False,19,auroc,0.515,0.9397203669477441,0.485
LUNG,Lib_molarity,meta/TRNSCRPT,library,vial,numeric,10,10,0.0,0.0,False,20,auroc,0.51,0.9698499769931556,0.49
LUNG,Seq_platform,meta/TRNSCRPT,library,vial,categorical,10,10,0.0,0.0,False,1,,,,
LUNG,Seq_date,meta/TRNSCRPT,library,vial,numeric,10,10,0.0,0.0,False,1,,,,
LUNG,Seq_machine_ID,meta/TRNSCRPT,library,vial,categorical,10,10,0.0,0.0,False,1,,,,
LUNG,Seq_flowcell_ID,meta/TRNSCRPT,library,vial,categorical,10,10,0.0,0.0,False,1,,,,
LUNG,Seq_flowcell_run,meta/TRNSCRPT,library,vial,numeric,10,10,0.0,0.0,False,1,,,,
LUNG,Seq_flowcell_lane,meta/TRNSCRPT,library,vial,categorical,10,10,0.0,0.0,False,1,,,,
LUNG,Seq_flowcell_type,meta/TRNSCRPT,library,vial,categorical,10,10,0.0,0.0,False,1,,,,
LUNG,Seq_length,meta/TRNSCRPT,library,vial,numeric,10,10,0.0,0.0,False,1,,,,
LUNG,Seq_end_type,meta/TRNSCRPT,library,vial,numeric,10,10,0.0,0.0,False,1,,,,
LUNG,Seq_batch,meta/TRNSCRPT,library,vial,categorical,10,10,0.0,0.0,False,1,,,,
LUNG,reads_raw,meta/TRNSCRPT,depth,vial,numeric,10,10,0.0,0.0,False,20,auroc,0.6599999999999999,0.24132159301718004,0.34
LUNG,pct_adapter_detected,meta/TRNSCRPT,qc,vial,numeric,10,10,0.0,0.0,False,16,auroc,0.535,0.8203300628753258,0.535
LUNG,pct_trimmed,meta/TRNSCRPT,qc,vial,numeric,10,10,0.0,0.0,False,20,auroc,0.54,0.7913367801006604,0.54
LUNG,pct_trimmed_bases,meta/TRNSCRPT,qc,vial,numeric,10,10,0.0,0.0,False,20,auroc,0.61,0.4273553138978077,0.61
LUNG,reads,meta/TRNSCRPT,depth,vial,numeric,10,10,0.0,0.0,False,20,auroc,0.6799999999999999,0.18587673236587599,0.32
LUNG,pct_GC,meta/TRNSCRPT,qc,vial,numeric,10,10,0.0,0.0,False,2,auroc,0.65,0.2039247745861188,0.65
LUNG,pct_dup_sequence,meta/TRNSCRPT,qc,vial,numeric,10,10,0.0,0.0,False,20,auroc,0.56,0.6775849579524755,0.44
LUNG,pct_rRNA,meta/TRNSCRPT,qc,vial,numeric,10,10,0.0,0.0,False,3,auroc,0.67,0.15939040677403404,0.67
LUNG,pct_globin,meta/TRNSCRPT,qc,vial,numeric,10,10,0.0,0.0,False,3,auroc,0.655,0.13361440253771611,0.655
LUNG,pct_phix,meta/TRNSCRPT,qc,vial,numeric,10,10,0.0,0.0,False,1,,,,
LUNG,pct_picard_dup,meta/TRNSCRPT,qc,vial,numeric,10,10,0.0,0.0,False,20,auroc,0.51,0.9698499769931556,0.51
LUNG,pct_umi_dup,meta/TRNSCRPT,qc,vial,numeric,10,10,0.0,0.0,False,19,auroc,0.51,0.969838641404833,0.49
LUNG,avg_input_read_length,meta/TRNSCRPT,qc,vial,numeric,10,10,0.0,0.0,False,1,,,,
LUNG,uniquely_mapped,meta/TRNSCRPT,depth,vial,numeric,10,10,0.0,0.0,False,20,auroc,0.7,0.14046504815835498,0.3
LUNG,pct_uniquely_mapped,meta/TRNSCRPT,qc,vial,numeric,10,10,0.0,0.0,False,18,auroc,0.64,0.307125474782733,0.36
LUNG,avg_mapped_read_length,meta/TRNSCRPT,qc,vial,numeric,10,10,0.0,0.0,False,20,auroc,0.53,0.8501067391385259,0.53
LUNG,num_splices,meta/TRNSCRPT,depth,vial,numeric,10,10,0.0,0.0,False,20,auroc,0.7,0.14046504815835498,0.3
LUNG,num_annotated_splices,meta/TRNSCRPT,depth,vial,numeric,10,10,0.0,0.0,False,20,auroc,0.7,0.14046504815835498,0.3
LUNG,num_GTAG_splices,meta/TRNSCRPT,depth,vial,numeric,10,10,0.0,0.0,False,20,auroc,0.7,0.14046504815835498,0.3
LUNG,num_GCAG_splices,meta/TRNSCRPT,depth,vial,numeric,10,10,0.0,0.0,False,20,auroc,0.6599999999999999,0.24132159301718004,0.34
LUNG,num_ATAC_splices,meta/TRNSCRPT,depth,vial,numeric,10,10,0.0,0.0,False,20,auroc,0.6699999999999999,0.21229383619233166,0.33
LUNG,num_noncanonical_splices,meta/TRNSCRPT,depth,vial,numeric,10,10,0.0,0.0,False,20,auroc,0.7,0.14046504815835498,0.3
LUNG,pct_multimapped,meta/TRNSCRPT,qc,vial,numeric,10,10,0.0,0.0,False,17,auroc,0.685,0.17313184279928706,0.685
LUNG,pct_multimapped_toomany,meta/TRNSCRPT,qc,vial,numeric,10,10,0.0,0.0,False,9,auroc,0.76,0.04880378154413841,0.76
LUNG,pct_unmapped_mismatches,meta/TRNSCRPT,qc,vial,numeric,10,10,0.0,0.0,False,1,,,,
LUNG,pct_unmapped_tooshort,meta/TRNSCRPT,qc,vial,numeric,10,10,0.0,0.0,False,20,auroc,0.5,1.0,0.5
LUNG,pct_unmapped_other,meta/TRNSCRPT,qc,vial,numeric,10,10,0.0,0.0,False,4,auroc,0.64,0.2862464298175328,0.64
LUNG,pct_chimeric,meta/TRNSCRPT,qc,vial,numeric,10,10,0.0,0.0,False,1,,,,
LUNG,pct_chrX,meta/TRNSCRPT,qc,vial,numeric,10,10,0.0,0.0,False,19,auroc,0.54,0.7912601064031788,0.54
LUNG,pct_chrY,meta/TRNSCRPT,qc,vial,numeric,10,10,0.0,0.0,False,20,auroc,0.57,0.6231762238821174,0.57
LUNG,pct_chrM,meta/TRNSCRPT,qc,vial,numeric,10,10,0.0,0.0,False,20,auroc,0.53,0.8501067391385259,0.47
LUNG,pct_chrAuto,meta/TRNSCRPT,qc,vial,numeric,10,10,0.0,0.0,False,20,auroc,0.52,0.9097218891455553,0.52
LUNG,pct_contig,meta/TRNSCRPT,qc,vial,numeric,10,10,0.0,0.0,False,12,auroc,0.645,0.2873672569405772,0.645
LUNG,pct_coding,meta/TRNSCRPT,qc,vial,numeric,10,10,0.0,0.0,False,20,auroc,0.51,0.9698499769931556,0.49
LUNG,pct_utr,meta/TRNSCRPT,qc,vial,numeric,10,10,0.0,0.0,False,20,auroc,0.6699999999999999,0.21229383619233166,0.33
LUNG,pct_intronic,meta/TRNSCRPT,qc,vial,numeric,10,10,0.0,0.0,False,20,auroc,0.55,0.7337299956962472,0.45
LUNG,pct_intergenic,meta/TRNSCRPT,qc,vial,numeric,10,10,0.0,0.0,False,20,auroc,0.63,0.3447042220069576,0.63
LUNG,pct_mrna,meta/TRNSCRPT,qc,vial,numeric,10,10,0.0,0.0,False,20,auroc,0.55,0.7337299956962472,0.45
LUNG,median_5_3_bias,meta/TRNSCRPT,qc,vial,numeric,10,10,0.0,0.0,False,19,auroc,0.525,0.8797843010569926,0.525
LUNG,Lib_barcode_well_row,meta/TRNSCRPT,library,vial,numeric,10,10,0.0,0.0,False,8,auroc,0.615,0.4021175978364985,0.615
LUNG,Lib_barcode_well_col,meta/TRNSCRPT,library,vial,numeric,10,10,0.0,0.0,False,3,auroc,0.5800000000000001,0.5424086835165952,0.42
LUNG,tmt_plex,meta/PROT,processing,vial,categorical,10,10,0.0,0.0,False,6,cramers_v,0.18257418583505536,0.984747879018509,
LUNG,tmt11_channel,meta/PROT,processing,vial,categorical,10,10,0.0,0.0,False,9,cramers_v,0.5916079783099616,0.536632667900785,
SKM-GN,key.protocol,PHENO,design,animal,categorical,10,10,0.0,0.0,False,1,,,,
SKM-GN,key.agegroup,PHENO,design,animal,categorical,10,10,0.0,0.0,False,1,,,,
SKM-GN,key.d_arrive,PHENO,collection,animal,datetime,10,10,0.0,0.0,False,2,auroc,0.5,1.0,0.5
SKM-GN,key.d_sacrifice,PHENO,collection,animal,datetime,10,10,0.0,0.0,False,10,auroc,0.595,0.49368120763238343,0.405
SKM-GN,key.intervention,PHENO,design,animal,categorical,10,10,0.0,0.0,False,2,cramers_v,1.0,1.082508822446903e-05,
SKM-GN,key.sacrificetime,PHENO,design,animal,categorical,10,10,0.0,0.0,False,1,,,,
SKM-GN,key.anirandgroup,PHENO,design,animal,categorical,10,10,0.0,0.0,False,2,cramers_v,1.0,1.082508822446903e-05,
SKM-GN,key.siteid,PHENO,collection,animal,categorical,10,10,0.0,0.0,False,1,,,,
SKM-GN,familiarization.d_visit,PHENO,baseline,animal,datetime,10,10,0.0,0.0,False,2,auroc,0.5,1.0,0.5
SKM-GN,familiarization.days_visit,PHENO,baseline,animal,numeric,10,10,0.0,0.0,False,1,,,,
SKM-GN,familiarization.staffid,PHENO,baseline,animal,numeric,10,10,0.0,0.0,False,1,,,,
SKM-GN,familiarization.siteid,PHENO,baseline,animal,categorical,10,10,0.0,0.0,False,1,,,,
SKM-GN,familiarization.d_treadmillbegin,PHENO,baseline,animal,datetime,10,10,0.0,0.0,False,2,auroc,0.5,1.0,0.5
SKM-GN,familiarization.days_treadmillbegin,PHENO,baseline,animal,numeric,10,10,0.0,0.0,False,1,,,,
SKM-GN,familiarization.d_treadmillcomplete,PHENO,baseline,animal,datetime,10,10,0.0,0.0,False,2,auroc,0.5,1.0,0.5
SKM-GN,familiarization.days_treadmillcomplete,PHENO,baseline,animal,numeric,10,10,0.0,0.0,False,1,,,,
SKM-GN,familiarization.activity_score,PHENO,baseline,animal,numeric,10,10,0.0,0.0,False,2,auroc,0.65,0.18513247335593686,0.35
SKM-GN,familiarization.compliant,PHENO,baseline,animal,categorical,10,10,0.0,0.0,False,1,,,,
SKM-GN,familiarization.weight,PHENO,baseline,animal,numeric,10,10,0.0,0.0,False,20,auroc,0.6,0.47267559351158717,0.4
SKM-GN,nmr.testing.d_visit_1,PHENO,baseline,animal,datetime,10,10,0.0,0.0,False,2,auroc,0.5,1.0,0.5
SKM-GN,nmr.testing.days_visit_1,PHENO,baseline,animal,numeric,10,10,0.0,0.0,False,1,,,,
SKM-GN,nmr.testing.staffid_1,PHENO,baseline,animal,numeric,10,10,0.0,0.0,False,1,,,,
SKM-GN,nmr.testing.siteid_1,PHENO,baseline,animal,categorical,10,10,0.0,0.0,False,1,,,,
SKM-GN,nmr.testing.d_nmr_1,PHENO,baseline,animal,datetime,10,10,0.0,0.0,False,2,auroc,0.5,1.0,0.5
SKM-GN,nmr.testing.days_nmr_1,PHENO,baseline,animal,numeric,10,10,0.0,0.0,False,1,,,,
SKM-GN,nmr.testing.nmr_weight_1,PHENO,baseline,animal,numeric,10,10,0.0,0.0,False,20,auroc,0.6,0.47267559351158717,0.4
SKM-GN,nmr.testing.nmr_fat_1,PHENO,baseline,animal,numeric,10,10,0.0,0.0,False,19,auroc,0.6,0.472509068324386,0.4
SKM-GN,nmr.testing.nmr_lean_1,PHENO,baseline,animal,numeric,10,10,0.0,0.0,False,15,auroc,0.585,0.5439838315636973,0.415
SKM-GN,nmr.testing.nmr_fluid_1,PHENO,baseline,animal,numeric,10,10,0.0,0.0,False,11,auroc,0.56,0.6755061335233105,0.44
SKM-GN,nmr.testing.d_visit_2,PHENO,outcome,animal,datetime,10,10,0.0,0.0,False,10,auroc,0.595,0.49368120763238343,0.405
SKM-GN,nmr.testing.days_visit_2,PHENO,outcome,animal,numeric,10,10,0.0,0.0,False,6,auroc,0.6699999999999999,0.20269853574703167,0.33
SKM-GN,nmr.testing.staffid_2,PHENO,outcome,animal,numeric,10,10,0.0,0.0,False,1,,,,
SKM-GN,nmr.testing.siteid_2,PHENO,outcome,animal,categorical,10,10,0.0,0.0,False,1,,,,
SKM-GN,nmr.testing.d_nmr_2,PHENO,outcome,animal,datetime,10,10,0.0,0.0,False,10,auroc,0.595,0.49368120763238343,0.405
SKM-GN,nmr.testing.days_nmr_2,PHENO,outcome,animal,numeric,10,10,0.0,0.0,False,6,auroc,0.6699999999999999,0.20269853574703167,0.33
SKM-GN,nmr.testing.nmr_weight_2,PHENO,outcome,animal,numeric,10,10,0.0,0.0,False,20,auroc,0.73,0.08897301170181328,0.27
SKM-GN,nmr.testing.nmr_fat_2,PHENO,outcome,animal,numeric,10,10,0.0,0.0,False,19,auroc,1.0,0.0001816511460914649,0.0
SKM-GN,nmr.testing.nmr_lean_2,PHENO,outcome,animal,numeric,10,10,0.0,0.0,False,19,auroc,0.77,0.04507378631623228,0.77
SKM-GN,nmr.testing.nmr_fluid_2,PHENO,outcome,animal,numeric,10,10,0.0,0.0,False,12,auroc,0.735,0.08014319384487509,0.265
SKM-GN,nmr.testing.nmr_comments_2,PHENO,outcome,animal,empty,10,10,1.0,1.0,False,0,,,,
SKM-GN,registration.d_visit,PHENO,collection,animal,datetime,10,10,0.0,0.0,False,4,auroc,0.525,0.8716699402398118,0.525
SKM-GN,registration.days_visit,PHENO,collection,animal,numeric,10,10,0.0,0.0,False,4,auroc,0.575,0.5718140573849769,0.575
SKM-GN,registration.staffid,PHENO,collection,animal,numeric,10,10,0.0,0.0,False,1,,,,
SKM-GN,registration.siteid,PHENO,collection,animal,categorical,10,10,0.0,0.0,False,1,,,,
SKM-GN,registration.d_arrive,PHENO,collection,animal,datetime,10,10,0.0,0.0,False,2,auroc,0.5,1.0,0.5
SKM-GN,registration.days_arrive,PHENO,collection,animal,numeric,10,10,0.0,0.0,False,1,,,,
SKM-GN,registration.batchnumber,PHENO,collection,animal,numeric,10,10,0.0,0.0,False,1,,,,
SKM-GN,registration.d_reverselight,PHENO,collection,animal,datetime,10,10,0.0,0.0,False,2,auroc,0.5,1.0,0.5
SKM-GN,registration.days_reverselight,PHENO,collection,animal,numeric,10,10,0.0,0.0,False,2,auroc,0.5,1.0,0.5
SKM-GN,registration.d_birth,PHENO,baseline,animal,datetime,10,10,0.0,0.0,False,2,auroc,0.5,1.0,0.5
SKM-GN,registration.days_birth,PHENO,baseline,animal,numeric,10,10,0.0,0.0,False,2,auroc,0.5,1.0,0.5
SKM-GN,registration.sex,PHENO,collection,animal,categorical,10,10,0.0,0.0,False,2,cramers_v,0.0,1.0,
SKM-GN,registration.weight,PHENO,baseline,animal,numeric,10,10,0.0,0.0,False,20,auroc,0.5900000000000001,0.5205228832757727,0.41
SKM-GN,registration.cagenumber,PHENO,collection,animal,numeric,10,10,0.0,0.0,False,17,auroc,0.54,0.7911065051576629,0.46
SKM-GN,specimen.collection.d_visit,PHENO,collection,animal,datetime,10,10,0.0,0.0,False,10,auroc,0.595,0.49368120763238343,0.405
SKM-GN,specimen.collection.days_visit,PHENO,collection,animal,numeric,10,10,0.0,0.0,False,6,auroc,0.6699999999999999,0.20269853574703167,0.33
SKM-GN,specimen.collection.staffid,PHENO,collection,animal,numeric,10,10,0.0,0.0,False,2,auroc,0.5,1.0,0.5
SKM-GN,specimen.collection.siteid,PHENO,collection,animal,categorical,10,10,0.0,0.0,False,1,,,,
SKM-GN,specimen.collection.anesthesiaid,PHENO,collection,animal,numeric,10,10,0.0,0.0,False,2,auroc,0.6,0.300557543399555,0.6
SKM-GN,specimen.collection.t_anesthesia,PHENO,collection,animal,time,10,10,0.0,0.0,False,19,auroc,0.565,0.6500246299061012,0.565
SKM-GN,specimen.collection.bloodtype,PHENO,collection,animal,categorical,10,10,0.0,0.0,False,1,,,,
SKM-GN,specimen.collection.bloodtube,PHENO,collection,animal,categorical,10,10,0.0,0.0,False,1,,,,
SKM-GN,specimen.collection.bloodcomplete,PHENO,collection,animal,categorical,10,10,0.0,0.0,False,2,cramers_v,0.14002800840280097,1.0,
SKM-GN,specimen.collection.bloodtechid,PHENO,collection,animal,categorical,10,10,0.0,0.0,False,1,,,,
SKM-GN,specimen.collection.t_bloodstart,PHENO,collection,animal,time,10,10,0.0,0.0,False,20,auroc,0.57,0.6231762238821174,0.57
SKM-GN,specimen.collection.t_bloodstop,PHENO,collection,animal,time,10,10,0.0,0.0,False,20,auroc,0.57,0.6231762238821174,0.57
SKM-GN,specimen.collection.t_edtafill,PHENO,collection,animal,time,10,10,0.0,0.0,False,20,auroc,0.54,0.7913367801006604,0.54
SKM-GN,specimen.collection.uterustype,PHENO,collection,animal,empty,10,10,1.0,1.0,False,0,,,,
SKM-GN,specimen.collection.uteruscomplete,PHENO,collection,animal,empty,10,10,1.0,1.0,False,0,,,,
SKM-GN,specimen.collection.t_death,PHENO,collection,animal,time,10,10,0.0,0.0,False,20,auroc,0.57,0.6231762238821174,0.57
SKM-GN,specimen.collection.deathtype,PHENO,collection,animal,categorical,10,10,0.0,0.0,False,1,,,,
SKM-GN,terminal.weight.bw,PHENO,outcome,animal,numeric,10,10,0.0,0.0,False,20,auroc,0.71,0.12122450301291661,0.29
SKM-GN,terminal.weight.lg,PHENO,outcome,animal,numeric,10,10,0.0,0.0,False,20,auroc,0.5800000000000001,0.5707503880581739,0.42
SKM-GN,terminal.weight.mg,PHENO,outcome,animal,numeric,10,10,0.0,0.0,False,18,auroc,0.565,0.6499016865452631,0.435
SKM-GN,terminal.weight.pl,PHENO,outcome,animal,numeric,10,10,0.0,0.0,False,19,auroc,0.5549999999999999,0.7053513720635047,0.445
SKM-GN,terminal.weight.sol,PHENO,outcome,animal,numeric,10,10,0.0,0.0,False,20,auroc,0.58,0.5707503880581739,0.58
SKM-GN,training.d_visit,PHENO,outcome,animal,datetime,10,10,0.0,0.0,False,10,auroc,0.595,0.49368120763238343,0.405
SKM-GN,training.days_visit,PHENO,outcome,animal,numeric,10,10,0.0,0.0,False,6,auroc,0.6699999999999999,0.20269853574703167,0.33
SKM-GN,training.staffid,PHENO,outcome,animal,numeric,10,10,0.0,0.0,False,1,,,,
SKM-GN,training.siteid,PHENO,outcome,animal,categorical,10,10,0.0,0.0,False,1,,,,
SKM-GN,training.day1date,PHENO,outcome,animal,datetime,10,10,0.0,0.0,False,10,auroc,0.595,0.49368120763238343,0.405
SKM-GN,training.day1_days,PHENO,outcome,animal,numeric,10,10,0.0,0.0,False,6,auroc,0.6699999999999999,0.20269853574703167,0.33
SKM-GN,training.day1time,PHENO,outcome,animal,time,10,10,0.0,0.0,False,11,auroc,0.575,0.5948953826127479,0.425
SKM-GN,training.day1_treadmillspeed,PHENO,outcome,animal,numeric,10,10,0.0,0.0,False,3,auroc,1.0,4.73140726040938e-05,1.0
SKM-GN,training.day1_treadmillincline,PHENO,outcome,animal,numeric,10,10,0.0,0.0,False,1,,,,
SKM-GN,training.day1_timeontreadmill,PHENO,outcome,animal,numeric,10,10,0.0,0.0,False,2,auroc,0.8,0.005015918125903367,0.8
SKM-GN,training.day1_weight,PHENO,outcome,animal,numeric,10,10,0.0,0.0,False,19,auroc,0.6,0.472509068324386,0.4
SKM-GN,training.day1_posttrainlact,PHENO,outcome,animal,numeric,10,10,1.0,0.5,False,4,,,,
SKM-GN,training.day1_score,PHENO,outcome,animal,numeric,10,10,1.0,0.0,True,3,,,,
SKM-GN,training.day2date,PHENO,outcome,animal,datetime,10,10,0.0,0.0,False,10,auroc,0.595,0.49368120763238343,0.405
SKM-GN,training.day2_days,PHENO,outcome,animal,numeric,10,10,0.0,0.0,False,6,auroc,0.6699999999999999,0.20269853574703167,0.33
SKM-GN,training.day2time,PHENO,outcome,animal,time,10,10,0.0,0.0,False,13,auroc,0.525,0.879514088297801,0.475
SKM-GN,training.day2_treadmillspeed,PHENO,outcome,animal,numeric,10,10,0.0,0.0,False,3,auroc,1.0,4.73140726040938e-05,1.0
SKM-GN,training.day2_treadmillincline,PHENO,outcome,animal,numeric,10,10,0.0,0.0,False,1,,,,
SKM-GN,training.day2_timeontreadmill,PHENO,outcome,animal,numeric,10,10,0.0,0.0,False,2,auroc,0.8,0.005015918125903367,0.8
SKM-GN,training.day2_score,PHENO,outcome,animal,numeric,10,10,1.0,0.0,True,3,,,,
SKM-GN,training.day3date,PHENO,outcome,animal,datetime,10,10,0.0,0.0,False,10,auroc,0.595,0.49368120763238343,0.405
SKM-GN,training.day3_days,PHENO,outcome,animal,numeric,10,10,0.0,0.0,False,6,auroc,0.6699999999999999,0.20269853574703167,0.33
SKM-GN,training.day3time,PHENO,outcome,animal,time,10,10,0.0,0.0,False,12,auroc,0.685,0.171996585262853,0.315
SKM-GN,training.day3_treadmillspeed,PHENO,outcome,animal,numeric,10,10,0.0,0.0,False,3,auroc,1.0,4.73140726040938e-05,1.0
SKM-GN,training.day3_treadmillincline,PHENO,outcome,animal,numeric,10,10,0.0,0.0,False,1,,,,
SKM-GN,training.day3_timeontreadmill,PHENO,outcome,animal,numeric,10,10,0.0,0.0,False,2,auroc,0.8,0.005015918125903367,0.8
SKM-GN,training.day3_score,PHENO,outcome,animal,numeric,10,10,1.0,0.0,True,3,,,,
SKM-GN,training.day4date,PHENO,outcome,animal,datetime,10,10,0.0,0.0,False,10,auroc,0.595,0.49368120763238343,0.405
SKM-GN,training.day4_days,PHENO,outcome,animal,numeric,10,10,0.0,0.0,False,6,auroc,0.6699999999999999,0.20269853574703167,0.33
SKM-GN,training.day4time,PHENO,outcome,animal,time,10,10,0.0,0.0,False,14,auroc,0.7,0.13956906564539742,0.3
SKM-GN,training.day4_treadmillspeed,PHENO,outcome,animal,numeric,10,10,0.0,0.0,False,3,auroc,1.0,4.73140726040938e-05,1.0
SKM-GN,training.day4_treadmillincline,PHENO,outcome,animal,numeric,10,10,0.0,0.0,False,1,,,,
SKM-GN,training.day4_timeontreadmill,PHENO,outcome,animal,numeric,10,10,0.0,0.0,False,2,auroc,0.8,0.005015918125903367,0.8
SKM-GN,training.day4_score,PHENO,outcome,animal,numeric,10,10,1.0,0.0,True,3,,,,
SKM-GN,training.day5date,PHENO,outcome,animal,datetime,10,10,0.0,0.0,False,10,auroc,0.595,0.49368120763238343,0.405
SKM-GN,training.day5_days,PHENO,outcome,animal,numeric,10,10,0.0,0.0,False,6,auroc,0.6699999999999999,0.20269853574703167,0.33
SKM-GN,training.day5time,PHENO,outcome,animal,time,10,10,0.0,0.0,False,13,auroc,0.6,0.470329985735076,0.4
SKM-GN,training.day5_treadmillspeed,PHENO,outcome,animal,numeric,10,10,0.0,0.0,False,3,auroc,1.0,4.73140726040938e-05,1.0
SKM-GN,training.day5_treadmillincline,PHENO,outcome,animal,numeric,10,10,0.0,0.0,False,1,,,,
SKM-GN,training.day5_timeontreadmill,PHENO,outcome,animal,numeric,10,10,0.0,0.0,False,2,auroc,0.8,0.005015918125903367,0.8
SKM-GN,training.day5_posttrainlact,PHENO,outcome,animal,numeric,10,10,1.0,0.0,True,7,,,,
SKM-GN,training.day5_score,PHENO,outcome,animal,numeric,10,10,1.0,0.0,True,3,,,,
SKM-GN,training.day6date,PHENO,outcome,animal,datetime,10,10,0.0,0.0,False,10,auroc,0.595,0.49368120763238343,0.405
SKM-GN,training.day6_days,PHENO,outcome,animal,numeric,10,10,0.0,0.0,False,6,auroc,0.6699999999999999,0.20269853574703167,0.33
SKM-GN,training.day6time,PHENO,outcome,animal,time,10,10,0.0,0.0,False,14,auroc,0.665,0.22542674492729098,0.335
SKM-GN,training.day6_treadmillspeed,PHENO,outcome,animal,numeric,10,10,0.0,0.0,False,3,auroc,1.0,4.73140726040938e-05,1.0
SKM-GN,training.day6_treadmillincline,PHENO,outcome,animal,numeric,10,10,0.0,0.0,False,1,,,,
SKM-GN,training.day6_timeontreadmill,PHENO,outcome,animal,numeric,10,10,0.0,0.0,False,2,auroc,0.95,9.66051900821123e-05,0.95
SKM-GN,training.day6_weight,PHENO,outcome,animal,numeric,10,10,0.0,0.0,False,20,auroc,0.63,0.3447042220069576,0.37
SKM-GN,training.day6_posttrainlact,PHENO,outcome,animal,numeric,10,10,1.0,0.0,True,10,,,,
SKM-GN,training.day6_score,PHENO,outcome,animal,numeric,10,10,1.0,0.0,True,3,,,,
SKM-GN,training.day7date,PHENO,outcome,animal,datetime,10,10,0.0,0.0,False,10,auroc,0.595,0.49368120763238343,0.405
SKM-GN,training.day7_days,PHENO,outcome,animal,numeric,10,10,0.0,0.0,False,6,auroc,0.6699999999999999,0.20269853574703167,0.33
SKM-GN,training.day7time,PHENO,outcome,animal,time,10,10,0.0,0.0,False,13,auroc,0.5449999999999999,0.7615851509629026,0.455
SKM-GN,training.day7_treadmillspeed,PHENO,outcome,animal,numeric,10,10,0.0,0.0,False,3,auroc,1.0,4.73140726040938e-05,1.0
SKM-GN,training.day7_treadmillincline,PHENO,outcome,animal,numeric,10,10,0.0,0.0,False,1,,,,
SKM-GN,training.day7_timeontreadmill,PHENO,outcome,animal,numeric,10,10,0.0,0.0,False,2,auroc,0.95,9.66051900821123e-05,0.95
SKM-GN,training.day7_posttrainlact,PHENO,outcome,animal,numeric,10,10,1.0,0.9,False,1,,,,
SKM-GN,training.day7_score,PHENO,outcome,animal,numeric,10,10,1.0,0.0,True,3,,,,
SKM-GN,training.day8date,PHENO,outcome,animal,datetime,10,10,0.0,0.0,False,10,auroc,0.595,0.49368120763238343,0.405
SKM-GN,training.day8_days,PHENO,outcome,animal,numeric,10,10,0.0,0.0,False,6,auroc,0.6699999999999999,0.20269853574703167,0.33
SKM-GN,training.day8time,PHENO,outcome,animal,time,10,10,0.0,0.0,False,17,auroc,0.595,0.49580527609991076,0.405
SKM-GN,training.day8_treadmillspeed,PHENO,outcome,animal,numeric,10,10,0.0,0.0,False,3,auroc,1.0,4.73140726040938e-05,1.0
SKM-GN,training.day8_treadmillincline,PHENO,outcome,animal,numeric,10,10,0.0,0.0,False,1,,,,
SKM-GN,training.day8_timeontreadmill,PHENO,outcome,animal,numeric,10,10,0.0,0.0,False,2,auroc,1.0,1.593791168806624e-05,1.0
SKM-GN,training.day8_posttrainlact,PHENO,outcome,animal,numeric,10,10,1.0,0.9,False,1,,,,
SKM-GN,training.day8_score,PHENO,outcome,animal,numeric,10,10,1.0,0.0,True,3,,,,
SKM-GN,training.day9date,PHENO,outcome,animal,datetime,10,10,0.0,0.0,False,10,auroc,0.595,0.49368120763238343,0.405
SKM-GN,training.day9_days,PHENO,outcome,animal,numeric,10,10,0.0,0.0,False,6,auroc,0.6699999999999999,0.20269853574703167,0.33
SKM-GN,training.day9time,PHENO,outcome,animal,time,10,10,0.0,0.0,False,15,auroc,0.64,0.3065784952080737,0.36
SKM-GN,training.day9_treadmillspeed,PHENO,outcome,animal,numeric,10,10,0.0,0.0,False,3,auroc,1.0,4.73140726040938e-05,1.0
SKM-GN,training.day9_treadmillincline,PHENO,outcome,animal,numeric,10,10,0.0,0.0,False,1,,,,
SKM-GN,training.day9_timeontreadmill,PHENO,outcome,animal,numeric,10,10,0.0,0.0,False,2,auroc,1.0,1.593791168806624e-05,1.0
SKM-GN,training.day9_posttrainlact,PHENO,outcome,animal,numeric,10,10,1.0,0.9,False,1,,,,
SKM-GN,training.day9_score,PHENO,outcome,animal,numeric,10,10,1.0,0.0,True,3,,,,
SKM-GN,training.day10date,PHENO,outcome,animal,datetime,10,10,0.0,0.0,False,10,auroc,0.595,0.49368120763238343,0.405
SKM-GN,training.day10_days,PHENO,outcome,animal,numeric,10,10,0.0,0.0,False,6,auroc,0.6699999999999999,0.20269853574703167,0.33
SKM-GN,training.day10time,PHENO,outcome,animal,time,10,10,0.0,0.0,False,15,auroc,0.65,0.27213326199524046,0.35
SKM-GN,training.day10_treadmillspeed,PHENO,outcome,animal,numeric,10,10,0.0,0.0,False,3,auroc,1.0,4.73140726040938e-05,1.0
SKM-GN,training.day10_treadmillincline,PHENO,outcome,animal,numeric,10,10,0.0,0.0,False,1,,,,
SKM-GN,training.day10_timeontreadmill,PHENO,outcome,animal,numeric,10,10,0.0,0.0,False,2,auroc,1.0,1.593791168806624e-05,1.0
SKM-GN,training.day10_posttrainlact,PHENO,outcome,animal,numeric,10,10,1.0,0.0,True,10,,,,
SKM-GN,training.day10_score,PHENO,outcome,animal,numeric,10,10,1.0,0.0,True,3,,,,
SKM-GN,training.day11date,PHENO,outcome,animal,datetime,10,10,0.0,0.0,False,10,auroc,0.595,0.49368120763238343,0.405
SKM-GN,training.day11_days,PHENO,outcome,animal,numeric,10,10,0.0,0.0,False,6,auroc,0.6699999999999999,0.20269853574703167,0.33
SKM-GN,training.day11time,PHENO,outcome,animal,time,10,10,0.0,0.0,False,13,auroc,0.625,0.3630802727156903,0.375
SKM-GN,training.day11_treadmillspeed,PHENO,outcome,animal,numeric,10,10,0.0,0.0,False,3,auroc,1.0,4.73140726040938e-05,1.0
SKM-GN,training.day11_treadmillincline,PHENO,outcome,animal,numeric,10,10,0.0,0.0,False,1,,,,
SKM-GN,training.day11_timeontreadmill,PHENO,outcome,animal,numeric,10,10,0.0,0.0,False,2,auroc,1.0,1.593791168806624e-05,1.0
SKM-GN,training.day11_weight,PHENO,outcome,animal,numeric,10,10,0.0,0.0,False,17,auroc,0.63,0.3441594615512613,0.37
SKM-GN,training.day11_posttrainlact,PHENO,outcome,animal,numeric,10,10,1.0,0.0,True,7,,,,
SKM-GN,training.day11_score,PHENO,outcome,animal,numeric,10,10,1.0,0.0,True,2,,,,
SKM-GN,training.day12date,PHENO,outcome,animal,datetime,10,10,0.0,0.0,False,10,auroc,0.595,0.49368120763238343,0.405
SKM-GN,training.day12_days,PHENO,outcome,animal,numeric,10,10,0.0,0.0,False,6,auroc,0.6699999999999999,0.20269853574703167,0.33
SKM-GN,training.day12time,PHENO,outcome,animal,time,10,10,0.0,0.0,False,14,auroc,0.595,0.49531745351651635,0.405
SKM-GN,training.day12_treadmillspeed,PHENO,outcome,animal,numeric,10,10,0.0,0.0,False,3,auroc,1.0,4.73140726040938e-05,1.0
SKM-GN,training.day12_treadmillincline,PHENO,outcome,animal,numeric,10,10,0.0,0.0,False,1,,,,
SKM-GN,training.day12_timeontreadmill,PHENO,outcome,animal,numeric,10,10,0.0,0.0,False,2,auroc,1.0,1.593791168806624e-05,1.0
SKM-GN,training.day12_score,PHENO,outcome,animal,numeric,10,10,1.0,0.0,True,3,,,,
SKM-GN,training.day13date,PHENO,outcome,animal,datetime,10,10,0.0,0.0,False,10,auroc,0.595,0.49368120763238343,0.405
SKM-GN,training.day13_days,PHENO,outcome,animal,numeric,10,10,0.0,0.0,False,6,auroc,0.6699999999999999,0.20269853574703167,0.33
SKM-GN,training.day13time,PHENO,outcome,animal,time,10,10,0.0,0.0,False,13,auroc,0.565,0.6492850242269921,0.435
SKM-GN,training.day13_treadmillspeed,PHENO,outcome,animal,numeric,10,10,0.0,0.0,False,3,auroc,1.0,4.73140726040938e-05,1.0
SKM-GN,training.day13_treadmillincline,PHENO,outcome,animal,numeric,10,10,0.0,0.0,False,1,,,,
SKM-GN,training.day13_timeontreadmill,PHENO,outcome,animal,numeric,10,10,0.0,0.0,False,2,auroc,1.0,1.593791168806624e-05,1.0
SKM-GN,training.day13_score,PHENO,outcome,animal,numeric,10,10,1.0,0.0,True,3,,,,
SKM-GN,training.day14date,PHENO,outcome,animal,datetime,10,10,0.0,0.0,False,10,auroc,0.595,0.49368120763238343,0.405
SKM-GN,training.day14_days,PHENO,outcome,animal,numeric,10,10,0.0,0.0,False,6,auroc,0.6699999999999999,0.20269853574703167,0.33
SKM-GN,training.day14time,PHENO,outcome,animal,time,10,10,0.0,0.0,False,14,auroc,0.645,0.28882818034097146,0.355
SKM-GN,training.day14_treadmillspeed,PHENO,outcome,animal,numeric,10,10,0.0,0.0,False,3,auroc,1.0,4.73140726040938e-05,1.0
SKM-GN,training.day14_treadmillincline,PHENO,outcome,animal,numeric,10,10,0.0,0.0,False,1,,,,
SKM-GN,training.day14_timeontreadmill,PHENO,outcome,animal,numeric,10,10,0.0,0.0,False,2,auroc,1.0,1.593791168806624e-05,1.0
SKM-GN,training.day14_score,PHENO,outcome,animal,numeric,10,10,1.0,0.0,True,3,,,,
SKM-GN,training.day15date,PHENO,outcome,animal,datetime,10,10,0.0,0.0,False,10,auroc,0.595,0.49368120763238343,0.405
SKM-GN,training.day15_days,PHENO,outcome,animal,numeric,10,10,0.0,0.0,False,6,auroc,0.6699999999999999,0.20269853574703167,0.33
SKM-GN,training.day15time,PHENO,outcome,animal,time,10,10,0.0,0.0,False,12,auroc,0.615,0.4030137617317201,0.385
SKM-GN,training.day15_treadmillspeed,PHENO,outcome,animal,numeric,10,10,0.0,0.0,False,3,auroc,1.0,4.73140726040938e-05,1.0
SKM-GN,training.day15_treadmillincline,PHENO,outcome,animal,numeric,10,10,0.0,0.0,False,1,,,,
SKM-GN,training.day15_timeontreadmill,PHENO,outcome,animal,numeric,10,10,0.0,0.0,False,2,auroc,1.0,1.593791168806624e-05,1.0
SKM-GN,training.day15_posttrainlact,PHENO,outcome,animal,numeric,10,10,1.0,0.0,True,7,,,,
SKM-GN,training.day15_score,PHENO,outcome,animal,numeric,10,10,1.0,0.0,True,3,,,,
SKM-GN,training.day16date,PHENO,outcome,animal,datetime,10,10,0.0,0.0,False,10,auroc,0.595,0.49368120763238343,0.405
SKM-GN,training.day16_days,PHENO,outcome,animal,numeric,10,10,0.0,0.0,False,6,auroc,0.6699999999999999,0.20269853574703167,0.33
SKM-GN,training.day16time,PHENO,outcome,animal,time,10,10,0.0,0.0,False,14,auroc,0.6599999999999999,0.24025816616664397,0.34
SKM-GN,training.day16_treadmillspeed,PHENO,outcome,animal,numeric,10,10,0.0,0.0,False,3,auroc,1.0,4.73140726040938e-05,1.0
SKM-GN,training.day16_treadmillincline,PHENO,outcome,animal,numeric,10,10,0.0,0.0,False,1,,,,
SKM-GN,training.day16_timeontreadmill,PHENO,outcome,animal,numeric,10,10,0.0,0.0,False,2,auroc,1.0,1.593791168806624e-05,1.0
SKM-GN,training.day16_weight,PHENO,outcome,animal,numeric,10,10,0.0,0.0,False,19,auroc,0.64,0.30730753272470845,0.36
SKM-GN,training.day16_posttrainlact,PHENO,outcome,animal,numeric,10,10,1.0,0.0,True,7,,,,
SKM-GN,training.day16_score,PHENO,outcome,animal,numeric,10,10,1.0,0.0,True,3,,,,
SKM-GN,training.day17date,PHENO,outcome,animal,datetime,10,10,0.0,0.0,False,10,auroc,0.595,0.49368120763238343,0.405
SKM-GN,training.day17_days,PHENO,outcome,animal,numeric,10,10,0.0,0.0,False,6,auroc,0.6699999999999999,0.20269853574703167,0.33
SKM-GN,training.day17time,PHENO,outcome,animal,time,10,10,0.0,0.0,False,16,auroc,0.65,0.2723141220596529,0.35
SKM-GN,training.day17_treadmillspeed,PHENO,outcome,animal,numeric,10,10,0.0,0.0,False,3,auroc,1.0,4.73140726040938e-05,1.0
SKM-GN,training.day17_treadmillincline,PHENO,outcome,animal,numeric,10,10,0.0,0.0,False,1,,,,
SKM-GN,training.day17_timeontreadmill,PHENO,outcome,animal,numeric,10,10,0.0,0.0,False,2,auroc,1.0,1.593791168806624e-05,1.0
SKM-GN,training.day17_score,PHENO,outcome,animal,numeric,10,10,1.0,0.0,True,2,,,,
SKM-GN,training.day18date,PHENO,outcome,animal,datetime,10,10,0.0,0.0,False,10,auroc,0.595,0.49368120763238343,0.405
SKM-GN,training.day18_days,PHENO,outcome,animal,numeric,10,10,0.0,0.0,False,6,auroc,0.6699999999999999,0.20269853574703167,0.33
SKM-GN,training.day18time,PHENO,outcome,animal,time,10,10,0.0,0.0,False,14,auroc,0.6599999999999999,0.24025816616664397,0.34
SKM-GN,training.day18_treadmillspeed,PHENO,outcome,animal,numeric,10,10,0.0,0.0,False,3,auroc,1.0,4.73140726040938e-05,1.0
SKM-GN,training.day18_treadmillincline,PHENO,outcome,animal,numeric,10,10,0.0,0.0,False,1,,,,
SKM-GN,training.day18_timeontreadmill,PHENO,outcome,animal,numeric,10,10,0.0,0.0,False,2,auroc,1.0,1.593791168806624e-05,1.0
SKM-GN,training.day18_score,PHENO,outcome,animal,numeric,10,10,1.0,0.0,True,3,,,,
SKM-GN,training.day19date,PHENO,outcome,animal,datetime,10,10,0.0,0.0,False,10,auroc,0.595,0.49368120763238343,0.405
SKM-GN,training.day19_days,PHENO,outcome,animal,numeric,10,10,0.0,0.0,False,6,auroc,0.6699999999999999,0.20269853574703167,0.33
SKM-GN,training.day19time,PHENO,outcome,animal,time,10,10,0.0,0.0,False,13,auroc,0.675,0.19724189236240486,0.325
SKM-GN,training.day19_treadmillspeed,PHENO,outcome,animal,numeric,10,10,0.0,0.0,False,3,auroc,1.0,4.73140726040938e-05,1.0
SKM-GN,training.day19_treadmillincline,PHENO,outcome,animal,numeric,10,10,0.0,0.0,False,1,,,,
SKM-GN,training.day19_timeontreadmill,PHENO,outcome,animal,numeric,10,10,0.0,0.0,False,2,auroc,1.0,1.593791168806624e-05,1.0
SKM-GN,training.day19_score,PHENO,outcome,animal,numeric,10,10,1.0,0.0,True,3,,,,
SKM-GN,training.day20date,PHENO,outcome,animal,datetime,10,10,0.0,0.0,False,10,auroc,0.595,0.49368120763238343,0.405
SKM-GN,training.day20_days,PHENO,outcome,animal,numeric,10,10,0.0,0.0,False,6,auroc,0.6699999999999999,0.20269853574703167,0.33
SKM-GN,training.day20time,PHENO,outcome,animal,time,10,10,0.0,0.0,False,15,auroc,0.73,0.08837244910755158,0.27
SKM-GN,training.day20_treadmillspeed,PHENO,outcome,animal,numeric,10,10,0.0,0.0,False,3,auroc,1.0,4.73140726040938e-05,1.0
SKM-GN,training.day20_treadmillincline,PHENO,outcome,animal,numeric,10,10,0.0,0.0,False,1,,,,
SKM-GN,training.day20_timeontreadmill,PHENO,outcome,animal,numeric,10,10,0.0,0.0,False,2,auroc,1.0,1.593791168806624e-05,1.0
SKM-GN,training.day20_posttrainlact,PHENO,outcome,animal,numeric,10,10,1.0,0.0,True,10,,,,
SKM-GN,training.day20_score,PHENO,outcome,animal,numeric,10,10,1.0,0.0,True,3,,,,
SKM-GN,training.day21date,PHENO,outcome,animal,datetime,10,10,0.0,0.0,False,10,auroc,0.595,0.49368120763238343,0.405
SKM-GN,training.day21_days,PHENO,outcome,animal,numeric,10,10,0.0,0.0,False,6,auroc,0.6699999999999999,0.20269853574703167,0.33
SKM-GN,training.day21time,PHENO,outcome,animal,time,10,10,0.0,0.0,False,14,auroc,0.6,0.47167410225493,0.4
SKM-GN,training.day21_treadmillspeed,PHENO,outcome,animal,numeric,10,10,0.0,0.0,False,3,auroc,1.0,4.73140726040938e-05,1.0
SKM-GN,training.day21_treadmillincline,PHENO,outcome,animal,numeric,10,10,0.0,0.0,False,1,,,,
SKM-GN,training.day21_timeontreadmill,PHENO,outcome,animal,numeric,10,10,0.0,0.0,False,2,auroc,1.0,1.593791168806624e-05,1.0
SKM-GN,training.day21_weight,PHENO,outcome,animal,numeric,10,10,0.0,0.0,False,18,auroc,0.6799999999999999,0.18554575077897684,0.32
SKM-GN,training.day21_posttrainlact,PHENO,outcome,animal,numeric,10,10,1.0,0.0,True,9,,,,
SKM-GN,training.day21_score,PHENO,outcome,animal,numeric,10,10,1.0,0.0,True,2,,,,
SKM-GN,training.day22date,PHENO,outcome,animal,datetime,10,10,0.0,0.0,False,10,auroc,0.595,0.49368120763238343,0.405
SKM-GN,training.day22_days,PHENO,outcome,animal,numeric,10,10,0.0,0.0,False,6,auroc,0.6699999999999999,0.20269853574703167,0.33
SKM-GN,training.day22time,PHENO,outcome,animal,time,10,10,0.0,0.0,False,13,auroc,0.6699999999999999,0.210743206283741,0.33
SKM-GN,training.day22_treadmillspeed,PHENO,outcome,animal,numeric,10,10,0.0,0.0,False,3,auroc,1.0,4.73140726040938e-05,1.0
SKM-GN,training.day22_treadmillincline,PHENO,outcome,animal,numeric,10,10,0.0,0.0,False,1,,,,
SKM-GN,training.day22_timeontreadmill,PHENO,outcome,animal,numeric,10,10,0.0,0.0,False,2,auroc,1.0,1.593791168806624e-05,1.0
SKM-GN,training.day22_score,PHENO,outcome,animal,numeric,10,10,1.0,0.0,True,2,,,,
SKM-GN,training.day23date,PHENO,outcome,animal,datetime,10,10,0.0,0.0,False,10,auroc,0.595,0.49368120763238343,0.405
SKM-GN,training.day23_days,PHENO,outcome,animal,numeric,10,10,0.0,0.0,False,6,auroc,0.6699999999999999,0.20269853574703167,0.33
SKM-GN,training.day23time,PHENO,outcome,animal,time,10,10,0.0,0.0,False,14,auroc,0.76,0.0533617780229716,0.24
SKM-GN,training.day23_treadmillspeed,PHENO,outcome,animal,numeric,10,10,0.0,0.0,False,3,auroc,1.0,4.73140726040938e-05,1.0
SKM-GN,training.day23_treadmillincline,PHENO,outcome,animal,numeric,10,10,0.0,0.0,False,1,,,,
SKM-GN,training.day23_timeontreadmill,PHENO,outcome,animal,numeric,10,10,0.0,0.0,False,2,auroc,1.0,1.593791168806624e-05,1.0
SKM-GN,training.day23_score,PHENO,outcome,animal,numeric,10,10,1.0,0.0,True,2,,,,
SKM-GN,training.day24date,PHENO,outcome,animal,datetime,10,10,0.0,0.0,False,10,auroc,0.595,0.49368120763238343,0.405
SKM-GN,training.day24_days,PHENO,outcome,animal,numeric,10,10,0.0,0.0,False,6,auroc,0.6699999999999999,0.20269853574703167,0.33
SKM-GN,training.day24time,PHENO,outcome,animal,time,10,10,0.0,0.0,False,13,auroc,0.635,0.3228233890194294,0.365
SKM-GN,training.day24_treadmillspeed,PHENO,outcome,animal,numeric,10,10,0.0,0.0,False,3,auroc,1.0,4.73140726040938e-05,1.0
SKM-GN,training.day24_treadmillincline,PHENO,outcome,animal,numeric,10,10,0.0,0.0,False,1,,,,
SKM-GN,training.day24_timeontreadmill,PHENO,outcome,animal,numeric,10,10,0.0,0.0,False,2,auroc,1.0,1.593791168806624e-05,1.0
SKM-GN,training.day24_score,PHENO,outcome,animal,numeric,10,10,1.0,0.0,True,3,,,,
SKM-GN,training.day25date,PHENO,outcome,animal,datetime,10,10,0.0,0.0,False,10,auroc,0.595,0.49368120763238343,0.405
SKM-GN,training.day25_days,PHENO,outcome,animal,numeric,10,10,0.0,0.0,False,6,auroc,0.6699999999999999,0.20269853574703167,0.33
SKM-GN,training.day25time,PHENO,outcome,animal,time,10,10,0.0,0.0,False,13,auroc,0.6799999999999999,0.18471693583376836,0.32
SKM-GN,training.day25_treadmillspeed,PHENO,outcome,animal,numeric,10,10,0.0,0.0,False,3,auroc,1.0,4.73140726040938e-05,1.0
SKM-GN,training.day25_treadmillincline,PHENO,outcome,animal,numeric,10,10,0.0,0.0,False,1,,,,
SKM-GN,training.day25_timeontreadmill,PHENO,outcome,animal,numeric,10,10,0.0,0.0,False,2,auroc,1.0,1.593791168806624e-05,1.0
SKM-GN,training.day25_posttrainlact,PHENO,outcome,animal,numeric,10,10,1.0,0.0,True,10,,,,
SKM-GN,training.day25_score,PHENO,outcome,animal,numeric,10,10,1.0,0.0,True,3,,,,
SKM-GN,training.day26date,PHENO,outcome,animal,datetime,10,10,0.0,0.0,False,10,auroc,0.595,0.49368120763238343,0.405
SKM-GN,training.day26_days,PHENO,outcome,animal,numeric,10,10,0.0,0.0,False,6,auroc,0.6699999999999999,0.20269853574703167,0.33
SKM-GN,training.day26time,PHENO,outcome,animal,time,10,10,0.0,0.0,False,13,auroc,0.65,0.2714085957758833,0.35
SKM-GN,training.day26_treadmillspeed,PHENO,outcome,animal,numeric,10,10,0.0,0.0,False,3,auroc,1.0,4.73140726040938e-05,1.0
SKM-GN,training.day26_treadmillincline,PHENO,outcome,animal,numeric,10,10,0.0,0.0,False,1,,,,
SKM-GN,training.day26_timeontreadmill,PHENO,outcome,animal,numeric,10,10,0.0,0.0,False,2,auroc,1.0,1.593791168806624e-05,1.0
SKM-GN,training.day26_weight,PHENO,outcome,animal,numeric,10,10,0.0,0.0,False,19,auroc,0.73,0.08885290847904961,0.27
SKM-GN,training.day26_posttrainlact,PHENO,outcome,animal,numeric,10,10,1.0,0.0,True,10,,,,
SKM-GN,training.day26_score,PHENO,outcome,animal,numeric,10,10,1.0,0.0,True,2,,,,
SKM-GN,training.day27date,PHENO,outcome,animal,datetime,10,10,0.0,0.0,False,10,auroc,0.595,0.49368120763238343,0.405
SKM-GN,training.day27_days,PHENO,outcome,animal,numeric,10,10,0.0,0.0,False,6,auroc,0.6699999999999999,0.20269853574703167,0.33
SKM-GN,training.day27time,PHENO,outcome,animal,time,10,10,0.0,0.0,False,13,auroc,0.78,0.03713317558193916,0.22
SKM-GN,training.day27_treadmillspeed,PHENO,outcome,animal,numeric,10,10,0.0,0.0,False,3,auroc,1.0,4.73140726040938e-05,1.0
SKM-GN,training.day27_treadmillincline,PHENO,outcome,animal,numeric,10,10,0.0,0.0,False,1,,,,
SKM-GN,training.day27_timeontreadmill,PHENO,outcome,animal,numeric,10,10,0.0,0.0,False,2,auroc,1.0,1.593791168806624e-05,1.0
SKM-GN,training.day27_score,PHENO,outcome,animal,numeric,10,10,1.0,0.0,True,2,,,,
SKM-GN,training.day28date,PHENO,outcome,animal,datetime,10,10,0.0,0.0,False,10,auroc,0.595,0.49368120763238343,0.405
SKM-GN,training.day28_days,PHENO,outcome,animal,numeric,10,10,0.0,0.0,False,6,auroc,0.6699999999999999,0.20269853574703167,0.33
SKM-GN,training.day28time,PHENO,outcome,animal,time,10,10,0.0,0.0,False,14,auroc,0.75,0.06322282935107827,0.25
SKM-GN,training.day28_treadmillspeed,PHENO,outcome,animal,numeric,10,10,0.0,0.0,False,3,auroc,1.0,4.73140726040938e-05,1.0
SKM-GN,training.day28_treadmillincline,PHENO,outcome,animal,numeric,10,10,0.0,0.0,False,1,,,,
SKM-GN,training.day28_timeontreadmill,PHENO,outcome,animal,numeric,10,10,0.0,0.0,False,2,auroc,1.0,1.593791168806624e-05,1.0
SKM-GN,training.day28_score,PHENO,outcome,animal,numeric,10,10,1.0,0.0,True,3,,,,
SKM-GN,training.day29date,PHENO,outcome,animal,datetime,10,10,0.0,0.0,False,10,auroc,0.595,0.49368120763238343,0.405
SKM-GN,training.day29_days,PHENO,outcome,animal,numeric,10,10,0.0,0.0,False,6,auroc,0.6699999999999999,0.20269853574703167,0.33
SKM-GN,training.day29time,PHENO,outcome,animal,time,10,10,0.0,0.0,False,14,auroc,0.75,0.06322282935107827,0.25
SKM-GN,training.day29_treadmillspeed,PHENO,outcome,animal,numeric,10,10,0.0,0.0,False,3,auroc,1.0,4.73140726040938e-05,1.0
SKM-GN,training.day29_treadmillincline,PHENO,outcome,animal,numeric,10,10,0.0,0.0,False,1,,,,
SKM-GN,training.day29_timeontreadmill,PHENO,outcome,animal,numeric,10,10,0.0,0.0,False,2,auroc,1.0,1.593791168806624e-05,1.0
SKM-GN,training.day29_score,PHENO,outcome,animal,numeric,10,10,1.0,0.0,True,3,,,,
SKM-GN,training.day30date,PHENO,outcome,animal,datetime,10,10,0.0,0.0,False,10,auroc,0.595,0.49368120763238343,0.405
SKM-GN,training.day30_days,PHENO,outcome,animal,numeric,10,10,0.0,0.0,False,6,auroc,0.6699999999999999,0.20269853574703167,0.33
SKM-GN,training.day30time,PHENO,outcome,animal,time,10,10,0.0,0.0,False,15,auroc,0.91,0.002160140722215307,0.09
SKM-GN,training.day30_treadmillspeed,PHENO,outcome,animal,numeric,10,10,0.0,0.0,False,3,auroc,1.0,4.73140726040938e-05,1.0
SKM-GN,training.day30_treadmillincline,PHENO,outcome,animal,numeric,10,10,0.0,0.0,False,1,,,,
SKM-GN,training.day30_timeontreadmill,PHENO,outcome,animal,numeric,10,10,0.0,0.0,False,2,auroc,1.0,1.593791168806624e-05,1.0
SKM-GN,training.day30_posttrainlact,PHENO,outcome,animal,numeric,10,10,1.0,0.0,True,7,,,,
SKM-GN,training.day30_score,PHENO,outcome,animal,numeric,10,10,1.0,0.0,True,3,,,,
SKM-GN,training.day31date,PHENO,outcome,animal,datetime,10,10,0.0,0.0,False,10,auroc,0.595,0.49368120763238343,0.405
SKM-GN,training.day31_days,PHENO,outcome,animal,numeric,10,10,0.0,0.0,False,6,auroc,0.6699999999999999,0.20269853574703167,0.33
SKM-GN,training.day31time,PHENO,outcome,animal,time,10,10,0.0,0.0,False,12,auroc,0.51,0.9697360424200406,0.49
SKM-GN,training.day31_treadmillspeed,PHENO,outcome,animal,numeric,10,10,0.0,0.0,False,3,auroc,1.0,4.73140726040938e-05,1.0
SKM-GN,training.day31_treadmillincline,PHENO,outcome,animal,numeric,10,10,0.0,0.0,False,1,,,,
SKM-GN,training.day31_timeontreadmill,PHENO,outcome,animal,numeric,10,10,0.0,0.0,False,2,auroc,1.0,1.593791168806624e-05,1.0
SKM-GN,training.day31_weight,PHENO,outcome,animal,numeric,10,10,0.0,0.0,False,19,auroc,0.745,0.06953745003698122,0.255
SKM-GN,training.day31_posttrainlact,PHENO,outcome,animal,numeric,10,10,1.0,0.0,True,9,,,,
SKM-GN,training.day31_score,PHENO,outcome,animal,numeric,10,10,1.0,0.0,True,2,,,,
SKM-GN,training.day32date,PHENO,outcome,animal,datetime,10,10,0.0,0.0,False,10,auroc,0.595,0.49368120763238343,0.405
SKM-GN,training.day32_days,PHENO,outcome,animal,numeric,10,10,0.0,0.0,False,6,auroc,0.6699999999999999,0.20269853574703167,0.33
SKM-GN,training.day32time,PHENO,outcome,animal,time,10,10,0.0,0.0,False,13,auroc,0.73,0.0878919199518684,0.27
SKM-GN,training.day32_treadmillspeed,PHENO,outcome,animal,numeric,10,10,0.0,0.0,False,3,auroc,1.0,4.73140726040938e-05,1.0
SKM-GN,training.day32_treadmillincline,PHENO,outcome,animal,numeric,10,10,0.0,0.0,False,1,,,,
SKM-GN,training.day32_timeontreadmill,PHENO,outcome,animal,numeric,10,10,0.0,0.0,False,2,auroc,1.0,1.593791168806624e-05,1.0
SKM-GN,training.day32_score,PHENO,outcome,animal,numeric,10,10,1.0,0.0,True,2,,,,
SKM-GN,training.day33date,PHENO,outcome,animal,datetime,10,10,0.0,0.0,False,10,auroc,0.595,0.49368120763238343,0.405
SKM-GN,training.day33_days,PHENO,outcome,animal,numeric,10,10,0.0,0.0,False,6,auroc,0.6699999999999999,0.20269853574703167,0.33
SKM-GN,training.day33time,PHENO,outcome,animal,time,10,10,0.0,0.0,False,11,auroc,0.69,0.15991613152481754,0.31
SKM-GN,training.day33_treadmillspeed,PHENO,outcome,animal,numeric,10,10,0.0,0.0,False,3,auroc,1.0,4.73140726040938e-05,1.0
SKM-GN,training.day33_treadmillincline,PHENO,outcome,animal,numeric,10,10,0.0,0.0,False,1,,,,
SKM-GN,training.day33_timeontreadmill,PHENO,outcome,animal,numeric,10,10,0.0,0.0,False,2,auroc,1.0,1.593791168806624e-05,1.0
SKM-GN,training.day33_score,PHENO,outcome,animal,numeric,10,10,1.0,0.0,True,3,,,,
SKM-GN,training.day34date,PHENO,outcome,animal,datetime,10,10,0.0,0.0,False,10,auroc,0.595,0.49368120763238343,0.405
SKM-GN,training.day34_days,PHENO,outcome,animal,numeric,10,10,0.0,0.0,False,6,auroc,0.6699999999999999,0.20269853574703167,0.33
SKM-GN,training.day34time,PHENO,outcome,animal,time,10,10,0.0,0.0,False,11,auroc,0.625,0.3601593837295177,0.375
SKM-GN,training.day34_treadmillspeed,PHENO,outcome,animal,numeric,10,10,0.0,0.0,False,3,auroc,1.0,4.73140726040938e-05,1.0
SKM-GN,training.day34_treadmillincline,PHENO,outcome,animal,numeric,10,10,0.0,0.0,False,1,,,,
SKM-GN,training.day34_timeontreadmill,PHENO,outcome,animal,numeric,10,10,0.0,0.0,False,2,auroc,1.0,1.593791168806624e-05,1.0
SKM-GN,training.day34_score,PHENO,outcome,animal,numeric,10,10,1.0,0.0,True,2,,,,
SKM-GN,training.day35date,PHENO,outcome,animal,datetime,10,10,0.0,0.0,False,10,auroc,0.595,0.49368120763238343,0.405
SKM-GN,training.day35_days,PHENO,outcome,animal,numeric,10,10,0.0,0.0,False,6,auroc,0.6699999999999999,0.20269853574703167,0.33
SKM-GN,training.day35time,PHENO,outcome,animal,time,10,10,0.0,0.0,False,14,auroc,0.64,0.3060303039357849,0.64
SKM-GN,training.day35_treadmillspeed,PHENO,outcome,animal,numeric,10,10,0.0,0.0,False,3,auroc,1.0,4.73140726040938e-05,1.0
SKM-GN,training.day35_treadmillincline,PHENO,outcome,animal,numeric,10,10,0.0,0.0,False,1,,,,
SKM-GN,training.day35_timeontreadmill,PHENO,outcome,animal,numeric,10,10,0.0,0.0,False,2,auroc,1.0,1.593791168806624e-05,1.0
SKM-GN,training.day35_posttrainlact,PHENO,outcome,animal,numeric,10,10,1.0,0.0,True,10,,,,
SKM-GN,training.day35_score,PHENO,outcome,animal,numeric,10,10,1.0,0.0,True,2,,,,
SKM-GN,training.day36date,PHENO,outcome,animal,datetime,10,10,0.0,0.0,False,10,auroc,0.595,0.49368120763238343,0.405
SKM-GN,training.day36_days,PHENO,outcome,animal,numeric,10,10,0.0,0.0,False,6,auroc,0.6699999999999999,0.20269853574703167,0.33
SKM-GN,training.day36time,PHENO,outcome,animal,time,10,10,0.6,0.5,False,9,auroc,0.95,0.031746031746031744,0.05
SKM-GN,training.day36_weight,PHENO,outcome,animal,numeric,10,10,0.0,0.0,False,19,auroc,0.73,0.08885290847904961,0.27
SKM-GN,training.day37date,PHENO,outcome,animal,datetime,10,10,0.0,0.0,False,10,auroc,0.595,0.49368120763238343,0.405
SKM-GN,training.day37_days,PHENO,outcome,animal,numeric,10,10,0.0,0.0,False,6,auroc,0.6699999999999999,0.20269853574703167,0.33
SKM-GN,training.day37time,PHENO,outcome,animal,time,10,10,0.0,0.0,False,12,auroc,0.53,0.8493210400200102,0.47
SKM-GN,training.day37_treadmillspeed,PHENO,outcome,animal,numeric,10,10,0.0,0.0,False,3,auroc,1.0,4.73140726040938e-05,1.0
SKM-GN,training.day37_treadmillincline,PHENO,outcome,animal,numeric,10,10,0.0,0.0,False,1,,,,
SKM-GN,training.day37_timeontreadmill,PHENO,outcome,animal,numeric,10,10,0.0,0.0,False,2,auroc,1.0,1.593791168806624e-05,1.0
SKM-GN,training.day37_score,PHENO,outcome,animal,numeric,10,10,1.0,0.0,True,3,,,,
SKM-GN,training.day38date,PHENO,outcome,animal,datetime,10,10,0.0,0.0,False,10,auroc,0.595,0.49368120763238343,0.405
SKM-GN,training.day38_days,PHENO,outcome,animal,numeric,10,10,0.0,0.0,False,6,auroc,0.6699999999999999,0.20269853574703167,0.33
SKM-GN,training.day38time,PHENO,outcome,animal,time,10,10,0.0,0.0,False,12,auroc,0.74,0.0745620127879839,0.26
SKM-GN,training.day38_treadmillspeed,PHENO,outcome,animal,numeric,10,10,0.0,0.0,False,3,auroc,1.0,4.73140726040938e-05,1.0
SKM-GN,training.day38_treadmillincline,PHENO,outcome,animal,numeric,10,10,0.0,0.0,False,1,,,,
SKM-GN,training.day38_timeontreadmill,PHENO,outcome,animal,numeric,10,10,0.0,0.0,False,2,auroc,1.0,1.593791168806624e-05,1.0
SKM-GN,training.day38_score,PHENO,outcome,animal,numeric,10,10,1.0,0.0,True,3,,,,
SKM-GN,training.day39date,PHENO,outcome,animal,datetime,10,10,0.0,0.0,False,10,auroc,0.595,0.49368120763238343,0.405
SKM-GN,training.day39_days,PHENO,outcome,animal,numeric,10,10,0.0,0.0,False,6,auroc,0.6699999999999999,0.20269853574703167,0.33
SKM-GN,training.day39time,PHENO,outcome,animal,time,10,10,0.0,0.0,False,11,auroc,0.605,0.4465992698288942,0.605
SKM-GN,training.day39_treadmillspeed,PHENO,outcome,animal,numeric,10,10,0.0,0.0,False,3,auroc,1.0,4.73140726040938e-05,1.0
SKM-GN,training.day39_treadmillincline,PHENO,outcome,animal,numeric,10,10,0.0,0.0,False,1,,,,
SKM-GN,training.day39_timeontreadmill,PHENO,outcome,animal,numeric,10,10,0.0,0.0,False,2,auroc,1.0,1.593791168806624e-05,1.0
SKM-GN,training.day39_posttrainlact,PHENO,outcome,animal,numeric,10,10,1.0,0.9,False,1,,,,
SKM-GN,training.day39_score,PHENO,outcome,animal,numeric,10,10,1.0,0.0,True,2,,,,
SKM-GN,training.day40date,PHENO,outcome,animal,datetime,10,10,0.0,0.0,False,10,auroc,0.595,0.49368120763238343,0.405
SKM-GN,training.day40_days,PHENO,outcome,animal,numeric,10,10,0.0,0.0,False,6,auroc,0.6699999999999999,0.20269853574703167,0.33
SKM-GN,training.day40time,PHENO,outcome,animal,time,10,10,0.0,0.0,False,10,auroc,0.6,0.4679532454588272,0.6
SKM-GN,training.day40_treadmillspeed,PHENO,outcome,animal,numeric,10,10,0.0,0.0,False,3,auroc,1.0,4.73140726040938e-05,1.0
SKM-GN,training.day40_treadmillincline,PHENO,outcome,animal,numeric,10,10,0.0,0.0,False,1,,,,
SKM-GN,training.day40_timeontreadmill,PHENO,outcome,animal,numeric,10,10,0.0,0.0,False,3,auroc,1.0,2.4281747324754767e-05,1.0
SKM-GN,training.day40_posttrainlact,PHENO,outcome,animal,numeric,10,10,1.0,0.2,True,8,,,,
SKM-GN,training.day40_score,PHENO,outcome,animal,numeric,10,10,1.0,0.0,True,3,,,,
SKM-GN,vo2.max.test.d_visit_1,PHENO,outcome,animal,datetime,10,10,0.0,0.0,False,9,auroc,0.5449999999999999,0.7608820121117055,0.455
SKM-GN,vo2.max.test.days_visit_1,PHENO,outcome,animal,numeric,10,10,0.0,0.0,False,5,auroc,0.605,0.437369328274008,0.395
SKM-GN,vo2.max.test.staffid_1,PHENO,outcome,animal,numeric,10,10,0.0,0.0,False,1,,,,
SKM-GN,vo2.max.test.siteid_1,PHENO,outcome,animal,categorical,10,10,0.0,0.0,False,1,,,,
SKM-GN,vo2.max.test.d_vo2_1,PHENO,outcome,animal,datetime,10,10,0.0,0.0,False,9,auroc,0.5449999999999999,0.7608820121117055,0.455
SKM-GN,vo2.max.test.days_vo2_1,PHENO,outcome,animal,numeric,10,10,0.0,0.0,False,5,auroc,0.605,0.437369328274008,0.395
SKM-GN,vo2.max.test.t_vo2_1,PHENO,outcome,animal,time,10,10,0.0,0.0,False,20,auroc,0.61,0.4273553138978077,0.61
SKM-GN,vo2.max.test.blactate_begin_1,PHENO,outcome,animal,numeric,10,10,0.0,0.0,False,12,auroc,0.505,1.0,0.495
SKM-GN,vo2.max.test.vo2_max_1,PHENO,outcome,animal,numeric,10,10,0.0,0.0,False,19,auroc,0.56,0.6774705127728922,0.56
SKM-GN,vo2.max.test.vco2_max_1,PHENO,outcome,animal,numeric,10,10,0.0,0.0,False,20,auroc,0.53,0.8501067391385259,0.53
SKM-GN,vo2.max.test.rer_max_1,PHENO,outcome,animal,numeric,10,10,0.0,0.0,False,12,auroc,0.655,0.25215043140011917,0.345
SKM-GN,vo2.max.test.speed_max_1,PHENO,outcome,animal,numeric,10,10,0.0,0.0,False,5,auroc,0.5700000000000001,0.6136866325937949,0.43
SKM-GN,vo2.max.test.t_complete_1,PHENO,outcome,animal,time,10,10,0.0,0.0,False,20,auroc,0.61,0.4273553138978077,0.61
SKM-GN,vo2.max.test.blactate_end_1,PHENO,outcome,animal,numeric,10,10,0.0,0.0,False,20,auroc,0.53,0.8501067391385259,0.47
SKM-GN,vo2.max.test.vo2_comments_1,PHENO,outcome,animal,categorical,10,10,0.9,0.8,False,3,cramers_v,1.0,0.22313016014842982,
SKM-GN,vo2.max.test.d_visit_2,PHENO,outcome,animal,datetime,10,10,0.0,0.0,False,10,auroc,0.595,0.49368120763238343,0.405
SKM-GN,vo2.max.test.days_visit_2,PHENO,outcome,animal,numeric,10,10,0.0,0.0,False,6,auroc,0.6699999999999999,0.20269853574703167,0.33
SKM-GN,vo2.max.test.staffid_2,PHENO,outcome,animal,numeric,10,10,0.0,0.0,False,1,,,,
SKM-GN,vo2.max.test.siteid_2,PHENO,outcome,animal,categorical,10,10,0.0,0.0,False,1,,,,
SKM-GN,vo2.max.test.d_vo2_2,PHENO,outcome,animal,datetime,10,10,0.0,0.0,False,10,auroc,0.595,0.49368120763238343,0.405
SKM-GN,vo2.max.test.days_vo2_2,PHENO,outcome,animal,numeric,10,10,0.0,0.0,False,6,auroc,0.6699999999999999,0.20269853574703167,0.33
SKM-GN,vo2.max.test.t_vo2_2,PHENO,outcome,animal,time,10,10,0.0,0.0,False,20,auroc,0.87,0.00579535854433471,0.13
SKM-GN,vo2.max.test.blactate_begin_2,PHENO,outcome,animal,numeric,10,10,0.0,0.0,False,11,auroc,0.735,0.0803732234511474,0.735
SKM-GN,vo2.max.test.vo2_max_2,PHENO,outcome,animal,numeric,10,10,0.0,0.0,False,20,auroc,0.98,0.0003298385207779935,0.98
SKM-GN,vo2.max.test.vco2_max_2,PHENO,outcome,animal,numeric,10,10,0.0,0.0,False,20,auroc,0.96,0.0005828399431792745,0.96
SKM-GN,vo2.max.test.rer_max_2,PHENO,outcome,animal,numeric,10,10,0.0,0.0,False,9,auroc,0.55,0.731388289202564,0.45
SKM-GN,vo2.max.test.speed_max_2,PHENO,outcome,animal,numeric,10,10,0.0,0.0,False,7,auroc,1.0,0.00015116251249145356,1.0
SKM-GN,vo2.max.test.t_complete_2,PHENO,outcome,animal,time,10,10,0.0,0.0,False,20,auroc,0.84,0.011329696684474666,0.16
SKM-GN,vo2.max.test.blactate_end_2,PHENO,outcome,animal,numeric,10,10,0.0,0.0,False,18,auroc,0.65,0.2726754751925152,0.35
SKM-GN,vo2.max.test.vo2_comments_2,PHENO,outcome,animal,empty,10,10,1.0,1.0,False,0,,,,
SKM-GN,calculated.variables.pct_body_fat_change,PHENO,outcome,animal,numeric,10,10,0.0,0.0,False,18,auroc,0.87,0.005758630532614327,0.13
SKM-GN,calculated.variables.pct_body_lean_change,PHENO,outcome,animal,numeric,10,10,0.0,0.0,False,19,auroc,0.785,0.034226150579334216,0.785
SKM-GN,calculated.variables.pct_body_fluid_change,PHENO,outcome,animal,numeric,10,10,0.0,0.0,False,12,auroc,0.745,0.06785982444191624,0.255
SKM-GN,calculated.variables.lactate_change_dueto_train,PHENO,outcome,animal,numeric,10,10,0.0,0.0,False,17,auroc,0.675,0.1982578062948097,0.325
SKM-GN,calculated.variables.vo2_max_change,PHENO,outcome,animal,numeric,10,10,0.0,0.0,False,19,auroc,0.96,0.0005800603714706723,0.96
SKM-GN,calculated.variables.coll_time_train,PHENO,collection,vial,numeric,10,10,0.0,0.0,False,20,auroc,0.5,1.0,0.5
SKM-GN,calculated.variables.deathtime_after_train,PHENO,collection,animal,numeric,10,10,0.0,0.0,False,20,auroc,0.5,1.0,0.5
SKM-GN,calculated.variables.frozetime_after_train,PHENO,collection,vial,numeric,10,10,0.0,0.0,False,20,auroc,0.5,1.0,0.5
SKM-GN,specimen.processing.siteid,PHENO,collection,animal,categorical,10,10,0.0,0.0,False,1,,,,
SKM-GN,specimen.processing.samplenumber,PHENO,collection,vial,numeric,10,10,0.0,0.0,False,1,,,,
SKM-GN,specimen.processing.timepoint,PHENO,collection,animal,numeric,10,10,0.0,0.0,False,1,,,,
SKM-GN,specimen.processing.volume,PHENO,collection,vial,categorical,10,10,0.0,0.0,False,1,,,,
SKM-GN,specimen.processing.hemolyzed,PHENO,collection,animal,empty,10,10,1.0,1.0,False,0,,,,
SKM-GN,specimen.processing.t_collection,PHENO,collection,vial,time,10,10,0.0,0.0,False,20,auroc,0.57,0.6231762238821174,0.57
SKM-GN,specimen.processing.t_edtaspin,PHENO,collection,animal,empty,10,10,1.0,1.0,False,0,,,,
SKM-GN,specimen.processing.t_freeze,PHENO,collection,vial,time,10,10,0.0,0.0,False,20,auroc,0.57,0.6231762238821174,0.57
SKM-GN,specimen.processing.techid,PHENO,collection,vial,categorical,10,10,0.0,0.0,False,1,,,,
SKM-GN,biclabeldata.shiptositeid,PHENO,collection,vial,categorical,10,10,0.0,0.0,False,1,,,,
SKM-GN,biclabeldata.received_cas,PHENO,collection,animal,categorical,10,10,0.0,0.0,False,1,,,,
SKM-GN,biclabeldata.protocol,PHENO,design,animal,categorical,10,10,0.0,0.0,False,1,,,,
SKM-GN,study_group_timepoint,PHENO,design,animal,categorical,10,10,0.0,0.0,False,2,cramers_v,1.0,1.082508822446903e-05,
SKM-GN,sacrificetime,PHENO,design,animal,categorical,10,10,0.0,0.0,False,1,,,,
SKM-GN,intervention,PHENO,design,animal,categorical,10,10,0.0,0.0,False,2,cramers_v,1.0,1.082508822446903e-05,
SKM-GN,time_to_freeze,PHENO,collection,vial,numeric,10,10,0.0,0.0,False,19,auroc,0.575,0.5965631597626195,0.575
SKM-GN,GET_site,meta/TRNSCRPT,library,vial,categorical,10,10,0.0,0.0,False,1,,,,
SKM-GN,RNA_extr_plate_ID,meta/TRNSCRPT,library,vial,categorical,10,10,0.0,0.0,False,1,,,,
SKM-GN,RNA_extr_date,meta/TRNSCRPT,library,vial,datetime,10,10,0.0,0.0,False,1,,,,
SKM-GN,RNA_extr_conc,meta/TRNSCRPT,library,vial,numeric,10,10,0.0,0.0,False,18,auroc,0.52,0.9096542252801711,0.52
SKM-GN,RIN,meta/TRNSCRPT,library,vial,numeric,10,10,0.0,0.0,False,5,auroc,0.52,0.906178030294578,0.52
SKM-GN,r_260_280,meta/TRNSCRPT,library,vial,numeric,10,10,0.8,0.8,False,3,auroc,0.5,1.0,0.5
SKM-GN,r_260_230,meta/TRNSCRPT,library,vial,numeric,10,10,0.8,0.8,False,4,auroc,1.0,0.3333333333333333,0.0
SKM-GN,Lib_prep_date,meta/TRNSCRPT,library,vial,datetime,10,10,0.0,0.0,False,1,,,,
SKM-GN,Lib_RNA_conc,meta/TRNSCRPT,library,vial,numeric,10,10,0.0,0.0,False,3,auroc,0.505,1.0,0.495
SKM-GN,Lib_RNA_vol,meta/TRNSCRPT,library,vial,numeric,10,10,0.0,0.0,False,1,,,,
SKM-GN,Lib_robot,meta/TRNSCRPT,library,vial,categorical,10,10,0.0,0.0,False,1,,,,
SKM-GN,Lib_vendor,meta/TRNSCRPT,library,vial,categorical,10,10,0.0,0.0,False,1,,,,
SKM-GN,Lib_type,meta/TRNSCRPT,library,vial,categorical,10,10,0.0,0.0,False,1,,,,
SKM-GN,Lib_kit_id,meta/TRNSCRPT,library,vial,categorical,10,10,0.0,0.0,False,1,,,,
SKM-GN,Lib_batch_ID,meta/TRNSCRPT,library,vial,categorical,10,10,0.0,0.0,False,1,,,,
SKM-GN,Lib_barcode_well,meta/TRNSCRPT,library,vial,categorical,10,10,0.0,0.0,False,20,cramers_v,1.0,0.39457818208600104,
SKM-GN,Lib_index_1,meta/TRNSCRPT,library,vial,categorical,10,10,0.0,0.0,False,20,cramers_v,1.0,0.39457818208600104,
SKM-GN,Lib_index_2,meta/TRNSCRPT,library,vial,categorical,10,10,0.0,0.0,False,20,cramers_v,1.0,0.39457818208600104,
SKM-GN,Lib_adapter_1,meta/TRNSCRPT,library,vial,categorical,10,10,0.0,0.0,False,1,,,,
SKM-GN,Lib_adapter_2,meta/TRNSCRPT,library,vial,categorical,10,10,0.0,0.0,False,1,,,,
SKM-GN,Lib_UMI_cycle_num,meta/TRNSCRPT,library,vial,numeric,10,10,0.0,0.0,False,1,,,,
SKM-GN,Lib_adapter_size,meta/TRNSCRPT,library,vial,numeric,10,10,0.0,0.0,False,1,,,,
SKM-GN,Lib_frag_size,meta/TRNSCRPT,library,vial,numeric,10,10,0.0,0.0,False,12,auroc,0.85,0.00872137897539617,0.85
SKM-GN,Lib_DNA_conc,meta/TRNSCRPT,library,vial,numeric,10,10,0.0,0.0,False,19,auroc,0.585,0.5451985101800713,0.415
SKM-GN,Lib_molarity,meta/TRNSCRPT,library,vial,numeric,10,10,0.0,0.0,False,20,auroc,0.56,0.6775849579524755,0.44
SKM-GN,Seq_platform,meta/TRNSCRPT,library,vial,categorical,10,10,0.0,0.0,False,1,,,,
SKM-GN,Seq_date,meta/TRNSCRPT,library,vial,numeric,10,10,0.0,0.0,False,1,,,,
SKM-GN,Seq_machine_ID,meta/TRNSCRPT,library,vial,categorical,10,10,0.0,0.0,False,1,,,,
SKM-GN,Seq_flowcell_ID,meta/TRNSCRPT,library,vial,categorical,10,10,0.0,0.0,False,1,,,,
SKM-GN,Seq_flowcell_run,meta/TRNSCRPT,library,vial,numeric,10,10,0.0,0.0,False,1,,,,
SKM-GN,Seq_flowcell_lane,meta/TRNSCRPT,library,vial,categorical,10,10,0.0,0.0,False,1,,,,
SKM-GN,Seq_flowcell_type,meta/TRNSCRPT,library,vial,categorical,10,10,0.0,0.0,False,1,,,,
SKM-GN,Seq_length,meta/TRNSCRPT,library,vial,numeric,10,10,0.0,0.0,False,1,,,,
SKM-GN,Seq_end_type,meta/TRNSCRPT,library,vial,numeric,10,10,0.0,0.0,False,1,,,,
SKM-GN,Seq_batch,meta/TRNSCRPT,library,vial,categorical,10,10,0.0,0.0,False,1,,,,
SKM-GN,reads_raw,meta/TRNSCRPT,depth,vial,numeric,10,10,0.0,0.0,False,20,auroc,0.72,0.10410988966022681,0.72
SKM-GN,pct_adapter_detected,meta/TRNSCRPT,qc,vial,numeric,10,10,0.0,0.0,False,14,auroc,0.615,0.4042618264980914,0.615
SKM-GN,pct_trimmed,meta/TRNSCRPT,qc,vial,numeric,10,10,0.0,0.0,False,20,auroc,0.66,0.24132159301718004,0.66
SKM-GN,pct_trimmed_bases,meta/TRNSCRPT,qc,vial,numeric,10,10,0.0,0.0,False,20,auroc,0.63,0.3447042220069576,0.63
SKM-GN,reads,meta/TRNSCRPT,depth,vial,numeric,10,10,0.0,0.0,False,20,auroc,0.72,0.10410988966022681,0.72
SKM-GN,pct_GC,meta/TRNSCRPT,qc,vial,numeric,10,10,0.0,0.0,False,3,auroc,0.74,0.042915426389728874,0.26
SKM-GN,pct_dup_sequence,meta/TRNSCRPT,qc,vial,numeric,10,10,0.0,0.0,False,20,auroc,0.91,0.0022022199424970783,0.91
SKM-GN,pct_rRNA,meta/TRNSCRPT,qc,vial,numeric,10,10,0.0,0.0,False,11,auroc,0.645,0.2871840579762138,0.645
SKM-GN,pct_globin,meta/TRNSCRPT,qc,vial,numeric,10,10,0.0,0.0,False,3,auroc,0.5,1.0,0.5
SKM-GN,pct_phix,meta/TRNSCRPT,qc,vial,numeric,10,10,0.0,0.0,False,1,,,,
SKM-GN,pct_picard_dup,meta/TRNSCRPT,qc,vial,numeric,10,10,0.0,0.0,False,20,auroc,0.7,0.14046504815835498,0.7
SKM-GN,pct_umi_dup,meta/TRNSCRPT,qc,vial,numeric,10,10,0.0,0.0,False,20,auroc,0.7,0.14046504815835498,0.3
SKM-GN,avg_input_read_length,meta/TRNSCRPT,qc,vial,numeric,10,10,0.0,0.0,False,1,,,,
SKM-GN,uniquely_mapped,meta/TRNSCRPT,depth,vial,numeric,10,10,0.0,0.0,False,20,auroc,0.72,0.10410988966022681,0.72
SKM-GN,pct_uniquely_mapped,meta/TRNSCRPT,qc,vial,numeric,10,10,0.0,0.0,False,20,auroc,0.53,0.8501067391385259,0.53
SKM-GN,avg_mapped_read_length,meta/TRNSCRPT,qc,vial,numeric,10,10,0.0,0.0,False,20,auroc,0.53,0.8501067391385259,0.53
SKM-GN,num_splices,meta/TRNSCRPT,depth,vial,numeric,10,10,0.0,0.0,False,20,auroc,0.66,0.24132159301718004,0.66
SKM-GN,num_annotated_splices,meta/TRNSCRPT,depth,vial,numeric,10,10,0.0,0.0,False,20,auroc,0.66,0.24132159301718004,0.66
SKM-GN,num_GTAG_splices,meta/TRNSCRPT,depth,vial,numeric,10,10,0.0,0.0,False,20,auroc,0.65,0.27303633975118835,0.65
SKM-GN,num_GCAG_splices,meta/TRNSCRPT,depth,vial,numeric,10,10,0.0,0.0,False,20,auroc,0.62,0.3846730627355087,0.62
SKM-GN,num_ATAC_splices,meta/TRNSCRPT,depth,vial,numeric,10,10,0.0,0.0,False,20,auroc,0.68,0.18587673236587599,0.68
SKM-GN,num_noncanonical_splices,meta/TRNSCRPT,depth,vial,numeric,10,10,0.0,0.0,False,20,auroc,0.64,0.3074894566186813,0.64
SKM-GN,pct_multimapped,meta/TRNSCRPT,qc,vial,numeric,10,10,0.0,0.0,False,16,auroc,0.915,0.0018942945584748193,0.915
SKM-GN,pct_multimapped_toomany,meta/TRNSCRPT,qc,vial,numeric,10,10,0.0,0.0,False,6,auroc,0.565,0.6431947166159712,0.565
SKM-GN,pct_unmapped_mismatches,meta/TRNSCRPT,qc,vial,numeric,10,10,0.0,0.0,False,1,,,,
SKM-GN,pct_unmapped_tooshort,meta/TRNSCRPT,qc,vial,numeric,10,10,0.0,0.0,False,16,auroc,0.765,0.04885400702122251,0.235
SKM-GN,pct_unmapped_other,meta/TRNSCRPT,qc,vial,numeric,10,10,0.0,0.0,False,2,auroc,0.55,0.6505558947063161,0.45
SKM-GN,pct_chimeric,meta/TRNSCRPT,qc,vial,numeric,10,10,0.0,0.0,False,1,,,,
SKM-GN,pct_chrX,meta/TRNSCRPT,qc,vial,numeric,10,10,0.0,0.0,False,17,auroc,0.7050000000000001,0.1301359791176405,0.295
SKM-GN,pct_chrY,meta/TRNSCRPT,qc,vial,numeric,10,10,0.0,0.0,False,20,auroc,0.6699999999999999,0.21229383619233166,0.33
SKM-GN,pct_chrM,meta/TRNSCRPT,qc,vial,numeric,10,10,0.0,0.0,False,20,auroc,0.93,0.0013149446697132139,0.93
SKM-GN,pct_chrAuto,meta/TRNSCRPT,qc,vial,numeric,10,10,0.0,0.0,False,20,auroc,0.9299999999999999,0.0013149446697132139,0.07
SKM-GN,pct_contig,meta/TRNSCRPT,qc,vial,numeric,10,10,0.0,0.0,False,10,auroc,0.645,0.28516025300964853,0.355
SKM-GN,pct_coding,meta/TRNSCRPT,qc,vial,numeric,10,10,0.0,0.0,False,20,auroc,0.91,0.0022022199424970783,0.91
SKM-GN,pct_utr,meta/TRNSCRPT,qc,vial,numeric,10,10,0.0,0.0,False,20,auroc,0.9,0.0028272720911168077,0.1
SKM-GN,pct_intronic,meta/TRNSCRPT,qc,vial,numeric,10,10,0.0,0.0,False,20,auroc,0.9,0.0028272720911168077,0.1
SKM-GN,pct_intergenic,meta/TRNSCRPT,qc,vial,numeric,10,10,0.0,0.0,False,20,auroc,0.9,0.0028272720911168077,0.1
SKM-GN,pct_mrna,meta/TRNSCRPT,qc,vial,numeric,10,10,0.0,0.0,False,20,auroc,0.9,0.0028272720911168077,0.9
SKM-GN,median_5_3_bias,meta/TRNSCRPT,qc,vial,numeric,10,10,0.0,0.0,False,19,auroc,0.82,0.017215537462615803,0.82
SKM-GN,Lib_barcode_well_row,meta/TRNSCRPT,library,vial,numeric,10,10,0.0,0.0,False,8,auroc,0.615,0.4021175978364985,0.615
SKM-GN,Lib_barcode_well_col,meta/TRNSCRPT,library,vial,numeric,10,10,0.0,0.0,False,3,auroc,0.5800000000000001,0.5424086835165952,0.42
SKM-GN,tmt_plex,meta/PROT,processing,vial,categorical,10,10,0.0,0.0,False,6,cramers_v,0.3651483716701107,0.7512117103661213,
SKM-GN,tmt11_channel,meta/PROT,processing,vial,categorical,10,10,0.0,0.0,False,9,cramers_v,0.6454972243679028,0.4016048373243377,
WAT-SC,key.protocol,PHENO,design,animal,categorical,10,10,0.0,0.0,False,1,,,,
WAT-SC,key.agegroup,PHENO,design,animal,categorical,10,10,0.0,0.0,False,1,,,,
WAT-SC,key.d_arrive,PHENO,collection,animal,datetime,10,10,0.0,0.0,False,2,auroc,0.5,1.0,0.5
WAT-SC,key.d_sacrifice,PHENO,collection,animal,datetime,10,10,0.0,0.0,False,10,auroc,0.595,0.49368120763238343,0.405
WAT-SC,key.intervention,PHENO,design,animal,categorical,10,10,0.0,0.0,False,2,cramers_v,1.0,1.082508822446903e-05,
WAT-SC,key.sacrificetime,PHENO,design,animal,categorical,10,10,0.0,0.0,False,1,,,,
WAT-SC,key.anirandgroup,PHENO,design,animal,categorical,10,10,0.0,0.0,False,2,cramers_v,1.0,1.082508822446903e-05,
WAT-SC,key.siteid,PHENO,collection,animal,categorical,10,10,0.0,0.0,False,1,,,,
WAT-SC,familiarization.d_visit,PHENO,baseline,animal,datetime,10,10,0.0,0.0,False,2,auroc,0.5,1.0,0.5
WAT-SC,familiarization.days_visit,PHENO,baseline,animal,numeric,10,10,0.0,0.0,False,1,,,,
WAT-SC,familiarization.staffid,PHENO,baseline,animal,numeric,10,10,0.0,0.0,False,1,,,,
WAT-SC,familiarization.siteid,PHENO,baseline,animal,categorical,10,10,0.0,0.0,False,1,,,,
WAT-SC,familiarization.d_treadmillbegin,PHENO,baseline,animal,datetime,10,10,0.0,0.0,False,2,auroc,0.5,1.0,0.5
WAT-SC,familiarization.days_treadmillbegin,PHENO,baseline,animal,numeric,10,10,0.0,0.0,False,1,,,,
WAT-SC,familiarization.d_treadmillcomplete,PHENO,baseline,animal,datetime,10,10,0.0,0.0,False,2,auroc,0.5,1.0,0.5
WAT-SC,familiarization.days_treadmillcomplete,PHENO,baseline,animal,numeric,10,10,0.0,0.0,False,1,,,,
WAT-SC,familiarization.activity_score,PHENO,baseline,animal,numeric,10,10,0.0,0.0,False,2,auroc,0.65,0.18513247335593686,0.35
WAT-SC,familiarization.compliant,PHENO,baseline,animal,categorical,10,10,0.0,0.0,False,1,,,,
WAT-SC,familiarization.weight,PHENO,baseline,animal,numeric,10,10,0.0,0.0,False,20,auroc,0.6,0.47267559351158717,0.4
WAT-SC,nmr.testing.d_visit_1,PHENO,baseline,animal,datetime,10,10,0.0,0.0,False,2,auroc,0.5,1.0,0.5
WAT-SC,nmr.testing.days_visit_1,PHENO,baseline,animal,numeric,10,10,0.0,0.0,False,1,,,,
WAT-SC,nmr.testing.staffid_1,PHENO,baseline,animal,numeric,10,10,0.0,0.0,False,1,,,,
WAT-SC,nmr.testing.siteid_1,PHENO,baseline,animal,categorical,10,10,0.0,0.0,False,1,,,,
WAT-SC,nmr.testing.d_nmr_1,PHENO,baseline,animal,datetime,10,10,0.0,0.0,False,2,auroc,0.5,1.0,0.5
WAT-SC,nmr.testing.days_nmr_1,PHENO,baseline,animal,numeric,10,10,0.0,0.0,False,1,,,,
WAT-SC,nmr.testing.nmr_weight_1,PHENO,baseline,animal,numeric,10,10,0.0,0.0,False,20,auroc,0.6,0.47267559351158717,0.4
WAT-SC,nmr.testing.nmr_fat_1,PHENO,baseline,animal,numeric,10,10,0.0,0.0,False,19,auroc,0.6,0.472509068324386,0.4
WAT-SC,nmr.testing.nmr_lean_1,PHENO,baseline,animal,numeric,10,10,0.0,0.0,False,15,auroc,0.585,0.5439838315636973,0.415
WAT-SC,nmr.testing.nmr_fluid_1,PHENO,baseline,animal,numeric,10,10,0.0,0.0,False,11,auroc,0.56,0.6755061335233105,0.44
WAT-SC,nmr.testing.d_visit_2,PHENO,outcome,animal,datetime,10,10,0.0,0.0,False,10,auroc,0.595,0.49368120763238343,0.405
WAT-SC,nmr.testing.days_visit_2,PHENO,outcome,animal,numeric,10,10,0.0,0.0,False,6,auroc,0.6699999999999999,0.20269853574703167,0.33
WAT-SC,nmr.testing.staffid_2,PHENO,outcome,animal,numeric,10,10,0.0,0.0,False,1,,,,
WAT-SC,nmr.testing.siteid_2,PHENO,outcome,animal,categorical,10,10,0.0,0.0,False,1,,,,
WAT-SC,nmr.testing.d_nmr_2,PHENO,outcome,animal,datetime,10,10,0.0,0.0,False,10,auroc,0.595,0.49368120763238343,0.405
WAT-SC,nmr.testing.days_nmr_2,PHENO,outcome,animal,numeric,10,10,0.0,0.0,False,6,auroc,0.6699999999999999,0.20269853574703167,0.33
WAT-SC,nmr.testing.nmr_weight_2,PHENO,outcome,animal,numeric,10,10,0.0,0.0,False,20,auroc,0.73,0.08897301170181328,0.27
WAT-SC,nmr.testing.nmr_fat_2,PHENO,outcome,animal,numeric,10,10,0.0,0.0,False,19,auroc,1.0,0.0001816511460914649,0.0
WAT-SC,nmr.testing.nmr_lean_2,PHENO,outcome,animal,numeric,10,10,0.0,0.0,False,19,auroc,0.77,0.04507378631623228,0.77
WAT-SC,nmr.testing.nmr_fluid_2,PHENO,outcome,animal,numeric,10,10,0.0,0.0,False,12,auroc,0.735,0.08014319384487509,0.265
WAT-SC,nmr.testing.nmr_comments_2,PHENO,outcome,animal,empty,10,10,1.0,1.0,False,0,,,,
WAT-SC,registration.d_visit,PHENO,collection,animal,datetime,10,10,0.0,0.0,False,4,auroc,0.525,0.8716699402398118,0.525
WAT-SC,registration.days_visit,PHENO,collection,animal,numeric,10,10,0.0,0.0,False,4,auroc,0.575,0.5718140573849769,0.575
WAT-SC,registration.staffid,PHENO,collection,animal,numeric,10,10,0.0,0.0,False,1,,,,
WAT-SC,registration.siteid,PHENO,collection,animal,categorical,10,10,0.0,0.0,False,1,,,,
WAT-SC,registration.d_arrive,PHENO,collection,animal,datetime,10,10,0.0,0.0,False,2,auroc,0.5,1.0,0.5
WAT-SC,registration.days_arrive,PHENO,collection,animal,numeric,10,10,0.0,0.0,False,1,,,,
WAT-SC,registration.batchnumber,PHENO,collection,animal,numeric,10,10,0.0,0.0,False,1,,,,
WAT-SC,registration.d_reverselight,PHENO,collection,animal,datetime,10,10,0.0,0.0,False,2,auroc,0.5,1.0,0.5
WAT-SC,registration.days_reverselight,PHENO,collection,animal,numeric,10,10,0.0,0.0,False,2,auroc,0.5,1.0,0.5
WAT-SC,registration.d_birth,PHENO,baseline,animal,datetime,10,10,0.0,0.0,False,2,auroc,0.5,1.0,0.5
WAT-SC,registration.days_birth,PHENO,baseline,animal,numeric,10,10,0.0,0.0,False,2,auroc,0.5,1.0,0.5
WAT-SC,registration.sex,PHENO,collection,animal,categorical,10,10,0.0,0.0,False,2,cramers_v,0.0,1.0,
WAT-SC,registration.weight,PHENO,baseline,animal,numeric,10,10,0.0,0.0,False,20,auroc,0.5900000000000001,0.5205228832757727,0.41
WAT-SC,registration.cagenumber,PHENO,collection,animal,numeric,10,10,0.0,0.0,False,17,auroc,0.54,0.7911065051576629,0.46
WAT-SC,specimen.collection.d_visit,PHENO,collection,animal,datetime,10,10,0.0,0.0,False,10,auroc,0.595,0.49368120763238343,0.405
WAT-SC,specimen.collection.days_visit,PHENO,collection,animal,numeric,10,10,0.0,0.0,False,6,auroc,0.6699999999999999,0.20269853574703167,0.33
WAT-SC,specimen.collection.staffid,PHENO,collection,animal,numeric,10,10,0.0,0.0,False,2,auroc,0.5,1.0,0.5
WAT-SC,specimen.collection.siteid,PHENO,collection,animal,categorical,10,10,0.0,0.0,False,1,,,,
WAT-SC,specimen.collection.anesthesiaid,PHENO,collection,animal,numeric,10,10,0.0,0.0,False,2,auroc,0.6,0.300557543399555,0.6
WAT-SC,specimen.collection.t_anesthesia,PHENO,collection,animal,time,10,10,0.0,0.0,False,19,auroc,0.565,0.6500246299061012,0.565
WAT-SC,specimen.collection.bloodtype,PHENO,collection,animal,categorical,10,10,0.0,0.0,False,1,,,,
WAT-SC,specimen.collection.bloodtube,PHENO,collection,animal,categorical,10,10,0.0,0.0,False,1,,,,
WAT-SC,specimen.collection.bloodcomplete,PHENO,collection,animal,categorical,10,10,0.0,0.0,False,2,cramers_v,0.14002800840280097,1.0,
WAT-SC,specimen.collection.bloodtechid,PHENO,collection,animal,categorical,10,10,0.0,0.0,False,1,,,,
WAT-SC,specimen.collection.t_bloodstart,PHENO,collection,animal,time,10,10,0.0,0.0,False,20,auroc,0.57,0.6231762238821174,0.57
WAT-SC,specimen.collection.t_bloodstop,PHENO,collection,animal,time,10,10,0.0,0.0,False,20,auroc,0.57,0.6231762238821174,0.57
WAT-SC,specimen.collection.t_edtafill,PHENO,collection,animal,time,10,10,0.0,0.0,False,20,auroc,0.54,0.7913367801006604,0.54
WAT-SC,specimen.collection.uterustype,PHENO,collection,animal,empty,10,10,1.0,1.0,False,0,,,,
WAT-SC,specimen.collection.uteruscomplete,PHENO,collection,animal,empty,10,10,1.0,1.0,False,0,,,,
WAT-SC,specimen.collection.t_death,PHENO,collection,animal,time,10,10,0.0,0.0,False,20,auroc,0.57,0.6231762238821174,0.57
WAT-SC,specimen.collection.deathtype,PHENO,collection,animal,categorical,10,10,0.0,0.0,False,1,,,,
WAT-SC,terminal.weight.bw,PHENO,outcome,animal,numeric,10,10,0.0,0.0,False,20,auroc,0.71,0.12122450301291661,0.29
WAT-SC,terminal.weight.lg,PHENO,outcome,animal,numeric,10,10,0.0,0.0,False,20,auroc,0.5800000000000001,0.5707503880581739,0.42
WAT-SC,terminal.weight.mg,PHENO,outcome,animal,numeric,10,10,0.0,0.0,False,18,auroc,0.565,0.6499016865452631,0.435
WAT-SC,terminal.weight.pl,PHENO,outcome,animal,numeric,10,10,0.0,0.0,False,19,auroc,0.5549999999999999,0.7053513720635047,0.445
WAT-SC,terminal.weight.sol,PHENO,outcome,animal,numeric,10,10,0.0,0.0,False,20,auroc,0.58,0.5707503880581739,0.58
WAT-SC,training.d_visit,PHENO,outcome,animal,datetime,10,10,0.0,0.0,False,10,auroc,0.595,0.49368120763238343,0.405
WAT-SC,training.days_visit,PHENO,outcome,animal,numeric,10,10,0.0,0.0,False,6,auroc,0.6699999999999999,0.20269853574703167,0.33
WAT-SC,training.staffid,PHENO,outcome,animal,numeric,10,10,0.0,0.0,False,1,,,,
WAT-SC,training.siteid,PHENO,outcome,animal,categorical,10,10,0.0,0.0,False,1,,,,
WAT-SC,training.day1date,PHENO,outcome,animal,datetime,10,10,0.0,0.0,False,10,auroc,0.595,0.49368120763238343,0.405
WAT-SC,training.day1_days,PHENO,outcome,animal,numeric,10,10,0.0,0.0,False,6,auroc,0.6699999999999999,0.20269853574703167,0.33
WAT-SC,training.day1time,PHENO,outcome,animal,time,10,10,0.0,0.0,False,11,auroc,0.575,0.5948953826127479,0.425
WAT-SC,training.day1_treadmillspeed,PHENO,outcome,animal,numeric,10,10,0.0,0.0,False,3,auroc,1.0,4.73140726040938e-05,1.0
WAT-SC,training.day1_treadmillincline,PHENO,outcome,animal,numeric,10,10,0.0,0.0,False,1,,,,
WAT-SC,training.day1_timeontreadmill,PHENO,outcome,animal,numeric,10,10,0.0,0.0,False,2,auroc,0.8,0.005015918125903367,0.8
WAT-SC,training.day1_weight,PHENO,outcome,animal,numeric,10,10,0.0,0.0,False,19,auroc,0.6,0.472509068324386,0.4
WAT-SC,training.day1_posttrainlact,PHENO,outcome,animal,numeric,10,10,1.0,0.5,False,4,,,,
WAT-SC,training.day1_score,PHENO,outcome,animal,numeric,10,10,1.0,0.0,True,3,,,,
WAT-SC,training.day2date,PHENO,outcome,animal,datetime,10,10,0.0,0.0,False,10,auroc,0.595,0.49368120763238343,0.405
WAT-SC,training.day2_days,PHENO,outcome,animal,numeric,10,10,0.0,0.0,False,6,auroc,0.6699999999999999,0.20269853574703167,0.33
WAT-SC,training.day2time,PHENO,outcome,animal,time,10,10,0.0,0.0,False,13,auroc,0.525,0.879514088297801,0.475
WAT-SC,training.day2_treadmillspeed,PHENO,outcome,animal,numeric,10,10,0.0,0.0,False,3,auroc,1.0,4.73140726040938e-05,1.0
WAT-SC,training.day2_treadmillincline,PHENO,outcome,animal,numeric,10,10,0.0,0.0,False,1,,,,
WAT-SC,training.day2_timeontreadmill,PHENO,outcome,animal,numeric,10,10,0.0,0.0,False,2,auroc,0.8,0.005015918125903367,0.8
WAT-SC,training.day2_score,PHENO,outcome,animal,numeric,10,10,1.0,0.0,True,3,,,,
WAT-SC,training.day3date,PHENO,outcome,animal,datetime,10,10,0.0,0.0,False,10,auroc,0.595,0.49368120763238343,0.405
WAT-SC,training.day3_days,PHENO,outcome,animal,numeric,10,10,0.0,0.0,False,6,auroc,0.6699999999999999,0.20269853574703167,0.33
WAT-SC,training.day3time,PHENO,outcome,animal,time,10,10,0.0,0.0,False,12,auroc,0.685,0.171996585262853,0.315
WAT-SC,training.day3_treadmillspeed,PHENO,outcome,animal,numeric,10,10,0.0,0.0,False,3,auroc,1.0,4.73140726040938e-05,1.0
WAT-SC,training.day3_treadmillincline,PHENO,outcome,animal,numeric,10,10,0.0,0.0,False,1,,,,
WAT-SC,training.day3_timeontreadmill,PHENO,outcome,animal,numeric,10,10,0.0,0.0,False,2,auroc,0.8,0.005015918125903367,0.8
WAT-SC,training.day3_score,PHENO,outcome,animal,numeric,10,10,1.0,0.0,True,3,,,,
WAT-SC,training.day4date,PHENO,outcome,animal,datetime,10,10,0.0,0.0,False,10,auroc,0.595,0.49368120763238343,0.405
WAT-SC,training.day4_days,PHENO,outcome,animal,numeric,10,10,0.0,0.0,False,6,auroc,0.6699999999999999,0.20269853574703167,0.33
WAT-SC,training.day4time,PHENO,outcome,animal,time,10,10,0.0,0.0,False,14,auroc,0.7,0.13956906564539742,0.3
WAT-SC,training.day4_treadmillspeed,PHENO,outcome,animal,numeric,10,10,0.0,0.0,False,3,auroc,1.0,4.73140726040938e-05,1.0
WAT-SC,training.day4_treadmillincline,PHENO,outcome,animal,numeric,10,10,0.0,0.0,False,1,,,,
WAT-SC,training.day4_timeontreadmill,PHENO,outcome,animal,numeric,10,10,0.0,0.0,False,2,auroc,0.8,0.005015918125903367,0.8
WAT-SC,training.day4_score,PHENO,outcome,animal,numeric,10,10,1.0,0.0,True,3,,,,
WAT-SC,training.day5date,PHENO,outcome,animal,datetime,10,10,0.0,0.0,False,10,auroc,0.595,0.49368120763238343,0.405
WAT-SC,training.day5_days,PHENO,outcome,animal,numeric,10,10,0.0,0.0,False,6,auroc,0.6699999999999999,0.20269853574703167,0.33
WAT-SC,training.day5time,PHENO,outcome,animal,time,10,10,0.0,0.0,False,13,auroc,0.6,0.470329985735076,0.4
WAT-SC,training.day5_treadmillspeed,PHENO,outcome,animal,numeric,10,10,0.0,0.0,False,3,auroc,1.0,4.73140726040938e-05,1.0
WAT-SC,training.day5_treadmillincline,PHENO,outcome,animal,numeric,10,10,0.0,0.0,False,1,,,,
WAT-SC,training.day5_timeontreadmill,PHENO,outcome,animal,numeric,10,10,0.0,0.0,False,2,auroc,0.8,0.005015918125903367,0.8
WAT-SC,training.day5_posttrainlact,PHENO,outcome,animal,numeric,10,10,1.0,0.0,True,7,,,,
WAT-SC,training.day5_score,PHENO,outcome,animal,numeric,10,10,1.0,0.0,True,3,,,,
WAT-SC,training.day6date,PHENO,outcome,animal,datetime,10,10,0.0,0.0,False,10,auroc,0.595,0.49368120763238343,0.405
WAT-SC,training.day6_days,PHENO,outcome,animal,numeric,10,10,0.0,0.0,False,6,auroc,0.6699999999999999,0.20269853574703167,0.33
WAT-SC,training.day6time,PHENO,outcome,animal,time,10,10,0.0,0.0,False,14,auroc,0.665,0.22542674492729098,0.335
WAT-SC,training.day6_treadmillspeed,PHENO,outcome,animal,numeric,10,10,0.0,0.0,False,3,auroc,1.0,4.73140726040938e-05,1.0
WAT-SC,training.day6_treadmillincline,PHENO,outcome,animal,numeric,10,10,0.0,0.0,False,1,,,,
WAT-SC,training.day6_timeontreadmill,PHENO,outcome,animal,numeric,10,10,0.0,0.0,False,2,auroc,0.95,9.66051900821123e-05,0.95
WAT-SC,training.day6_weight,PHENO,outcome,animal,numeric,10,10,0.0,0.0,False,20,auroc,0.63,0.3447042220069576,0.37
WAT-SC,training.day6_posttrainlact,PHENO,outcome,animal,numeric,10,10,1.0,0.0,True,10,,,,
WAT-SC,training.day6_score,PHENO,outcome,animal,numeric,10,10,1.0,0.0,True,3,,,,
WAT-SC,training.day7date,PHENO,outcome,animal,datetime,10,10,0.0,0.0,False,10,auroc,0.595,0.49368120763238343,0.405
WAT-SC,training.day7_days,PHENO,outcome,animal,numeric,10,10,0.0,0.0,False,6,auroc,0.6699999999999999,0.20269853574703167,0.33
WAT-SC,training.day7time,PHENO,outcome,animal,time,10,10,0.0,0.0,False,13,auroc,0.5449999999999999,0.7615851509629026,0.455
WAT-SC,training.day7_treadmillspeed,PHENO,outcome,animal,numeric,10,10,0.0,0.0,False,3,auroc,1.0,4.73140726040938e-05,1.0
WAT-SC,training.day7_treadmillincline,PHENO,outcome,animal,numeric,10,10,0.0,0.0,False,1,,,,
WAT-SC,training.day7_timeontreadmill,PHENO,outcome,animal,numeric,10,10,0.0,0.0,False,2,auroc,0.95,9.66051900821123e-05,0.95
WAT-SC,training.day7_posttrainlact,PHENO,outcome,animal,numeric,10,10,1.0,0.9,False,1,,,,
WAT-SC,training.day7_score,PHENO,outcome,animal,numeric,10,10,1.0,0.0,True,3,,,,
WAT-SC,training.day8date,PHENO,outcome,animal,datetime,10,10,0.0,0.0,False,10,auroc,0.595,0.49368120763238343,0.405
WAT-SC,training.day8_days,PHENO,outcome,animal,numeric,10,10,0.0,0.0,False,6,auroc,0.6699999999999999,0.20269853574703167,0.33
WAT-SC,training.day8time,PHENO,outcome,animal,time,10,10,0.0,0.0,False,17,auroc,0.595,0.49580527609991076,0.405
WAT-SC,training.day8_treadmillspeed,PHENO,outcome,animal,numeric,10,10,0.0,0.0,False,3,auroc,1.0,4.73140726040938e-05,1.0
WAT-SC,training.day8_treadmillincline,PHENO,outcome,animal,numeric,10,10,0.0,0.0,False,1,,,,
WAT-SC,training.day8_timeontreadmill,PHENO,outcome,animal,numeric,10,10,0.0,0.0,False,2,auroc,1.0,1.593791168806624e-05,1.0
WAT-SC,training.day8_posttrainlact,PHENO,outcome,animal,numeric,10,10,1.0,0.9,False,1,,,,
WAT-SC,training.day8_score,PHENO,outcome,animal,numeric,10,10,1.0,0.0,True,3,,,,
WAT-SC,training.day9date,PHENO,outcome,animal,datetime,10,10,0.0,0.0,False,10,auroc,0.595,0.49368120763238343,0.405
WAT-SC,training.day9_days,PHENO,outcome,animal,numeric,10,10,0.0,0.0,False,6,auroc,0.6699999999999999,0.20269853574703167,0.33
WAT-SC,training.day9time,PHENO,outcome,animal,time,10,10,0.0,0.0,False,15,auroc,0.64,0.3065784952080737,0.36
WAT-SC,training.day9_treadmillspeed,PHENO,outcome,animal,numeric,10,10,0.0,0.0,False,3,auroc,1.0,4.73140726040938e-05,1.0
WAT-SC,training.day9_treadmillincline,PHENO,outcome,animal,numeric,10,10,0.0,0.0,False,1,,,,
WAT-SC,training.day9_timeontreadmill,PHENO,outcome,animal,numeric,10,10,0.0,0.0,False,2,auroc,1.0,1.593791168806624e-05,1.0
WAT-SC,training.day9_posttrainlact,PHENO,outcome,animal,numeric,10,10,1.0,0.9,False,1,,,,
WAT-SC,training.day9_score,PHENO,outcome,animal,numeric,10,10,1.0,0.0,True,3,,,,
WAT-SC,training.day10date,PHENO,outcome,animal,datetime,10,10,0.0,0.0,False,10,auroc,0.595,0.49368120763238343,0.405
WAT-SC,training.day10_days,PHENO,outcome,animal,numeric,10,10,0.0,0.0,False,6,auroc,0.6699999999999999,0.20269853574703167,0.33
WAT-SC,training.day10time,PHENO,outcome,animal,time,10,10,0.0,0.0,False,15,auroc,0.65,0.27213326199524046,0.35
WAT-SC,training.day10_treadmillspeed,PHENO,outcome,animal,numeric,10,10,0.0,0.0,False,3,auroc,1.0,4.73140726040938e-05,1.0
WAT-SC,training.day10_treadmillincline,PHENO,outcome,animal,numeric,10,10,0.0,0.0,False,1,,,,
WAT-SC,training.day10_timeontreadmill,PHENO,outcome,animal,numeric,10,10,0.0,0.0,False,2,auroc,1.0,1.593791168806624e-05,1.0
WAT-SC,training.day10_posttrainlact,PHENO,outcome,animal,numeric,10,10,1.0,0.0,True,10,,,,
WAT-SC,training.day10_score,PHENO,outcome,animal,numeric,10,10,1.0,0.0,True,3,,,,
WAT-SC,training.day11date,PHENO,outcome,animal,datetime,10,10,0.0,0.0,False,10,auroc,0.595,0.49368120763238343,0.405
WAT-SC,training.day11_days,PHENO,outcome,animal,numeric,10,10,0.0,0.0,False,6,auroc,0.6699999999999999,0.20269853574703167,0.33
WAT-SC,training.day11time,PHENO,outcome,animal,time,10,10,0.0,0.0,False,13,auroc,0.625,0.3630802727156903,0.375
WAT-SC,training.day11_treadmillspeed,PHENO,outcome,animal,numeric,10,10,0.0,0.0,False,3,auroc,1.0,4.73140726040938e-05,1.0
WAT-SC,training.day11_treadmillincline,PHENO,outcome,animal,numeric,10,10,0.0,0.0,False,1,,,,
WAT-SC,training.day11_timeontreadmill,PHENO,outcome,animal,numeric,10,10,0.0,0.0,False,2,auroc,1.0,1.593791168806624e-05,1.0
WAT-SC,training.day11_weight,PHENO,outcome,animal,numeric,10,10,0.0,0.0,False,17,auroc,0.63,0.3441594615512613,0.37
WAT-SC,training.day11_posttrainlact,PHENO,outcome,animal,numeric,10,10,1.0,0.0,True,7,,,,
WAT-SC,training.day11_score,PHENO,outcome,animal,numeric,10,10,1.0,0.0,True,2,,,,
WAT-SC,training.day12date,PHENO,outcome,animal,datetime,10,10,0.0,0.0,False,10,auroc,0.595,0.49368120763238343,0.405
WAT-SC,training.day12_days,PHENO,outcome,animal,numeric,10,10,0.0,0.0,False,6,auroc,0.6699999999999999,0.20269853574703167,0.33
WAT-SC,training.day12time,PHENO,outcome,animal,time,10,10,0.0,0.0,False,14,auroc,0.595,0.49531745351651635,0.405
WAT-SC,training.day12_treadmillspeed,PHENO,outcome,animal,numeric,10,10,0.0,0.0,False,3,auroc,1.0,4.73140726040938e-05,1.0
WAT-SC,training.day12_treadmillincline,PHENO,outcome,animal,numeric,10,10,0.0,0.0,False,1,,,,
WAT-SC,training.day12_timeontreadmill,PHENO,outcome,animal,numeric,10,10,0.0,0.0,False,2,auroc,1.0,1.593791168806624e-05,1.0
WAT-SC,training.day12_score,PHENO,outcome,animal,numeric,10,10,1.0,0.0,True,3,,,,
WAT-SC,training.day13date,PHENO,outcome,animal,datetime,10,10,0.0,0.0,False,10,auroc,0.595,0.49368120763238343,0.405
WAT-SC,training.day13_days,PHENO,outcome,animal,numeric,10,10,0.0,0.0,False,6,auroc,0.6699999999999999,0.20269853574703167,0.33
WAT-SC,training.day13time,PHENO,outcome,animal,time,10,10,0.0,0.0,False,13,auroc,0.565,0.6492850242269921,0.435
WAT-SC,training.day13_treadmillspeed,PHENO,outcome,animal,numeric,10,10,0.0,0.0,False,3,auroc,1.0,4.73140726040938e-05,1.0
WAT-SC,training.day13_treadmillincline,PHENO,outcome,animal,numeric,10,10,0.0,0.0,False,1,,,,
WAT-SC,training.day13_timeontreadmill,PHENO,outcome,animal,numeric,10,10,0.0,0.0,False,2,auroc,1.0,1.593791168806624e-05,1.0
WAT-SC,training.day13_score,PHENO,outcome,animal,numeric,10,10,1.0,0.0,True,3,,,,
WAT-SC,training.day14date,PHENO,outcome,animal,datetime,10,10,0.0,0.0,False,10,auroc,0.595,0.49368120763238343,0.405
WAT-SC,training.day14_days,PHENO,outcome,animal,numeric,10,10,0.0,0.0,False,6,auroc,0.6699999999999999,0.20269853574703167,0.33
WAT-SC,training.day14time,PHENO,outcome,animal,time,10,10,0.0,0.0,False,14,auroc,0.645,0.28882818034097146,0.355
WAT-SC,training.day14_treadmillspeed,PHENO,outcome,animal,numeric,10,10,0.0,0.0,False,3,auroc,1.0,4.73140726040938e-05,1.0
WAT-SC,training.day14_treadmillincline,PHENO,outcome,animal,numeric,10,10,0.0,0.0,False,1,,,,
WAT-SC,training.day14_timeontreadmill,PHENO,outcome,animal,numeric,10,10,0.0,0.0,False,2,auroc,1.0,1.593791168806624e-05,1.0
WAT-SC,training.day14_score,PHENO,outcome,animal,numeric,10,10,1.0,0.0,True,3,,,,
WAT-SC,training.day15date,PHENO,outcome,animal,datetime,10,10,0.0,0.0,False,10,auroc,0.595,0.49368120763238343,0.405
WAT-SC,training.day15_days,PHENO,outcome,animal,numeric,10,10,0.0,0.0,False,6,auroc,0.6699999999999999,0.20269853574703167,0.33
WAT-SC,training.day15time,PHENO,outcome,animal,time,10,10,0.0,0.0,False,12,auroc,0.615,0.4030137617317201,0.385
WAT-SC,training.day15_treadmillspeed,PHENO,outcome,animal,numeric,10,10,0.0,0.0,False,3,auroc,1.0,4.73140726040938e-05,1.0
WAT-SC,training.day15_treadmillincline,PHENO,outcome,animal,numeric,10,10,0.0,0.0,False,1,,,,
WAT-SC,training.day15_timeontreadmill,PHENO,outcome,animal,numeric,10,10,0.0,0.0,False,2,auroc,1.0,1.593791168806624e-05,1.0
WAT-SC,training.day15_posttrainlact,PHENO,outcome,animal,numeric,10,10,1.0,0.0,True,7,,,,
WAT-SC,training.day15_score,PHENO,outcome,animal,numeric,10,10,1.0,0.0,True,3,,,,
WAT-SC,training.day16date,PHENO,outcome,animal,datetime,10,10,0.0,0.0,False,10,auroc,0.595,0.49368120763238343,0.405
WAT-SC,training.day16_days,PHENO,outcome,animal,numeric,10,10,0.0,0.0,False,6,auroc,0.6699999999999999,0.20269853574703167,0.33
WAT-SC,training.day16time,PHENO,outcome,animal,time,10,10,0.0,0.0,False,14,auroc,0.6599999999999999,0.24025816616664397,0.34
WAT-SC,training.day16_treadmillspeed,PHENO,outcome,animal,numeric,10,10,0.0,0.0,False,3,auroc,1.0,4.73140726040938e-05,1.0
WAT-SC,training.day16_treadmillincline,PHENO,outcome,animal,numeric,10,10,0.0,0.0,False,1,,,,
WAT-SC,training.day16_timeontreadmill,PHENO,outcome,animal,numeric,10,10,0.0,0.0,False,2,auroc,1.0,1.593791168806624e-05,1.0
WAT-SC,training.day16_weight,PHENO,outcome,animal,numeric,10,10,0.0,0.0,False,19,auroc,0.64,0.30730753272470845,0.36
WAT-SC,training.day16_posttrainlact,PHENO,outcome,animal,numeric,10,10,1.0,0.0,True,7,,,,
WAT-SC,training.day16_score,PHENO,outcome,animal,numeric,10,10,1.0,0.0,True,3,,,,
WAT-SC,training.day17date,PHENO,outcome,animal,datetime,10,10,0.0,0.0,False,10,auroc,0.595,0.49368120763238343,0.405
WAT-SC,training.day17_days,PHENO,outcome,animal,numeric,10,10,0.0,0.0,False,6,auroc,0.6699999999999999,0.20269853574703167,0.33
WAT-SC,training.day17time,PHENO,outcome,animal,time,10,10,0.0,0.0,False,16,auroc,0.65,0.2723141220596529,0.35
WAT-SC,training.day17_treadmillspeed,PHENO,outcome,animal,numeric,10,10,0.0,0.0,False,3,auroc,1.0,4.73140726040938e-05,1.0
WAT-SC,training.day17_treadmillincline,PHENO,outcome,animal,numeric,10,10,0.0,0.0,False,1,,,,
WAT-SC,training.day17_timeontreadmill,PHENO,outcome,animal,numeric,10,10,0.0,0.0,False,2,auroc,1.0,1.593791168806624e-05,1.0
WAT-SC,training.day17_score,PHENO,outcome,animal,numeric,10,10,1.0,0.0,True,2,,,,
WAT-SC,training.day18date,PHENO,outcome,animal,datetime,10,10,0.0,0.0,False,10,auroc,0.595,0.49368120763238343,0.405
WAT-SC,training.day18_days,PHENO,outcome,animal,numeric,10,10,0.0,0.0,False,6,auroc,0.6699999999999999,0.20269853574703167,0.33
WAT-SC,training.day18time,PHENO,outcome,animal,time,10,10,0.0,0.0,False,14,auroc,0.6599999999999999,0.24025816616664397,0.34
WAT-SC,training.day18_treadmillspeed,PHENO,outcome,animal,numeric,10,10,0.0,0.0,False,3,auroc,1.0,4.73140726040938e-05,1.0
WAT-SC,training.day18_treadmillincline,PHENO,outcome,animal,numeric,10,10,0.0,0.0,False,1,,,,
WAT-SC,training.day18_timeontreadmill,PHENO,outcome,animal,numeric,10,10,0.0,0.0,False,2,auroc,1.0,1.593791168806624e-05,1.0
WAT-SC,training.day18_score,PHENO,outcome,animal,numeric,10,10,1.0,0.0,True,3,,,,
WAT-SC,training.day19date,PHENO,outcome,animal,datetime,10,10,0.0,0.0,False,10,auroc,0.595,0.49368120763238343,0.405
WAT-SC,training.day19_days,PHENO,outcome,animal,numeric,10,10,0.0,0.0,False,6,auroc,0.6699999999999999,0.20269853574703167,0.33
WAT-SC,training.day19time,PHENO,outcome,animal,time,10,10,0.0,0.0,False,13,auroc,0.675,0.19724189236240486,0.325
WAT-SC,training.day19_treadmillspeed,PHENO,outcome,animal,numeric,10,10,0.0,0.0,False,3,auroc,1.0,4.73140726040938e-05,1.0
WAT-SC,training.day19_treadmillincline,PHENO,outcome,animal,numeric,10,10,0.0,0.0,False,1,,,,
WAT-SC,training.day19_timeontreadmill,PHENO,outcome,animal,numeric,10,10,0.0,0.0,False,2,auroc,1.0,1.593791168806624e-05,1.0
WAT-SC,training.day19_score,PHENO,outcome,animal,numeric,10,10,1.0,0.0,True,3,,,,
WAT-SC,training.day20date,PHENO,outcome,animal,datetime,10,10,0.0,0.0,False,10,auroc,0.595,0.49368120763238343,0.405
WAT-SC,training.day20_days,PHENO,outcome,animal,numeric,10,10,0.0,0.0,False,6,auroc,0.6699999999999999,0.20269853574703167,0.33
WAT-SC,training.day20time,PHENO,outcome,animal,time,10,10,0.0,0.0,False,15,auroc,0.73,0.08837244910755158,0.27
WAT-SC,training.day20_treadmillspeed,PHENO,outcome,animal,numeric,10,10,0.0,0.0,False,3,auroc,1.0,4.73140726040938e-05,1.0
WAT-SC,training.day20_treadmillincline,PHENO,outcome,animal,numeric,10,10,0.0,0.0,False,1,,,,
WAT-SC,training.day20_timeontreadmill,PHENO,outcome,animal,numeric,10,10,0.0,0.0,False,2,auroc,1.0,1.593791168806624e-05,1.0
WAT-SC,training.day20_posttrainlact,PHENO,outcome,animal,numeric,10,10,1.0,0.0,True,10,,,,
WAT-SC,training.day20_score,PHENO,outcome,animal,numeric,10,10,1.0,0.0,True,3,,,,
WAT-SC,training.day21date,PHENO,outcome,animal,datetime,10,10,0.0,0.0,False,10,auroc,0.595,0.49368120763238343,0.405
WAT-SC,training.day21_days,PHENO,outcome,animal,numeric,10,10,0.0,0.0,False,6,auroc,0.6699999999999999,0.20269853574703167,0.33
WAT-SC,training.day21time,PHENO,outcome,animal,time,10,10,0.0,0.0,False,14,auroc,0.6,0.47167410225493,0.4
WAT-SC,training.day21_treadmillspeed,PHENO,outcome,animal,numeric,10,10,0.0,0.0,False,3,auroc,1.0,4.73140726040938e-05,1.0
WAT-SC,training.day21_treadmillincline,PHENO,outcome,animal,numeric,10,10,0.0,0.0,False,1,,,,
WAT-SC,training.day21_timeontreadmill,PHENO,outcome,animal,numeric,10,10,0.0,0.0,False,2,auroc,1.0,1.593791168806624e-05,1.0
WAT-SC,training.day21_weight,PHENO,outcome,animal,numeric,10,10,0.0,0.0,False,18,auroc,0.6799999999999999,0.18554575077897684,0.32
WAT-SC,training.day21_posttrainlact,PHENO,outcome,animal,numeric,10,10,1.0,0.0,True,9,,,,
WAT-SC,training.day21_score,PHENO,outcome,animal,numeric,10,10,1.0,0.0,True,2,,,,
WAT-SC,training.day22date,PHENO,outcome,animal,datetime,10,10,0.0,0.0,False,10,auroc,0.595,0.49368120763238343,0.405
WAT-SC,training.day22_days,PHENO,outcome,animal,numeric,10,10,0.0,0.0,False,6,auroc,0.6699999999999999,0.20269853574703167,0.33
WAT-SC,training.day22time,PHENO,outcome,animal,time,10,10,0.0,0.0,False,13,auroc,0.6699999999999999,0.210743206283741,0.33
WAT-SC,training.day22_treadmillspeed,PHENO,outcome,animal,numeric,10,10,0.0,0.0,False,3,auroc,1.0,4.73140726040938e-05,1.0
WAT-SC,training.day22_treadmillincline,PHENO,outcome,animal,numeric,10,10,0.0,0.0,False,1,,,,
WAT-SC,training.day22_timeontreadmill,PHENO,outcome,animal,numeric,10,10,0.0,0.0,False,2,auroc,1.0,1.593791168806624e-05,1.0
WAT-SC,training.day22_score,PHENO,outcome,animal,numeric,10,10,1.0,0.0,True,2,,,,
WAT-SC,training.day23date,PHENO,outcome,animal,datetime,10,10,0.0,0.0,False,10,auroc,0.595,0.49368120763238343,0.405
WAT-SC,training.day23_days,PHENO,outcome,animal,numeric,10,10,0.0,0.0,False,6,auroc,0.6699999999999999,0.20269853574703167,0.33
WAT-SC,training.day23time,PHENO,outcome,animal,time,10,10,0.0,0.0,False,14,auroc,0.76,0.0533617780229716,0.24
WAT-SC,training.day23_treadmillspeed,PHENO,outcome,animal,numeric,10,10,0.0,0.0,False,3,auroc,1.0,4.73140726040938e-05,1.0
WAT-SC,training.day23_treadmillincline,PHENO,outcome,animal,numeric,10,10,0.0,0.0,False,1,,,,
WAT-SC,training.day23_timeontreadmill,PHENO,outcome,animal,numeric,10,10,0.0,0.0,False,2,auroc,1.0,1.593791168806624e-05,1.0
WAT-SC,training.day23_score,PHENO,outcome,animal,numeric,10,10,1.0,0.0,True,2,,,,
WAT-SC,training.day24date,PHENO,outcome,animal,datetime,10,10,0.0,0.0,False,10,auroc,0.595,0.49368120763238343,0.405
WAT-SC,training.day24_days,PHENO,outcome,animal,numeric,10,10,0.0,0.0,False,6,auroc,0.6699999999999999,0.20269853574703167,0.33
WAT-SC,training.day24time,PHENO,outcome,animal,time,10,10,0.0,0.0,False,13,auroc,0.635,0.3228233890194294,0.365
WAT-SC,training.day24_treadmillspeed,PHENO,outcome,animal,numeric,10,10,0.0,0.0,False,3,auroc,1.0,4.73140726040938e-05,1.0
WAT-SC,training.day24_treadmillincline,PHENO,outcome,animal,numeric,10,10,0.0,0.0,False,1,,,,
WAT-SC,training.day24_timeontreadmill,PHENO,outcome,animal,numeric,10,10,0.0,0.0,False,2,auroc,1.0,1.593791168806624e-05,1.0
WAT-SC,training.day24_score,PHENO,outcome,animal,numeric,10,10,1.0,0.0,True,3,,,,
WAT-SC,training.day25date,PHENO,outcome,animal,datetime,10,10,0.0,0.0,False,10,auroc,0.595,0.49368120763238343,0.405
WAT-SC,training.day25_days,PHENO,outcome,animal,numeric,10,10,0.0,0.0,False,6,auroc,0.6699999999999999,0.20269853574703167,0.33
WAT-SC,training.day25time,PHENO,outcome,animal,time,10,10,0.0,0.0,False,13,auroc,0.6799999999999999,0.18471693583376836,0.32
WAT-SC,training.day25_treadmillspeed,PHENO,outcome,animal,numeric,10,10,0.0,0.0,False,3,auroc,1.0,4.73140726040938e-05,1.0
WAT-SC,training.day25_treadmillincline,PHENO,outcome,animal,numeric,10,10,0.0,0.0,False,1,,,,
WAT-SC,training.day25_timeontreadmill,PHENO,outcome,animal,numeric,10,10,0.0,0.0,False,2,auroc,1.0,1.593791168806624e-05,1.0
WAT-SC,training.day25_posttrainlact,PHENO,outcome,animal,numeric,10,10,1.0,0.0,True,10,,,,
WAT-SC,training.day25_score,PHENO,outcome,animal,numeric,10,10,1.0,0.0,True,3,,,,
WAT-SC,training.day26date,PHENO,outcome,animal,datetime,10,10,0.0,0.0,False,10,auroc,0.595,0.49368120763238343,0.405
WAT-SC,training.day26_days,PHENO,outcome,animal,numeric,10,10,0.0,0.0,False,6,auroc,0.6699999999999999,0.20269853574703167,0.33
WAT-SC,training.day26time,PHENO,outcome,animal,time,10,10,0.0,0.0,False,13,auroc,0.65,0.2714085957758833,0.35
WAT-SC,training.day26_treadmillspeed,PHENO,outcome,animal,numeric,10,10,0.0,0.0,False,3,auroc,1.0,4.73140726040938e-05,1.0
WAT-SC,training.day26_treadmillincline,PHENO,outcome,animal,numeric,10,10,0.0,0.0,False,1,,,,
WAT-SC,training.day26_timeontreadmill,PHENO,outcome,animal,numeric,10,10,0.0,0.0,False,2,auroc,1.0,1.593791168806624e-05,1.0
WAT-SC,training.day26_weight,PHENO,outcome,animal,numeric,10,10,0.0,0.0,False,19,auroc,0.73,0.08885290847904961,0.27
WAT-SC,training.day26_posttrainlact,PHENO,outcome,animal,numeric,10,10,1.0,0.0,True,10,,,,
WAT-SC,training.day26_score,PHENO,outcome,animal,numeric,10,10,1.0,0.0,True,2,,,,
WAT-SC,training.day27date,PHENO,outcome,animal,datetime,10,10,0.0,0.0,False,10,auroc,0.595,0.49368120763238343,0.405
WAT-SC,training.day27_days,PHENO,outcome,animal,numeric,10,10,0.0,0.0,False,6,auroc,0.6699999999999999,0.20269853574703167,0.33
WAT-SC,training.day27time,PHENO,outcome,animal,time,10,10,0.0,0.0,False,13,auroc,0.78,0.03713317558193916,0.22
WAT-SC,training.day27_treadmillspeed,PHENO,outcome,animal,numeric,10,10,0.0,0.0,False,3,auroc,1.0,4.73140726040938e-05,1.0
WAT-SC,training.day27_treadmillincline,PHENO,outcome,animal,numeric,10,10,0.0,0.0,False,1,,,,
WAT-SC,training.day27_timeontreadmill,PHENO,outcome,animal,numeric,10,10,0.0,0.0,False,2,auroc,1.0,1.593791168806624e-05,1.0
WAT-SC,training.day27_score,PHENO,outcome,animal,numeric,10,10,1.0,0.0,True,2,,,,
WAT-SC,training.day28date,PHENO,outcome,animal,datetime,10,10,0.0,0.0,False,10,auroc,0.595,0.49368120763238343,0.405
WAT-SC,training.day28_days,PHENO,outcome,animal,numeric,10,10,0.0,0.0,False,6,auroc,0.6699999999999999,0.20269853574703167,0.33
WAT-SC,training.day28time,PHENO,outcome,animal,time,10,10,0.0,0.0,False,14,auroc,0.75,0.06322282935107827,0.25
WAT-SC,training.day28_treadmillspeed,PHENO,outcome,animal,numeric,10,10,0.0,0.0,False,3,auroc,1.0,4.73140726040938e-05,1.0
WAT-SC,training.day28_treadmillincline,PHENO,outcome,animal,numeric,10,10,0.0,0.0,False,1,,,,
WAT-SC,training.day28_timeontreadmill,PHENO,outcome,animal,numeric,10,10,0.0,0.0,False,2,auroc,1.0,1.593791168806624e-05,1.0
WAT-SC,training.day28_score,PHENO,outcome,animal,numeric,10,10,1.0,0.0,True,3,,,,
WAT-SC,training.day29date,PHENO,outcome,animal,datetime,10,10,0.0,0.0,False,10,auroc,0.595,0.49368120763238343,0.405
WAT-SC,training.day29_days,PHENO,outcome,animal,numeric,10,10,0.0,0.0,False,6,auroc,0.6699999999999999,0.20269853574703167,0.33
WAT-SC,training.day29time,PHENO,outcome,animal,time,10,10,0.0,0.0,False,14,auroc,0.75,0.06322282935107827,0.25
WAT-SC,training.day29_treadmillspeed,PHENO,outcome,animal,numeric,10,10,0.0,0.0,False,3,auroc,1.0,4.73140726040938e-05,1.0
WAT-SC,training.day29_treadmillincline,PHENO,outcome,animal,numeric,10,10,0.0,0.0,False,1,,,,
WAT-SC,training.day29_timeontreadmill,PHENO,outcome,animal,numeric,10,10,0.0,0.0,False,2,auroc,1.0,1.593791168806624e-05,1.0
WAT-SC,training.day29_score,PHENO,outcome,animal,numeric,10,10,1.0,0.0,True,3,,,,
WAT-SC,training.day30date,PHENO,outcome,animal,datetime,10,10,0.0,0.0,False,10,auroc,0.595,0.49368120763238343,0.405
WAT-SC,training.day30_days,PHENO,outcome,animal,numeric,10,10,0.0,0.0,False,6,auroc,0.6699999999999999,0.20269853574703167,0.33
WAT-SC,training.day30time,PHENO,outcome,animal,time,10,10,0.0,0.0,False,15,auroc,0.91,0.002160140722215307,0.09
WAT-SC,training.day30_treadmillspeed,PHENO,outcome,animal,numeric,10,10,0.0,0.0,False,3,auroc,1.0,4.73140726040938e-05,1.0
WAT-SC,training.day30_treadmillincline,PHENO,outcome,animal,numeric,10,10,0.0,0.0,False,1,,,,
WAT-SC,training.day30_timeontreadmill,PHENO,outcome,animal,numeric,10,10,0.0,0.0,False,2,auroc,1.0,1.593791168806624e-05,1.0
WAT-SC,training.day30_posttrainlact,PHENO,outcome,animal,numeric,10,10,1.0,0.0,True,7,,,,
WAT-SC,training.day30_score,PHENO,outcome,animal,numeric,10,10,1.0,0.0,True,3,,,,
WAT-SC,training.day31date,PHENO,outcome,animal,datetime,10,10,0.0,0.0,False,10,auroc,0.595,0.49368120763238343,0.405
WAT-SC,training.day31_days,PHENO,outcome,animal,numeric,10,10,0.0,0.0,False,6,auroc,0.6699999999999999,0.20269853574703167,0.33
WAT-SC,training.day31time,PHENO,outcome,animal,time,10,10,0.0,0.0,False,12,auroc,0.51,0.9697360424200406,0.49
WAT-SC,training.day31_treadmillspeed,PHENO,outcome,animal,numeric,10,10,0.0,0.0,False,3,auroc,1.0,4.73140726040938e-05,1.0
WAT-SC,training.day31_treadmillincline,PHENO,outcome,animal,numeric,10,10,0.0,0.0,False,1,,,,
WAT-SC,training.day31_timeontreadmill,PHENO,outcome,animal,numeric,10,10,0.0,0.0,False,2,auroc,1.0,1.593791168806624e-05,1.0
WAT-SC,training.day31_weight,PHENO,outcome,animal,numeric,10,10,0.0,0.0,False,19,auroc,0.745,0.06953745003698122,0.255
WAT-SC,training.day31_posttrainlact,PHENO,outcome,animal,numeric,10,10,1.0,0.0,True,9,,,,
WAT-SC,training.day31_score,PHENO,outcome,animal,numeric,10,10,1.0,0.0,True,2,,,,
WAT-SC,training.day32date,PHENO,outcome,animal,datetime,10,10,0.0,0.0,False,10,auroc,0.595,0.49368120763238343,0.405
WAT-SC,training.day32_days,PHENO,outcome,animal,numeric,10,10,0.0,0.0,False,6,auroc,0.6699999999999999,0.20269853574703167,0.33
WAT-SC,training.day32time,PHENO,outcome,animal,time,10,10,0.0,0.0,False,13,auroc,0.73,0.0878919199518684,0.27
WAT-SC,training.day32_treadmillspeed,PHENO,outcome,animal,numeric,10,10,0.0,0.0,False,3,auroc,1.0,4.73140726040938e-05,1.0
WAT-SC,training.day32_treadmillincline,PHENO,outcome,animal,numeric,10,10,0.0,0.0,False,1,,,,
WAT-SC,training.day32_timeontreadmill,PHENO,outcome,animal,numeric,10,10,0.0,0.0,False,2,auroc,1.0,1.593791168806624e-05,1.0
WAT-SC,training.day32_score,PHENO,outcome,animal,numeric,10,10,1.0,0.0,True,2,,,,
WAT-SC,training.day33date,PHENO,outcome,animal,datetime,10,10,0.0,0.0,False,10,auroc,0.595,0.49368120763238343,0.405
WAT-SC,training.day33_days,PHENO,outcome,animal,numeric,10,10,0.0,0.0,False,6,auroc,0.6699999999999999,0.20269853574703167,0.33
WAT-SC,training.day33time,PHENO,outcome,animal,time,10,10,0.0,0.0,False,11,auroc,0.69,0.15991613152481754,0.31
WAT-SC,training.day33_treadmillspeed,PHENO,outcome,animal,numeric,10,10,0.0,0.0,False,3,auroc,1.0,4.73140726040938e-05,1.0
WAT-SC,training.day33_treadmillincline,PHENO,outcome,animal,numeric,10,10,0.0,0.0,False,1,,,,
WAT-SC,training.day33_timeontreadmill,PHENO,outcome,animal,numeric,10,10,0.0,0.0,False,2,auroc,1.0,1.593791168806624e-05,1.0
WAT-SC,training.day33_score,PHENO,outcome,animal,numeric,10,10,1.0,0.0,True,3,,,,
WAT-SC,training.day34date,PHENO,outcome,animal,datetime,10,10,0.0,0.0,False,10,auroc,0.595,0.49368120763238343,0.405
WAT-SC,training.day34_days,PHENO,outcome,animal,numeric,10,10,0.0,0.0,False,6,auroc,0.6699999999999999,0.20269853574703167,0.33
WAT-SC,training.day34time,PHENO,outcome,animal,time,10,10,0.0,0.0,False,11,auroc,0.625,0.3601593837295177,0.375
WAT-SC,training.day34_treadmillspeed,PHENO,outcome,animal,numeric,10,10,0.0,0.0,False,3,auroc,1.0,4.73140726040938e-05,1.0
WAT-SC,training.day34_treadmillincline,PHENO,outcome,animal,numeric,10,10,0.0,0.0,False,1,,,,
WAT-SC,training.day34_timeontreadmill,PHENO,outcome,animal,numeric,10,10,0.0,0.0,False,2,auroc,1.0,1.593791168806624e-05,1.0
WAT-SC,training.day34_score,PHENO,outcome,animal,numeric,10,10,1.0,0.0,True,2,,,,
WAT-SC,training.day35date,PHENO,outcome,animal,datetime,10,10,0.0,0.0,False,10,auroc,0.595,0.49368120763238343,0.405
WAT-SC,training.day35_days,PHENO,outcome,animal,numeric,10,10,0.0,0.0,False,6,auroc,0.6699999999999999,0.20269853574703167,0.33
WAT-SC,training.day35time,PHENO,outcome,animal,time,10,10,0.0,0.0,False,14,auroc,0.64,0.3060303039357849,0.64
WAT-SC,training.day35_treadmillspeed,PHENO,outcome,animal,numeric,10,10,0.0,0.0,False,3,auroc,1.0,4.73140726040938e-05,1.0
WAT-SC,training.day35_treadmillincline,PHENO,outcome,animal,numeric,10,10,0.0,0.0,False,1,,,,
WAT-SC,training.day35_timeontreadmill,PHENO,outcome,animal,numeric,10,10,0.0,0.0,False,2,auroc,1.0,1.593791168806624e-05,1.0
WAT-SC,training.day35_posttrainlact,PHENO,outcome,animal,numeric,10,10,1.0,0.0,True,10,,,,
WAT-SC,training.day35_score,PHENO,outcome,animal,numeric,10,10,1.0,0.0,True,2,,,,
WAT-SC,training.day36date,PHENO,outcome,animal,datetime,10,10,0.0,0.0,False,10,auroc,0.595,0.49368120763238343,0.405
WAT-SC,training.day36_days,PHENO,outcome,animal,numeric,10,10,0.0,0.0,False,6,auroc,0.6699999999999999,0.20269853574703167,0.33
WAT-SC,training.day36time,PHENO,outcome,animal,time,10,10,0.6,0.5,False,9,auroc,0.95,0.031746031746031744,0.05
WAT-SC,training.day36_weight,PHENO,outcome,animal,numeric,10,10,0.0,0.0,False,19,auroc,0.73,0.08885290847904961,0.27
WAT-SC,training.day37date,PHENO,outcome,animal,datetime,10,10,0.0,0.0,False,10,auroc,0.595,0.49368120763238343,0.405
WAT-SC,training.day37_days,PHENO,outcome,animal,numeric,10,10,0.0,0.0,False,6,auroc,0.6699999999999999,0.20269853574703167,0.33
WAT-SC,training.day37time,PHENO,outcome,animal,time,10,10,0.0,0.0,False,12,auroc,0.53,0.8493210400200102,0.47
WAT-SC,training.day37_treadmillspeed,PHENO,outcome,animal,numeric,10,10,0.0,0.0,False,3,auroc,1.0,4.73140726040938e-05,1.0
WAT-SC,training.day37_treadmillincline,PHENO,outcome,animal,numeric,10,10,0.0,0.0,False,1,,,,
WAT-SC,training.day37_timeontreadmill,PHENO,outcome,animal,numeric,10,10,0.0,0.0,False,2,auroc,1.0,1.593791168806624e-05,1.0
WAT-SC,training.day37_score,PHENO,outcome,animal,numeric,10,10,1.0,0.0,True,3,,,,
WAT-SC,training.day38date,PHENO,outcome,animal,datetime,10,10,0.0,0.0,False,10,auroc,0.595,0.49368120763238343,0.405
WAT-SC,training.day38_days,PHENO,outcome,animal,numeric,10,10,0.0,0.0,False,6,auroc,0.6699999999999999,0.20269853574703167,0.33
WAT-SC,training.day38time,PHENO,outcome,animal,time,10,10,0.0,0.0,False,12,auroc,0.74,0.0745620127879839,0.26
WAT-SC,training.day38_treadmillspeed,PHENO,outcome,animal,numeric,10,10,0.0,0.0,False,3,auroc,1.0,4.73140726040938e-05,1.0
WAT-SC,training.day38_treadmillincline,PHENO,outcome,animal,numeric,10,10,0.0,0.0,False,1,,,,
WAT-SC,training.day38_timeontreadmill,PHENO,outcome,animal,numeric,10,10,0.0,0.0,False,2,auroc,1.0,1.593791168806624e-05,1.0
WAT-SC,training.day38_score,PHENO,outcome,animal,numeric,10,10,1.0,0.0,True,3,,,,
WAT-SC,training.day39date,PHENO,outcome,animal,datetime,10,10,0.0,0.0,False,10,auroc,0.595,0.49368120763238343,0.405
WAT-SC,training.day39_days,PHENO,outcome,animal,numeric,10,10,0.0,0.0,False,6,auroc,0.6699999999999999,0.20269853574703167,0.33
WAT-SC,training.day39time,PHENO,outcome,animal,time,10,10,0.0,0.0,False,11,auroc,0.605,0.4465992698288942,0.605
WAT-SC,training.day39_treadmillspeed,PHENO,outcome,animal,numeric,10,10,0.0,0.0,False,3,auroc,1.0,4.73140726040938e-05,1.0
WAT-SC,training.day39_treadmillincline,PHENO,outcome,animal,numeric,10,10,0.0,0.0,False,1,,,,
WAT-SC,training.day39_timeontreadmill,PHENO,outcome,animal,numeric,10,10,0.0,0.0,False,2,auroc,1.0,1.593791168806624e-05,1.0
WAT-SC,training.day39_posttrainlact,PHENO,outcome,animal,numeric,10,10,1.0,0.9,False,1,,,,
WAT-SC,training.day39_score,PHENO,outcome,animal,numeric,10,10,1.0,0.0,True,2,,,,
WAT-SC,training.day40date,PHENO,outcome,animal,datetime,10,10,0.0,0.0,False,10,auroc,0.595,0.49368120763238343,0.405
WAT-SC,training.day40_days,PHENO,outcome,animal,numeric,10,10,0.0,0.0,False,6,auroc,0.6699999999999999,0.20269853574703167,0.33
WAT-SC,training.day40time,PHENO,outcome,animal,time,10,10,0.0,0.0,False,10,auroc,0.6,0.4679532454588272,0.6
WAT-SC,training.day40_treadmillspeed,PHENO,outcome,animal,numeric,10,10,0.0,0.0,False,3,auroc,1.0,4.73140726040938e-05,1.0
WAT-SC,training.day40_treadmillincline,PHENO,outcome,animal,numeric,10,10,0.0,0.0,False,1,,,,
WAT-SC,training.day40_timeontreadmill,PHENO,outcome,animal,numeric,10,10,0.0,0.0,False,3,auroc,1.0,2.4281747324754767e-05,1.0
WAT-SC,training.day40_posttrainlact,PHENO,outcome,animal,numeric,10,10,1.0,0.2,True,8,,,,
WAT-SC,training.day40_score,PHENO,outcome,animal,numeric,10,10,1.0,0.0,True,3,,,,
WAT-SC,vo2.max.test.d_visit_1,PHENO,outcome,animal,datetime,10,10,0.0,0.0,False,9,auroc,0.5449999999999999,0.7608820121117055,0.455
WAT-SC,vo2.max.test.days_visit_1,PHENO,outcome,animal,numeric,10,10,0.0,0.0,False,5,auroc,0.605,0.437369328274008,0.395
WAT-SC,vo2.max.test.staffid_1,PHENO,outcome,animal,numeric,10,10,0.0,0.0,False,1,,,,
WAT-SC,vo2.max.test.siteid_1,PHENO,outcome,animal,categorical,10,10,0.0,0.0,False,1,,,,
WAT-SC,vo2.max.test.d_vo2_1,PHENO,outcome,animal,datetime,10,10,0.0,0.0,False,9,auroc,0.5449999999999999,0.7608820121117055,0.455
WAT-SC,vo2.max.test.days_vo2_1,PHENO,outcome,animal,numeric,10,10,0.0,0.0,False,5,auroc,0.605,0.437369328274008,0.395
WAT-SC,vo2.max.test.t_vo2_1,PHENO,outcome,animal,time,10,10,0.0,0.0,False,20,auroc,0.61,0.4273553138978077,0.61
WAT-SC,vo2.max.test.blactate_begin_1,PHENO,outcome,animal,numeric,10,10,0.0,0.0,False,12,auroc,0.505,1.0,0.495
WAT-SC,vo2.max.test.vo2_max_1,PHENO,outcome,animal,numeric,10,10,0.0,0.0,False,19,auroc,0.56,0.6774705127728922,0.56
WAT-SC,vo2.max.test.vco2_max_1,PHENO,outcome,animal,numeric,10,10,0.0,0.0,False,20,auroc,0.53,0.8501067391385259,0.53
WAT-SC,vo2.max.test.rer_max_1,PHENO,outcome,animal,numeric,10,10,0.0,0.0,False,12,auroc,0.655,0.25215043140011917,0.345
WAT-SC,vo2.max.test.speed_max_1,PHENO,outcome,animal,numeric,10,10,0.0,0.0,False,5,auroc,0.5700000000000001,0.6136866325937949,0.43
WAT-SC,vo2.max.test.t_complete_1,PHENO,outcome,animal,time,10,10,0.0,0.0,False,20,auroc,0.61,0.4273553138978077,0.61
WAT-SC,vo2.max.test.blactate_end_1,PHENO,outcome,animal,numeric,10,10,0.0,0.0,False,20,auroc,0.53,0.8501067391385259,0.47
WAT-SC,vo2.max.test.vo2_comments_1,PHENO,outcome,animal,categorical,10,10,0.9,0.8,False,3,cramers_v,1.0,0.22313016014842982,
WAT-SC,vo2.max.test.d_visit_2,PHENO,outcome,animal,datetime,10,10,0.0,0.0,False,10,auroc,0.595,0.49368120763238343,0.405
WAT-SC,vo2.max.test.days_visit_2,PHENO,outcome,animal,numeric,10,10,0.0,0.0,False,6,auroc,0.6699999999999999,0.20269853574703167,0.33
WAT-SC,vo2.max.test.staffid_2,PHENO,outcome,animal,numeric,10,10,0.0,0.0,False,1,,,,
WAT-SC,vo2.max.test.siteid_2,PHENO,outcome,animal,categorical,10,10,0.0,0.0,False,1,,,,
WAT-SC,vo2.max.test.d_vo2_2,PHENO,outcome,animal,datetime,10,10,0.0,0.0,False,10,auroc,0.595,0.49368120763238343,0.405
WAT-SC,vo2.max.test.days_vo2_2,PHENO,outcome,animal,numeric,10,10,0.0,0.0,False,6,auroc,0.6699999999999999,0.20269853574703167,0.33
WAT-SC,vo2.max.test.t_vo2_2,PHENO,outcome,animal,time,10,10,0.0,0.0,False,20,auroc,0.87,0.00579535854433471,0.13
WAT-SC,vo2.max.test.blactate_begin_2,PHENO,outcome,animal,numeric,10,10,0.0,0.0,False,11,auroc,0.735,0.0803732234511474,0.735
WAT-SC,vo2.max.test.vo2_max_2,PHENO,outcome,animal,numeric,10,10,0.0,0.0,False,20,auroc,0.98,0.0003298385207779935,0.98
WAT-SC,vo2.max.test.vco2_max_2,PHENO,outcome,animal,numeric,10,10,0.0,0.0,False,20,auroc,0.96,0.0005828399431792745,0.96
WAT-SC,vo2.max.test.rer_max_2,PHENO,outcome,animal,numeric,10,10,0.0,0.0,False,9,auroc,0.55,0.731388289202564,0.45
WAT-SC,vo2.max.test.speed_max_2,PHENO,outcome,animal,numeric,10,10,0.0,0.0,False,7,auroc,1.0,0.00015116251249145356,1.0
WAT-SC,vo2.max.test.t_complete_2,PHENO,outcome,animal,time,10,10,0.0,0.0,False,20,auroc,0.84,0.011329696684474666,0.16
WAT-SC,vo2.max.test.blactate_end_2,PHENO,outcome,animal,numeric,10,10,0.0,0.0,False,18,auroc,0.65,0.2726754751925152,0.35
WAT-SC,vo2.max.test.vo2_comments_2,PHENO,outcome,animal,empty,10,10,1.0,1.0,False,0,,,,
WAT-SC,calculated.variables.pct_body_fat_change,PHENO,outcome,animal,numeric,10,10,0.0,0.0,False,18,auroc,0.87,0.005758630532614327,0.13
WAT-SC,calculated.variables.pct_body_lean_change,PHENO,outcome,animal,numeric,10,10,0.0,0.0,False,19,auroc,0.785,0.034226150579334216,0.785
WAT-SC,calculated.variables.pct_body_fluid_change,PHENO,outcome,animal,numeric,10,10,0.0,0.0,False,12,auroc,0.745,0.06785982444191624,0.255
WAT-SC,calculated.variables.lactate_change_dueto_train,PHENO,outcome,animal,numeric,10,10,0.0,0.0,False,17,auroc,0.675,0.1982578062948097,0.325
WAT-SC,calculated.variables.vo2_max_change,PHENO,outcome,animal,numeric,10,10,0.0,0.0,False,19,auroc,0.96,0.0005800603714706723,0.96
WAT-SC,calculated.variables.coll_time_train,PHENO,collection,vial,numeric,10,10,0.0,0.0,False,20,auroc,0.5,1.0,0.5
WAT-SC,calculated.variables.deathtime_after_train,PHENO,collection,animal,numeric,10,10,0.0,0.0,False,20,auroc,0.5,1.0,0.5
WAT-SC,calculated.variables.frozetime_after_train,PHENO,collection,vial,numeric,10,10,0.0,0.0,False,20,auroc,0.5,1.0,0.5
WAT-SC,specimen.processing.siteid,PHENO,collection,animal,categorical,10,10,0.0,0.0,False,1,,,,
WAT-SC,specimen.processing.samplenumber,PHENO,collection,vial,numeric,10,10,0.0,0.0,False,1,,,,
WAT-SC,specimen.processing.timepoint,PHENO,collection,animal,numeric,10,10,0.0,0.0,False,1,,,,
WAT-SC,specimen.processing.volume,PHENO,collection,vial,categorical,10,10,0.0,0.0,False,1,,,,
WAT-SC,specimen.processing.hemolyzed,PHENO,collection,animal,empty,10,10,1.0,1.0,False,0,,,,
WAT-SC,specimen.processing.t_collection,PHENO,collection,vial,time,10,10,0.0,0.0,False,20,auroc,0.57,0.6231762238821174,0.57
WAT-SC,specimen.processing.t_edtaspin,PHENO,collection,animal,empty,10,10,1.0,1.0,False,0,,,,
WAT-SC,specimen.processing.t_freeze,PHENO,collection,vial,time,10,10,0.0,0.0,False,20,auroc,0.57,0.6231762238821174,0.57
WAT-SC,specimen.processing.techid,PHENO,collection,vial,categorical,10,10,0.0,0.0,False,1,,,,
WAT-SC,biclabeldata.shiptositeid,PHENO,collection,vial,categorical,10,10,0.0,0.0,False,1,,,,
WAT-SC,biclabeldata.received_cas,PHENO,collection,animal,categorical,10,10,0.0,0.0,False,1,,,,
WAT-SC,biclabeldata.protocol,PHENO,design,animal,categorical,10,10,0.0,0.0,False,1,,,,
WAT-SC,study_group_timepoint,PHENO,design,animal,categorical,10,10,0.0,0.0,False,2,cramers_v,1.0,1.082508822446903e-05,
WAT-SC,sacrificetime,PHENO,design,animal,categorical,10,10,0.0,0.0,False,1,,,,
WAT-SC,intervention,PHENO,design,animal,categorical,10,10,0.0,0.0,False,2,cramers_v,1.0,1.082508822446903e-05,
WAT-SC,time_to_freeze,PHENO,collection,vial,numeric,10,10,0.0,0.0,False,17,auroc,0.645,0.28901021418735684,0.645
WAT-SC,GET_site,meta/TRNSCRPT,library,vial,categorical,10,10,0.0,0.0,False,1,,,,
WAT-SC,RNA_extr_plate_ID,meta/TRNSCRPT,library,vial,categorical,10,10,0.0,0.0,False,1,,,,
WAT-SC,RNA_extr_date,meta/TRNSCRPT,library,vial,datetime,10,10,0.0,0.0,False,1,,,,
WAT-SC,RNA_extr_conc,meta/TRNSCRPT,library,vial,numeric,10,10,0.0,0.0,False,20,auroc,0.76,0.05390255716938719,0.76
WAT-SC,RIN,meta/TRNSCRPT,library,vial,numeric,10,10,0.0,0.0,False,13,auroc,0.69,0.16023316194294301,0.69
WAT-SC,r_260_280,meta/TRNSCRPT,library,vial,numeric,10,10,0.7,1.0,False,2,,,,
WAT-SC,r_260_230,meta/TRNSCRPT,library,vial,numeric,10,10,0.7,1.0,False,3,,,,
WAT-SC,Lib_prep_date,meta/TRNSCRPT,library,vial,datetime,10,10,0.0,0.0,False,1,,,,
WAT-SC,Lib_RNA_conc,meta/TRNSCRPT,library,vial,numeric,10,10,0.0,0.0,False,1,,,,
WAT-SC,Lib_RNA_vol,meta/TRNSCRPT,library,vial,numeric,10,10,0.0,0.0,False,1,,,,
WAT-SC,Lib_robot,meta/TRNSCRPT,library,vial,categorical,10,10,0.0,0.0,False,1,,,,
WAT-SC,Lib_vendor,meta/TRNSCRPT,library,vial,categorical,10,10,0.0,0.0,False,1,,,,
WAT-SC,Lib_type,meta/TRNSCRPT,library,vial,categorical,10,10,0.0,0.0,False,1,,,,
WAT-SC,Lib_kit_id,meta/TRNSCRPT,library,vial,categorical,10,10,0.0,0.0,False,1,,,,
WAT-SC,Lib_batch_ID,meta/TRNSCRPT,library,vial,categorical,10,10,0.0,0.0,False,1,,,,
WAT-SC,Lib_barcode_well,meta/TRNSCRPT,library,vial,categorical,10,10,0.0,0.0,False,20,cramers_v,1.0,0.39457818208600104,
WAT-SC,Lib_index_1,meta/TRNSCRPT,library,vial,categorical,10,10,0.0,0.0,False,20,cramers_v,1.0,0.39457818208600104,
WAT-SC,Lib_index_2,meta/TRNSCRPT,library,vial,categorical,10,10,0.0,0.0,False,20,cramers_v,1.0,0.39457818208600104,
WAT-SC,Lib_adapter_1,meta/TRNSCRPT,library,vial,categorical,10,10,0.0,0.0,False,1,,,,
WAT-SC,Lib_adapter_2,meta/TRNSCRPT,library,vial,categorical,10,10,0.0,0.0,False,1,,,,
WAT-SC,Lib_UMI_cycle_num,meta/TRNSCRPT,library,vial,numeric,10,10,0.0,0.0,False,1,,,,
WAT-SC,Lib_adapter_size,meta/TRNSCRPT,library,vial,numeric,10,10,0.0,0.0,False,1,,,,
WAT-SC,Lib_frag_size,meta/TRNSCRPT,library,vial,numeric,10,10,0.0,0.0,False,12,auroc,0.6,0.46897570386464094,0.6
WAT-SC,Lib_DNA_conc,meta/TRNSCRPT,library,vial,numeric,10,10,0.0,0.0,False,20,auroc,0.62,0.3846730627355087,0.62
WAT-SC,Lib_molarity,meta/TRNSCRPT,library,vial,numeric,10,10,0.0,0.0,False,20,auroc,0.62,0.3846730627355087,0.62
WAT-SC,Seq_platform,meta/TRNSCRPT,library,vial,categorical,10,10,0.0,0.0,False,1,,,,
WAT-SC,Seq_date,meta/TRNSCRPT,library,vial,numeric,10,10,0.0,0.0,False,1,,,,
WAT-SC,Seq_machine_ID,meta/TRNSCRPT,library,vial,categorical,10,10,0.0,0.0,False,1,,,,
WAT-SC,Seq_flowcell_ID,meta/TRNSCRPT,library,vial,categorical,10,10,0.0,0.0,False,1,,,,
WAT-SC,Seq_flowcell_run,meta/TRNSCRPT,library,vial,numeric,10,10,0.0,0.0,False,1,,,,
WAT-SC,Seq_flowcell_lane,meta/TRNSCRPT,library,vial,categorical,10,10,0.0,0.0,False,1,,,,
WAT-SC,Seq_flowcell_type,meta/TRNSCRPT,library,vial,categorical,10,10,0.0,0.0,False,1,,,,
WAT-SC,Seq_length,meta/TRNSCRPT,library,vial,numeric,10,10,0.0,0.0,False,1,,,,
WAT-SC,Seq_end_type,meta/TRNSCRPT,library,vial,numeric,10,10,0.0,0.0,False,1,,,,
WAT-SC,Seq_batch,meta/TRNSCRPT,library,vial,categorical,10,10,0.0,0.0,False,1,,,,
WAT-SC,reads_raw,meta/TRNSCRPT,depth,vial,numeric,10,10,0.0,0.0,False,20,auroc,0.62,0.3846730627355087,0.62
WAT-SC,pct_adapter_detected,meta/TRNSCRPT,qc,vial,numeric,10,10,0.0,0.0,False,15,auroc,0.54,0.7907982828956366,0.46
WAT-SC,pct_trimmed,meta/TRNSCRPT,qc,vial,numeric,10,10,0.0,0.0,False,19,auroc,0.6699999999999999,0.21212191786139534,0.33
WAT-SC,pct_trimmed_bases,meta/TRNSCRPT,qc,vial,numeric,10,10,0.0,0.0,False,19,auroc,0.62,0.3844942826161789,0.38
WAT-SC,reads,meta/TRNSCRPT,depth,vial,numeric,10,10,0.0,0.0,False,20,auroc,0.62,0.3846730627355087,0.62
WAT-SC,pct_GC,meta/TRNSCRPT,qc,vial,numeric,10,10,0.0,0.0,False,3,auroc,0.57,0.5793585907298551,0.57
WAT-SC,pct_dup_sequence,meta/TRNSCRPT,qc,vial,numeric,10,10,0.0,0.0,False,20,auroc,0.54,0.7913367801006604,0.46
WAT-SC,pct_rRNA,meta/TRNSCRPT,qc,vial,numeric,10,10,0.0,0.0,False,7,auroc,0.595,0.47402720253343456,0.405
WAT-SC,pct_globin,meta/TRNSCRPT,qc,vial,numeric,10,10,0.0,0.0,False,6,auroc,0.5900000000000001,0.5062771729326223,0.41
WAT-SC,pct_phix,meta/TRNSCRPT,qc,vial,numeric,10,10,0.0,0.0,False,1,,,,
WAT-SC,pct_picard_dup,meta/TRNSCRPT,qc,vial,numeric,10,10,0.0,0.0,False,20,auroc,0.5700000000000001,0.6231762238821174,0.43
WAT-SC,pct_umi_dup,meta/TRNSCRPT,qc,vial,numeric,10,10,0.0,0.0,False,19,auroc,0.5349999999999999,0.8205295061094116,0.465
WAT-SC,avg_input_read_length,meta/TRNSCRPT,qc,vial,numeric,10,10,0.0,0.0,False,2,auroc,0.55,0.36812025069351895,0.55
WAT-SC,uniquely_mapped,meta/TRNSCRPT,depth,vial,numeric,10,10,0.0,0.0,False,20,auroc,0.64,0.3074894566186813,0.64
WAT-SC,pct_uniquely_mapped,meta/TRNSCRPT,qc,vial,numeric,10,10,0.0,0.0,False,20,auroc,0.53,0.8501067391385259,0.53
WAT-SC,avg_mapped_read_length,meta/TRNSCRPT,qc,vial,numeric,10,10,0.0,0.0,False,19,auroc,0.515,0.9397203669477441,0.485
WAT-SC,num_splices,meta/TRNSCRPT,depth,vial,numeric,10,10,0.0,0.0,False,20,auroc,0.55,0.7337299956962472,0.55
WAT-SC,num_annotated_splices,meta/TRNSCRPT,depth,vial,numeric,10,10,0.0,0.0,False,20,auroc,0.55,0.7337299956962472,0.55
WAT-SC,num_GTAG_splices,meta/TRNSCRPT,depth,vial,numeric,10,10,0.0,0.0,False,20,auroc,0.55,0.7337299956962472,0.55
WAT-SC,num_GCAG_splices,meta/TRNSCRPT,depth,vial,numeric,10,10,0.0,0.0,False,20,auroc,0.75,0.06402210128302689,0.75
WAT-SC,num_ATAC_splices,meta/TRNSCRPT,depth,vial,numeric,10,10,0.0,0.0,False,20,auroc,0.72,0.10410988966022681,0.72
WAT-SC,num_noncanonical_splices,meta/TRNSCRPT,depth,vial,numeric,10,10,0.0,0.0,False,20,auroc,0.62,0.3846730627355087,0.62
WAT-SC,pct_multimapped,meta/TRNSCRPT,qc,vial,numeric,10,10,0.0,0.0,False,19,auroc,0.675,0.1985957586332152,0.325
WAT-SC,pct_multimapped_toomany,meta/TRNSCRPT,qc,vial,numeric,10,10,0.0,0.0,False,5,auroc,0.625,0.33654607151218685,0.375
WAT-SC,pct_unmapped_mismatches,meta/TRNSCRPT,qc,vial,numeric,10,10,0.0,0.0,False,1,,,,
WAT-SC,pct_unmapped_tooshort,meta/TRNSCRPT,qc,vial,numeric,10,10,0.0,0.0,False,20,auroc,0.54,0.7913367801006604,0.54
WAT-SC,pct_unmapped_other,meta/TRNSCRPT,qc,vial,numeric,10,10,0.0,0.0,False,4,auroc,0.635,0.28848746332348907,0.365
WAT-SC,pct_chimeric,meta/TRNSCRPT,qc,vial,numeric,10,10,0.0,0.0,False,1,,,,
WAT-SC,pct_chrX,meta/TRNSCRPT,qc,vial,numeric,10,10,0.0,0.0,False,20,auroc,0.57,0.6231762238821174,0.57
WAT-SC,pct_chrY,meta/TRNSCRPT,qc,vial,numeric,10,10,0.0,0.0,False,20,auroc,0.59,0.5205228832757727,0.59
WAT-SC,pct_chrM,meta/TRNSCRPT,qc,vial,numeric,10,10,0.0,0.0,False,20,auroc,0.5800000000000001,0.5707503880581739,0.42
WAT-SC,pct_chrAuto,meta/TRNSCRPT,qc,vial,numeric,10,10,0.0,0.0,False,20,auroc,0.54,0.7913367801006604,0.54
WAT-SC,pct_contig,meta/TRNSCRPT,qc,vial,numeric,10,10,0.0,0.0,False,15,auroc,0.55,0.7330533287800427,0.55
WAT-SC,pct_coding,meta/TRNSCRPT,qc,vial,numeric,10,10,0.0,0.0,False,20,auroc,0.63,0.3447042220069576,0.63
WAT-SC,pct_utr,meta/TRNSCRPT,qc,vial,numeric,10,10,0.0,0.0,False,20,auroc,0.71,0.12122450301291661,0.29
WAT-SC,pct_intronic,meta/TRNSCRPT,qc,vial,numeric,10,10,0.0,0.0,False,20,auroc,0.5,1.0,0.5
WAT-SC,pct_intergenic,meta/TRNSCRPT,qc,vial,numeric,10,10,0.0,0.0,False,20,auroc,0.61,0.4273553138978077,0.39
WAT-SC,pct_mrna,meta/TRNSCRPT,qc,vial,numeric,10,10,0.0,0.0,False,20,auroc,0.54,0.7913367801006604,0.54
WAT-SC,median_5_3_bias,meta/TRNSCRPT,qc,vial,numeric,10,10,0.0,0.0,False,19,auroc,0.635,0.3255694067409992,0.635
WAT-SC,Lib_barcode_well_row,meta/TRNSCRPT,library,vial,numeric,10,10,0.0,0.0,False,8,auroc,0.615,0.4021175978364985,0.615
WAT-SC,Lib_barcode_well_col,meta/TRNSCRPT,library,vial,numeric,10,10,0.0,0.0,False,3,auroc,0.5800000000000001,0.5424086835165952,0.42
WAT-SC,tmt_plex,meta/PROT,processing,vial,categorical,10,10,0.0,0.0,False,6,cramers_v,0.2581988897471611,0.9314646171334656,
WAT-SC,tmt11_channel,meta/PROT,processing,vial,categorical,10,10,0.0,0.0,False,9,cramers_v,0.725718035235908,0.2295680073671683,
