fold,arm,model,n_test_animals,balanced_accuracy,macro_f1,accuracy,log_loss,auroc,tissue,duration,n_animals
0,single:TRNSCRPT,centroid,5,1.0,1.0,1.0,0.005785573336175418,1.0,CORTEX,1w,19
0,single:TRNSCRPT,logreg_l2,5,1.0,1.0,1.0,0.4473198434812309,1.0,CORTEX,1w,19
0,single:TRNSCRPT,rf,5,1.0,1.0,1.0,0.6211679955403915,1.0,CORTEX,1w,19
0,single:PROT,centroid,5,0.8333333333333333,0.8,0.8,7.20873067782343,0.8333333333333334,CORTEX,1w,19
0,single:PROT,logreg_l2,5,0.8333333333333333,0.8,0.8,0.379849630400515,1.0,CORTEX,1w,19
0,single:PROT,rf,5,0.8333333333333333,0.8,0.8,0.6772220355469406,0.6666666666666667,CORTEX,1w,19
0,single:METAB,centroid,5,0.8333333333333333,0.8,0.8,2.4246026422712372,1.0,CORTEX,1w,19
0,single:METAB,logreg_l2,5,0.8333333333333333,0.8,0.8,0.2871491974231891,1.0,CORTEX,1w,19
0,single:METAB,rf,5,1.0,1.0,1.0,0.510504983151632,1.0,CORTEX,1w,19
0,early_fusion,centroid,5,0.6666666666666666,0.5833333333333333,0.6,7.20873067782343,0.8333333333333334,CORTEX,1w,19
0,early_fusion,logreg_l2,5,0.6666666666666666,0.5833333333333333,0.6,0.6678980001646327,1.0,CORTEX,1w,19
0,early_fusion,rf,5,0.8333333333333333,0.8,0.8,0.5687169756387637,1.0,CORTEX,1w,19
0,late_fusion,logreg_l2,5,1.0,1.0,1.0,0.34894328695016325,1.0,CORTEX,1w,19
1,single:TRNSCRPT,centroid,5,0.5,0.2857142857142857,0.4,18.738763020804047,0.6666666666666667,CORTEX,1w,19
1,single:TRNSCRPT,logreg_l2,5,0.5,0.2857142857142857,0.4,0.6998158333952572,0.6666666666666667,CORTEX,1w,19
1,single:TRNSCRPT,rf,5,0.5,0.2857142857142857,0.4,0.6827736205215719,0.8333333333333334,CORTEX,1w,19
1,single:PROT,centroid,5,0.8333333333333333,0.8,0.8,13.569878100855778,0.8333333333333334,CORTEX,1w,19
1,single:PROT,logreg_l2,5,0.8333333333333333,0.8,0.8,0.5633597576638161,1.0,CORTEX,1w,19
1,single:PROT,rf,5,0.8333333333333333,0.8,0.8,0.6529376501807342,0.8333333333333334,CORTEX,1w,19
1,single:METAB,centroid,5,0.5833333333333333,0.5833333333333333,0.6,10.302495503456562,0.8333333333333334,CORTEX,1w,19
1,single:METAB,logreg_l2,5,0.75,0.7619047619047619,0.8,0.39524144325259986,0.8333333333333334,CORTEX,1w,19
1,single:METAB,rf,5,0.75,0.7619047619047619,0.8,0.5273020832272255,0.8333333333333334,CORTEX,1w,19
1,early_fusion,centroid,5,0.5833333333333333,0.5833333333333333,0.6,2.2204460492503136e-16,1.0,CORTEX,1w,19
1,early_fusion,logreg_l2,5,0.8333333333333333,0.8,0.8,0.6686348105472816,0.8333333333333334,CORTEX,1w,19
1,early_fusion,rf,5,1.0,1.0,1.0,0.5967769413191064,1.0,CORTEX,1w,19
1,late_fusion,logreg_l2,5,0.75,0.7619047619047619,0.8,0.5212606654642638,1.0,CORTEX,1w,19
2,single:TRNSCRPT,centroid,5,0.25,0.16666666666666666,0.2,21.62749816581505,0.16666666666666666,CORTEX,1w,19
2,single:TRNSCRPT,logreg_l2,5,0.25,0.16666666666666666,0.2,0.910056722299436,0.5,CORTEX,1w,19
2,single:TRNSCRPT,rf,5,0.41666666666666663,0.4,0.4,0.719837983910479,0.16666666666666666,CORTEX,1w,19
2,single:PROT,centroid,5,0.75,0.7619047619047619,0.8,7.208730677886083,0.6666666666666666,CORTEX,1w,19
2,single:PROT,logreg_l2,5,0.5833333333333333,0.5833333333333333,0.6,0.6181911061064855,0.6666666666666666,CORTEX,1w,19
2,single:PROT,rf,5,0.75,0.7619047619047619,0.8,0.6556768850280823,0.6666666666666666,CORTEX,1w,19
2,single:METAB,centroid,5,1.0,1.0,1.0,1.5875083476307654e-10,1.0,CORTEX,1w,19
2,single:METAB,logreg_l2,5,1.0,1.0,1.0,0.14330535599638405,1.0,CORTEX,1w,19
2,single:METAB,rf,5,0.8333333333333333,0.8,0.8,0.5091798327144775,1.0,CORTEX,1w,19
2,early_fusion,centroid,5,0.6666666666666666,0.5833333333333333,0.6,21.626192033470293,0.5,CORTEX,1w,19
2,early_fusion,logreg_l2,5,0.5,0.2857142857142857,0.4,0.7169371589933708,1.0,CORTEX,1w,19
2,early_fusion,rf,5,0.6666666666666666,0.5833333333333333,0.6,0.674522760098711,0.8333333333333333,CORTEX,1w,19
2,late_fusion,logreg_l2,5,1.0,1.0,1.0,0.4916362545471342,1.0,CORTEX,1w,19
3,single:TRNSCRPT,centroid,4,0.25,0.2,0.25,20.70829884646097,0.5,CORTEX,1w,19
3,single:TRNSCRPT,logreg_l2,4,0.5,0.5,0.5,0.8228242995682977,0.5,CORTEX,1w,19
3,single:TRNSCRPT,rf,4,0.5,0.5,0.5,0.6652957271164663,0.5,CORTEX,1w,19
3,single:PROT,centroid,4,0.75,0.7333333333333334,0.75,9.012563085266775,0.625,CORTEX,1w,19
3,single:PROT,logreg_l2,4,0.75,0.7333333333333334,0.75,0.6471613786756691,0.5,CORTEX,1w,19
3,single:PROT,rf,4,0.5,0.5,0.5,0.695636451573978,0.625,CORTEX,1w,19
3,single:METAB,centroid,4,0.75,0.7333333333333334,0.75,9.010913347279288,0.75,CORTEX,1w,19
3,single:METAB,logreg_l2,4,0.75,0.7333333333333334,0.75,0.7905029817506247,0.75,CORTEX,1w,19
3,single:METAB,rf,4,0.75,0.7333333333333334,0.75,0.5930902437384254,1.0,CORTEX,1w,19
3,early_fusion,centroid,4,0.75,0.7333333333333334,0.75,18.021826694558577,0.5,CORTEX,1w,19
3,early_fusion,logreg_l2,4,0.5,0.3333333333333333,0.5,0.6886336676069525,0.75,CORTEX,1w,19
3,early_fusion,rf,4,0.75,0.7333333333333334,0.75,0.6221787034401937,0.75,CORTEX,1w,19
3,late_fusion,logreg_l2,4,0.5,0.5,0.5,0.6359646478857154,0.75,CORTEX,1w,19
0,single:TRNSCRPT,centroid,5,0.8333333333333333,0.8,0.8,5.1948168001551975,1.0,CORTEX,2w,19
0,single:TRNSCRPT,logreg_l2,5,0.8333333333333333,0.8,0.8,0.47062883979946124,1.0,CORTEX,2w,19
0,single:TRNSCRPT,rf,5,1.0,1.0,1.0,0.6064705370675904,1.0,CORTEX,2w,19
0,single:PROT,centroid,5,0.8333333333333333,0.8,0.8,7.20873067782343,0.8333333333333334,CORTEX,2w,19
0,single:PROT,logreg_l2,5,0.8333333333333333,0.8,0.8,0.5710737503876847,0.8333333333333334,CORTEX,2w,19
0,single:PROT,rf,5,0.8333333333333333,0.8,0.8,0.5970227871010678,0.8333333333333334,CORTEX,2w,19
0,single:METAB,centroid,5,0.5833333333333333,0.5833333333333333,0.6,0.07944494005087915,1.0,CORTEX,2w,19
0,single:METAB,logreg_l2,5,1.0,1.0,1.0,0.46857065414537685,1.0,CORTEX,2w,19
0,single:METAB,rf,5,0.8333333333333333,0.8,0.8,0.4988725953320712,1.0,CORTEX,2w,19
0,early_fusion,centroid,5,1.0,1.0,1.0,7.20873067782343,0.8333333333333334,CORTEX,2w,19
0,early_fusion,logreg_l2,5,1.0,1.0,1.0,0.6561641818304466,1.0,CORTEX,2w,19
0,early_fusion,rf,5,0.8333333333333333,0.8,0.8,0.6182714596095168,1.0,CORTEX,2w,19
0,late_fusion,logreg_l2,5,0.8333333333333333,0.8,0.8,0.48655870601983137,1.0,CORTEX,2w,19
1,single:TRNSCRPT,centroid,5,0.6666666666666666,0.5833333333333333,0.6,7.208737425654546,0.8333333333333334,CORTEX,2w,19
1,single:TRNSCRPT,logreg_l2,5,0.6666666666666666,0.5833333333333333,0.6,0.5758275291028228,1.0,CORTEX,2w,19
1,single:TRNSCRPT,rf,5,0.8333333333333333,0.8,0.8,0.6310674592200756,0.8333333333333334,CORTEX,2w,19
1,single:PROT,centroid,5,0.75,0.7619047619047619,0.8,1.5845295237352277,1.0,CORTEX,2w,19
1,single:PROT,logreg_l2,5,1.0,1.0,1.0,0.33434019771045465,1.0,CORTEX,2w,19
1,single:PROT,rf,5,1.0,1.0,1.0,0.5795719560265143,1.0,CORTEX,2w,19
1,single:METAB,centroid,5,0.5833333333333333,0.5833333333333333,0.6,6.516870410238693,0.8333333333333334,CORTEX,2w,19
1,single:METAB,logreg_l2,5,0.75,0.7619047619047619,0.8,0.5813813746830474,0.8333333333333334,CORTEX,2w,19
1,single:METAB,rf,5,0.75,0.7619047619047619,0.8,0.5154950718740323,0.9166666666666667,CORTEX,2w,19
1,early_fusion,centroid,5,1.0,1.0,1.0,7.20873067782343,0.8333333333333334,CORTEX,2w,19
1,early_fusion,logreg_l2,5,0.8333333333333333,0.8,0.8,0.6698350000205966,1.0,CORTEX,2w,19
1,early_fusion,rf,5,0.8333333333333333,0.8,0.8,0.6172024770565298,1.0,CORTEX,2w,19
1,late_fusion,logreg_l2,5,1.0,1.0,1.0,0.47005542401739886,1.0,CORTEX,2w,19
2,single:TRNSCRPT,centroid,5,0.6666666666666666,0.5833333333333333,0.6,14.41746135564686,1.0,CORTEX,2w,19
2,single:TRNSCRPT,logreg_l2,5,0.5,0.2857142857142857,0.4,0.7101739528196344,0.8333333333333333,CORTEX,2w,19
2,single:TRNSCRPT,rf,5,0.5,0.2857142857142857,0.4,0.6604835415039925,1.0,CORTEX,2w,19
2,single:PROT,centroid,5,0.41666666666666663,0.4,0.4,24.982916977073817,0.25,CORTEX,2w,19
2,single:PROT,logreg_l2,5,0.16666666666666666,0.16666666666666666,0.2,0.7899948913555092,0.3333333333333333,CORTEX,2w,19
2,single:PROT,rf,5,0.5833333333333333,0.5833333333333333,0.6,0.7213097790162222,0.5,CORTEX,2w,19
2,single:METAB,centroid,5,1.0,1.0,1.0,0.000123464053117067,1.0,CORTEX,2w,19
2,single:METAB,logreg_l2,5,1.0,1.0,1.0,0.21964885752326918,1.0,CORTEX,2w,19
2,single:METAB,rf,5,1.0,1.0,1.0,0.5370550651917779,1.0,CORTEX,2w,19
2,early_fusion,centroid,5,0.6666666666666666,0.5833333333333333,0.6,14.41746135564686,0.6666666666666666,CORTEX,2w,19
2,early_fusion,logreg_l2,5,0.5,0.2857142857142857,0.4,0.7102056134743738,1.0,CORTEX,2w,19
2,early_fusion,rf,5,0.6666666666666666,0.5833333333333333,0.6,0.6805420474454534,0.5,CORTEX,2w,19
2,late_fusion,logreg_l2,5,0.8333333333333333,0.8,0.8,0.5115646059292196,1.0,CORTEX,2w,19
3,single:TRNSCRPT,centroid,4,0.75,0.7333333333333334,0.75,9.010913347279288,1.0,CORTEX,2w,19
3,single:TRNSCRPT,logreg_l2,4,0.75,0.7333333333333334,0.75,0.6100963567879953,1.0,CORTEX,2w,19
3,single:TRNSCRPT,rf,4,0.75,0.7333333333333334,0.75,0.6380150953824312,0.5,CORTEX,2w,19
3,single:PROT,centroid,4,1.0,1.0,1.0,2.2204460492503136e-16,1.0,CORTEX,2w,19
3,single:PROT,logreg_l2,4,1.0,1.0,1.0,0.4198417787379063,1.0,CORTEX,2w,19
3,single:PROT,rf,4,1.0,1.0,1.0,0.5193995291780455,1.0,CORTEX,2w,19
3,single:METAB,centroid,4,0.25,0.2,0.25,20.52651018114961,0.25,CORTEX,2w,19
3,single:METAB,logreg_l2,4,0.75,0.7333333333333334,0.75,0.7998432469022345,0.5,CORTEX,2w,19
3,single:METAB,rf,4,0.25,0.2,0.25,0.7870832340197438,0.25,CORTEX,2w,19
3,early_fusion,centroid,4,0.5,0.5,0.5,9.010913347279288,0.75,CORTEX,2w,19
3,early_fusion,logreg_l2,4,0.5,0.3333333333333333,0.5,0.6914932433154691,0.5,CORTEX,2w,19
3,early_fusion,rf,4,0.75,0.7333333333333334,0.75,0.5741633966029971,1.0,CORTEX,2w,19
3,late_fusion,logreg_l2,4,0.75,0.7333333333333334,0.75,0.5466457081263136,1.0,CORTEX,2w,19
0,single:TRNSCRPT,centroid,5,0.8333333333333333,0.8,0.8,7.20873067782343,0.8333333333333334,CORTEX,4w,19
0,single:TRNSCRPT,logreg_l2,5,0.8333333333333333,0.8,0.8,0.6204288168398749,0.8333333333333334,CORTEX,4w,19
0,single:TRNSCRPT,rf,5,0.8333333333333333,0.8,0.8,0.6727934255215025,1.0,CORTEX,4w,19
0,single:PROT,centroid,5,0.5833333333333333,0.5833333333333333,0.6,14.41746135564686,0.7500000000000001,CORTEX,4w,19
0,single:PROT,logreg_l2,5,0.5833333333333333,0.5833333333333333,0.6,0.5688191597118505,0.6666666666666667,CORTEX,4w,19
0,single:PROT,rf,5,0.5833333333333333,0.5833333333333333,0.6,0.6436157084969368,0.8333333333333334,CORTEX,4w,19
0,single:METAB,centroid,5,0.25,0.16666666666666666,0.2,21.62859368028991,0.33333333333333337,CORTEX,4w,19
0,single:METAB,logreg_l2,5,0.41666666666666663,0.4,0.4,0.7273107983132802,0.5,CORTEX,4w,19
0,single:METAB,rf,5,0.41666666666666663,0.4,0.4,0.6858669970816663,0.6666666666666667,CORTEX,4w,19
0,early_fusion,centroid,5,0.6666666666666666,0.5833333333333333,0.6,21.626192033470293,0.5,CORTEX,4w,19
0,early_fusion,logreg_l2,5,0.6666666666666666,0.5833333333333333,0.6,0.691269945663258,0.6666666666666667,CORTEX,4w,19
0,early_fusion,rf,5,0.6666666666666666,0.5833333333333333,0.6,0.662317603082533,0.6666666666666667,CORTEX,4w,19
0,late_fusion,logreg_l2,5,0.6666666666666666,0.5833333333333333,0.6,0.6201698501038189,0.8333333333333334,CORTEX,4w,19
1,single:TRNSCRPT,centroid,5,0.8333333333333333,0.8,0.8,7.20873067782343,0.8333333333333334,CORTEX,4w,19
1,single:TRNSCRPT,logreg_l2,5,0.5833333333333333,0.5833333333333333,0.6,0.667523627020396,0.6666666666666667,CORTEX,4w,19
1,single:TRNSCRPT,rf,5,0.5833333333333333,0.5833333333333333,0.6,0.6636286690403502,0.6666666666666667,CORTEX,4w,19
1,single:PROT,centroid,5,1.0,1.0,1.0,8.740333760853969e-06,1.0,CORTEX,4w,19
1,single:PROT,logreg_l2,5,1.0,1.0,1.0,0.43117276423727435,1.0,CORTEX,4w,19
1,single:PROT,rf,5,0.5833333333333333,0.5833333333333333,0.6,0.6520823381968321,0.6666666666666667,CORTEX,4w,19
1,single:METAB,centroid,5,0.75,0.7619047619047619,0.8,7.20873067782343,1.0,CORTEX,4w,19
1,single:METAB,logreg_l2,5,1.0,1.0,1.0,0.3389828562603593,1.0,CORTEX,4w,19
1,single:METAB,rf,5,1.0,1.0,1.0,0.4820114293369523,1.0,CORTEX,4w,19
1,early_fusion,centroid,5,0.75,0.7619047619047619,0.8,7.20873067782343,0.8333333333333334,CORTEX,4w,19
1,early_fusion,logreg_l2,5,0.75,0.7619047619047619,0.8,0.6676825169469903,0.8333333333333334,CORTEX,4w,19
1,early_fusion,rf,5,0.5833333333333333,0.5833333333333333,0.6,0.6819752394846945,0.5,CORTEX,4w,19
1,late_fusion,logreg_l2,5,1.0,1.0,1.0,0.4457099389424055,1.0,CORTEX,4w,19
2,single:TRNSCRPT,centroid,5,0.0,0.0,0.0,36.04365338911715,0.0,CORTEX,4w,19
2,single:TRNSCRPT,logreg_l2,5,0.0,0.0,0.0,1.0813247096192788,0.0,CORTEX,4w,19
2,single:TRNSCRPT,rf,5,0.0,0.0,0.0,0.9511708647275127,0.0,CORTEX,4w,19
2,single:PROT,centroid,5,0.75,0.7619047619047619,0.8,7.2087339378693205,0.5833333333333334,CORTEX,4w,19
2,single:PROT,logreg_l2,5,0.8333333333333333,0.8,0.8,0.528932914789241,0.8333333333333333,CORTEX,4w,19
2,single:PROT,rf,5,0.8333333333333333,0.8,0.8,0.6320903352484405,0.9166666666666666,CORTEX,4w,19
2,single:METAB,centroid,5,0.5833333333333333,0.5833333333333333,0.6,14.41746135564686,0.6666666666666666,CORTEX,4w,19
2,single:METAB,logreg_l2,5,0.8333333333333333,0.8,0.8,0.5683512974748823,0.8333333333333333,CORTEX,4w,19
2,single:METAB,rf,5,0.8333333333333333,0.8,0.8,0.6660649774895084,0.6666666666666666,CORTEX,4w,19
2,early_fusion,centroid,5,0.5833333333333333,0.5833333333333333,0.6,28.83492271129372,0.25,CORTEX,4w,19
2,early_fusion,logreg_l2,5,0.5,0.2857142857142857,0.4,0.7271166003635904,0.5,CORTEX,4w,19
2,early_fusion,rf,5,0.0,0.0,0.0,0.845945037636383,0.0,CORTEX,4w,19
2,late_fusion,logreg_l2,5,0.6666666666666666,0.5833333333333333,0.6,0.6701961624964768,0.8333333333333333,CORTEX,4w,19
3,single:TRNSCRPT,centroid,4,0.75,0.7333333333333334,0.75,9.018713095849582,0.75,CORTEX,4w,19
3,single:TRNSCRPT,logreg_l2,4,0.75,0.7333333333333334,0.75,0.7309214601031873,0.5,CORTEX,4w,19
3,single:TRNSCRPT,rf,4,0.75,0.7333333333333334,0.75,0.6359899363746762,0.75,CORTEX,4w,19
3,single:PROT,centroid,4,0.5,0.3333333333333333,0.5,18.021826694558577,0.5,CORTEX,4w,19
3,single:PROT,logreg_l2,4,0.5,0.3333333333333333,0.5,0.831089474518603,0.5,CORTEX,4w,19
3,single:PROT,rf,4,0.5,0.3333333333333333,0.5,0.6510885210950381,0.75,CORTEX,4w,19
3,single:METAB,centroid,4,1.0,1.0,1.0,0.11909397416882202,1.0,CORTEX,4w,19
3,single:METAB,logreg_l2,4,1.0,1.0,1.0,0.30942462013131866,1.0,CORTEX,4w,19
3,single:METAB,rf,4,0.75,0.7333333333333334,0.75,0.4568625440378311,1.0,CORTEX,4w,19
3,early_fusion,centroid,4,0.75,0.7333333333333334,0.75,9.010913347279288,0.75,CORTEX,4w,19
3,early_fusion,logreg_l2,4,0.5,0.3333333333333333,0.5,0.6633197371235804,1.0,CORTEX,4w,19
3,early_fusion,rf,4,0.75,0.7333333333333334,0.75,0.6592028461776919,1.0,CORTEX,4w,19
3,late_fusion,logreg_l2,4,0.75,0.7333333333333334,0.75,0.5299129204193548,1.0,CORTEX,4w,19
0,single:TRNSCRPT,centroid,5,0.6666666666666666,0.5833333333333333,0.6,14.4174613556473,0.6666666666666667,CORTEX,8w,19
0,single:TRNSCRPT,logreg_l2,5,0.6666666666666666,0.5833333333333333,0.6,0.7048149670359376,0.6666666666666667,CORTEX,8w,19
0,single:TRNSCRPT,rf,5,0.6666666666666666,0.5833333333333333,0.6,0.6415591970379142,0.6666666666666667,CORTEX,8w,19
0,single:PROT,centroid,5,1.0,1.0,1.0,2.2204460492503136e-16,1.0,CORTEX,8w,19
0,single:PROT,logreg_l2,5,1.0,1.0,1.0,0.2930640291607241,1.0,CORTEX,8w,19
0,single:PROT,rf,5,1.0,1.0,1.0,0.5717488739043475,1.0,CORTEX,8w,19
0,single:METAB,centroid,5,0.41666666666666663,0.4,0.4,20.22487281100525,0.5833333333333334,CORTEX,8w,19
0,single:METAB,logreg_l2,5,0.41666666666666663,0.4,0.4,0.6817171565834846,0.6666666666666667,CORTEX,8w,19
0,single:METAB,rf,5,0.41666666666666663,0.4,0.4,0.6912788825216739,0.6666666666666667,CORTEX,8w,19
0,early_fusion,centroid,5,0.5833333333333333,0.5833333333333333,0.6,7.20873067782343,0.8333333333333334,CORTEX,8w,19
0,early_fusion,logreg_l2,5,0.5833333333333333,0.5833333333333333,0.6,0.6845770571236625,0.6666666666666667,CORTEX,8w,19
0,early_fusion,rf,5,1.0,1.0,1.0,0.5887998488457642,1.0,CORTEX,8w,19
0,late_fusion,logreg_l2,5,0.8333333333333333,0.8,0.8,0.5271960946465781,1.0,CORTEX,8w,19
1,single:TRNSCRPT,centroid,5,0.3333333333333333,0.2857142857142857,0.4,13.712832354726064,0.16666666666666666,CORTEX,8w,19
1,single:TRNSCRPT,logreg_l2,5,0.5,0.2857142857142857,0.4,0.7455936847486327,0.5,CORTEX,8w,19
1,single:TRNSCRPT,rf,5,0.5833333333333333,0.5833333333333333,0.6,0.6730392045323648,0.8333333333333333,CORTEX,8w,19
1,single:PROT,centroid,5,0.75,0.7619047619047619,0.8,2.4824153289503696,1.0,CORTEX,8w,19
1,single:PROT,logreg_l2,5,1.0,1.0,1.0,0.5865871939548801,1.0,CORTEX,8w,19
1,single:PROT,rf,5,1.0,1.0,1.0,0.6076816495938735,1.0,CORTEX,8w,19
1,single:METAB,centroid,5,0.25,0.16666666666666666,0.2,16.993349358093976,0.5,CORTEX,8w,19
1,single:METAB,logreg_l2,5,0.41666666666666663,0.4,0.4,1.278134589911272,0.5,CORTEX,8w,19
1,single:METAB,rf,5,0.5,0.2857142857142857,0.4,0.8730134220449921,0.5,CORTEX,8w,19
1,early_fusion,centroid,5,0.5,0.2857142857142857,0.4,21.626192033470293,0.8333333333333333,CORTEX,8w,19
1,early_fusion,logreg_l2,5,0.5,0.2857142857142857,0.4,0.7378304219922764,0.5,CORTEX,8w,19
1,early_fusion,rf,5,1.0,1.0,1.0,0.6141247622029684,1.0,CORTEX,8w,19
1,late_fusion,logreg_l2,5,0.41666666666666663,0.4,0.4,0.7617521757458176,0.5,CORTEX,8w,19
2,single:TRNSCRPT,centroid,5,0.3333333333333333,0.2857142857142857,0.4,10.807938164746078,0.5,CORTEX,8w,19
2,single:TRNSCRPT,logreg_l2,5,0.75,0.7619047619047619,0.8,0.6400930893601546,0.6666666666666667,CORTEX,8w,19
2,single:TRNSCRPT,rf,5,0.75,0.7619047619047619,0.8,0.640921006937846,1.0,CORTEX,8w,19
2,single:PROT,centroid,5,1.0,1.0,1.0,2.2204460492503136e-16,1.0,CORTEX,8w,19
2,single:PROT,logreg_l2,5,1.0,1.0,1.0,0.39230457449901807,1.0,CORTEX,8w,19
2,single:PROT,rf,5,1.0,1.0,1.0,0.5740785876396143,1.0,CORTEX,8w,19
2,single:METAB,centroid,5,0.8333333333333333,0.8,0.8,5.077582869022841,1.0,CORTEX,8w,19
2,single:METAB,logreg_l2,5,0.8333333333333333,0.8,0.8,0.55789216317042,1.0,CORTEX,8w,19
2,single:METAB,rf,5,1.0,1.0,1.0,0.5514064178048372,1.0,CORTEX,8w,19
2,early_fusion,centroid,5,0.8333333333333333,0.8,0.8,7.20873067782343,0.8333333333333334,CORTEX,8w,19
2,early_fusion,logreg_l2,5,0.8333333333333333,0.8,0.8,0.6764488537157028,1.0,CORTEX,8w,19
2,early_fusion,rf,5,1.0,1.0,1.0,0.576907674110826,1.0,CORTEX,8w,19
2,late_fusion,logreg_l2,5,1.0,1.0,1.0,0.5168322276014456,1.0,CORTEX,8w,19
3,single:TRNSCRPT,centroid,4,0.25,0.2,0.25,18.934197924834994,0.5,CORTEX,8w,19
3,single:TRNSCRPT,logreg_l2,4,0.25,0.2,0.25,0.7528684117271913,0.5,CORTEX,8w,19
3,single:TRNSCRPT,rf,4,0.25,0.2,0.25,0.6905336305696721,0.5,CORTEX,8w,19
3,single:PROT,centroid,4,1.0,1.0,1.0,2.2204460492503136e-16,1.0,CORTEX,8w,19
3,single:PROT,logreg_l2,4,1.0,1.0,1.0,0.3610895898291103,1.0,CORTEX,8w,19
3,single:PROT,rf,4,1.0,1.0,1.0,0.550219097594065,1.0,CORTEX,8w,19
3,single:METAB,centroid,4,0.0,0.0,0.0,5.415033204611173,0.25,CORTEX,8w,19
3,single:METAB,logreg_l2,4,0.25,0.2,0.25,0.7753486522725443,0.0,CORTEX,8w,19
3,single:METAB,rf,4,0.5,0.5,0.5,0.7155368205914742,0.25,CORTEX,8w,19
3,early_fusion,centroid,4,0.25,0.2,0.25,18.021826694558577,0.625,CORTEX,8w,19
3,early_fusion,logreg_l2,4,0.5,0.3333333333333333,0.5,0.7000064092338225,0.5,CORTEX,8w,19
3,early_fusion,rf,4,0.5,0.5,0.5,0.6190651363542691,0.75,CORTEX,8w,19
3,late_fusion,logreg_l2,4,0.75,0.7333333333333334,0.75,0.6020856399333777,1.0,CORTEX,8w,19
0,single:TRNSCRPT,centroid,5,0.8333333333333333,0.8,0.8,4.119159658985698,1.0,HEART,1w,20
0,single:TRNSCRPT,logreg_l2,5,0.8333333333333333,0.8,0.8,0.43560142722320067,1.0,HEART,1w,20
0,single:TRNSCRPT,rf,5,0.8333333333333333,0.8,0.8,0.6187538030281762,1.0,HEART,1w,20
0,single:PROT,centroid,5,0.5833333333333333,0.5833333333333333,0.6,14.41746135564686,0.5,HEART,1w,20
0,single:PROT,logreg_l2,5,0.41666666666666663,0.4,0.4,0.5994896568804007,0.6666666666666666,HEART,1w,20
0,single:PROT,rf,5,0.8333333333333333,0.8,0.8,0.625087572241457,0.6666666666666666,HEART,1w,20
0,single:METAB,centroid,5,0.8333333333333333,0.8,0.8,7.20873067782343,1.0,HEART,1w,20
0,single:METAB,logreg_l2,5,0.8333333333333333,0.8,0.8,0.3679649334705686,1.0,HEART,1w,20
0,single:METAB,rf,5,0.8333333333333333,0.8,0.8,0.5348251758693138,0.8333333333333333,HEART,1w,20
0,early_fusion,centroid,5,1.0,1.0,1.0,2.2204460492503136e-16,1.0,HEART,1w,20
0,early_fusion,logreg_l2,5,0.5,0.2857142857142857,0.4,0.6753238267221201,1.0,HEART,1w,20
0,early_fusion,rf,5,1.0,1.0,1.0,0.5684561334411334,1.0,HEART,1w,20
0,late_fusion,logreg_l2,5,1.0,1.0,1.0,0.435098871930808,1.0,HEART,1w,20
1,single:TRNSCRPT,centroid,5,0.75,0.7619047619047619,0.8,7.20873067782343,1.0,HEART,1w,20
1,single:TRNSCRPT,logreg_l2,5,0.75,0.7619047619047619,0.8,0.523549607017927,1.0,HEART,1w,20
1,single:TRNSCRPT,rf,5,0.5833333333333333,0.5833333333333333,0.6,0.663144352037273,0.5,HEART,1w,20
1,single:PROT,centroid,5,0.5,0.375,0.6,7.444804434384919,1.0,HEART,1w,20
1,single:PROT,logreg_l2,5,1.0,1.0,1.0,0.46687114652072453,1.0,HEART,1w,20
1,single:PROT,rf,5,1.0,1.0,1.0,0.6241688650359161,1.0,HEART,1w,20
1,single:METAB,centroid,5,1.0,1.0,1.0,1.049141087870518e-09,1.0,HEART,1w,20
1,single:METAB,logreg_l2,5,1.0,1.0,1.0,0.15691573929305985,1.0,HEART,1w,20
1,single:METAB,rf,5,1.0,1.0,1.0,0.4686362107579695,1.0,HEART,1w,20
1,early_fusion,centroid,5,1.0,1.0,1.0,2.2204460492503136e-16,1.0,HEART,1w,20
1,early_fusion,logreg_l2,5,0.5,0.2857142857142857,0.4,0.6668845869621979,1.0,HEART,1w,20
1,early_fusion,rf,5,1.0,1.0,1.0,0.5720763210750516,1.0,HEART,1w,20
1,late_fusion,logreg_l2,5,1.0,1.0,1.0,0.36021088908672494,1.0,HEART,1w,20
2,single:TRNSCRPT,centroid,5,0.41666666666666663,0.4,0.4,14.41746135564686,0.4166666666666667,HEART,1w,20
2,single:TRNSCRPT,logreg_l2,5,0.8333333333333333,0.8,0.8,0.5691301743063972,1.0,HEART,1w,20
2,single:TRNSCRPT,rf,5,0.5833333333333333,0.5833333333333333,0.6,0.6924087057593743,0.5,HEART,1w,20
2,single:PROT,centroid,5,0.8333333333333333,0.8,0.8,5.5633273846848175,1.0,HEART,1w,20
2,single:PROT,logreg_l2,5,0.6666666666666666,0.5833333333333333,0.6,0.5153346551453516,1.0,HEART,1w,20
2,single:PROT,rf,5,0.6666666666666666,0.5833333333333333,0.6,0.667956489494378,0.6666666666666667,HEART,1w,20
2,single:METAB,centroid,5,1.0,1.0,1.0,2.2204460492503136e-16,1.0,HEART,1w,20
2,single:METAB,logreg_l2,5,0.8333333333333333,0.8,0.8,0.30913929119274863,1.0,HEART,1w,20
2,single:METAB,rf,5,1.0,1.0,1.0,0.5154240879388476,1.0,HEART,1w,20
2,early_fusion,centroid,5,0.8333333333333333,0.8,0.8,14.41746135564686,0.6666666666666667,HEART,1w,20
2,early_fusion,logreg_l2,5,0.5,0.2857142857142857,0.4,0.6662028212380944,1.0,HEART,1w,20
2,early_fusion,rf,5,1.0,1.0,1.0,0.604222024249664,1.0,HEART,1w,20
2,late_fusion,logreg_l2,5,0.8333333333333333,0.8,0.8,0.4508210044197418,1.0,HEART,1w,20
3,single:TRNSCRPT,centroid,5,0.5833333333333333,0.5833333333333333,0.6,14.417461355649555,0.5833333333333334,HEART,1w,20
3,single:TRNSCRPT,logreg_l2,5,0.6666666666666666,0.5833333333333333,0.6,0.5380060653382548,1.0,HEART,1w,20
3,single:TRNSCRPT,rf,5,0.8333333333333333,0.8,0.8,0.6351238625884184,0.8333333333333333,HEART,1w,20
3,single:PROT,centroid,5,0.41666666666666663,0.4,0.4,21.626192033470293,0.41666666666666663,HEART,1w,20
3,single:PROT,logreg_l2,5,0.41666666666666663,0.4,0.4,0.7978371460086967,0.5,HEART,1w,20
3,single:PROT,rf,5,0.41666666666666663,0.4,0.4,0.7404740074186709,0.6666666666666666,HEART,1w,20
3,single:METAB,centroid,5,1.0,1.0,1.0,2.2204460492503136e-16,1.0,HEART,1w,20
3,single:METAB,logreg_l2,5,1.0,1.0,1.0,0.19375483813919042,1.0,HEART,1w,20
3,single:METAB,rf,5,1.0,1.0,1.0,0.40257099332564483,1.0,HEART,1w,20
3,early_fusion,centroid,5,0.8333333333333333,0.8,0.8,21.626192033470293,0.41666666666666663,HEART,1w,20
3,early_fusion,logreg_l2,5,0.5,0.2857142857142857,0.4,0.6710862964901568,1.0,HEART,1w,20
3,early_fusion,rf,5,0.8333333333333333,0.8,0.8,0.6418683691477539,0.8333333333333333,HEART,1w,20
3,late_fusion,logreg_l2,5,0.8333333333333333,0.8,0.8,0.4644235458916204,1.0,HEART,1w,20
0,single:TRNSCRPT,centroid,5,1.0,1.0,1.0,2.2204460492503136e-16,1.0,HEART,2w,20
0,single:TRNSCRPT,logreg_l2,5,1.0,1.0,1.0,0.25743201380392106,1.0,HEART,2w,20
0,single:TRNSCRPT,rf,5,1.0,1.0,1.0,0.5049448576916976,1.0,HEART,2w,20
0,single:PROT,centroid,5,0.8333333333333333,0.8,0.8,7.20873067782343,1.0,HEART,2w,20
0,single:PROT,logreg_l2,5,0.8333333333333333,0.8,0.8,0.32626713121243583,1.0,HEART,2w,20
0,single:PROT,rf,5,0.8333333333333333,0.8,0.8,0.5337611745735533,1.0,HEART,2w,20
0,single:METAB,centroid,5,0.8333333333333333,0.8,0.8,7.20873067782343,1.0,HEART,2w,20
0,single:METAB,logreg_l2,5,1.0,1.0,1.0,0.27804716484238784,1.0,HEART,2w,20
0,single:METAB,rf,5,0.8333333333333333,0.8,0.8,0.4706543271654753,1.0,HEART,2w,20
0,early_fusion,centroid,5,1.0,1.0,1.0,2.2204460492503136e-16,1.0,HEART,2w,20
0,early_fusion,logreg_l2,5,0.6666666666666666,0.5833333333333333,0.6,0.6386614531187262,1.0,HEART,2w,20
0,early_fusion,rf,5,1.0,1.0,1.0,0.44069922922366167,1.0,HEART,2w,20
0,late_fusion,logreg_l2,5,1.0,1.0,1.0,0.27852865662164794,1.0,HEART,2w,20
1,single:TRNSCRPT,centroid,5,1.0,1.0,1.0,2.2204460492503136e-16,1.0,HEART,2w,20
1,single:TRNSCRPT,logreg_l2,5,0.8333333333333333,0.8,0.8,0.292300721715805,1.0,HEART,2w,20
1,single:TRNSCRPT,rf,5,1.0,1.0,1.0,0.5252472590991455,1.0,HEART,2w,20
1,single:PROT,centroid,5,0.8333333333333333,0.8,0.8,7.20873067782343,0.8333333333333334,HEART,2w,20
1,single:PROT,logreg_l2,5,0.6666666666666666,0.5833333333333333,0.6,0.5060285023133965,1.0,HEART,2w,20
1,single:PROT,rf,5,0.8333333333333333,0.8,0.8,0.5485409644654093,1.0,HEART,2w,20
1,single:METAB,centroid,5,0.8333333333333333,0.8,0.8,7.208730677823437,0.8333333333333334,HEART,2w,20
1,single:METAB,logreg_l2,5,1.0,1.0,1.0,0.07462516282354892,1.0,HEART,2w,20
1,single:METAB,rf,5,0.6666666666666666,0.5833333333333333,0.6,0.48451776428982385,1.0,HEART,2w,20
1,early_fusion,centroid,5,1.0,1.0,1.0,2.2204460492503136e-16,1.0,HEART,2w,20
1,early_fusion,logreg_l2,5,0.8333333333333333,0.8,0.8,0.6445484444927336,1.0,HEART,2w,20
1,early_fusion,rf,5,1.0,1.0,1.0,0.4511694086174363,1.0,HEART,2w,20
1,late_fusion,logreg_l2,5,1.0,1.0,1.0,0.25891757464336757,1.0,HEART,2w,20
2,single:TRNSCRPT,centroid,5,0.6666666666666666,0.5833333333333333,0.6,4.98149858145989,1.0,HEART,2w,20
2,single:TRNSCRPT,logreg_l2,5,0.8333333333333333,0.8,0.8,0.43425814488782566,1.0,HEART,2w,20
2,single:TRNSCRPT,rf,5,0.8333333333333333,0.8,0.8,0.5603157455039764,1.0,HEART,2w,20
2,single:PROT,centroid,5,0.75,0.7619047619047619,0.8,7.20873067782343,0.8333333333333334,HEART,2w,20
2,single:PROT,logreg_l2,5,1.0,1.0,1.0,0.3050325326562294,1.0,HEART,2w,20
2,single:PROT,rf,5,0.5833333333333333,0.5833333333333333,0.6,0.571914664397585,0.8333333333333334,HEART,2w,20
2,single:METAB,centroid,5,1.0,1.0,1.0,2.2204460492503136e-16,1.0,HEART,2w,20
2,single:METAB,logreg_l2,5,1.0,1.0,1.0,0.19365081580058466,1.0,HEART,2w,20
2,single:METAB,rf,5,1.0,1.0,1.0,0.3784283189687165,1.0,HEART,2w,20
2,early_fusion,centroid,5,1.0,1.0,1.0,14.41746135564686,0.6666666666666667,HEART,2w,20
2,early_fusion,logreg_l2,5,0.6666666666666666,0.5833333333333333,0.6,0.6351909183077258,1.0,HEART,2w,20
2,early_fusion,rf,5,0.8333333333333333,0.8,0.8,0.45839761590512723,1.0,HEART,2w,20
2,late_fusion,logreg_l2,5,1.0,1.0,1.0,0.3005447108414815,1.0,HEART,2w,20
3,single:TRNSCRPT,centroid,5,0.5833333333333333,0.5833333333333333,0.6,14.41746135564686,0.6666666666666666,HEART,2w,20
3,single:TRNSCRPT,logreg_l2,5,0.5833333333333333,0.5833333333333333,0.6,0.6236519385787227,0.6666666666666666,HEART,2w,20
3,single:TRNSCRPT,rf,5,0.5833333333333333,0.5833333333333333,0.6,0.6857405685791629,0.5,HEART,2w,20
3,single:PROT,centroid,5,0.41666666666666663,0.4,0.4,21.626192033470293,0.5833333333333334,HEART,2w,20
3,single:PROT,logreg_l2,5,0.41666666666666663,0.4,0.4,0.9098873381845038,0.5,HEART,2w,20
3,single:PROT,rf,5,0.41666666666666663,0.4,0.4,0.7852091620963347,0.6666666666666666,HEART,2w,20
3,single:METAB,centroid,5,1.0,1.0,1.0,2.2204460492503136e-16,1.0,HEART,2w,20
3,single:METAB,logreg_l2,5,1.0,1.0,1.0,0.04259359068766226,1.0,HEART,2w,20
3,single:METAB,rf,5,1.0,1.0,1.0,0.42194853142348415,1.0,HEART,2w,20
3,early_fusion,centroid,5,0.8333333333333333,0.8,0.8,14.41746135564686,0.8333333333333333,HEART,2w,20
3,early_fusion,logreg_l2,5,0.6666666666666666,0.5833333333333333,0.6,0.6556304496312357,1.0,HEART,2w,20
3,early_fusion,rf,5,0.8333333333333333,0.8,0.8,0.5813054311548432,1.0,HEART,2w,20
3,late_fusion,logreg_l2,5,0.8333333333333333,0.8,0.8,0.4160047003033009,1.0,HEART,2w,20
0,single:TRNSCRPT,centroid,5,0.75,0.7619047619047619,0.8,7.20873067782343,0.75,HEART,4w,20
0,single:TRNSCRPT,logreg_l2,5,0.75,0.7619047619047619,0.8,0.46557573619019443,1.0,HEART,4w,20
0,single:TRNSCRPT,rf,5,0.75,0.7619047619047619,0.8,0.5140503956563721,1.0,HEART,4w,20
0,single:PROT,centroid,5,0.8333333333333333,0.8,0.8,0.00014303888185283274,1.0,HEART,4w,20
0,single:PROT,logreg_l2,5,1.0,1.0,1.0,0.32611718779383053,1.0,HEART,4w,20
0,single:PROT,rf,5,0.8333333333333333,0.8,0.8,0.47772852304476077,1.0,HEART,4w,20
0,single:METAB,centroid,5,0.8333333333333333,0.8,0.8,7.20873067782343,0.6666666666666666,HEART,4w,20
0,single:METAB,logreg_l2,5,0.8333333333333333,0.8,0.8,0.4427007511084389,0.8333333333333333,HEART,4w,20
0,single:METAB,rf,5,0.8333333333333333,0.8,0.8,0.5714929043472392,0.6666666666666666,HEART,4w,20
0,early_fusion,centroid,5,1.0,1.0,1.0,7.20873067782343,0.75,HEART,4w,20
0,early_fusion,logreg_l2,5,0.8333333333333333,0.8,0.8,0.6464593265080778,1.0,HEART,4w,20
0,early_fusion,rf,5,1.0,1.0,1.0,0.4481195808758325,1.0,HEART,4w,20
0,late_fusion,logreg_l2,5,1.0,1.0,1.0,0.38256038426716976,1.0,HEART,4w,20
1,single:TRNSCRPT,centroid,5,1.0,1.0,1.0,2.2204460492503136e-16,1.0,HEART,4w,20
1,single:TRNSCRPT,logreg_l2,5,1.0,1.0,1.0,0.35061034231545285,1.0,HEART,4w,20
1,single:TRNSCRPT,rf,5,0.8333333333333333,0.8,0.8,0.5548490524266958,1.0,HEART,4w,20
1,single:PROT,centroid,5,1.0,1.0,1.0,2.2204460492503136e-16,1.0,HEART,4w,20
1,single:PROT,logreg_l2,5,1.0,1.0,1.0,0.1617896460792013,1.0,HEART,4w,20
1,single:PROT,rf,5,1.0,1.0,1.0,0.38479843508754435,1.0,HEART,4w,20
1,single:METAB,centroid,5,0.5833333333333333,0.5833333333333333,0.6,14.41746135564686,0.7500000000000001,HEART,4w,20
1,single:METAB,logreg_l2,5,1.0,1.0,1.0,0.3259031012704422,1.0,HEART,4w,20
1,single:METAB,rf,5,1.0,1.0,1.0,0.4215923091068471,1.0,HEART,4w,20
1,early_fusion,centroid,5,1.0,1.0,1.0,2.2204460492503136e-16,1.0,HEART,4w,20
1,early_fusion,logreg_l2,5,0.8333333333333333,0.8,0.8,0.6368678908260937,1.0,HEART,4w,20
1,early_fusion,rf,5,1.0,1.0,1.0,0.4276028971638074,1.0,HEART,4w,20
1,late_fusion,logreg_l2,5,1.0,1.0,1.0,0.2697470442722662,1.0,HEART,4w,20
2,single:TRNSCRPT,centroid,5,1.0,1.0,1.0,2.2204460492503136e-16,1.0,HEART,4w,20
2,single:TRNSCRPT,logreg_l2,5,1.0,1.0,1.0,0.17882383403807817,1.0,HEART,4w,20
2,single:TRNSCRPT,rf,5,1.0,1.0,1.0,0.4967875236083354,1.0,HEART,4w,20
2,single:PROT,centroid,5,1.0,1.0,1.0,6.295528543911983e-11,1.0,HEART,4w,20
2,single:PROT,logreg_l2,5,0.8333333333333333,0.8,0.8,0.37656001466115424,1.0,HEART,4w,20
2,single:PROT,rf,5,1.0,1.0,1.0,0.47018278815277037,1.0,HEART,4w,20
2,single:METAB,centroid,5,1.0,1.0,1.0,2.2204460492503136e-16,1.0,HEART,4w,20
2,single:METAB,logreg_l2,5,1.0,1.0,1.0,0.2761462510092132,1.0,HEART,4w,20
2,single:METAB,rf,5,1.0,1.0,1.0,0.46697641542324453,1.0,HEART,4w,20
2,early_fusion,centroid,5,1.0,1.0,1.0,2.2204460492503136e-16,1.0,HEART,4w,20
2,early_fusion,logreg_l2,5,0.8333333333333333,0.8,0.8,0.6306728099690702,1.0,HEART,4w,20
2,early_fusion,rf,5,1.0,1.0,1.0,0.4344388921252527,1.0,HEART,4w,20
2,late_fusion,logreg_l2,5,1.0,1.0,1.0,0.26275955493565023,1.0,HEART,4w,20
3,single:TRNSCRPT,centroid,5,0.41666666666666663,0.4,0.4,10.013576319483644,0.8333333333333333,HEART,4w,20
3,single:TRNSCRPT,logreg_l2,5,0.6666666666666666,0.5833333333333333,0.6,0.6272955724803408,0.6666666666666666,HEART,4w,20
3,single:TRNSCRPT,rf,5,0.8333333333333333,0.8,0.8,0.5991284290239361,1.0,HEART,4w,20
3,single:PROT,centroid,5,0.6666666666666666,0.5833333333333333,0.6,14.41746135564686,1.0,HEART,4w,20
3,single:PROT,logreg_l2,5,0.6666666666666666,0.5833333333333333,0.6,0.48389658986550665,1.0,HEART,4w,20
3,single:PROT,rf,5,0.6666666666666666,0.5833333333333333,0.6,0.5648903670116445,1.0,HEART,4w,20
3,single:METAB,centroid,5,0.8333333333333333,0.8,0.8,2.2204460492503136e-16,1.0,HEART,4w,20
3,single:METAB,logreg_l2,5,1.0,1.0,1.0,0.27090107734163726,1.0,HEART,4w,20
3,single:METAB,rf,5,1.0,1.0,1.0,0.4053156912503053,1.0,HEART,4w,20
3,early_fusion,centroid,5,1.0,1.0,1.0,21.626192033470293,0.49999999999999994,HEART,4w,20
3,early_fusion,logreg_l2,5,0.5,0.2857142857142857,0.4,0.6653068603500953,1.0,HEART,4w,20
3,early_fusion,rf,5,0.8333333333333333,0.8,0.8,0.6073622937014883,0.8333333333333333,HEART,4w,20
3,late_fusion,logreg_l2,5,0.8333333333333333,0.8,0.8,0.43153498254916,1.0,HEART,4w,20
0,single:TRNSCRPT,centroid,6,1.0,1.0,1.0,2.2204460492503136e-16,1.0,HEART,8w,20
0,single:TRNSCRPT,logreg_l2,6,1.0,1.0,1.0,0.18203484128968295,1.0,HEART,8w,20
0,single:TRNSCRPT,rf,6,1.0,1.0,1.0,0.4373105995740323,1.0,HEART,8w,20
0,single:PROT,centroid,6,1.0,1.0,1.0,2.2204460492503136e-16,1.0,HEART,8w,20
0,single:PROT,logreg_l2,6,1.0,1.0,1.0,0.2533567350877736,1.0,HEART,8w,20
0,single:PROT,rf,6,1.0,1.0,1.0,0.31596563970645886,1.0,HEART,8w,20
0,single:METAB,centroid,6,0.625,0.625,0.6666666666666666,12.014551129705717,0.6875,HEART,8w,20
0,single:METAB,logreg_l2,6,0.75,0.7777777777777777,0.8333333333333334,0.7208818151625384,0.5,HEART,8w,20
0,single:METAB,rf,6,0.625,0.625,0.6666666666666666,0.574474963667798,0.625,HEART,8w,20
0,early_fusion,centroid,6,0.75,0.7777777777777777,0.8333333333333334,2.2204460492503136e-16,1.0,HEART,8w,20
0,early_fusion,logreg_l2,6,0.5,0.25,0.3333333333333333,0.6877867995570428,1.0,HEART,8w,20
0,early_fusion,rf,6,1.0,1.0,1.0,0.40714561043899383,1.0,HEART,8w,20
0,late_fusion,logreg_l2,6,1.0,1.0,1.0,0.29830048388439506,1.0,HEART,8w,20
1,single:TRNSCRPT,centroid,5,1.0,1.0,1.0,2.2204460492503136e-16,1.0,HEART,8w,20
1,single:TRNSCRPT,logreg_l2,5,1.0,1.0,1.0,0.2940794098005394,1.0,HEART,8w,20
1,single:TRNSCRPT,rf,5,1.0,1.0,1.0,0.43717318886742296,1.0,HEART,8w,20
1,single:PROT,centroid,5,1.0,1.0,1.0,2.2204460492503136e-16,1.0,HEART,8w,20
1,single:PROT,logreg_l2,5,1.0,1.0,1.0,0.18868265532079495,1.0,HEART,8w,20
1,single:PROT,rf,5,1.0,1.0,1.0,0.2908617316544595,1.0,HEART,8w,20
1,single:METAB,centroid,5,1.0,1.0,1.0,1.8828050230101715e-12,1.0,HEART,8w,20
1,single:METAB,logreg_l2,5,1.0,1.0,1.0,0.3021505924232771,1.0,HEART,8w,20
1,single:METAB,rf,5,1.0,1.0,1.0,0.4464895227547744,1.0,HEART,8w,20
1,early_fusion,centroid,5,1.0,1.0,1.0,2.2204460492503136e-16,1.0,HEART,8w,20
1,early_fusion,logreg_l2,5,0.8333333333333333,0.8,0.8,0.6320220309734907,1.0,HEART,8w,20
1,early_fusion,rf,5,1.0,1.0,1.0,0.36108163258305376,1.0,HEART,8w,20
1,late_fusion,logreg_l2,5,1.0,1.0,1.0,0.257810380365265,1.0,HEART,8w,20
2,single:TRNSCRPT,centroid,5,1.0,1.0,1.0,2.2204460492503136e-16,1.0,HEART,8w,20
2,single:TRNSCRPT,logreg_l2,5,1.0,1.0,1.0,0.38203648040770777,1.0,HEART,8w,20
2,single:TRNSCRPT,rf,5,1.0,1.0,1.0,0.4889980336813987,1.0,HEART,8w,20
2,single:PROT,centroid,5,1.0,1.0,1.0,2.2204460492503136e-16,1.0,HEART,8w,20
2,single:PROT,logreg_l2,5,1.0,1.0,1.0,0.21989990609545956,1.0,HEART,8w,20
2,single:PROT,rf,5,1.0,1.0,1.0,0.24921435764659233,1.0,HEART,8w,20
2,single:METAB,centroid,5,1.0,1.0,1.0,2.2204460492503136e-16,1.0,HEART,8w,20
2,single:METAB,logreg_l2,5,1.0,1.0,1.0,0.17169785118975806,1.0,HEART,8w,20
2,single:METAB,rf,5,1.0,1.0,1.0,0.3332605788659541,1.0,HEART,8w,20
2,early_fusion,centroid,5,1.0,1.0,1.0,7.20873067782343,0.8333333333333334,HEART,8w,20
2,early_fusion,logreg_l2,5,0.8333333333333333,0.8,0.8,0.6336017277006286,1.0,HEART,8w,20
2,early_fusion,rf,5,1.0,1.0,1.0,0.46162711310918636,1.0,HEART,8w,20
2,late_fusion,logreg_l2,5,1.0,1.0,1.0,0.25091700068215017,1.0,HEART,8w,20
3,single:TRNSCRPT,centroid,4,0.75,0.7333333333333334,0.75,2.2204460492503136e-16,1.0,HEART,8w,20
3,single:TRNSCRPT,logreg_l2,4,1.0,1.0,1.0,0.3324062499417588,1.0,HEART,8w,20
3,single:TRNSCRPT,rf,4,1.0,1.0,1.0,0.4817594134514258,1.0,HEART,8w,20
3,single:PROT,centroid,4,1.0,1.0,1.0,2.2204460492503136e-16,1.0,HEART,8w,20
3,single:PROT,logreg_l2,4,1.0,1.0,1.0,0.3026777532358562,1.0,HEART,8w,20
3,single:PROT,rf,4,1.0,1.0,1.0,0.3387466629566693,1.0,HEART,8w,20
3,single:METAB,centroid,4,0.75,0.7333333333333334,0.75,9.010913347279288,1.0,HEART,8w,20
3,single:METAB,logreg_l2,4,1.0,1.0,1.0,0.3236215423157518,1.0,HEART,8w,20
3,single:METAB,rf,4,1.0,1.0,1.0,0.47750807580401494,1.0,HEART,8w,20
3,early_fusion,centroid,4,1.0,1.0,1.0,2.2204460492503136e-16,1.0,HEART,8w,20
3,early_fusion,logreg_l2,4,1.0,1.0,1.0,0.6242643491973238,1.0,HEART,8w,20
3,early_fusion,rf,4,1.0,1.0,1.0,0.4219473444461298,1.0,HEART,8w,20
3,late_fusion,logreg_l2,4,1.0,1.0,1.0,0.31319194562698194,1.0,HEART,8w,20
0,single:TRNSCRPT,centroid,5,0.6666666666666666,0.5833333333333333,0.6,14.41746135564686,0.6666666666666666,KIDNEY,1w,20
0,single:TRNSCRPT,logreg_l2,5,0.8333333333333333,0.8,0.8,0.4768214186110301,1.0,KIDNEY,1w,20
0,single:TRNSCRPT,rf,5,0.8333333333333333,0.8,0.8,0.5892183537819896,1.0,KIDNEY,1w,20
0,single:PROT,centroid,5,0.41666666666666663,0.4,0.4,14.417475052917055,0.6666666666666666,KIDNEY,1w,20
0,single:PROT,logreg_l2,5,0.6666666666666666,0.5833333333333333,0.6,0.6352116438696642,1.0,KIDNEY,1w,20
0,single:PROT,rf,5,0.6666666666666666,0.5833333333333333,0.6,0.6961796275606603,0.5,KIDNEY,1w,20
0,single:METAB,centroid,5,1.0,1.0,1.0,2.2204460492503136e-16,1.0,KIDNEY,1w,20
0,single:METAB,logreg_l2,5,1.0,1.0,1.0,0.016963666701646035,1.0,KIDNEY,1w,20
0,single:METAB,rf,5,1.0,1.0,1.0,0.3841860681796471,1.0,KIDNEY,1w,20
0,early_fusion,centroid,5,1.0,1.0,1.0,7.20873067782343,0.8333333333333333,KIDNEY,1w,20
0,early_fusion,logreg_l2,5,0.5,0.2857142857142857,0.4,0.6730959556462619,1.0,KIDNEY,1w,20
0,early_fusion,rf,5,0.8333333333333333,0.8,0.8,0.6046290801638653,1.0,KIDNEY,1w,20
0,late_fusion,logreg_l2,5,1.0,1.0,1.0,0.33712986913054493,1.0,KIDNEY,1w,20
1,single:TRNSCRPT,centroid,5,0.6666666666666666,0.5833333333333333,0.6,14.41746135564686,0.6666666666666667,KIDNEY,1w,20
1,single:TRNSCRPT,logreg_l2,5,0.8333333333333333,0.8,0.8,0.5860681975428536,1.0,KIDNEY,1w,20
1,single:TRNSCRPT,rf,5,0.6666666666666666,0.5833333333333333,0.6,0.6008815339144892,1.0,KIDNEY,1w,20
1,single:PROT,centroid,5,0.25,0.16666666666666666,0.2,28.83492271129372,0.25,KIDNEY,1w,20
1,single:PROT,logreg_l2,5,0.6666666666666666,0.5833333333333333,0.6,0.7571670360140003,0.33333333333333337,KIDNEY,1w,20
1,single:PROT,rf,5,0.8333333333333333,0.8,0.8,0.6679021612215298,0.8333333333333334,KIDNEY,1w,20
1,single:METAB,centroid,5,0.75,0.7619047619047619,0.8,7.20873067782343,1.0,KIDNEY,1w,20
1,single:METAB,logreg_l2,5,0.75,0.7619047619047619,0.8,0.3049818723684935,1.0,KIDNEY,1w,20
1,single:METAB,rf,5,1.0,1.0,1.0,0.44801993817272506,1.0,KIDNEY,1w,20
1,early_fusion,centroid,5,0.8333333333333333,0.8,0.8,14.41746135564686,0.6666666666666667,KIDNEY,1w,20
1,early_fusion,logreg_l2,5,0.6666666666666666,0.5833333333333333,0.6,0.6727948390490134,1.0,KIDNEY,1w,20
1,early_fusion,rf,5,0.6666666666666666,0.5833333333333333,0.6,0.5925207199712279,1.0,KIDNEY,1w,20
1,late_fusion,logreg_l2,5,0.8333333333333333,0.8,0.8,0.4597170522341826,1.0,KIDNEY,1w,20
2,single:TRNSCRPT,centroid,5,0.3333333333333333,0.2857142857142857,0.4,18.982834804388165,0.5,KIDNEY,1w,20
2,single:TRNSCRPT,logreg_l2,5,0.75,0.7619047619047619,0.8,0.599045380815807,1.0,KIDNEY,1w,20
2,single:TRNSCRPT,rf,5,0.5833333333333333,0.5833333333333333,0.6,0.6784613611121285,0.6666666666666667,KIDNEY,1w,20
2,single:PROT,centroid,5,0.5,0.2857142857142857,0.4,21.626192033470293,0.25,KIDNEY,1w,20
2,single:PROT,logreg_l2,5,0.5,0.2857142857142857,0.4,0.8149952384154645,0.8333333333333334,KIDNEY,1w,20
2,single:PROT,rf,5,0.5,0.2857142857142857,0.4,0.6861842505620045,1.0,KIDNEY,1w,20
2,single:METAB,centroid,5,0.41666666666666663,0.4,0.4,21.626192033470293,0.33333333333333337,KIDNEY,1w,20
2,single:METAB,logreg_l2,5,0.6666666666666666,0.5833333333333333,0.6,0.6745000231193817,0.6666666666666667,KIDNEY,1w,20
2,single:METAB,rf,5,0.6666666666666666,0.5833333333333333,0.6,0.689750425893882,0.6666666666666667,KIDNEY,1w,20
2,early_fusion,centroid,5,0.41666666666666663,0.4,0.4,7.20873067782343,0.8333333333333334,KIDNEY,1w,20
2,early_fusion,logreg_l2,5,0.5,0.2857142857142857,0.4,0.7047507892642552,0.6666666666666667,KIDNEY,1w,20
2,early_fusion,rf,5,0.6666666666666666,0.5833333333333333,0.6,0.6545451014600864,0.8333333333333334,KIDNEY,1w,20
2,late_fusion,logreg_l2,5,0.6666666666666666,0.5833333333333333,0.6,0.6636354723542023,0.8333333333333334,KIDNEY,1w,20
3,single:TRNSCRPT,centroid,5,0.8333333333333333,0.8,0.8,3.357898434731021,1.0,KIDNEY,1w,20
3,single:TRNSCRPT,logreg_l2,5,1.0,1.0,1.0,0.44962167271247705,1.0,KIDNEY,1w,20
3,single:TRNSCRPT,rf,5,1.0,1.0,1.0,0.5685901514070376,1.0,KIDNEY,1w,20
3,single:PROT,centroid,5,0.41666666666666663,0.4,0.4,17.95247488049,0.5,KIDNEY,1w,20
3,single:PROT,logreg_l2,5,0.6666666666666666,0.5833333333333333,0.6,0.6899471149442002,0.6666666666666666,KIDNEY,1w,20
3,single:PROT,rf,5,0.6666666666666666,0.5833333333333333,0.6,0.6539507827123133,1.0,KIDNEY,1w,20
3,single:METAB,centroid,5,0.8333333333333333,0.8,0.8,2.2204460492503136e-16,1.0,KIDNEY,1w,20
3,single:METAB,logreg_l2,5,1.0,1.0,1.0,0.3092193859712279,1.0,KIDNEY,1w,20
3,single:METAB,rf,5,1.0,1.0,1.0,0.4568874738995944,1.0,KIDNEY,1w,20
3,early_fusion,centroid,5,1.0,1.0,1.0,14.41746135564686,0.8333333333333333,KIDNEY,1w,20
3,early_fusion,logreg_l2,5,0.5,0.2857142857142857,0.4,0.6806405590057473,1.0,KIDNEY,1w,20
3,early_fusion,rf,5,1.0,1.0,1.0,0.5716257709168016,1.0,KIDNEY,1w,20
3,late_fusion,logreg_l2,5,1.0,1.0,1.0,0.46445210983514473,1.0,KIDNEY,1w,20
0,single:TRNSCRPT,centroid,5,0.41666666666666663,0.4,0.4,21.626192033470293,0.5833333333333334,KIDNEY,2w,20
0,single:TRNSCRPT,logreg_l2,5,0.6666666666666666,0.5833333333333333,0.6,0.5118910952679285,1.0,KIDNEY,2w,20
0,single:TRNSCRPT,rf,5,0.5833333333333333,0.5833333333333333,0.6,0.6169776767107383,0.8333333333333333,KIDNEY,2w,20
0,single:PROT,centroid,5,0.75,0.7619047619047619,0.8,1.7883035516983656,1.0,KIDNEY,2w,20
0,single:PROT,logreg_l2,5,1.0,1.0,1.0,0.14430533712441385,1.0,KIDNEY,2w,20
0,single:PROT,rf,5,1.0,1.0,1.0,0.5530932785758662,1.0,KIDNEY,2w,20
0,single:METAB,centroid,5,0.75,0.7619047619047619,0.8,1.1000089727989066e-13,1.0,KIDNEY,2w,20
0,single:METAB,logreg_l2,5,1.0,1.0,1.0,0.321122147137327,1.0,KIDNEY,2w,20
0,single:METAB,rf,5,0.75,0.7619047619047619,0.8,0.4602089204568374,1.0,KIDNEY,2w,20
0,early_fusion,centroid,5,0.5833333333333333,0.5833333333333333,0.6,14.41746135564686,0.5833333333333333,KIDNEY,2w,20
0,early_fusion,logreg_l2,5,0.5,0.2857142857142857,0.4,0.6886665400948273,0.6666666666666666,KIDNEY,2w,20
0,early_fusion,rf,5,0.5833333333333333,0.5833333333333333,0.6,0.6016709728166676,0.8333333333333333,KIDNEY,2w,20
0,late_fusion,logreg_l2,5,1.0,1.0,1.0,0.29990981862589833,1.0,KIDNEY,2w,20
1,single:TRNSCRPT,centroid,5,0.5,0.2857142857142857,0.4,20.989052397396158,0.6666666666666667,KIDNEY,2w,20
1,single:TRNSCRPT,logreg_l2,5,0.5,0.2857142857142857,0.4,0.7056083946897935,1.0,KIDNEY,2w,20
1,single:TRNSCRPT,rf,5,0.5,0.2857142857142857,0.4,0.7165902879885313,1.0,KIDNEY,2w,20
1,single:PROT,centroid,5,0.6666666666666666,0.5833333333333333,0.6,8.722809342214266,1.0,KIDNEY,2w,20
1,single:PROT,logreg_l2,5,0.6666666666666666,0.5833333333333333,0.6,0.46713809840175075,1.0,KIDNEY,2w,20
1,single:PROT,rf,5,0.6666666666666666,0.5833333333333333,0.6,0.6572740439607133,0.8333333333333334,KIDNEY,2w,20
1,single:METAB,centroid,5,0.41666666666666663,0.4,0.4,21.626192033470293,0.5,KIDNEY,2w,20
1,single:METAB,logreg_l2,5,0.5833333333333333,0.5833333333333333,0.6,0.5163727657677739,0.6666666666666667,KIDNEY,2w,20
1,single:METAB,rf,5,0.8333333333333333,0.8,0.8,0.5928865680926361,1.0,KIDNEY,2w,20
1,early_fusion,centroid,5,0.6666666666666666,0.5833333333333333,0.6,21.626192033470293,0.5,KIDNEY,2w,20
1,early_fusion,logreg_l2,5,0.5,0.2857142857142857,0.4,0.7027708158098739,0.8333333333333334,KIDNEY,2w,20
1,early_fusion,rf,5,0.5,0.2857142857142857,0.4,0.6728927963418451,1.0,KIDNEY,2w,20
1,late_fusion,logreg_l2,5,0.6666666666666666,0.5833333333333333,0.6,0.5432725986289844,1.0,KIDNEY,2w,20
2,single:TRNSCRPT,centroid,5,0.5833333333333333,0.5833333333333333,0.6,13.237592909976915,0.33333333333333337,KIDNEY,2w,20
2,single:TRNSCRPT,logreg_l2,5,0.8333333333333333,0.8,0.8,0.5324481213569409,1.0,KIDNEY,2w,20
2,single:TRNSCRPT,rf,5,0.8333333333333333,0.8,0.8,0.6948668597336838,0.6666666666666667,KIDNEY,2w,20
2,single:PROT,centroid,5,0.5833333333333333,0.5833333333333333,0.6,8.595808843949687,0.8333333333333334,KIDNEY,2w,20
2,single:PROT,logreg_l2,5,0.8333333333333333,0.8,0.8,0.5497443943032595,0.6666666666666667,KIDNEY,2w,20
2,single:PROT,rf,5,0.5833333333333333,0.5833333333333333,0.6,0.6595999077443886,0.6666666666666667,KIDNEY,2w,20
2,single:METAB,centroid,5,1.0,1.0,1.0,2.2204460492503136e-16,1.0,KIDNEY,2w,20
2,single:METAB,logreg_l2,5,1.0,1.0,1.0,0.39523372050517974,1.0,KIDNEY,2w,20
2,single:METAB,rf,5,1.0,1.0,1.0,0.48768383468116616,1.0,KIDNEY,2w,20
2,early_fusion,centroid,5,0.8333333333333333,0.8,0.8,7.20873067782343,0.8333333333333334,KIDNEY,2w,20
2,early_fusion,logreg_l2,5,0.5,0.2857142857142857,0.4,0.6903873653691623,1.0,KIDNEY,2w,20
2,early_fusion,rf,5,0.8333333333333333,0.8,0.8,0.6220872850424504,1.0,KIDNEY,2w,20
2,late_fusion,logreg_l2,5,0.8333333333333333,0.8,0.8,0.46809259133138836,1.0,KIDNEY,2w,20
3,single:TRNSCRPT,centroid,5,0.75,0.7619047619047619,0.8,5.935646381319728,1.0,KIDNEY,2w,20
3,single:TRNSCRPT,logreg_l2,5,0.75,0.7619047619047619,0.8,0.35618657541295307,1.0,KIDNEY,2w,20
3,single:TRNSCRPT,rf,5,1.0,1.0,1.0,0.5863574055138651,1.0,KIDNEY,2w,20
3,single:PROT,centroid,5,0.8333333333333333,0.8,0.8,6.2403885445464455,1.0,KIDNEY,2w,20
3,single:PROT,logreg_l2,5,0.6666666666666666,0.5833333333333333,0.6,0.5528616318829155,1.0,KIDNEY,2w,20
3,single:PROT,rf,5,0.8333333333333333,0.8,0.8,0.6266638159084815,1.0,KIDNEY,2w,20
3,single:METAB,centroid,5,1.0,1.0,1.0,2.2204460492503136e-16,1.0,KIDNEY,2w,20
3,single:METAB,logreg_l2,5,1.0,1.0,1.0,0.32189808978275725,1.0,KIDNEY,2w,20
3,single:METAB,rf,5,1.0,1.0,1.0,0.4609008887360174,1.0,KIDNEY,2w,20
3,early_fusion,centroid,5,0.6666666666666666,0.5833333333333333,0.6,14.41746135564686,0.8333333333333333,KIDNEY,2w,20
3,early_fusion,logreg_l2,5,0.5,0.2857142857142857,0.4,0.6845148849405506,1.0,KIDNEY,2w,20
3,early_fusion,rf,5,0.8333333333333333,0.8,0.8,0.6032616735017537,1.0,KIDNEY,2w,20
3,late_fusion,logreg_l2,5,1.0,1.0,1.0,0.39239802103248816,1.0,KIDNEY,2w,20
0,single:TRNSCRPT,centroid,5,0.41666666666666663,0.4,0.4,21.626192033470293,0.41666666666666663,KIDNEY,4w,20
0,single:TRNSCRPT,logreg_l2,5,0.41666666666666663,0.4,0.4,0.7225109554382596,0.3333333333333333,KIDNEY,4w,20
0,single:TRNSCRPT,rf,5,0.6666666666666666,0.5833333333333333,0.6,0.7274170860691866,0.3333333333333333,KIDNEY,4w,20
0,single:PROT,centroid,5,0.41666666666666663,0.4,0.4,21.626192033470293,0.41666666666666663,KIDNEY,4w,20
0,single:PROT,logreg_l2,5,0.5833333333333333,0.5833333333333333,0.6,0.6991844421573191,0.5,KIDNEY,4w,20
0,single:PROT,rf,5,0.6666666666666666,0.5833333333333333,0.6,0.6875841366623308,0.6666666666666666,KIDNEY,4w,20
0,single:METAB,centroid,5,0.8333333333333333,0.8,0.8,7.20873067782343,0.8333333333333333,KIDNEY,4w,20
0,single:METAB,logreg_l2,5,0.8333333333333333,0.8,0.8,0.45286170161880335,1.0,KIDNEY,4w,20
0,single:METAB,rf,5,0.8333333333333333,0.8,0.8,0.6079058109535904,0.8333333333333333,KIDNEY,4w,20
0,early_fusion,centroid,5,0.41666666666666663,0.4,0.4,21.626192033470293,0.41666666666666663,KIDNEY,4w,20
0,early_fusion,logreg_l2,5,0.5,0.2857142857142857,0.4,0.7065573198007982,0.6666666666666666,KIDNEY,4w,20
0,early_fusion,rf,5,0.5833333333333333,0.5833333333333333,0.6,0.728951643362511,0.3333333333333333,KIDNEY,4w,20
0,late_fusion,logreg_l2,5,0.5833333333333333,0.5833333333333333,0.6,0.6052546063364561,0.6666666666666666,KIDNEY,4w,20
1,single:TRNSCRPT,centroid,5,0.41666666666666663,0.4,0.4,21.626192033470293,0.5,KIDNEY,4w,20
1,single:TRNSCRPT,logreg_l2,5,0.8333333333333333,0.8,0.8,0.7910999180491997,0.6666666666666667,KIDNEY,4w,20
1,single:TRNSCRPT,rf,5,0.41666666666666663,0.4,0.4,0.6881065703215491,0.6666666666666667,KIDNEY,4w,20
1,single:PROT,centroid,5,0.5833333333333333,0.5833333333333333,0.6,14.41746135564686,0.5833333333333334,KIDNEY,4w,20
1,single:PROT,logreg_l2,5,0.8333333333333333,0.8,0.8,0.5111048340282871,0.8333333333333334,KIDNEY,4w,20
1,single:PROT,rf,5,0.5833333333333333,0.5833333333333333,0.6,0.6419996369825095,0.6666666666666667,KIDNEY,4w,20
1,single:METAB,centroid,5,0.75,0.7619047619047619,0.8,17.007085551982016,0.6666666666666667,KIDNEY,4w,20
1,single:METAB,logreg_l2,5,0.8333333333333333,0.8,0.8,0.5365692412003236,0.8333333333333334,KIDNEY,4w,20
1,single:METAB,rf,5,0.5833333333333333,0.5833333333333333,0.6,0.6795498459725619,0.5,KIDNEY,4w,20
1,early_fusion,centroid,5,0.5833333333333333,0.5833333333333333,0.6,21.626192033470293,0.41666666666666663,KIDNEY,4w,20
1,early_fusion,logreg_l2,5,0.5,0.2857142857142857,0.4,0.6965346074882641,0.8333333333333334,KIDNEY,4w,20
1,early_fusion,rf,5,0.5833333333333333,0.5833333333333333,0.6,0.6705282806422974,0.6666666666666667,KIDNEY,4w,20
1,late_fusion,logreg_l2,5,0.8333333333333333,0.8,0.8,0.5331810324638263,0.8333333333333334,KIDNEY,4w,20
2,single:TRNSCRPT,centroid,5,0.3333333333333333,0.2857142857142857,0.4,16.387867631877732,0.5,KIDNEY,4w,20
2,single:TRNSCRPT,logreg_l2,5,0.5833333333333333,0.5833333333333333,0.6,0.6904426135856946,0.6666666666666667,KIDNEY,4w,20
2,single:TRNSCRPT,rf,5,0.41666666666666663,0.4,0.4,0.7285075807058767,0.33333333333333337,KIDNEY,4w,20
2,single:PROT,centroid,5,0.41666666666666663,0.4,0.4,14.417461406487067,0.5,KIDNEY,4w,20
2,single:PROT,logreg_l2,5,0.6666666666666666,0.5833333333333333,0.6,0.6041051681044556,0.8333333333333334,KIDNEY,4w,20
2,single:PROT,rf,5,0.6666666666666666,0.5833333333333333,0.6,0.6633196651378827,0.8333333333333334,KIDNEY,4w,20
2,single:METAB,centroid,5,0.8333333333333333,0.8,0.8,7.20873067782343,0.8333333333333334,KIDNEY,4w,20
2,single:METAB,logreg_l2,5,0.8333333333333333,0.8,0.8,0.5086889292871538,0.8333333333333334,KIDNEY,4w,20
2,single:METAB,rf,5,0.6666666666666666,0.5833333333333333,0.6,0.6240588612917696,0.8333333333333334,KIDNEY,4w,20
2,early_fusion,centroid,5,0.6666666666666666,0.5833333333333333,0.6,14.41746135564686,0.6666666666666667,KIDNEY,4w,20
2,early_fusion,logreg_l2,5,0.5,0.2857142857142857,0.4,0.6949353102598481,1.0,KIDNEY,4w,20
2,early_fusion,rf,5,0.5,0.2857142857142857,0.4,0.7009446999294122,0.5,KIDNEY,4w,20
2,late_fusion,logreg_l2,5,0.8333333333333333,0.8,0.8,0.580403278502746,0.8333333333333334,KIDNEY,4w,20
3,single:TRNSCRPT,centroid,5,0.41666666666666663,0.4,0.4,21.626192033470293,0.5833333333333334,KIDNEY,4w,20
3,single:TRNSCRPT,logreg_l2,5,0.75,0.7619047619047619,0.8,0.3640336055403478,1.0,KIDNEY,4w,20
3,single:TRNSCRPT,rf,5,0.41666666666666663,0.4,0.4,0.7138386795676931,0.5,KIDNEY,4w,20
3,single:PROT,centroid,5,0.41666666666666663,0.4,0.4,18.9604339878723,0.41666666666666663,KIDNEY,4w,20
3,single:PROT,logreg_l2,5,0.41666666666666663,0.4,0.4,0.8670421419413128,0.3333333333333333,KIDNEY,4w,20
3,single:PROT,rf,5,0.41666666666666663,0.4,0.4,0.7880438351029422,0.16666666666666666,KIDNEY,4w,20
3,single:METAB,centroid,5,0.75,0.7619047619047619,0.8,7.20873067782343,0.75,KIDNEY,4w,20
3,single:METAB,logreg_l2,5,0.75,0.7619047619047619,0.8,0.555011141993562,0.6666666666666666,KIDNEY,4w,20
3,single:METAB,rf,5,0.75,0.7619047619047619,0.8,0.5679854728050115,1.0,KIDNEY,4w,20
3,early_fusion,centroid,5,0.41666666666666663,0.4,0.4,21.626192033470293,0.41666666666666663,KIDNEY,4w,20
3,early_fusion,logreg_l2,5,0.5,0.2857142857142857,0.4,0.7052244502560335,0.5,KIDNEY,4w,20
3,early_fusion,rf,5,0.5833333333333333,0.5833333333333333,0.6,0.6807292510190714,0.5,KIDNEY,4w,20
3,late_fusion,logreg_l2,5,0.5833333333333333,0.5833333333333333,0.6,0.5527170422197317,0.6666666666666666,KIDNEY,4w,20
0,single:TRNSCRPT,centroid,6,0.75,0.6666666666666666,0.6666666666666666,12.014551129705717,0.75,KIDNEY,8w,20
0,single:TRNSCRPT,logreg_l2,6,0.75,0.6666666666666666,0.6666666666666666,0.5916242609643048,1.0,KIDNEY,8w,20
0,single:TRNSCRPT,rf,6,0.75,0.6666666666666666,0.6666666666666666,0.607036542879627,0.875,KIDNEY,8w,20
0,single:PROT,centroid,6,0.875,0.8285714285714285,0.8333333333333334,6.007275564852859,0.875,KIDNEY,8w,20
0,single:PROT,logreg_l2,6,1.0,1.0,1.0,0.2946673358902777,1.0,KIDNEY,8w,20
0,single:PROT,rf,6,0.875,0.8285714285714285,0.8333333333333334,0.5197192816314783,1.0,KIDNEY,8w,20
0,single:METAB,centroid,6,0.875,0.8285714285714285,0.8333333333333334,5.514960972035019,1.0,KIDNEY,8w,20
0,single:METAB,logreg_l2,6,0.875,0.8285714285714285,0.8333333333333334,0.17752670953831481,1.0,KIDNEY,8w,20
0,single:METAB,rf,6,0.875,0.8285714285714285,0.8333333333333334,0.5428549729609192,1.0,KIDNEY,8w,20
0,early_fusion,centroid,6,0.875,0.8285714285714285,0.8333333333333334,6.007275564852859,0.875,KIDNEY,8w,20
0,early_fusion,logreg_l2,6,0.5,0.25,0.3333333333333333,0.7188530471296808,1.0,KIDNEY,8w,20
0,early_fusion,rf,6,0.875,0.8285714285714285,0.8333333333333334,0.5420040127042182,1.0,KIDNEY,8w,20
0,late_fusion,logreg_l2,6,0.875,0.8285714285714285,0.8333333333333334,0.33224206300653397,1.0,KIDNEY,8w,20
1,single:TRNSCRPT,centroid,5,0.6666666666666666,0.5833333333333333,0.6,13.384991851884967,0.8333333333333334,KIDNEY,8w,20
1,single:TRNSCRPT,logreg_l2,5,0.6666666666666666,0.5833333333333333,0.6,0.6238882289617275,0.8333333333333334,KIDNEY,8w,20
1,single:TRNSCRPT,rf,5,0.8333333333333333,0.8,0.8,0.60416505475315,0.8333333333333334,KIDNEY,8w,20
1,single:PROT,centroid,5,0.6666666666666666,0.5833333333333333,0.6,14.41746135564686,0.6666666666666667,KIDNEY,8w,20
1,single:PROT,logreg_l2,5,0.6666666666666666,0.5833333333333333,0.6,0.5854629146883716,1.0,KIDNEY,8w,20
1,single:PROT,rf,5,1.0,1.0,1.0,0.38768920208168467,1.0,KIDNEY,8w,20
1,single:METAB,centroid,5,0.8333333333333333,0.8,0.8,7.20873067782343,0.8333333333333334,KIDNEY,8w,20
1,single:METAB,logreg_l2,5,0.8333333333333333,0.8,0.8,0.372622449466293,1.0,KIDNEY,8w,20
1,single:METAB,rf,5,0.8333333333333333,0.8,0.8,0.5226278696756663,0.8333333333333334,KIDNEY,8w,20
1,early_fusion,centroid,5,0.8333333333333333,0.8,0.8,14.41746135564686,0.6666666666666667,KIDNEY,8w,20
1,early_fusion,logreg_l2,5,0.5,0.2857142857142857,0.4,0.6881879408180623,0.6666666666666667,KIDNEY,8w,20
1,early_fusion,rf,5,0.6666666666666666,0.5833333333333333,0.6,0.5838604020110788,1.0,KIDNEY,8w,20
1,late_fusion,logreg_l2,5,0.8333333333333333,0.8,0.8,0.49442390010434895,1.0,KIDNEY,8w,20
2,single:TRNSCRPT,centroid,5,0.6666666666666666,0.5833333333333333,0.6,14.41746135565204,0.5,KIDNEY,8w,20
2,single:TRNSCRPT,logreg_l2,5,0.8333333333333333,0.8,0.8,0.5186302490056419,1.0,KIDNEY,8w,20
2,single:TRNSCRPT,rf,5,0.8333333333333333,0.8,0.8,0.5770963468161433,1.0,KIDNEY,8w,20
2,single:PROT,centroid,5,1.0,1.0,1.0,2.2204460492503136e-16,1.0,KIDNEY,8w,20
2,single:PROT,logreg_l2,5,0.8333333333333333,0.8,0.8,0.28900727492571754,1.0,KIDNEY,8w,20
2,single:PROT,rf,5,1.0,1.0,1.0,0.4938580606030255,1.0,KIDNEY,8w,20
2,single:METAB,centroid,5,1.0,1.0,1.0,2.2204460492503136e-16,1.0,KIDNEY,8w,20
2,single:METAB,logreg_l2,5,1.0,1.0,1.0,0.21215453950938942,1.0,KIDNEY,8w,20
2,single:METAB,rf,5,1.0,1.0,1.0,0.43049347974626995,1.0,KIDNEY,8w,20
2,early_fusion,centroid,5,0.8333333333333333,0.8,0.8,14.41746135564686,0.7500000000000001,KIDNEY,8w,20
2,early_fusion,logreg_l2,5,0.5,0.2857142857142857,0.4,0.6783525982033487,1.0,KIDNEY,8w,20
2,early_fusion,rf,5,0.8333333333333333,0.8,0.8,0.5910087891300557,0.8333333333333334,KIDNEY,8w,20
2,late_fusion,logreg_l2,5,1.0,1.0,1.0,0.3210711370324467,1.0,KIDNEY,8w,20
3,single:TRNSCRPT,centroid,4,0.75,0.7333333333333334,0.75,5.232002131336218,1.0,KIDNEY,8w,20
3,single:TRNSCRPT,logreg_l2,4,0.75,0.7333333333333334,0.75,0.3168288848841311,1.0,KIDNEY,8w,20
3,single:TRNSCRPT,rf,4,0.75,0.7333333333333334,0.75,0.547432685041227,1.0,KIDNEY,8w,20
3,single:PROT,centroid,4,1.0,1.0,1.0,2.2204460492503136e-16,1.0,KIDNEY,8w,20
3,single:PROT,logreg_l2,4,1.0,1.0,1.0,0.18216369002643265,1.0,KIDNEY,8w,20
3,single:PROT,rf,4,1.0,1.0,1.0,0.4141266600574235,1.0,KIDNEY,8w,20
3,single:METAB,centroid,4,1.0,1.0,1.0,1.311173392082653e-13,1.0,KIDNEY,8w,20
3,single:METAB,logreg_l2,4,1.0,1.0,1.0,0.2716404842374415,1.0,KIDNEY,8w,20
3,single:METAB,rf,4,1.0,1.0,1.0,0.5356720685524579,1.0,KIDNEY,8w,20
3,early_fusion,centroid,4,1.0,1.0,1.0,2.2204460492503136e-16,1.0,KIDNEY,8w,20
3,early_fusion,logreg_l2,4,1.0,1.0,1.0,0.6615319984057842,1.0,KIDNEY,8w,20
3,early_fusion,rf,4,1.0,1.0,1.0,0.5210367196809353,1.0,KIDNEY,8w,20
3,late_fusion,logreg_l2,4,1.0,1.0,1.0,0.23574256265192262,1.0,KIDNEY,8w,20
0,single:TRNSCRPT,centroid,5,0.41666666666666663,0.4,0.4,21.626192033470293,0.41666666666666663,LIVER,1w,19
0,single:TRNSCRPT,logreg_l2,5,0.8333333333333333,0.8,0.8,0.49523563319391367,0.8333333333333333,LIVER,1w,19
0,single:TRNSCRPT,rf,5,0.8333333333333333,0.8,0.8,0.594815023925946,0.6666666666666666,LIVER,1w,19
0,single:PROT,centroid,5,0.41666666666666663,0.4,0.4,21.626192033470293,0.41666666666666663,LIVER,1w,19
0,single:PROT,logreg_l2,5,0.41666666666666663,0.4,0.4,0.9035329547223562,0.5,LIVER,1w,19
0,single:PROT,rf,5,0.41666666666666663,0.4,0.4,0.7001427875527935,0.6666666666666666,LIVER,1w,19
0,single:METAB,centroid,5,1.0,1.0,1.0,2.2204460492503136e-16,1.0,LIVER,1w,19
0,single:METAB,logreg_l2,5,1.0,1.0,1.0,0.37112985279497657,1.0,LIVER,1w,19
0,single:METAB,rf,5,1.0,1.0,1.0,0.5222435564184201,1.0,LIVER,1w,19
0,early_fusion,centroid,5,0.6666666666666666,0.5833333333333333,0.6,14.41746135564686,0.6666666666666666,LIVER,1w,19
0,early_fusion,logreg_l2,5,0.6666666666666666,0.5833333333333333,0.6,0.680254932227138,0.6666666666666666,LIVER,1w,19
0,early_fusion,rf,5,0.5833333333333333,0.5833333333333333,0.6,0.625369219565598,0.6666666666666666,LIVER,1w,19
0,late_fusion,logreg_l2,5,0.5833333333333333,0.5833333333333333,0.6,0.5399631300478855,0.6666666666666666,LIVER,1w,19
1,single:TRNSCRPT,centroid,5,0.8333333333333333,0.8,0.8,0.0025870224484495653,1.0,LIVER,1w,19
1,single:TRNSCRPT,logreg_l2,5,0.8333333333333333,0.8,0.8,0.43105844146552297,1.0,LIVER,1w,19
1,single:TRNSCRPT,rf,5,1.0,1.0,1.0,0.5821740300902226,1.0,LIVER,1w,19
1,single:PROT,centroid,5,0.5,0.2857142857142857,0.4,21.626192033470293,0.6666666666666667,LIVER,1w,19
1,single:PROT,logreg_l2,5,0.5,0.2857142857142857,0.4,0.7832870778121983,0.8333333333333334,LIVER,1w,19
1,single:PROT,rf,5,0.8333333333333333,0.8,0.8,0.6526920335546619,0.8333333333333334,LIVER,1w,19
1,single:METAB,centroid,5,0.75,0.7619047619047619,0.8,7.20873067782343,1.0,LIVER,1w,19
1,single:METAB,logreg_l2,5,1.0,1.0,1.0,0.12038925999090341,1.0,LIVER,1w,19
1,single:METAB,rf,5,1.0,1.0,1.0,0.5505363806704252,1.0,LIVER,1w,19
1,early_fusion,centroid,5,1.0,1.0,1.0,7.20873067782343,0.8333333333333334,LIVER,1w,19
1,early_fusion,logreg_l2,5,0.5,0.2857142857142857,0.4,0.7140193463101775,1.0,LIVER,1w,19
1,early_fusion,rf,5,1.0,1.0,1.0,0.6355141531524864,1.0,LIVER,1w,19
1,late_fusion,logreg_l2,5,1.0,1.0,1.0,0.391309273389268,1.0,LIVER,1w,19
2,single:TRNSCRPT,centroid,5,0.8333333333333333,0.8,0.8,1.7937435947617495,1.0,LIVER,1w,19
2,single:TRNSCRPT,logreg_l2,5,0.5833333333333333,0.5833333333333333,0.6,0.4440839834459793,0.8333333333333333,LIVER,1w,19
2,single:TRNSCRPT,rf,5,1.0,1.0,1.0,0.5438571292945332,1.0,LIVER,1w,19
2,single:PROT,centroid,5,0.5833333333333333,0.5833333333333333,0.6,14.417461355647868,0.5,LIVER,1w,19
2,single:PROT,logreg_l2,5,0.75,0.7619047619047619,0.8,0.562067686558252,0.6666666666666666,LIVER,1w,19
2,single:PROT,rf,5,0.3333333333333333,0.2857142857142857,0.4,0.6364825109414702,0.6666666666666666,LIVER,1w,19
2,single:METAB,centroid,5,0.5833333333333333,0.5833333333333333,0.6,14.41746135564686,0.6666666666666666,LIVER,1w,19
2,single:METAB,logreg_l2,5,1.0,1.0,1.0,0.40096340839357253,1.0,LIVER,1w,19
2,single:METAB,rf,5,1.0,1.0,1.0,0.5087479517847372,1.0,LIVER,1w,19
2,early_fusion,centroid,5,1.0,1.0,1.0,7.20873067782343,1.0,LIVER,1w,19
2,early_fusion,logreg_l2,5,1.0,1.0,1.0,0.6665387258034885,1.0,LIVER,1w,19
2,early_fusion,rf,5,1.0,1.0,1.0,0.5950684277176255,1.0,LIVER,1w,19
2,late_fusion,logreg_l2,5,1.0,1.0,1.0,0.43182885103317953,1.0,LIVER,1w,19
3,single:TRNSCRPT,centroid,4,1.0,1.0,1.0,5.594382964391181e-06,1.0,LIVER,1w,19
3,single:TRNSCRPT,logreg_l2,4,1.0,1.0,1.0,0.3256600905644912,1.0,LIVER,1w,19
3,single:TRNSCRPT,rf,4,1.0,1.0,1.0,0.5389227352632603,1.0,LIVER,1w,19
3,single:PROT,centroid,4,0.75,0.7333333333333334,0.75,9.010913347279288,0.75,LIVER,1w,19
3,single:PROT,logreg_l2,4,0.75,0.7333333333333334,0.75,0.5668716916296028,1.0,LIVER,1w,19
3,single:PROT,rf,4,0.75,0.7333333333333334,0.75,0.638162175648725,0.5,LIVER,1w,19
3,single:METAB,centroid,4,1.0,1.0,1.0,2.2204460492503136e-16,1.0,LIVER,1w,19
3,single:METAB,logreg_l2,4,1.0,1.0,1.0,0.08987167475025942,1.0,LIVER,1w,19
3,single:METAB,rf,4,1.0,1.0,1.0,0.4837751063618231,1.0,LIVER,1w,19
3,early_fusion,centroid,4,0.75,0.7333333333333334,0.75,2.2204460492503136e-16,1.0,LIVER,1w,19
3,early_fusion,logreg_l2,4,0.5,0.3333333333333333,0.5,0.661580925423949,1.0,LIVER,1w,19
3,early_fusion,rf,4,1.0,1.0,1.0,0.5784053787176507,1.0,LIVER,1w,19
3,late_fusion,logreg_l2,4,1.0,1.0,1.0,0.3005776273101547,1.0,LIVER,1w,19
0,single:TRNSCRPT,centroid,5,0.41666666666666663,0.4,0.4,21.626192033470293,0.5833333333333334,LIVER,2w,20
0,single:TRNSCRPT,logreg_l2,5,0.8333333333333333,0.8,0.8,0.5946068912932355,1.0,LIVER,2w,20
0,single:TRNSCRPT,rf,5,0.6666666666666666,0.5833333333333333,0.6,0.6760281804952151,0.8333333333333333,LIVER,2w,20
0,single:PROT,centroid,5,0.75,0.7619047619047619,0.8,7.20873067782343,0.75,LIVER,2w,20
0,single:PROT,logreg_l2,5,0.75,0.7619047619047619,0.8,0.3760796436696662,1.0,LIVER,2w,20
0,single:PROT,rf,5,0.75,0.7619047619047619,0.8,0.49893585257576767,1.0,LIVER,2w,20
0,single:METAB,centroid,5,1.0,1.0,1.0,2.2204460492503136e-16,1.0,LIVER,2w,20
0,single:METAB,logreg_l2,5,1.0,1.0,1.0,0.19572947059057116,1.0,LIVER,2w,20
0,single:METAB,rf,5,1.0,1.0,1.0,0.37565931100967964,1.0,LIVER,2w,20
0,early_fusion,centroid,5,0.75,0.7619047619047619,0.8,7.20873067782343,0.75,LIVER,2w,20
0,early_fusion,logreg_l2,5,0.6666666666666666,0.5833333333333333,0.6,0.6619477989576376,1.0,LIVER,2w,20
0,early_fusion,rf,5,1.0,1.0,1.0,0.5499824966828453,1.0,LIVER,2w,20
0,late_fusion,logreg_l2,5,1.0,1.0,1.0,0.3605894075352619,1.0,LIVER,2w,20
1,single:TRNSCRPT,centroid,5,0.5833333333333333,0.5833333333333333,0.6,13.512885937368244,0.6666666666666667,LIVER,2w,20
1,single:TRNSCRPT,logreg_l2,5,0.75,0.7619047619047619,0.8,0.398200654097754,0.8333333333333334,LIVER,2w,20
1,single:TRNSCRPT,rf,5,0.5833333333333333,0.5833333333333333,0.6,0.6421013481325345,0.8333333333333334,LIVER,2w,20
1,single:PROT,centroid,5,0.8333333333333333,0.8,0.8,0.16546413224492548,1.0,LIVER,2w,20
1,single:PROT,logreg_l2,5,0.6666666666666666,0.5833333333333333,0.6,0.47127114672411896,1.0,LIVER,2w,20
1,single:PROT,rf,5,0.6666666666666666,0.5833333333333333,0.6,0.5488371785680902,1.0,LIVER,2w,20
1,single:METAB,centroid,5,0.5833333333333333,0.5833333333333333,0.6,7.208730739568,0.6666666666666667,LIVER,2w,20
1,single:METAB,logreg_l2,5,0.75,0.7619047619047619,0.8,0.38544381637786435,1.0,LIVER,2w,20
1,single:METAB,rf,5,0.75,0.7619047619047619,0.8,0.5331450254931906,0.6666666666666667,LIVER,2w,20
1,early_fusion,centroid,5,0.41666666666666663,0.4,0.4,7.211516741516656,0.7500000000000001,LIVER,2w,20
1,early_fusion,logreg_l2,5,0.6666666666666666,0.5833333333333333,0.6,0.6780643798566472,0.6666666666666667,LIVER,2w,20
1,early_fusion,rf,5,1.0,1.0,1.0,0.5722882650034218,1.0,LIVER,2w,20
1,late_fusion,logreg_l2,5,1.0,1.0,1.0,0.39517966807877614,1.0,LIVER,2w,20
2,single:TRNSCRPT,centroid,5,0.8333333333333333,0.8,0.8,2.861056049392974,1.0,LIVER,2w,20
2,single:TRNSCRPT,logreg_l2,5,0.8333333333333333,0.8,0.8,0.3852398813425563,1.0,LIVER,2w,20
2,single:TRNSCRPT,rf,5,0.8333333333333333,0.8,0.8,0.5688148517439224,1.0,LIVER,2w,20
2,single:PROT,centroid,5,0.8333333333333333,0.8,0.8,0.004884755309392379,1.0,LIVER,2w,20
2,single:PROT,logreg_l2,5,1.0,1.0,1.0,0.3166839779030254,1.0,LIVER,2w,20
2,single:PROT,rf,5,1.0,1.0,1.0,0.47410102892761047,1.0,LIVER,2w,20
2,single:METAB,centroid,5,1.0,1.0,1.0,2.2204460492503136e-16,1.0,LIVER,2w,20
2,single:METAB,logreg_l2,5,0.8333333333333333,0.8,0.8,0.24107389652024597,1.0,LIVER,2w,20
2,single:METAB,rf,5,0.8333333333333333,0.8,0.8,0.477909150100386,1.0,LIVER,2w,20
2,early_fusion,centroid,5,1.0,1.0,1.0,7.20873067782343,0.8333333333333334,LIVER,2w,20
2,early_fusion,logreg_l2,5,0.5,0.2857142857142857,0.4,0.6626462226831896,1.0,LIVER,2w,20
2,early_fusion,rf,5,1.0,1.0,1.0,0.5130445112241785,1.0,LIVER,2w,20
2,late_fusion,logreg_l2,5,0.8333333333333333,0.8,0.8,0.3019236862376529,1.0,LIVER,2w,20
3,single:TRNSCRPT,centroid,5,0.6666666666666666,0.5833333333333333,0.6,10.243839975303027,1.0,LIVER,2w,20
3,single:TRNSCRPT,logreg_l2,5,0.6666666666666666,0.5833333333333333,0.6,0.5839383266733085,0.8333333333333333,LIVER,2w,20
3,single:TRNSCRPT,rf,5,0.5,0.2857142857142857,0.4,0.6764852566281321,0.8333333333333333,LIVER,2w,20
3,single:PROT,centroid,5,0.6666666666666666,0.5833333333333333,0.6,14.41746135564686,0.6666666666666666,LIVER,2w,20
3,single:PROT,logreg_l2,5,0.6666666666666666,0.5833333333333333,0.6,0.751162408654231,0.8333333333333333,LIVER,2w,20
3,single:PROT,rf,5,0.6666666666666666,0.5833333333333333,0.6,0.6933932909175422,0.8333333333333333,LIVER,2w,20
3,single:METAB,centroid,5,1.0,1.0,1.0,2.2204460492503136e-16,1.0,LIVER,2w,20
3,single:METAB,logreg_l2,5,1.0,1.0,1.0,0.20088585071646975,1.0,LIVER,2w,20
3,single:METAB,rf,5,1.0,1.0,1.0,0.41074361528436176,1.0,LIVER,2w,20
3,early_fusion,centroid,5,0.6666666666666666,0.5833333333333333,0.6,14.41746135564686,0.6666666666666666,LIVER,2w,20
3,early_fusion,logreg_l2,5,0.5,0.2857142857142857,0.4,0.6758808960692521,1.0,LIVER,2w,20
3,early_fusion,rf,5,0.6666666666666666,0.5833333333333333,0.6,0.6212083237911971,1.0,LIVER,2w,20
3,late_fusion,logreg_l2,5,0.8333333333333333,0.8,0.8,0.44633286176490133,1.0,LIVER,2w,20
0,single:TRNSCRPT,centroid,5,0.41666666666666663,0.4,0.4,11.516903014548586,0.5,LIVER,4w,20
0,single:TRNSCRPT,logreg_l2,5,0.6666666666666666,0.5833333333333333,0.6,0.6650378536155469,0.6666666666666666,LIVER,4w,20
0,single:TRNSCRPT,rf,5,0.41666666666666663,0.4,0.4,0.7110876288722947,0.5833333333333334,LIVER,4w,20
0,single:PROT,centroid,5,0.41666666666666663,0.4,0.4,21.626192033470293,0.25,LIVER,4w,20
0,single:PROT,logreg_l2,5,0.41666666666666663,0.4,0.4,0.9188349548157662,0.3333333333333333,LIVER,4w,20
0,single:PROT,rf,5,0.16666666666666666,0.16666666666666666,0.2,0.726384661750042,0.3333333333333333,LIVER,4w,20
0,single:METAB,centroid,5,1.0,1.0,1.0,2.2204460492503136e-16,1.0,LIVER,4w,20
0,single:METAB,logreg_l2,5,0.8333333333333333,0.8,0.8,0.2378773762319076,1.0,LIVER,4w,20
0,single:METAB,rf,5,1.0,1.0,1.0,0.5419322783375021,1.0,LIVER,4w,20
0,early_fusion,centroid,5,0.41666666666666663,0.4,0.4,21.626192033470293,0.41666666666666663,LIVER,4w,20
0,early_fusion,logreg_l2,5,0.5,0.2857142857142857,0.4,0.7038826950595536,0.5,LIVER,4w,20
0,early_fusion,rf,5,0.5,0.2857142857142857,0.4,0.7008848212218652,0.6666666666666666,LIVER,4w,20
0,late_fusion,logreg_l2,5,1.0,1.0,1.0,0.5250107353994916,1.0,LIVER,4w,20
1,single:TRNSCRPT,centroid,5,0.5833333333333333,0.5833333333333333,0.6,14.41746135564686,0.4166666666666667,LIVER,4w,20
1,single:TRNSCRPT,logreg_l2,5,0.5,0.375,0.6,0.5798505784228905,1.0,LIVER,4w,20
1,single:TRNSCRPT,rf,5,0.5833333333333333,0.5833333333333333,0.6,0.6132402120071678,0.8333333333333334,LIVER,4w,20
1,single:PROT,centroid,5,0.41666666666666663,0.4,0.4,21.626192033470293,0.5,LIVER,4w,20
1,single:PROT,logreg_l2,5,0.8333333333333333,0.8,0.8,0.5896849451132276,1.0,LIVER,4w,20
1,single:PROT,rf,5,1.0,1.0,1.0,0.5572136859890733,1.0,LIVER,4w,20
1,single:METAB,centroid,5,0.5833333333333333,0.5833333333333333,0.6,14.41746135564686,0.5833333333333334,LIVER,4w,20
1,single:METAB,logreg_l2,5,1.0,1.0,1.0,0.14549577923068668,1.0,LIVER,4w,20
1,single:METAB,rf,5,0.5833333333333333,0.5833333333333333,0.6,0.5968607702788812,0.8333333333333334,LIVER,4w,20
1,early_fusion,centroid,5,0.5833333333333333,0.5833333333333333,0.6,14.41746135564686,0.5833333333333334,LIVER,4w,20
1,early_fusion,logreg_l2,5,0.5,0.2857142857142857,0.4,0.6912017651041081,0.8333333333333334,LIVER,4w,20
1,early_fusion,rf,5,0.75,0.7619047619047619,0.8,0.6232132842047001,0.8333333333333334,LIVER,4w,20
1,late_fusion,logreg_l2,5,1.0,1.0,1.0,0.4092739242807646,1.0,LIVER,4w,20
2,single:TRNSCRPT,centroid,5,0.41666666666666663,0.4,0.4,14.417461582252216,0.5,LIVER,4w,20
2,single:TRNSCRPT,logreg_l2,5,0.25,0.16666666666666666,0.2,0.8668546787958309,0.33333333333333337,LIVER,4w,20
2,single:TRNSCRPT,rf,5,0.25,0.16666666666666666,0.2,0.717584468420659,0.5,LIVER,4w,20
2,single:PROT,centroid,5,0.6666666666666666,0.5833333333333333,0.6,9.231626446477136,0.5833333333333334,LIVER,4w,20
2,single:PROT,logreg_l2,5,0.6666666666666666,0.5833333333333333,0.6,0.9228152690917396,0.8333333333333334,LIVER,4w,20
2,single:PROT,rf,5,0.6666666666666666,0.5833333333333333,0.6,0.7059104623411007,0.6666666666666667,LIVER,4w,20
2,single:METAB,centroid,5,0.5833333333333333,0.5833333333333333,0.6,14.41746135564686,0.5833333333333334,LIVER,4w,20
2,single:METAB,logreg_l2,5,0.5833333333333333,0.5833333333333333,0.6,0.6343004998277365,0.8333333333333334,LIVER,4w,20
2,single:METAB,rf,5,0.41666666666666663,0.4,0.4,0.7054752829196221,0.5,LIVER,4w,20
2,early_fusion,centroid,5,0.6666666666666666,0.5833333333333333,0.6,14.41746135564686,0.6666666666666667,LIVER,4w,20
2,early_fusion,logreg_l2,5,0.5,0.2857142857142857,0.4,0.7087930329781993,0.6666666666666667,LIVER,4w,20
2,early_fusion,rf,5,0.6666666666666666,0.5833333333333333,0.6,0.6931845920075682,0.8333333333333334,LIVER,4w,20
2,late_fusion,logreg_l2,5,0.6666666666666666,0.5833333333333333,0.6,0.7056378602916183,0.6666666666666667,LIVER,4w,20
3,single:TRNSCRPT,centroid,5,0.41666666666666663,0.4,0.4,21.34042140732577,0.6666666666666666,LIVER,4w,20
3,single:TRNSCRPT,logreg_l2,5,1.0,1.0,1.0,0.27908879421275623,1.0,LIVER,4w,20
3,single:TRNSCRPT,rf,5,0.8333333333333333,0.8,0.8,0.5899434074894427,1.0,LIVER,4w,20
3,single:PROT,centroid,5,0.41666666666666663,0.4,0.4,21.626192033470293,0.25,LIVER,4w,20
3,single:PROT,logreg_l2,5,0.3333333333333333,0.2857142857142857,0.4,1.356681287569953,0.16666666666666666,LIVER,4w,20
3,single:PROT,rf,5,0.41666666666666663,0.4,0.4,0.7237303857705669,0.3333333333333333,LIVER,4w,20
3,single:METAB,centroid,5,0.8333333333333333,0.8,0.8,1.5112763247487901,1.0,LIVER,4w,20
3,single:METAB,logreg_l2,5,1.0,1.0,1.0,0.1470247602362108,1.0,LIVER,4w,20
3,single:METAB,rf,5,0.8333333333333333,0.8,0.8,0.5480536374489833,1.0,LIVER,4w,20
3,early_fusion,centroid,5,0.41666666666666663,0.4,0.4,21.626192033470293,0.41666666666666663,LIVER,4w,20
3,early_fusion,logreg_l2,5,0.5,0.2857142857142857,0.4,0.6995423470301754,0.6666666666666666,LIVER,4w,20
3,early_fusion,rf,5,0.5833333333333333,0.5833333333333333,0.6,0.6401427484105333,0.8333333333333333,LIVER,4w,20
3,late_fusion,logreg_l2,5,1.0,1.0,1.0,0.41840093609292445,1.0,LIVER,4w,20
0,single:TRNSCRPT,centroid,6,1.0,1.0,1.0,2.2204460492503136e-16,1.0,LIVER,8w,20
0,single:TRNSCRPT,logreg_l2,6,1.0,1.0,1.0,0.41884966570429594,1.0,LIVER,8w,20
0,single:TRNSCRPT,rf,6,1.0,1.0,1.0,0.5861288181354892,1.0,LIVER,8w,20
0,single:PROT,centroid,6,0.75,0.7777777777777777,0.8333333333333334,6.007275564852859,0.75,LIVER,8w,20
0,single:PROT,logreg_l2,6,0.75,0.7777777777777777,0.8333333333333334,0.5348857971684103,0.875,LIVER,8w,20
0,single:PROT,rf,6,1.0,1.0,1.0,0.4764849445676249,1.0,LIVER,8w,20
0,single:METAB,centroid,6,0.875,0.8285714285714285,0.8333333333333334,6.007275564852859,1.0,LIVER,8w,20
0,single:METAB,logreg_l2,6,0.875,0.8285714285714285,0.8333333333333334,0.21297709324023853,1.0,LIVER,8w,20
0,single:METAB,rf,6,0.875,0.8285714285714285,0.8333333333333334,0.3759273227070492,1.0,LIVER,8w,20
0,early_fusion,centroid,6,1.0,1.0,1.0,2.2204460492503136e-16,1.0,LIVER,8w,20
0,early_fusion,logreg_l2,6,0.5,0.25,0.3333333333333333,0.6952024198039094,1.0,LIVER,8w,20
0,early_fusion,rf,6,1.0,1.0,1.0,0.5056665567962335,1.0,LIVER,8w,20
0,late_fusion,logreg_l2,6,1.0,1.0,1.0,0.27047246686285237,1.0,LIVER,8w,20
1,single:TRNSCRPT,centroid,5,0.6666666666666666,0.5833333333333333,0.6,7.630435501575095,0.8333333333333334,LIVER,8w,20
1,single:TRNSCRPT,logreg_l2,5,0.8333333333333333,0.8,0.8,0.464483243867768,1.0,LIVER,8w,20
1,single:TRNSCRPT,rf,5,0.8333333333333333,0.8,0.8,0.5721586711335003,1.0,LIVER,8w,20
1,single:PROT,centroid,5,1.0,1.0,1.0,2.2204460492503136e-16,1.0,LIVER,8w,20
1,single:PROT,logreg_l2,5,1.0,1.0,1.0,0.08992271875356987,1.0,LIVER,8w,20
1,single:PROT,rf,5,1.0,1.0,1.0,0.3684502358203061,1.0,LIVER,8w,20
1,single:METAB,centroid,5,1.0,1.0,1.0,2.2204460492503136e-16,1.0,LIVER,8w,20
1,single:METAB,logreg_l2,5,1.0,1.0,1.0,0.27221040288006043,1.0,LIVER,8w,20
1,single:METAB,rf,5,1.0,1.0,1.0,0.41853695017590153,1.0,LIVER,8w,20
1,early_fusion,centroid,5,0.8333333333333333,0.8,0.8,7.20873067782343,0.8333333333333334,LIVER,8w,20
1,early_fusion,logreg_l2,5,0.6666666666666666,0.5833333333333333,0.6,0.6507535077364939,1.0,LIVER,8w,20
1,early_fusion,rf,5,1.0,1.0,1.0,0.46493227542926585,1.0,LIVER,8w,20
1,late_fusion,logreg_l2,5,1.0,1.0,1.0,0.2598734350953953,1.0,LIVER,8w,20
2,single:TRNSCRPT,centroid,5,0.5833333333333333,0.5833333333333333,0.6,7.20873067782343,0.6666666666666667,LIVER,8w,20
2,single:TRNSCRPT,logreg_l2,5,1.0,1.0,1.0,0.14799302579322524,1.0,LIVER,8w,20
2,single:TRNSCRPT,rf,5,1.0,1.0,1.0,0.5583115050146998,1.0,LIVER,8w,20
2,single:PROT,centroid,5,1.0,1.0,1.0,2.2204460492503136e-16,1.0,LIVER,8w,20
2,single:PROT,logreg_l2,5,1.0,1.0,1.0,0.31367515587144756,1.0,LIVER,8w,20
2,single:PROT,rf,5,1.0,1.0,1.0,0.37208883165465645,1.0,LIVER,8w,20
2,single:METAB,centroid,5,0.8333333333333333,0.8,0.8,7.20873067782343,0.8333333333333334,LIVER,8w,20
2,single:METAB,logreg_l2,5,0.8333333333333333,0.8,0.8,0.20073545518280725,1.0,LIVER,8w,20
2,single:METAB,rf,5,0.8333333333333333,0.8,0.8,0.44094135128702894,1.0,LIVER,8w,20
2,early_fusion,centroid,5,1.0,1.0,1.0,2.2204460492503136e-16,1.0,LIVER,8w,20
2,early_fusion,logreg_l2,5,0.8333333333333333,0.8,0.8,0.6569478832065206,1.0,LIVER,8w,20
2,early_fusion,rf,5,1.0,1.0,1.0,0.4713009709602005,1.0,LIVER,8w,20
2,late_fusion,logreg_l2,5,1.0,1.0,1.0,0.2052925481860044,1.0,LIVER,8w,20
3,single:TRNSCRPT,centroid,4,1.0,1.0,1.0,2.243927266321838e-11,1.0,LIVER,8w,20
3,single:TRNSCRPT,logreg_l2,4,1.0,1.0,1.0,0.12972104507380258,1.0,LIVER,8w,20
3,single:TRNSCRPT,rf,4,1.0,1.0,1.0,0.5585235388637162,1.0,LIVER,8w,20
3,single:PROT,centroid,4,0.5,0.5,0.5,2.8140739625989735e-06,1.0,LIVER,8w,20
3,single:PROT,logreg_l2,4,1.0,1.0,1.0,0.20473845167879634,1.0,LIVER,8w,20
3,single:PROT,rf,4,1.0,1.0,1.0,0.45741197561248537,1.0,LIVER,8w,20
3,single:METAB,centroid,4,0.75,0.7333333333333334,0.75,9.010913347279288,0.75,LIVER,8w,20
3,single:METAB,logreg_l2,4,0.75,0.7333333333333334,0.75,0.34210768001355557,1.0,LIVER,8w,20
3,single:METAB,rf,4,0.75,0.7333333333333334,0.75,0.45631457492239247,1.0,LIVER,8w,20
3,early_fusion,centroid,4,0.75,0.7333333333333334,0.75,2.2204460492503136e-16,1.0,LIVER,8w,20
3,early_fusion,logreg_l2,4,1.0,1.0,1.0,0.6407652200484264,1.0,LIVER,8w,20
3,early_fusion,rf,4,0.75,0.7333333333333334,0.75,0.47082623255071243,1.0,LIVER,8w,20
3,late_fusion,logreg_l2,4,1.0,1.0,1.0,0.20579281542970945,1.0,LIVER,8w,20
0,single:TRNSCRPT,centroid,5,1.0,1.0,1.0,2.92751336427996e-09,1.0,LUNG,1w,20
0,single:TRNSCRPT,logreg_l2,5,1.0,1.0,1.0,0.3049862336437167,1.0,LUNG,1w,20
0,single:TRNSCRPT,rf,5,1.0,1.0,1.0,0.43427053947861644,1.0,LUNG,1w,20
0,single:PROT,centroid,5,1.0,1.0,1.0,2.2204460492503136e-16,1.0,LUNG,1w,20
0,single:PROT,logreg_l2,5,0.8333333333333333,0.8,0.8,0.292139512810517,1.0,LUNG,1w,20
0,single:PROT,rf,5,1.0,1.0,1.0,0.524076029970821,1.0,LUNG,1w,20
0,single:METAB,centroid,5,0.8333333333333333,0.8,0.8,3.980685310575966e-06,1.0,LUNG,1w,20
0,single:METAB,logreg_l2,5,0.8333333333333333,0.8,0.8,0.4518243711104228,1.0,LUNG,1w,20
0,single:METAB,rf,5,1.0,1.0,1.0,0.47304325802112723,1.0,LUNG,1w,20
0,early_fusion,centroid,5,0.8333333333333333,0.8,0.8,2.2204460492503136e-16,1.0,LUNG,1w,20
0,early_fusion,logreg_l2,5,0.6666666666666666,0.5833333333333333,0.6,0.6595440122300558,1.0,LUNG,1w,20
0,early_fusion,rf,5,1.0,1.0,1.0,0.4240724132527237,1.0,LUNG,1w,20
0,late_fusion,logreg_l2,5,0.8333333333333333,0.8,0.8,0.33548788083115366,1.0,LUNG,1w,20
1,single:TRNSCRPT,centroid,5,0.75,0.7619047619047619,0.8,7.20873067782343,1.0,LUNG,1w,20
1,single:TRNSCRPT,logreg_l2,5,0.75,0.7619047619047619,0.8,0.33819438903144144,1.0,LUNG,1w,20
1,single:TRNSCRPT,rf,5,1.0,1.0,1.0,0.47468151161549876,1.0,LUNG,1w,20
1,single:PROT,centroid,5,0.25,0.16666666666666666,0.2,28.83492271129372,0.25,LUNG,1w,20
1,single:PROT,logreg_l2,5,0.41666666666666663,0.4,0.4,0.9397670803383822,0.33333333333333337,LUNG,1w,20
1,single:PROT,rf,5,0.25,0.16666666666666666,0.2,0.8780921779883437,0.16666666666666669,LUNG,1w,20
1,single:METAB,centroid,5,0.8333333333333333,0.8,0.8,2.9838354010048262e-12,1.0,LUNG,1w,20
1,single:METAB,logreg_l2,5,0.8333333333333333,0.8,0.8,0.41021783911906173,1.0,LUNG,1w,20
1,single:METAB,rf,5,1.0,1.0,1.0,0.521148412601397,1.0,LUNG,1w,20
1,early_fusion,centroid,5,0.8333333333333333,0.8,0.8,7.20873067782343,0.6666666666666666,LUNG,1w,20
1,early_fusion,logreg_l2,5,0.5,0.2857142857142857,0.4,0.6904824899222051,0.8333333333333334,LUNG,1w,20
1,early_fusion,rf,5,0.8333333333333333,0.8,0.8,0.5736736365231315,1.0,LUNG,1w,20
1,late_fusion,logreg_l2,5,0.8333333333333333,0.8,0.8,0.49581168179203106,1.0,LUNG,1w,20
2,single:TRNSCRPT,centroid,5,0.41666666666666663,0.4,0.4,21.626192033470293,0.5,LUNG,1w,20
2,single:TRNSCRPT,logreg_l2,5,0.41666666666666663,0.4,0.4,0.6257791699114719,0.6666666666666667,LUNG,1w,20
2,single:TRNSCRPT,rf,5,0.5833333333333333,0.5833333333333333,0.6,0.6339578152829043,0.6666666666666667,LUNG,1w,20
2,single:PROT,centroid,5,1.0,1.0,1.0,2.0959781353773574e-09,1.0,LUNG,1w,20
2,single:PROT,logreg_l2,5,1.0,1.0,1.0,0.4483055039985426,1.0,LUNG,1w,20
2,single:PROT,rf,5,0.75,0.7619047619047619,0.8,0.6134964489756086,0.6666666666666667,LUNG,1w,20
2,single:METAB,centroid,5,1.0,1.0,1.0,4.440892098500628e-16,1.0,LUNG,1w,20
2,single:METAB,logreg_l2,5,0.8333333333333333,0.8,0.8,0.42723940480537426,1.0,LUNG,1w,20
2,single:METAB,rf,5,0.8333333333333333,0.8,0.8,0.4997700311487588,1.0,LUNG,1w,20
2,early_fusion,centroid,5,0.75,0.7619047619047619,0.8,7.20873067782343,0.75,LUNG,1w,20
2,early_fusion,logreg_l2,5,0.5,0.2857142857142857,0.4,0.677830171070552,1.0,LUNG,1w,20
2,early_fusion,rf,5,0.75,0.7619047619047619,0.8,0.5404400936312788,0.8333333333333334,LUNG,1w,20
2,late_fusion,logreg_l2,5,0.8333333333333333,0.8,0.8,0.4876774865149038,1.0,LUNG,1w,20
3,single:TRNSCRPT,centroid,5,0.8333333333333333,0.8,0.8,7.20873067782343,1.0,LUNG,1w,20
3,single:TRNSCRPT,logreg_l2,5,1.0,1.0,1.0,0.26223627093605073,1.0,LUNG,1w,20
3,single:TRNSCRPT,rf,5,1.0,1.0,1.0,0.4611617499400939,1.0,LUNG,1w,20
3,single:PROT,centroid,5,0.8333333333333333,0.8,0.8,7.20873067782343,1.0,LUNG,1w,20
3,single:PROT,logreg_l2,5,0.8333333333333333,0.8,0.8,0.23597570270155402,1.0,LUNG,1w,20
3,single:PROT,rf,5,0.8333333333333333,0.8,0.8,0.5538312842729124,1.0,LUNG,1w,20
3,single:METAB,centroid,5,0.8333333333333333,0.8,0.8,7.20873067782343,0.8333333333333333,LUNG,1w,20
3,single:METAB,logreg_l2,5,0.8333333333333333,0.8,0.8,0.5975550574963874,0.8333333333333333,LUNG,1w,20
3,single:METAB,rf,5,0.8333333333333333,0.8,0.8,0.5555408807519701,0.8333333333333333,LUNG,1w,20
3,early_fusion,centroid,5,0.8333333333333333,0.8,0.8,2.2204460492503136e-16,1.0,LUNG,1w,20
3,early_fusion,logreg_l2,5,0.6666666666666666,0.5833333333333333,0.6,0.6634359393924132,1.0,LUNG,1w,20
3,early_fusion,rf,5,1.0,1.0,1.0,0.4161268568220414,1.0,LUNG,1w,20
3,late_fusion,logreg_l2,5,0.8333333333333333,0.8,0.8,0.34578804360458865,1.0,LUNG,1w,20
0,single:TRNSCRPT,centroid,5,0.8333333333333333,0.8,0.8,7.20873067782343,0.8333333333333333,LUNG,2w,20
0,single:TRNSCRPT,logreg_l2,5,0.8333333333333333,0.8,0.8,0.4395618596883243,1.0,LUNG,2w,20
0,single:TRNSCRPT,rf,5,0.8333333333333333,0.8,0.8,0.47842227396073744,1.0,LUNG,2w,20
0,single:PROT,centroid,5,0.8333333333333333,0.8,0.8,7.20873067782343,1.0,LUNG,2w,20
0,single:PROT,logreg_l2,5,1.0,1.0,1.0,0.37363926196380726,1.0,LUNG,2w,20
0,single:PROT,rf,5,1.0,1.0,1.0,0.4567168779425992,1.0,LUNG,2w,20
0,single:METAB,centroid,5,0.8333333333333333,0.8,0.8,0.24450612689202939,1.0,LUNG,2w,20
0,single:METAB,logreg_l2,5,0.8333333333333333,0.8,0.8,0.3738174660013275,1.0,LUNG,2w,20
0,single:METAB,rf,5,0.8333333333333333,0.8,0.8,0.47777229402134225,1.0,LUNG,2w,20
0,early_fusion,centroid,5,1.0,1.0,1.0,2.2204460492503136e-16,1.0,LUNG,2w,20
0,early_fusion,logreg_l2,5,0.6666666666666666,0.5833333333333333,0.6,0.6621258334156381,1.0,LUNG,2w,20
0,early_fusion,rf,5,1.0,1.0,1.0,0.4693507482315383,1.0,LUNG,2w,20
0,late_fusion,logreg_l2,5,0.8333333333333333,0.8,0.8,0.3885826297386641,1.0,LUNG,2w,20
1,single:TRNSCRPT,centroid,5,0.8333333333333333,0.8,0.8,7.20873067782343,0.8333333333333334,LUNG,2w,20
1,single:TRNSCRPT,logreg_l2,5,0.8333333333333333,0.8,0.8,0.6827544790547664,0.8333333333333334,LUNG,2w,20
1,single:TRNSCRPT,rf,5,0.8333333333333333,0.8,0.8,0.512325251957958,1.0,LUNG,2w,20
1,single:PROT,centroid,5,1.0,1.0,1.0,2.2204460492503136e-16,1.0,LUNG,2w,20
1,single:PROT,logreg_l2,5,1.0,1.0,1.0,0.2520816281935493,1.0,LUNG,2w,20
1,single:PROT,rf,5,1.0,1.0,1.0,0.4550375936052472,1.0,LUNG,2w,20
1,single:METAB,centroid,5,1.0,1.0,1.0,2.2204460492503136e-16,1.0,LUNG,2w,20
1,single:METAB,logreg_l2,5,1.0,1.0,1.0,0.05469996849184511,1.0,LUNG,2w,20
1,single:METAB,rf,5,1.0,1.0,1.0,0.4307873243676389,1.0,LUNG,2w,20
1,early_fusion,centroid,5,0.8333333333333333,0.8,0.8,7.20873067782343,0.8333333333333334,LUNG,2w,20
1,early_fusion,logreg_l2,5,0.6666666666666666,0.5833333333333333,0.6,0.6591205935407926,1.0,LUNG,2w,20
1,early_fusion,rf,5,0.8333333333333333,0.8,0.8,0.4788969534933821,1.0,LUNG,2w,20
1,late_fusion,logreg_l2,5,1.0,1.0,1.0,0.21449855904394965,1.0,LUNG,2w,20
2,single:TRNSCRPT,centroid,5,0.75,0.7619047619047619,0.8,7.20873067782343,1.0,LUNG,2w,20
2,single:TRNSCRPT,logreg_l2,5,1.0,1.0,1.0,0.3729212491216328,1.0,LUNG,2w,20
2,single:TRNSCRPT,rf,5,0.75,0.7619047619047619,0.8,0.4990158745496488,1.0,LUNG,2w,20
2,single:PROT,centroid,5,0.75,0.7619047619047619,0.8,7.20897121891541,1.0,LUNG,2w,20
2,single:PROT,logreg_l2,5,0.75,0.7619047619047619,0.8,0.6144362056338682,0.6666666666666667,LUNG,2w,20
2,single:PROT,rf,5,1.0,1.0,1.0,0.5465965116189789,1.0,LUNG,2w,20
2,single:METAB,centroid,5,1.0,1.0,1.0,2.2204460492503136e-16,1.0,LUNG,2w,20
2,single:METAB,logreg_l2,5,1.0,1.0,1.0,0.28155150710746557,1.0,LUNG,2w,20
2,single:METAB,rf,5,1.0,1.0,1.0,0.4037671796514274,1.0,LUNG,2w,20
2,early_fusion,centroid,5,0.75,0.7619047619047619,0.8,7.20873067782343,0.75,LUNG,2w,20
2,early_fusion,logreg_l2,5,0.6666666666666666,0.5833333333333333,0.6,0.6647321032594735,1.0,LUNG,2w,20
2,early_fusion,rf,5,0.75,0.7619047619047619,0.8,0.5171113293286524,1.0,LUNG,2w,20
2,late_fusion,logreg_l2,5,1.0,1.0,1.0,0.3530169709623154,1.0,LUNG,2w,20
3,single:TRNSCRPT,centroid,5,0.6666666666666666,0.5833333333333333,0.6,14.41746135564686,1.0,LUNG,2w,20
3,single:TRNSCRPT,logreg_l2,5,0.8333333333333333,0.8,0.8,0.37423754395052994,1.0,LUNG,2w,20
3,single:TRNSCRPT,rf,5,0.8333333333333333,0.8,0.8,0.49399476705616563,1.0,LUNG,2w,20
3,single:PROT,centroid,5,1.0,1.0,1.0,2.2204460492503136e-16,1.0,LUNG,2w,20
3,single:PROT,logreg_l2,5,0.75,0.7619047619047619,0.8,0.42763606302774154,1.0,LUNG,2w,20
3,single:PROT,rf,5,1.0,1.0,1.0,0.4552088055787813,1.0,LUNG,2w,20
3,single:METAB,centroid,5,0.5833333333333333,0.5833333333333333,0.6,14.41746135564686,0.6666666666666666,LUNG,2w,20
3,single:METAB,logreg_l2,5,0.8333333333333333,0.8,0.8,0.5126465574577859,0.8333333333333333,LUNG,2w,20
3,single:METAB,rf,5,0.5833333333333333,0.5833333333333333,0.6,0.5718193814647392,0.8333333333333333,LUNG,2w,20
3,early_fusion,centroid,5,0.8333333333333333,0.8,0.8,2.2204460492503136e-16,1.0,LUNG,2w,20
3,early_fusion,logreg_l2,5,0.6666666666666666,0.5833333333333333,0.6,0.6663552460807084,1.0,LUNG,2w,20
3,early_fusion,rf,5,1.0,1.0,1.0,0.4797147249622161,1.0,LUNG,2w,20
3,late_fusion,logreg_l2,5,1.0,1.0,1.0,0.42391723290714456,1.0,LUNG,2w,20
0,single:TRNSCRPT,centroid,5,0.8333333333333333,0.8,0.8,7.20873067782343,0.8333333333333333,LUNG,4w,20
0,single:TRNSCRPT,logreg_l2,5,0.8333333333333333,0.8,0.8,0.3827036752245115,1.0,LUNG,4w,20
0,single:TRNSCRPT,rf,5,1.0,1.0,1.0,0.4913260290103693,1.0,LUNG,4w,20
0,single:PROT,centroid,5,0.6666666666666666,0.5833333333333333,0.6,7.20918063076208,0.8333333333333333,LUNG,4w,20
0,single:PROT,logreg_l2,5,0.6666666666666666,0.5833333333333333,0.6,0.5083403543938623,1.0,LUNG,4w,20
0,single:PROT,rf,5,0.75,0.7619047619047619,0.8,0.630982278349525,0.8333333333333333,LUNG,4w,20
0,single:METAB,centroid,5,0.8333333333333333,0.8,0.8,7.20873067782343,0.8333333333333333,LUNG,4w,20
0,single:METAB,logreg_l2,5,0.8333333333333333,0.8,0.8,0.4801531247697325,1.0,LUNG,4w,20
0,single:METAB,rf,5,0.8333333333333333,0.8,0.8,0.5399154845578804,1.0,LUNG,4w,20
0,early_fusion,centroid,5,0.8333333333333333,0.8,0.8,2.2204460492503136e-16,1.0,LUNG,4w,20
0,early_fusion,logreg_l2,5,0.6666666666666666,0.5833333333333333,0.6,0.6807378809911608,1.0,LUNG,4w,20
0,early_fusion,rf,5,1.0,1.0,1.0,0.5273636761649565,1.0,LUNG,4w,20
0,late_fusion,logreg_l2,5,0.8333333333333333,0.8,0.8,0.44729324361068407,1.0,LUNG,4w,20
1,single:TRNSCRPT,centroid,5,0.8333333333333333,0.8,0.8,7.20873067782343,0.8333333333333334,LUNG,4w,20
1,single:TRNSCRPT,logreg_l2,5,0.8333333333333333,0.8,0.8,0.37971935311580385,1.0,LUNG,4w,20
1,single:TRNSCRPT,rf,5,0.8333333333333333,0.8,0.8,0.49407638546087923,1.0,LUNG,4w,20
1,single:PROT,centroid,5,0.41666666666666663,0.4,0.4,21.6261920406431,0.33333333333333337,LUNG,4w,20
1,single:PROT,logreg_l2,5,0.6666666666666666,0.5833333333333333,0.6,0.9825648171373551,0.8333333333333334,LUNG,4w,20
1,single:PROT,rf,5,0.41666666666666663,0.4,0.4,0.7113951985222979,0.6666666666666667,LUNG,4w,20
1,single:METAB,centroid,5,1.0,1.0,1.0,2.2204460492503136e-16,1.0,LUNG,4w,20
1,single:METAB,logreg_l2,5,1.0,1.0,1.0,0.17581496873273655,1.0,LUNG,4w,20
1,single:METAB,rf,5,1.0,1.0,1.0,0.5246636844848778,1.0,LUNG,4w,20
1,early_fusion,centroid,5,0.8333333333333333,0.8,0.8,7.20873067782343,0.8333333333333334,LUNG,4w,20
1,early_fusion,logreg_l2,5,0.5,0.2857142857142857,0.4,0.6880407297081087,1.0,LUNG,4w,20
1,early_fusion,rf,5,0.8333333333333333,0.8,0.8,0.5675410236470918,1.0,LUNG,4w,20
1,late_fusion,logreg_l2,5,0.8333333333333333,0.8,0.8,0.39957761203271874,1.0,LUNG,4w,20
2,single:TRNSCRPT,centroid,5,0.75,0.7619047619047619,0.8,7.20873067782343,0.6666666666666667,LUNG,4w,20
2,single:TRNSCRPT,logreg_l2,5,0.8333333333333333,0.8,0.8,0.3117893799495638,1.0,LUNG,4w,20
2,single:TRNSCRPT,rf,5,0.75,0.7619047619047619,0.8,0.5340684069730693,1.0,LUNG,4w,20
2,single:PROT,centroid,5,0.8333333333333333,0.8,0.8,6.30460551904862,0.8333333333333334,LUNG,4w,20
2,single:PROT,logreg_l2,5,0.8333333333333333,0.8,0.8,0.5627200705571572,1.0,LUNG,4w,20
2,single:PROT,rf,5,0.8333333333333333,0.8,0.8,0.6112497639841095,1.0,LUNG,4w,20
2,single:METAB,centroid,5,0.41666666666666663,0.4,0.4,14.417670436107443,0.5833333333333334,LUNG,4w,20
2,single:METAB,logreg_l2,5,1.0,1.0,1.0,0.3746351375932197,1.0,LUNG,4w,20
2,single:METAB,rf,5,0.8333333333333333,0.8,0.8,0.5907474040860714,0.8333333333333334,LUNG,4w,20
2,early_fusion,centroid,5,0.8333333333333333,0.8,0.8,7.20873067782343,1.0,LUNG,4w,20
2,early_fusion,logreg_l2,5,0.5,0.2857142857142857,0.4,0.6927875580351258,1.0,LUNG,4w,20
2,early_fusion,rf,5,0.75,0.7619047619047619,0.8,0.564000485928445,0.9166666666666667,LUNG,4w,20
2,late_fusion,logreg_l2,5,1.0,1.0,1.0,0.400812192702,1.0,LUNG,4w,20
3,single:TRNSCRPT,centroid,5,1.0,1.0,1.0,3.7747582837255646e-15,1.0,LUNG,4w,20
3,single:TRNSCRPT,logreg_l2,5,1.0,1.0,1.0,0.2704226674278246,1.0,LUNG,4w,20
3,single:TRNSCRPT,rf,5,1.0,1.0,1.0,0.5027967770740284,1.0,LUNG,4w,20
3,single:PROT,centroid,5,0.8333333333333333,0.8,0.8,7.20873067782343,1.0,LUNG,4w,20
3,single:PROT,logreg_l2,5,1.0,1.0,1.0,0.2858902945653048,1.0,LUNG,4w,20
3,single:PROT,rf,5,1.0,1.0,1.0,0.5133737280378667,1.0,LUNG,4w,20
3,single:METAB,centroid,5,1.0,1.0,1.0,2.2204460492503136e-16,1.0,LUNG,4w,20
3,single:METAB,logreg_l2,5,1.0,1.0,1.0,0.14693065923132576,1.0,LUNG,4w,20
3,single:METAB,rf,5,1.0,1.0,1.0,0.540659637319424,1.0,LUNG,4w,20
3,early_fusion,centroid,5,1.0,1.0,1.0,2.2204460492503136e-16,1.0,LUNG,4w,20
3,early_fusion,logreg_l2,5,0.5,0.2857142857142857,0.4,0.6672561297264649,1.0,LUNG,4w,20
3,early_fusion,rf,5,0.8333333333333333,0.8,0.8,0.5473143719263547,1.0,LUNG,4w,20
3,late_fusion,logreg_l2,5,1.0,1.0,1.0,0.22805257909981366,1.0,LUNG,4w,20
0,single:TRNSCRPT,centroid,6,0.75,0.6666666666666666,0.6666666666666666,12.014551129705717,0.875,LUNG,8w,20
0,single:TRNSCRPT,logreg_l2,6,0.75,0.6666666666666666,0.6666666666666666,0.546101336559483,1.0,LUNG,8w,20
0,single:TRNSCRPT,rf,6,1.0,1.0,1.0,0.5613982366807361,1.0,LUNG,8w,20
0,single:PROT,centroid,6,0.75,0.6666666666666666,0.6666666666666666,12.014551129705717,1.0,LUNG,8w,20
0,single:PROT,logreg_l2,6,0.75,0.6666666666666666,0.6666666666666666,0.6530510814183857,0.875,LUNG,8w,20
0,single:PROT,rf,6,0.875,0.8285714285714285,0.8333333333333334,0.49053408549935856,1.0,LUNG,8w,20
0,single:METAB,centroid,6,0.875,0.8285714285714285,0.8333333333333334,5.431472655752765e-05,1.0,LUNG,8w,20
0,single:METAB,logreg_l2,6,0.875,0.8285714285714285,0.8333333333333334,0.30758506527758617,1.0,LUNG,8w,20
0,single:METAB,rf,6,1.0,1.0,1.0,0.4417981247899702,1.0,LUNG,8w,20
0,early_fusion,centroid,6,0.875,0.8285714285714285,0.8333333333333334,6.007275564852859,0.875,LUNG,8w,20
0,early_fusion,logreg_l2,6,0.5,0.25,0.3333333333333333,0.7199676791705069,1.0,LUNG,8w,20
0,early_fusion,rf,6,0.875,0.8285714285714285,0.8333333333333334,0.5476258762008,1.0,LUNG,8w,20
0,late_fusion,logreg_l2,6,0.875,0.8285714285714285,0.8333333333333334,0.46740522120556927,1.0,LUNG,8w,20
1,single:TRNSCRPT,centroid,5,0.41666666666666663,0.4,0.4,21.626192033470293,0.5,LUNG,8w,20
1,single:TRNSCRPT,logreg_l2,5,0.6666666666666666,0.5833333333333333,0.6,0.728513298274901,0.8333333333333334,LUNG,8w,20
1,single:TRNSCRPT,rf,5,0.6666666666666666,0.5833333333333333,0.6,0.6533662604571122,0.6666666666666667,LUNG,8w,20
1,single:PROT,centroid,5,0.8333333333333333,0.8,0.8,7.20873067782343,0.8333333333333334,LUNG,8w,20
1,single:PROT,logreg_l2,5,0.8333333333333333,0.8,0.8,0.7581281803105083,0.8333333333333334,LUNG,8w,20
1,single:PROT,rf,5,0.8333333333333333,0.8,0.8,0.5632846830248397,0.8333333333333334,LUNG,8w,20
1,single:METAB,centroid,5,0.5833333333333333,0.5833333333333333,0.6,2.6733359134098773,1.0,LUNG,8w,20
1,single:METAB,logreg_l2,5,0.5833333333333333,0.5833333333333333,0.6,0.3229535784552691,0.8333333333333334,LUNG,8w,20
1,single:METAB,rf,5,0.8333333333333333,0.8,0.8,0.4983655626536067,0.8333333333333334,LUNG,8w,20
1,early_fusion,centroid,5,0.5833333333333333,0.5833333333333333,0.6,21.626192033470293,0.41666666666666663,LUNG,8w,20
1,early_fusion,logreg_l2,5,0.5,0.2857142857142857,0.4,0.6845658115894893,0.8333333333333334,LUNG,8w,20
1,early_fusion,rf,5,0.6666666666666666,0.5833333333333333,0.6,0.6372298822456866,0.6666666666666667,LUNG,8w,20
1,late_fusion,logreg_l2,5,0.8333333333333333,0.8,0.8,0.5261058484284907,0.8333333333333334,LUNG,8w,20
2,single:TRNSCRPT,centroid,5,0.41666666666666663,0.4,0.4,14.692199136082266,0.5,LUNG,8w,20
2,single:TRNSCRPT,logreg_l2,5,0.6666666666666666,0.5833333333333333,0.6,0.9022340706348142,0.5,LUNG,8w,20
2,single:TRNSCRPT,rf,5,0.6666666666666666,0.5833333333333333,0.6,0.710511576947398,0.5,LUNG,8w,20
2,single:PROT,centroid,5,1.0,1.0,1.0,2.2204460492503136e-16,1.0,LUNG,8w,20
2,single:PROT,logreg_l2,5,1.0,1.0,1.0,0.2439663713920513,1.0,LUNG,8w,20
2,single:PROT,rf,5,1.0,1.0,1.0,0.44295797093471945,1.0,LUNG,8w,20
2,single:METAB,centroid,5,1.0,1.0,1.0,2.2204460492503136e-16,1.0,LUNG,8w,20
2,single:METAB,logreg_l2,5,1.0,1.0,1.0,0.31146953668713395,1.0,LUNG,8w,20
2,single:METAB,rf,5,1.0,1.0,1.0,0.44569323023654617,1.0,LUNG,8w,20
2,early_fusion,centroid,5,0.8333333333333333,0.8,0.8,7.20873067782343,0.8333333333333334,LUNG,8w,20
2,early_fusion,logreg_l2,5,0.5,0.2857142857142857,0.4,0.6784167520034353,1.0,LUNG,8w,20
2,early_fusion,rf,5,0.8333333333333333,0.8,0.8,0.5680404161081494,1.0,LUNG,8w,20
2,late_fusion,logreg_l2,5,1.0,1.0,1.0,0.40072474820103315,1.0,LUNG,8w,20
3,single:TRNSCRPT,centroid,4,0.75,0.7333333333333334,0.75,0.004101553368956462,1.0,LUNG,8w,20
3,single:TRNSCRPT,logreg_l2,4,1.0,1.0,1.0,0.32504587988368816,1.0,LUNG,8w,20
3,single:TRNSCRPT,rf,4,1.0,1.0,1.0,0.5187159293014469,1.0,LUNG,8w,20
3,single:PROT,centroid,4,1.0,1.0,1.0,2.2204460492503136e-16,1.0,LUNG,8w,20
3,single:PROT,logreg_l2,4,1.0,1.0,1.0,0.14757118561659904,1.0,LUNG,8w,20
3,single:PROT,rf,4,1.0,1.0,1.0,0.3743494136268951,1.0,LUNG,8w,20
3,single:METAB,centroid,4,0.75,0.7333333333333334,0.75,0.33288460997564345,1.0,LUNG,8w,20
3,single:METAB,logreg_l2,4,1.0,1.0,1.0,0.22096662955746674,1.0,LUNG,8w,20
3,single:METAB,rf,4,1.0,1.0,1.0,0.5706799933832237,1.0,LUNG,8w,20
3,early_fusion,centroid,4,1.0,1.0,1.0,2.2204460492503136e-16,1.0,LUNG,8w,20
3,early_fusion,logreg_l2,4,1.0,1.0,1.0,0.6667534320526529,1.0,LUNG,8w,20
3,early_fusion,rf,4,1.0,1.0,1.0,0.53452864726427,1.0,LUNG,8w,20
3,late_fusion,logreg_l2,4,1.0,1.0,1.0,0.22169455570796354,1.0,LUNG,8w,20
0,single:TRNSCRPT,centroid,5,1.0,1.0,1.0,2.2204460492503136e-16,1.0,SKM-GN,1w,18
0,single:TRNSCRPT,logreg_l2,5,0.75,0.7619047619047619,0.8,0.338045423922119,1.0,SKM-GN,1w,18
0,single:TRNSCRPT,rf,5,1.0,1.0,1.0,0.5220867770645476,1.0,SKM-GN,1w,18
0,single:PROT,centroid,5,0.41666666666666663,0.4,0.4,17.182666573664132,0.5833333333333334,SKM-GN,1w,18
0,single:PROT,logreg_l2,5,0.8333333333333333,0.8,0.8,0.6049394223185759,0.6666666666666667,SKM-GN,1w,18
0,single:PROT,rf,5,0.8333333333333333,0.8,0.8,0.6493292026686028,0.8333333333333334,SKM-GN,1w,18
0,single:METAB,centroid,5,0.3333333333333333,0.2857142857142857,0.4,15.704456347634856,0.33333333333333337,SKM-GN,1w,18
0,single:METAB,logreg_l2,5,0.8333333333333333,0.8,0.8,0.4223963139589138,1.0,SKM-GN,1w,18
0,single:METAB,rf,5,0.41666666666666663,0.4,0.4,0.6660578894310849,0.6666666666666667,SKM-GN,1w,18
0,early_fusion,centroid,5,0.5833333333333333,0.5833333333333333,0.6,7.20873067782343,0.8333333333333334,SKM-GN,1w,18
0,early_fusion,logreg_l2,5,0.5,0.375,0.6,0.6759875359634112,0.8333333333333334,SKM-GN,1w,18
0,early_fusion,rf,5,1.0,1.0,1.0,0.5698902906134812,1.0,SKM-GN,1w,18
0,late_fusion,logreg_l2,5,1.0,1.0,1.0,0.42581151155767527,1.0,SKM-GN,1w,18
1,single:TRNSCRPT,centroid,5,0.8333333333333333,0.8,0.8,7.20873067782343,0.8333333333333334,SKM-GN,1w,18
1,single:TRNSCRPT,logreg_l2,5,0.8333333333333333,0.8,0.8,0.32058166802170696,1.0,SKM-GN,1w,18
1,single:TRNSCRPT,rf,5,0.8333333333333333,0.8,0.8,0.5299655361855599,1.0,SKM-GN,1w,18
1,single:PROT,centroid,5,0.75,0.7619047619047619,0.8,7.20873067782343,0.8333333333333334,SKM-GN,1w,18
1,single:PROT,logreg_l2,5,0.75,0.7619047619047619,0.8,0.4395365951680533,0.8333333333333334,SKM-GN,1w,18
1,single:PROT,rf,5,0.75,0.7619047619047619,0.8,0.5543151245269385,1.0,SKM-GN,1w,18
1,single:METAB,centroid,5,0.3333333333333333,0.2857142857142857,0.4,8.813488005905482,0.6666666666666667,SKM-GN,1w,18
1,single:METAB,logreg_l2,5,0.75,0.7619047619047619,0.8,0.5456584563755038,0.8333333333333334,SKM-GN,1w,18
1,single:METAB,rf,5,0.75,0.7619047619047619,0.8,0.584094503757034,1.0,SKM-GN,1w,18
1,early_fusion,centroid,5,0.75,0.7619047619047619,0.8,2.2204460492503136e-16,1.0,SKM-GN,1w,18
1,early_fusion,logreg_l2,5,0.5,0.375,0.6,0.6610534294601462,1.0,SKM-GN,1w,18
1,early_fusion,rf,5,1.0,1.0,1.0,0.5285661341952815,1.0,SKM-GN,1w,18
1,late_fusion,logreg_l2,5,1.0,1.0,1.0,0.38491735221092216,1.0,SKM-GN,1w,18
2,single:TRNSCRPT,centroid,4,1.0,1.0,1.0,2.2204460492503136e-16,1.0,SKM-GN,1w,18
2,single:TRNSCRPT,logreg_l2,4,1.0,1.0,1.0,0.11398782276873312,1.0,SKM-GN,1w,18
2,single:TRNSCRPT,rf,4,1.0,1.0,1.0,0.4378742295440998,1.0,SKM-GN,1w,18
2,single:PROT,centroid,4,1.0,1.0,1.0,2.2204460492503136e-16,1.0,SKM-GN,1w,18
2,single:PROT,logreg_l2,4,1.0,1.0,1.0,0.35667515396732974,1.0,SKM-GN,1w,18
2,single:PROT,rf,4,1.0,1.0,1.0,0.5372139054656792,1.0,SKM-GN,1w,18
2,single:METAB,centroid,4,0.75,0.7333333333333334,0.75,9.010913442661849,0.625,SKM-GN,1w,18
2,single:METAB,logreg_l2,4,1.0,1.0,1.0,0.534002458639243,1.0,SKM-GN,1w,18
2,single:METAB,rf,4,1.0,1.0,1.0,0.5168989634990784,1.0,SKM-GN,1w,18
2,early_fusion,centroid,4,1.0,1.0,1.0,2.2204460492503136e-16,1.0,SKM-GN,1w,18
2,early_fusion,logreg_l2,4,0.5,0.3333333333333333,0.5,0.6696347004743068,1.0,SKM-GN,1w,18
2,early_fusion,rf,4,1.0,1.0,1.0,0.48098453479008024,1.0,SKM-GN,1w,18
2,late_fusion,logreg_l2,4,1.0,1.0,1.0,0.3113142278630112,1.0,SKM-GN,1w,18
3,single:TRNSCRPT,centroid,4,1.0,1.0,1.0,2.2204460492503136e-16,1.0,SKM-GN,1w,18
3,single:TRNSCRPT,logreg_l2,4,1.0,1.0,1.0,0.3184182697107649,1.0,SKM-GN,1w,18
3,single:TRNSCRPT,rf,4,1.0,1.0,1.0,0.46790367944228817,1.0,SKM-GN,1w,18
3,single:PROT,centroid,4,0.75,0.7333333333333334,0.75,9.010913347279288,0.75,SKM-GN,1w,18
3,single:PROT,logreg_l2,4,1.0,1.0,1.0,0.4544751958606479,1.0,SKM-GN,1w,18
3,single:PROT,rf,4,1.0,1.0,1.0,0.5931892662653098,1.0,SKM-GN,1w,18
3,single:METAB,centroid,4,1.0,1.0,1.0,2.2204460492503136e-16,1.0,SKM-GN,1w,18
3,single:METAB,logreg_l2,4,1.0,1.0,1.0,0.31119244468937024,1.0,SKM-GN,1w,18
3,single:METAB,rf,4,1.0,1.0,1.0,0.44386678897025394,1.0,SKM-GN,1w,18
3,early_fusion,centroid,4,1.0,1.0,1.0,2.2204460492503136e-16,1.0,SKM-GN,1w,18
3,early_fusion,logreg_l2,4,0.5,0.3333333333333333,0.5,0.6648794431667896,1.0,SKM-GN,1w,18
3,early_fusion,rf,4,1.0,1.0,1.0,0.493446799090543,1.0,SKM-GN,1w,18
3,late_fusion,logreg_l2,4,1.0,1.0,1.0,0.34566443490439935,1.0,SKM-GN,1w,18
0,single:TRNSCRPT,centroid,5,1.0,1.0,1.0,2.2204460492503136e-16,1.0,SKM-GN,2w,18
0,single:TRNSCRPT,logreg_l2,5,1.0,1.0,1.0,0.27380838858521533,1.0,SKM-GN,2w,18
0,single:TRNSCRPT,rf,5,1.0,1.0,1.0,0.5078150127122723,1.0,SKM-GN,2w,18
0,single:PROT,centroid,5,0.8333333333333333,0.8,0.8,7.20873067782343,0.8333333333333334,SKM-GN,2w,18
0,single:PROT,logreg_l2,5,1.0,1.0,1.0,0.3464988436918433,1.0,SKM-GN,2w,18
0,single:PROT,rf,5,0.8333333333333333,0.8,0.8,0.48260901243568555,1.0,SKM-GN,2w,18
0,single:METAB,centroid,5,0.5833333333333333,0.5833333333333333,0.6,14.417467513650195,0.5,SKM-GN,2w,18
0,single:METAB,logreg_l2,5,0.5833333333333333,0.5833333333333333,0.6,0.47510637786309234,0.8333333333333334,SKM-GN,2w,18
0,single:METAB,rf,5,0.3333333333333333,0.2857142857142857,0.4,0.7299487799829152,0.6666666666666667,SKM-GN,2w,18
0,early_fusion,centroid,5,0.8333333333333333,0.8,0.8,2.2204460492503136e-16,1.0,SKM-GN,2w,18
0,early_fusion,logreg_l2,5,0.5,0.375,0.6,0.6418616160028382,1.0,SKM-GN,2w,18
0,early_fusion,rf,5,1.0,1.0,1.0,0.5526629256747047,1.0,SKM-GN,2w,18
0,late_fusion,logreg_l2,5,1.0,1.0,1.0,0.3491805702047463,1.0,SKM-GN,2w,18
1,single:TRNSCRPT,centroid,5,1.0,1.0,1.0,2.2204460492503136e-16,1.0,SKM-GN,2w,18
1,single:TRNSCRPT,logreg_l2,5,1.0,1.0,1.0,0.3901321396219773,1.0,SKM-GN,2w,18
1,single:TRNSCRPT,rf,5,1.0,1.0,1.0,0.5321694551082419,1.0,SKM-GN,2w,18
1,single:PROT,centroid,5,0.8333333333333333,0.8,0.8,14.41746135564686,0.7500000000000001,SKM-GN,2w,18
1,single:PROT,logreg_l2,5,1.0,1.0,1.0,0.36749483186494314,1.0,SKM-GN,2w,18
1,single:PROT,rf,5,0.8333333333333333,0.8,0.8,0.5426102471172269,0.8333333333333334,SKM-GN,2w,18
1,single:METAB,centroid,5,1.0,1.0,1.0,2.2204460492503136e-16,1.0,SKM-GN,2w,18
1,single:METAB,logreg_l2,5,1.0,1.0,1.0,0.10699878179344839,1.0,SKM-GN,2w,18
1,single:METAB,rf,5,1.0,1.0,1.0,0.4265502317905973,1.0,SKM-GN,2w,18
1,early_fusion,centroid,5,1.0,1.0,1.0,2.2204460492503136e-16,1.0,SKM-GN,2w,18
1,early_fusion,logreg_l2,5,0.5,0.375,0.6,0.6302099527754509,1.0,SKM-GN,2w,18
1,early_fusion,rf,5,1.0,1.0,1.0,0.5034299711178281,1.0,SKM-GN,2w,18
1,late_fusion,logreg_l2,5,1.0,1.0,1.0,0.2768891967069026,1.0,SKM-GN,2w,18
2,single:TRNSCRPT,centroid,4,1.0,1.0,1.0,2.2204460492503136e-16,1.0,SKM-GN,2w,18
2,single:TRNSCRPT,logreg_l2,4,0.75,0.7333333333333334,0.75,0.4112101164718337,1.0,SKM-GN,2w,18
2,single:TRNSCRPT,rf,4,1.0,1.0,1.0,0.5323940744159559,1.0,SKM-GN,2w,18
2,single:PROT,centroid,4,1.0,1.0,1.0,2.2204460492503136e-16,1.0,SKM-GN,2w,18
2,single:PROT,logreg_l2,4,1.0,1.0,1.0,0.3542102559321499,1.0,SKM-GN,2w,18
2,single:PROT,rf,4,1.0,1.0,1.0,0.466221203479578,1.0,SKM-GN,2w,18
2,single:METAB,centroid,4,1.0,1.0,1.0,2.2204460492503136e-16,1.0,SKM-GN,2w,18
2,single:METAB,logreg_l2,4,1.0,1.0,1.0,0.11851043049727156,1.0,SKM-GN,2w,18
2,single:METAB,rf,4,1.0,1.0,1.0,0.3681042787175773,1.0,SKM-GN,2w,18
2,early_fusion,centroid,4,1.0,1.0,1.0,2.2204460492503136e-16,1.0,SKM-GN,2w,18
2,early_fusion,logreg_l2,4,0.5,0.3333333333333333,0.5,0.6477129536290998,1.0,SKM-GN,2w,18
2,early_fusion,rf,4,1.0,1.0,1.0,0.513630312469659,1.0,SKM-GN,2w,18
2,late_fusion,logreg_l2,4,1.0,1.0,1.0,0.2775000599168844,1.0,SKM-GN,2w,18
3,single:TRNSCRPT,centroid,4,1.0,1.0,1.0,2.2204460492503136e-16,1.0,SKM-GN,2w,18
3,single:TRNSCRPT,logreg_l2,4,1.0,1.0,1.0,0.2081700367243145,1.0,SKM-GN,2w,18
3,single:TRNSCRPT,rf,4,1.0,1.0,1.0,0.525940030777146,1.0,SKM-GN,2w,18
3,single:PROT,centroid,4,1.0,1.0,1.0,2.2204460492503136e-16,1.0,SKM-GN,2w,18
3,single:PROT,logreg_l2,4,1.0,1.0,1.0,0.2756049739410069,1.0,SKM-GN,2w,18
3,single:PROT,rf,4,1.0,1.0,1.0,0.48823385534857655,1.0,SKM-GN,2w,18
3,single:METAB,centroid,4,1.0,1.0,1.0,2.2204460492503136e-16,1.0,SKM-GN,2w,18
3,single:METAB,logreg_l2,4,1.0,1.0,1.0,0.17985077866000354,1.0,SKM-GN,2w,18
3,single:METAB,rf,4,1.0,1.0,1.0,0.40785262888563034,1.0,SKM-GN,2w,18
3,early_fusion,centroid,4,1.0,1.0,1.0,2.2204460492503136e-16,1.0,SKM-GN,2w,18
3,early_fusion,logreg_l2,4,0.5,0.3333333333333333,0.5,0.6412106813664029,1.0,SKM-GN,2w,18
3,early_fusion,rf,4,1.0,1.0,1.0,0.49221674694977713,1.0,SKM-GN,2w,18
3,late_fusion,logreg_l2,4,1.0,1.0,1.0,0.20891805325934,1.0,SKM-GN,2w,18
0,single:TRNSCRPT,centroid,5,1.0,1.0,1.0,2.2204460492503136e-16,1.0,SKM-GN,4w,18
0,single:TRNSCRPT,logreg_l2,5,1.0,1.0,1.0,0.2826605771181347,1.0,SKM-GN,4w,18
0,single:TRNSCRPT,rf,5,1.0,1.0,1.0,0.4759367993763405,1.0,SKM-GN,4w,18
0,single:PROT,centroid,5,1.0,1.0,1.0,2.2204460492503136e-16,1.0,SKM-GN,4w,18
0,single:PROT,logreg_l2,5,1.0,1.0,1.0,0.026751985760365443,1.0,SKM-GN,4w,18
0,single:PROT,rf,5,1.0,1.0,1.0,0.3174554482945466,1.0,SKM-GN,4w,18
0,single:METAB,centroid,5,0.75,0.7619047619047619,0.8,7.20873067782343,1.0,SKM-GN,4w,18
0,single:METAB,logreg_l2,5,1.0,1.0,1.0,0.1327569538025588,1.0,SKM-GN,4w,18
0,single:METAB,rf,5,0.75,0.7619047619047619,0.8,0.5058527021539363,1.0,SKM-GN,4w,18
0,early_fusion,centroid,5,1.0,1.0,1.0,2.2204460492503136e-16,1.0,SKM-GN,4w,18
0,early_fusion,logreg_l2,5,0.5,0.375,0.6,0.6100761875150139,1.0,SKM-GN,4w,18
0,early_fusion,rf,5,1.0,1.0,1.0,0.4592616080955447,1.0,SKM-GN,4w,18
0,late_fusion,logreg_l2,5,1.0,1.0,1.0,0.13876496345767558,1.0,SKM-GN,4w,18
1,single:TRNSCRPT,centroid,5,1.0,1.0,1.0,2.2204460492503136e-16,1.0,SKM-GN,4w,18
1,single:TRNSCRPT,logreg_l2,5,1.0,1.0,1.0,0.39030909540727693,1.0,SKM-GN,4w,18
1,single:TRNSCRPT,rf,5,1.0,1.0,1.0,0.5050344256176276,1.0,SKM-GN,4w,18
1,single:PROT,centroid,5,1.0,1.0,1.0,7.20873067782343,1.0,SKM-GN,4w,18
1,single:PROT,logreg_l2,5,0.75,0.7619047619047619,0.8,0.2441184793275209,1.0,SKM-GN,4w,18
1,single:PROT,rf,5,1.0,1.0,1.0,0.3729206957433614,1.0,SKM-GN,4w,18
1,single:METAB,centroid,5,1.0,1.0,1.0,0.6966213358520374,1.0,SKM-GN,4w,18
1,single:METAB,logreg_l2,5,0.75,0.7619047619047619,0.8,0.4734169386244325,1.0,SKM-GN,4w,18
1,single:METAB,rf,5,0.5,0.375,0.6,0.6637403972408136,0.6666666666666667,SKM-GN,4w,18
1,early_fusion,centroid,5,1.0,1.0,1.0,2.2204460492503136e-16,1.0,SKM-GN,4w,18
1,early_fusion,logreg_l2,5,0.5,0.375,0.6,0.636749984500794,1.0,SKM-GN,4w,18
1,early_fusion,rf,5,1.0,1.0,1.0,0.49963661434872264,1.0,SKM-GN,4w,18
1,late_fusion,logreg_l2,5,1.0,1.0,1.0,0.35818566439058924,1.0,SKM-GN,4w,18
2,single:TRNSCRPT,centroid,4,0.75,0.7333333333333334,0.75,9.010913347279288,0.75,SKM-GN,4w,18
2,single:TRNSCRPT,logreg_l2,4,1.0,1.0,1.0,0.4381222439364589,1.0,SKM-GN,4w,18
2,single:TRNSCRPT,rf,4,0.75,0.7333333333333334,0.75,0.5360370266494597,1.0,SKM-GN,4w,18
2,single:PROT,centroid,4,0.75,0.7333333333333334,0.75,2.2204460492503136e-16,1.0,SKM-GN,4w,18
2,single:PROT,logreg_l2,4,1.0,1.0,1.0,0.3115029866428885,1.0,SKM-GN,4w,18
2,single:PROT,rf,4,1.0,1.0,1.0,0.3966386360116832,1.0,SKM-GN,4w,18
2,single:METAB,centroid,4,0.75,0.7333333333333334,0.75,9.010913347279288,0.75,SKM-GN,4w,18
2,single:METAB,logreg_l2,4,0.75,0.7333333333333334,0.75,0.6166116093512817,0.5,SKM-GN,4w,18
2,single:METAB,rf,4,0.75,0.7333333333333334,0.75,0.6581274755189231,0.5,SKM-GN,4w,18
2,early_fusion,centroid,4,1.0,1.0,1.0,2.2204460492503136e-16,1.0,SKM-GN,4w,18
2,early_fusion,logreg_l2,4,0.5,0.3333333333333333,0.5,0.6660553152151223,1.0,SKM-GN,4w,18
2,early_fusion,rf,4,1.0,1.0,1.0,0.46667151763026027,1.0,SKM-GN,4w,18
2,late_fusion,logreg_l2,4,1.0,1.0,1.0,0.40888360936020907,1.0,SKM-GN,4w,18
3,single:TRNSCRPT,centroid,4,0.75,0.7333333333333334,0.75,1.0991207943789285e-14,1.0,SKM-GN,4w,18
3,single:TRNSCRPT,logreg_l2,4,1.0,1.0,1.0,0.4765593295136015,1.0,SKM-GN,4w,18
3,single:TRNSCRPT,rf,4,1.0,1.0,1.0,0.5389370449382508,1.0,SKM-GN,4w,18
3,single:PROT,centroid,4,0.75,0.7333333333333334,0.75,9.010913347279288,0.75,SKM-GN,4w,18
3,single:PROT,logreg_l2,4,1.0,1.0,1.0,0.3379300647200878,1.0,SKM-GN,4w,18
3,single:PROT,rf,4,1.0,1.0,1.0,0.4119530013778294,1.0,SKM-GN,4w,18
3,single:METAB,centroid,4,0.75,0.7333333333333334,0.75,4.515856757132437e-09,1.0,SKM-GN,4w,18
3,single:METAB,logreg_l2,4,1.0,1.0,1.0,0.23313189860914182,1.0,SKM-GN,4w,18
3,single:METAB,rf,4,1.0,1.0,1.0,0.5028893185098446,1.0,SKM-GN,4w,18
3,early_fusion,centroid,4,0.75,0.7333333333333334,0.75,9.010913347279288,0.75,SKM-GN,4w,18
3,early_fusion,logreg_l2,4,0.5,0.3333333333333333,0.5,0.6614114237573055,1.0,SKM-GN,4w,18
3,early_fusion,rf,4,1.0,1.0,1.0,0.5543695300578898,1.0,SKM-GN,4w,18
3,late_fusion,logreg_l2,4,1.0,1.0,1.0,0.33650298277951357,1.0,SKM-GN,4w,18
0,single:TRNSCRPT,centroid,5,1.0,1.0,1.0,2.2204460492503136e-16,1.0,SKM-GN,8w,17
0,single:TRNSCRPT,logreg_l2,5,1.0,1.0,1.0,0.25173932156580436,1.0,SKM-GN,8w,17
0,single:TRNSCRPT,rf,5,1.0,1.0,1.0,0.3499218408130789,1.0,SKM-GN,8w,17
0,single:PROT,centroid,5,0.75,0.7619047619047619,0.8,7.20873067782343,0.75,SKM-GN,8w,17
0,single:PROT,logreg_l2,5,0.75,0.7619047619047619,0.8,0.3913172904624354,1.0,SKM-GN,8w,17
0,single:PROT,rf,5,1.0,1.0,1.0,0.42319439213956345,1.0,SKM-GN,8w,17
0,single:METAB,centroid,5,0.5833333333333333,0.5833333333333333,0.6,14.41746135564686,0.6666666666666666,SKM-GN,8w,17
0,single:METAB,logreg_l2,5,0.5833333333333333,0.5833333333333333,0.6,0.3798474420905443,0.8333333333333333,SKM-GN,8w,17
0,single:METAB,rf,5,0.5833333333333333,0.5833333333333333,0.6,0.5536677803323017,0.8333333333333333,SKM-GN,8w,17
0,early_fusion,centroid,5,1.0,1.0,1.0,2.2204460492503136e-16,1.0,SKM-GN,8w,17
0,early_fusion,logreg_l2,5,0.5,0.2857142857142857,0.4,0.6752429010047146,1.0,SKM-GN,8w,17
0,early_fusion,rf,5,1.0,1.0,1.0,0.43436182936654166,1.0,SKM-GN,8w,17
0,late_fusion,logreg_l2,5,1.0,1.0,1.0,0.30767958551550223,1.0,SKM-GN,8w,17
1,single:TRNSCRPT,centroid,4,0.8333333333333333,0.7333333333333334,0.75,9.010913347279288,0.8333333333333334,SKM-GN,8w,17
1,single:TRNSCRPT,logreg_l2,4,0.8333333333333333,0.7333333333333334,0.75,0.7597577736796111,0.6666666666666667,SKM-GN,8w,17
1,single:TRNSCRPT,rf,4,0.8333333333333333,0.7333333333333334,0.75,0.6051446091909075,0.8333333333333334,SKM-GN,8w,17
1,single:PROT,centroid,4,1.0,1.0,1.0,2.2204460492503136e-16,1.0,SKM-GN,8w,17
1,single:PROT,logreg_l2,4,1.0,1.0,1.0,0.10184981491741063,1.0,SKM-GN,8w,17
1,single:PROT,rf,4,1.0,1.0,1.0,0.29048300628638357,1.0,SKM-GN,8w,17
1,single:METAB,centroid,4,0.3333333333333333,0.3333333333333333,0.5,18.021826694558577,0.6666666666666667,SKM-GN,8w,17
1,single:METAB,logreg_l2,4,1.0,1.0,1.0,0.4340562539127137,1.0,SKM-GN,8w,17
1,single:METAB,rf,4,0.3333333333333333,0.3333333333333333,0.5,0.7193415599684965,0.33333333333333337,SKM-GN,8w,17
1,early_fusion,centroid,4,0.8333333333333333,0.7333333333333334,0.75,9.010913347279288,0.8333333333333334,SKM-GN,8w,17
1,early_fusion,logreg_l2,4,0.6666666666666666,0.5,0.5,0.6613092326854498,1.0,SKM-GN,8w,17
1,early_fusion,rf,4,0.8333333333333333,0.7333333333333334,0.75,0.5432517508160366,1.0,SKM-GN,8w,17
1,late_fusion,logreg_l2,4,1.0,1.0,1.0,0.3115048827373187,1.0,SKM-GN,8w,17
2,single:TRNSCRPT,centroid,4,1.0,1.0,1.0,2.2204460492503136e-16,1.0,SKM-GN,8w,17
2,single:TRNSCRPT,logreg_l2,4,1.0,1.0,1.0,0.22404352720015874,1.0,SKM-GN,8w,17
2,single:TRNSCRPT,rf,4,1.0,1.0,1.0,0.39390175376159364,1.0,SKM-GN,8w,17
2,single:PROT,centroid,4,1.0,1.0,1.0,2.2204460492503136e-16,1.0,SKM-GN,8w,17
2,single:PROT,logreg_l2,4,1.0,1.0,1.0,0.22832470536602728,1.0,SKM-GN,8w,17
2,single:PROT,rf,4,1.0,1.0,1.0,0.3462274875647463,1.0,SKM-GN,8w,17
2,single:METAB,centroid,4,1.0,1.0,1.0,2.2204460492503136e-16,1.0,SKM-GN,8w,17
2,single:METAB,logreg_l2,4,1.0,1.0,1.0,0.21467975889151397,1.0,SKM-GN,8w,17
2,single:METAB,rf,4,1.0,1.0,1.0,0.37931982649692825,1.0,SKM-GN,8w,17
2,early_fusion,centroid,4,1.0,1.0,1.0,2.2204460492503136e-16,1.0,SKM-GN,8w,17
2,early_fusion,logreg_l2,4,1.0,1.0,1.0,0.6094153002815719,1.0,SKM-GN,8w,17
2,early_fusion,rf,4,1.0,1.0,1.0,0.4080077050321142,1.0,SKM-GN,8w,17
2,late_fusion,logreg_l2,4,1.0,1.0,1.0,0.21624987228623213,1.0,SKM-GN,8w,17
3,single:TRNSCRPT,centroid,4,1.0,1.0,1.0,2.2204460492503136e-16,1.0,SKM-GN,8w,17
3,single:TRNSCRPT,logreg_l2,4,1.0,1.0,1.0,0.26112606062565213,1.0,SKM-GN,8w,17
3,single:TRNSCRPT,rf,4,1.0,1.0,1.0,0.3742468517249543,1.0,SKM-GN,8w,17
3,single:PROT,centroid,4,1.0,1.0,1.0,2.2204460492503136e-16,1.0,SKM-GN,8w,17
3,single:PROT,logreg_l2,4,1.0,1.0,1.0,0.17022156461693716,1.0,SKM-GN,8w,17
3,single:PROT,rf,4,1.0,1.0,1.0,0.26735591886267224,1.0,SKM-GN,8w,17
3,single:METAB,centroid,4,1.0,1.0,1.0,2.2204460492503136e-16,1.0,SKM-GN,8w,17
3,single:METAB,logreg_l2,4,0.75,0.7333333333333334,0.75,0.36974988128499664,1.0,SKM-GN,8w,17
3,single:METAB,rf,4,1.0,1.0,1.0,0.4634156248851298,1.0,SKM-GN,8w,17
3,early_fusion,centroid,4,1.0,1.0,1.0,2.2204460492503136e-16,1.0,SKM-GN,8w,17
3,early_fusion,logreg_l2,4,0.75,0.7333333333333334,0.75,0.6112038585585207,1.0,SKM-GN,8w,17
3,early_fusion,rf,4,1.0,1.0,1.0,0.362986638323727,1.0,SKM-GN,8w,17
3,late_fusion,logreg_l2,4,1.0,1.0,1.0,0.259338237106422,1.0,SKM-GN,8w,17
0,single:TRNSCRPT,centroid,5,0.6666666666666666,0.5833333333333333,0.6,17.656770556812337,0.5,WAT-SC,1w,20
0,single:TRNSCRPT,logreg_l2,5,0.8333333333333333,0.8,0.8,0.3289764695390044,0.8333333333333333,WAT-SC,1w,20
0,single:TRNSCRPT,rf,5,0.8333333333333333,0.8,0.8,0.533051890216461,0.6666666666666666,WAT-SC,1w,20
0,single:PROT,centroid,5,0.5833333333333333,0.5833333333333333,0.6,14.41746135564686,0.5833333333333334,WAT-SC,1w,20
0,single:PROT,logreg_l2,5,0.8333333333333333,0.8,0.8,0.49468197034988287,0.8333333333333333,WAT-SC,1w,20
0,single:PROT,rf,5,0.75,0.7619047619047619,0.8,0.6176604409374281,0.5,WAT-SC,1w,20
0,single:METAB,centroid,5,0.41666666666666663,0.4,0.4,21.626192033470293,0.5833333333333334,WAT-SC,1w,20
0,single:METAB,logreg_l2,5,0.75,0.7619047619047619,0.8,0.5032630321524056,0.6666666666666666,WAT-SC,1w,20
0,single:METAB,rf,5,0.5833333333333333,0.5833333333333333,0.6,0.6191538787794052,0.6666666666666666,WAT-SC,1w,20
0,early_fusion,centroid,5,0.6666666666666666,0.5833333333333333,0.6,14.41746135564686,0.6666666666666666,WAT-SC,1w,20
0,early_fusion,logreg_l2,5,0.6666666666666666,0.5833333333333333,0.6,0.6866526945570574,0.6666666666666666,WAT-SC,1w,20
0,early_fusion,rf,5,0.8333333333333333,0.8,0.8,0.6024556352960233,0.8333333333333333,WAT-SC,1w,20
0,late_fusion,logreg_l2,5,1.0,1.0,1.0,0.3843062619407217,1.0,WAT-SC,1w,20
1,single:TRNSCRPT,centroid,5,0.41666666666666663,0.4,0.4,21.626192033470293,0.33333333333333337,WAT-SC,1w,20
1,single:TRNSCRPT,logreg_l2,5,0.5833333333333333,0.5833333333333333,0.6,1.164774482143212,0.5,WAT-SC,1w,20
1,single:TRNSCRPT,rf,5,0.41666666666666663,0.4,0.4,1.0814414952548337,0.33333333333333337,WAT-SC,1w,20
1,single:PROT,centroid,5,0.41666666666666663,0.4,0.4,21.626192033470293,0.41666666666666663,WAT-SC,1w,20
1,single:PROT,logreg_l2,5,0.41666666666666663,0.4,0.4,1.7077675215042611,0.5,WAT-SC,1w,20
1,single:PROT,rf,5,0.41666666666666663,0.4,0.4,0.8338071526020242,0.5,WAT-SC,1w,20
1,single:METAB,centroid,5,0.41666666666666663,0.4,0.4,15.406665780188096,0.5833333333333334,WAT-SC,1w,20
1,single:METAB,logreg_l2,5,0.5833333333333333,0.5833333333333333,0.6,0.5782921361903712,0.6666666666666667,WAT-SC,1w,20
1,single:METAB,rf,5,0.5833333333333333,0.5833333333333333,0.6,0.6242592884324873,0.6666666666666667,WAT-SC,1w,20
1,early_fusion,centroid,5,0.41666666666666663,0.4,0.4,21.626192033470293,0.41666666666666663,WAT-SC,1w,20
1,early_fusion,logreg_l2,5,0.41666666666666663,0.4,0.4,0.7272433697993217,0.5,WAT-SC,1w,20
1,early_fusion,rf,5,0.41666666666666663,0.4,0.4,0.8787857514477349,0.5,WAT-SC,1w,20
1,late_fusion,logreg_l2,5,0.41666666666666663,0.4,0.4,0.9304036073312065,0.5,WAT-SC,1w,20
2,single:TRNSCRPT,centroid,5,0.8333333333333333,0.8,0.8,7.20873067782343,0.8333333333333334,WAT-SC,1w,20
2,single:TRNSCRPT,logreg_l2,5,0.6666666666666666,0.5833333333333333,0.6,0.48890272186761774,1.0,WAT-SC,1w,20
2,single:TRNSCRPT,rf,5,0.6666666666666666,0.5833333333333333,0.6,0.5852280869246629,1.0,WAT-SC,1w,20
2,single:PROT,centroid,5,0.5833333333333333,0.5833333333333333,0.6,14.41746135564686,0.7500000000000001,WAT-SC,1w,20
2,single:PROT,logreg_l2,5,0.8333333333333333,0.8,0.8,0.6993927005524035,0.8333333333333334,WAT-SC,1w,20
2,single:PROT,rf,5,0.8333333333333333,0.8,0.8,0.6359833265355552,0.8333333333333334,WAT-SC,1w,20
2,single:METAB,centroid,5,0.41666666666666663,0.4,0.4,21.108652890692344,0.5833333333333334,WAT-SC,1w,20
2,single:METAB,logreg_l2,5,0.5833333333333333,0.5833333333333333,0.6,0.6119464172236201,0.8333333333333334,WAT-SC,1w,20
2,single:METAB,rf,5,0.41666666666666663,0.4,0.4,0.67551883175163,0.6666666666666667,WAT-SC,1w,20
2,early_fusion,centroid,5,0.6666666666666666,0.5833333333333333,0.6,14.41746135564686,0.6666666666666667,WAT-SC,1w,20
2,early_fusion,logreg_l2,5,0.5,0.2857142857142857,0.4,0.6936409873307261,0.8333333333333334,WAT-SC,1w,20
2,early_fusion,rf,5,0.8333333333333333,0.8,0.8,0.6099634498264547,1.0,WAT-SC,1w,20
2,late_fusion,logreg_l2,5,0.8333333333333333,0.8,0.8,0.5755728751787154,0.8333333333333334,WAT-SC,1w,20
3,single:TRNSCRPT,centroid,5,0.8333333333333333,0.8,0.8,5.844312173641343,1.0,WAT-SC,1w,20
3,single:TRNSCRPT,logreg_l2,5,0.8333333333333333,0.8,0.8,0.5111706868222733,1.0,WAT-SC,1w,20
3,single:TRNSCRPT,rf,5,1.0,1.0,1.0,0.5602179539565778,1.0,WAT-SC,1w,20
3,single:PROT,centroid,5,0.6666666666666666,0.5833333333333333,0.6,14.376955986669094,0.6666666666666666,WAT-SC,1w,20
3,single:PROT,logreg_l2,5,0.5833333333333333,0.5833333333333333,0.6,0.5133280135645337,0.8333333333333333,WAT-SC,1w,20
3,single:PROT,rf,5,0.5833333333333333,0.5833333333333333,0.6,0.6570268008758055,0.6666666666666666,WAT-SC,1w,20
3,single:METAB,centroid,5,0.75,0.7619047619047619,0.8,7.20873067782343,0.75,WAT-SC,1w,20
3,single:METAB,logreg_l2,5,1.0,1.0,1.0,0.3230383749653297,1.0,WAT-SC,1w,20
3,single:METAB,rf,5,0.75,0.7619047619047619,0.8,0.5637761115033482,0.8333333333333333,WAT-SC,1w,20
3,early_fusion,centroid,5,0.75,0.7619047619047619,0.8,7.20873067782343,0.75,WAT-SC,1w,20
3,early_fusion,logreg_l2,5,0.6666666666666666,0.5833333333333333,0.6,0.6741802597370342,1.0,WAT-SC,1w,20
3,early_fusion,rf,5,0.75,0.7619047619047619,0.8,0.6065139118682812,1.0,WAT-SC,1w,20
3,late_fusion,logreg_l2,5,1.0,1.0,1.0,0.4323539768122977,1.0,WAT-SC,1w,20
0,single:TRNSCRPT,centroid,5,0.6666666666666666,0.5833333333333333,0.6,17.38808359494408,0.5,WAT-SC,2w,20
0,single:TRNSCRPT,logreg_l2,5,0.5833333333333333,0.5833333333333333,0.6,0.853067278123056,0.5,WAT-SC,2w,20
0,single:TRNSCRPT,rf,5,0.3333333333333333,0.2857142857142857,0.4,0.7906532860675429,0.6666666666666666,WAT-SC,2w,20
0,single:PROT,centroid,5,0.75,0.7619047619047619,0.8,7.20873067782343,0.75,WAT-SC,2w,20
0,single:PROT,logreg_l2,5,0.75,0.7619047619047619,0.8,0.3569941666602799,1.0,WAT-SC,2w,20
0,single:PROT,rf,5,0.75,0.7619047619047619,0.8,0.5334643483938745,1.0,WAT-SC,2w,20
0,single:METAB,centroid,5,0.75,0.7619047619047619,0.8,7.20873067782343,0.75,WAT-SC,2w,20
0,single:METAB,logreg_l2,5,0.75,0.7619047619047619,0.8,0.309753413577097,1.0,WAT-SC,2w,20
0,single:METAB,rf,5,0.75,0.7619047619047619,0.8,0.4665298608665164,1.0,WAT-SC,2w,20
0,early_fusion,centroid,5,0.41666666666666663,0.4,0.4,14.41746135564686,0.5,WAT-SC,2w,20
0,early_fusion,logreg_l2,5,0.6666666666666666,0.5833333333333333,0.6,0.6723428015104373,0.8333333333333333,WAT-SC,2w,20
0,early_fusion,rf,5,0.75,0.7619047619047619,0.8,0.5513355655419175,0.8333333333333333,WAT-SC,2w,20
0,late_fusion,logreg_l2,5,0.75,0.7619047619047619,0.8,0.3954181000379952,1.0,WAT-SC,2w,20
1,single:TRNSCRPT,centroid,5,0.41666666666666663,0.4,0.4,21.626192033470293,0.41666666666666663,WAT-SC,2w,20
1,single:TRNSCRPT,logreg_l2,5,0.75,0.7619047619047619,0.8,1.5454182996462908,0.5,WAT-SC,2w,20
1,single:TRNSCRPT,rf,5,0.75,0.7619047619047619,0.8,0.5651239859877102,0.8333333333333334,WAT-SC,2w,20
1,single:PROT,centroid,5,0.75,0.7619047619047619,0.8,7.20873067782343,0.6666666666666667,WAT-SC,2w,20
1,single:PROT,logreg_l2,5,0.75,0.7619047619047619,0.8,0.5556949395430488,0.6666666666666667,WAT-SC,2w,20
1,single:PROT,rf,5,0.75,0.7619047619047619,0.8,0.4755933997239241,1.0,WAT-SC,2w,20
1,single:METAB,centroid,5,0.75,0.7619047619047619,0.8,7.20873067782343,0.6666666666666667,WAT-SC,2w,20
1,single:METAB,logreg_l2,5,0.75,0.7619047619047619,0.8,0.2563211104568723,1.0,WAT-SC,2w,20
1,single:METAB,rf,5,0.75,0.7619047619047619,0.8,0.5054688210301516,0.8333333333333334,WAT-SC,2w,20
1,early_fusion,centroid,5,0.41666666666666663,0.4,0.4,21.626192033470293,0.41666666666666663,WAT-SC,2w,20
1,early_fusion,logreg_l2,5,0.41666666666666663,0.4,0.4,0.6944688818378147,0.5,WAT-SC,2w,20
1,early_fusion,rf,5,0.75,0.7619047619047619,0.8,0.6022942120270389,0.6666666666666667,WAT-SC,2w,20
1,late_fusion,logreg_l2,5,0.75,0.7619047619047619,0.8,0.47473193987996953,0.8333333333333334,WAT-SC,2w,20
2,single:TRNSCRPT,centroid,5,1.0,1.0,1.0,0.00015267194392410408,1.0,WAT-SC,2w,20
2,single:TRNSCRPT,logreg_l2,5,1.0,1.0,1.0,0.39035094676896,1.0,WAT-SC,2w,20
2,single:TRNSCRPT,rf,5,1.0,1.0,1.0,0.45907417394264777,1.0,WAT-SC,2w,20
2,single:PROT,centroid,5,0.75,0.7619047619047619,0.8,6.2232001250679625,1.0,WAT-SC,2w,20
2,single:PROT,logreg_l2,5,1.0,1.0,1.0,0.2897452970064117,1.0,WAT-SC,2w,20
2,single:PROT,rf,5,0.8333333333333333,0.8,0.8,0.4007160200733013,1.0,WAT-SC,2w,20
2,single:METAB,centroid,5,1.0,1.0,1.0,2.2204460492503136e-16,1.0,WAT-SC,2w,20
2,single:METAB,logreg_l2,5,1.0,1.0,1.0,0.07871121139386857,1.0,WAT-SC,2w,20
2,single:METAB,rf,5,1.0,1.0,1.0,0.4409439691512726,1.0,WAT-SC,2w,20
2,early_fusion,centroid,5,1.0,1.0,1.0,7.20873067782343,0.8333333333333334,WAT-SC,2w,20
2,early_fusion,logreg_l2,5,0.6666666666666666,0.5833333333333333,0.6,0.6608349556809113,1.0,WAT-SC,2w,20
2,early_fusion,rf,5,1.0,1.0,1.0,0.49822735676856816,1.0,WAT-SC,2w,20
2,late_fusion,logreg_l2,5,1.0,1.0,1.0,0.23831691364057886,1.0,WAT-SC,2w,20
3,single:TRNSCRPT,centroid,5,0.6666666666666666,0.5833333333333333,0.6,14.417462039351904,1.0,WAT-SC,2w,20
3,single:TRNSCRPT,logreg_l2,5,0.6666666666666666,0.5833333333333333,0.6,0.539558052065112,1.0,WAT-SC,2w,20
3,single:TRNSCRPT,rf,5,0.6666666666666666,0.5833333333333333,0.6,0.5058894831952532,1.0,WAT-SC,2w,20
3,single:PROT,centroid,5,0.6666666666666666,0.5833333333333333,0.6,14.41746135564686,1.0,WAT-SC,2w,20
3,single:PROT,logreg_l2,5,0.8333333333333333,0.8,0.8,0.41365900870317374,0.8333333333333333,WAT-SC,2w,20
3,single:PROT,rf,5,1.0,1.0,1.0,0.4152044612318132,1.0,WAT-SC,2w,20
3,single:METAB,centroid,5,1.0,1.0,1.0,2.2204460492503136e-16,1.0,WAT-SC,2w,20
3,single:METAB,logreg_l2,5,1.0,1.0,1.0,0.25318098801312944,1.0,WAT-SC,2w,20
3,single:METAB,rf,5,1.0,1.0,1.0,0.5005655972842675,1.0,WAT-SC,2w,20
3,early_fusion,centroid,5,0.8333333333333333,0.8,0.8,14.41746135564686,0.8333333333333333,WAT-SC,2w,20
3,early_fusion,logreg_l2,5,0.6666666666666666,0.5833333333333333,0.6,0.674603577615877,1.0,WAT-SC,2w,20
3,early_fusion,rf,5,1.0,1.0,1.0,0.5296286586498329,1.0,WAT-SC,2w,20
3,late_fusion,logreg_l2,5,1.0,1.0,1.0,0.37391286029520376,1.0,WAT-SC,2w,20
0,single:TRNSCRPT,centroid,5,0.41666666666666663,0.4,0.4,21.626192033470293,0.41666666666666663,WAT-SC,4w,20
0,single:TRNSCRPT,logreg_l2,5,0.8333333333333333,0.8,0.8,0.565680360367675,0.8333333333333333,WAT-SC,4w,20
0,single:TRNSCRPT,rf,5,0.8333333333333333,0.8,0.8,0.5887547434169477,0.8333333333333333,WAT-SC,4w,20
0,single:PROT,centroid,5,0.8333333333333333,0.8,0.8,2.7485406562343893,1.0,WAT-SC,4w,20
0,single:PROT,logreg_l2,5,0.8333333333333333,0.8,0.8,0.3595797915129712,1.0,WAT-SC,4w,20
0,single:PROT,rf,5,1.0,1.0,1.0,0.49446654106160837,1.0,WAT-SC,4w,20
0,single:METAB,centroid,5,0.41666666666666663,0.4,0.4,21.626192033470293,0.5833333333333334,WAT-SC,4w,20
0,single:METAB,logreg_l2,5,0.6666666666666666,0.5833333333333333,0.6,0.5757720729553515,0.6666666666666666,WAT-SC,4w,20
0,single:METAB,rf,5,0.41666666666666663,0.4,0.4,0.6517107361642693,0.6666666666666666,WAT-SC,4w,20
0,early_fusion,centroid,5,0.41666666666666663,0.4,0.4,21.626192033470293,0.41666666666666663,WAT-SC,4w,20
0,early_fusion,logreg_l2,5,0.5,0.2857142857142857,0.4,0.7031462281847768,0.6666666666666666,WAT-SC,4w,20
0,early_fusion,rf,5,1.0,1.0,1.0,0.5570482493654437,1.0,WAT-SC,4w,20
0,late_fusion,logreg_l2,5,1.0,1.0,1.0,0.48225242959654235,1.0,WAT-SC,4w,20
1,single:TRNSCRPT,centroid,5,0.16666666666666666,0.16666666666666666,0.2,23.291286349804928,0.16666666666666669,WAT-SC,4w,20
1,single:TRNSCRPT,logreg_l2,5,0.41666666666666663,0.4,0.4,2.4276424375339394,0.16666666666666669,WAT-SC,4w,20
1,single:TRNSCRPT,rf,5,0.41666666666666663,0.4,0.4,0.8575906860592613,0.33333333333333337,WAT-SC,4w,20
1,single:PROT,centroid,5,0.75,0.7619047619047619,0.8,7.20873095823295,0.8333333333333334,WAT-SC,4w,20
1,single:PROT,logreg_l2,5,1.0,1.0,1.0,0.28464800690749587,1.0,WAT-SC,4w,20
1,single:PROT,rf,5,0.5833333333333333,0.5833333333333333,0.6,0.5516127412864797,0.8333333333333334,WAT-SC,4w,20
1,single:METAB,centroid,5,0.5833333333333333,0.5833333333333333,0.6,14.41746135564686,0.4166666666666667,WAT-SC,4w,20
1,single:METAB,logreg_l2,5,0.5833333333333333,0.5833333333333333,0.6,0.7388747026469905,0.5,WAT-SC,4w,20
1,single:METAB,rf,5,0.41666666666666663,0.4,0.4,0.6982658159369264,0.5,WAT-SC,4w,20
1,early_fusion,centroid,5,0.41666666666666663,0.4,0.4,28.83492271129372,0.25,WAT-SC,4w,20
1,early_fusion,logreg_l2,5,0.5,0.2857142857142857,0.4,0.7043630721340801,0.5,WAT-SC,4w,20
1,early_fusion,rf,5,0.5833333333333333,0.5833333333333333,0.6,0.6561885357401256,0.6666666666666667,WAT-SC,4w,20
1,late_fusion,logreg_l2,5,0.41666666666666663,0.4,0.4,0.7025611814008194,0.6666666666666667,WAT-SC,4w,20
2,single:TRNSCRPT,centroid,5,0.41666666666666663,0.4,0.4,4.46280092943926,0.33333333333333337,WAT-SC,4w,20
2,single:TRNSCRPT,logreg_l2,5,0.41666666666666663,0.4,0.4,0.6416448183689166,0.6666666666666667,WAT-SC,4w,20
2,single:TRNSCRPT,rf,5,0.6666666666666666,0.5833333333333333,0.6,0.6320209169943389,0.6666666666666667,WAT-SC,4w,20
2,single:PROT,centroid,5,0.8333333333333333,0.8,0.8,7.20873067782343,0.8333333333333334,WAT-SC,4w,20
2,single:PROT,logreg_l2,5,0.8333333333333333,0.8,0.8,0.5504376960162148,0.8333333333333334,WAT-SC,4w,20
2,single:PROT,rf,5,0.8333333333333333,0.8,0.8,0.5152887711082045,0.8333333333333334,WAT-SC,4w,20
2,single:METAB,centroid,5,0.75,0.7619047619047619,0.8,1.191439728730067,1.0,WAT-SC,4w,20
2,single:METAB,logreg_l2,5,0.8333333333333333,0.8,0.8,0.5381666768502849,1.0,WAT-SC,4w,20
2,single:METAB,rf,5,0.41666666666666663,0.4,0.4,0.6606092881286945,0.6666666666666667,WAT-SC,4w,20
2,early_fusion,centroid,5,0.8333333333333333,0.8,0.8,21.626192033470293,0.41666666666666663,WAT-SC,4w,20
2,early_fusion,logreg_l2,5,0.5,0.2857142857142857,0.4,0.6892784620183224,1.0,WAT-SC,4w,20
2,early_fusion,rf,5,0.8333333333333333,0.8,0.8,0.6083168412612787,0.8333333333333334,WAT-SC,4w,20
2,late_fusion,logreg_l2,5,0.8333333333333333,0.8,0.8,0.5464935740922522,1.0,WAT-SC,4w,20
3,single:TRNSCRPT,centroid,5,0.41666666666666663,0.4,0.4,7.459928746727021,0.3333333333333333,WAT-SC,4w,20
3,single:TRNSCRPT,logreg_l2,5,0.8333333333333333,0.8,0.8,0.43887784367919247,1.0,WAT-SC,4w,20
3,single:TRNSCRPT,rf,5,0.5,0.375,0.6,0.6518394954720814,0.6666666666666666,WAT-SC,4w,20
3,single:PROT,centroid,5,0.6666666666666666,0.5833333333333333,0.6,14.41746135564686,0.8333333333333333,WAT-SC,4w,20
3,single:PROT,logreg_l2,5,1.0,1.0,1.0,0.33797438262016255,1.0,WAT-SC,4w,20
3,single:PROT,rf,5,0.8333333333333333,0.8,0.8,0.5307228719107009,1.0,WAT-SC,4w,20
3,single:METAB,centroid,5,1.0,1.0,1.0,6.099921086118971e-06,1.0,WAT-SC,4w,20
3,single:METAB,logreg_l2,5,1.0,1.0,1.0,0.39440625825988096,1.0,WAT-SC,4w,20
3,single:METAB,rf,5,1.0,1.0,1.0,0.5731116500932246,1.0,WAT-SC,4w,20
3,early_fusion,centroid,5,0.41666666666666663,0.4,0.4,21.626192033470293,0.41666666666666663,WAT-SC,4w,20
3,early_fusion,logreg_l2,5,0.5,0.2857142857142857,0.4,0.6918685582934776,0.8333333333333333,WAT-SC,4w,20
3,early_fusion,rf,5,1.0,1.0,1.0,0.5940096622715874,1.0,WAT-SC,4w,20
3,late_fusion,logreg_l2,5,1.0,1.0,1.0,0.3827784617267377,1.0,WAT-SC,4w,20
0,single:TRNSCRPT,centroid,6,1.0,1.0,1.0,0.06720813884399035,1.0,WAT-SC,8w,20
0,single:TRNSCRPT,logreg_l2,6,1.0,1.0,1.0,0.12554990269214558,1.0,WAT-SC,8w,20
0,single:TRNSCRPT,rf,6,0.75,0.7777777777777777,0.8333333333333334,0.4926809601672549,1.0,WAT-SC,8w,20
0,single:PROT,centroid,6,0.5,0.4857142857142857,0.5,6.855582729736617,0.875,WAT-SC,8w,20
0,single:PROT,logreg_l2,6,0.75,0.6666666666666666,0.6666666666666666,0.4989506871045764,1.0,WAT-SC,8w,20
0,single:PROT,rf,6,0.875,0.8285714285714285,0.8333333333333334,0.5185864282933007,1.0,WAT-SC,8w,20
0,single:METAB,centroid,6,1.0,1.0,1.0,2.2204460492503136e-16,1.0,WAT-SC,8w,20
0,single:METAB,logreg_l2,6,1.0,1.0,1.0,0.23166375693425403,1.0,WAT-SC,8w,20
0,single:METAB,rf,6,1.0,1.0,1.0,0.4076942234330833,1.0,WAT-SC,8w,20
0,early_fusion,centroid,6,0.875,0.8285714285714285,0.8333333333333334,12.014551129705717,1.0,WAT-SC,8w,20
0,early_fusion,logreg_l2,6,0.5,0.25,0.3333333333333333,0.7000020555811156,1.0,WAT-SC,8w,20
0,early_fusion,rf,6,1.0,1.0,1.0,0.4922230861692622,1.0,WAT-SC,8w,20
0,late_fusion,logreg_l2,6,1.0,1.0,1.0,0.2584597695494691,1.0,WAT-SC,8w,20
1,single:TRNSCRPT,centroid,5,0.41666666666666663,0.4,0.4,21.626192033470293,0.5,WAT-SC,8w,20
1,single:TRNSCRPT,logreg_l2,5,0.6666666666666666,0.5833333333333333,0.6,1.911934821874069,0.6666666666666667,WAT-SC,8w,20
1,single:TRNSCRPT,rf,5,0.6666666666666666,0.5833333333333333,0.6,0.636847400049005,0.8333333333333334,WAT-SC,8w,20
1,single:PROT,centroid,5,0.41666666666666663,0.4,0.4,17.785124226567348,0.5,WAT-SC,8w,20
1,single:PROT,logreg_l2,5,0.6666666666666666,0.5833333333333333,0.6,0.7806560752343572,0.6666666666666667,WAT-SC,8w,20
1,single:PROT,rf,5,0.6666666666666666,0.5833333333333333,0.6,0.7566446697494161,0.6666666666666667,WAT-SC,8w,20
1,single:METAB,centroid,5,0.41666666666666663,0.4,0.4,21.626192033470293,0.5,WAT-SC,8w,20
1,single:METAB,logreg_l2,5,0.41666666666666663,0.4,0.4,0.942999580248282,0.6666666666666667,WAT-SC,8w,20
1,single:METAB,rf,5,0.8333333333333333,0.8,0.8,0.604655426904019,0.8333333333333334,WAT-SC,8w,20
1,early_fusion,centroid,5,0.41666666666666663,0.4,0.4,21.626192033470293,0.5,WAT-SC,8w,20
1,early_fusion,logreg_l2,5,0.6666666666666666,0.5833333333333333,0.6,0.6845636353118174,0.6666666666666667,WAT-SC,8w,20
1,early_fusion,rf,5,0.6666666666666666,0.5833333333333333,0.6,0.6136670670444737,0.6666666666666667,WAT-SC,8w,20
1,late_fusion,logreg_l2,5,0.6666666666666666,0.5833333333333333,0.6,0.8565602065581022,0.8333333333333334,WAT-SC,8w,20
2,single:TRNSCRPT,centroid,5,1.0,1.0,1.0,0.013569334484519057,1.0,WAT-SC,8w,20
2,single:TRNSCRPT,logreg_l2,5,1.0,1.0,1.0,0.06533976538603171,1.0,WAT-SC,8w,20
2,single:TRNSCRPT,rf,5,1.0,1.0,1.0,0.4313122579420883,1.0,WAT-SC,8w,20
2,single:PROT,centroid,5,1.0,1.0,1.0,2.2204460492503136e-16,1.0,WAT-SC,8w,20
2,single:PROT,logreg_l2,5,1.0,1.0,1.0,0.3743428557437304,1.0,WAT-SC,8w,20
2,single:PROT,rf,5,0.8333333333333333,0.8,0.8,0.49654818681718904,1.0,WAT-SC,8w,20
2,single:METAB,centroid,5,1.0,1.0,1.0,9.7255536957166e-15,1.0,WAT-SC,8w,20
2,single:METAB,logreg_l2,5,1.0,1.0,1.0,0.3318948955574684,1.0,WAT-SC,8w,20
2,single:METAB,rf,5,1.0,1.0,1.0,0.37997136173718243,1.0,WAT-SC,8w,20
2,early_fusion,centroid,5,1.0,1.0,1.0,2.2204460492503136e-16,1.0,WAT-SC,8w,20
2,early_fusion,logreg_l2,5,0.6666666666666666,0.5833333333333333,0.6,0.6606361157908768,1.0,WAT-SC,8w,20
2,early_fusion,rf,5,1.0,1.0,1.0,0.5150940818428167,1.0,WAT-SC,8w,20
2,late_fusion,logreg_l2,5,1.0,1.0,1.0,0.24126084418625654,1.0,WAT-SC,8w,20
3,single:TRNSCRPT,centroid,4,0.5,0.3333333333333333,0.5,18.021826694558577,0.5,WAT-SC,8w,20
3,single:TRNSCRPT,logreg_l2,4,0.75,0.7333333333333334,0.75,2.0391589111493813,0.5,WAT-SC,8w,20
3,single:TRNSCRPT,rf,4,0.75,0.7333333333333334,0.75,0.5839235434135992,1.0,WAT-SC,8w,20
3,single:PROT,centroid,4,0.5,0.3333333333333333,0.5,18.021826694558577,1.0,WAT-SC,8w,20
3,single:PROT,logreg_l2,4,0.75,0.7333333333333334,0.75,0.2694534501758483,1.0,WAT-SC,8w,20
3,single:PROT,rf,4,0.75,0.7333333333333334,0.75,0.5334524837384617,1.0,WAT-SC,8w,20
3,single:METAB,centroid,4,0.5,0.3333333333333333,0.5,18.021826694558577,0.75,WAT-SC,8w,20
3,single:METAB,logreg_l2,4,0.75,0.7333333333333334,0.75,0.6313053359187147,1.0,WAT-SC,8w,20
3,single:METAB,rf,4,0.75,0.7333333333333334,0.75,0.6028594770872477,0.75,WAT-SC,8w,20
3,early_fusion,centroid,4,0.5,0.3333333333333333,0.5,18.021826694558577,0.5,WAT-SC,8w,20
3,early_fusion,logreg_l2,4,0.5,0.3333333333333333,0.5,0.6624573414053652,1.0,WAT-SC,8w,20
3,early_fusion,rf,4,0.75,0.7333333333333334,0.75,0.5224220365982024,1.0,WAT-SC,8w,20
3,late_fusion,logreg_l2,4,0.75,0.7333333333333334,0.75,0.5167485704131751,1.0,WAT-SC,8w,20
