ensembl_gene,gene_symbol,protein_ids,spearman,pearson,rna_marker_tissue,prot_marker_tissue,rna_range_log2cpm,prot_range_log2ppm,same_marker_tissue
ENSRNOG00000060410,Pcdh1,XP_006222627.1,1.0,0.9848602354928485,LUNG,LUNG,5.105891846994117,7.746010260057618,True
ENSRNOG00000052256,Dact3,NP_001178876.2,1.0,0.9020761491491011,CORTEX,CORTEX,7.509243699799125,5.463876403923353,True
ENSRNOG00000013321,Dock11,NP_001178689.1,1.0,0.9511042834062834,WAT-SC,WAT-SC,3.1280139472296096,3.891988355479917,True
ENSRNOG00000030391,Ei24,NP_001020831.1,1.0,0.8926779892353547,LIVER,LIVER,1.8019873407383313,7.155187037015124,True
ENSRNOG00000016779,Fam120a,NP_001178745.2,1.0,0.9532372586932203,LUNG,LUNG,1.4225092918439506,3.908547338347086,True
ENSRNOG00000009760,Palm,NP_570842.1,0.9642857142857145,0.8298121545779723,CORTEX,CORTEX,5.492875420923383,7.859906931326087,True
ENSRNOG00000054080,Cgnl1,NP_001101634.1,0.9642857142857145,0.9694367981245976,KIDNEY,KIDNEY,6.594731267707099,7.925701251186005,True
ENSRNOG00000047356,Abl1,NP_001094320.1,0.9642857142857145,0.8856149696215951,LUNG,LUNG,2.629285947417407,4.203421390715144,True
ENSRNOG00000019730,Inppl1,NP_075233.1,0.9642857142857145,0.9554645505777035,LUNG,LUNG,2.237762372021699,2.830890376654534,True
ENSRNOG00000000805,Gja1,NP_036699.1,0.9642857142857145,0.9699748562023911,HEART,HEART,5.2406440665510985,11.180920574768917,True
ENSRNOG00000016677,Csnk1g3,NP_074046.1,0.9642857142857145,0.9437147231691227,LUNG,LUNG,1.2372167236124603,2.4955566666635676,True
ENSRNOG00000002542,Heatr6,NP_001073366.1,0.9642857142857145,0.9545246354747643,LUNG,LUNG,1.1409388979835877,2.5200897618341336,True
ENSRNOG00000023258,Nfkb1,NP_001263640.1,0.9642857142857145,0.9432585850327676,LUNG,LUNG,2.4387030789898487,3.6494748384184126,True
ENSRNOG00000019850,Speg,NP_001102272.1,0.9642857142857145,0.893961691018994,SKM-GN,HEART,7.960334154824093,9.460968168938228,False
ENSRNOG00000004837,Limd1,NP_001106208.1,0.9642857142857145,0.9263323476341984,WAT-SC,WAT-SC,3.71031928853371,3.844743965774214,True
ENSRNOG00000006394,Tbc1d10a,NP_001015022.1,0.9642857142857145,0.8902660718771921,KIDNEY,KIDNEY,3.6229758557143925,6.1832612807914655,True
ENSRNOG00000019913,Mta2,NP_001094210.1,0.9642857142857145,0.9683782696815939,LUNG,LUNG,2.4115368102827732,3.0989183086697047,True
ENSRNOG00000020482,Nfatc4,NP_001100734.1,0.9642857142857145,0.9834709873926992,LUNG,LUNG,3.2681810794644193,4.7746980480989025,True
ENSRNOG00000004772,Cytip,NP_001012086.1,0.9642857142857145,0.9665172391651227,LUNG,KIDNEY,4.388875792812152,5.858393112817597,False
ENSRNOG00000013798,Fnbp1l,NP_001034698.1,0.9642857142857145,0.9199745511405838,LUNG,LUNG,4.559220906349638,7.422042699681215,True
ENSRNOG00000052968,Hnrnpa3,NP_001104764.1,0.9642857142857145,0.913272871862627,LUNG,LUNG,2.0115142232056407,6.19546821251705,True
ENSRNOG00000002215,Mylk,NP_001099344.2,0.9642857142857145,0.961584462662529,LUNG,LUNG,4.20658046315052,5.441674555954476,True
ENSRNOG00000003232,Slc9a3r1,NP_067605.1,0.9642857142857145,0.9607909293761122,KIDNEY,KIDNEY,6.634414567327196,11.042905393363212,True
ENSRNOG00000002657,Pla2g4a,NP_598235.2,0.9642857142857145,0.8132134552936919,KIDNEY,KIDNEY,2.5217660728905855,5.437057304586755,True
ENSRNOG00000021025,Ppp2r5b,NP_852044.1,0.9642857142857145,0.8324580790292324,CORTEX,CORTEX,3.6266605612646936,3.4922565219754533,True
ENSRNOG00000020828,Pde4a,NP_037233.3,0.9642857142857145,0.9487112217172315,CORTEX,CORTEX,4.4507584005819485,5.396070538043114,True
ENSRNOG00000003134,Slc4a4,NP_445876.1,0.9642857142857145,0.9549728794879019,KIDNEY,KIDNEY,4.929646534111334,11.81504953468335,True
ENSRNOG00000033835,Dnm1,NP_542420.1,0.9642857142857145,0.8785262492221839,CORTEX,CORTEX,8.821855694577389,5.046752346660158,True
ENSRNOG00000018051,Farp2,NP_001101703.1,0.9642857142857145,0.9324874035662342,LIVER,LIVER,2.1959622211457974,7.441132766368494,True
ENSRNOG00000012061,Prkcb,NP_036845.3,0.9642857142857145,0.885625172444461,CORTEX,CORTEX,7.031498580280168,6.501688536117766,True
ENSRNOG00000032922,Dclk1,XP_017446628.1,0.9642857142857145,0.9308489734838751,CORTEX,CORTEX,8.63344096082388,8.071405397296008,True
ENSRNOG00000008517,Cdc42ep1,NP_001073168.1,0.9642857142857145,0.8724910472779038,LUNG,LUNG,4.296256980999625,4.633039540344445,True
ENSRNOG00000005362,Rab3ip,NP_059009.2,0.9642857142857145,0.8141025134849488,KIDNEY,KIDNEY,3.4233916004082072,4.015056508734672,True
ENSRNOG00000004310,Caskin2,NP_001100535.1,0.9285714285714288,0.6961920455991525,LUNG,LUNG,3.313634410403754,5.088320172958006,True
ENSRNOG00000025742,Lmnb2,NP_001292164.1,0.9285714285714288,0.842326727801318,WAT-SC,WAT-SC,2.3010728857566676,4.687525729179816,True
ENSRNOG00000025895,Cavin2,NP_001007713.1,0.9285714285714288,0.90445454600288,LUNG,LUNG,5.654969876200327,8.579031080008495,True
ENSRNOG00000014867,Synpo2,NP_001178892.1,0.9285714285714288,0.9131110417071431,SKM-GN,HEART,7.52065852291272,7.2270516781960765,False
ENSRNOG00000050317,Uhrf1bp1l,NP_001102223.1,0.9285714285714288,0.9102912902689546,CORTEX,LIVER,2.908501315758909,6.658051990234905,False
ENSRNOG00000009889,Pgm1,NP_058729.2,0.9285714285714288,0.7964575080850858,SKM-GN,SKM-GN,5.906781820574924,5.402017999534598,True
ENSRNOG00000007106,Sos1,NP_001094186.1,0.9285714285714288,0.8392623438659335,CORTEX,CORTEX,1.6870534584702543,4.001803398563689,True
ENSRNOG00000009079,Prkar2b,NP_001025191.1,0.9285714285714288,0.8858308901787914,WAT-SC,CORTEX,7.5908547693803525,8.111432774964983,False
ENSRNOG00000049007,Rmdn3,NP_001014068.1,0.9285714285714288,0.8795564912235969,KIDNEY,LIVER,0.5793817509220942,7.438598886791908,False
ENSRNOG00000008113,RGD1561149,NP_001128101.1,0.9285714285714288,0.8982423338023842,KIDNEY,KIDNEY,4.529573446624896,5.9940999890076245,True
ENSRNOG00000018087,Vim,NP_112402.1,0.9285714285714288,0.8396162087453549,WAT-SC,WAT-SC,5.231371840488392,3.85831695105406,True
ENSRNOG00000021891,Zdhhc8,NP_001034110.1,0.9285714285714288,0.9210808773343447,CORTEX,CORTEX,3.7064115977805048,5.492399012839139,True
ENSRNOG00000019555,Arap1,XP_006223488.1,0.9285714285714288,0.9371613003440499,LUNG,LUNG,2.987112088318689,3.5924042000532297,True
ENSRNOG00000017952,Septin2,NP_476489.1,0.9285714285714288,0.7490385718045236,LUNG,WAT-SC,2.3683380811882495,6.972497719342923,False
ENSRNOG00000007646,Sipa1l1,NP_647546.1,0.9285714285714288,0.7744432742636401,CORTEX,KIDNEY,4.440222008749206,6.5106992294100365,False
ENSRNOG00000017642,Acbd5,NP_001071103.1,0.9285714285714288,0.902096724916151,KIDNEY,LIVER,1.4502112520608819,4.960723251268428,False
ENSRNOG00000028261,Tppp,NP_001101931.1,0.9285714285714288,0.8966476801520643,CORTEX,CORTEX,5.201536026983445,7.2543974058256895,True
ENSRNOG00000014928,Apba1,NP_113967.1,0.9285714285714288,0.7700579867985715,CORTEX,CORTEX,6.468166061061336,5.062225344343453,True
ENSRNOG00000031479,Hdlbp,NP_742036.2,0.9285714285714288,0.912627769822264,LIVER,LIVER,0.8783813279648776,5.675291775408572,True
ENSRNOG00000004794,Rtn1,NP_446317.1,0.9285714285714288,0.8430988224534924,CORTEX,CORTEX,8.775134505700771,7.704669503603107,True
ENSRNOG00000011559,Cnn3,NP_062232.1,0.9285714285714288,0.9569867895652159,KIDNEY,LUNG,4.0447950116397715,7.253685345047677,False
ENSRNOG00000000704,Cmklr1,NP_071554.2,0.9285714285714288,0.9657595589748627,LUNG,LUNG,5.544815337893279,4.43387752523696,True
ENSRNOG00000020607,Bckdha,NP_036914.1,0.9285714285714288,0.9227242727377584,HEART,KIDNEY,2.786826327379009,4.904453858362571,False
ENSRNOG00000058186,Errfi1,NP_001014093.1,0.9285714285714288,0.94117246713924,LIVER,LIVER,6.3283804731247795,6.589478772309411,True
ENSRNOG00000011586,Ccnl1,NP_446114.1,0.9285714285714288,0.8288128723889279,LUNG,WAT-SC,2.7867783440987632,4.746520340505954,False
ENSRNOG00000023453,Lrba,NP_001102025.1,0.9285714285714288,0.9495963340065097,KIDNEY,KIDNEY,1.9443926362844017,4.845283103234888,True
ENSRNOG00000005958,Rrbp1,XP_008773766.1,0.9285714285714288,0.9197905511092689,WAT-SC,LIVER,3.791948302773881,9.11524582541236,False
ENSRNOG00000061270,Git1,NP_114002.1,0.9285714285714288,0.6858908774140569,CORTEX,CORTEX,4.205673275381291,4.007744841534943,True
ENSRNOG00000021041,Fam171a2,XP_002727867.2,0.9285714285714288,0.8326097656599363,CORTEX,LUNG,5.211213141512417,6.191157517447696,False
ENSRNOG00000060707,Atg2a,NP_001103015.1,0.9285714285714288,0.9679592674037053,LUNG,KIDNEY,0.7719574025735669,3.403096459186762,False
ENSRNOG00000006509,Srgap3,NP_001178904.1,0.9285714285714288,0.9254449363114364,CORTEX,CORTEX,7.299278790657041,9.245414294945887,True
ENSRNOG00000013135,Ptpn12,NP_476456.2,0.9285714285714288,0.8428076326501739,LUNG,LUNG,3.5899958143315467,6.695881198359379,True
ENSRNOG00000019638,Lmna,NP_001002016.2,0.8928571428571429,0.8876567346072345,WAT-SC,LUNG,2.3065577640316492,4.021912682717029,False
ENSRNOG00000016965,Anapc1,NP_001101241.1,0.8928571428571429,0.8165255689789093,LUNG,LUNG,2.159163685150986,3.68295536007106,True
ENSRNOG00000014549,Arhgef26,XP_001063458.1,0.8928571428571429,0.8983910853852374,LUNG,LUNG,6.303744496841263,6.129916725207904,True
ENSRNOG00000031669,Lpp,NP_001013886.1,0.8928571428571429,0.968244257354469,LUNG,LUNG,3.7650638850206493,7.843988054243377,True
ENSRNOG00000018639,Zfand2b,NP_001020916.1,0.8928571428571429,0.9227713543681304,LUNG,LUNG,2.1607035105992427,3.60049608456161,True
ENSRNOG00000032437,Pard3,NP_112514.1,0.8928571428571429,0.9063390366357763,LUNG,LUNG,1.8493610151745887,4.441202447221079,True
ENSRNOG00000017354,Zyx,NP_446213.1,0.8928571428571429,0.8577449340934667,LUNG,LUNG,3.0660382083002373,5.53586308484056,True
ENSRNOG00000012153,Rbl2,NP_112356.1,0.8928571428571429,0.7669657683011771,LUNG,LUNG,1.1910757613420095,5.203862419852241,True
ENSRNOG00000019316,Sh3bp4,NP_073184.3,0.8928571428571429,0.9016717629481096,WAT-SC,WAT-SC,5.078293361508438,5.90634988923366,True
ENSRNOG00000008338,Bsdc1,NP_001100106.1,0.8928571428571429,0.6571012860853355,WAT-SC,LIVER,1.0016552110222996,5.994023047963313,False
ENSRNOG00000011655,Dcaf10,NP_001101405.1,0.8928571428571429,0.7806678374652183,LUNG,WAT-SC,1.6721130360356145,3.2712436208213447,False
ENSRNOG00000017707,Abi2,NP_775166.1,0.8928571428571429,0.7062654994533278,CORTEX,CORTEX,4.46161036953623,7.623275834659862,True
ENSRNOG00000005081,Fbxl20,XP_017453008.1,0.8928571428571429,0.8767402759067818,LUNG,CORTEX,2.213273465497732,4.05772498717578,False
ENSRNOG00000003374,Ccdc85a,NP_001178482.1,0.8928571428571429,0.9106631286595431,CORTEX,CORTEX,4.600928116697692,7.062216855048225,True
ENSRNOG00000009015,Nfx1,NP_001019955.2,0.8928571428571429,0.6301200428923406,LUNG,LIVER,1.5060278572544936,4.644964966839989,False
ENSRNOG00000008193,Cr1l,NP_001005330.1,0.8928571428571429,0.7648519403412699,LUNG,LUNG,3.0875840869219475,5.015650691036994,True
ENSRNOG00000020719,Hrc,NP_852034.1,0.8928571428571429,0.9294908045256333,SKM-GN,SKM-GN,8.907295065793924,11.828333315307916,True
ENSRNOG00000011987,Cd2ap,NP_852140.1,0.8928571428571429,0.8859652489249782,KIDNEY,KIDNEY,3.065606871149961,5.686970669519805,True
ENSRNOG00000021098,Rasgrp2,NP_001076446.2,0.8928571428571429,0.7810897144183204,LUNG,LUNG,2.9268694266448043,5.150654941647292,True
ENSRNOG00000007393,Ndrg1,NP_001011991.1,0.8928571428571429,0.7736923081970069,KIDNEY,KIDNEY,7.3314976898436495,9.88625277873857,True
ENSRNOG00000003742,Cdkl5,XP_017443711.1,0.8928571428571429,0.8503472584389838,CORTEX,LUNG,5.112076834411683,6.7105350279728215,False
ENSRNOG00000013397,Foxo1,NP_001178775.1,0.8928571428571429,0.7912610179311649,LUNG,WAT-SC,1.4557767625000055,3.7513660861866707,False
ENSRNOG00000052296,Shank3,NP_067708.1,0.8928571428571429,0.6941035456497525,LUNG,LUNG,4.113882700839357,5.616699702027431,True
ENSRNOG00000010064,Abcc4,NP_596902.1,0.8928571428571429,0.9394603705041285,KIDNEY,KIDNEY,3.143997118668127,3.401933410906884,True
ENSRNOG00000027257,Gmip,NP_001100778.1,0.8928571428571429,0.8676024613027268,LUNG,LUNG,3.8430674322531297,4.884322406251457,True
ENSRNOG00000011271,Mcc,NP_001164005.2,0.8928571428571429,0.8090216868723289,LUNG,LUNG,3.64373599543052,5.269884215239599,True
ENSRNOG00000018681,Nes,NP_001295168.1,0.8928571428571429,0.8626899344723266,KIDNEY,KIDNEY,5.206717282431723,5.002476855087639,True
ENSRNOG00000009980,Plpp1,XP_006232011.1,0.8928571428571429,0.9746845436513033,LUNG,LUNG,1.9237476405201557,5.947619218377415,True
ENSRNOG00000057988,Pfkm,NP_113903.1,0.8928571428571429,0.9287454928949447,SKM-GN,SKM-GN,8.82881348712003,3.4538053723308533,True
ENSRNOG00000001436,Ywhag,NP_062249.1,0.8928571428571429,0.7570833600880136,CORTEX,SKM-GN,3.817887149716692,2.7685413258392115,False
ENSRNOG00000019810,Des,NP_071976.1,0.8928571428571429,0.8284534055710485,SKM-GN,HEART,9.224218839174933,10.652851225984241,False
ENSRNOG00000001090,Stard13,NP_001102530.1,0.8928571428571429,0.9336001607088428,LUNG,LUNG,4.398883285235211,7.191240227965,True
ENSRNOG00000019778,Cavin1,NP_001099311.1,0.8928571428571429,0.8806016283742114,LUNG,WAT-SC,6.3784245218571645,8.277450509929405,False
ENSRNOG00000013737,Bcar3,NP_001101192.1,0.8928571428571429,0.9310997473036465,LUNG,LUNG,3.536451794608262,5.9775088659376,True
ENSRNOG00000013963,Il6st,NP_001008725.2,0.8928571428571429,0.7826293641086329,LUNG,LUNG,2.349167933288366,4.4861371926528335,True
ENSRNOG00000006966,Nfia,NP_037120.1,0.8928571428571429,0.8741820969227417,LIVER,LIVER,2.0151134338817895,4.860663593187297,True
ENSRNOG00000011459,Rhbdf2,NP_001100537.2,0.8928571428571429,0.8568166418940527,LUNG,WAT-SC,3.6852518093992384,3.1971811312797542,False
ENSRNOG00000015894,Dock8,NP_001032882.2,0.8928571428571429,0.9362105935275294,LUNG,LUNG,5.7904618112204265,7.425028604330895,True
ENSRNOG00000018977,Ap3d1,NP_001094189.1,0.8571428571428573,0.8454343124196945,CORTEX,CORTEX,1.9422982556767758,5.752127660470854,True
ENSRNOG00000020330,Wdr47,NP_001094172.1,0.8571428571428573,0.8998595765907407,CORTEX,CORTEX,5.3214078917293435,4.205938656848481,True
ENSRNOG00000002997,Slc9a3r2,NP_446263.2,0.8571428571428573,0.8563253634343424,LUNG,LUNG,4.065286453529025,7.558202187285044,True
ENSRNOG00000021150,Plcb3,NP_203501.1,0.8571428571428573,0.8372050647341586,LUNG,LUNG,2.839636079220812,5.772326942198594,True
ENSRNOG00000024019,Ccdc6,XP_001077030.1,0.8571428571428573,0.9300385222799252,KIDNEY,KIDNEY,3.510342642391823,3.822241680518297,True
ENSRNOG00000002969,Itpkb,NP_062185.2,0.8571428571428573,0.7901836463654507,LUNG,LUNG,4.747366237526004,4.3137180295690785,True
ENSRNOG00000020344,Sntb2,NP_001162145.1,0.8571428571428573,0.8546463151462952,LUNG,KIDNEY,3.0034032102782584,5.2389723474945225,False
ENSRNOG00000004616,Npm1,NP_037124.1,0.8571428571428573,0.8701013853649573,WAT-SC,WAT-SC,1.5129240766048255,3.8808803384627772,True
ENSRNOG00000006733,Srgap2,XP_006249844.1,0.8571428571428573,0.8622434887602665,LUNG,CORTEX,3.908461501718448,5.352438168909504,False
ENSRNOG00000020347,Nup98,NP_112336.2,0.8571428571428573,0.874831615850145,LUNG,LUNG,1.770820525897408,4.683616050803083,True
ENSRNOG00000020298,Bag3,NP_001011936.1,0.8571428571428573,0.8533765112212837,HEART,HEART,4.417016661968857,7.1391069481062726,True
ENSRNOG00000023210,Trappc10,NP_001166999.1,0.8571428571428573,0.9116201809242449,CORTEX,CORTEX,1.7475502499566797,4.145612032853762,True
ENSRNOG00000023107,Yeats2,NP_001102527.1,0.8571428571428573,0.8960172786193432,KIDNEY,LUNG,3.1812633384637725,6.253297798159134,False
ENSRNOG00000023657,Gprin3,XP_002726416.2,0.8571428571428573,0.8908670653690058,LIVER,LIVER,4.305709909408511,6.784067644013001,True
ENSRNOG00000030247,Eif4ebp3,NP_001190982.1,0.8571428571428573,0.8487658380550948,LUNG,LUNG,1.795529461370002,3.840307829000757,True
ENSRNOG00000007992,Srsf10,XP_006239284.1,0.8571428571428573,0.8529459997179366,LUNG,KIDNEY,1.9768377192698163,7.805827448754255,False
ENSRNOG00000029784,Pak1,NP_058894.1,0.8571428571428573,0.8033066866982409,CORTEX,CORTEX,6.996327321091359,5.836133294453571,True
ENSRNOG00000019062,Pura,XP_006222602.1,0.8571428571428573,0.6688118127598749,LUNG,WAT-SC,1.7662350231980781,2.8288882983100065,False
ENSRNOG00000007892,Tram1,NP_001007702.1,0.8571428571428573,0.8839419669061741,LIVER,LIVER,4.389157811295559,6.657269321687073,True
ENSRNOG00000003603,Arhgap44,XP_006220759.1,0.8571428571428573,0.8798193046467788,CORTEX,CORTEX,6.392610660326921,5.260037971654727,True
ENSRNOG00000023546,Hspb1,NP_114176.4,0.8571428571428573,0.9187177313511635,LUNG,HEART,4.932063808995843,7.822271034825911,False
ENSRNOG00000006375,Vdac1,NP_112643.1,0.8571428571428573,0.888531584492116,SKM-GN,KIDNEY,2.941589440460451,3.987832917736011,False
ENSRNOG00000007367,Septin4,XP_017452608.1,0.8571428571428573,0.8649186731170102,CORTEX,LUNG,4.99173865104056,6.164001013544517,False
ENSRNOG00000027204,Map6,NP_058900.1,0.8571428571428573,0.8839145896277175,CORTEX,CORTEX,5.7655766247655755,9.362241642882257,True
ENSRNOG00000004971,Txlng,XP_006256952.1,0.8571428571428573,0.9569465691323864,LUNG,LIVER,1.1495066666419418,4.025095064491566,False
ENSRNOG00000020350,Pacs1,NP_599233.1,0.8571428571428573,0.8106882930579762,CORTEX,CORTEX,3.8052453430752187,3.1529689138502093,True
ENSRNOG00000022305,Abcc1,NP_071617.2,0.8571428571428573,0.8227187375696589,LUNG,LUNG,4.1569299277536285,3.7476036432216016,True
ENSRNOG00000010362,Anxa2,NP_063970.1,0.8571428571428573,0.9168662616253821,LUNG,WAT-SC,5.468358256212201,6.182643412787588,False
ENSRNOG00000008937,Csrp1,NP_058844.1,0.8571428571428573,0.8199099751904381,LUNG,LUNG,4.352683031015889,3.799532223589506,True
ENSRNOG00000056337,Crtc2,NP_001029067.1,0.8571428571428573,0.851890072621012,LUNG,LUNG,2.2499412276819717,3.511408430298854,True
ENSRNOG00000013886,Fyb1,NP_001102646.1,0.8571428571428573,0.8353886685358985,LUNG,LIVER,3.9836179724859484,6.94348962651208,False
ENSRNOG00000016942,Wdr48,NP_001129367.1,0.8571428571428573,0.8518780628027991,LUNG,LUNG,2.7635365473351587,5.073138915618165,True
ENSRNOG00000001010,Tecpr1,NP_001032268.1,0.8571428571428573,0.854211882669595,CORTEX,LUNG,2.98899980374025,5.542054992801211,False
ENSRNOG00000013653,Pdlim7,NP_775148.1,0.8571428571428573,0.6439865400142548,SKM-GN,SKM-GN,3.7023810299440107,4.895687138756369,True
ENSRNOG00000059202,Mia3,XP_001064186.2,0.8571428571428573,0.8487969303824785,LIVER,LIVER,1.2389236851585164,4.256369561185633,True
ENSRNOG00000000695,Ssh1,XP_006221444.1,0.8571428571428573,0.7456780002046414,LUNG,LUNG,3.6708866265701108,4.58632220957576,True
ENSRNOG00000017326,Ctbp2,NP_445787.1,0.8571428571428573,0.835228825973178,LUNG,WAT-SC,4.174354269419988,4.718721467308109,False
ENSRNOG00000043077,Zfpm1,NP_001229556.1,0.8571428571428573,0.7527829027080554,LIVER,LIVER,2.6657274847265864,6.430261396256271,True
ENSRNOG00000000579,Marcks,NP_001258019.1,0.8571428571428573,0.9030610480659562,LUNG,CORTEX,3.578069297628987,5.793835822033801,False
ENSRNOG00000060753,Esyt1,NP_058945.2,0.8571428571428573,0.9293918747435586,WAT-SC,WAT-SC,3.421550462371596,5.178961321871417,True
ENSRNOG00000011690,Rmdn3,NP_001014068.1,0.8571428571428573,0.911545295632729,KIDNEY,LIVER,2.1167248636563007,7.438598886791908,False
ENSRNOG00000016367,Vasp,NP_001101945.2;XP_017444839.1,0.8571428571428573,0.829468795929829,LUNG,KIDNEY,3.9080616857509236,3.8474872363624337,False
ENSRNOG00000016206,Uvrag,XP_006229825.1,0.8571428571428573,0.8999962852324102,LUNG,LUNG,3.036286724269879,3.318202603040545,True
ENSRNOG00000000441,Gpsm3,NP_001003974.1,0.8571428571428573,0.8045769886601944,LUNG,LUNG,3.7983518258914977,7.288541678211554,True
ENSRNOG00000008924,Arhgef12,NP_001013264.1,0.8571428571428573,0.7142636984449081,LUNG,LIVER,3.476771296566291,3.8791444805274633,False
ENSRNOG00000008797,Tmpo,NP_037019.1;XP_008763440.1,0.8571428571428573,0.8320017611040837,LUNG,KIDNEY,2.3776842455212623,4.118651520998206,False
ENSRNOG00000034013,Acaca,NP_071529.1,0.8571428571428573,0.8885336117400927,WAT-SC,LIVER,3.5606130860027427,7.892541573466805,False
ENSRNOG00000008659,Arhgap21,NP_001178622.1,0.8571428571428573,0.7655738571169696,CORTEX,HEART,3.0870558388450853,4.253177603281108,False
ENSRNOG00000016137,Rad23b,NP_001020446.1,0.8571428571428573,0.730515591580682,CORTEX,CORTEX,1.0872897063104174,4.27337247747951,True
ENSRNOG00000013152,Arhgap10,NP_001102971.1,0.8571428571428573,0.6409789118447679,WAT-SC,WAT-SC,3.6542228127501906,3.9516944640038103,True
ENSRNOG00000013140,Pdzd2,NP_075229.1,0.8571428571428573,0.7354914385250924,LUNG,LUNG,6.9833552521615445,6.645930820442331,True
ENSRNOG00000033217,Esam,NP_001004245.1,0.8571428571428573,0.8691473386149018,LUNG,LUNG,4.540541002811251,8.149789378684188,True
ENSRNOG00000002735,Dhx9,XP_006250058.1,0.8571428571428573,0.7681321490827301,LUNG,KIDNEY,2.092136241823642,5.599723315877886,False
ENSRNOG00000014722,Raph1,NP_001102268.2,0.8214285714285715,0.8010985028513614,LUNG,LIVER,2.6946401806602482,4.542089269929623,False
ENSRNOG00000025042,Pde3a,NP_059033.1,0.8214285714285715,0.7742287923572565,HEART,LUNG,4.62549579183242,6.12734113393487,False
ENSRNOG00000014243,Pear1,NP_001128431.1,0.8214285714285715,0.9221948483633358,LUNG,LUNG,3.5316412037704814,4.99972765838964,True
ENSRNOG00000014675,Pi4k2a,NP_446187.1,0.8214285714285715,0.8734187919886638,CORTEX,CORTEX,2.4308368880295372,3.39932874818935,True
ENSRNOG00000020411,Sec23ip,NP_001128331.1,0.8214285714285715,0.8390397767429959,LUNG,LUNG,1.792083153189708,5.324826170847166,True
ENSRNOG00000020388,Inpp5f,NP_001101024.2,0.8214285714285715,0.654212621260839,CORTEX,CORTEX,3.1301474652760213,3.9031765618012555,True
ENSRNOG00000055391,Eif4ebp2,NP_001028241.1,0.8214285714285715,0.8721420245288989,LIVER,LIVER,2.5635795695482413,3.2341514024024596,True
ENSRNOG00000011636,Dennd6a,NP_001127939.1,0.8214285714285715,0.7304106587454171,LUNG,LUNG,2.697288931822621,3.6702128556329923,True
ENSRNOG00000001163,Srsf9,NP_001009255.1,0.8214285714285715,0.8889454808824433,LUNG,LUNG,3.1546970896388897,5.063854004936309,True
ENSRNOG00000014030,Synm,NP_001128330.1,0.8214285714285715,0.7392366989860939,SKM-GN,SKM-GN,6.150286470030677,5.859577682364631,True
ENSRNOG00000020225,Dlgap4,NP_775168.1,0.8214285714285715,0.6576901429822049,CORTEX,CORTEX,4.505157076083921,6.295201735728304,True
ENSRNOG00000005133,Mapt,XP_008766490.1,0.8214285714285715,0.8901796357432802,CORTEX,CORTEX,6.27901105182853,5.4869993961780565,True
ENSRNOG00000011739,Dennd4a,XP_008764615.1,0.8214285714285715,0.775822937504565,CORTEX,LIVER,3.1376767797766316,7.638946089581653,False
ENSRNOG00000013220,Arhgap45,NP_001101537.1,0.8214285714285715,0.8109307981584267,LUNG,LUNG,4.732902225550791,6.838113778899913,True
ENSRNOG00000000421,Skiv2l,XP_006255985.1,0.8214285714285715,0.8409989585639749,KIDNEY,KIDNEY,1.4888878064014959,7.453464265088101,True
ENSRNOG00000012108,Thsd1,NP_001102348.1,0.8214285714285715,0.8452282065558968,LUNG,LUNG,5.744994247640625,5.70977006526488,True
ENSRNOG00000021170,Plekho1,NP_001020290.1,0.8214285714285715,0.8950019177270613,HEART,CORTEX,4.072824027406401,4.103524483266897,False
ENSRNOG00000001440,Mdh2,NP_112413.2,0.8214285714285715,0.810590179592384,HEART,HEART,3.21379738379337,4.631582491065371,True
ENSRNOG00000008543,Pdlim2,NP_001007623.1,0.8214285714285715,0.8879254085415738,LUNG,LUNG,5.991104960085057,8.820823897547642,True
ENSRNOG00000010574,Ptpn1,NP_036769.1,0.8214285714285715,0.7708426979456373,LUNG,WAT-SC,2.0164395576727925,4.292363291756567,False
ENSRNOG00000047499,Rbm15,XP_001068152.1,0.8214285714285715,0.5793448017330205,LUNG,LIVER,0.8574477804721292,4.184308746987035,False
ENSRNOG00000018797,Myrip,NP_878264.1,0.8214285714285715,0.82885120240073,CORTEX,LUNG,5.938454740163223,4.7614086333897525,False
ENSRNOG00000018372,Cul9,NP_001178511.1,0.8214285714285715,0.740694314189624,CORTEX,CORTEX,2.420208507459898,5.083121800613272,True
ENSRNOG00000030314,Golgb1,NP_620240.1,0.8214285714285715,0.8040918055002276,LUNG,KIDNEY,2.864581314813985,5.08517539952306,False
ENSRNOG00000008634,Cc2d1b,NP_001257913.1,0.8214285714285715,0.8019019142115469,LUNG,WAT-SC,1.702480297763909,2.4678022110488214,False
ENSRNOG00000008157,Syn2,NP_001029192.1,0.8214285714285715,0.8144967198597984,CORTEX,CORTEX,8.49890707492932,9.916182481452344,True
ENSRNOG00000019005,Pde8a,NP_942062.1,0.8214285714285715,0.9470673215644799,LUNG,KIDNEY,3.0450027024330795,5.276415153922144,False
ENSRNOG00000030019,Atp1a1,NP_036636.1,0.8214285714285715,0.7009641574592014,KIDNEY,KIDNEY,5.893870742010613,4.822281365704243,True
ENSRNOG00000002403,Niban1,NP_071578.2,0.8214285714285715,0.7342489023103893,LUNG,LUNG,4.511602528633844,6.346119200287988,True
ENSRNOG00000009034,Tdrd3,NP_001012043.1,0.8214285714285715,0.5966185188152943,KIDNEY,KIDNEY,1.8903098313095272,2.940172266317685,True
ENSRNOG00000009110,Psen1,NP_062036.2,0.8214285714285715,0.8548895414247009,KIDNEY,KIDNEY,1.965163489995014,4.335076578051163,True
ENSRNOG00000017146,Nfatc1,NP_001231862.1,0.8214285714285715,0.8397154750895317,LUNG,WAT-SC,2.9098348117759505,4.284267459342551,False
ENSRNOG00000007568,Spata6,NP_599219.2,0.8214285714285715,0.8856654212521944,LUNG,LUNG,3.4813744379827036,4.927778725635546,True
ENSRNOG00000017032,Atp5f1a,NP_075581.1,0.8214285714285715,0.8325751649757623,HEART,HEART,3.512839095968621,4.389984343380121,True
ENSRNOG00000016810,Stmn1,NP_058862.1,0.8214285714285715,0.9108678532803869,CORTEX,CORTEX,6.463427112899682,9.057409158350822,True
ENSRNOG00000006632,Rps6ka3,NP_001178933.1,0.8214285714285715,0.8523013376674532,KIDNEY,LUNG,3.873962190588038,4.194173873746685,False
ENSRNOG00000016145,Strn4,NP_001100950.2,0.8214285714285715,0.6855200358795187,CORTEX,WAT-SC,3.31897704346013,4.423181321363082,False
ENSRNOG00000010452,Cycs,NP_036971.1,0.8214285714285715,0.8247114465595534,HEART,HEART,3.8998554415151823,5.985776781189914,True
ENSRNOG00000010124,Trim2,NP_001102022.1,0.8214285714285715,0.9701678060952479,CORTEX,CORTEX,6.801148172007579,8.254605503863191,True
ENSRNOG00000007151,Cdk14,XP_017448172.1,0.8214285714285715,0.8809988064247652,CORTEX,LUNG,5.13031620139153,4.858640390862034,False
ENSRNOG00000014096,Nr3c1,NP_036708.2,0.7857142857142859,0.7712089282842005,LUNG,LIVER,1.6063986206259333,5.262663710250093,False
ENSRNOG00000018387,Wdr7,NP_076465.1,0.7857142857142859,0.864489785910499,CORTEX,CORTEX,3.403643270127491,6.358177570475588,True
ENSRNOG00000011879,Nfat5,NP_001100895.1,0.7857142857142859,0.9068147780182697,LUNG,KIDNEY,2.665524244044616,3.523846101923195,False
ENSRNOG00000015903,Add2,NP_001103350.1,0.7857142857142859,0.784923759888713,CORTEX,CORTEX,6.469778073466978,8.307829797856746,True
ENSRNOG00000010747,Dap,NP_071971.1,0.7857142857142859,0.8524881971440516,LIVER,LIVER,4.223192125866827,8.514003355053394,True
ENSRNOG00000006628,Dusp16,NP_001100094.1,0.7857142857142859,0.7492068120007319,LUNG,LUNG,1.6838913917469753,4.531137464944513,True
ENSRNOG00000014479,Cttnbp2nl,NP_001101182.2,0.7857142857142859,0.7074314840386958,LUNG,WAT-SC,4.193899220860081,4.140730010964156,False
ENSRNOG00000007984,Amer1,NP_001102790.1,0.7857142857142859,0.6506154780553571,LUNG,LUNG,1.7794609792599871,4.8159648790753735,True
ENSRNOG00000009552,Serinc3,NP_001008313.1,0.7857142857142859,0.8353530922022261,LUNG,LUNG,3.22339240426167,4.649145295357473,True
ENSRNOG00000017914,Cavin3,NP_604444.1,0.7857142857142859,0.8471415332976289,WAT-SC,HEART,2.6212532856158166,5.260992680439813,False
ENSRNOG00000009953,Snx16,NP_071625.2,0.7857142857142859,0.5807915353596876,CORTEX,LUNG,2.1434899714909674,2.9796356713340386,False
ENSRNOG00000017610,Nedd4l,NP_001008301.2,0.7857142857142859,0.8884276674288412,LUNG,KIDNEY,2.380365616564835,3.769377172131029,False
ENSRNOG00000010838,Araf,NP_071977.1,0.7857142857142859,0.7168438287529287,KIDNEY,LIVER,1.5955012358840817,4.8248969242011865,False
ENSRNOG00000007230,Kank3,NP_001102459.1,0.7857142857142859,0.9117137508184039,LUNG,LUNG,4.766460341154662,6.016316264205342,True
ENSRNOG00000009371,Abl1,NP_001094320.1,0.7857142857142859,0.6379725651625243,LUNG,LUNG,2.833291128516562,4.203421390715144,True
ENSRNOG00000011346,Ehd2,NP_001020068.1,0.7857142857142859,0.8319205210950926,LUNG,WAT-SC,6.645743892967408,6.578763027559869,False
ENSRNOG00000010652,Dock6,XP_006242719.1,0.7857142857142859,0.7638030296072146,LUNG,LUNG,3.932821516149091,4.866420451572585,True
ENSRNOG00000009625,Dpysl2,XP_006252159.1,0.7857142857142859,0.7437429031592825,CORTEX,CORTEX,5.63750781717475,11.249697177741632,True
ENSRNOG00000013884,Psd3,XP_006222264.1,0.7857142857142859,0.8528288480533072,CORTEX,CORTEX,3.843878657108653,8.379240085872112,True
ENSRNOG00000012568,Madd,NP_446037.1,0.7857142857142859,0.7204219213577737,CORTEX,CORTEX,5.0422478753904905,6.589587461668464,True
ENSRNOG00000003131,Traf7,NP_001121020.1,0.7857142857142859,0.7936445631865918,LUNG,LUNG,2.9864551598035844,5.170674383669448,True
ENSRNOG00000043503,Ehd1,NP_001011939.1,0.7857142857142859,0.7847687516742281,LUNG,KIDNEY,2.5814551738396787,2.1864422180784873,False
ENSRNOG00000028366,Gphn,NP_074056.2,0.7857142857142859,0.7717072581107588,CORTEX,LIVER,1.525430405051753,4.607327454216879,False
ENSRNOG00000028834,Polr2a,XP_001079162.1,0.7857142857142859,0.7126386921190907,LUNG,WAT-SC,2.300496285156731,3.8253955105627773,False
ENSRNOG00000000866,Rbmx,NP_001020834.1,0.7857142857142859,0.832031712822557,LUNG,LUNG,1.9009903540452466,7.442446191001507,True
ENSRNOG00000058105,Hbb,NP_150237.1,0.7857142857142859,0.6709545124539539,LUNG,KIDNEY,3.6740241847244137,4.833903167453437,False
ENSRNOG00000025155,Lmtk2,NP_001131113.1,0.7857142857142859,0.7291809772451494,CORTEX,CORTEX,2.871109659539412,4.586716442426665,True
ENSRNOG00000061928,Myo1e,NP_775124.1,0.7857142857142859,0.8466471004452042,LUNG,LIVER,3.576535135391825,4.377172988382179,False
ENSRNOG00000056786,Piezo1,NP_001070668.2,0.7857142857142859,0.9404348026735059,LUNG,LUNG,4.322091150554341,3.9974050002248918,True
ENSRNOG00000000142,Plxdc2,NP_001101892.1,0.7857142857142859,0.7277023297831275,LUNG,KIDNEY,5.602127897968613,4.029882472372291,False
ENSRNOG00000024345,Pard3b,NP_001178737.1,0.7857142857142859,0.9223635303503415,LUNG,LUNG,3.1656393391527473,5.622254477615294,True
ENSRNOG00000052113,Ppp1r9b,NP_445926.1,0.7857142857142859,0.6344178515760788,CORTEX,CORTEX,5.530975316374131,5.134784302388485,True
ENSRNOG00000022421,Crtc1,NP_001040580.1,0.7857142857142859,0.41918391944135563,CORTEX,LUNG,4.086419149102339,3.2740778257152696,False
ENSRNOG00000060936,Ikbkg,NP_954534.1,0.7857142857142859,0.8327139167793871,LUNG,WAT-SC,1.5655103172917548,3.745089991245979,False
ENSRNOG00000001782,Osbpl11,NP_001100560.1,0.7857142857142859,0.9009856528156598,LIVER,LIVER,1.7800194342898825,2.8578441607775673,True
ENSRNOG00000049511,Safb2,NP_001290073.1,0.7857142857142859,0.8597126245203967,LUNG,LUNG,1.8078359021882386,4.549102812887656,True
ENSRNOG00000022772,Prickle1,NP_955428.1,0.7857142857142859,0.7259414505607892,CORTEX,HEART,3.3690799222663856,3.4815561011570626,False
ENSRNOG00000003464,Hid1,NP_001291219.1,0.7500000000000002,0.8638538314910238,CORTEX,LUNG,3.7911261230470283,6.126676626159018,False
ENSRNOG00000001640,Tomm70,NP_997684.1,0.7500000000000002,0.542559708646387,CORTEX,LIVER,1.7152523332288663,6.275351090923222,False
ENSRNOG00000015852,Arhgap35,NP_001258061.1,0.7500000000000002,0.8619798201750148,CORTEX,LIVER,3.1010827506341627,4.93500194601747,False
ENSRNOG00000018992,Dpysl3,XP_006254732.1,0.7500000000000002,0.7286729193771749,LUNG,WAT-SC,3.59719884532997,6.559142170485391,False
ENSRNOG00000007998,Ssb,NP_112381.2,0.7500000000000002,0.5128301222697701,LUNG,WAT-SC,1.0400184176342648,4.285781980422673,False
ENSRNOG00000050805,Tsc22d4,NP_001037749.1,0.7500000000000002,0.6537458738234211,HEART,HEART,3.9794094337335824,3.9760368329219347,True
ENSRNOG00000016062,Snta1,NP_001094371.1,0.7500000000000002,0.6161353073714999,SKM-GN,HEART,3.8323949702721216,5.971519422329679,False
ENSRNOG00000009566,Phf12,NP_001013135.2,0.7500000000000002,0.80402138857831,LUNG,WAT-SC,2.268195965084514,3.84373919457443,False
ENSRNOG00000003088,Arhgap31,NP_001099349.1,0.7500000000000002,0.6934581954728639,LUNG,LUNG,4.937564984334934,6.587297528923395,True
ENSRNOG00000058609,Palmd,NP_001020859.1,0.7500000000000002,0.6567477970004342,LIVER,HEART,3.898275698773179,5.758111634548649,False
ENSRNOG00000019490,Slc20a2,NP_058919.1,0.7500000000000002,0.863140807852022,LIVER,LIVER,2.537681186005776,3.2197280511074533,True
ENSRNOG00000003714,Clk4,XP_006246296.1,0.7500000000000002,0.8239921000823307,LUNG,KIDNEY,1.5505755247259714,3.325152434986169,False
ENSRNOG00000058975,Iqsec2,NP_001264354.1,0.7500000000000002,0.7591062201874424,CORTEX,CORTEX,4.684114162922205,6.549752103311823,True
ENSRNOG00000000645,Reep3,NP_001099856.2,0.7500000000000002,0.7837460525168414,LUNG,LIVER,3.4975703057561303,6.2683396045961866,False
ENSRNOG00000060144,Ankle2,XP_008767564.2,0.7500000000000002,0.6407896688009576,LUNG,LIVER,1.8540844666702654,3.9052200447175123,False
ENSRNOG00000016032,Cnnm3,NP_001100371.2,0.7500000000000002,0.8659884821239098,KIDNEY,KIDNEY,1.8243151765613783,4.816856463762394,True
ENSRNOG00000031173,Snd1,NP_073185.2,0.7500000000000002,0.8486351334973052,WAT-SC,LIVER,2.6270169049443064,4.147296203651042,False
ENSRNOG00000009640,Psmf1,NP_001094475.1,0.7500000000000002,0.8110562939470481,LIVER,LIVER,1.3993281907688147,6.35813925251814,True
ENSRNOG00000037505,Ulk1,NP_001101811.1,0.7500000000000002,0.8053212119645174,HEART,HEART,1.0948036384106263,2.813275516997966,True
ENSRNOG00000015426,Purg,NP_001178483.1,0.7500000000000002,0.7697447446942561,CORTEX,CORTEX,1.6404800296032285,5.330315315277701,True
ENSRNOG00000017164,Afap1l2,NP_001292113.1,0.7500000000000002,0.6721489020183025,LUNG,LUNG,3.113647634614436,4.412390916964648,True
ENSRNOG00000050978,Hmgn1,NP_001013202.1,0.7500000000000002,0.6178730222286871,LUNG,WAT-SC,2.26300571030228,7.307319338979191,False
ENSRNOG00000009195,Tnks1bp1,XP_001069984.1,0.7500000000000002,0.7862219851943059,LUNG,LUNG,3.9466784896777023,5.275189494331105,True
ENSRNOG00000002294,Snx29,NP_001102996.2,0.7500000000000002,0.7029328599943673,KIDNEY,KIDNEY,3.3502354016863594,4.953909187495961,True
ENSRNOG00000009040,Gas2l1,XP_006251402.1,0.7500000000000002,0.9082540781948588,CORTEX,LUNG,3.6688873759801037,5.578045550175201,False
ENSRNOG00000010902,Eloa,NP_058799.2,0.7500000000000002,0.6412246539696388,WAT-SC,LIVER,1.4348762229519911,5.028693343659252,False
ENSRNOG00000013945,Itpkc,NP_835195.1,0.7500000000000002,0.6345100550060394,LUNG,LUNG,1.578675966434496,2.4207143991524904,True
ENSRNOG00000004127,Cep170,XP_006221636.1,0.7500000000000002,0.7149954037787188,CORTEX,CORTEX,2.7202714623805724,6.483298354149751,True
ENSRNOG00000015603,Prkce,NP_058867.1,0.7500000000000002,0.77000243629702,CORTEX,CORTEX,4.734096814313638,7.564607799997169,True
ENSRNOG00000015616,Rgs14,NP_446216.1,0.7500000000000002,0.9400071918981546,CORTEX,CORTEX,5.180893722207054,5.975479435150458,True
ENSRNOG00000011076,Ank2,XP_017446906.1,0.7500000000000002,0.81663579356172,CORTEX,CORTEX,9.360395084506207,7.743772638123376,True
ENSRNOG00000001783,Tra2b,NP_476460.1,0.7500000000000002,0.7486544574155013,LUNG,KIDNEY,2.198265010646831,3.7216156545939922,False
ENSRNOG00000031269,RGD1304694,NP_001257976.1,0.7500000000000002,0.8258117200375412,CORTEX,CORTEX,1.784181016807012,4.512881197165887,True
ENSRNOG00000008709,Arhgap32,XP_006226419.3,0.7500000000000002,0.8352966400883032,CORTEX,CORTEX,5.464582398654221,7.020469582971549,True
ENSRNOG00000000048,Gak,NP_112292.1,0.7500000000000002,0.8408371213467822,KIDNEY,KIDNEY,3.10640480986923,6.061754988324803,True
ENSRNOG00000019873,Eml3,XP_006223696.1,0.7500000000000002,0.5171177459749816,WAT-SC,LIVER,3.4929945849041544,4.5359181452965345,False
ENSRNOG00000000248,Srsf2,NP_001009720.1,0.7500000000000002,0.6980584570878667,WAT-SC,WAT-SC,1.989489874382417,4.014747758053283,True
ENSRNOG00000005639,Ar,NP_036634.1,0.7500000000000002,0.8331531323947529,WAT-SC,WAT-SC,3.418499747820851,4.32607840314007,True
ENSRNOG00000012791,Ajuba,NP_445955.1,0.7500000000000002,0.7919746524261728,LUNG,LUNG,4.739308687038879,7.621986811806972,True
ENSRNOG00000020812,Gys1,NP_001103085.1,0.7500000000000002,0.8944692425215877,SKM-GN,HEART,6.222476296858553,6.900202049473966,False
ENSRNOG00000013013,Tle3,NP_445852.1,0.7500000000000002,0.6612875464958088,WAT-SC,WAT-SC,3.7153329299744002,6.4397254053374455,True
ENSRNOG00000023509,Irs2,NP_001162104.1,0.7500000000000002,0.6891129116344156,CORTEX,LUNG,1.6695059833554744,3.666015313437783,False
ENSRNOG00000013055,Zfyve16,NP_001178887.1,0.7500000000000002,0.557964466346136,LUNG,LUNG,2.074629446027667,4.645132452295567,True
ENSRNOG00000020349,Rab3il1,NP_599238.1,0.7500000000000002,0.7383399841904552,WAT-SC,WAT-SC,2.468425544621631,3.8181563968388197,True
ENSRNOG00000020300,Lsp1,NP_001020591.1,0.7500000000000002,0.6325454801537527,LUNG,LUNG,4.683191910349185,7.068748653195739,True
ENSRNOG00000025350,Ppp1r13l,XP_006223176.1,0.7500000000000002,0.8866986231336188,HEART,HEART,4.025440298303865,6.601853656552528,True
ENSRNOG00000016015,Dcp1a,NP_001178760.1,0.7500000000000002,0.7697009025617944,LUNG,LUNG,2.1885959812066615,3.083787672239243,True
ENSRNOG00000026212,Micall1,XP_002726994.2,0.7500000000000002,0.8147179251360496,HEART,HEART,3.2910091381561033,5.036679855892085,True
ENSRNOG00000025481,Dctn2,NP_001004239.1,0.7500000000000002,0.769577634621564,CORTEX,WAT-SC,1.189628928154054,4.147786489490998,False
ENSRNOG00000019559,Eaf1,NP_001100763.1,0.7142857142857144,0.8232206990329348,KIDNEY,LIVER,2.503084954448852,7.504628493628033,False
ENSRNOG00000051650,Ywhaq,NP_037185.1,0.7142857142857144,0.575273258854586,CORTEX,CORTEX,3.8993410406900875,3.6699508184275214,True
ENSRNOG00000015144,Ist1,NP_001017454.1,0.7142857142857144,0.7478941527225217,LUNG,KIDNEY,2.540702568752751,2.8752080177409427,False
ENSRNOG00000009348,Nos3,NP_068610.1,0.7142857142857144,0.46806853432655476,HEART,HEART,2.6510903537422625,4.239846345627078,True
ENSRNOG00000062153,Tyw1,NP_001100607.1,0.7142857142857144,0.7299925211225409,KIDNEY,KIDNEY,0.2645485633695918,5.948494338081645,True
ENSRNOG00000043150,Arfgap1,NP_659558.1,0.7142857142857144,0.5429495164903662,CORTEX,CORTEX,1.2411253737526557,4.354700463677968,True
ENSRNOG00000014916,Lats1,NP_001128015.2,0.7142857142857144,0.7833186360386718,LUNG,LUNG,2.737742233353189,5.672956034539862,True
ENSRNOG00000052795,Itpr3,NP_037270.1,0.7142857142857144,0.782964733501381,LUNG,LUNG,4.892641252759283,4.284030495187973,True
ENSRNOG00000014089,Map3k2,NP_612512.1,0.7142857142857144,0.7299030153561865,LUNG,LIVER,2.252977296064246,5.40558106048493,False
ENSRNOG00000055597,Hdac7,XP_006226308.1,0.7142857142857144,0.5834483882163486,LUNG,LUNG,4.886307971836553,6.3862158604188135,True
ENSRNOG00000061337,Mindy2,XP_001054973.1,0.7142857142857144,0.918246502135476,LUNG,LUNG,3.967595047638629,5.647670476507267,True
ENSRNOG00000002618,Ivns1abp,XP_006250050.1,0.7142857142857144,0.7921894433333815,HEART,HEART,3.035907983871165,4.629390182864883,True
ENSRNOG00000014405,Aprt,NP_001013079.1,0.7142857142857144,0.714520049072233,WAT-SC,HEART,2.8658098815897626,4.629593753173887,False
ENSRNOG00000018356,Trim3,NP_113974.1,0.7142857142857144,0.7155728539576515,LUNG,CORTEX,2.8477006427598424,5.08398187410247,False
ENSRNOG00000002763,Ulk2,NP_001178574.1,0.7142857142857144,0.581437666125132,LUNG,LUNG,1.6782580490349934,4.105724550547629,True
ENSRNOG00000047098,Hbb-b1,NP_001104739.1;NP_942071.1,0.7142857142857144,0.6490246958336846,LUNG,KIDNEY,1.9031824614607555,6.091055113878834,False
ENSRNOG00000047387,Lnpep,NP_001106874.1,0.7142857142857144,0.585886420302155,WAT-SC,KIDNEY,2.3795861491332833,3.9150928944029535,False
ENSRNOG00000016727,Akr1a1,NP_112262.1,0.7142857142857144,0.5309594652343256,KIDNEY,WAT-SC,2.698871020366677,4.617037467742256,False
ENSRNOG00000005796,Ctnna1,NP_001007146.1,0.7142857142857144,0.7707726563253747,LUNG,HEART,3.633670386542385,6.464185964330364,False
ENSRNOG00000001621,C2cd2,NP_955423.1,0.7142857142857144,0.684057283409269,LUNG,LIVER,2.347838530932627,3.136270066058456,False
ENSRNOG00000005406,Clint1,XP_006246211.1,0.7142857142857144,0.7916995035316463,KIDNEY,KIDNEY,2.569623282009994,5.629923773400087,True
ENSRNOG00000010007,Srsf4,NP_001102155.1,0.7142857142857144,0.5606777770733599,LIVER,LIVER,1.8819910066578398,7.292838283102492,True
ENSRNOG00000061121,Wdfy3,NP_001164022.2,0.7142857142857144,0.703922379814735,KIDNEY,LIVER,2.772754653193747,5.149173655774879,False
ENSRNOG00000050231,Gng12,NP_446113.1,0.7142857142857144,0.72880291671304,KIDNEY,KIDNEY,3.464423865172537,3.9961012727999226,True
ENSRNOG00000016152,Dek,NP_001004255.1,0.7142857142857144,0.593770889485984,LUNG,KIDNEY,1.1632029860425313,7.117444379166344,False
ENSRNOG00000049057,Znrf2,NP_001102098.1,0.7142857142857144,0.8925278865482931,KIDNEY,LIVER,2.4281544824017685,2.8543193301757106,False
ENSRNOG00000048113,Cbx8,NP_001029250.1,0.7142857142857144,0.7597855786181856,WAT-SC,LIVER,1.2076205724082634,4.555795613867883,False
ENSRNOG00000021032,Sphk2,NP_001012066.1,0.7142857142857144,0.6725941261843073,KIDNEY,KIDNEY,2.20791389940531,2.925827745693343,True
ENSRNOG00000005865,Itprid2,NP_001101208.1,0.7142857142857144,0.7692001487582716,KIDNEY,KIDNEY,3.0045228706330347,6.280630560161812,True
ENSRNOG00000012273,Dmtn,XP_017455235.1,0.7142857142857144,0.8349242972289623,CORTEX,CORTEX,7.355217778504222,6.176344600343301,True
ENSRNOG00000001828,Stk38l,NP_001076805.1,0.7142857142857144,0.5879579764024677,WAT-SC,WAT-SC,1.6203587379769622,4.375889721335437,True
ENSRNOG00000013256,Ric8a,NP_001093990.1,0.7142857142857144,0.794628824783412,LUNG,LUNG,2.5905648050099694,4.107282894575047,True
ENSRNOG00000015202,Dnajc5,NP_077075.1,0.7142857142857144,0.7689746119355668,CORTEX,CORTEX,2.7516597899435418,6.479009096584695,True
ENSRNOG00000024352,Tyw1,NP_001100607.1,0.7142857142857144,0.7045551534340612,KIDNEY,KIDNEY,2.1075488253395838,5.948494338081645,True
ENSRNOG00000002393,Eprs,XP_006250487.1,0.7142857142857144,0.7664835797914589,LIVER,KIDNEY,1.5314048090985377,3.2228109288333444,False
ENSRNOG00000002610,Carhsp1,NP_690003.1,0.7142857142857144,0.9133587938997834,LUNG,LIVER,4.218361985414884,8.194319653134214,False
ENSRNOG00000002959,Shroom4,NP_001178659.1,0.7142857142857144,0.6953088505892535,LUNG,LUNG,5.559571220178463,5.3246778257793554,True
ENSRNOG00000008137,Cdk18,NP_001093976.1,0.7142857142857144,0.8063106838942152,KIDNEY,CORTEX,3.957751722412734,4.276458538726438,False
ENSRNOG00000008142,Brpf1,NP_001178501.1,0.7142857142857144,0.5385648751660915,LUNG,WAT-SC,1.9393523966099089,4.475156123410342,False
ENSRNOG00000011321,Rftn1,NP_001128483.1,0.7142857142857144,0.5976188623714258,LUNG,LUNG,3.498623597901813,4.431800434545815,True
ENSRNOG00000020269,Sugp2,NP_001101867.1,0.7142857142857144,0.6187831212878904,CORTEX,HEART,3.530391056901854,3.7215185309441132,False
ENSRNOG00000011922,Stt3b,NP_001164010.1,0.7142857142857144,0.5986025801590794,KIDNEY,LIVER,1.7984812094916798,5.49663887971517,False
ENSRNOG00000011908,Asxl2,XP_003754203.1,0.7142857142857144,0.8058752687804637,LUNG,LUNG,2.4686661743829315,5.194761242030142,True
ENSRNOG00000024808,Stk39,NP_062235.1,0.7142857142857144,0.7843001835449336,WAT-SC,KIDNEY,5.9211231803770525,6.459921205717041,False
ENSRNOG00000019063,Fbxo38,XP_006222644.1,0.7142857142857144,0.7788052707827005,LUNG,LUNG,1.8994997139358203,4.885313832517112,True
ENSRNOG00000012081,Txn1,NP_446252.1,0.7142857142857144,0.723956548317419,LUNG,LIVER,2.6059389804464277,2.2390803787160647,False
ENSRNOG00000008274,Xpc,NP_001101344.1,0.7142857142857144,0.6961699046675542,KIDNEY,LIVER,2.330387499521066,5.17397663170919,False
ENSRNOG00000057367,Glud1,NP_036702.1,0.7142857142857144,0.7147110130456823,LIVER,KIDNEY,3.3274961387274775,5.251983041457109,False
ENSRNOG00000027540,Fam102b,NP_001157040.1,0.7142857142857144,0.8885932026149038,CORTEX,WAT-SC,2.507211427736167,3.1191628283758606,False
ENSRNOG00000004304,Syap1,XP_006256951.1,0.7142857142857144,0.5834290979501499,WAT-SC,WAT-SC,1.9802619387457732,7.397462885278734,True
ENSRNOG00000032659,Plcl1,NP_445908.1,0.7142857142857144,0.8167584094732955,CORTEX,CORTEX,5.202709113736586,3.8862880070964336,True
ENSRNOG00000019983,Mlx,NP_001029284.1,0.7142857142857144,0.6953297814972023,KIDNEY,LIVER,1.9094437549482768,4.769143887310554,False
ENSRNOG00000046256,Ralgapa1,NP_064468.3,0.6785714285714287,0.6838249256129937,CORTEX,KIDNEY,3.268129548090639,3.3826428876013885,False
ENSRNOG00000046949,Kcnb1,NP_037318.1,0.6785714285714287,0.9051261441845695,CORTEX,CORTEX,5.2164791251882034,7.292131525484767,True
ENSRNOG00000007578,Zfp830,NP_001032437.1,0.6785714285714287,0.6519901793035038,LUNG,LIVER,1.5632978325395896,2.5717795211430294,False
ENSRNOG00000046996,Pea15,NP_001013249.1,0.6785714285714287,0.7166089602299541,CORTEX,CORTEX,5.649949711071114,6.415565166356284,True
ENSRNOG00000001687,Crybg3,XP_001057435.3,0.6785714285714287,0.7075586526592572,HEART,HEART,3.828078849807468,6.343688336616248,True
ENSRNOG00000013505,Vdac2,NP_112644.1,0.6785714285714287,0.6142102448315429,HEART,KIDNEY,1.907367901807584,1.6239877426586844,False
ENSRNOG00000009523,Rab11fip2,NP_001100917.2,0.6785714285714287,0.8421948571673379,CORTEX,LUNG,2.671324998204355,3.1275543705898996,False
ENSRNOG00000012966,Acadl,NP_036951.1,0.6785714285714287,0.6725982031478143,HEART,HEART,5.547439954371194,4.828775345090133,True
ENSRNOG00000016610,Arhgap1,NP_001101217.2,0.6785714285714287,0.7139396075014044,LUNG,WAT-SC,3.8856126336392336,4.135711270675071,False
ENSRNOG00000019145,Kdm2a,NP_001101985.1,0.6785714285714287,0.6545798131457893,LUNG,KIDNEY,1.9478552981608113,4.140942603570079,False
ENSRNOG00000003625,Ubxn4,NP_001012025.1,0.6785714285714287,0.6628999566168556,KIDNEY,LIVER,0.9550863822439197,4.5120188434741495,False
ENSRNOG00000009629,Car2,NP_062164.1,0.6785714285714287,0.6028586068705653,KIDNEY,WAT-SC,5.303944757586244,4.689325317588336,False
ENSRNOG00000016434,Prkd2,NP_001013917.1,0.6785714285714287,0.623825396900546,LUNG,LUNG,3.633369092850796,5.165234076975982,True
ENSRNOG00000020014,Myh14,NP_001094160.1,0.6785714285714287,0.8872455497885043,LUNG,LUNG,6.857540586344378,5.825398270469181,True
ENSRNOG00000013668,Capg,NP_001013104.1,0.6785714285714287,0.7213633481189277,WAT-SC,HEART,3.5593658131205714,4.4597050895158095,False
ENSRNOG00000005330,Crebbp,NP_596872.3,0.6785714285714287,0.6433716297606012,LUNG,LUNG,1.823642453925041,4.622893283243831,True
ENSRNOG00000015121,N4bp1,NP_001292110.1,0.6785714285714287,0.6562517777075909,LUNG,LUNG,2.242948929955099,2.3066661069110315,True
ENSRNOG00000006931,Eepd1,NP_001014110.1,0.6785714285714287,0.35378398032962377,SKM-GN,WAT-SC,3.736834632347959,2.6050378993785994,False
ENSRNOG00000012771,Ddx41,NP_001101516.1,0.6785714285714287,0.7139617892782785,KIDNEY,LUNG,2.596555662961291,5.081022819832989,False
ENSRNOG00000007831,Ufl1,NP_001119751.1,0.6785714285714287,0.5701507853498498,WAT-SC,LIVER,0.8383656162093684,5.000915659680179,False
ENSRNOG00000019403,Afap1l1,NP_001099612.1,0.6785714285714287,0.632808875869568,LUNG,LUNG,4.911689690573784,6.044137797664531,True
ENSRNOG00000009783,Camk2g,XP_008768714.1,0.6785714285714287,0.5097591968261235,CORTEX,HEART,5.288173651204305,4.238123369329109,False
ENSRNOG00000050197,Pdia6,NP_001004442.1,0.6785714285714287,0.5771198623432042,WAT-SC,LIVER,2.5657349742069684,4.465026439142736,False
ENSRNOG00000008524,Glcci1,NP_001170913.1,0.6785714285714287,0.7146378079449291,CORTEX,WAT-SC,2.9626937380513665,4.254653677014349,False
ENSRNOG00000007018,Mapkbp1,NP_001102059.1,0.6785714285714287,0.5649909611442839,CORTEX,WAT-SC,3.607059343171324,3.500111268232644,False
ENSRNOG00000006391,Smarcad1,NP_001101334.2,0.6785714285714287,0.7523433750271642,LUNG,KIDNEY,2.3441730521475033,6.3448795806988825,False
ENSRNOG00000032885,Cycs,NP_036971.1,0.6785714285714287,0.8411575655188616,HEART,HEART,3.091638670896879,5.985776781189914,True
ENSRNOG00000011060,Unc119,NP_058884.1,0.6785714285714287,0.5237999121227923,HEART,HEART,2.5530530614866254,4.239671856215222,True
ENSRNOG00000056038,Ehbp1l1,NP_001123469.1,0.6785714285714287,0.6828201864604652,SKM-GN,HEART,4.439299722072585,3.94356914038328,False
ENSRNOG00000024112,Dgkq,NP_001185733.1,0.6785714285714287,0.7786751793154291,LIVER,LIVER,3.197514103929285,3.106147123314755,True
ENSRNOG00000031930,Bin2,NP_001012223.1,0.6785714285714287,0.8071088818710098,LUNG,LUNG,4.78810423668251,6.050822167791511,True
ENSRNOG00000012405,Tcf4,NP_445821.1,0.6785714285714287,0.6016753178563655,CORTEX,LUNG,4.643497764905581,5.4898362549047075,False
ENSRNOG00000008741,Camsap2,NP_001127975.1,0.6785714285714287,0.7929887824831536,CORTEX,CORTEX,3.505902454082162,4.521395096141337,True
ENSRNOG00000004821,Sntb1,NP_001124014.1,0.6785714285714287,0.6708085146262796,LUNG,HEART,3.5292455592061183,4.475003063254972,False
ENSRNOG00000017919,Nup133,XP_001053507.1,0.6785714285714287,0.5225903716814584,LUNG,LUNG,1.732057413274665,5.31672358644897,True
ENSRNOG00000014453,Anxa5,NP_037264.1,0.6785714285714287,0.7715132188517656,LUNG,HEART,4.897249372223141,3.4974037113576895,False
ENSRNOG00000056904,Gtf3c2,NP_001020291.1,0.6785714285714287,0.7841558491900905,LUNG,LUNG,1.985729778925629,4.1505324059149835,True
ENSRNOG00000012206,Dennd5a,NP_001101016.2,0.6785714285714287,0.5816509360773452,CORTEX,LUNG,3.388910457894397,4.678605239819037,False
ENSRNOG00000020594,Rhbdf1,NP_001025205.1,0.6785714285714287,0.8467927285566093,WAT-SC,WAT-SC,3.9806550168768107,4.691517709201811,True
ENSRNOG00000030294,Eml4,XP_006239743.1,0.6785714285714287,0.8858451284966451,LUNG,LUNG,4.121147977168215,6.041460533825793,True
ENSRNOG00000002185,Pgm2,XP_006251058.1,0.6785714285714287,0.7542106722280312,LUNG,LUNG,3.5909921531419844,7.305551282776078,True
ENSRNOG00000011975,Crtc3,XP_006223424.1,0.6785714285714287,0.6941744838246305,LUNG,WAT-SC,2.0084712488408885,3.909515090586614,False
ENSRNOG00000023280,Als2,NP_001013431.1,0.6785714285714287,0.8721611811127566,LUNG,LIVER,2.544009889678499,4.722894958812707,False
ENSRNOG00000015093,Sparcl1,NP_037078.1,0.6785714285714287,0.6929971706754786,CORTEX,HEART,6.80380049566725,3.912804213080721,False
ENSRNOG00000002180,Tbc1d1,XP_001071842.3,0.6785714285714287,0.4063857858418706,KIDNEY,KIDNEY,4.055418586920792,3.290653865947156,True
ENSRNOG00000001547,Agps,NP_445802.2,0.642857142857143,0.46034686031823857,LUNG,LUNG,2.8214510409615907,4.705199730740351,True
ENSRNOG00000058882,Emd,NP_037080.1,0.642857142857143,0.585919030452191,LUNG,LIVER,2.247290911420705,4.6399307416652436,False
ENSRNOG00000012106,Dnaja4,NP_001020582.1,0.642857142857143,0.6790574317952693,HEART,SKM-GN,3.5963454072411647,4.427630043411233,False
ENSRNOG00000000894,Fry,NP_001163869.1,0.642857142857143,0.7021178952355007,CORTEX,HEART,6.108818933812968,4.6447650329617645,False
ENSRNOG00000012582,Eif4ebp1,NP_446309.1,0.642857142857143,0.8172683378786113,WAT-SC,HEART,3.5180243401154914,6.5857798676647885,False
ENSRNOG00000001528,Gap43,NP_058891.1,0.642857142857143,0.8859439257158906,CORTEX,CORTEX,7.881270328349464,11.782680192913503,True
ENSRNOG00000013317,RGD1565222,NP_001102571.1,0.642857142857143,0.6372148693123186,KIDNEY,KIDNEY,1.5996438254520569,4.463824340686287,True
ENSRNOG00000059968,Jak2,NP_113702.1,0.642857142857143,0.8114188812368136,LUNG,WAT-SC,2.357064299998445,2.6014153151971917,False
ENSRNOG00000013076,Csnk1e,NP_113805.1,0.642857142857143,0.6423078042952666,LUNG,LUNG,2.855819543055583,3.56933234877602,True
ENSRNOG00000014434,Chd1,NP_001100935.1,0.642857142857143,0.6559168406000747,LUNG,LIVER,2.2218836543793667,4.993393497493054,False
ENSRNOG00000010286,Cast,NP_445747.2,0.642857142857143,0.588744331888223,LUNG,LIVER,2.259822115660593,4.948600666865158,False
ENSRNOG00000001239,Ddt,NP_077045.1,0.642857142857143,0.404557477061635,LIVER,WAT-SC,3.6855443178719343,2.659319973043143,False
ENSRNOG00000061348,Fam53b,NP_001101026.1,0.642857142857143,0.4007067573538297,LUNG,WAT-SC,2.685512653699319,4.103035377881742,False
ENSRNOG00000053288,Ank3,NP_001029156.1;NP_113993.1,0.642857142857143,0.743054879039223,CORTEX,KIDNEY,5.423332668678215,4.152508959088177,False
ENSRNOG00000059801,Lima1,NP_001178544.1,0.642857142857143,0.9234674148519258,WAT-SC,LIVER,3.40911537983959,5.3834974690775725,False
ENSRNOG00000017155,Nck2,NP_001101686.1,0.642857142857143,0.6442677101152137,LUNG,LUNG,4.139225097881339,4.814591289664694,True
ENSRNOG00000010084,Ythdf3,NP_001102016.1,0.642857142857143,0.6433531752987333,KIDNEY,LUNG,1.1663034968986965,2.27733452101663,False
ENSRNOG00000002163,Klf3,NP_001099212.1,0.642857142857143,0.8239837299291072,LUNG,WAT-SC,3.4317027365450574,5.752932702726998,False
ENSRNOG00000033316,Foxo4,NP_001100413.1,0.642857142857143,0.5231339566594817,SKM-GN,WAT-SC,2.981419516930327,4.9493496203147265,False
ENSRNOG00000029886,Hba-a1,NP_037228.1,0.642857142857143,0.6663979809232862,LUNG,LUNG,3.927401165332689,4.848703256878659,True
ENSRNOG00000018293,Strip1,XP_001068288.4,0.642857142857143,0.4441798667402224,CORTEX,LUNG,2.3637829159749324,3.635515994108058,False
ENSRNOG00000003679,Med13,NP_001100505.1,0.642857142857143,0.23767011743390165,LUNG,KIDNEY,1.578086111171352,3.3019026847549586,False
ENSRNOG00000034272,Pias1,NP_001100299.2,0.642857142857143,0.564987665149101,LUNG,WAT-SC,2.245185936809363,4.284751530507707,False
ENSRNOG00000002585,Cul4b,NP_001100421.1,0.642857142857143,0.8705426510991181,LUNG,LIVER,2.0047226716806126,2.9869535937664033,False
ENSRNOG00000003835,Slc43a2,NP_001099282.1,0.642857142857143,0.7585564080101709,KIDNEY,KIDNEY,3.7739045939903275,7.7405101592574095,True
ENSRNOG00000002407,Pdxdc1,NP_001128433.1,0.642857142857143,0.8872933799969841,LUNG,LIVER,1.5853938106615528,7.051321480621254,False
ENSRNOG00000038597,Dlg1,NP_036920.1,0.642857142857143,0.5453818465791873,CORTEX,KIDNEY,2.530009674435072,4.567844272298569,False
ENSRNOG00000026474,Cad,NP_001099180.2,0.642857142857143,0.7332078361148637,WAT-SC,LIVER,1.5900571547198883,3.8234062895140863,False
ENSRNOG00000025025,Dnttip2,XP_003749434.1,0.642857142857143,0.617672969284609,LUNG,KIDNEY,1.112694861017256,5.570499314828536,False
ENSRNOG00000024663,Fkbp15,XP_008774202.1,0.642857142857143,0.6565597933787075,LUNG,KIDNEY,1.8392713722130223,5.2222501126122625,False
ENSRNOG00000018960,Syne1,XP_008772548.1,0.642857142857143,0.8448044782995853,CORTEX,LUNG,3.65365729371487,2.424475282118796,False
ENSRNOG00000048226,Hmgn1,NP_001013202.1,0.642857142857143,0.821977703868018,LUNG,WAT-SC,3.283531933147713,7.307319338979191,False
ENSRNOG00000023197,Zfp608,NP_001100848.1,0.642857142857143,0.7950265748112929,LUNG,LUNG,4.2702962901093064,4.776931960036377,True
ENSRNOG00000017349,Tbc1d10b,NP_001102391.1,0.642857142857143,0.7453149725697542,CORTEX,LUNG,1.9162745798725238,2.441158521679559,False
ENSRNOG00000016166,Pdlim1,NP_059061.1,0.642857142857143,0.8279666093151962,LUNG,LIVER,3.7629895009813423,5.74350407684637,False
ENSRNOG00000009690,Obi1,NP_001101859.1,0.642857142857143,0.6116161872709969,CORTEX,KIDNEY,2.5336141806919317,5.637282165385676,False
ENSRNOG00000022694,Plekhg5,NP_958429.1,0.642857142857143,0.6140821309882268,CORTEX,WAT-SC,3.225715911475389,3.5965292221633676,False
ENSRNOG00000020951,Slc4a1,NP_036783.2,0.642857142857143,0.46601076680327164,KIDNEY,LUNG,7.698481625607107,5.127651279602257,False
ENSRNOG00000008079,Ugp2,NP_001019914.1,0.6071428571428572,0.8566251382530579,LIVER,LIVER,3.025709122158627,4.987675242039197,True
ENSRNOG00000008036,Dennd4c,XP_006225454.1,0.6071428571428572,0.6813920333408028,LUNG,LUNG,1.8289375844634828,2.9320094241702206,True
ENSRNOG00000003289,Lap3,NP_001011910.1,0.6071428571428572,0.7717034813222233,LIVER,LIVER,2.454318720668603,4.917068488039188,True
ENSRNOG00000005387,Rbm3,XP_006256757.1,0.6071428571428572,0.296449120335019,WAT-SC,WAT-SC,3.821798145731043,5.632844606922271,True
ENSRNOG00000013669,Pik3r4,NP_001102247.1,0.6071428571428572,0.8770841965068412,LUNG,LIVER,1.8780262940515282,3.584539747198962,False
ENSRNOG00000007947,Fam13a,NP_001094332.1,0.6071428571428572,0.5470322358738757,WAT-SC,LIVER,3.2368605867201845,4.228885709545888,False
ENSRNOG00000013391,Sorbs2,NP_446222.1,0.6071428571428572,0.694697969007858,CORTEX,HEART,4.39595803761218,5.231671889686763,False
ENSRNOG00000013351,Stxbp5,NP_848035.1,0.6071428571428572,0.7352412247345503,CORTEX,CORTEX,3.276163408548122,5.041810802666184,True
ENSRNOG00000006559,Akap8,NP_446307.1,0.6071428571428572,0.520243640900353,LUNG,WAT-SC,2.2698010262041253,6.561963618258494,False
ENSRNOG00000004827,Papola,NP_001101526.1,0.6071428571428572,0.7284198512681977,LUNG,WAT-SC,1.8325217903767372,5.046543136998462,False
ENSRNOG00000005135,Bclaf3,NP_001121040.1,0.6071428571428572,0.6199130082021294,LUNG,WAT-SC,2.6602427325105253,4.759061273102136,False
ENSRNOG00000007329,Frmd6,NP_001257983.1,0.6071428571428572,0.44511596862118513,LUNG,LUNG,3.679787851670936,5.134711425698841,True
ENSRNOG00000020676,Ppp1r14a,NP_569087.1,0.6071428571428572,0.5758758579714968,LUNG,LUNG,4.6066154432301705,4.421076782152406,True
ENSRNOG00000060206,Zfp592,NP_001099742.1,0.6071428571428572,0.5696755899005547,LUNG,LIVER,1.730895890855277,6.2475433263709075,False
ENSRNOG00000004050,Snrk,NP_620188.1,0.6071428571428572,0.6104068282117651,LUNG,HEART,2.484942432580125,3.356391372133219,False
ENSRNOG00000061328,Pag1,NP_071589.1,0.6071428571428572,0.8625356704053464,LUNG,LUNG,3.0690642120362495,5.927966422041423,True
ENSRNOG00000020635,Exosc5,NP_001100963.2,0.6071428571428572,0.7607509399774173,KIDNEY,KIDNEY,1.8578710416499664,4.619860572914037,True
ENSRNOG00000031203,Scfd1,NP_062237.1,0.6071428571428572,0.7454547449587163,WAT-SC,LIVER,1.114191899845781,5.799552202574523,False
ENSRNOG00000019965,Tgfb1i1,NP_001178769.1,0.6071428571428572,0.41612181631620393,LUNG,LUNG,4.172747253912838,6.234267784129151,True
ENSRNOG00000020047,Tut1,NP_001029073.1,0.6071428571428572,0.707638665875357,WAT-SC,LUNG,1.2771423720707848,3.134752993806312,False
ENSRNOG00000025383,Pdha1,NP_001004072.2,0.6071428571428572,0.560009801137528,HEART,HEART,2.6264264842890794,4.581128291980739,True
ENSRNOG00000000190,Ep300,XP_001076610.1,0.6071428571428572,0.6538280420572219,LUNG,LUNG,2.2192137361965365,5.058966156251959,True
ENSRNOG00000019883,Pak4,NP_001099708.1,0.6071428571428572,0.7139183110801417,LUNG,LIVER,3.0664993281955732,4.289395509563228,False
ENSRNOG00000057806,Trpm7,NP_446157.2,0.6071428571428572,0.6950063513582584,LUNG,LIVER,1.8478752459521486,4.852303822507599,False
ENSRNOG00000001285,Atp2a2,NP_001104293.1,0.6071428571428572,0.8325910414119913,HEART,HEART,5.506963218672291,6.214108364846461,True
ENSRNOG00000010964,Akap13,NP_001099741.2,0.6071428571428572,0.7466878042386002,LUNG,LUNG,4.007896534890177,5.150561731849453,True
ENSRNOG00000016218,Gtf3c1,NP_598225.2,0.6071428571428572,0.5477233187908834,LUNG,LUNG,2.1382950745977816,5.837136622049867,True
ENSRNOG00000016234,Ciapin1,NP_001007690.1,0.6071428571428572,0.6164831062355779,KIDNEY,LIVER,1.897112025119431,1.7938440797701967,False
ENSRNOG00000048242,Txlna,NP_001121105.1,0.6071428571428572,0.5075620150158376,LUNG,KIDNEY,2.2059957340999814,3.342432098811401,False
ENSRNOG00000045857,Tmed8,XP_001061720.1,0.6071428571428572,0.7366797615174545,LUNG,KIDNEY,2.6974735016329965,4.966992184539412,False
ENSRNOG00000017077,Snx7,XP_006233296.2,0.6071428571428572,0.6321990361590056,LUNG,LUNG,3.4194325846654463,6.091498610949354,True
ENSRNOG00000015055,Scg2,NP_073160.1,0.6071428571428572,0.826897108997309,CORTEX,CORTEX,7.209720329276312,8.249784990862725,True
ENSRNOG00000015021,Naxd,NP_001101872.1,0.6071428571428572,0.5540866970627688,LIVER,LUNG,1.978805921278532,2.7688685184495694,False
ENSRNOG00000051480,Fxr1,NP_001012179.1,0.6071428571428572,0.552692989872311,SKM-GN,HEART,2.731550355885023,5.0536455741748565,False
ENSRNOG00000010591,Kdm5a,NP_001264106.1,0.6071428571428572,0.6159442686998305,LUNG,LUNG,1.8902400774627228,3.7933036389775054,True
ENSRNOG00000039214,Trappc14,NP_001020140.2,0.6071428571428572,0.8238811168992559,CORTEX,LIVER,3.0538238609050516,3.785651586593776,False
ENSRNOG00000014597,Irs1,NP_037101.1,0.6071428571428572,0.757222303656539,SKM-GN,LIVER,1.6752841394565436,4.898248770596245,False
ENSRNOG00000021244,Hspa12b,XP_006235089.1,0.6071428571428572,0.7441741781062857,LUNG,WAT-SC,5.5328321394421325,5.139904354385025,False
ENSRNOG00000011015,Hivep2,NP_077051.1,0.6071428571428572,0.6668709144775473,CORTEX,WAT-SC,4.625549698391894,3.2513606890652484,False
ENSRNOG00000032813,Mdc1,NP_001159747.1,0.6071428571428572,0.7448466772375187,LUNG,KIDNEY,2.796802580717232,5.370241600233635,False
ENSRNOG00000011073,Htt,NP_077333.2,0.6071428571428572,0.761438884969112,CORTEX,LIVER,3.043803389564208,3.731511299885813,False
ENSRNOG00000008703,Rnps1,NP_001011890.1,0.6071428571428572,0.8141982964917234,CORTEX,KIDNEY,1.582716598235999,7.005629771628295,False
ENSRNOG00000018553,Pitpnm1,NP_001008370.1,0.6071428571428572,0.6571843077347805,CORTEX,CORTEX,4.51991360754638,6.662641934018571,True
ENSRNOG00000015334,Fcho2,NP_001178561.1,0.5714285714285715,0.7463864691408113,LUNG,LIVER,2.8008706621619717,4.532015581038174,False
ENSRNOG00000020726,Sipa1,NP_001004089.1,0.5714285714285715,0.723275834258407,LUNG,LUNG,4.107365749121587,5.734426508878428,True
ENSRNOG00000058593,Zbtb1,NP_001004444.1,0.5714285714285715,0.4993451169170015,LUNG,LUNG,1.80177768707872,3.2665236758789282,True
ENSRNOG00000013002,Gpbp1,NP_001099880.1,0.5714285714285715,0.5072243876435377,CORTEX,WAT-SC,1.0828750815560166,2.837037149269868,False
ENSRNOG00000014917,Nck1,NP_001100321.1,0.5714285714285715,0.7333921526705888,WAT-SC,LIVER,2.0861382711503746,5.411813744687059,False
ENSRNOG00000014204,Pacsin3,NP_001009966.1,0.5714285714285715,0.4907974125146412,SKM-GN,SKM-GN,2.9866245426550035,3.296924581497178,True
ENSRNOG00000017332,Dapk2,NP_001013127.1,0.5714285714285715,0.7304961681938881,LUNG,LUNG,3.5702350946103576,4.185889625640833,True
ENSRNOG00000050200,Kdm3b,XP_001061636.1,0.5714285714285715,0.4501224455472735,LUNG,LUNG,1.8471008286119366,3.887426612903437,True
ENSRNOG00000023753,Afdn,NP_037349.1,0.5714285714285715,0.7686653437922777,LUNG,LIVER,3.351689055189053,5.46475269135066,False
ENSRNOG00000033560,Polr3c,NP_001012081.1,0.5714285714285715,0.46772312754165263,KIDNEY,KIDNEY,1.165400196450244,6.891571163290551,True
ENSRNOG00000020353,Sh3pxd2a,NP_001101076.1,0.5714285714285715,0.4639699138012265,LUNG,LUNG,3.6175483974419267,4.225229393453496,True
ENSRNOG00000017428,Map1b,NP_062090.1,0.5714285714285715,0.7733900917759537,CORTEX,CORTEX,8.771731125932746,6.787082593269179,True
ENSRNOG00000024852,Tmx4,NP_001093999.1,0.5714285714285715,0.5495084825590166,CORTEX,HEART,3.4693654545249437,5.424954301290251,False
ENSRNOG00000014429,Arfgap2,NP_001028879.1,0.5714285714285715,0.3850619666339963,WAT-SC,LIVER,2.4785756495501055,4.100492172199655,False
ENSRNOG00000019463,Mad2l1bp,NP_001009699.1,0.5714285714285715,0.5855650250645363,LUNG,WAT-SC,1.284699313675755,5.424051538075053,False
ENSRNOG00000027921,Rlf,XP_002726682.1,0.5714285714285715,0.6224842044990262,LUNG,LUNG,1.726436246792444,3.663588169590263,True
ENSRNOG00000017879,Gab1,NP_001101914.1,0.5714285714285715,0.7586263021496005,LUNG,LUNG,2.4735191125213465,4.6269704690190405,True
ENSRNOG00000038044,Tsc22d2,NP_001178889.1,0.5714285714285715,0.7300608019900746,LUNG,LUNG,0.8825607085031537,3.0762114377941425,True
ENSRNOG00000027191,Birc6,NP_001164067.1,0.5714285714285715,0.6383405525918362,LUNG,KIDNEY,1.8348784849083275,4.790823520252301,False
ENSRNOG00000055564,RGD1564664,NP_001103525.1,0.5714285714285715,0.6194826274337795,LUNG,LUNG,4.07661772235606,5.159457101183624,True
ENSRNOG00000019740,Hdgfl3,NP_665728.1,0.5714285714285715,0.6596834997289616,CORTEX,LUNG,5.213621052676961,5.51932786510995,False
ENSRNOG00000026963,Hsp90b1,NP_001012197.2,0.5714285714285715,0.6369279911735373,LIVER,WAT-SC,3.1371589840753815,2.6010536697138855,False
ENSRNOG00000019798,Stub1,NP_001020796.2,0.5714285714285715,0.3124680983591758,CORTEX,HEART,1.890700544824715,3.4208891431977344,False
ENSRNOG00000026748,Dennd2a,XP_006224941.1,0.5714285714285715,0.46223510219008507,LUNG,LUNG,2.9072482996193028,4.61745351735611,True
ENSRNOG00000017628,Tagln,NP_113737.1,0.5714285714285715,0.7465613203478563,WAT-SC,WAT-SC,5.068017071570532,2.7809177218897547,True
ENSRNOG00000018630,Gapdh,NP_058704.1,0.5714285714285715,0.6311155340322607,SKM-GN,SKM-GN,4.67975261987532,6.317417460161484,True
ENSRNOG00000017832,Snx2,NP_001099605.2,0.5714285714285715,0.7080310830344065,KIDNEY,LUNG,2.3832083396877364,3.7123655494026444,False
ENSRNOG00000028341,Alkbh5,NP_001178572.1,0.5714285714285715,0.5438884242711283,KIDNEY,LIVER,1.16086090576621,4.923207909811172,False
ENSRNOG00000042519,Peak1,NP_001101619.1,0.5714285714285715,0.6330270002646546,LUNG,LUNG,3.3713161484843637,5.386850122689743,True
ENSRNOG00000061424,Map3k3,NP_001100528.1,0.5714285714285715,0.6273462502163439,LUNG,WAT-SC,2.528804456682388,4.906461936314818,False
ENSRNOG00000013111,Mettl3,NP_001019965.1,0.5714285714285715,0.5111281717867279,LUNG,LUNG,1.3938570682095017,3.6733110324705907,True
ENSRNOG00000056907,Nipbl,XP_008759031.1,0.5714285714285715,0.5912543063711647,LUNG,LIVER,2.2318151307230334,5.874508722931673,False
ENSRNOG00000062232,Mcc,NP_001164005.2,0.5714285714285715,0.48433331998116574,WAT-SC,LUNG,1.4702439625957833,5.269884215239599,False
ENSRNOG00000008990,Amotl1,XP_017451665.1,0.5714285714285715,0.36052524072642445,SKM-GN,WAT-SC,5.215899954432192,4.574487256191754,False
ENSRNOG00000000480,Phf1,NP_997703.1,0.5714285714285715,0.6358090431241872,LUNG,LUNG,2.7967208439424756,4.8375059773762485,True
ENSRNOG00000009460,Pdzd8,NP_001100916.1,0.5714285714285715,0.7403196471872943,CORTEX,LIVER,2.0022577025293993,4.464076507092912,False
ENSRNOG00000009653,Numb,NP_579821.1,0.5714285714285715,0.7487038382235468,LUNG,LIVER,3.7123642161226247,5.2008654038623785,False
ENSRNOG00000002642,Ptges3,NP_001124461.1,0.5714285714285715,0.6520502353317319,KIDNEY,KIDNEY,1.6797973625508362,10.049522995706514,True
ENSRNOG00000002956,Stim2,NP_001099220.2,0.5714285714285715,0.6824745143588492,LUNG,LIVER,2.2805007112629236,4.053643825559739,False
ENSRNOG00000010131,Rin2,NP_001101256.1,0.5714285714285715,0.7255567710028743,LUNG,LUNG,4.62822850164833,4.049471213285797,True
ENSRNOG00000010330,Mark3,XP_017449501.1,0.5714285714285715,0.6062981330451112,CORTEX,LUNG,0.9518909178724373,5.660727158235552,False
ENSRNOG00000003041,Smg6,NP_001099278.1,0.5714285714285715,0.6647428059669835,LUNG,LUNG,2.1893523477904857,4.539941952275425,True
ENSRNOG00000006087,Rnf20,NP_001101399.2,0.5714285714285715,0.2916838171332638,LUNG,LUNG,1.6542839725781064,3.3923237229266867,True
ENSRNOG00000011317,Pkn2,NP_001099225.2,0.5714285714285715,0.6682918843837028,LUNG,KIDNEY,1.5466982569910268,6.1974754672543355,False
ENSRNOG00000005041,Crip2,NP_071946.1,0.5714285714285715,0.7685752303339219,HEART,LIVER,4.962066766768407,6.818880904574013,False
ENSRNOG00000014634,Gtpbp1,NP_001186244.1,0.5357142857142858,0.14135303549608072,LUNG,LUNG,1.2765051452741085,2.3160647429860575,True
ENSRNOG00000000532,Cmtr1,NP_001014053.1,0.5357142857142858,0.774545413947593,CORTEX,LUNG,2.058391034076398,3.618355127054791,False
ENSRNOG00000001867,Snap29,NP_446262.3,0.5357142857142858,0.4558089058936484,WAT-SC,LIVER,1.6138836321297498,6.080107807530003,False
ENSRNOG00000009290,Nup35,NP_001004229.1,0.5357142857142858,0.3979844511951279,KIDNEY,WAT-SC,1.3498246691801197,3.55136411140946,False
ENSRNOG00000000474,Rgl2,NP_997712.1,0.5357142857142858,0.5389069994714536,LUNG,LUNG,2.7232069563604764,4.105678815868281,True
ENSRNOG00000015658,Sorbs1,XP_017445030.1,0.5357142857142858,0.7942430738864009,HEART,HEART,3.7905428024352945,7.620583016491289,True
ENSRNOG00000049025,Rps6,NP_058856.1,0.5357142857142858,0.6040577792190397,WAT-SC,KIDNEY,1.958108181881042,5.533557075807564,False
ENSRNOG00000009675,Cdc42bpb,NP_446072.2,0.5357142857142858,0.6939329814698383,LUNG,LIVER,3.027777382626561,5.569954718349142,False
ENSRNOG00000009495,Src,NP_114183.1,0.5357142857142858,0.49233164292110826,CORTEX,CORTEX,4.4765972819047875,5.159734785358496,True
ENSRNOG00000013780,Nf1,NP_036741.1,0.5357142857142858,0.6620062669129837,CORTEX,CORTEX,2.943165469850787,5.206656648150956,True
ENSRNOG00000000796,Ranbp2,NP_001178533.1,0.5357142857142858,0.4436836184273714,LUNG,LIVER,1.3388446068083066,4.648286330698826,False
ENSRNOG00000000798,Gnl1,NP_997665.1,0.5357142857142858,0.44550356607455693,CORTEX,KIDNEY,2.6790464417813693,3.1270204354269957,False
ENSRNOG00000015686,Cert1,NP_001102405.1,0.5357142857142858,0.4744587611294188,LUNG,LUNG,2.1272713046268814,2.752590346165272,True
ENSRNOG00000043099,Ddx21,NP_001032278.1,0.5357142857142858,0.4368425238695144,LUNG,LIVER,1.4094600657427634,5.116523173421065,False
ENSRNOG00000017863,Zeb1,NP_001295194.1,0.5357142857142858,0.23932486920416457,LUNG,LUNG,3.012138083619393,5.379735922510116,True
ENSRNOG00000023605,Ncbp1,NP_001014785.1,0.5357142857142858,0.5976074146914354,KIDNEY,KIDNEY,2.542437288243035,6.643025996989046,True
ENSRNOG00000054901,Rif1,XP_003753771.1,0.5357142857142858,0.6133454940718808,LUNG,LIVER,2.3517127280374166,5.8277561747803865,False
ENSRNOG00000021004,Rasip1,XP_006229092.1,0.5357142857142858,0.4952298105875323,LUNG,LUNG,4.679744494744686,4.150358447075148,True
ENSRNOG00000020730,Nbr1,NP_001019936.1,0.5357142857142858,0.7317675365141698,LIVER,LUNG,1.8951851324731006,3.9163910537372058,False
ENSRNOG00000006136,Pdpk1,NP_112343.1,0.5357142857142858,0.3815372286567795,CORTEX,LUNG,1.7804193846821326,1.825816620380075,False
ENSRNOG00000026239,Arid4a,NP_001101499.1,0.5357142857142858,0.5903065553227163,LUNG,LUNG,2.960106372914046,5.786446586233831,True
ENSRNOG00000006485,Topors,NP_001102128.1,0.5357142857142858,0.6250217050620058,LUNG,KIDNEY,1.7093739558631391,3.9210575699094035,False
ENSRNOG00000052391,Sh3bp5,NP_446463.2,0.5357142857142858,0.597643843778312,HEART,KIDNEY,1.4695753694233877,4.798320177848957,False
ENSRNOG00000007299,Caap1,XP_006238462.1,0.5357142857142858,0.6580209359385277,LUNG,LUNG,1.9852126901335032,4.753075293978044,True
ENSRNOG00000019649,Cul4a,NP_001120773.1,0.5357142857142858,0.6997078099291075,LIVER,LIVER,1.4427163606078128,3.675576903349155,True
ENSRNOG00000003019,Ubn1,NP_001100447.2,0.5357142857142858,0.49624682625675126,LUNG,KIDNEY,1.9029545412314466,4.014191281976256,False
ENSRNOG00000031700,Map3k5,NP_001264623.1,0.5357142857142858,0.7250836612341985,KIDNEY,LUNG,3.0425394716155485,3.6452564396559173,False
ENSRNOG00000018168,Klc4,NP_001009601.1,0.5357142857142858,0.5763546867055109,KIDNEY,LIVER,3.1018531739245256,5.0400823900818,False
ENSRNOG00000018090,Ppp6r1,NP_001129321.1,0.5357142857142858,0.5875603008225573,LUNG,LUNG,1.3255452205072809,3.7493174304198034,True
ENSRNOG00000013620,Cdk13,NP_001258224.1,0.5357142857142858,0.626078059275217,LUNG,LIVER,2.250589277759314,4.08649549099791,False
ENSRNOG00000011407,Prag1,NP_001100785.1,0.5357142857142858,0.5762679292151226,CORTEX,LUNG,5.2866458860961965,6.205380516759973,False
ENSRNOG00000023541,Ahctf1,NP_001258199.1,0.5357142857142858,0.6694322550566791,LUNG,LIVER,1.4375881988202401,4.907783549405772,False
ENSRNOG00000013089,Kif13b,XP_008768975.1,0.5357142857142858,0.7838067631683105,LUNG,LIVER,2.9912415374220904,8.721247215909212,False
ENSRNOG00000012844,Tox4,NP_775446.2,0.5357142857142858,0.5035189784676297,LUNG,LUNG,1.1847605458746058,2.9580670344088382,True
ENSRNOG00000000112,Champ1,NP_001100799.1,0.5357142857142858,0.5950710893545881,LUNG,WAT-SC,1.521036185583724,3.2080200272348325,False
ENSRNOG00000011619,Myo9a,NP_599162.1,0.5357142857142858,0.44777207423313997,LUNG,LUNG,3.4414225926155084,5.180446237980731,True
ENSRNOG00000015409,Usp5,NP_001100089.1,0.5,0.39394431623788195,CORTEX,WAT-SC,1.9534229979103355,5.130122928592312,False
ENSRNOG00000001182,Ndufv3,NP_072129.2,0.5,0.5952268873412975,HEART,KIDNEY,1.559240162411414,6.841875792786258,False
ENSRNOG00000018708,Ppp1ca,NP_113715.1,0.5,0.37132367009455236,WAT-SC,LUNG,1.2958294122018765,3.562522975839959,False
ENSRNOG00000006545,Septin7,NP_001107212.1,0.5,0.41594192898975096,CORTEX,LUNG,3.1314802858435264,6.8705544039728865,False
ENSRNOG00000009113,Marcksl1,NP_110489.1,0.5,0.46755576497535,CORTEX,LIVER,5.499331254070068,7.650121631869482,False
ENSRNOG00000011007,Ube2o,XP_221132.5,0.5,0.22668337596555652,CORTEX,CORTEX,3.7053063275106912,5.654837295961126,True
ENSRNOG00000057934,Tmx1,NP_001019971.1,0.5,0.5136174895477301,CORTEX,LIVER,3.0550455327844563,7.357815029288286,False
ENSRNOG00000012795,Cables1,NP_001100874.1,0.5,0.5858251532416047,CORTEX,KIDNEY,3.3657583838589984,3.6085616153854536,False
ENSRNOG00000049900,Irf2bp2,XP_003751945.1,0.5,0.6022578229206209,LUNG,LIVER,1.954112548059725,4.970209398706755,False
ENSRNOG00000017091,Slc25a46,NP_001093985.1,0.5,0.6322336336285327,CORTEX,CORTEX,1.4748868319172654,5.172020216469328,True
ENSRNOG00000003661,Jpt1,NP_001005876.1,0.5,0.3948978451331955,LUNG,HEART,2.908051651656722,4.378817858240362,False
ENSRNOG00000005703,Arfgef1,NP_001263985.1,0.5,0.6288396205704901,LUNG,KIDNEY,1.8627457071754234,4.17197750696451,False
ENSRNOG00000018946,Trim33,XP_001064349.1,0.5,0.4294796756937409,LUNG,LUNG,2.4324182199511815,3.078179511203465,True
ENSRNOG00000057619,Hic1,NP_001100491.1,0.5,0.6848703152325123,WAT-SC,KIDNEY,2.1572066020587957,4.56161632261518,False
ENSRNOG00000014666,Tfeb,NP_001020878.1,0.5,0.4169051541239554,SKM-GN,WAT-SC,2.0851013380175023,5.31461977654144,False
ENSRNOG00000020925,Ccdc86,NP_001006975.1,0.5,0.32684928738448005,WAT-SC,WAT-SC,0.8223943757661818,5.502960690205163,True
ENSRNOG00000010624,Ap3b1,XP_006231876.1,0.5,0.8710980979736761,LUNG,KIDNEY,1.8003660838194122,6.080294802216065,False
ENSRNOG00000017194,Prdx1,NP_476455.1,0.5,0.5397159247766381,LIVER,KIDNEY,2.697947593500558,2.4795903779548913,False
ENSRNOG00000046405,Hic1,NP_001100491.1,0.5,0.7338414056527399,WAT-SC,KIDNEY,2.5847869071985983,4.56161632261518,False
ENSRNOG00000011756,Phf3,NP_001102261.1,0.5,0.7430325684222986,LUNG,LIVER,2.5013625665259775,4.977797453149673,False
ENSRNOG00000005165,Smcr8,NP_001178848.1,0.5,0.6030284529864397,LUNG,HEART,1.471807910624312,2.5243261213512085,False
ENSRNOG00000029078,Hmgn5b,NP_001128178.1,0.5,0.5315208870680794,LUNG,LIVER,1.7462631466960898,6.450139110629152,False
ENSRNOG00000007387,Per1,NP_001029297.1,0.5,0.5338279532066832,LUNG,KIDNEY,2.253475375421087,5.229251606259511,False
ENSRNOG00000000440,Pbx2,NP_001002828.1,0.5,0.59335556522282,LUNG,LIVER,2.8571276719191143,3.750377398323205,False
ENSRNOG00000008716,Nefh,NP_036739.2,0.5,0.7443009172733093,CORTEX,CORTEX,5.8539763896997945,11.2123418106723,True
ENSRNOG00000058249,Pgk1,NP_445743.2,0.5,0.4745102844748591,SKM-GN,HEART,3.224251249124193,4.266757973723038,False
ENSRNOG00000013498,Pex14,NP_742060.1,0.5,0.6747771554854166,CORTEX,LIVER,1.7538361617426044,8.421015077509505,False
ENSRNOG00000005043,Cpeb2,XP_008764431.2,0.5,0.5733521485030566,LUNG,LIVER,1.5917364293830842,2.4572715825497875,False
ENSRNOG00000019885,Magi3,NP_620784.2,0.5,0.8350444687162216,LUNG,LUNG,4.980107086235445,6.066435959866709,True
ENSRNOG00000050323,Srsf1,NP_001103022.1,0.5,0.46039009685498944,LUNG,LUNG,1.7400241058379695,4.190057691153831,True
ENSRNOG00000002040,Bmp2k,XP_008762868.1,0.5,0.5630501736236357,LUNG,LIVER,2.2524634347593,3.3634325597002164,False
ENSRNOG00000012148,Trio,XP_003749274.1,0.5,0.5957556815646536,CORTEX,LUNG,2.457884968420938,5.350884961412742,False
ENSRNOG00000034242,Vcp,NP_446316.1,0.5,0.17127512452235458,KIDNEY,LIVER,0.4782899249788155,3.5799254180875777,False
ENSRNOG00000008523,Faf1,NP_569090.1,0.5,0.5924726015494891,SKM-GN,LUNG,1.2721058138758563,5.419885194843053,False
ENSRNOG00000027728,Ibtk,XP_001062352.2,0.4642857142857144,0.7217921571735408,LIVER,LIVER,1.8000218209510956,5.228143075569877,True
ENSRNOG00000000780,Ppp1r11,NP_997707.2,0.4642857142857144,0.6653446032850744,CORTEX,KIDNEY,2.172897659264556,4.536147533091494,False
ENSRNOG00000045655,Tbcb,NP_001035270.1,0.4642857142857144,0.648372930883858,CORTEX,CORTEX,1.9421536532302088,3.217566455262022,True
ENSRNOG00000033522,Prdm2,NP_001071116.1,0.4642857142857144,0.13556888628010424,LUNG,LUNG,2.1433085186305343,4.451949117319433,True
ENSRNOG00000047551,Pnpla2,NP_001101979.2,0.4642857142857144,0.3858387592216461,WAT-SC,WAT-SC,3.615541943757619,3.01313328834392,True
ENSRNOG00000010257,Cuedc1,NP_001013993.1,0.4642857142857144,0.5591930044800973,SKM-GN,LUNG,4.013066077030566,3.3263564811970587,False
ENSRNOG00000007710,Usp20,NP_001101297.1,0.4642857142857144,0.5839400585495097,KIDNEY,KIDNEY,2.814672223999432,4.664894829330241,True
ENSRNOG00000009639,Zrsr1,NP_001017504.1,0.4642857142857144,0.41868428680645503,CORTEX,KIDNEY,2.226224160135544,2.8655790475565874,False
ENSRNOG00000061519,Asap2,XP_008774449.2,0.4642857142857144,0.5464323932674374,LUNG,HEART,3.1960418025634256,5.344014871877215,False
ENSRNOG00000003834,Map2k4,NP_001025194.1,0.4642857142857144,0.5537364096623617,CORTEX,CORTEX,1.73065779288329,2.637175771674258,True
ENSRNOG00000020435,Terf2,NP_001101918.1,0.4642857142857144,0.5463936383974537,LUNG,WAT-SC,1.795337604502607,3.926568873658528,False
ENSRNOG00000015619,Agfg1,NP_001129068.1,0.4642857142857144,0.3345863063849742,LUNG,LUNG,1.949058250350264,2.54126047817324,True
ENSRNOG00000020191,Tbc1d17,NP_001099728.1,0.4642857142857144,0.3362240082021093,WAT-SC,LUNG,1.074965552553433,3.098233082608087,False
ENSRNOG00000028946,Cdc42ep4,NP_001100533.1,0.4642857142857144,0.6122955666541058,LUNG,LIVER,3.109508617326397,5.648117567131401,False
ENSRNOG00000051889,Usp34,NP_001258125.1,0.4642857142857144,0.49649634196796116,LUNG,KIDNEY,1.8768884380526618,4.078999880847903,False
ENSRNOG00000059344,Tpcn1,NP_647548.2,0.4642857142857144,0.6135189159611605,KIDNEY,LIVER,1.5780685168246222,3.0447325990386083,False
ENSRNOG00000046705,Snx3,NP_001037748.1,0.4642857142857144,0.4733686347491031,LUNG,LUNG,1.6685833971056656,4.5130169849555015,True
ENSRNOG00000019039,Inpp5e,NP_446084.1,0.4642857142857144,0.6197701128873425,LUNG,LUNG,2.1195006674283214,6.284080922139989,True
ENSRNOG00000016870,Pcif1,NP_001102075.1,0.4642857142857144,0.3544490038747685,LUNG,LUNG,2.0714878317592227,4.395312389945444,True
ENSRNOG00000001706,Kalrn,NP_114451.2,0.4642857142857144,0.4252905526872884,CORTEX,LUNG,4.346638434705099,2.584354439408319,False
ENSRNOG00000014779,Pdcd4,NP_071601.2,0.4642857142857144,0.4056735636646845,WAT-SC,LIVER,3.8078608130110743,5.264201188563735,False
ENSRNOG00000008258,Fnbp1,NP_620269.1,0.4642857142857144,0.5762700669971818,CORTEX,WAT-SC,3.698181526942124,6.18948758045047,False
ENSRNOG00000002705,Vps4b,NP_001020887.1,0.4642857142857144,0.5567050947538212,LUNG,KIDNEY,2.218470016906706,4.627488062970136,False
ENSRNOG00000061299,Hbb-bs,NP_001104739.1,0.4642857142857144,0.6120109273689649,LUNG,KIDNEY,1.6693059882177206,5.199874515023005,False
ENSRNOG00000005538,Psmd11,XP_006247049.1,0.4642857142857144,0.48234891638825406,KIDNEY,LIVER,0.39588889720232157,2.82528081785937,False
ENSRNOG00000025286,Pank2,NP_001099983.1,0.4642857142857144,0.35695141599254737,LUNG,LUNG,1.1384222154750567,3.5590320121989176,True
ENSRNOG00000050794,Pdlim4,NP_058758.1,0.4642857142857144,0.6215605553451461,WAT-SC,WAT-SC,3.8328480177279696,5.416122994133331,True
ENSRNOG00000014317,Arpc5l,NP_001032856.2,0.4642857142857144,0.49212189896923575,KIDNEY,CORTEX,0.9841975403700385,4.4782816363881714,False
ENSRNOG00000018767,Rbm17,NP_001013076.1,0.4642857142857144,0.386767874373326,LUNG,LIVER,1.0377120067258838,4.819842976125608,False
ENSRNOG00000017916,Rexo1,NP_001012114.2,0.4642857142857144,0.34505128710721544,LUNG,LUNG,1.9431951558004412,2.775605308249967,True
ENSRNOG00000005480,Ybx3,NP_114185.3,0.4642857142857144,0.2949886436325999,SKM-GN,WAT-SC,5.167138753981663,3.4801995986437375,False
ENSRNOG00000005472,Sp4,NP_036893.1,0.4642857142857144,0.4661364967469026,LUNG,LUNG,2.716386202335408,2.4887649415493875,True
ENSRNOG00000021068,Pip5k1a,NP_001036086.1,0.4642857142857144,0.2876827730350804,CORTEX,CORTEX,2.6608152753908576,3.394182128438196,True
ENSRNOG00000005303,Tbc1d25,NP_001100425.1,0.4642857142857144,0.6154131728551224,LUNG,LIVER,1.7321830655989574,1.3534886897623584,False
ENSRNOG00000000902,Hsph1,NP_001011901.1,0.4642857142857144,0.39576023695715784,CORTEX,LIVER,2.467558841868355,7.6000394539616085,False
ENSRNOG00000012561,Arhgef10,XP_002728482.2,0.4642857142857144,0.4549901841415593,LUNG,LUNG,4.779492410745611,2.9869047937820543,True
ENSRNOG00000037595,Gpbp1l1,NP_001030085.1,0.4642857142857144,0.5235662029513963,LUNG,LIVER,1.980515187078626,4.025880981386094,False
ENSRNOG00000009285,Eipr1,NP_001012192.1,0.4642857142857144,0.3315712675140217,CORTEX,LUNG,2.5335528029132264,5.311425215989799,False
ENSRNOG00000055226,Dab2ip,NP_619724.3,0.4642857142857144,0.4904773462585663,LUNG,LUNG,2.4149860715325264,5.714809176121266,True
ENSRNOG00000049785,Ranbp3,XP_001056647.3,0.4642857142857144,0.4845406017092456,LUNG,LUNG,1.518078582544347,4.305324081183392,True
ENSRNOG00000017254,Nsun2,NP_001101873.1,0.4642857142857144,0.5343053850881962,WAT-SC,LIVER,1.0940782649910386,6.1768485406785905,False
ENSRNOG00000038365,Plekha2,XP_001071937.1,0.42857142857142866,0.655954669676485,LUNG,LUNG,4.866842129456737,3.287834969002639,True
ENSRNOG00000046472,Arfgap3,NP_001037738.1,0.42857142857142866,0.5825723073264533,WAT-SC,LIVER,2.8726632171063002,4.55417880563908,False
ENSRNOG00000008472,Rbm10,NP_690600.1,0.42857142857142866,0.5930745501009583,LUNG,WAT-SC,1.8199609285509863,5.137718377894306,False
ENSRNOG00000007249,Cdkn1b,NP_113950.2,0.42857142857142866,0.3543090678093897,LUNG,LUNG,2.536635906456717,2.9123755500997337,True
ENSRNOG00000018411,Pold3,NP_001019921.1,0.42857142857142866,0.49299376969204073,LUNG,LIVER,2.32013659704943,3.0616093781033067,False
ENSRNOG00000018665,Bud13,NP_001020448.1,0.42857142857142866,0.4753640358415914,LUNG,LIVER,2.058366945537848,7.1340284710497714,False
ENSRNOG00000000151,Ldlrap1,NP_001102741.1,0.42857142857142866,0.5242932578488135,LUNG,LIVER,2.606818799636632,4.547548378324647,False
ENSRNOG00000017195,Ctr9,NP_001094131.1,0.42857142857142866,0.5401996923522074,LUNG,LIVER,1.7477864530615204,5.3630145000669325,False
ENSRNOG00000019485,Bckdk,NP_062117.2,0.42857142857142866,0.41235780157856405,SKM-GN,KIDNEY,2.7616723221657615,6.298836558534079,False
ENSRNOG00000012138,Rbmxl1,NP_001100890.1,0.42857142857142866,0.4762688914102265,LUNG,LIVER,1.904324090660603,6.794102450852162,False
ENSRNOG00000018736,Pnpla2,NP_001101979.2,0.42857142857142866,0.4991058724174354,WAT-SC,WAT-SC,4.37869168540054,3.01313328834392,True
ENSRNOG00000009439,Eef1a1,NP_787032.1,0.42857142857142866,0.40229176028534874,WAT-SC,LIVER,3.901820843693603,6.930320375925054,False
ENSRNOG00000009176,Mkrn2,NP_001008315.1,0.42857142857142866,0.25334074913935545,LUNG,LUNG,1.6754276942020652,1.7241171875118173,True
ENSRNOG00000007663,Rps6,NP_058856.1,0.42857142857142866,0.5605323101103933,WAT-SC,KIDNEY,1.8820215415385837,5.533557075807564,False
ENSRNOG00000002841,Cdc42bpa,NP_446109.1,0.42857142857142866,0.540170359303397,CORTEX,LUNG,2.720416259072816,3.7990529713939476,False
ENSRNOG00000017553,Mief1,NP_001007710.1,0.42857142857142866,0.5318051436967418,KIDNEY,LIVER,1.416113917860896,3.8102833732354324,False
ENSRNOG00000017481,Sucla2,NP_001101857.2,0.42857142857142866,0.5529144786890141,HEART,HEART,2.8900885049587153,5.057788217550282,True
ENSRNOG00000057880,Myh11,NP_001164071.1,0.42857142857142866,0.22567457481878903,WAT-SC,KIDNEY,5.042228436173924,4.772410670605425,False
ENSRNOG00000002115,Sod1,NP_058746.1,0.42857142857142866,0.59590743278639,WAT-SC,KIDNEY,2.4746046023702446,3.399559526627902,False
ENSRNOG00000009196,Rc3h2,NP_001101309.1,0.42857142857142866,0.4746299816182621,LUNG,LUNG,2.1449608999191527,2.6117274652970655,True
ENSRNOG00000002724,Prpsap2,NP_476472.1,0.42857142857142866,0.5816755191739619,CORTEX,HEART,2.867138025026688,7.2153075035823875,False
ENSRNOG00000003343,Canx,NP_742005.1,0.42857142857142866,0.7695735582663422,KIDNEY,LIVER,2.6556019190935993,7.838847705899774,False
ENSRNOG00000002373,Akap1,NP_446117.1,0.42857142857142866,0.5287862864874757,HEART,LIVER,1.5603838222285606,3.9822872392368556,False
ENSRNOG00000009000,Foxj2,NP_001102822.1,0.42857142857142866,0.3050278014944291,LUNG,WAT-SC,2.12254871248207,4.412028948570796,False
ENSRNOG00000056150,Purb,NP_001017503.1,0.42857142857142866,0.33608259095959553,CORTEX,KIDNEY,2.0730331670769226,3.0430647022066912,False
ENSRNOG00000000068,Ppp2r5a,NP_001101361.1,0.42857142857142866,0.09816816693352272,WAT-SC,HEART,1.4744262509776789,5.148542967866542,False
ENSRNOG00000048989,Larp7,NP_001037755.2,0.42857142857142866,0.5909890717175816,LUNG,LIVER,1.3235582426672878,4.41749911701581,False
ENSRNOG00000000635,Arid5b,NP_001101094.1,0.42857142857142866,0.6713094963270952,LUNG,LUNG,2.755010538648643,5.419907390097494,True
ENSRNOG00000021147,Bad,NP_073189.1,0.42857142857142866,0.56550258271945,CORTEX,LUNG,2.054287395198533,3.871325254403075,False
ENSRNOG00000013423,Nup50,NP_037123.1,0.42857142857142866,0.4968416976531653,LUNG,WAT-SC,1.7011136118877968,2.7032088054550334,False
ENSRNOG00000020619,Eif3g,NP_001013113.1,0.42857142857142866,0.4072325517853278,WAT-SC,WAT-SC,0.8861964998471876,3.1178994745700024,True
ENSRNOG00000015274,Ddx20,NP_001178640.1,0.42857142857142866,0.4239573457617117,LUNG,LIVER,1.5988187931100528,2.916615575743059,False
ENSRNOG00000060615,Rai1,NP_001258136.1,0.42857142857142866,0.5446849818567252,CORTEX,LUNG,2.7199338863036218,5.416745326423365,False
ENSRNOG00000021113,Uba2,NP_001094049.1,0.42857142857142866,0.2037864936910843,LUNG,KIDNEY,1.6941531581194305,5.272922935023268,False
ENSRNOG00000021106,Gramd1a,XP_006228894.1,0.42857142857142866,0.6307362435892954,CORTEX,KIDNEY,2.438044472813189,2.9855917975706108,False
ENSRNOG00000004135,RGD1311745,NP_001008330.1,0.42857142857142866,0.5291953636741715,LUNG,LUNG,1.5947807810791241,5.186294859696504,True
ENSRNOG00000020675,Ccdc97,NP_001099705.1,0.42857142857142866,0.44730101686469415,LUNG,CORTEX,1.2955297786102262,1.4152838520735163,False
ENSRNOG00000055246,Ncor1,NP_001258032.1,0.42857142857142866,0.48092769766979804,LUNG,LIVER,1.2635304976490271,4.972393220699015,False
ENSRNOG00000014452,Zfhx3,XP_008770789.1,0.42857142857142866,0.5603514768391059,LUNG,LIVER,2.685852277691702,5.49854121090171,False
ENSRNOG00000006130,Rab5b,NP_001073405.1,0.42857142857142866,0.6050574942942263,LUNG,WAT-SC,1.1915564825886724,2.9071142670183634,False
ENSRNOG00000051204,Dop1b,NP_001178589.1,0.42857142857142866,0.5278763613325277,CORTEX,LUNG,2.671502216261877,6.054107305266669,False
ENSRNOG00000020781,Tbcb,NP_001035270.1,0.42857142857142866,0.4884113471598558,CORTEX,CORTEX,1.3904610002929998,3.217566455262022,True
ENSRNOG00000052704,Atp6v0a2,NP_446227.2,0.42857142857142866,0.721655216590842,LUNG,KIDNEY,1.9746881434204422,4.094005012478922,False
ENSRNOG00000005502,Ankib1,NP_001128253.1,0.42857142857142866,0.186344348678094,KIDNEY,KIDNEY,2.5253522168847224,2.3419069762316584,True
ENSRNOG00000011059,Ttbk2,NP_001101236.1,0.42857142857142866,0.46371389330007146,CORTEX,CORTEX,3.5025665850247423,4.381857377859832,True
ENSRNOG00000059891,Mrgbp,NP_001167210.1,0.42857142857142866,0.6662181069746446,LUNG,LUNG,1.586048221957296,3.0183076521362753,True
ENSRNOG00000013916,Nefm,NP_058725.1,0.42857142857142866,0.5859527632672042,CORTEX,CORTEX,7.698904773549368,8.63847063439012,True
ENSRNOG00000059810,Txnrd3,NP_001171641.1,0.42857142857142866,0.24568252147899675,HEART,HEART,1.2932891459117122,5.4393916272265335,True
ENSRNOG00000011339,Slk,XP_006231620.1,0.42857142857142866,0.4836553909552416,LUNG,LUNG,3.0132619545802637,4.5747438972511505,True
ENSRNOG00000013832,Fam193a,XP_002725031.2,0.42857142857142866,0.5374757584558003,LUNG,WAT-SC,1.7900322454972075,3.1144626994247235,False
ENSRNOG00000015713,Parva,NP_065707.2,0.42857142857142866,0.3663470429910615,LUNG,WAT-SC,3.592269155350764,6.994388803370805,False
ENSRNOG00000029178,Abcc5,NP_446376.1,0.42857142857142866,0.48066827098753157,CORTEX,LUNG,3.9301111402340108,2.0686916946491847,False
ENSRNOG00000015977,Zfp609,NP_001166842.1,0.42857142857142866,0.6320569816666753,LUNG,WAT-SC,2.250247125521094,5.794081612413599,False
ENSRNOG00000053210,Zc3h11a,NP_001041367.1,0.42857142857142866,0.2391642348987502,LUNG,LIVER,1.5369836112996733,5.697281389378535,False
ENSRNOG00000053203,Mical3,NP_001178014.1,0.42857142857142866,0.4021194315833287,HEART,CORTEX,1.7678771715007242,4.108004341702374,False
ENSRNOG00000006816,Ubr5,XP_006226121.1,0.42857142857142866,0.48238189296123807,LUNG,LUNG,1.15265122665744,4.472846962426088,True
ENSRNOG00000050864,Cpne1,XP_008760636.1,0.42857142857142866,0.4437094757910266,WAT-SC,KIDNEY,2.270609834626431,4.23989599709261,False
ENSRNOG00000054515,Fgd6,NP_001131117.1,0.42857142857142866,0.5795645211558229,LUNG,WAT-SC,2.8318636075397126,3.7319536152325448,False
ENSRNOG00000036688,Arhgdia,NP_001007006.1,0.39285714285714296,0.4833311787901263,LUNG,LIVER,2.8270778124385574,3.4265590440935085,False
ENSRNOG00000018781,Map1s,NP_001099540.1,0.39285714285714296,0.4781033859771249,CORTEX,WAT-SC,4.403756048100535,2.8178677340932303,False
ENSRNOG00000048795,Top2b,NP_001094328.1,0.39285714285714296,0.423158332230438,LUNG,LUNG,2.706418655984548,5.078014291621211,True
ENSRNOG00000025792,Crk,NP_062175.1,0.39285714285714296,0.43928122840840833,LUNG,LUNG,1.4506236302138893,4.8139419031610196,True
ENSRNOG00000014165,Ssr1,NP_001008891.2,0.39285714285714296,0.3972550395018407,LUNG,LIVER,1.4075261077752392,5.874020024664647,False
ENSRNOG00000024186,Eef1b2,NP_001102269.1,0.39285714285714296,0.27964614035842156,WAT-SC,KIDNEY,1.5887381349149239,6.665109918677889,False
ENSRNOG00000018477,Otud4,NP_001178629.1,0.39285714285714296,0.2089971865793287,LUNG,HEART,1.6747848907054035,2.9363283489985204,False
ENSRNOG00000033790,Hnrnpu,NP_476480.2,0.39285714285714296,0.4323901680463635,LUNG,LUNG,1.5844376749403093,7.110232147386945,True
ENSRNOG00000004496,Rock2,NP_037154.2,0.39285714285714296,0.3760135047954159,LUNG,HEART,3.0130469741417123,2.5407607709152895,False
ENSRNOG00000001289,LOC498154,NP_001020204.1,0.39285714285714296,0.5944432453828288,WAT-SC,KIDNEY,2.241130231331807,2.9987964980219877,False
ENSRNOG00000061039,Prpf31,NP_001099689.1,0.39285714285714296,0.5248885882127504,LUNG,LUNG,1.2459997177158804,2.881848134984492,True
ENSRNOG00000061155,Itsn1,NP_001129568.1,0.39285714285714296,0.3483154279570311,WAT-SC,LIVER,1.7888171207111303,3.7474203938971646,False
ENSRNOG00000051591,Nudc,NP_058967.1,0.39285714285714296,0.550466218910025,LUNG,LIVER,1.179701595324158,5.064128598017043,False
ENSRNOG00000011503,Shb,XP_002726568.3,0.39285714285714296,0.6951718622072979,KIDNEY,WAT-SC,2.66171511826993,4.521976018427605,False
ENSRNOG00000010133,Bpgm,NP_955414.1,0.39285714285714296,0.32964887447186003,SKM-GN,LUNG,3.333392057506798,2.499960207075628,False
ENSRNOG00000001449,Pom121,NP_446074.1,0.39285714285714296,0.5092777296084795,CORTEX,WAT-SC,2.8220951265047702,5.447345080640817,False
ENSRNOG00000001104,Foxk1,NP_001032296.2,0.39285714285714296,0.4377887559668568,LUNG,LUNG,1.930164786417377,5.344975827182335,True
ENSRNOG00000059408,Prr12,XP_001080668.1,0.39285714285714296,0.47608149214869117,LUNG,LUNG,2.5557522702983793,4.638206636576621,True
ENSRNOG00000059402,Itgb1bp1,NP_001100189.1,0.39285714285714296,0.09897485931099484,WAT-SC,WAT-SC,1.199892853037058,6.0591422102960815,True
ENSRNOG00000008195,Ywhaz,NP_037143.2,0.39285714285714296,0.5208470732662296,CORTEX,WAT-SC,4.779754828584479,3.0207711692935115,False
ENSRNOG00000020130,Arhgef1,NP_067726.3,0.39285714285714296,0.6301659329490509,LUNG,WAT-SC,3.2964316635634763,4.54908881471218,False
ENSRNOG00000059224,Reps1,NP_001099734.1,0.39285714285714296,0.6035466483926196,CORTEX,LUNG,1.9703250979416245,4.82685727120095,False
ENSRNOG00000046023,Exoc4,NP_446327.1,0.39285714285714296,0.13389782537476333,LUNG,KIDNEY,1.8071018182665952,3.199376131172119,False
ENSRNOG00000015588,Nol3,NP_445968.2,0.39285714285714296,0.4557697289915553,SKM-GN,WAT-SC,5.7879035313946305,4.230967543688304,False
ENSRNOG00000060572,Tlk1,XP_008760118.1,0.39285714285714296,0.5477794106885687,LUNG,LUNG,1.9257673301234473,3.888473879226506,True
ENSRNOG00000019268,Pelp1,NP_001019441.2,0.39285714285714296,0.34555553788547466,CORTEX,LUNG,1.8849244733748742,3.975883724936632,False
ENSRNOG00000020710,Raver1,NP_001013961.1,0.39285714285714296,0.4927694222634452,LUNG,LUNG,2.0957136613096,5.750780365777005,True
ENSRNOG00000002051,Synj1,NP_445928.2,0.39285714285714296,0.706718204425341,CORTEX,CORTEX,4.836758939393103,3.852739663520151,True
ENSRNOG00000020881,Frmd8,NP_001008349.1,0.39285714285714296,0.519424177175415,WAT-SC,KIDNEY,3.7230988578065394,3.9190789203439285,False
ENSRNOG00000016352,Cbfa2t2,NP_001162014.1,0.39285714285714296,0.43084122578631856,LUNG,LUNG,1.7915019323643642,3.6097707180574363,True
ENSRNOG00000014664,Virma,NP_001101385.1,0.39285714285714296,0.5962571746148544,LUNG,LIVER,2.1479348158521967,5.533796930450118,False
ENSRNOG00000003424,Elac2,NP_758829.1,0.39285714285714296,0.2437129660392464,WAT-SC,LIVER,0.6744608903954186,4.231218487177438,False
ENSRNOG00000034007,Nr3c2,NP_037263.1,0.3571428571428572,0.12746285827693002,KIDNEY,KIDNEY,1.66695268982317,3.9160943341310137,True
ENSRNOG00000051051,Pabir1,NP_001014051.1,0.3571428571428572,0.6620027207554403,KIDNEY,LIVER,1.4929484336765735,3.7882863977155212,False
ENSRNOG00000005015,Rabep1,NP_061997.1,0.3571428571428572,0.0709816088027713,CORTEX,LUNG,2.0986152788196133,3.9826826971848446,False
ENSRNOG00000003063,Phka1,NP_072148.2,0.3571428571428572,0.6906608966771193,SKM-GN,SKM-GN,6.515075934922965,7.716235124173707,True
ENSRNOG00000054582,Hbb-bs,NP_001104739.1,0.3571428571428572,0.5468259581142648,LUNG,KIDNEY,2.156639136722813,5.199874515023005,False
ENSRNOG00000018333,Rbm6,NP_001101656.1,0.3571428571428572,0.5392024465933609,LUNG,LIVER,1.7180817843650464,6.900397047793853,False
ENSRNOG00000002671,Nme2,NP_114021.2,0.3571428571428572,0.1410536240886598,HEART,WAT-SC,1.5066132674419555,4.1337114563180535,False
ENSRNOG00000020284,Prkar2a,NP_062137.1,0.3571428571428572,0.4238334181106,SKM-GN,KIDNEY,2.0089602575445866,4.068988887873511,False
ENSRNOG00000006832,Zdhhc5,NP_001034427.1,0.3571428571428572,0.37804832282152506,KIDNEY,KIDNEY,0.9030822821275253,2.930999252180743,True
ENSRNOG00000027487,Trim28,NP_446368.1,0.3571428571428572,0.6180987888620465,LUNG,LIVER,1.4818923698080209,4.1755448146818175,False
ENSRNOG00000002807,Septin9,NP_114025.2,0.3571428571428572,0.7241037428651107,LUNG,WAT-SC,3.305451406081807,5.853427183027833,False
ENSRNOG00000019240,Ampd2,NP_001095151.1,0.3571428571428572,0.545694720325218,KIDNEY,LIVER,3.6976946816649323,5.291234997547139,False
ENSRNOG00000021027,Dbp,NP_036675.1,0.3571428571428572,0.7774419475982598,CORTEX,WAT-SC,1.8502366310134493,4.031050410611593,False
ENSRNOG00000029490,Znf768,XP_006223574.1,0.3571428571428572,0.310724939686153,SKM-GN,HEART,1.4201218188985587,3.000485027313734,False
ENSRNOG00000002644,Utp18,NP_001128511.1,0.3571428571428572,0.3765871729618896,KIDNEY,KIDNEY,2.0311150718136717,5.116817613817947,True
ENSRNOG00000011203,Farp1,NP_001100757.1,0.3571428571428572,0.3126323288407919,LUNG,CORTEX,4.0164562854931525,5.031491624137924,False
ENSRNOG00000002001,Itsn1,NP_001129568.1,0.3571428571428572,0.06362135320785468,CORTEX,LIVER,1.6603227472796585,3.7474203938971646,False
ENSRNOG00000012204,LOC100294508,NP_001153127.1,0.3571428571428572,0.4598315940329804,LUNG,KIDNEY,1.1525177253003465,3.425441710797792,False
ENSRNOG00000010795,Cnot4,NP_001032871.1,0.3571428571428572,0.25210411786504217,LUNG,KIDNEY,1.28961695195986,2.4996697715528793,False
ENSRNOG00000037998,Snw1,NP_001102749.1,0.3571428571428572,0.41614481358200633,LUNG,LIVER,1.219978878476411,6.2886238615854895,False
ENSRNOG00000002271,Slain2,XP_006250960.1,0.3571428571428572,0.4636415776212132,HEART,WAT-SC,2.458763227027971,3.464419075230876,False
ENSRNOG00000001762,Pcyt1a,NP_511177.2,0.3571428571428572,0.33071774150487715,HEART,WAT-SC,1.4316305430942675,5.24258111517462,False
ENSRNOG00000048264,H4f3,XP_001072089.1,0.3571428571428572,0.5465727454169,WAT-SC,WAT-SC,1.5669723739630952,3.560563150367189,True
ENSRNOG00000009039,Trappc12,XP_001071807.1,0.3571428571428572,0.5524707898624136,CORTEX,KIDNEY,1.7019355056421621,5.520471405550145,False
ENSRNOG00000020889,Nucb1,NP_445915.1,0.3214285714285715,0.5226457040547511,WAT-SC,LIVER,2.5821610006176687,4.088218354863044,False
ENSRNOG00000016448,Eef2k,NP_037079.1,0.3214285714285715,0.5124032775660673,SKM-GN,WAT-SC,3.0193837850688103,6.1456470574433535,False
ENSRNOG00000030157,Dhx16,NP_997661.1,0.3214285714285715,0.6206523717684929,LUNG,LIVER,1.4178072623750566,2.966581323310158,False
ENSRNOG00000050343,Jmy,XP_003753569.1,0.3214285714285715,0.5280865980777822,LUNG,LUNG,1.424325155137018,2.7207928130758043,True
ENSRNOG00000031168,Arhgap15,NP_001013939.1,0.3214285714285715,0.4727468161003933,LUNG,WAT-SC,1.8765912386404047,4.403063664459983,False
ENSRNOG00000006980,Vcpip1,NP_789827.3,0.3214285714285715,0.5098011393277362,CORTEX,LIVER,1.7849637309293973,4.053431807505762,False
ENSRNOG00000005802,Usp24,NP_001258135.1,0.3214285714285715,0.46213830595010286,SKM-GN,KIDNEY,1.3845388148539195,2.8526694134961073,False
ENSRNOG00000005801,Stx17,NP_663775.1,0.3214285714285715,0.6279603719923067,LUNG,LIVER,1.3667220956381267,3.8732266064410936,False
ENSRNOG00000019579,Edc3,XP_001072079.1,0.3214285714285715,0.5058604324366552,LUNG,LUNG,1.6154737759656674,3.6831681989730374,True
ENSRNOG00000007485,Arfgef2,NP_851597.2,0.3214285714285715,0.7964424647724285,KIDNEY,LIVER,2.3933101125388703,5.794361187501277,False
ENSRNOG00000015474,Nelfa,NP_001008340.1,0.3214285714285715,0.21370704897012813,LUNG,LIVER,2.4009014548436967,4.976755085097896,False
ENSRNOG00000012944,Casp9,NP_113820.1,0.3214285714285715,0.28436489778953294,CORTEX,KIDNEY,3.4678071351235977,4.28627796373617,False
ENSRNOG00000001139,Suds3,XP_001080131.2,0.3214285714285715,0.40393554505680657,CORTEX,WAT-SC,1.9395683767758616,3.5427017024841705,False
ENSRNOG00000010748,Mtus1,XP_006253242.1,0.3214285714285715,0.4592305295757709,HEART,WAT-SC,3.248789926155368,7.501856059654397,False
ENSRNOG00000029572,Apeh,NP_036632.1,0.3214285714285715,0.19554111961948328,WAT-SC,WAT-SC,2.102148118546186,3.5129244818889767,True
ENSRNOG00000051490,Plcg1,NP_037319.1,0.3214285714285715,0.6718295390967653,LUNG,LUNG,3.985198497961723,4.387554537152752,True
ENSRNOG00000020438,Prpf38b,NP_001019476.1,0.3214285714285715,0.37068534544639836,LUNG,KIDNEY,2.297359393610644,6.63899861842018,False
ENSRNOG00000015633,Cul3,NP_001100393.1,0.3214285714285715,0.39890194028046805,SKM-GN,KIDNEY,1.150092327147183,1.7795563424364067,False
ENSRNOG00000001868,Crkl,NP_001008285.1,0.3214285714285715,0.43137642363546863,LUNG,LUNG,1.279067700471602,4.128665047854122,True
ENSRNOG00000003821,Rptor,NP_001127971.2,0.3214285714285715,0.5148662922420877,CORTEX,LIVER,1.529532155857786,2.4560236307911802,False
ENSRNOG00000003946,Tor1aip1,NP_659560.2,0.3214285714285715,0.6032761863059894,LUNG,LIVER,1.5457938697753848,5.052538181805085,False
ENSRNOG00000012314,Slirp,NP_001102977.1,0.3214285714285715,0.2267304697704796,HEART,KIDNEY,0.8284094254814756,6.412069842113929,False
ENSRNOG00000010068,Plpp7,NP_001012349.1,0.3214285714285715,0.4925113819483643,SKM-GN,HEART,5.246799565852752,3.0650854853964353,False
ENSRNOG00000009300,Tlk1,XP_008760118.1,0.3214285714285715,0.4926398642966982,CORTEX,LUNG,2.4241356415922346,3.888473879226506,False
ENSRNOG00000016090,Mtmr10,NP_001094316.1,0.3214285714285715,0.1846778686401923,KIDNEY,LIVER,1.9904765088941727,4.973839390562893,False
ENSRNOG00000020056,Retreg3,NP_001129276.1,0.3214285714285715,0.5816567730155099,LUNG,LIVER,1.8507202519669335,4.602352255506169,False
ENSRNOG00000029028,Mknk2,NP_001011985.1,0.3214285714285715,0.6468435337589328,WAT-SC,LIVER,2.9894085850779035,4.431309691625538,False
ENSRNOG00000050543,Safb,NP_071789.2,0.3214285714285715,0.372735538367263,LUNG,LUNG,1.5430730019001357,3.7995972850424087,True
ENSRNOG00000052111,Sugp1,NP_001011920.1,0.3214285714285715,0.16322096686022539,LUNG,LUNG,1.4079528880600742,3.3271870208675285,True
ENSRNOG00000046990,Cpne1,XP_008760636.1,0.3214285714285715,0.45071098653678254,LUNG,KIDNEY,2.8009863802891,4.23989599709261,False
ENSRNOG00000013251,Trim24,NP_001037731.1,0.3214285714285715,0.42914424460024997,LIVER,KIDNEY,1.2231909625100972,3.6927583510145676,False
ENSRNOG00000055524,Trip10,NP_446372.1,0.3214285714285715,0.5982601287623635,SKM-GN,WAT-SC,3.520870369740525,5.701344449706679,False
ENSRNOG00000002708,Phf8,NP_001101723.1,0.3214285714285715,0.49477863758001794,LUNG,LUNG,2.5471802889956967,2.579470422006744,True
ENSRNOG00000058733,Asap1,NP_001037710.1,0.3214285714285715,0.573466676790144,CORTEX,LIVER,3.5427968457295687,5.296024146281176,False
ENSRNOG00000013774,Lmnb1,NP_446357.1,0.3214285714285715,0.1415517306575063,LUNG,WAT-SC,1.7738007724873484,3.645033063846799,False
ENSRNOG00000042261,Hdgf,NP_446159.1,0.3214285714285715,0.1630240058891855,LUNG,LIVER,1.6568337364389265,5.59101882513416,False
ENSRNOG00000023150,Gpi,NP_997475.1,0.3214285714285715,0.3388653175700506,SKM-GN,SKM-GN,2.2644244772011772,3.193948434561757,True
ENSRNOG00000009071,Gripap1,NP_446259.1,0.3214285714285715,0.17392875172669248,CORTEX,WAT-SC,2.5559940277756983,2.950884445143803,False
ENSRNOG00000058050,Bclaf1,NP_001041317.2,0.3214285714285715,0.31404642985238485,LUNG,LIVER,1.7654174015425097,4.839917068527752,False
ENSRNOG00000009057,Sec62,NP_001029301.1,0.3214285714285715,0.45778225303693115,KIDNEY,LIVER,2.617999466542628,6.94671062800999,False
ENSRNOG00000022323,Tcea1,NP_001020906.1,0.3214285714285715,0.38702742747185737,WAT-SC,LIVER,1.587511162212781,6.8511571993296885,False
ENSRNOG00000008067,Rcor1,NP_001292392.1,0.3214285714285715,0.32431219250187565,LUNG,LIVER,1.9281358628513512,5.399959005580291,False
ENSRNOG00000011382,Wdr33,NP_001100868.2,0.3214285714285715,0.36828889515965535,KIDNEY,LIVER,1.803286928634936,3.8753596903714245,False
ENSRNOG00000005108,Wfs1,NP_114011.1,0.3214285714285715,0.5312274478565123,CORTEX,CORTEX,3.531739719744955,5.251881067284586,True
ENSRNOG00000001410,Gigyf1,NP_001100603.1,0.28571428571428575,0.4638820746907665,LUNG,KIDNEY,1.9897574556360622,2.906068530647482,False
ENSRNOG00000049783,Rcor1,NP_001292392.1,0.28571428571428575,0.31898305385799103,WAT-SC,LIVER,2.5147506915712614,5.399959005580291,False
ENSRNOG00000000397,Ccar1,NP_001102005.1,0.28571428571428575,0.40363701196130675,LUNG,KIDNEY,1.6129088651104784,5.168590152604658,False
ENSRNOG00000029360,Serinc1,NP_891996.1,0.28571428571428575,0.3068960866574234,CORTEX,KIDNEY,2.097221477176734,1.8666192147959442,False
ENSRNOG00000010536,Nr2c2,NP_059019.1,0.28571428571428575,0.36392943190961197,CORTEX,LUNG,1.7812846751748368,3.5200750215619125,False
ENSRNOG00000001190,Git2,NP_001005553.1,0.28571428571428575,0.36294027147497687,LUNG,LUNG,2.9378354795102224,5.293506425044738,True
ENSRNOG00000058862,Pnpla7,NP_653339.2,0.28571428571428575,0.6420065551488576,LIVER,LIVER,1.1451441921208523,4.47489297943239,True
ENSRNOG00000009963,Ctps1,NP_001128345.1,0.28571428571428575,0.01468330135735332,LUNG,HEART,3.06396624241801,2.274710813962548,False
ENSRNOG00000018719,Cir1,NP_001007800.1,0.28571428571428575,0.3772973716730122,LUNG,LUNG,1.0013963049698624,4.1719259520677365,True
ENSRNOG00000049913,Cpne1,XP_008760636.1,0.28571428571428575,0.36315472262234544,LUNG,KIDNEY,1.4740927199823357,4.23989599709261,False
ENSRNOG00000010479,Mycbp2,NP_001099525.2,0.28571428571428575,0.40460423283678854,CORTEX,WAT-SC,3.0904033061692147,4.577760091667116,False
ENSRNOG00000010299,Eps15,NP_001009424.1,0.28571428571428575,0.5091666440896976,LUNG,WAT-SC,2.269695864590857,3.765340710380274,False
ENSRNOG00000010369,Dhx29,XP_002725935.1,0.28571428571428575,0.012126383092799998,LUNG,LIVER,0.9111867345568134,3.341682837997334,False
ENSRNOG00000023176,Kidins220,NP_446247.1,0.28571428571428575,0.6241576386320172,CORTEX,KIDNEY,3.0634802194484934,4.954678743761011,False
ENSRNOG00000053285,Mllt6,XP_017453190.1,0.28571428571428575,0.2454892978131744,CORTEX,KIDNEY,3.166019662894584,3.397203795941824,False
ENSRNOG00000005263,Scaf11,NP_001258099.1,0.28571428571428575,0.5357298524876367,LUNG,LIVER,1.3567022324521396,4.648542562772984,False
ENSRNOG00000000663,Tfip11,NP_001008292.1,0.28571428571428575,0.43965229903368536,LUNG,LIVER,1.7085520864779662,4.236862095478138,False
ENSRNOG00000011523,Macroh2a1,NP_058878.1,0.28571428571428575,0.5643708115982241,LUNG,LUNG,1.9447357237734382,2.590780913102548,True
ENSRNOG00000047134,Gtf2f1,NP_001007712.1,0.28571428571428575,0.4245308510211719,CORTEX,KIDNEY,2.1642053492968505,6.442473999891658,False
ENSRNOG00000020673,Pbxip1,NP_001094446.1,0.28571428571428575,0.3740865910607998,LUNG,KIDNEY,2.0202549440544004,3.5485551331471163,False
ENSRNOG00000004146,Coro7,NP_001178568.1,0.28571428571428575,0.416884064930642,CORTEX,KIDNEY,2.558975088832864,5.021179938030414,False
ENSRNOG00000009156,Tra2a,NP_001119768.2,0.28571428571428575,0.39271551455552517,LUNG,LUNG,2.2638328013924265,5.134745112037068,True
ENSRNOG00000001847,Ccdc91,NP_001014083.1,0.28571428571428575,0.07758724452246216,SKM-GN,LUNG,1.5860741360472295,3.0269092935081994,False
ENSRNOG00000022812,Ercc5,XP_006226927.1,0.28571428571428575,0.4444778075350094,LUNG,LIVER,1.2226770363126973,4.584364966918377,False
ENSRNOG00000019723,Cpne1,XP_008760636.1,0.28571428571428575,0.4476424678829435,LUNG,KIDNEY,1.8930049802656392,4.23989599709261,False
ENSRNOG00000002750,Rc3h1,XP_002724928.1,0.28571428571428575,0.6706449487009137,LUNG,WAT-SC,1.7048118677363462,2.419904018450914,False
ENSRNOG00000021185,Bola1,NP_001065244.1,0.28571428571428575,0.15835440329401346,KIDNEY,LIVER,1.1244314375690152,2.6861286166028,False
ENSRNOG00000059087,Dync1li1,NP_665715.1,0.28571428571428575,0.22590292010466725,CORTEX,CORTEX,0.836383804469012,4.202189096782657,True
ENSRNOG00000010881,Trak2,NP_598244.2,0.28571428571428575,0.3114076713335282,CORTEX,HEART,3.2420363416459423,2.724071419374724,False
ENSRNOG00000057116,Pex19,NP_001100845.1,0.28571428571428575,0.09568789147745396,WAT-SC,LIVER,1.559490486611085,4.0777865502367145,False
ENSRNOG00000014051,Pgrmc2,NP_001008375.1,0.28571428571428575,0.46213792200156073,WAT-SC,LIVER,2.3929823324173958,5.290029674384878,False
ENSRNOG00000059458,Tbc1d22b,NP_001020230.1,0.28571428571428575,0.510219907901028,LUNG,CORTEX,2.3143025614246637,3.7278880650744513,False
ENSRNOG00000022066,Fam117b,NP_001102267.1,0.28571428571428575,0.7327044248700209,LUNG,KIDNEY,3.488450750740277,4.818421091875408,False
ENSRNOG00000021265,Cds2,NP_446095.1,0.28571428571428575,0.47465162065915023,CORTEX,KIDNEY,3.202364097438274,6.9212074343227155,False
ENSRNOG00000045568,Rbm14,NP_596879.1,0.28571428571428575,0.6800447079081343,LUNG,LIVER,2.2851373018068672,4.653500867197036,False
ENSRNOG00000019666,Ubxn1,XP_006231037.2,0.28571428571428575,0.24787469178549437,SKM-GN,LIVER,1.0029467809669583,2.9013676920144675,False
ENSRNOG00000007982,Slc9a1,NP_036784.1,0.28571428571428575,0.7806322046325925,WAT-SC,KIDNEY,3.04209873168133,5.220032218737676,False
ENSRNOG00000016698,Rnmt,NP_001008300.1,0.28571428571428575,0.13406816633778207,CORTEX,KIDNEY,1.4149024101182244,3.434076251416716,False
ENSRNOG00000042915,Mxra7,XP_001074923.3,0.28571428571428575,0.25884924489664024,LUNG,WAT-SC,2.462199827138769,2.157538488002989,False
ENSRNOG00000051440,Ppp1r12b,NP_001100648.1;XP_008767783.1,0.28571428571428575,0.32979466483451453,HEART,HEART,4.129756008120231,5.160314937113652,True
ENSRNOG00000024616,Tsc22d4,NP_001037749.1,0.28571428571428575,0.38746894691588424,HEART,HEART,4.215804333444707,3.9760368329219347,True
ENSRNOG00000046920,Snip1,NP_001014091.1,0.28571428571428575,0.3106921657451134,LUNG,LIVER,1.5669084759970136,3.894604832633113,False
ENSRNOG00000007172,Map4k3,NP_596898.1,0.28571428571428575,0.13347999273659938,LUNG,LIVER,2.339087024240249,3.298232526594556,False
ENSRNOG00000014765,Vapa,NP_113819.3,0.28571428571428575,-0.06192322069108601,LUNG,LIVER,0.8216002116895265,4.197657337905924,False
ENSRNOG00000009568,Hdac1,NP_001020580.1,0.28571428571428575,0.5287154153796216,LUNG,LIVER,3.494625344691198,6.3430159981850025,False
ENSRNOG00000004458,Ston2,NP_001129346.1,0.28571428571428575,0.28073516424596845,LUNG,LUNG,3.073172613495248,2.364880913172724,True
ENSRNOG00000008711,Med24,NP_001029251.1,0.28571428571428575,0.016211318843825703,CORTEX,LUNG,1.9542131839679735,3.497596245593862,False
ENSRNOG00000024025,Edc4,NP_001028240.3,0.25,0.33054736905942755,CORTEX,LUNG,1.8785743748374504,3.3291780591223294,False
ENSRNOG00000010765,Vcl,NP_001100718.1,0.25,0.387115360172859,LUNG,KIDNEY,3.3355045888358346,6.416834309349337,False
ENSRNOG00000012470,Zc3h12c,NP_001101616.1,0.25,0.29956946516809313,LUNG,LUNG,1.9246256199122844,4.561430794977713,True
ENSRNOG00000025815,Cdr2l,XP_001081680.3,0.25,0.43569904889919064,LUNG,WAT-SC,2.9810295239363267,3.646849977066669,False
ENSRNOG00000013746,Senp3,NP_001013134.2,0.25,0.5440371922415143,CORTEX,LUNG,1.3654141692335315,6.941358883607702,False
ENSRNOG00000025730,Armcx3,NP_001014295.1,0.25,0.07018639625408471,CORTEX,HEART,3.40601891785219,3.985046055385448,False
ENSRNOG00000001303,Specc1l,NP_001034544.1,0.25,0.6672911925123793,LUNG,LUNG,2.9877327611821993,4.871739473758852,True
ENSRNOG00000011262,Bicra,NP_001099696.2,0.25,0.2545390877720974,LUNG,LUNG,2.053986593265975,2.6310624062463677,True
ENSRNOG00000011653,Washc2c,NP_954677.1,0.25,0.4319210080217826,CORTEX,LIVER,1.9017407825486314,5.212868118123501,False
ENSRNOG00000020417,Gsk3a,NP_059040.1,0.25,0.2617662425241493,CORTEX,CORTEX,2.6963878621503516,5.780116771797848,True
ENSRNOG00000051720,Nudc,NP_058967.1,0.25,0.6227023211369328,LUNG,LIVER,1.4196310487875046,5.064128598017043,False
ENSRNOG00000001709,Ap2m1,NP_446289.1,0.25,0.3228782424434363,CORTEX,LIVER,2.7807791867817215,4.251020438756759,False
ENSRNOG00000012799,Prkaa1,NP_062015.2,0.25,0.4214801930711973,LUNG,LIVER,1.5517583805430721,4.05096527813042,False
ENSRNOG00000016251,Dnaja2,NP_114468.2,0.25,0.1450445315055188,CORTEX,KIDNEY,0.8749162546282223,1.9688730616971273,False
ENSRNOG00000017583,Mapkap1,NP_001011964.1,0.25,0.32904142443761997,LUNG,LIVER,1.5272159541077839,3.4367298449908392,False
ENSRNOG00000020075,Eef1g,NP_001004223.1,0.25,0.09914058209537478,WAT-SC,KIDNEY,1.8342441717376232,3.7981962752186527,False
ENSRNOG00000009977,Thrap3,NP_001009693.1,0.25,0.2657149541006578,LUNG,LIVER,1.5859083067639776,7.028015199376686,False
ENSRNOG00000028629,Akt1,NP_150233.1,0.25,0.3156597468642654,WAT-SC,HEART,1.1826575277305462,3.7471099947793807,False
ENSRNOG00000018818,Txnl1,NP_543163.1,0.25,0.15656292379137451,HEART,KIDNEY,0.44857336884646415,2.928326366642882,False
ENSRNOG00000018295,Ccar2,NP_001163943.1,0.25,0.503687373673601,CORTEX,LUNG,1.9383489841413928,6.255032092921346,False
ENSRNOG00000013659,Tex2,XP_006220934.1,0.25,0.21644404161687153,KIDNEY,LIVER,1.6903505174881577,2.946741606984565,False
ENSRNOG00000027962,Smg7,NP_001178478.1,0.25,0.2511273023543658,CORTEX,LUNG,1.4607556798878898,2.8571324101258577,False
ENSRNOG00000058561,Srrm2,NP_001264083.1,0.25,0.25667250943602343,LUNG,LIVER,1.855340830053601,5.09980130340575,False
ENSRNOG00000010154,Zc3hc1,NP_001120765.1,0.25,0.44065701828694737,LUNG,LUNG,1.0219910898678526,4.098355233078701,True
ENSRNOG00000018000,Ranbp10,NP_001129347.1,0.21428571428571433,0.2955955113146948,LIVER,WAT-SC,0.7912075693492522,2.1495497877285223,False
ENSRNOG00000057556,Pdzrn3,NP_001258180.1,0.21428571428571433,0.22620266279060003,SKM-GN,HEART,3.079242519809628,2.8657431756828253,False
ENSRNOG00000021263,Tmem230,NP_001041508.1,0.21428571428571433,0.21046488249571138,LUNG,LIVER,1.131155049276587,2.795874738007069,False
ENSRNOG00000009310,Nmd3,NP_001101152.1,0.21428571428571433,0.12316372416836388,HEART,LIVER,1.234403123275107,3.9526609180132697,False
ENSRNOG00000021269,Chgb,NP_036658.2,0.21428571428571433,0.8201420237047596,CORTEX,CORTEX,8.655207174682175,8.359311275887372,True
ENSRNOG00000014173,Smc3,NP_113771.2,0.21428571428571433,0.3695423862265349,LUNG,LUNG,2.297655197850249,6.295310915344067,True
ENSRNOG00000011195,Prkra,NP_001019951.1,0.21428571428571433,0.3158658004818379,KIDNEY,LIVER,2.891492864951369,6.546944599787485,False
ENSRNOG00000019164,Uba1,NP_001014102.1,0.21428571428571433,-0.09406144770983331,CORTEX,LIVER,1.0753158871093929,3.957396765977352,False
ENSRNOG00000018406,Wipf1,NP_476540.2,0.21428571428571433,0.29874123437128397,LUNG,KIDNEY,3.578216185750669,3.9259070864518986,False
ENSRNOG00000011237,Zc3h13,NP_001163942.1,0.21428571428571433,0.34466422604494507,LUNG,LIVER,2.251585492790502,4.473943701317743,False
ENSRNOG00000024907,Tnrc6b,NP_620200.2,0.21428571428571433,0.16904086628785447,LUNG,LUNG,1.2196395722760967,3.4018092669268487,True
ENSRNOG00000008190,Pnpla7,NP_653339.2,0.21428571428571433,0.6592537516662363,LIVER,LIVER,3.2486619110633654,4.47489297943239,True
ENSRNOG00000018975,Atg9a,NP_001014240.1,0.21428571428571433,0.05671829820892742,CORTEX,LIVER,1.0795028713404609,2.3382968328760194,False
ENSRNOG00000058898,Nedd4,NP_037118.1,0.21428571428571433,0.33691125940620853,WAT-SC,WAT-SC,2.1416413613872223,2.367769517107501,True
ENSRNOG00000018878,Ssh3,NP_001012217.1,0.21428571428571433,0.31651351844803555,WAT-SC,KIDNEY,3.142062150801316,6.5274735665736525,False
ENSRNOG00000011175,Hnrnpa2b1,NP_001098083.1,0.21428571428571433,-0.10801727692200523,LUNG,KIDNEY,1.2581050966153384,4.57323477981882,False
ENSRNOG00000023053,Ice1,XP_001062297.2,0.21428571428571433,0.4073785456726008,LUNG,LUNG,1.6969736084091016,4.108354519105346,True
ENSRNOG00000053599,Pogz,XP_008759517.1,0.21428571428571433,-0.016227348999309627,LUNG,KIDNEY,1.7089871493386433,2.0708632676894134,False
ENSRNOG00000008377,Wdtc1,NP_001101378.1,0.21428571428571433,0.08480927058701224,CORTEX,LUNG,0.8977627552448917,3.7470306334985226,False
ENSRNOG00000023393,Nup214,NP_001162031.1,0.21428571428571433,0.20549774557517478,LUNG,LIVER,2.100733392479458,4.749990861817153,False
ENSRNOG00000045695,Rliml1,NP_001020063.1,0.21428571428571433,0.13112045879991863,LUNG,LIVER,1.4793366412262874,4.833820397624349,False
ENSRNOG00000014287,Stk11,NP_001101539.1,0.21428571428571433,0.12521013461663094,CORTEX,HEART,1.2972405510086027,2.9507928175838902,False
ENSRNOG00000005923,Mtmr2,NP_001101593.1,0.21428571428571433,0.009572112819930622,LUNG,LUNG,1.6383719595334751,3.469003410607673,True
ENSRNOG00000002855,Rfc1,NP_445999.1,0.21428571428571433,0.3417202928081265,LUNG,LIVER,1.6399661244573922,7.377024954253372,False
ENSRNOG00000010176,Map2k1,NP_113831.1,0.21428571428571433,0.181392810942449,CORTEX,LUNG,3.202150201429867,3.63212524934274,False
ENSRNOG00000010117,Eif3a,NP_001040552.2,0.21428571428571433,0.015335199973468293,LUNG,LIVER,1.0082718972415234,4.455926229461401,False
ENSRNOG00000047244,Nup214,NP_001162031.1,0.21428571428571433,0.04897943977510479,LUNG,LIVER,1.5984843129126687,4.749990861817153,False
ENSRNOG00000055229,Lnpep,NP_001106874.1,0.21428571428571433,0.16365951430970918,LUNG,KIDNEY,3.949058078159486,3.9150928944029535,False
ENSRNOG00000000495,Uhrf1bp1,XP_002725890.2,0.21428571428571433,0.1666484401925929,LUNG,LUNG,1.9537967520439845,2.889077036810318,True
ENSRNOG00000019766,Exoc8,NP_620612.1,0.21428571428571433,0.5990376773893075,LUNG,LIVER,2.2184665552441656,2.7259914793806703,False
ENSRNOG00000010712,Terf2ip,NP_001013161.1,0.21428571428571433,0.3510101131701978,LUNG,WAT-SC,2.8217614865834624,2.570959071293759,False
ENSRNOG00000051286,Chchd2,NP_001015019.1,0.21428571428571433,0.33880150892633004,KIDNEY,HEART,1.732971164425602,5.669999114220759,False
ENSRNOG00000013516,Sf3b1,NP_445878.1,0.21428571428571433,0.21205361825499763,LUNG,LIVER,1.8660972538290501,5.02184066565248,False
ENSRNOG00000014501,Zfp638,NP_001101338.1,0.21428571428571433,0.4971394226680495,CORTEX,LIVER,1.628515669742912,4.742035534943064,False
ENSRNOG00000011814,Cbx3,NP_001008314.2,0.21428571428571433,0.3469982633500327,CORTEX,KIDNEY,3.476569656894848,5.6014436375067005,False
ENSRNOG00000013841,Dcaf1,NP_001341133.1,0.1785714285714286,0.4239539919257807,LUNG,LIVER,1.296499926396815,2.3947137486952093,False
ENSRNOG00000047756,Mef2a,NP_001014057.1;XP_008757763.1,0.1785714285714286,0.0957221119743385,LUNG,LUNG,2.1848125307947566,3.5121292890123663,True
ENSRNOG00000015888,Larp4b,NP_001100831.1,0.1785714285714286,0.21324165533632955,LUNG,LIVER,0.939099855033894,5.440373377481562,False
ENSRNOG00000014305,Fbxo42,XP_006239315.1,0.1785714285714286,0.23622444751993094,CORTEX,WAT-SC,1.793068745174823,3.814264909361527,False
ENSRNOG00000045911,Mepce,NP_001094148.1,0.1785714285714286,0.08431315941710141,LUNG,LIVER,1.1313383188334192,5.023213597993825,False
ENSRNOG00000029061,Hirip3,XP_006230369.1,0.1785714285714286,0.16579725066169834,LUNG,LIVER,1.4188758650646314,4.298595391317568,False
ENSRNOG00000001453,Baz1b,NP_001178845.1,0.1785714285714286,0.20757500350135022,LUNG,KIDNEY,1.7445010911611911,4.646920736165585,False
ENSRNOG00000013368,Plcl2,NP_001100350.1,0.1785714285714286,0.25707587280831334,CORTEX,LIVER,3.2410904368362883,3.0279551952962316,False
ENSRNOG00000046980,Coro7,NP_001178568.1,0.1785714285714286,0.2735402868742061,CORTEX,KIDNEY,1.8648922405344115,5.021179938030414,False
ENSRNOG00000020763,Snrnp70,XP_006229163.1,0.1785714285714286,0.2009461774039174,LUNG,LIVER,2.3417545318888333,5.447905049845973,False
ENSRNOG00000033556,Spen,NP_001258424.1,0.1785714285714286,0.41992204462261395,LUNG,LIVER,1.9938827936152466,5.099291535748395,False
ENSRNOG00000040257,Chmp2b,XP_001063932.2,0.1785714285714286,0.34308927643020276,LUNG,LIVER,2.1443873938945908,2.9260572384412105,False
ENSRNOG00000021270,Trmt6,NP_001101249.1,0.1785714285714286,0.3095541532383354,WAT-SC,LIVER,1.702087167635061,2.844277321131409,False
ENSRNOG00000024194,Rsf1,XP_001064125.3,0.1785714285714286,0.4743284851284593,LUNG,KIDNEY,1.8830773161041199,4.66141433324781,False
ENSRNOG00000012270,Med26,NP_001100770.2,0.1785714285714286,0.04797797906645439,LUNG,LIVER,1.262355647406698,3.5041122254797252,False
ENSRNOG00000024647,Ppp4r2,NP_001100083.2,0.1785714285714286,0.299629092500247,KIDNEY,LIVER,1.2577717123152805,6.422701675211172,False
ENSRNOG00000011844,Ints12,NP_001007641.1,0.1785714285714286,0.06556631032453018,WAT-SC,KIDNEY,1.6677816214935017,5.443237737636677,False
ENSRNOG00000001843,Bcl6,NP_001100554.1,0.1785714285714286,0.02174500015394695,SKM-GN,KIDNEY,2.177410975904265,2.240122267262054,False
ENSRNOG00000016447,RGD1310553,NP_001008517.1,0.1785714285714286,0.20832586828007266,LUNG,LIVER,0.7201676287163101,4.065623806422402,False
ENSRNOG00000046794,Khdrbs1,NP_569089.1,0.1785714285714286,0.43940043804716344,CORTEX,LIVER,1.753551573267499,4.345117398667599,False
ENSRNOG00000019407,Dmap1,NP_001015006.1,0.1785714285714286,0.04617800511112684,CORTEX,LUNG,1.0094090502255488,4.428382653340597,False
ENSRNOG00000016705,Prpf4b,NP_001011923.1,0.1785714285714286,0.4031302039854045,LUNG,LIVER,2.1525862208849524,5.594951454346557,False
ENSRNOG00000001059,Usp42,NP_001099379.1,0.1785714285714286,0.2735071359400325,LUNG,LIVER,2.2847373539444886,2.6778852359037275,False
ENSRNOG00000049876,Prkar1a,NP_037313.1,0.1785714285714286,0.22652304803215467,HEART,HEART,2.338685374985788,5.9873864132784655,True
ENSRNOG00000010729,Usp8,NP_001099972.1,0.1785714285714286,0.4116118565714786,LUNG,WAT-SC,2.5270678833965228,3.1820581607173244,False
ENSRNOG00000053234,Cnot3,NP_001100941.2,0.1785714285714286,0.20781847457546518,LUNG,LUNG,2.0744496875579905,1.9126846459044349,True
ENSRNOG00000004826,Sos2,NP_001129033.1,0.14285714285714288,0.2699954878299374,LUNG,LUNG,2.3040250526027695,2.164733214729769,True
ENSRNOG00000051560,Camk2g,XP_008768714.1,0.14285714285714288,0.38838466141568795,CORTEX,HEART,0.4415976514708223,4.238123369329109,False
ENSRNOG00000026884,Snx17,NP_001011981.1,0.14285714285714288,0.39459886929653265,WAT-SC,LIVER,1.956460347940832,4.410371207424621,False
ENSRNOG00000047459,H1f4,NP_579819.1,0.14285714285714288,-0.0814028391117384,CORTEX,LIVER,0.27993708855150023,4.337961118903018,False
ENSRNOG00000002989,Nmt1,NP_683689.1,0.14285714285714288,0.24928392856758538,CORTEX,LIVER,0.9975240882102225,5.3216033162173835,False
ENSRNOG00000001616,Senp7,NP_001099358.1,0.14285714285714288,0.46169676490606343,LUNG,LUNG,1.679588855966414,5.265976049496274,True
ENSRNOG00000051238,Mphosph8,NP_001017375.2,0.14285714285714288,0.014311095879587355,CORTEX,LIVER,1.241320694326312,4.073933957580625,False
ENSRNOG00000004426,Rps27a,NP_001292372.1,0.14285714285714288,0.2595810291192768,WAT-SC,WAT-SC,1.6615376272813087,1.4317532893825975,True
ENSRNOG00000048922,Cep170,XP_006221636.1,0.14285714285714288,0.06771980251084689,LUNG,CORTEX,1.0180079919473985,6.483298354149751,False
ENSRNOG00000051170,Ddx17,NP_001015018.1,0.14285714285714288,0.08784934173704685,LUNG,LIVER,2.5658472676581914,5.702048763431659,False
ENSRNOG00000006513,Borcs6,NP_001017474.2,0.14285714285714288,-0.14993540568878377,LUNG,LIVER,1.3587578467104322,2.5889279192993584,False
ENSRNOG00000009355,Ogfr,NP_445792.2,0.14285714285714288,0.4743572603154892,WAT-SC,LIVER,1.4611696272932901,3.279724660958767,False
ENSRNOG00000014852,Fbxo30,NP_001007691.1,0.14285714285714288,0.2834811618168626,HEART,LUNG,1.9403560389296466,3.645513832708601,False
ENSRNOG00000010601,Srpk2,NP_001100045.1,0.14285714285714288,0.24835322966201684,CORTEX,LUNG,3.542004159900583,4.751377330664195,False
ENSRNOG00000021287,Hexim2,NP_001100524.1,0.14285714285714288,-0.07439042096731452,CORTEX,WAT-SC,0.8911033996904805,2.27800381890698,False
ENSRNOG00000001149,Pxn,XP_006249519.1,0.14285714285714288,-0.04815897294162263,LUNG,LUNG,2.36821378805693,5.643707194064082,True
ENSRNOG00000021164,Stip1,NP_620266.1,0.14285714285714288,-0.14162838588449486,CORTEX,LIVER,1.2693739528100911,3.3577991870229567,False
ENSRNOG00000020254,Per2,NP_113866.1,0.14285714285714288,0.4421672524320535,LUNG,LIVER,2.0664571229992053,4.188201991306533,False
ENSRNOG00000010434,Dync1li1,NP_665715.1,0.14285714285714288,-0.11362987426479151,CORTEX,CORTEX,2.068976965386377,4.202189096782657,True
ENSRNOG00000011261,Ttc14,NP_001101136.2,0.14285714285714288,0.3286505468696384,CORTEX,LUNG,2.0501116218083557,2.641532951560012,False
ENSRNOG00000021117,Rps6ka4,NP_001101987.2,0.14285714285714288,0.1866777534642689,LUNG,KIDNEY,1.9046390603590782,3.632368838669955,False
ENSRNOG00000005642,Frs2,NP_001101567.2,0.14285714285714288,0.2518658187138561,CORTEX,LIVER,1.809020716996132,3.5646600190901703,False
ENSRNOG00000020905,Hdac5,NP_445902.1,0.14285714285714288,0.08760530953613956,LUNG,HEART,1.652333771669717,4.292791030568592,False
ENSRNOG00000006697,Pip4p2,NP_001020071.1,0.14285714285714288,0.21571273864588156,CORTEX,HEART,2.099161453302322,3.410600026806203,False
ENSRNOG00000015692,Taok1,NP_775449.1,0.14285714285714288,0.37880792264986507,LUNG,LIVER,1.7493784676263262,4.578579237769153,False
ENSRNOG00000006285,Tlk2,NP_001178581.1,0.14285714285714288,-0.13695217745819943,LUNG,LIVER,1.0292783456776338,2.9057503552143604,False
ENSRNOG00000010103,Eif4b,NP_001008325.1,0.14285714285714288,0.16751004613140905,LUNG,LUNG,1.0639100546393623,3.881127035236778,True
ENSRNOG00000009936,Dido1,XP_006224832.1,0.14285714285714288,0.534297011012686,LUNG,LIVER,2.104797657045941,5.688917464013434,False
ENSRNOG00000007648,Rab11b,NP_116006.1,0.14285714285714288,0.3017753897623773,CORTEX,LUNG,1.732841662645975,2.4229431326349933,False
ENSRNOG00000012550,Uqcrh,NP_001009480.1,0.14285714285714288,0.6372973829976545,HEART,HEART,2.166570326456065,6.828470961584333,True
ENSRNOG00000022586,Cdk9,NP_001007744.1,0.14285714285714288,0.31366790103587355,CORTEX,KIDNEY,1.869803411127112,4.215676366349348,False
ENSRNOG00000057447,Kri1,XP_017459026.1,0.14285714285714288,0.11456592626876667,LUNG,KIDNEY,1.9766001582224622,4.545925944888699,False
ENSRNOG00000019507,Hnrnpul2,NP_001292149.1,0.14285714285714288,0.3483307968516416,LUNG,WAT-SC,1.6836397762903914,5.7534754855968,False
ENSRNOG00000008533,Ago2,NP_067608.1,0.14285714285714288,-0.04774762524067207,LUNG,LUNG,2.294935927733812,2.652441249769132,True
ENSRNOG00000012918,Mtmr6,XP_006252173.1,0.14285714285714288,0.11548793397429813,KIDNEY,WAT-SC,2.153815216225463,2.8826369064502138,False
ENSRNOG00000002104,Scaf4,NP_001032424.2,0.10714285714285716,0.16892140695935423,LUNG,LIVER,1.8561510572462687,4.920680990801432,False
ENSRNOG00000003848,Med12,NP_001180221.1,0.10714285714285716,0.4065999328958119,LUNG,LIVER,1.9297413322745802,5.13066277963781,False
ENSRNOG00000001387,Mepce,NP_001094148.1,0.10714285714285716,0.06832391770180861,LUNG,LIVER,1.189837288714327,5.023213597993825,False
ENSRNOG00000019181,Synpo,XP_017456504.1,0.10714285714285716,-0.016377982847144982,CORTEX,HEART,3.7875652838897604,10.07520782923821,False
ENSRNOG00000018795,Rpl18a,NP_997675.1,0.10714285714285716,0.031922019460576025,WAT-SC,LIVER,1.6521522634757595,4.517407416856853,False
ENSRNOG00000018698,Wac,NP_001257346.1,0.10714285714285716,0.136245555488514,LUNG,LIVER,1.1836455362401486,5.183378834429649,False
ENSRNOG00000006929,Hnrnpll,XP_001063027.2,0.10714285714285716,0.3373646234995814,LUNG,WAT-SC,1.4107543241041474,5.5146274094354215,False
ENSRNOG00000009183,Szrd1,NP_001108071.1,0.10714285714285716,0.43870879742143065,LUNG,LIVER,1.4313853831749705,2.6218374514706806,False
ENSRNOG00000028501,Zc3h18,NP_958819.1,0.10714285714285716,0.34244750500314214,LUNG,LIVER,1.3491770253370987,7.578444554397194,False
ENSRNOG00000008578,Cdk16,NP_001004132.1,0.10714285714285716,-0.08715158108386026,CORTEX,LUNG,2.6449811953121793,1.3741946601825852,False
ENSRNOG00000007219,LOC100362895,NP_786937.1,0.10714285714285716,0.43446425477580647,CORTEX,LIVER,3.7415856959863216,9.292824950855076,False
ENSRNOG00000018232,Srf,NP_001102772.1,0.10714285714285716,0.2518332521896687,LUNG,LUNG,2.127987450815697,4.032426022531617,True
ENSRNOG00000030124,Ptpn11,NP_001171064.1,0.10714285714285716,0.19928783680860368,CORTEX,HEART,2.5672950889933324,3.7283944073967623,False
ENSRNOG00000006985,Ccnk,NP_001103142.1,0.10714285714285716,-0.06283892517907122,LUNG,LUNG,0.876314528765306,4.284009604416487,True
ENSRNOG00000042929,LOC100361087,NP_001177388.1,0.10714285714285716,0.04925247789598527,CORTEX,LIVER,4.734367479510633,4.991975408498215,False
ENSRNOG00000019262,Trak1,NP_001128037.1,0.10714285714285716,0.4481418907477584,HEART,HEART,2.322182255261696,2.8724701836527204,True
ENSRNOG00000016011,Plekhg1,NP_001177928.1,0.10714285714285716,0.4274359321093889,LUNG,LIVER,3.3174074089490047,5.687677075177901,False
ENSRNOG00000004629,Fkbp3,NP_001100206.2,0.10714285714285716,0.09317573942967565,SKM-GN,KIDNEY,3.1212551316423345,2.1861083365303577,False
ENSRNOG00000010580,Acot7,NP_037346.2,0.10714285714285716,0.043725671464107704,CORTEX,LIVER,3.2458328010386506,5.007702149729807,False
ENSRNOG00000001456,Nup153,NP_001093940.1,0.10714285714285716,0.1397685038419117,LUNG,LIVER,1.7374484002787778,4.210960820722194,False
ENSRNOG00000060629,Hbb-b1,NP_942071.1,0.10714285714285716,0.39722634048888655,LUNG,KIDNEY,0.7535429081808708,7.417384517521009,False
ENSRNOG00000011280,Mllt3,NP_446170.1,0.10714285714285716,-0.0595815251321637,LUNG,LUNG,2.2219336645175742,2.7333509578732906,True
ENSRNOG00000025295,Mavs,NP_001005556.1,0.10714285714285716,0.2622137490581303,HEART,LIVER,2.5046579774634523,3.408834941288788,False
ENSRNOG00000006180,Pum2,NP_001100185.1,0.10714285714285716,0.2370398913216966,CORTEX,LIVER,1.6485566091195025,4.487919000734174,False
ENSRNOG00000012378,Dbnl,NP_001264140.1,0.10714285714285716,0.6022011511653806,LUNG,HEART,3.025814785891332,4.781654419929678,False
ENSRNOG00000018550,Ncbp3,NP_001101751.1,0.07142857142857144,0.41136696672206047,LUNG,LIVER,2.2463744848555183,5.286302417090242,False
ENSRNOG00000011425,Ptpn3,XP_001055793.1,0.07142857142857144,-0.052221702877018175,HEART,LIVER,2.223257216302984,4.227076885187695,False
ENSRNOG00000022572,Pex19,NP_001100845.1,0.07142857142857144,0.045918492511212834,HEART,LIVER,1.0067638067652016,4.0777865502367145,False
ENSRNOG00000001849,Mapk1,NP_446294.1,0.07142857142857144,0.022578544592327374,CORTEX,LUNG,2.584801434300437,2.8815510875711823,False
ENSRNOG00000003247,Sde2,NP_001020141.2,0.07142857142857144,0.24481024044493419,LUNG,LIVER,1.281450565867976,5.3054343605430745,False
ENSRNOG00000002851,Fam104a,NP_001030130.2,0.07142857142857144,0.08194773459509747,LUNG,LIVER,1.3149313844611115,5.399943408627198,False
ENSRNOG00000029966,Xrcc4,NP_001007000.1,0.07142857142857144,0.1709402699211235,CORTEX,HEART,1.0647557175091955,4.8221816427939,False
ENSRNOG00000002824,Rliml1,NP_001020063.1,0.07142857142857144,0.23743470110960127,LUNG,LIVER,1.7845149915463798,4.833820397624349,False
ENSRNOG00000017730,Psmd1,NP_114184.1,0.07142857142857144,-0.23672529470200157,HEART,LIVER,0.6000197732183672,4.176366874217859,False
ENSRNOG00000042068,Otud7b,NP_001101167.1,0.07142857142857144,-0.10268365137346583,LUNG,LIVER,2.27299014722193,2.2896298834933044,False
ENSRNOG00000048985,Strap,NP_001011969.1,0.07142857142857144,0.3613190798947283,HEART,HEART,1.0033816340001,2.194350025782012,True
ENSRNOG00000034246,Rps27a-ps1,NP_001292372.1,0.07142857142857144,0.2953099822659828,WAT-SC,WAT-SC,1.6945202388448575,1.4317532893825975,True
ENSRNOG00000005417,Zhx2,NP_001257985.1,0.07142857142857144,0.08095260040633477,LUNG,LIVER,1.0249802732273494,3.085405260225246,False
ENSRNOG00000004923,Map4k5,NP_001178945.1,0.07142857142857144,-0.15515396312123797,LUNG,LIVER,1.2071356836638953,3.3800921203688112,False
ENSRNOG00000006785,Dcaf8,NP_001014253.1,0.07142857142857144,-0.06428723049998106,WAT-SC,KIDNEY,0.6015090023621266,4.864186551712415,False
ENSRNOG00000047761,Zfp326,XP_008762849.2,0.07142857142857144,0.1804597875231201,LUNG,LIVER,1.4768388143304763,3.189844909999834,False
ENSRNOG00000003536,Rufy1,NP_001094197.1,0.07142857142857144,0.41658751314476733,LUNG,WAT-SC,1.5725318168110753,5.186489746566651,False
ENSRNOG00000059714,Hsp90aa1,NP_786937.1,0.07142857142857144,0.5834111102869917,CORTEX,LIVER,4.576506384742502,9.292824950855076,False
ENSRNOG00000020660,Cfl1,NP_058843.1,0.03571428571428572,0.3068379873780804,CORTEX,LIVER,4.551385950082387,7.063910893436146,False
ENSRNOG00000016596,Hspa4,NP_705893.1,0.03571428571428572,0.19339333603692369,KIDNEY,WAT-SC,1.4563653834963386,3.4958713267729724,False
ENSRNOG00000001185,RGD1311899,NP_001009630.1,0.03571428571428572,-0.1636967251159332,CORTEX,LUNG,3.528353885429615,2.2739533134428296,False
ENSRNOG00000004621,Rtn4,NP_114019.1,0.03571428571428572,0.12381644935551812,CORTEX,CORTEX,4.405866662657658,4.9447837158436725,True
ENSRNOG00000054400,Sh3bp5l,NP_001121053.1,0.03571428571428572,0.2411088337793225,CORTEX,LUNG,1.84988475920186,3.9518791394813655,False
ENSRNOG00000001886,Dgcr8,NP_001099335.1,0.03571428571428572,0.24793270611875615,LUNG,LIVER,1.7338459101305226,5.941001994549193,False
ENSRNOG00000002116,Rplp2,NP_001025192.1,0.03571428571428572,0.19892403371924297,WAT-SC,LIVER,1.9594171526612136,4.273276459683267,False
ENSRNOG00000012701,Map7,NP_001099740.2,0.03571428571428572,0.20580850916798896,KIDNEY,LIVER,4.608949986620322,5.508240709415576,False
ENSRNOG00000027183,Zfyve9,NP_001101422.1,0.03571428571428572,0.04265439582927449,CORTEX,LUNG,0.9753171231619948,2.5195338475329137,False
ENSRNOG00000004061,Pnn,NP_001102493.1,0.03571428571428572,-0.1091345298960357,LUNG,LIVER,2.188342500902059,5.688449186409298,False
ENSRNOG00000023383,Ddx3x,XP_006256714.1,0.03571428571428572,0.05512265398835845,LUNG,LIVER,1.1461790481931011,3.5255089045929964,False
ENSRNOG00000022502,Nsrp1,NP_001032266.1,0.03571428571428572,0.19422030549884062,LUNG,HEART,1.5403397609412206,6.271749716354718,False
ENSRNOG00000009615,Mtor,NP_063971.1,0.03571428571428572,0.11646053381002941,CORTEX,KIDNEY,1.0091349663952958,4.789015857527756,False
ENSRNOG00000019875,Matr3,NP_062022.2,0.03571428571428572,0.2416905409815639,CORTEX,WAT-SC,2.676673055256443,6.411540434854052,False
ENSRNOG00000002394,Tpr,NP_001100655.2,0.03571428571428572,0.05968967900431224,LUNG,LIVER,1.9545789709922543,4.225244965731676,False
ENSRNOG00000022402,Luzp1,NP_110457.2,0.03571428571428572,0.4034484061395142,LUNG,LIVER,3.384751450078792,3.8385618303035622,False
ENSRNOG00000056716,Zbtb20,NP_001099350.1,0.03571428571428572,0.004272728661039699,LUNG,LIVER,1.636958687833138,3.675958283715012,False
ENSRNOG00000009987,Akap11,NP_036905.2,0.03571428571428572,0.1949191184620262,CORTEX,LIVER,3.5310327133531842,4.3685847882336875,False
ENSRNOG00000006975,Wasl,NP_001103835.1,0.03571428571428572,0.3270087949409002,KIDNEY,WAT-SC,2.833533606893984,3.457526407353671,False
ENSRNOG00000006747,Cc2d1a,XP_006255295.1,0.03571428571428572,0.2041235350552058,LUNG,LIVER,2.6061386758448477,4.38843370420401,False
ENSRNOG00000037607,Rplp2,NP_001025192.1,0.03571428571428572,0.19892403371924297,WAT-SC,LIVER,1.9594171526612136,4.273276459683267,False
ENSRNOG00000000299,Foxo3,NP_001099865.1,0.0,0.12636276562758694,LUNG,LIVER,1.92443692992115,4.254297652443745,False
ENSRNOG00000047394,Ufd1,NP_445870.1,0.0,-0.13788753252960093,HEART,LIVER,1.1320621733669345,0.8429167069310397,False
ENSRNOG00000017040,Wrnip1,NP_758835.1,0.0,0.11122643778895455,CORTEX,WAT-SC,1.96115610487927,5.164576991213128,False
ENSRNOG00000017466,Kif5b,NP_476550.1,0.0,-0.29369027752124116,HEART,HEART,2.8171680408756368,2.1989566423962734,True
ENSRNOG00000012818,Ksr1,XP_006246986.1,0.0,0.19782602264003715,SKM-GN,WAT-SC,3.229144400833209,2.5069457155548207,False
ENSRNOG00000017201,Cd2bp2,NP_001099767.1,0.0,0.4350159825619979,CORTEX,KIDNEY,2.1335566392264713,6.233307079211775,False
ENSRNOG00000018462,Rabep2,NP_085074.1,0.0,-0.3602648709217632,SKM-GN,WAT-SC,7.230423619047354,5.948281598280982,False
ENSRNOG00000019223,Atp5f1c,NP_001258271.1,0.0,-0.23434961086040698,HEART,LIVER,2.377742493642481,4.4853358931660825,False
ENSRNOG00000017243,Bnip3,NP_445872.1,0.0,0.531610860859839,SKM-GN,KIDNEY,2.49268431412011,3.779352802778374,False
ENSRNOG00000033101,Myo18a,NP_001165608.1,0.0,-0.141632119585707,LUNG,LIVER,1.4410537839721096,2.240450412820408,False
ENSRNOG00000020029,Mcrip2,NP_001102945.1,0.0,0.03877678949425085,KIDNEY,LIVER,3.581316701057069,2.697096464606131,False
ENSRNOG00000001253,Eif3b,NP_001026810.1,0.0,0.17085012040675523,WAT-SC,LIVER,0.8703745334912547,4.214719450477964,False
ENSRNOG00000020668,Cpsf7,NP_001014267.1,0.0,-0.1607775204746767,LUNG,LIVER,2.051115973734981,4.349966358544712,False
ENSRNOG00000003948,Llgl1,NP_001291542.1,0.0,0.41378902136875784,CORTEX,KIDNEY,2.984806462909451,3.2489110505617216,False
ENSRNOG00000024796,Lrrc47,NP_001129138.1,0.0,0.3021909157289196,KIDNEY,LIVER,1.901939193936613,3.2101372685976672,False
ENSRNOG00000020049,Slc7a6os,NP_647544.2,0.0,-0.07271381945792725,CORTEX,WAT-SC,1.3365316723650906,2.3885205691936315,False
ENSRNOG00000056678,Nckap5l,NP_001258298.1,0.0,0.45809955073364095,CORTEX,WAT-SC,3.7199092335224875,3.3070000271947864,False
ENSRNOG00000020005,Map2k2,NP_579817.1,0.0,-0.13739496339510368,KIDNEY,LIVER,0.9703754882451614,2.775849778785687,False
ENSRNOG00000056946,Scaf1,XP_008757631.2,0.0,0.07440418978153059,CORTEX,LIVER,1.786310398766048,3.677744251576244,False
ENSRNOG00000025539,Vps13a,NP_001094445.2,0.0,-0.1552403510959499,LUNG,LIVER,1.8480283248189595,1.9777206703408572,False
ENSRNOG00000004777,Esf1,NP_001094241.1,0.0,-0.04231494609899556,LUNG,LIVER,1.2070827434270202,3.954689604037057,False
ENSRNOG00000017158,Eif4g2,NP_001017374.2,-0.03571428571428572,-0.2958094503661267,KIDNEY,HEART,1.26933098168516,4.660349652898904,False
ENSRNOG00000039241,Ythdc2,XP_003754609.1,-0.03571428571428572,0.06681963417438727,CORTEX,LIVER,1.625680511836154,4.011659444997144,False
ENSRNOG00000016937,Mtfr1l,NP_001013957.1,-0.03571428571428572,-0.036886541923585786,HEART,LIVER,1.8181179181268643,5.2035981839270375,False
ENSRNOG00000006718,Rbm33,NP_001178788.1,-0.03571428571428572,-0.1376233575081656,LUNG,LIVER,1.4016296281766847,4.943574228831378,False
ENSRNOG00000011358,Hipk3,NP_113975.1,-0.03571428571428572,-0.26793258645318635,LUNG,LIVER,1.9151615699666147,2.4508181073278243,False
ENSRNOG00000025629,Prpf3,XP_006233030.1,-0.03571428571428572,0.2000634927466785,LUNG,LIVER,1.5158974719974072,5.478906378067108,False
ENSRNOG00000007662,Zfp800,NP_001102695.1,-0.03571428571428572,0.515947269741462,LUNG,LIVER,2.213658085723497,4.297706356007218,False
ENSRNOG00000016486,Nop58,NP_068522.1,-0.03571428571428572,0.060324247784871374,WAT-SC,LIVER,1.8779232063979636,5.419942518808448,False
ENSRNOG00000018564,Nup93,NP_001011925.1,-0.03571428571428572,0.22111009514996474,LUNG,LIVER,1.70860480981418,3.5778444191639305,False
ENSRNOG00000009894,Vps50,NP_001166982.1,-0.03571428571428572,0.16441529720304013,CORTEX,LIVER,1.9820292289686057,3.9630398386247068,False
ENSRNOG00000050855,Vps50,NP_001166982.1,-0.03571428571428572,0.16131000040640392,CORTEX,LIVER,1.5375721749557658,3.9630398386247068,False
ENSRNOG00000019996,Slc16a1,NP_036848.1,-0.03571428571428572,0.20925981948296948,HEART,KIDNEY,3.9217458910995413,5.833779201733999,False
ENSRNOG00000013186,G3bp1,NP_598249.1,-0.03571428571428572,-0.08746317044550489,HEART,KIDNEY,1.3102489448937398,5.083078057406031,False
ENSRNOG00000004060,Calm1,NP_036650.1,-0.03571428571428572,0.0854146705289043,CORTEX,LIVER,3.625028709383087,4.983601983548507,False
ENSRNOG00000001136,Pebp1,NP_058932.1,-0.03571428571428572,-0.056825361802588195,KIDNEY,LIVER,2.1147846206552154,4.615795512833336,False
ENSRNOG00000020615,Nap1l4,NP_001012170.1,-0.07142857142857144,0.11936949640716886,SKM-GN,HEART,2.647308390025114,2.2818223182160295,False
ENSRNOG00000014252,Irf2bp1,NP_001100953.1,-0.07142857142857144,-0.03712428566647004,CORTEX,KIDNEY,1.2371199794667582,2.9146839687121426,False
ENSRNOG00000016346,Prkcd,NP_579841.1,-0.07142857142857144,0.56320820760346,LUNG,LIVER,4.165991154282615,4.733493734419378,False
ENSRNOG00000004430,Cep131,NP_001101780.1,-0.07142857142857144,-0.05339095176558207,CORTEX,LUNG,2.085313819411352,2.984063743376699,False
ENSRNOG00000014463,Uri1,NP_001100977.1,-0.07142857142857144,-0.3931537089970623,WAT-SC,LIVER,1.294890326339698,4.156027098271231,False
ENSRNOG00000021681,Eea1,NP_001101556.1,-0.07142857142857144,0.015802863686847402,LUNG,LIVER,1.3720329120410257,4.123782074534889,False
ENSRNOG00000004328,Deptor,XP_001066889.3,-0.07142857142857144,0.07274510873013787,SKM-GN,LIVER,2.2418946544338407,2.331736881119217,False
ENSRNOG00000022373,Dennd4b,XP_008759470.1,-0.07142857142857144,0.2533824550921763,SKM-GN,HEART,2.4428488172748395,1.7000754634233992,False
ENSRNOG00000016834,Wdr37,XP_017456059.1,-0.07142857142857144,0.06178202729689547,CORTEX,LIVER,2.7726940767270696,5.148650570443924,False
ENSRNOG00000048025,Cstf2,XP_008771662.1,-0.07142857142857144,0.3455271890473169,CORTEX,LIVER,4.090843350696869,5.041462208948884,False
ENSRNOG00000026108,Tcof1,XP_017456379.1,-0.07142857142857144,-0.17921401549848281,LUNG,LIVER,1.8994071874459926,4.019855444412084,False
ENSRNOG00000054626,Rps8,NP_113894.1,-0.07142857142857144,0.09608801994556614,WAT-SC,LIVER,2.101755935216338,3.744380861914567,False
ENSRNOG00000017001,Zfp652,NP_001073676.1,-0.07142857142857144,-0.04031674116394033,LUNG,LIVER,2.024652757160334,5.441085426174342,False
ENSRNOG00000007315,Thoc2,NP_001178685.1,-0.07142857142857144,0.059867168709493455,LUNG,LIVER,2.1107785230051643,4.332871083952089,False
ENSRNOG00000001789,Zfp148,NP_113803.1,-0.07142857142857144,-0.01903168418763103,CORTEX,LIVER,1.8041838333159967,2.618069492947437,False
ENSRNOG00000002911,Alb,NP_599153.2,-0.07142857142857144,-0.19026725786471863,LIVER,WAT-SC,16.486730983759323,4.553462061813809,False
ENSRNOG00000051180,Chchd2,NP_001015019.1,-0.07142857142857144,-0.10241044755701113,WAT-SC,HEART,2.077545168296257,5.669999114220759,False
ENSRNOG00000002627,Kctd3,NP_001100669.1,-0.07142857142857144,-0.003809938557917279,CORTEX,LIVER,3.0394707726837393,2.850132113712431,False
ENSRNOG00000018123,Ccny,NP_001178762.1,-0.07142857142857144,0.19476082943659587,LUNG,WAT-SC,1.3368118274803837,3.3951731078553564,False
ENSRNOG00000012255,Ktn1,XP_006221968.1,-0.07142857142857144,-0.1698070574353914,LUNG,LUNG,2.219596397950835,5.339389335490949,True
ENSRNOG00000017791,Arhgap12,XP_006254073.1,-0.07142857142857144,-0.0472544580103141,LUNG,LIVER,1.3834903948898853,3.822513947554169,False
ENSRNOG00000014179,Rps2,NP_114026.3,-0.07142857142857144,0.27712175841956493,WAT-SC,LIVER,1.8016384871474198,3.3066661736964127,False
ENSRNOG00000011470,Tsc1,NP_068626.1,-0.07142857142857144,-0.3058252104720147,CORTEX,LIVER,1.6505828965896505,2.655498308035802,False
ENSRNOG00000042855,Ahdc1,NP_001128428.1,-0.07142857142857144,0.29760006648136733,CORTEX,LUNG,1.9197040794290814,4.564666866411974,False
ENSRNOG00000009271,Smarca4,NP_599195.1,-0.07142857142857144,-0.03537070479288274,CORTEX,KIDNEY,1.7561272583560372,5.759336492001763,False
ENSRNOG00000032034,Supt5h,NP_001100967.2,-0.07142857142857144,-0.08552312696731813,LUNG,LIVER,1.5462461477786498,5.375718829913602,False
ENSRNOG00000004505,Nfic,NP_113755.1,-0.07142857142857144,0.23807174597659414,SKM-GN,LIVER,2.3582613268215615,5.96945730439294,False
ENSRNOG00000024889,Snip1,NP_001014091.1,-0.07142857142857144,0.1447948566351369,LUNG,LIVER,2.1758009570268815,3.894604832633113,False
ENSRNOG00000002205,Ociad1,NP_001013896.1,-0.07142857142857144,-0.27822246920774746,CORTEX,LIVER,1.185353040775209,3.1878624650435983,False
ENSRNOG00000010653,Mideas,NP_001162587.1,-0.10714285714285716,0.3643270237011444,LUNG,LUNG,2.4523855381451245,4.4998794920371346,True
ENSRNOG00000004612,Ppp1cb,NP_037197.1,-0.10714285714285716,-0.1571772336626431,SKM-GN,WAT-SC,2.496554380952534,2.6239175673519606,False
ENSRNOG00000011884,Golga2,XP_006234054.1,-0.10714285714285716,-0.5041779629157053,LUNG,LIVER,1.793933428596258,4.435300263304291,False
ENSRNOG00000014445,Hp1bp3,NP_954539.1,-0.10714285714285716,-0.05018112559839733,CORTEX,LIVER,1.7180869106494008,7.062720499707746,False
ENSRNOG00000001238,Rsrc2,XP_006249400.1,-0.10714285714285716,-0.3919223700521367,LUNG,LIVER,1.4162691844795372,4.255044625725527,False
ENSRNOG00000050437,Bod1l1,XP_001060944.2,-0.10714285714285716,0.1709655545702846,LUNG,LIVER,2.3965861754821223,4.376163391676567,False
ENSRNOG00000012528,Zfyve19,NP_001030120.1,-0.10714285714285716,-0.09431536493854885,LUNG,LIVER,2.0652390308104405,2.851661296860387,False
ENSRNOG00000019326,Cfdp1,NP_955410.1,-0.10714285714285716,0.0010755335229131178,CORTEX,KIDNEY,1.2517736825693335,2.872139605152205,False
ENSRNOG00000054725,Gtf3c4,NP_001102943.1,-0.10714285714285716,-0.021466254098796073,CORTEX,KIDNEY,1.4362795251149034,5.484558783989835,False
ENSRNOG00000016773,Sap130,XP_006222590.1,-0.10714285714285716,0.24272430087228491,CORTEX,LIVER,2.450957155562923,5.121138838938939,False
ENSRNOG00000003326,Rrn3,NP_001129318.1,-0.10714285714285716,-0.002244567584879513,WAT-SC,LUNG,0.7945006993121639,2.9657433600951144,False
ENSRNOG00000019975,Cdc5l,NP_445979.1,-0.10714285714285716,0.0022357297488816916,HEART,LIVER,1.1317994932105293,4.667503421250561,False
ENSRNOG00000010239,Cnbp,NP_072120.1,-0.10714285714285716,-0.36739104808263856,SKM-GN,LIVER,1.4486331490752606,2.271529618675,False
ENSRNOG00000017447,Eif2s2,NP_955412.1,-0.10714285714285716,-0.32586902226140607,SKM-GN,LIVER,0.9328929021199848,8.061167616750328,False
ENSRNOG00000051731,Rbm33,NP_001178788.1,-0.10714285714285716,-0.07702040086034424,LUNG,LIVER,0.7293595736020367,4.943574228831378,False
ENSRNOG00000003629,Nvl,NP_001099450.1,-0.10714285714285716,0.048639087394881195,LUNG,LIVER,1.4082093967429272,2.7432627345941683,False
ENSRNOG00000000974,Zfp358,NP_001101798.1,-0.10714285714285716,0.01606859452323329,SKM-GN,LUNG,2.144975021409917,2.7628296096250304,False
ENSRNOG00000027593,Ndufv3-ps1,NP_072129.2,-0.10714285714285716,-0.09713989976773886,HEART,KIDNEY,2.4338346880721655,6.841875792786258,False
ENSRNOG00000002710,Cnst,XP_001060344.4,-0.10714285714285716,0.07135459806021195,SKM-GN,CORTEX,3.2834229078704653,1.7842728693612968,False
ENSRNOG00000026643,Chordc1,NP_001101598.1,-0.10714285714285716,-0.0426965624129911,KIDNEY,WAT-SC,0.7635265194263186,4.902870741545707,False
ENSRNOG00000019333,Hipk1,NP_001094456.1,-0.10714285714285716,0.0871976286936402,LUNG,HEART,2.4351696222298562,4.359162905054518,False
ENSRNOG00000047339,Pja1,XP_006257167.1,-0.10714285714285716,-0.0231153187983197,CORTEX,HEART,3.345837292602514,4.769071606816099,False
ENSRNOG00000032546,Dot1l,NP_001102203.1,-0.10714285714285716,0.08093313805001855,LUNG,LIVER,1.4354717431796997,4.481289851873623,False
ENSRNOG00000017940,Rere,NP_446337.2,-0.10714285714285716,-0.1037937818862866,LUNG,KIDNEY,2.5914487351985125,3.178803991182729,False
ENSRNOG00000007398,Zfp691,NP_001101438.1,-0.14285714285714288,-0.07318048421293086,SKM-GN,HEART,1.1842423698302413,3.4876595106897357,False
ENSRNOG00000017990,Ubap2l,NP_001019969.2,-0.14285714285714288,-0.0366196203207004,LUNG,LIVER,1.4392257553566576,4.158260657032152,False
ENSRNOG00000023202,Usp15,XP_006241493.1,-0.14285714285714288,-0.3867410759990406,SKM-GN,LIVER,1.4344178880999587,3.0078782089053946,False
ENSRNOG00000007532,RGD1305178,XP_006233977.1,-0.14285714285714288,0.08376597266486899,LUNG,LIVER,1.7945752123905785,5.888181890794344,False
ENSRNOG00000012736,Znrd2,NP_001103007.1,-0.14285714285714288,-0.06703738550480606,CORTEX,LUNG,1.3171679434432062,3.241320374466846,False
ENSRNOG00000018153,Rbm5,NP_001094018.1,-0.14285714285714288,0.1295880264075786,LUNG,LIVER,1.98627489940763,4.8537525902915135,False
ENSRNOG00000024142,Arglu1,NP_001020143.1,-0.14285714285714288,-0.3416073855142362,LUNG,LIVER,1.5748095524230852,5.716739744030522,False
ENSRNOG00000022623,Ttll12,NP_001129394.1,-0.14285714285714288,-0.06757970518137657,WAT-SC,LIVER,2.0809046320068925,5.057096840500805,False
ENSRNOG00000061540,RGD1308601,XP_006255026.1,-0.14285714285714288,-0.10503950650006681,SKM-GN,LIVER,2.002594681339576,2.901252215250838,False
ENSRNOG00000011627,Zfr,NP_001257901.1,-0.14285714285714288,-0.08381641365616974,CORTEX,LIVER,2.2289030018232587,4.18182180434738,False
ENSRNOG00000020266,Eef2,NP_058941.1,-0.14285714285714288,-0.19971072765861994,WAT-SC,LIVER,1.511790252478285,8.009237827438202,False
ENSRNOG00000017215,RGD1308601,XP_006255026.1,-0.14285714285714288,-0.2673216476510554,CORTEX,LIVER,1.7230415245031745,2.901252215250838,False
ENSRNOG00000001181,Wdr4,XP_008771050.1,-0.14285714285714288,-0.19967980728482976,WAT-SC,LIVER,0.9756699647308782,4.29735327861013,False
ENSRNOG00000017133,LOC306766,NP_001014029.1,-0.14285714285714288,-0.13065557434868375,KIDNEY,WAT-SC,3.7368785706378365,2.9710525221783897,False
ENSRNOG00000028255,Usp36,NP_001100539.1,-0.14285714285714288,-0.08229232858088073,LUNG,KIDNEY,1.1515370977593662,4.361244580267867,False
ENSRNOG00000003767,Rps6kc1,XP_006250521.1,-0.14285714285714288,0.0594707537161308,CORTEX,LIVER,2.582751200927778,3.743811060876829,False
ENSRNOG00000055984,Adrm1,NP_113896.1,-0.14285714285714288,-0.25786329059294033,KIDNEY,LIVER,0.6302024328807461,5.124248200107813,False
ENSRNOG00000010116,Leo1,NP_001005548.1,-0.14285714285714288,0.11137795259011375,CORTEX,KIDNEY,1.6392732765589972,6.2357845318638985,False
ENSRNOG00000020500,Scamp3,NP_113912.1,-0.14285714285714288,-0.17208795904190066,KIDNEY,HEART,1.6926559425140715,3.53520954885639,False
ENSRNOG00000052583,Zfp106,XP_008773707.1,-0.1785714285714286,-0.44198583028371996,SKM-GN,LUNG,3.9926018473348615,2.88421783694884,False
ENSRNOG00000012394,Bcl2l13,XP_006237310.1,-0.1785714285714286,-0.023598165459595803,HEART,LIVER,1.2403987183390028,3.9013335115109875,False
ENSRNOG00000009402,Rabgap1,NP_001101311.1,-0.1785714285714286,-0.06797167274290337,LUNG,KIDNEY,1.8067527271093438,3.5347939962618424,False
ENSRNOG00000009716,Casc3,NP_671485.1,-0.1785714285714286,0.031241567686039688,LUNG,LIVER,1.6557561919264296,3.8759495468377096,False
ENSRNOG00000005290,Ywhae,NP_113791.1,-0.1785714285714286,0.12882687506856752,CORTEX,HEART,1.8723885504260567,3.1183290859919035,False
ENSRNOG00000024027,Lemd3,NP_001177929.1,-0.1785714285714286,0.11016759145523983,LUNG,LIVER,1.740907757751323,3.3630166106539012,False
ENSRNOG00000018047,Gorasp1,NP_062258.2,-0.1785714285714286,0.1013798646976061,CORTEX,LIVER,0.9850085593387385,7.3096660594258775,False
ENSRNOG00000009389,Ripk2,NP_001178794.1,-0.1785714285714286,0.08199500028166444,LUNG,WAT-SC,1.8198448945816073,2.8203875889486723,False
ENSRNOG00000028521,Plekhm1,NP_001009677.1,-0.1785714285714286,0.16745125792253893,LUNG,LIVER,2.023508163689339,3.9895268991565755,False
ENSRNOG00000016770,Calm1,NP_036650.1,-0.1785714285714286,-0.1663597111458569,CORTEX,LIVER,4.720898645721059,4.983601983548507,False
ENSRNOG00000006378,Mga,XP_006234859.1,-0.1785714285714286,0.01573303202772899,LUNG,KIDNEY,2.3307562416275704,3.3015804240435433,False
ENSRNOG00000049223,Vipas39,NP_001094474.1,-0.1785714285714286,-0.06969318461587727,CORTEX,LIVER,1.7056781729838133,2.399879541642222,False
ENSRNOG00000013461,Ralbp1,NP_114456.1,-0.1785714285714286,-0.01122059281212096,LUNG,KIDNEY,2.666995254304023,5.933601013635155,False
ENSRNOG00000002144,Exoc1,NP_001019941.1,-0.21428571428571433,-0.03849723244138526,CORTEX,LIVER,1.6943617830376994,4.455463002292861,False
ENSRNOG00000060367,Rfx7,NP_001120962.1,-0.21428571428571433,-0.0040916958619002354,SKM-GN,LUNG,1.3106186428853182,3.518057590333805,False
ENSRNOG00000022741,Ilf3,NP_445864.1,-0.21428571428571433,0.1527357517966832,CORTEX,LIVER,1.906170477609808,5.013650052168695,False
ENSRNOG00000011876,Fxr2,NP_001094117.1,-0.21428571428571433,-0.14486013145069052,CORTEX,LUNG,1.6638858595721784,0.8839923365457603,False
ENSRNOG00000020412,Sf3b2,NP_001099796.2,-0.21428571428571433,-0.09379503063594119,LUNG,LIVER,1.698450839489844,6.100695425621683,False
ENSRNOG00000056462,Tmf1,NP_446123.2,-0.21428571428571433,-0.11148721697556407,LUNG,LIVER,0.7923251049022229,3.2214202496494404,False
ENSRNOG00000007134,Strap,NP_001011969.1,-0.21428571428571433,-0.13096597524602765,CORTEX,HEART,0.7887190493675025,2.194350025782012,False
ENSRNOG00000004362,Rps6ka5,XP_006240499.1,-0.21428571428571433,-0.11678426551158204,CORTEX,LUNG,3.559740785397661,5.3450599950022255,False
ENSRNOG00000019097,Bap1,NP_001100762.1,-0.21428571428571433,-0.24088904990585094,CORTEX,WAT-SC,1.8684944951035085,3.8916013327438392,False
ENSRNOG00000014093,Tom1,NP_001008366.1,-0.21428571428571433,-0.28091750215248823,HEART,LIVER,0.880889076896862,4.2741879405907195,False
ENSRNOG00000011026,Irf2bpl,NP_001012488.1,-0.21428571428571433,0.2141662697186321,LUNG,LIVER,1.7712345305188197,3.9243276767644506,False
ENSRNOG00000027282,Cep68,XP_001059836.1,-0.21428571428571433,0.3425376387658879,CORTEX,KIDNEY,1.9582270006270996,3.649315832665206,False
ENSRNOG00000052354,Arhgef40,NP_001258242.1,-0.21428571428571433,-0.053839815806675524,LUNG,LIVER,1.8899617605628576,3.6977816205539535,False
ENSRNOG00000020804,Smarcc1,NP_001100331.1,-0.21428571428571433,0.10964278702884242,LUNG,KIDNEY,0.9864741122802387,4.259464318799142,False
ENSRNOG00000016905,Hmg20a,NP_001101620.1,-0.21428571428571433,-0.15769529915533573,CORTEX,KIDNEY,2.2396264357250217,3.051995948183875,False
ENSRNOG00000015236,Mybbp1a,XP_006246864.1,-0.21428571428571433,-0.2831319810702378,WAT-SC,LIVER,1.2023218906395519,3.9630385769649665,False
ENSRNOG00000015417,Kansl3,NP_001030007.1,-0.21428571428571433,0.07572218488069922,CORTEX,LUNG,1.773241447599224,4.82175193774988,False
ENSRNOG00000007713,Tmcc3,NP_001101554.1,-0.25,-0.15252946419160907,WAT-SC,LIVER,2.130365214491098,3.421959125912835,False
ENSRNOG00000006870,Mtdh,NP_596889.1,-0.25,-0.42199810917585406,SKM-GN,LIVER,1.6182531633663357,6.749594112575711,False
ENSRNOG00000055562,Dkc1,NP_596910.1,-0.25,0.16257302937341336,LUNG,LIVER,1.104331742110232,6.198532105094943,False
ENSRNOG00000059898,Ythdc2,XP_003754609.1,-0.25,-0.23427179498027903,WAT-SC,LIVER,1.1579952825038957,4.011659444997144,False
ENSRNOG00000015553,Gatad2b,NP_001020059.1,-0.25,0.0687097523625054,LUNG,LIVER,1.6291982284988897,3.8765812387492797,False
ENSRNOG00000001593,Lnpk,XP_006234439.1,-0.25,0.013244832208652605,SKM-GN,CORTEX,3.02964446146507,3.0814852971623328,False
ENSRNOG00000021052,Patl1,NP_001101990.1,-0.25,0.0430393532855945,LUNG,WAT-SC,1.0193628728427164,3.882039425055902,False
ENSRNOG00000023356,Eif5b,NP_001103611.1,-0.25,-0.40383841916471447,WAT-SC,LIVER,0.8850890143866499,5.467343605882657,False
ENSRNOG00000023086,LOC100360828,NP_113848.1,-0.25,-0.14818108080595224,CORTEX,LIVER,1.3722757337644862,4.661932671789755,False
ENSRNOG00000003147,Sqstm1,NP_787037.2,-0.25,-0.396572034795636,SKM-GN,LIVER,0.645381753350085,2.2990736911270515,False
ENSRNOG00000003302,Flcn,NP_955422.1,-0.25,-0.12799434056420908,HEART,KIDNEY,1.525340773611962,2.765205288734682,False
ENSRNOG00000056135,Tsc22d3,XP_006234311.1,-0.28571428571428575,0.0610975178539579,LUNG,HEART,2.8860575217226287,2.1609395368589968,False
ENSRNOG00000039859,Dnmt1,NP_445806.3,-0.28571428571428575,-0.15397649091512533,LUNG,LIVER,3.338114354077694,2.9512724006024573,False
ENSRNOG00000047287,Nucks1,NP_073636.1,-0.28571428571428575,-0.04194439148453447,CORTEX,WAT-SC,0.8266622535394674,5.690778956559523,False
ENSRNOG00000018704,Nolc1,NP_074060.1,-0.28571428571428575,-0.21929990008557518,CORTEX,LIVER,1.708256242992264,5.747377308236121,False
ENSRNOG00000000511,Srpk1,NP_001020897.1,-0.28571428571428575,-0.17617535073185547,CORTEX,LIVER,1.561749899654128,3.7745376355892186,False
ENSRNOG00000016795,Rabl6,NP_001102043.1,-0.28571428571428575,-0.10501991086305745,CORTEX,KIDNEY,2.6293557550818774,3.7604541283219257,False
ENSRNOG00000009451,Prpf38a,NP_001100142.1,-0.28571428571428575,-0.1080026541824036,LUNG,LIVER,1.6365260494889422,7.360142020469535,False
ENSRNOG00000004709,Foxn3,NP_001101517.1,-0.28571428571428575,-0.3242876371553916,SKM-GN,LIVER,1.8554426068751155,3.208187745547896,False
ENSRNOG00000027569,Trappc9,NP_001029328.1,-0.28571428571428575,0.020101351714735562,CORTEX,KIDNEY,1.4328417281326127,3.156808899297907,False
ENSRNOG00000000799,Abcf1,NP_001103353.1,-0.28571428571428575,-0.32313151909022825,HEART,LIVER,1.3340489592685971,4.007023068187378,False
ENSRNOG00000009781,Dync1i2,NP_001257553.1,-0.3214285714285715,-0.21597523327691273,CORTEX,LIVER,1.8785879381546797,5.4750820352191685,False
ENSRNOG00000056659,Mecp2,NP_073164.2,-0.3214285714285715,-0.05903116776322451,LUNG,LIVER,2.0988426870254395,2.867660738340035,False
ENSRNOG00000020016,Lamtor1,NP_954533.1,-0.3214285714285715,-0.19851068967993912,WAT-SC,CORTEX,1.0643419979951618,4.02980031216861,False
ENSRNOG00000004159,Flii,NP_001008280.1,-0.3214285714285715,-0.37117910316842606,LUNG,LIVER,2.3077927149244646,5.251517343026801,False
ENSRNOG00000020289,Akt1s1,NP_001099729.2,-0.3214285714285715,-0.333199051515555,SKM-GN,WAT-SC,0.8171423257839923,3.2420634741905063,False
ENSRNOG00000053659,RGD1311703,NP_001013920.2,-0.3214285714285715,-0.09843723047303518,LUNG,LIVER,1.2339408473721187,5.659198320763834,False
ENSRNOG00000006178,Dync1h1,NP_062099.3,-0.3214285714285715,-0.575052722365108,LUNG,LIVER,2.4835043035664306,3.0549275900120927,False
ENSRNOG00000000244,Coil,NP_059056.1,-0.3214285714285715,-0.5119033976597593,CORTEX,LIVER,1.4355350288492024,3.8158644129002104,False
ENSRNOG00000050570,Nrbp1,NP_001030169.1,-0.3214285714285715,-0.2819589491398916,WAT-SC,HEART,0.8668419886218652,2.5626686666980114,False
ENSRNOG00000018980,Tjap1,NP_001101673.1,-0.3571428571428572,-0.4587383521933122,CORTEX,LUNG,1.71180428910181,3.174268830640456,False
ENSRNOG00000014630,Iws1,NP_001030090.1,-0.3571428571428572,-0.4399523312238502,LUNG,LIVER,1.664698904341377,4.845938094901566,False
ENSRNOG00000014192,Naa30,NP_001102569.1,-0.3571428571428572,-0.5153836167991485,CORTEX,WAT-SC,0.8665725904158341,4.024581806457887,False
ENSRNOG00000015753,Epn1,NP_476477.1,-0.3571428571428572,-0.03082706674505707,CORTEX,WAT-SC,1.277872318891398,6.345778187550588,False
ENSRNOG00000005564,Ubn2,NP_001128025.1,-0.3571428571428572,-0.26611836468338457,LUNG,KIDNEY,1.6286430578997413,3.617699993720059,False
ENSRNOG00000021732,Hsf1,NP_077369.1,-0.3571428571428572,-0.514888932289905,LUNG,LIVER,1.7333645658023635,4.952744012295119,False
ENSRNOG00000056076,Mif,NP_112313.1,-0.3571428571428572,0.059421694277492255,KIDNEY,WAT-SC,2.8040685329129222,3.7011316241818557,False
ENSRNOG00000020425,Stim1,NP_001101966.2,-0.3571428571428572,-0.0906174799920436,SKM-GN,LIVER,2.395113801226807,2.6690623950148558,False
ENSRNOG00000006589,Mif,NP_112313.1,-0.3571428571428572,0.059421694277492255,KIDNEY,WAT-SC,2.8040685329129222,3.7011316241818557,False
ENSRNOG00000009264,Erc1,XP_006237286.1,-0.39285714285714296,-0.03859146892853942,LUNG,WAT-SC,1.2406901571652735,3.5072436476149127,False
ENSRNOG00000009152,Caprin1,NP_001012185.2,-0.39285714285714296,-0.28399556763877504,WAT-SC,LIVER,2.366483643521266,3.756304095155213,False
ENSRNOG00000021099,Lysmd1,NP_001019473.1,-0.39285714285714296,-0.1975950199365349,CORTEX,HEART,1.4806328501264066,1.201351808221129,False
ENSRNOG00000000852,Prrc2a,NP_997627.1,-0.39285714285714296,-0.27186816097769445,CORTEX,LIVER,1.9546275224573604,3.6104783426322458,False
ENSRNOG00000001708,Dvl3,XP_006248626.1,-0.39285714285714296,-0.2966199910671494,CORTEX,HEART,1.39631997339949,2.0509032100897793,False
ENSRNOG00000007921,Hnrnpm,NP_001103381.1,-0.39285714285714296,-0.1637935254156791,LUNG,LIVER,1.35540727489024,4.18661546858753,False
ENSRNOG00000000604,Hdac2,NP_445899.1,-0.39285714285714296,-0.3847091036717252,LUNG,LIVER,1.4888212621028885,6.296539376013406,False
ENSRNOG00000012175,Nfatc2,NP_001101275.1,-0.39285714285714296,-0.25180443993710205,HEART,LUNG,2.2990600054713974,4.416565383639375,False
ENSRNOG00000001032,Ccz1b,XP_006248940.1,-0.39285714285714296,-0.1640084070702914,WAT-SC,LUNG,1.1245563263075775,2.1207049970869094,False
ENSRNOG00000018761,Eif3c,NP_001094132.1,-0.39285714285714296,-0.3431081432975662,KIDNEY,LIVER,0.8694233577387944,4.029115103217964,False
ENSRNOG00000014945,Kpna3,NP_001014792.1,-0.39285714285714296,-0.3248506053545411,SKM-GN,HEART,2.783802311798307,3.486009701902307,False
ENSRNOG00000014808,Srfbp1,NP_001005536.1,-0.39285714285714296,-0.17337307663955862,LUNG,LIVER,1.5537395267554226,3.1622110929927043,False
ENSRNOG00000045931,Sik3,NP_001258145.2,-0.42857142857142866,-0.3030180589532612,CORTEX,LIVER,1.8033499094050143,2.743703115799211,False
ENSRNOG00000019891,Sgta,NP_073194.1,-0.42857142857142866,-0.13429114943251264,CORTEX,LIVER,1.406762876399286,3.863373346489731,False
ENSRNOG00000014571,Dbndd2,NP_001040576.1,-0.42857142857142866,-0.4358152358998095,CORTEX,KIDNEY,4.079217681741818,1.6206411516345263,False
ENSRNOG00000016054,Tab2,NP_001012062.1,-0.42857142857142866,-0.32981125461741817,SKM-GN,LIVER,1.3481310269189644,3.7644767816322924,False
ENSRNOG00000008604,Nsfl1c,NP_114187.1,-0.42857142857142866,-0.42477855953023147,CORTEX,LIVER,0.838451765594324,5.105673518354676,False
ENSRNOG00000016912,Btf3,NP_001008310.1,-0.4642857142857144,-0.7537585854337938,WAT-SC,LIVER,1.2438699193617708,3.4047413008835408,False
ENSRNOG00000018937,Gstm2,NP_112416.1,-0.4642857142857144,-0.5190540606385174,LIVER,SKM-GN,3.457055072233583,3.626169721117804,False
ENSRNOG00000021638,Eef1d,XP_008763771.1,-0.4642857142857144,-0.26127642413659413,WAT-SC,LIVER,1.191618261074881,4.338061753937966,False
ENSRNOG00000012392,Dnajc2,NP_446228.2,-0.5,-0.6477092076101679,SKM-GN,KIDNEY,1.5932631165459172,2.4049505877123982,False
ENSRNOG00000014531,Hbs1l,NP_001011934.1,-0.5,-0.8649544932969383,SKM-GN,LIVER,1.3543236698727368,5.032413772575411,False
ENSRNOG00000006833,Rb1cc1,NP_001101371.1,-0.5,-0.46851710878187114,CORTEX,LIVER,1.128514834744907,2.411739441508427,False
ENSRNOG00000008746,Dtd1,XP_006235190.1,-0.5357142857142858,-0.6014238601091175,CORTEX,LIVER,2.5415242670567237,3.5979358866222944,False
ENSRNOG00000006652,Ddx1,NP_445866.1,-0.5357142857142858,-0.602017009052096,SKM-GN,WAT-SC,1.5028567003491675,3.24433163529556,False
ENSRNOG00000007128,Nop56,NP_001020903.1,-0.5714285714285715,-0.588112706957996,CORTEX,LIVER,1.8111971880269113,4.056447691915332,False
ENSRNOG00000012933,Prcc,NP_001101170.1,-0.5714285714285715,-0.43228714720705896,CORTEX,WAT-SC,1.2105445795744307,5.122724666620107,False
ENSRNOG00000006911,Sptb,NP_997687.1,-0.5714285714285715,-0.6178527176414413,SKM-GN,LIVER,7.892026448178205,6.818072169608646,False
ENSRNOG00000004185,Mon2,NP_001035266.2,-0.5714285714285715,-0.16706982806385176,LUNG,LIVER,2.151529034687943,4.706166999564826,False
ENSRNOG00000000990,Pdap1,NP_072117.1,-0.5714285714285715,-0.5348118764362733,CORTEX,KIDNEY,0.7890100726071889,3.4161398929441056,False
ENSRNOG00000000622,Hint1,NP_001103077.1,-0.5714285714285715,-0.3854256124612376,KIDNEY,WAT-SC,1.2933577533751635,4.2825210538588685,False
ENSRNOG00000018241,Ank1,NP_001100792.1,-0.6071428571428572,-0.7346850103681548,CORTEX,WAT-SC,5.6972406417753225,3.9109124495955534,False
ENSRNOG00000011384,Aimp1,NP_446209.1,-0.6071428571428572,-0.6955564662717013,SKM-GN,LIVER,1.0052724260919392,3.4647395903887808,False
ENSRNOG00000008782,Pnisr,NP_001020445.2,-0.6071428571428572,-0.5970358409743963,LUNG,LIVER,2.114923635003893,4.781851212698052,False
ENSRNOG00000027761,Htatsf1,NP_001101729.1,-0.6071428571428572,-0.44525313814667683,LUNG,LIVER,1.6379906801110815,4.643210570989227,False
ENSRNOG00000001733,Ppp1r2,NP_620178.1,-0.642857142857143,-0.5718898948793433,CORTEX,HEART,2.512789875691112,2.706356157131503,False
ENSRNOG00000026425,Ppp6r2,NP_001100259.1,-0.642857142857143,-0.5479514181223434,CORTEX,LIVER,1.3159912673501886,2.7039800349103524,False
ENSRNOG00000001044,Aimp2,NP_001032425.1,-0.642857142857143,-0.7095485348501963,SKM-GN,LUNG,1.3519823063044152,2.9114719886175773,False
ENSRNOG00000005890,Serbp1,XP_006236678.1,-0.6785714285714287,-0.6069619565349684,LUNG,LIVER,0.7969561124667459,2.075974045816423,False
ENSRNOG00000008016,Ckap4,XP_008763467.1,-0.6785714285714287,-0.7404141702229209,LUNG,LIVER,3.3985508974864738,1.2290882434606485,False
ENSRNOG00000004901,Slc4a1ap,NP_001100179.2,-0.6785714285714287,-0.6682873556829825,CORTEX,LIVER,1.6372046478283342,3.815897711118509,False
ENSRNOG00000016998,Atxn1,NP_036858.1,-0.7142857142857144,-0.5251441732660305,CORTEX,LIVER,2.971698310483549,3.2230866327929415,False
ENSRNOG00000057626,Kif1b,NP_476548.1,-0.7142857142857144,-0.2859118191744738,CORTEX,LIVER,2.4898835419218424,3.6521867505588332,False
ENSRNOG00000019834,Hsp90ab1,NP_001004082.3,-0.7142857142857144,-0.5924861804455688,LUNG,KIDNEY,0.7851795476599222,5.144915662804655,False
ENSRNOG00000002433,G3bp2,NP_001014011.1,-0.7500000000000002,-0.5907510482269156,CORTEX,LIVER,1.3396473454730797,6.674253384914277,False
ENSRNOG00000029068,Wdr44,NP_001094293.1,-0.7500000000000002,-0.383482039469404,LUNG,LIVER,2.0069335289141392,3.234689996900383,False
ENSRNOG00000050585,Pgam1,NP_445742.2,-0.7500000000000002,-0.7321112052150934,CORTEX,SKM-GN,4.435158752469654,3.937562295931887,False
ENSRNOG00000021042,Psmd4,NP_112621.1;XP_006232986.1,-0.7500000000000002,-0.91940140012817,SKM-GN,LIVER,0.7469276979306096,3.579424115754918,False
ENSRNOG00000004556,Dcaf5,NP_001094188.1,-0.7500000000000002,-0.6384023485648121,CORTEX,LIVER,0.8592392372350668,3.8947009610367394,False
ENSRNOG00000001719,Psmd2,NP_001026809.1,-0.7857142857142859,-0.8516913186418857,SKM-GN,LIVER,0.9319084589898834,3.6716570614908486,False
ENSRNOG00000015962,Nmnat1,NP_001032645.2,-0.8571428571428573,-0.7707791019886148,CORTEX,LIVER,0.5075536183074023,4.281107300290913,False
ENSRNOG00000015097,Kcmf1,NP_001121664.1,-0.9285714285714288,-0.8290898142632446,SKM-GN,LIVER,1.6052844347707076,4.386048891354429,False
