sample,organ,stage_weeks,sex,animal_id,model,p_ADRNL,p_BAT,p_BLOOD,p_COLON,p_CORTEX,p_HEART,p_HIPPOC,p_HYPOTH,p_KIDNEY,p_LIVER,p_LUNG,p_OVARY,p_SKM-GN,p_SKM-VL,p_SMLINT,p_SPLEEN,p_TESTES,p_VENACV,p_WAT-SC,pred_all_animals
Adrenal.F.2.Adr_F_002_1,Adrenal,2,female,f_2_1,k20,0.5319306592826942,0.01944401776692941,0.0025578562571984594,0.04068733594116134,0.0032025641211516644,0.0023600157218894215,0.0025199590315312984,0.0030521201705257612,0.0017079950328060158,0.00550494412739054,0.0032964368218876706,0.3323288193985478,0.001831714017528281,0.0036378242373808793,0.0037999565780980856,0.0024556830688707916,0.001715923351475935,0.02618738682230718,0.011778788250625363,ADRNL
Adrenal.F.2.Adr_F_002_2,Adrenal,2,female,f_2_2,k20,0.6202980006274257,0.023734813869813607,0.0020972461301453286,0.007956767033234073,0.0052009363923131045,0.002763257854397466,0.0028787175026318414,0.0433232359891138,0.004007442491850999,0.0056376301626481695,0.004422386851276492,0.2104395814303563,0.0019333710690793823,0.0043969621396860855,0.00546460254979829,0.004339335777988235,0.0022160865371790633,0.03431632076360882,0.014573304827453447,ADRNL
Adrenal.F.2.Adr_F_002_3,Adrenal,2,female,f_2_3,k20,0.5279532269154831,0.012090716229246084,0.002185952934660618,0.007761503932540833,0.0037818630665661522,0.00314583466507525,0.0026549217201619177,0.0032187499518009093,0.003525305360654115,0.0108658291274317,0.003311372851804118,0.3762631480633037,0.0021790572211823327,0.004272861116753065,0.004552677491203787,0.0027698746814375065,0.0018403998442213694,0.01660004313707303,0.011026661689400289,ADRNL
Adrenal.F.2.Adr_F_002_4,Adrenal,2,female,f_2_4,k20,0.5683460275874904,0.02141995881109378,0.002551598331480651,0.0041682062452251855,0.0040073723450428315,0.0032630075938343646,0.003072861366891484,0.003675611701385334,0.0026683486208860623,0.004372145163847699,0.0032457595011853016,0.32328606318483116,0.0019441690382061491,0.004953911093891383,0.004814296313317355,0.0028036413154118563,0.002200803757461072,0.02745970130921083,0.011746516719307015,ADRNL
Adrenal.F.6.Adr_F_006_1,Adrenal,6,female,f_6_1,k20,0.5956067938318187,0.09899454791669227,0.0012431841073071023,0.00836332367833469,0.0036801805433334758,0.0007889806927023936,0.001836476336381742,0.0029630504023066134,0.0017236080799266768,0.0028024269194239803,0.0018910656400400866,0.001464421882834333,0.000532015068035609,0.002552630434297504,0.002316984509136258,0.0017123658238875675,0.00113846612310597,0.26819293602747385,0.0021965419829612387,ADRNL
Adrenal.F.6.Adr_F_006_2,Adrenal,6,female,f_6_2,k20,0.6478167162177918,0.06982259687308054,0.0016056533744620808,0.0035590187101639625,0.005010467691951759,0.0012271792216578487,0.0026794237044935904,0.0037533562615950137,0.002330895798030878,0.0019787239693757545,0.0027118136099716318,0.0012312127056116197,0.0007219186946856287,0.003602605280305378,0.0026646692586647334,0.0021437454230015048,0.0013719646689292668,0.24343274843658838,0.0023352900996388023,ADRNL
Adrenal.F.6.Adr_F_006_3,Adrenal,6,female,f_6_3,k20,0.6772807410163318,0.06249188977455161,0.002688752065584242,0.007342913192765014,0.007174066384027181,0.001978037206673802,0.003089515786135513,0.0048655640027409275,0.0029948622341931207,0.003695752743053544,0.0038953156649978874,0.0023475458135525326,0.001187239912580645,0.005444714230783943,0.005092455437724687,0.0035051270677037903,0.003767577793203396,0.19755981699391406,0.00359811267948202,ADRNL
Adrenal.F.6.Adr_F_006_4,Adrenal,6,female,f_6_4,k20,0.7438557238165759,0.038979098606923494,0.0029078272149019153,0.03136123995001312,0.004209805943717278,0.001783858499113816,0.0024977942463983013,0.00417431421425633,0.00388497776587272,0.002527590479664114,0.0036248899748843296,0.002270538135375335,0.001362803244542503,0.004499443800127708,0.003828732271261019,0.0029968381957812635,0.001920276329815926,0.1401360055194811,0.0031782417912937485,ADRNL
Adrenal.F.21.Adr_F_021_1,Adrenal,21,female,f_21_1,k20,0.8061517749346305,0.022841601305091868,0.0029277715603118182,0.010384982148904962,0.006180791850787464,0.0031578310431752696,0.003600155425555084,0.005431302321261138,0.004892982479793574,0.004033300123875365,0.004985988968077373,0.0029840390913081576,0.00161591728832746,0.007458307458418502,0.005444155769833642,0.0038246923595733054,0.002501161777090484,0.09744471256896729,0.004138531525016755,ADRNL
Adrenal.F.21.Adr_F_021_2,Adrenal,21,female,f_21_2,k20,0.8204846338759034,0.024481305932534874,0.002539069654370848,0.0037811542343744583,0.004807665068419314,0.002186971836951296,0.002470100387059774,0.004227496973998938,0.0032194911284808714,0.0038041324768111257,0.004046471995160294,0.0019919593338573187,0.0015743403669409794,0.006554685542058125,0.004764119731038368,0.0036781668159462334,0.0019048131186478437,0.10078102457284023,0.002702396954605514,ADRNL
Adrenal.F.21.Adr_F_021_3,Adrenal,21,female,f_21_3,k20,0.6748783917496295,0.07094539508388728,0.0020058767845230396,0.004526288416433944,0.003973113285527448,0.0012604416659848764,0.0021078206777181752,0.003808756289481143,0.0019856096326399666,0.002723372142916153,0.0028600091154132486,0.0015784885072125786,0.0009014516093988103,0.0038137336631808307,0.0033481591132116005,0.0027889293247098227,0.0019667932717155035,0.21175638002354977,0.0027709896428663944,ADRNL
Adrenal.F.21.Adr_F_021_4,Adrenal,21,female,f_21_4,k20,0.7617099803890508,0.031881807490069504,0.0030873190172717906,0.004851409098780682,0.006795478891143393,0.003067557878332169,0.0032377336776364153,0.02123232613293284,0.003756453237474738,0.003622710783841181,0.00488185241863246,0.002947591024990738,0.0016920584557287319,0.0068280770032943605,0.005886856783565884,0.005783781543479601,0.002463731341578845,0.12215303657366938,0.004120238258526602,ADRNL
Adrenal.F.104.Adr_F_104_1,Adrenal,104,female,f_104_1,k20,0.8490210406352181,0.0015893473811537458,0.008002460393544695,0.012652418848560798,0.01099095417895084,0.012113845158668264,0.006499704143652959,0.007309427794255778,0.008094148772767474,0.006994733027286227,0.00868054269483534,0.004750262451977072,0.0030540543286976542,0.014123650209738915,0.011014807602398927,0.010869335582002477,0.00370929291737369,0.015933095907177695,0.00459687797173944,ADRNL
Adrenal.F.104.Adr_F_104_2,Adrenal,104,female,f_104_2,k20,0.8277850857039104,0.0012817411347359731,0.005650409862496468,0.020575350749240443,0.013159497867407876,0.014232244629882864,0.006794150150732886,0.00826384177692702,0.009447282762987307,0.010930850863247611,0.011781094981242624,0.00406689450266135,0.003342984963899408,0.017424512320994276,0.013194649862825725,0.01182215411978877,0.00556477810712389,0.010848110011764101,0.0038343656281310083,ADRNL
Adrenal.F.104.Adr_F_104_3,Adrenal,104,female,f_104_3,k20,0.8550381927000983,0.002107571892680915,0.006863609808308683,0.00275701596071576,0.011853243659755958,0.012670580613156002,0.0060432285973059776,0.007478850854954966,0.007035207613785269,0.006867200492450306,0.008779621489258005,0.0031723577634841754,0.0023728396761726663,0.01419507642843422,0.011853444377872408,0.009614614579250936,0.0037892691105680274,0.023271925034144627,0.004236149347602689,ADRNL
Adrenal.F.104.Adr_F_104_4,Adrenal,104,female,f_104_4,k20,0.8603008731743659,0.002343721299933885,0.004822542825807868,0.009705296088032566,0.00987900550924753,0.010041618952361778,0.0043963879140559185,0.006450940687344784,0.009067238472803728,0.008538938164658894,0.008061964976917564,0.003576373502794703,0.0026236604526358185,0.013426309548586592,0.010318917882666777,0.006679112544018863,0.0033786609258632683,0.022154172101711216,0.004234264976192247,ADRNL
Adrenal.M.2.Adr_M_002_1,Adrenal,2,male,m_2_1,k20,0.4730329001741054,0.05857162341159714,0.001314806740729045,0.006640296412830641,0.0020716046477908074,0.000867448484809326,0.001157105108022888,0.013431394007877497,0.0015045950390116178,0.0022739215515645613,0.0016771494354659818,0.376253762066334,0.001104310406998075,0.0018190125448811103,0.0022194550164462935,0.0016575419646802294,0.0010418633583381383,0.0455237978715941,0.007837411756923299,OVARY
Adrenal.M.2.Adr_M_002_2,Adrenal,2,male,m_2_2,k20,0.4933288342298348,0.10196419055469894,0.0008621180069688873,0.017667273985917557,0.0016318950094117437,0.0006051554917211037,0.0010936197818811801,0.0016995719177766678,0.000984939378790866,0.0019027936020406856,0.0013850363853574773,0.2926945465001141,0.0007770733735947094,0.0013482184487572397,0.0018905923308317133,0.0010731327482067423,0.0008615365697910886,0.07145961639191345,0.006769855292391164,OVARY
Adrenal.M.2.Adr_M_002_3,Adrenal,2,male,m_2_3,k20,0.4955059487555832,0.15862664135534793,0.0010148610645399235,0.0033540661314087872,0.0013595890067589639,0.00043998607034601115,0.0009033912819389567,0.0015489561483476603,0.0008539478962587037,0.002235218716414019,0.001171999579339162,0.2178190501322485,0.0005600281443308239,0.0011415792111203423,0.0015478737942150075,0.001035141980530832,0.0009427662197996049,0.10375070226645955,0.006188252245012048,ADRNL
Adrenal.M.2.Adr_M_002_4,Adrenal,2,male,m_2_4,k20,0.525574338685208,0.047578229823866565,0.0020965115105117883,0.004805959655312733,0.001945831449661891,0.0009217956774922899,0.001460833481913376,0.0020131037061840557,0.0012511102537077156,0.003102485169684305,0.00165843726026188,0.3484787536784695,0.0009247132985571191,0.0018149845555372832,0.002418474969282648,0.001758400194603437,0.001029264789869583,0.043204757340261433,0.007962014499614391,OVARY
Adrenal.M.6.Adr_M_006_1,Adrenal,6,male,m_6_1,k20,0.7337160971359609,0.052387983735220356,0.0019102137959026283,0.0058711225722416,0.0032380007076848122,0.0012491911150387665,0.002160706426011864,0.0035220043184928124,0.0025183412875083547,0.0019524750561746634,0.0025631286723292747,0.001433505160588801,0.0006607329222668871,0.003526565802432158,0.003516630052911576,0.0036241505305466618,0.001402941159767436,0.17229284234089823,0.0024533672080224956,ADRNL
Adrenal.M.6.Adr_M_006_2,Adrenal,6,male,m_6_2,k20,0.4726374930193651,0.14576212108244346,0.0016763834665860897,0.0015360532842381533,0.0023633021161315305,0.0006852546532012981,0.0016604032378499851,0.0028906712279655714,0.001956573696962897,0.006249411060908382,0.0017929821968218462,0.0013935157081994395,0.0007921439237501075,0.002532264033862559,0.007932576759314263,0.002006638796653027,0.0013835805534606783,0.3419581057981667,0.0027905253841187757,ADRNL
Adrenal.M.6.Adr_M_006_3,Adrenal,6,male,m_6_3,k20,0.5879274373403917,0.08546294228175727,0.0022309720377739154,0.004819060438531013,0.0032788809322632823,0.0013402147833441308,0.0019329281588993446,0.0035387322675646455,0.0024634309739217466,0.0022562640439155305,0.002524112097588783,0.0018089874516763699,0.0009650761179019731,0.0041933003485331004,0.004032534243799407,0.0024787741055508133,0.0015421988070686873,0.28319088110000307,0.00401327246951524,ADRNL
Adrenal.M.6.Adr_M_006_4,Adrenal,6,male,m_6_4,k20,0.6301990128250182,0.08706396511908072,0.0019079655581876447,0.0018464856193075889,0.003199177533607735,0.0010319324275227353,0.001942716049419742,0.0033866906724696615,0.0020781769978688155,0.002426413645216945,0.0023201460006078965,0.001382944452338409,0.0007352146689752023,0.0032117114243484504,0.0046411083062373485,0.002226380607245801,0.0013575861184253685,0.2465533612110228,0.002489010763098841,ADRNL
Adrenal.M.21.Adr_M_021_1,Adrenal,21,male,m_21_1,k20,0.6672952135609583,0.05665959176174566,0.00149305563300269,0.006338537950361309,0.004285183839235378,0.0019250916711767683,0.0020188964878783233,0.0038042136468964738,0.002631179024760659,0.002487063084949231,0.0029872135853356444,0.0017193461635103633,0.0011128821972312944,0.004919593659213159,0.0031998045976511565,0.0021727288289728895,0.0016235586611554284,0.22984936186393348,0.00347748378203176,ADRNL
Adrenal.M.21.Adr_M_021_2,Adrenal,21,male,m_21_2,k20,0.7518574020727578,0.032809261618435906,0.001667214213278355,0.005389910255923508,0.004624338531203981,0.0026262361065022433,0.0027979748720429595,0.004512090402406176,0.0026220279750719566,0.002736345966230444,0.004033970527157271,0.0018838686808283322,0.0011151813519773134,0.0057660552855444275,0.0040889327582085055,0.0033707097393388843,0.0018741714610681335,0.16254992844257826,0.003674379739445646,ADRNL
Adrenal.M.21.Adr_M_021_3,Adrenal,21,male,m_21_3,k20,0.5871940606898894,0.07752624723098336,0.001296477077752393,0.0016170043473994853,0.002701688135291049,0.0011562177436869906,0.0015576613160384937,0.0029158279081919368,0.0017615989598455716,0.008463258925563377,0.001988422947918729,0.0014427913672519564,0.0008993609305745769,0.0033437711447030665,0.0023904345615326774,0.001893133048308417,0.0015811544930083561,0.29792244177892074,0.0023484473931394013,ADRNL
Adrenal.M.21.Adr_M_021_4,Adrenal,21,male,m_21_4,k20,0.8277907258085269,0.00890232690922349,0.0037478007158728162,0.028852833424686905,0.007642235859782897,0.005888993870551342,0.0036800909169083205,0.0059783498786404625,0.006539977991906968,0.004544351924116241,0.006218029558588645,0.0029473787014815036,0.0016651300163458228,0.010152471860203864,0.007148693027332358,0.004553389991548813,0.0028645388145963112,0.05670372029451507,0.004178960435171433,ADRNL
Adrenal.M.104.Adr_M_104_1,Adrenal,104,male,m_104_1,k20,0.8706557916785636,0.0037566590522102533,0.0028824659257863277,0.020058325666002092,0.0065435283491677935,0.00614876458237353,0.0030730584056772488,0.004792887269347053,0.004731600460265359,0.0042255202686593525,0.005015529360078651,0.0024389362395686133,0.0015973369887660415,0.00818090766412493,0.007198242154465594,0.005229478194455418,0.002811808671292395,0.03752160547536236,0.0031375535938333904,ADRNL
Adrenal.M.104.Adr_M_104_2,Adrenal,104,male,m_104_2,k20,0.8657786138859092,0.012989050314777635,0.0017942147701225696,0.0094296853874836,0.003987519477135637,0.0021153222421035132,0.0023696395467538035,0.0036335531917745427,0.0024854829023628704,0.0028850678813719176,0.003396953587845179,0.001903359767182972,0.000808155182663712,0.004347135930401461,0.004387205352272023,0.003187808043008304,0.001564603995254949,0.07077003495139014,0.0021665935901861813,ADRNL
Adrenal.M.104.Adr_M_104_3,Adrenal,104,male,m_104_3,k20,0.8657004124141155,0.0033206576228754603,0.004493449961719262,0.014719023596675434,0.007381635591727964,0.008325687664274042,0.0034645004205452364,0.005261920520573855,0.005668039130568412,0.004638038469307614,0.005800124014176782,0.0031531070887921412,0.0025859220686487447,0.01013471695035828,0.007272793621221741,0.005126482048451317,0.0029102962538621164,0.03655453422037993,0.0034886583417261725,ADRNL
Adrenal.M.104.Adr_M_104_4,Adrenal,104,male,m_104_4,k20,0.7635034400557837,0.02132567466034663,0.0029006495910513744,0.06900867186351713,0.00353959150461537,0.0019295762504020753,0.0024664106697637406,0.0036323337660708875,0.003681664453931685,0.002966630579038473,0.002872136321922735,0.0036651894887516174,0.0010130103241703838,0.0036266964210392135,0.004106521382144518,0.003090807289607613,0.0016769037655399598,0.1022823029601047,0.0027117886521979156,ADRNL
Brain.F.2.Brn_F_002_1,Brain,2,female,f_2_1,k20,0.002556185997919957,0.0021856593327439023,0.003119243246473482,0.014797933631944135,0.3080782041043258,0.004408374523952115,0.6186164069605421,0.015044911767395676,0.002316248934876991,0.0028524675176425963,0.0026934135251761755,0.00157181308215249,0.0019531464481932774,0.007801156409268852,0.003183047606450403,0.0020533543949211755,0.0027072095442260756,0.001954405032366729,0.0021068179394281685,HIPPOC
Brain.F.2.Brn_F_002_2,Brain,2,female,f_2_2,k20,0.0028720539199720563,0.0020498094612573124,0.0027827011979130807,0.01718754601989672,0.28300389831057876,0.0049409300134294456,0.6382646096093324,0.014994020840117615,0.002997459399034888,0.002570283005047847,0.0026965731313640935,0.0016190428053983776,0.002494092162605268,0.009910037397515007,0.003311887575993947,0.0020967848428449913,0.0022998138967487256,0.0020723077527641156,0.001836148658185219,HIPPOC
Brain.F.2.Brn_F_002_3,Brain,2,female,f_2_3,k20,0.0026077705866867414,0.0025284505164466418,0.0035269032989888676,0.024163660569051938,0.32813416224817177,0.005475774125063594,0.580773231088909,0.01609867779637229,0.004227816591999706,0.002800075468142344,0.0029411573093071942,0.0019352923737207754,0.0027425945743172904,0.009155104872910859,0.003951105491050265,0.002288013107390092,0.0025148120962109797,0.0020754709261501586,0.0020599269591095623,HIPPOC
Brain.F.2.Brn_F_002_4,Brain,2,female,f_2_4,k20,0.00361251333869653,0.002574243435545284,0.0032352858404156837,0.017445560881257288,0.281299971609656,0.004638425045453059,0.6314710658100949,0.01609786695128936,0.0042874035589077234,0.00301475579095658,0.0032188157562215935,0.0026876904692684877,0.0029109707831149302,0.009603189762413481,0.003931049077358796,0.0024195126380628126,0.0028006212792280254,0.0021335648414926305,0.002617493130566654,HIPPOC
Brain.F.6.Brn_F_006_1,Brain,6,female,f_6_1,k20,0.003030682944861691,0.0016124166598117326,0.003664343310011407,0.0037283282461622745,0.4315130285151379,0.0037343958725054647,0.5063341492329553,0.013317391933018907,0.002979332048302265,0.0030458622048149977,0.0026737364354491367,0.001408045839405283,0.0021267793243538425,0.010047801241241222,0.0030839138995749776,0.0023317765333196786,0.0020177873041451054,0.001499184614636214,0.0018510438402926485,HIPPOC
Brain.F.6.Brn_F_006_2,Brain,6,female,f_6_2,k20,0.0024626728085545544,0.002288593260446812,0.004268904257811495,0.01127409813221479,0.44070486424358635,0.0031775128455785546,0.4932117042443398,0.012893902938999679,0.002609662621560645,0.0022989244144085374,0.0036253043879536846,0.0014845597084274691,0.001949768896066264,0.007424085888812478,0.0028237398908164645,0.002108686985096638,0.001955137198624397,0.00187376264990257,0.0015641146267988707,HIPPOC
Brain.F.6.Brn_F_006_3,Brain,6,female,f_6_3,k20,0.00306673558772275,0.0019851396013010744,0.0029569397998117273,0.006151743436537255,0.3978195061354049,0.004447332881438213,0.5318824902400333,0.013614279471481288,0.003455124083390878,0.0024292346742209657,0.0025915466101922944,0.0016070178899781444,0.003149263396558125,0.011620189355225201,0.0035728040587032954,0.0027053107589753034,0.0030075900381749746,0.0019198216406849688,0.002017930340165459,HIPPOC
Brain.F.6.Brn_F_006_4,Brain,6,female,f_6_4,k20,0.002530006884453893,0.001594535500668729,0.003409108175727306,0.006928154298712404,0.37991016977259706,0.0037843974130193415,0.5593399093425359,0.012998149062426757,0.002696265703814508,0.002171453454485184,0.0023213113141164828,0.001427397753152266,0.0022166462620633763,0.008791217595334813,0.002804991899632483,0.001956480183298698,0.0019192924056655762,0.00149816811944378,0.0017023448588517104,HIPPOC
Brain.F.21.Brn_F_021_1,Brain,21,female,f_21_1,k20,0.0031750271626381035,0.003148830552905128,0.0028530037817775197,0.041530247977614704,0.42147975813566574,0.004354287017348139,0.4687111851476087,0.014582938544738992,0.003149845270170636,0.004924165025559283,0.002696877055610718,0.002467123305061804,0.002773692329759447,0.010935422270675638,0.0035382537902132177,0.0021139228481646404,0.002789201774326918,0.0022317999728051585,0.002544418037355361,HIPPOC
Brain.F.21.Brn_F_021_2,Brain,21,female,f_21_2,k20,0.00246985669131124,0.0017484342879269098,0.003114571752829573,0.004079062600036199,0.30691533871849214,0.004911476973482043,0.6248698562540844,0.014991491441821464,0.0032868804352458956,0.005336179407255172,0.0031723778290170175,0.0015534804472514033,0.002068025072318842,0.009676506594231048,0.0038442990694671185,0.0022439814660263663,0.002202723901172075,0.0016592752331139576,0.0018561818249172683,HIPPOC
Brain.F.21.Brn_F_021_3,Brain,21,female,f_21_3,k20,0.0024007527084775014,0.0015919654809441487,0.002596676473957845,0.009673979181228734,0.29934723162143584,0.00393593357149308,0.6397066866603667,0.01333425807795571,0.0024731122842109026,0.0029060699265593456,0.002229215978985854,0.0013684413700929096,0.0019250171188996365,0.006172700120322173,0.0027231632619533165,0.0019240585864449082,0.002267285102075611,0.0015283393159784885,0.0018951131586173893,HIPPOC
Brain.F.21.Brn_F_021_4,Brain,21,female,f_21_4,k20,0.002892602051226285,0.0027423452063202614,0.0028354273421714346,0.005765930089283763,0.3933258998343561,0.004537783593123923,0.5371496458879801,0.01499523205958266,0.003368330345939232,0.0037743586499198963,0.0032858457810907462,0.002048231832448948,0.002402901839969166,0.008607789335433743,0.003339655132587284,0.0025596398140118933,0.0022754033516112796,0.00202683547925103,0.0020661423736924368,HIPPOC
Brain.F.104.Brn_F_104_1,Brain,104,female,f_104_1,k20,0.0034019542722542938,0.002200028387535468,0.00519712359953299,0.008627025184297872,0.5284449539687919,0.004172260303297878,0.3998911680720554,0.013540415903251089,0.002979282806056017,0.003352525875151051,0.0038668676676230597,0.0024088371634073806,0.002183157907384156,0.007128756031500148,0.0035297157823720835,0.0024258281593417057,0.002383288210124906,0.0020425175786096274,0.0022242931274130645,HIPPOC
Brain.F.104.Brn_F_104_2,Brain,104,female,f_104_2,k20,0.0026848774821037922,0.002335377100034794,0.003194031573466259,0.012324156760773365,0.4490977558352668,0.005193797779856206,0.47180589615436075,0.014220595166130742,0.003208164918816953,0.002750555371897435,0.003955727367940516,0.002096701546261014,0.002423264560352494,0.011507679434378588,0.0036065160880206955,0.002199440418352551,0.002535726386072497,0.0023793854317504287,0.002480350624163985,HIPPOC
Brain.F.104.Brn_F_104_3,Brain,104,female,f_104_3,k20,0.0026450416353394034,0.0019380685915183018,0.0031227772482466942,0.0022433543307896512,0.3919616475150073,0.004484538575086218,0.5458838186123512,0.01433584175182609,0.0026418224975955176,0.0025380379437186765,0.0028336871371173263,0.0014478804996837698,0.0021846670619297586,0.010351574564496185,0.003388487715913362,0.002368096550332027,0.00208931840809297,0.0015958666668167384,0.001945472694138745,HIPPOC
Brain.F.104.Brn_F_104_4,Brain,104,female,f_104_4,k20,0.0018889560900491207,0.0024064743310484365,0.004241084230121206,0.003186067697451783,0.3828746625324031,0.004007315475139205,0.5538193097651398,0.013381105020836889,0.002310537163249889,0.0022954589831599595,0.0023960615008515487,0.0013515155924639954,0.0027755131664762953,0.012019375398522375,0.0030394126323455804,0.0020779444587072696,0.0024203364185160737,0.001889630587891645,0.001619238955625968,HIPPOC
Brain.M.2.Brn_M_002_1,Brain,2,male,m_2_1,k20,0.005739626769595672,0.003428930626794968,0.005377361904814167,0.007844176128390461,0.3357864317352348,0.008227619720151737,0.551253175945259,0.020883232120773934,0.007004867552547228,0.0047674922821314735,0.004637285727129014,0.0024649496466219575,0.0036876176543866653,0.01966660668222192,0.005770342566479963,0.0040454156969922436,0.0034438911876279728,0.0033164621838541537,0.0026545138689927487,HIPPOC
Brain.M.2.Brn_M_002_2,Brain,2,male,m_2_2,k20,0.00285132480823371,0.0019095622438959517,0.0031697225182933586,0.00872707693459412,0.17614978433874415,0.005871159050814335,0.7500928798905143,0.017397425547427008,0.003125645840372619,0.003566458726899845,0.0038746094742379646,0.0017381837679400392,0.0018015251327837619,0.006660283306391139,0.004060157694696029,0.0023599375677740343,0.002513934924457932,0.0018002211126184797,0.0023301071193109284,HIPPOC
Brain.M.2.Brn_M_002_3,Brain,2,male,m_2_3,k20,0.003343181528908885,0.002878669547597071,0.004268366174642297,0.008029545730528964,0.2040628920379546,0.004416547627144572,0.661026111535769,0.07293545757602075,0.00299151860343564,0.0033960012162753466,0.0031709556154356977,0.002698392181830083,0.002612020808401506,0.009554103053651654,0.0037675820489358382,0.0026192477990873066,0.0036242070353012996,0.0021305013179644477,0.0024746985611151582,HIPPOC
Brain.M.2.Brn_M_002_4,Brain,2,male,m_2_4,k20,0.0031218506030233047,0.003569957290256779,0.003441739417924617,0.007671302011391,0.15566658700103808,0.0040876840934218695,0.7666486395198769,0.01704475235059326,0.0029235581284010616,0.002586561247323911,0.0040710829055107135,0.0016694299035042918,0.0027249325094789866,0.011324979238536958,0.003406851397036369,0.002256262086805384,0.0027571754942471707,0.0027280570578675977,0.0022985977437616836,HIPPOC
Brain.M.6.Brn_M_006_1,Brain,6,male,m_6_1,k20,0.0030490220778705245,0.002308027682436888,0.00262738836810963,0.00896078851803382,0.44088797118417505,0.0050500909197522354,0.4807123115377071,0.014272645831583473,0.0031909796975994444,0.0028174783651940686,0.0028064316714438453,0.001673962252869939,0.0027203252754697625,0.01704667774554789,0.003627396647392389,0.0021151615425860316,0.002209946654194039,0.0020298510425749,0.0018935429854587092,HIPPOC
Brain.M.6.Brn_M_006_2,Brain,6,male,m_6_2,k20,0.0024367806351278647,0.0019339448970343964,0.004086888323323501,0.0059657747998253935,0.3418523181191861,0.003973878956538985,0.5965864150543914,0.01407720223298205,0.002909606927679354,0.0024574156756642382,0.0024930020025905725,0.001526688248114098,0.0021559611720941303,0.006048261218436702,0.003243135907854205,0.0021144655538747077,0.0021207075033078952,0.0017709191588013188,0.0022466336131730354,HIPPOC
Brain.M.6.Brn_M_006_3,Brain,6,male,m_6_3,k20,0.0031194673526734307,0.0031086801033108004,0.0035665091396875105,0.014525838097641863,0.4409297885898203,0.0041771081314691625,0.47828204740496494,0.015600746787702098,0.004064428662714287,0.0031934041771302054,0.003437538629832131,0.0018996481070293338,0.0023517835608941754,0.008425625303506054,0.004077568035223318,0.0023890611797315643,0.002511442884408439,0.002155349880557346,0.0021839639717031135,HIPPOC
Brain.M.6.Brn_M_006_4,Brain,6,male,m_6_4,k20,0.0024966866172023735,0.0024982668914990923,0.003413713797959407,0.010327681964580426,0.4361912133283426,0.004656787795170839,0.48212446819250127,0.014965993416166836,0.0038031792158155593,0.00325637533877443,0.00308119618810905,0.0018411687920861786,0.0029588121940915383,0.01523752007900244,0.003593100255783822,0.0024547657401418027,0.002742831681944411,0.0018383631034614909,0.002517875407366257,HIPPOC
Brain.M.21.Brn_M_021_1,Brain,21,male,m_21_1,k20,0.0026492298376026525,0.0021711561041338435,0.002848352028327337,0.00814205859855459,0.44741391383675866,0.005314194145708159,0.4763186612119865,0.013707747951911506,0.0045891665697407056,0.003084420499878256,0.0027753587412123297,0.0022050705901410094,0.0021480178697733305,0.008764418139409673,0.003487725944897857,0.00212924284901954,0.008383826775172664,0.0019165837576361516,0.0019508545481350219,HIPPOC
Brain.M.21.Brn_M_021_2,Brain,21,male,m_21_2,k20,0.002877934874448524,0.001972556718217787,0.0024487633325520194,0.0025174020946645147,0.38747164227999964,0.004561810905953404,0.546637137551912,0.013577717415878722,0.00199107520733555,0.002902185833185745,0.0025756274566908883,0.0018659563606855782,0.0018968395388328154,0.007586437375020816,0.0030973016935943844,0.001998824824093599,0.010134423623732465,0.0018584316978164774,0.0020279312153849843,HIPPOC
Brain.M.21.Brn_M_021_3,Brain,21,male,m_21_3,k20,0.0019772188512055355,0.0016846923225629774,0.005108010194573412,0.0064830193759389506,0.4187336974366666,0.004988610380583948,0.5133998424860621,0.013858463824567027,0.0028975161989293445,0.0025147767118157425,0.0027305989385393655,0.0015553069327472492,0.002372449374127331,0.008366621609772864,0.003336330837028775,0.0023465921803041867,0.004387600818961917,0.0015281161238993033,0.0017305354017133933,HIPPOC
Brain.M.21.Brn_M_021_4,Brain,21,male,m_21_4,k20,0.0025191318842536837,0.0018317400037912155,0.003389884758074763,0.009095739698624367,0.38819115933085546,0.0048171509773268385,0.5426148458793097,0.013963239165906855,0.0025120513978762814,0.002873022604325313,0.0033831605877573025,0.0015452930731404886,0.0021096418937624505,0.0078677173126379,0.003180332742996129,0.0020627820787066024,0.004486940492369796,0.0019223974450309424,0.001633768673253832,HIPPOC
Brain.M.104.Brn_M_104_1,Brain,104,male,m_104_1,k20,0.0028599129503308163,0.002499429630560194,0.004593615495569279,0.00656182727731835,0.505532576250004,0.006799262252299084,0.41280034052735015,0.016258808837317756,0.003964842276325604,0.004162238766593312,0.003575610394941014,0.002021660526674586,0.0024856471536246617,0.010776648426529199,0.004532557336933787,0.003017150928707607,0.002749046541433092,0.0022753766415998336,0.002533447785887587,CORTEX
Brain.M.104.Brn_M_104_2,Brain,104,male,m_104_2,k20,0.22295962474721465,0.01017028095579143,0.003711832900775217,0.034741561344483404,0.21323082061378995,0.0028180469698872138,0.2900394780644565,0.012347658358979968,0.0031532652632926548,0.003932806876771373,0.0033215249247976362,0.15903195783096447,0.0031263982035899286,0.004006988124962233,0.004420023389494658,0.003162550561892469,0.0027005233128012365,0.014290374226377148,0.008834283329677704,HIPPOC
Brain.M.104.Brn_M_104_3,Brain,104,male,m_104_3,k20,0.002425812154136858,0.001885382064140924,0.002635030349966212,0.0054891108151906365,0.5377120439167474,0.0048223363363304635,0.3959156838278168,0.013042014217214456,0.0032773153566108813,0.002985886687564621,0.0031480628285690234,0.001510225611017843,0.0025326881816272514,0.011883311204032743,0.0032589906054554074,0.0020617498936421554,0.00210549218302008,0.0015886146729955945,0.0017202490939207569,CORTEX
Brain.M.104.Brn_M_104_4,Brain,104,male,m_104_4,k20,0.00315265243578832,0.002365104799142913,0.004366010987802047,0.021045639131077994,0.5115444577113544,0.0038858635079316813,0.4020598835527452,0.013665583044871437,0.003549338788426969,0.0028441649627957057,0.0031479456926567346,0.0017286134737746813,0.0027078786399307576,0.011050108078337425,0.003633212982597842,0.0025002945530215575,0.002618493972899086,0.0019131683847634807,0.0022215853000818295,CORTEX
Heart.F.2.Hrt_F_002_1,Heart,2,female,f_2_1,k20,0.003284255315641178,0.0012639710751316043,0.005346997403243546,0.0015572792959976662,0.005982631914213046,0.8478395730814986,0.002666913430750596,0.0038993269655769663,0.002574413291792823,0.003424578550092923,0.003968976228321855,0.002992518517944176,0.0020887682995411245,0.008754375392016718,0.0034387678882356787,0.002738205754802383,0.002039992713791917,0.09308104719909263,0.003057407682314549,HEART
Heart.F.2.Hrt_F_002_2,Heart,2,female,f_2_2,k20,0.004345807534897282,0.0023446454489889877,0.008868758049752706,0.008803272722931785,0.007486570656393766,0.7882935046493486,0.0037639899061366997,0.005451155455084052,0.004214903560151114,0.0044150529937644085,0.00613209059786384,0.004001344638900293,0.003165657515907966,0.011635969270756805,0.00480738626380735,0.0046060626572916215,0.0031304864227419717,0.11992061362285199,0.004612728032428527,HEART
Heart.F.2.Hrt_F_002_3,Heart,2,female,f_2_3,k20,0.005000759853622,0.0048385714923042935,0.006525729438838182,0.005789742282390819,0.009555546331674896,0.6168538411959661,0.0037143468974492164,0.06253815957732986,0.0035456059926359945,0.003995022054524435,0.005384181099158195,0.003583818285978014,0.002497966643578842,0.009188807290764812,0.0043841915114457095,0.003387591841906104,0.0036250970877564157,0.2411574189305031,0.004433602192172905,HEART
Heart.F.2.Hrt_F_002_4,Heart,2,female,f_2_4,k20,0.004353736320717202,0.0019169800331020074,0.0057339633939346366,0.005937496794898393,0.007104640019568931,0.8110466053295289,0.003738668756212578,0.005190176905415021,0.003968445558246933,0.004066355793867189,0.004990923418016672,0.003668965785062828,0.0025093411272154222,0.011222269287741978,0.004585896223106393,0.0036691279380611074,0.0027030122596533937,0.10932502056790047,0.004268374487749901,HEART
Heart.F.6.Hrt_F_006_1,Heart,6,female,f_6_1,k20,0.003662767217428038,0.0015870135760025813,0.00496865463431061,0.01360255799232624,0.007724621493283885,0.8372236999839817,0.003632068134826456,0.005170640736520455,0.005728330017896675,0.004863838753132598,0.005326012431467492,0.004180719345576406,0.002717081295598622,0.011926360464724972,0.004506757572118017,0.0036369166568122335,0.0028192584711689748,0.07296779266110055,0.0037549085617234893,HEART
Heart.F.6.Hrt_F_006_2,Heart,6,female,f_6_2,k20,0.0055914184734346594,0.002744804568286089,0.012433813400910857,0.0030074654009152975,0.012516716496238041,0.7890450143442662,0.0055259230534696595,0.008164730002954297,0.004939127821559305,0.00822473984001726,0.007885398677813285,0.004782783343793259,0.003743101720512829,0.02039822655234533,0.007470019248328661,0.005828492317613261,0.004977074537376149,0.08708649009999796,0.005634660100167384,HEART
Heart.F.6.Hrt_F_006_3,Heart,6,female,f_6_3,k20,0.006992924409501476,0.005065095978527581,0.013230512403281365,0.006827512458784814,0.01183395477694545,0.686006797972447,0.00581390133499042,0.008545437379107186,0.006038272206719533,0.006489527343226494,0.009038834319187533,0.004457283487463258,0.003563856527937032,0.016922346215714503,0.013769988704408095,0.005323512400905154,0.004529133421979516,0.17974942143774658,0.00580168722112675,HEART
Heart.F.6.Hrt_F_006_4,Heart,6,female,f_6_4,k20,0.005542892559854673,0.0024680483830940387,0.011716809773566806,0.015719110436789592,0.012604091766140628,0.7844406708655363,0.005435453631020527,0.007767249805194437,0.00643088334826457,0.007068013407637576,0.007612706477485681,0.005089248116897905,0.003926139241124591,0.017840166054473184,0.006876977197714826,0.0053105145540644685,0.004815737582429861,0.08423782505050588,0.005097461748204357,HEART
Heart.F.21.Hrt_F_021_1,Heart,21,female,f_21_1,k20,0.004194793615438536,0.001335868679615267,0.005021545952990889,0.0029694130138761808,0.008446172687459568,0.8546418161882461,0.0037497019426826293,0.005489407289307148,0.004987904073546331,0.005269894468506322,0.005635112152153008,0.0029148503194746716,0.0024548408241073304,0.013667447321067342,0.005136114850866008,0.003669324786104405,0.0032704645445751713,0.06377217381215165,0.0033731534778315094,HEART
Heart.F.21.Hrt_F_021_2,Heart,21,female,f_21_2,k20,0.00505552184517615,0.002155917757074367,0.0050735328848898675,0.018443807219362326,0.009941955590282594,0.8097291398926804,0.004447192228470224,0.006349551717156337,0.00643364684940527,0.006784469217274172,0.006726600099341413,0.005742598295386036,0.0033042407005573317,0.014030908511344578,0.005834432637299756,0.0036774301569371857,0.0034426786543131,0.07831303802592977,0.004513337717119162,HEART
Heart.F.21.Hrt_F_021_3,Heart,21,female,f_21_3,k20,0.00813656015506446,0.0047302953588310446,0.008235932417754338,0.003617509729621995,0.009354354040550822,0.6852611679914633,0.004434385641470455,0.006885142966599964,0.008038768648387186,0.005908978790498201,0.006814435967409898,0.0036190614938862165,0.0035873293974884447,0.01206914223327467,0.006566977276078512,0.0049746817458409445,0.0035661046961097975,0.21010752308185,0.004091648367819832,HEART
Heart.F.21.Hrt_F_021_4,Heart,21,female,f_21_4,k20,0.00452950129605939,0.0016623947526152776,0.004652280993556915,0.0037716932233021376,0.007582992438880355,0.8280754724615035,0.003485160652292761,0.005193085836094513,0.005015871430643231,0.004643478464937447,0.005679539730966168,0.002737146667482565,0.002266903185598899,0.011462623372980036,0.004860788643319066,0.00317478238175948,0.0026781662764557763,0.09527875332880677,0.003249364862745678,HEART
Heart.F.104.Hrt_F_104_1,Heart,104,female,f_104_1,k20,0.004778403979644363,0.0016004548812911749,0.008971065496778697,0.0034057342541008065,0.009523162626069186,0.8273801643505603,0.004414534692242608,0.006210053350849885,0.005072414024873671,0.0052813041985656515,0.006006866492083476,0.00284674060943007,0.002652023533533285,0.014544324992056514,0.005548874981291813,0.004378977159603016,0.0031395996324538825,0.0804845277985557,0.0037607729460159512,HEART
Heart.F.104.Hrt_F_104_2,Heart,104,female,f_104_2,k20,0.003674664960908428,0.0011981804226101763,0.004765698988583838,0.0047810011267857425,0.007189658011344252,0.8581429344589505,0.003332922381496496,0.004822660654570568,0.004233401829424095,0.004119049692854668,0.005089624205800539,0.0025223150121585192,0.0022892779154088483,0.01251998731951372,0.004491016895249872,0.0032044386403123374,0.002646874468304024,0.06773152513824794,0.0032447678774753463,HEART
Heart.F.104.Hrt_F_104_3,Heart,104,female,f_104_3,k20,0.004519792939563605,0.0019175803249500112,0.007103526393796428,0.004190417630808101,0.010428885216918503,0.8306890917396703,0.004626404051029222,0.006730295553301101,0.004178286207540758,0.006862395005325614,0.007987623193662858,0.00434163803643916,0.003517860193735358,0.016802909912346228,0.0061389658833034535,0.00449753942348906,0.003640974149925087,0.06743536716597007,0.0043904469782249786,HEART
Heart.F.104.Hrt_F_104_4,Heart,104,female,f_104_4,k20,0.0027763914479965956,0.00126374712991884,0.006344561963601791,0.006911636546658348,0.006852759588704738,0.8544137855792469,0.003665169399116,0.004856306846383984,0.003431520775598685,0.0042504919230159375,0.004933100424178635,0.0025578047232882673,0.002278822243959785,0.010334090228904394,0.004177893948066819,0.003143639245898759,0.0025069904320805764,0.07239849139137138,0.0029027961620096215,HEART
Heart.M.2.Hrt_M_002_1,Heart,2,male,m_2_1,k20,0.004102121677142418,0.0022131333695972113,0.00814128723770163,0.003876447044958331,0.007508162734337586,0.7939400166001599,0.004484583846115141,0.0056973174208638485,0.0040770289504017815,0.004457334328765541,0.005496417931617876,0.005065786329350107,0.002652963364401658,0.012472687256363054,0.00471575535353604,0.0036992818820356177,0.0029409941824915715,0.11843010245331619,0.006028578036844455,HEART
Heart.M.2.Hrt_M_002_2,Heart,2,male,m_2_2,k20,0.005519179147745943,0.0035037243479970285,0.006287597782861461,0.01054082687564224,0.00910897908794984,0.7416018872607166,0.004658240105620855,0.006576888762486108,0.004244718069388455,0.005161151657282845,0.008378760712103571,0.005825384454607094,0.00328075628777471,0.013916819447301434,0.005756278804871647,0.003976050492258509,0.0034958906779510397,0.15186118802042406,0.0063056780050162325,HEART
Heart.M.2.Hrt_M_002_3,Heart,2,male,m_2_3,k20,0.006144482561151133,0.003286354921178818,0.007614720736387751,0.004596761223922451,0.008615766811961871,0.7413925603267575,0.004390742260674843,0.006230131905621028,0.005891300335600897,0.005169455521619185,0.006669386529368822,0.005167796978245563,0.0028321074496762437,0.013192814277413992,0.005598040944105237,0.003926909021904741,0.00321430260335824,0.1607074961298864,0.005358869461165099,HEART
Heart.M.2.Hrt_M_002_4,Heart,2,male,m_2_4,k20,0.0058728708896861204,0.004600580524201505,0.00597348273331379,0.005845931358000094,0.008778565835319345,0.7159234468552936,0.004465522780610127,0.0064415242852908115,0.004601158196801615,0.005080938593181149,0.0057749225922312285,0.00561219234950638,0.003410119153275357,0.015105385727334355,0.005244682551541218,0.0037351364827422307,0.0033934852182250378,0.1844997234390754,0.00564033043437065,HEART
Heart.M.6.Hrt_M_006_1,Heart,6,male,m_6_1,k20,0.006167592123224823,0.003302800694544446,0.008071364338366553,0.003863434032848806,0.011456486228524937,0.7712960698020274,0.0053692169718881,0.007731718782663727,0.006001879757579115,0.005993102909046056,0.007922199497389072,0.004473700461943818,0.003857789024708943,0.018438488640596936,0.006890249400945933,0.005343886723757242,0.00392866857009563,0.11443678663930508,0.005454565400543347,HEART
Heart.M.6.Hrt_M_006_2,Heart,6,male,m_6_2,k20,0.005757780712905062,0.004630927758414549,0.006592206860893823,0.005585568622925895,0.013682855437189709,0.746952105673561,0.006435993580941404,0.008759678920400185,0.005840019745030729,0.007838008339231668,0.007795674053902269,0.004019620136125082,0.00423676301966715,0.019960039102906384,0.006965919079822819,0.004775838648128136,0.0042191021053566875,0.13093736098158978,0.005014537221007814,HEART
Heart.M.6.Hrt_M_006_3,Heart,6,male,m_6_3,k20,0.005642338632117013,0.0018993668756041875,0.007670782908612895,0.00445153428179312,0.00982449608278078,0.8081411336795913,0.005585426276214942,0.006875377058157873,0.007815522385028051,0.006058549662420694,0.006947498511611102,0.0036743983292295153,0.0038740952933434066,0.015110281531126651,0.0061381773846347,0.004899091396071981,0.0035572477555734366,0.08712326327146086,0.004711418684627421,HEART
Heart.M.6.Hrt_M_006_4,Heart,6,male,m_6_4,k20,0.0037191568736037787,0.002273058018593458,0.006990369400564406,0.005210183209032686,0.009592380039401431,0.819839289023885,0.004480731062098106,0.006393055596854614,0.004552078996622473,0.006045910744576757,0.006369455551355476,0.0034246385597622715,0.002757903363962295,0.014307870071459738,0.005387420121873196,0.004146858762933488,0.00321453895473624,0.0874425540926094,0.0038525475560752323,HEART
Heart.M.21.Hrt_M_021_1,Heart,21,male,m_21_1,k20,0.003837315592534622,0.0014894975701347933,0.006203667106583238,0.005696493458602497,0.009064611864552095,0.8331627557509875,0.003842116791049188,0.014329828859047057,0.003767236829306823,0.004586394643488876,0.005702792770293091,0.002776985657052632,0.002703269747478761,0.012609357732139575,0.005309870625145952,0.003568903280549225,0.0029555973695222677,0.0751344799546363,0.0032588243968953022,HEART
Heart.M.21.Hrt_M_021_2,Heart,21,male,m_21_2,k20,0.0038577765202943686,0.0018103748732637235,0.004888778886326645,0.005636626233328148,0.010205403275609906,0.8367734948940813,0.004380142050075388,0.00637335863971308,0.004881309997098858,0.005285865156700894,0.006715529135916526,0.003223919933037507,0.0034646972408230053,0.016001697239225832,0.006541913597031431,0.0038709148326158322,0.0034810177448032662,0.06851960136135674,0.004087578388697568,HEART
Heart.M.21.Hrt_M_021_3,Heart,21,male,m_21_3,k20,0.004737405092181036,0.0030659522043156025,0.005598692180514758,0.005512721734186596,0.00988041277037806,0.7933597190804029,0.005056186342553687,0.007074659504378521,0.0045774294368552074,0.0056082695269441315,0.006860962534711943,0.004002246810094069,0.002974313381165887,0.017426259183668105,0.00590840569759647,0.004701320330335912,0.0034567459459533753,0.10562817934449766,0.004570118899266059,HEART
Heart.M.21.Hrt_M_021_4,Heart,21,male,m_21_4,k20,0.003620457699227419,0.0015796822936304479,0.004975826545349132,0.004397236336045133,0.007720072923589338,0.8428808213612691,0.0034249586895303942,0.005057130763167532,0.003538135263683434,0.004202250942284758,0.005363705265626104,0.0029580369166026,0.00236621263775997,0.011384217876642138,0.004526948337744673,0.0033833636391960775,0.0031966251424189454,0.08228374430217004,0.003140573064062815,HEART
Heart.M.104.Hrt_M_104_1,Heart,104,male,m_104_1,k20,0.004280255371570826,0.002349275420058402,0.007059413590293378,0.0037988887387508273,0.011012823761922886,0.815630010259175,0.0050817473128207695,0.007199678586834199,0.005675449810233089,0.006844643644557358,0.00742640641489888,0.0037141094442484446,0.003241279636300673,0.01831885091812351,0.006504167160455172,0.006428102349553587,0.003641384062745029,0.07707025981078215,0.00472325370667595,HEART
Heart.M.104.Hrt_M_104_2,Heart,104,male,m_104_2,k20,0.004741905719677358,0.00407329891346993,0.004768707884076759,0.004563355809749264,0.00564118286628548,0.6562949195512897,0.0030362653419956954,0.004590524880856425,0.0025582958490307324,0.0035807132394960832,0.004026255301186708,0.0023921948960104254,0.0017292060903191262,0.00765000587059794,0.0036608525211454836,0.004161760650223708,0.0032158123073815093,0.27626271119076407,0.0030520311164435668,HEART
Heart.M.104.Hrt_M_104_3,Heart,104,male,m_104_3,k20,0.007787151371862547,0.008330822590058292,0.0103185175006274,0.007708930103462822,0.012785675839367537,0.6428078989499222,0.006492675356679596,0.009689916756922762,0.006294869414352207,0.006838601569160344,0.009576895992120797,0.0048092391190041025,0.00451124171475827,0.019437184088478582,0.007434046490973062,0.006043806454723698,0.005978613493880327,0.21694103756368538,0.006212875629960231,HEART
Heart.M.104.Hrt_M_104_4,Heart,104,male,m_104_4,k20,0.006387786044541786,0.0023891071722278697,0.008074887310054141,0.009315403976090587,0.010469142430348934,0.7765879353372491,0.005334028535381106,0.00711139228331642,0.005142542905526146,0.006323277950352663,0.007738753419777401,0.0035284803034152795,0.00366817036160104,0.015240243087107152,0.00617695875070962,0.005920086115060757,0.003686834285732137,0.11208676946443626,0.004818200267071729,HEART
Kidney.F.2.Kdn_F_002_1,Kidney,2,female,f_2_1,k20,0.007165008307900701,0.010189161291642128,0.016869695945499162,0.01765443400805408,0.015144918305937673,0.013408359015710877,0.022058197948253,0.0145732700223621,0.751630769599419,0.015591503976418676,0.014732916338532227,0.00638711991171743,0.005744031927926813,0.023822925976053917,0.011651220426264791,0.008580510008746437,0.008068511304072167,0.009475915042887958,0.027251530642600934,KIDNEY
Kidney.F.2.Kdn_F_002_2,Kidney,2,female,f_2_2,k20,0.006771418619025053,0.013709348204291708,0.008251538616829144,0.3390715578967303,0.011366159879621912,0.008413592162574366,0.012658761730390938,0.009969520358292417,0.4988488029327028,0.011355211703999188,0.007264107854532432,0.005361123440775224,0.004609355763748434,0.014698277088795467,0.006973501986590221,0.0046884679745349215,0.006717290637682493,0.011171015551612476,0.01810094759727054,KIDNEY
Kidney.F.2.Kdn_F_002_3,Kidney,2,female,f_2_3,k20,0.007074627995763802,0.009733950063119603,0.02111429243091422,0.12235201746579191,0.015244237773946871,0.014447257603021492,0.01656609195970521,0.013017437596403482,0.6660153376791884,0.011339414492835818,0.011463679550156812,0.008122814337867055,0.004860174463846299,0.02175258337357544,0.010150782265711191,0.00838626354486587,0.00804718029429242,0.008888694945493566,0.021423162163500428,KIDNEY
Kidney.F.2.Kdn_F_002_4,Kidney,2,female,f_2_4,k20,0.007878213435783803,0.01261759863622398,0.009643504900632243,0.2882875829562999,0.011176928285379787,0.009314066703352651,0.014386123046368242,0.010785686972545736,0.53059960209201,0.00911016979298331,0.008507575700962479,0.005875841816374287,0.005625949413723793,0.01707272161397737,0.008613482929285628,0.006154371817469302,0.0063425605177136,0.012853063042972249,0.025154956325941554,KIDNEY
Kidney.F.6.Kdn_F_006_1,Kidney,6,female,f_6_1,k20,0.012172557848338313,0.11161728183515135,0.014054045680604012,0.021733182615212475,0.014899020646180984,0.007432689973855465,0.0121773545620817,0.013874112017880564,0.6268237675727449,0.0135321126268674,0.010721429082918768,0.037205210394638324,0.0056587226276409025,0.017849803841871004,0.011239987224583168,0.009031574916031144,0.007304124006256942,0.029035546870671648,0.023637475656470727,KIDNEY
Kidney.F.6.Kdn_F_006_2,Kidney,6,female,f_6_2,k20,0.00822833452551095,0.02336524768236615,0.012768451867470457,0.04719988634027182,0.015801283195387938,0.009383844624300565,0.015383551593543779,0.012392098006993455,0.7021354565781986,0.014260307119136168,0.009963117854200107,0.05153179814508003,0.005336927970691449,0.016734025726752866,0.010625174242950829,0.006608824682243345,0.006869118940034905,0.00753652202663953,0.023876028878226912,KIDNEY
Kidney.F.6.Kdn_F_006_3,Kidney,6,female,f_6_3,k20,0.01279716597449593,0.09605771027856862,0.01043537235206933,0.04533205293082474,0.014595408855270095,0.008000241304345469,0.013651100516561774,0.01401669461410518,0.6065512783466535,0.014772677853786189,0.01058872075222436,0.06721320828356597,0.0047014594878580585,0.017538883371692522,0.0109592654107982,0.006959772911634503,0.006986579867330518,0.02002094700124052,0.018821459886974302,KIDNEY
Kidney.F.6.Kdn_F_006_4,Kidney,6,female,f_6_4,k20,0.01114538670525678,0.04512053927573182,0.015734655703714316,0.012667526337631085,0.016334970451933807,0.009571818264407384,0.012522829856358116,0.013346019053512176,0.6776857687981337,0.01550572073476335,0.011723285862942008,0.06477385481163496,0.006754476796177354,0.02318948209602423,0.013256034029447954,0.008324623198092003,0.007451998147706265,0.011424011849238164,0.023466998027294565,KIDNEY
Kidney.F.21.Kdn_F_021_1,Kidney,21,female,f_21_1,k20,0.0059790277404090575,0.007832833429525793,0.012444092402136035,0.01258382353032179,0.017521798410542643,0.013460037982149132,0.014597913769009823,0.01191778728609788,0.7773750279659608,0.014380583245389334,0.011433046920960949,0.028078421372507146,0.005306609102248976,0.022583982708108522,0.012855690881377866,0.008317906353170427,0.0065266994156388414,0.002994959512524123,0.013809757971920737,KIDNEY
Kidney.F.21.Kdn_F_021_2,Kidney,21,female,f_21_2,k20,0.00791721887874661,0.022699179847469202,0.016957904701775516,0.008605194820378255,0.013588600866147996,0.008666013775538566,0.010635298554685771,0.010736792029815673,0.7489724282191386,0.015408682674935881,0.009688587557511999,0.050359396577122656,0.004949156766448253,0.01630191251016049,0.010738525620742291,0.008919463864516407,0.006230353431767035,0.006888203426788143,0.02173708587631053,KIDNEY
Kidney.F.21.Kdn_F_021_3,Kidney,21,female,f_21_3,k20,0.005161374445366096,0.008706488788524076,0.013606126786700909,0.009689920832779296,0.016569433560132924,0.012082868610584788,0.009988555828857673,0.010085020559612171,0.7583868553217332,0.01551566158581752,0.01029682145274562,0.055369484339551245,0.006496664077690529,0.02124987799243876,0.011603730094115224,0.00658456019004582,0.0073299579247160145,0.002791133631073321,0.018485463977515097,KIDNEY
Kidney.F.21.Kdn_F_021_4,Kidney,21,female,f_21_4,k20,0.006568728128457472,0.014214384098394836,0.010701007572626415,0.030153152638779022,0.01587739654515853,0.011509191123108284,0.009090859068182005,0.01007544518263802,0.7501879850164073,0.012720413196863694,0.009803823783844933,0.040530844278872734,0.005687444590338635,0.021136624557786098,0.010839989561844794,0.007420669985934938,0.0072258554730247025,0.005482003844680515,0.020774181353057135,KIDNEY
Kidney.F.104.Kdn_F_104_1,Kidney,104,female,f_104_1,k20,0.004543832776092993,0.0042816581904476176,0.019957794260109418,0.02002407258693221,0.01373659499300138,0.011199668008654655,0.009383702967889368,0.00855410200713321,0.7855575669003871,0.013117486936776872,0.00909690436680865,0.03697968073445305,0.0048460020780862235,0.016348338803331145,0.009652389152769716,0.009240325541508661,0.005724405589262578,0.001829765440459361,0.01592570866589572,KIDNEY
Kidney.F.104.Kdn_F_104_3,Kidney,104,female,f_104_3,k20,0.0062245303765527905,0.008620267406847707,0.011125689976460426,0.04545623131604767,0.015032025287025278,0.013280088881756462,0.011609950072829337,0.01081280328383235,0.7277843258572692,0.016330148811525412,0.011424433014655597,0.04843387003114293,0.007182639266362195,0.021406873254493062,0.01239499036719719,0.012464186352138536,0.006479577991112532,0.002431749888859076,0.011505618563892017,KIDNEY
Kidney.F.104.Kdn_F_104_4,Kidney,104,female,f_104_4,k20,0.005477477377549347,0.007498465848396852,0.013651677739765767,0.022027655950754975,0.01688737682878109,0.015190702308805731,0.009072177860686223,0.010342754067679481,0.7560005919792534,0.017746187869140142,0.011210464901707871,0.03761464368287518,0.005616706593813197,0.02279569056244622,0.013189935227877769,0.01005881073084266,0.006539984379173013,0.0028528059047119255,0.016225890185739188,KIDNEY
Kidney.M.2.Kdn_M_002_1,Kidney,2,male,m_2_1,k20,0.015892289037840852,0.08678350942840145,0.019527299063000766,0.05235552955872297,0.014447592980861517,0.0075614527858611,0.020793347805613625,0.01596533629005651,0.5715456815778236,0.025331864759132905,0.010700676144988703,0.009487201103530074,0.005820179661255058,0.016254232997933486,0.009573190377375815,0.010213222702226212,0.008581511102418844,0.060916217071206584,0.03824966555174989,KIDNEY
Kidney.M.2.Kdn_M_002_2,Kidney,2,male,m_2_2,k20,0.009033772359617527,0.02424063293545956,0.014754651268672876,0.06092825643332406,0.015173913583644023,0.009476425524368006,0.01845527103177459,0.09117259878302418,0.6302754656431869,0.013563567104059647,0.009669751167868201,0.00909020122723748,0.005740238932114812,0.019522991179001196,0.009681201238049034,0.008476175210141726,0.01079961116146581,0.015361109923782377,0.024584165293207984,KIDNEY
Kidney.M.2.Kdn_M_002_3,Kidney,2,male,m_2_3,k20,0.010986406411369297,0.043833723652740866,0.015427531193689966,0.03737645312024622,0.0166807368408627,0.01097928785517237,0.018329460781675792,0.01598269255117685,0.6887252703130454,0.015723176604723225,0.010616262802707183,0.007528555289389323,0.00597483165511205,0.021699032142222466,0.012083987071910248,0.008189287073045814,0.008162984511192437,0.028254592849794077,0.02344572727992373,KIDNEY
Kidney.M.2.Kdn_M_002_4,Kidney,2,male,m_2_4,k20,0.008180347593160307,0.01818996290717738,0.014609052087455904,0.10934787005517314,0.013762350488086066,0.009735535759787065,0.019515419518305814,0.013616704528362928,0.6662239289437395,0.014470823448862783,0.01049222049942141,0.008505985781760062,0.00515648354024072,0.01835734784509809,0.009389199991066811,0.008441574616871707,0.007454725350496931,0.013695662038994728,0.03085480500593863,KIDNEY
Kidney.M.6.Kdn_M_006_1,Kidney,6,male,m_6_1,k20,0.010172184753228421,0.052768104845311234,0.013223651267162248,0.03046705009055218,0.01781879437137964,0.011709534036945832,0.01563034660243105,0.01580021643435348,0.6794189098928117,0.016951121500961137,0.01297417785891161,0.02725523623086142,0.006258296267688095,0.02533927575545242,0.01306051318928894,0.00768541255459275,0.008441360700675719,0.016833153641655208,0.018192660005736928,KIDNEY
Kidney.M.6.Kdn_M_006_2,Kidney,6,male,m_6_2,k20,0.008368825664151112,0.024585105712748294,0.011622580745400235,0.09044265751572679,0.01767667594413096,0.012464967663796777,0.013373490763142405,0.013337282212352943,0.6627898675262801,0.015130715672272595,0.01140138825855996,0.037694975176795924,0.006455218126873507,0.022135918826909275,0.012346008762061813,0.010157958899224311,0.007432841729322656,0.007028267832500838,0.015555252967749372,KIDNEY
Kidney.M.6.Kdn_M_006_3,Kidney,6,male,m_6_3,k20,0.008629715396061586,0.020223790837576132,0.014176092518447534,0.0138221458196718,0.018614496822164945,0.012444519795145463,0.016247033377887427,0.040029800231518614,0.709312072840471,0.015757346618160906,0.010729643444143015,0.035865083486093734,0.00619817833696265,0.024652396647920176,0.013662085607284517,0.007815712880486462,0.00732035735419665,0.00716456639953483,0.01733496158627239,KIDNEY
Kidney.M.6.Kdn_M_006_4,Kidney,6,male,m_6_4,k20,0.010685503756772012,0.05148257813765472,0.01420796498830301,0.040278570266008604,0.016491809212984137,0.0098151892721497,0.013167945477654123,0.014173775863346698,0.6826183746738282,0.014558323274926595,0.011949733756592215,0.032291516923529474,0.006328392037284431,0.020446390752333485,0.01279035885564166,0.009157712664532459,0.007625894439459023,0.01485690838725624,0.017073057259743188,KIDNEY
Kidney.M.21.Kdn_M_021_1,Kidney,21,male,m_21_1,k20,0.005500966077046445,0.004205422599560981,0.010620511827426278,0.01785446816507876,0.014323618985813595,0.015579665697984664,0.010721424631278438,0.009722162380798878,0.7941864572205384,0.012592644671563893,0.010347828270402737,0.032297222617559525,0.004748236648854318,0.01953854392286324,0.010998809088317964,0.007514992312384567,0.005744327254140049,0.0018795130072551867,0.011623184621132134,KIDNEY
Kidney.M.21.Kdn_M_021_2,Kidney,21,male,m_21_2,k20,0.0053618134097555194,0.0065004830965746385,0.011139526003250466,0.03631756877909775,0.015316869822425704,0.013580275311235238,0.012010829533996903,0.010632643634388463,0.7668348565080083,0.013753645680005202,0.009589072220778377,0.03394384396006963,0.005008252632580117,0.020410282953205253,0.011110344875838826,0.007713097064550714,0.006097193558025377,0.0022943224150434546,0.012385078541170165,KIDNEY
Kidney.M.21.Kdn_M_021_3,Kidney,21,male,m_21_3,k20,0.005196934560649042,0.005916480008251624,0.012756209781464342,0.021589684447212487,0.015067996616909935,0.014793006684602225,0.013388462161691891,0.011052011756657692,0.7709624257651646,0.01464877338794856,0.010056106924628069,0.03729166750580627,0.00554051529671777,0.02144778548292492,0.012355749329540205,0.007667854126560997,0.0062201218079889695,0.0021391952739661267,0.011909019081314354,KIDNEY
Kidney.M.21.Kdn_M_021_4,Kidney,21,male,m_21_4,k20,0.004942945425099044,0.005175485238037597,0.017468445683058362,0.045478545705914766,0.01849075471823142,0.01534355419849561,0.01242251931524054,0.09571454931734165,0.6666946155926307,0.013710919213130154,0.01003318244506949,0.02683719134861614,0.006288760919998202,0.02080162074625869,0.011613164086242992,0.007373050353338268,0.010578063448897815,0.0021970330914254967,0.008835599152973042,KIDNEY
Kidney.M.104.Kdn_M_104_1,Kidney,104,male,m_104_1,k20,0.0052509592122590995,0.004833527847953314,0.013704854376536868,0.09416970519976932,0.015292734279020743,0.013454414096620295,0.009794819087028528,0.009561610716687263,0.6966724681567472,0.016917853621475437,0.01132961951797457,0.03476356124087649,0.005382489905870866,0.018431667450482966,0.011768792877044095,0.01923692146321201,0.006129924382310293,0.0017216395243696762,0.011582437043760762,KIDNEY
Kidney.M.104.Kdn_M_104_4,Kidney,104,male,m_104_4,k20,0.00667400823894318,0.00734422938949561,0.014169660863063078,0.017074810267465212,0.019083643856812327,0.01679389801203223,0.009081581332671172,0.01092334183792984,0.7331747537438489,0.017232389118187304,0.01219958691295961,0.04865141197422128,0.006219343592982063,0.026742599874704506,0.014850708600491936,0.01604584783765938,0.007983817939712808,0.0023845786765007986,0.013369787930318755,KIDNEY
Lung.F.2.Lng_F_002_1,Lung,2,female,f_2_1,k20,0.010975989016413357,0.012512081800393982,0.024533353340045864,0.022710583978440748,0.019062695388354353,0.028289418254700015,0.011078292622376846,0.012255031052629614,0.031685462503527696,0.0123113440821577,0.6030454319901206,0.006050734748233323,0.009862186990753108,0.04154635044150913,0.010706470875398763,0.00852016361258887,0.009266857750890487,0.06600231463566002,0.05958523691580539,LUNG
Lung.F.2.Lng_F_002_2,Lung,2,female,f_2_2,k20,0.012761225572713612,0.017497248528569806,0.027341585966314006,0.00632824688532487,0.01533884290765221,0.01995942681351049,0.01248900217618751,0.012091048696050878,0.018168268254812058,0.008424056590349756,0.5739944502543862,0.006624810764535716,0.004050466878888441,0.017178163397286103,0.00996576813393916,0.008465201930757628,0.008240915672319724,0.11256776811838115,0.10851350245802069,LUNG
Lung.F.2.Lng_F_002_3,Lung,2,female,f_2_3,k20,0.01027587090569086,0.00784647149666765,0.03406420403070703,0.015767775987646778,0.01571775595305737,0.012815668159826534,0.012873473656674081,0.01162626162920283,0.01789344054775719,0.010996725882469142,0.6488211877790635,0.0056822217843394375,0.008784033560200192,0.025844415271397775,0.01153828116148652,0.00893725720670381,0.013162569091981392,0.02998128657778466,0.0973710993173431,LUNG
Lung.F.2.Lng_F_002_4,Lung,2,female,f_2_4,k20,0.012720288190969353,0.01087019761208212,0.03900888401856814,0.01468285730650766,0.01567292363109846,0.016815728190135663,0.011251068084772903,0.011470101190556265,0.014917702152975465,0.016734518317901254,0.619914033600327,0.007641301317204699,0.005978424728793155,0.017346585535142154,0.009925664585053978,0.008730025394812883,0.014532087531895353,0.05691820080500624,0.09486940780619743,LUNG
Lung.F.6.Lng_F_006_1,Lung,6,female,f_6_1,k20,0.009483870436752192,0.008257537263322996,0.03211404321766026,0.018779211813834885,0.010804749303938438,0.017320510033302025,0.008742740372685645,0.008999435974878529,0.012643474218732935,0.032593599300657465,0.5613951416807181,0.006153214666773841,0.009167414242878586,0.027443871668310627,0.008925274246253364,0.011653044738747993,0.008593782779834856,0.06838432827106708,0.13854475576965014,LUNG
Lung.F.6.Lng_F_006_2,Lung,6,female,f_6_2,k20,0.012128584022203612,0.02345391940117604,0.016819834494151916,0.014230823752872103,0.008455475296988571,0.007945597342014006,0.007312465428278143,0.008105308471972763,0.019002100778370053,0.025287766141720423,0.4505647046617072,0.0053869485619870245,0.004576468336275009,0.011211054992345891,0.006878723340891664,0.007086009912539716,0.007461438826573836,0.15294831134691567,0.21114446489101635,LUNG
Lung.F.6.Lng_F_006_3,Lung,6,female,f_6_3,k20,0.012207116267208808,0.015499809740548915,0.013009858875153237,0.010824266949062904,0.010632771866302725,0.011335086177578158,0.007012542784898935,0.008418150664373927,0.01705758423612131,0.007998175658094119,0.5579062996398322,0.004496968883059702,0.003414499865634439,0.010792028315193564,0.008594736048914578,0.00888185212399093,0.012411822275541004,0.11276572872026872,0.16674070090822204,LUNG
Lung.F.6.Lng_F_006_4,Lung,6,female,f_6_4,k20,0.00889748443553548,0.011918368909193662,0.023300098870285443,0.010895591900511755,0.011814845814239978,0.005047936913086311,0.006862562714535901,0.257334002984716,0.008927204443332165,0.006191607754520249,0.4023114455479938,0.004156617460045634,0.005578267131527491,0.013012969018535492,0.010836995212635378,0.0057254194685648924,0.008051997567058196,0.056626651535492394,0.14250993231818987,LUNG
Lung.F.21.Lng_F_021_1,Lung,21,female,f_21_1,k20,0.011069532074360159,0.01204122558054129,0.009508454345945843,0.014675662993283317,0.014285277978209705,0.013824652657515724,0.010765545037401217,0.010094971097411622,0.024838058971510518,0.010131372296046567,0.5807543883972466,0.0053360411764250115,0.00533471759408862,0.015210688652517533,0.013040790796604028,0.010079970837753477,0.008215709739594209,0.07472939379563746,0.1560635459779071,LUNG
Lung.F.21.Lng_F_021_2,Lung,21,female,f_21_2,k20,0.00938594011140497,0.0238673095995143,0.005492948163381555,0.007142252132011064,0.006252702682711625,0.0065079037983983125,0.005138416640399373,0.005942778049412304,0.011182585810278353,0.006160221807639391,0.35244743018191904,0.003977496225430789,0.005571180506389349,0.011938108837194705,0.007713494107699587,0.006484416271878482,0.005813457748948092,0.18533604879950197,0.33364530852588675,LUNG
Lung.F.21.Lng_F_021_3,Lung,21,female,f_21_3,k20,0.010598643989712914,0.014155361868546329,0.0101788600859244,0.009972740548026868,0.010324265420129975,0.01167732273875025,0.007969442010891985,0.008949131279607711,0.020562929408148176,0.008371847074106984,0.5117307465964349,0.004534617320387438,0.002727672343507499,0.011110074323190526,0.011169955795768804,0.006924486128681326,0.007455657018936443,0.10475523778928014,0.22683100825996733,LUNG
Lung.F.21.Lng_F_021_4,Lung,21,female,f_21_4,k20,0.009462378428147657,0.011075415979027328,0.010877176064527474,0.007257342680487774,0.011537779857590476,0.007751772088607082,0.009781796343831728,0.009589381088042694,0.01588646732347529,0.010502809225051868,0.6121489897741094,0.005684487615643326,0.0039014958403362126,0.015453292127043166,0.01189547233335397,0.010120913822587096,0.012253919676577857,0.03850094086516155,0.18631816886639818,LUNG
Lung.F.104.Lng_F_104_1,Lung,104,female,f_104_1,k20,0.011959813725685817,0.007801230011294854,0.054473710192615224,0.02696119065673663,0.026236145617387505,0.02403844676605541,0.013797907189627248,0.072216027279354,0.01517640290811469,0.015648030927252473,0.6156586669966748,0.0072275162360716,0.007115554651742316,0.029712688314345797,0.015706488621367712,0.024663163435923757,0.009766744709670308,0.012412048888390243,0.009428222871689287,LUNG
Lung.F.104.Lng_F_104_2,Lung,104,female,f_104_2,k20,0.013705496660156103,0.006056828057153333,0.018345943592886924,0.03689397662965048,0.021061276601045488,0.015369073128695059,0.011922575509258898,0.010939385338827155,0.007556484758921965,0.016887425613995387,0.7406346512172538,0.007622200402763676,0.005210659501867041,0.020238120901683677,0.011232186977571751,0.028012043265226768,0.00708415988036202,0.010980514145644122,0.010246997817036547,LUNG
Lung.F.104.Lng_F_104_3,Lung,104,female,f_104_3,k20,0.01482434871273391,0.007191648435381931,0.023885873237403082,0.007095784972548108,0.016874345744180504,0.01987466238938172,0.010318588064762432,0.011504501689970588,0.01607652930142011,0.013605872780376045,0.7582154460920544,0.00622133755903377,0.0049513601523644285,0.02287006674236735,0.013027375407489716,0.02137292086201574,0.006911561993893624,0.01623743563624774,0.008940340226374972,LUNG
Lung.F.104.Lng_F_104_4,Lung,104,female,f_104_4,k20,0.012115376718604564,0.0038962036002382293,0.009579622189276634,0.02091890016481643,0.021251709386153384,0.025804066967224294,0.008915892117257511,0.010467074459267763,0.016331331994410867,0.012706336095617204,0.766812139159558,0.005540849893425985,0.00606941398377655,0.02877234554471974,0.012140124600713488,0.018317642757577347,0.006518604371265406,0.008163687532791288,0.005678678463305311,LUNG
Lung.M.2.Lng_M_002_1,Lung,2,male,m_2_1,k20,0.015398404557813309,0.043302242640285406,0.04954559837969382,0.013848150610619473,0.016545780150540805,0.011526238326574154,0.01024928705176377,0.012139099451539764,0.015819995371914326,0.009583045384336597,0.5314130573682088,0.004942725750502359,0.006112410458242707,0.017323724949843338,0.008831462715594355,0.009317284650206162,0.008288931418497214,0.1610966683548428,0.054715892408980886,LUNG
Lung.M.2.Lng_M_002_2,Lung,2,male,m_2_2,k20,0.013886195870630015,0.02421776661936994,0.09684113282216866,0.007427634728994875,0.0150996925453583,0.014660460617989396,0.013351650248662104,0.01331499596812196,0.013591083599094202,0.011133738449462952,0.6003126036713476,0.006045452212196059,0.005150982817276525,0.01711121976099475,0.01002957203733979,0.010445313113261285,0.008230257573304214,0.08575240601660276,0.03339784132782458,LUNG
Lung.M.2.Lng_M_002_3,Lung,2,male,m_2_3,k20,0.016151426265720626,0.04111173947594335,0.04873182021451587,0.0041303574370560436,0.015608882339199208,0.00990040535717556,0.00947013146259578,0.011632798713419394,0.024474401119145953,0.009529536694440371,0.5343644801334745,0.006386211956827248,0.006372250111978599,0.01771044989108412,0.010169327105567779,0.008480225250085793,0.008781213435931128,0.14179401663750016,0.07520032639833857,LUNG
Lung.M.2.Lng_M_002_4,Lung,2,male,m_2_4,k20,0.015025736199148374,0.02420164281454653,0.06879977018432859,0.013927232271484513,0.018240397189763176,0.012600675831799512,0.01210566825472143,0.013503389281546586,0.014386510201315936,0.01192494978161338,0.6131366485678266,0.006500984214011688,0.0066524134333491745,0.020615380817267465,0.01212523269931714,0.011756281905042538,0.009514788640297804,0.06982049571880083,0.045161801993818564,LUNG
Lung.M.6.Lng_M_006_1,Lung,6,male,m_6_1,k20,0.011891558202174383,0.016161360678684466,0.018135457596678985,0.0026757130167492063,0.012395055427747973,0.00986038938029192,0.008607561251006307,0.00960722893615247,0.0211473269124579,0.009144599829161552,0.5915024389294379,0.006228122187250437,0.003936076723047763,0.015082230723283754,0.00983210975076657,0.011977153580878632,0.007974601798660112,0.07448273631817302,0.15935827875739653,LUNG
Lung.M.6.Lng_M_006_2,Lung,6,male,m_6_2,k20,0.010660141789586389,0.018433559861002462,0.016068721286406778,0.004133904689921356,0.011695055381461194,0.010449859053366943,0.007173884325398631,0.008905165990034623,0.011275314253151585,0.007396981999332062,0.5733998478640534,0.004121141392240891,0.0035101989210578493,0.013323174226733138,0.007156411586000437,0.00657085997866506,0.006993072516243592,0.11003683280109539,0.1686958720842482,LUNG
Lung.M.6.Lng_M_006_3,Lung,6,male,m_6_3,k20,0.009545598564621692,0.010022682519780862,0.01860926938604361,0.007550915316495161,0.011044852204110155,0.01577733291884229,0.008497697236146491,0.07095022593735673,0.01261786127581101,0.008067612810772796,0.5162910946175943,0.0042329778380089675,0.0035398056587189397,0.010005518171804317,0.007366437073006948,0.006039657888377468,0.007131655854393552,0.11188412430058467,0.16082468042753018,LUNG
Lung.M.6.Lng_M_006_4,Lung,6,male,m_6_4,k20,0.010341982528221539,0.02648462441191747,0.013862103354642,0.01517809178213001,0.010904011169476138,0.006137669150363526,0.00813282504184724,0.008981864965826791,0.01675922618646503,0.025694312170291864,0.5190502954365479,0.0049149622027803075,0.006799432724170589,0.015217914418062216,0.00832759073404106,0.005996553234441854,0.00857216831601202,0.09805374046927086,0.19059063170349141,LUNG
Lung.M.21.Lng_M_021_1,Lung,21,male,m_21_1,k20,0.010861118952704047,0.03050978575103541,0.0068726831916985105,0.007312498432288068,0.008146570080016976,0.007738850019058746,0.006551879221512273,0.007793116021270106,0.010599738713468965,0.0065276406031354066,0.40088085915570854,0.0039129301554923345,0.002855098540964306,0.009900630965792395,0.006171800883818785,0.0063736244474137,0.0061934861138308525,0.1944536185751401,0.26634407017565065,LUNG
Lung.M.21.Lng_M_021_2,Lung,21,male,m_21_2,k20,0.009707192602048892,0.011554438422063718,0.028471172625816166,0.009961370224040316,0.009313661289311293,0.02260426314187541,0.010174513192714296,0.009287796321581466,0.022646367271432988,0.008989633182145925,0.5034286190648658,0.005633762765576727,0.004377832544115563,0.013360121938789223,0.016536970497168887,0.013002866687728359,0.007668784043215591,0.1419841225789072,0.15129651160660218,LUNG
Lung.M.21.Lng_M_021_3,Lung,21,male,m_21_3,k20,0.006854474304486366,0.0071606357117480965,0.009691264015615889,0.003626994374758457,0.010087331432208026,0.006289370383024502,0.009100032239619808,0.00787475811143129,0.010952309299486198,0.3046464606365278,0.3397313412878668,0.01310677410675221,0.01613372315410307,0.05091754120008622,0.008682872072505867,0.006513513652171548,0.007945680069848922,0.013279145028751736,0.16740577891900713,LUNG
Lung.M.21.Lng_M_021_4,Lung,21,male,m_21_4,k20,0.009682183890490047,0.015612569582944685,0.009180278649561648,0.1575659750878171,0.006431951633460719,0.009075485056737782,0.010503594664914977,0.007728289118068149,0.007343710292616685,0.005728993570955119,0.4256206701817535,0.004792145394357349,0.0037340869465255083,0.015439574027925266,0.005576555522600671,0.007206627557530283,0.00603471984915958,0.11530014064578897,0.17744244832679193,LUNG
Lung.M.104.Lng_M_104_1,Lung,104,male,m_104_1,k20,0.014882498231171206,0.0742766287109184,0.012803298758996716,0.004838193313404894,0.008206597089498932,0.004855472397083912,0.006401172951292601,0.008240762769414843,0.0112627742404298,0.006660042583649111,0.3802443533567556,0.005150417028030466,0.0032583043824022774,0.010616763896866947,0.006897488408013154,0.011134759788579198,0.006328155185656329,0.26478457118209764,0.15915774572573782,LUNG
Lung.M.104.Lng_M_104_2,Lung,104,male,m_104_2,k20,0.013381924502057992,0.03166822442950345,0.011800763814505795,0.006626139658363865,0.011187595080335365,0.006819789909290977,0.010688853779914069,0.010307638275132118,0.02098631806877516,0.008524714444002579,0.46497156435620784,0.004990793601446488,0.004581467064820417,0.01633309628285579,0.008686984927272887,0.012536509746655352,0.011250249761047201,0.13302880943766698,0.21162856286014567,VENACV
Lung.M.104.Lng_M_104_3,Lung,104,male,m_104_3,k20,0.007009419570019743,0.010936398130991301,0.008210060612430648,0.002864417962978128,0.009280074013447555,0.006983067587382399,0.007447761412233725,0.007309807064704361,0.02112546788243179,0.005867673411449388,0.4359999506069778,0.004399880255140427,0.004191709891272598,0.019114347302219167,0.007098444736601267,0.006530639056832805,0.006415098920276956,0.06305936808422964,0.36615641349838013,WAT-SC
Lung.M.104.Lng_M_104_4,Lung,104,male,m_104_4,k20,0.008237265648895334,0.003820777721652614,0.02100393747717497,0.007274136467154716,0.016854264788890044,0.02191722280598021,0.009364263802890004,0.010552591526337281,0.015990463718151254,0.012970525923924467,0.7683978621101129,0.006297635459825232,0.007174381454269392,0.02427611052416638,0.014459794375151054,0.028646256278760312,0.009412848635047173,0.006404050962922811,0.006945610318693752,LUNG
Liver.F.2.Lvr_F_002_1,Liver,2,female,f_2_1,k20,0.012700494733135215,0.009164354867204022,0.045327947007229634,0.03617408587618163,0.04951610515488894,0.04627462497517256,0.018916266209029222,0.02503010959674505,0.03126464926416857,0.49986801117213414,0.029482112178264814,0.01939403088295619,0.011460234245220165,0.07009999395620477,0.040258766916350434,0.022154430182741585,0.01426494748226646,0.005064734144191457,0.013584101155915115,LIVER
Liver.F.2.Lvr_F_002_2,Liver,2,female,f_2_2,k20,0.013040823594268676,0.005917989405248222,0.03263567396313544,0.044637118189262165,0.03771775854838624,0.03859402904053053,0.015343268952919367,0.020065900469835175,0.0369580916922894,0.5778964815835138,0.0256699526735603,0.015312491775001748,0.009280090575917449,0.0532236886669958,0.029995080828077617,0.019264341425525026,0.011709957921630272,0.0034925683571328404,0.009244692336770036,LIVER
Liver.F.2.Lvr_F_002_3,Liver,2,female,f_2_3,k20,0.013985601856410618,0.008024819970028565,0.03303628440440727,0.03639610214083212,0.04499487320473989,0.04725059857888215,0.020416460160032724,0.025137047037486666,0.026764246406632802,0.5434843912254567,0.027972706888036013,0.013553110706735224,0.009984429084268788,0.07091220047090871,0.03016137500153442,0.018388471479874966,0.013313871017823414,0.005097708085938852,0.011125702279970302,LIVER
Liver.F.2.Lvr_F_002_4,Liver,2,female,f_2_4,k20,0.011219973955036999,0.007694822095454213,0.033026552174951,0.024173502299877875,0.05040285363267669,0.05043353022092863,0.01850911945512844,0.024833694795161964,0.027963664215790697,0.5276741276251392,0.02856004798188463,0.01454299615471182,0.011119969779368225,0.08522381941028732,0.0369569977105668,0.018963225602916304,0.013632039068151011,0.0041855829302010535,0.010883480891767154,LIVER
Liver.F.6.Lvr_F_006_1,Liver,6,female,f_6_1,k20,0.004798874350739896,0.004769519176344662,0.011053776872105455,0.005348750508515184,0.022447455274726972,0.016853898445039765,0.007928184484523981,0.009789286990504995,0.012513089931274606,0.793805091016949,0.013575745216268528,0.02168319769115954,0.005199283819838999,0.02770497347989284,0.01196175233360216,0.008054984231248967,0.008428667173520924,0.002136002341378602,0.011947466662364861,LIVER
Liver.F.6.Lvr_F_006_2,Liver,6,female,f_6_2,k20,0.004640619111637198,0.0036079471451209793,0.017802893429484472,0.006788396226722507,0.020224562721981545,0.018853466774050063,0.008019410459943756,0.010386650725203636,0.012610814236797217,0.8000985254493507,0.011848466897362426,0.015332465527930102,0.004672997925410536,0.02839136553306585,0.013731264215150689,0.008953472626532306,0.005999960652603444,0.0014943547949589303,0.006542365546693573,LIVER
Liver.F.6.Lvr_F_006_3,Liver,6,female,f_6_3,k20,0.0057389268330516425,0.003600243382639646,0.015308131376918098,0.009702159503799046,0.020103911892776587,0.017626313582418018,0.008619766401073143,0.010314729187944916,0.012450752969859194,0.7923656683435357,0.016566456967502405,0.01786882423779123,0.004915432651205146,0.028373851553555873,0.013970842556399502,0.008589877906428962,0.006518692110545979,0.0015256515252190827,0.005839767017335939,LIVER
Liver.F.6.Lvr_F_006_4,Liver,6,female,f_6_4,k20,0.005529755035873978,0.0044023610775174825,0.013456435839205104,0.014848233460165087,0.022378661507782765,0.0171107629153612,0.00818950010169323,0.010240147431280353,0.013639381777019526,0.7881492500574429,0.011059948763379205,0.019277701484515557,0.005296772872083782,0.028230729627619657,0.012630824808322151,0.008476223671909748,0.006152413320382052,0.0019258171904064398,0.0090050790580399,LIVER
Liver.F.21.Lvr_F_021_1,Liver,21,female,f_21_1,k20,0.005252063330812621,0.005306865421866774,0.011031873910982141,0.006830631473231018,0.016729893064483935,0.01629923087409986,0.006913413370049833,0.008946945323912388,0.008402122322064028,0.8271205220758551,0.009761034816574643,0.011321572826570467,0.004926701486083976,0.02424698316484018,0.010726913870861998,0.0077668515347998745,0.006565267936794494,0.0030105869466729557,0.008840526249443394,LIVER
Liver.F.21.Lvr_F_021_2,Liver,21,female,f_21_2,k20,0.007681525544704834,0.004631162915224442,0.008962190109195444,0.011478612440581647,0.017755088669303625,0.012453707603933297,0.007417713295083692,0.008670347669206236,0.014885721586246176,0.8228653110158751,0.010604260926167529,0.011930158341534793,0.004386337777410964,0.023723981337100082,0.012033172580154714,0.007800919474728937,0.005015131862699678,0.0021333246011171884,0.005571332249731667,LIVER
Liver.F.21.Lvr_F_021_3,Liver,21,female,f_21_3,k20,0.004512398462334019,0.00353801725627293,0.011619314392990594,0.006451558522267131,0.018589058043124895,0.016230916029000675,0.007607572354109031,0.009111348370418165,0.009531414423585004,0.8283110626145292,0.010978888551473184,0.013242106524776752,0.004102799370553796,0.023406571548019083,0.011618494398773776,0.0083048289356341,0.005391443921317937,0.0016226105329947354,0.00582959574782491,LIVER
Liver.F.21.Lvr_F_021_4,Liver,21,female,f_21_4,k20,0.005159839446688964,0.0028845390120736587,0.009703364419930279,0.0061285999565013245,0.016993343858488275,0.013405659611453579,0.00791653609215722,0.008555133267501493,0.01162114673868869,0.8344532424808977,0.009517213084512652,0.012936158836849223,0.004539606299227239,0.025083852873754385,0.01102268633136842,0.00756761102023657,0.004940492539793159,0.0012693692880535843,0.006301604841823732,LIVER
Liver.F.104.Lvr_F_104_1,Liver,104,female,f_104_1,k20,0.004042100853105492,0.0036086029040928846,0.011225163209443742,0.005793512917936862,0.017707407868409963,0.014401952869593379,0.006590126893809121,0.00848174400981544,0.009601818083312126,0.8353888554381134,0.010246105016767211,0.009343379329888478,0.004479496904324431,0.029580374971494336,0.010574294377665256,0.006834348219889659,0.0051383173211675265,0.0015671055375395006,0.005395293273631129,LIVER
Liver.F.104.Lvr_F_104_2,Liver,104,female,f_104_2,k20,0.004055503016515466,0.002606011900450886,0.011293054303025575,0.003897982103386616,0.017709878121942788,0.016261954195468553,0.006349157500353319,0.008106724519634081,0.010718472510561562,0.8427959884162329,0.010643792416538317,0.01103345810148545,0.004255126716185362,0.021394974864245048,0.010988037110207733,0.007315340403322616,0.004746659719694098,0.0012493637928243553,0.0045785202879252305,LIVER
Liver.F.104.Lvr_F_104_3,Liver,104,female,f_104_3,k20,0.01573849546525789,0.004916888648528128,0.012984953098353366,0.025147186674621957,0.029842184091356354,0.01563206946868729,0.010858361038457743,0.010739778109087503,0.0314020793577706,0.718160309615912,0.02324333659286416,0.011384911845212023,0.008438624833538657,0.017977967376362685,0.02035726039643733,0.010817814546311382,0.022553902872345977,0.004401295586117512,0.005402580382777334,LIVER
Liver.F.104.Lvr_F_104_4,Liver,104,female,f_104_4,k20,0.010932047494167907,0.0051309950069559525,0.011945907710459641,0.0034015851126437905,0.02523859233279547,0.017635779094211282,0.00991497350234971,0.010333022170274991,0.03342754964662854,0.7513870590862788,0.020119619453084162,0.014746697106041439,0.006675165146669082,0.026080190058044538,0.02181748243588494,0.01333359635334456,0.006266443062181819,0.003485159296282121,0.008128135931701348,LIVER
Liver.M.2.Lvr_M_002_1,Liver,2,male,m_2_1,k20,0.015894953241482337,0.00823701085975215,0.048369236895369726,0.03451867300756817,0.050736759808283585,0.04986064769803166,0.02170224598767877,0.025676742223928593,0.041801162582513166,0.4710696814140363,0.030086195492971625,0.01385444580165714,0.010063383150223785,0.061023537589521386,0.056648149208077654,0.021409761836491945,0.014874902937248382,0.007480817912115324,0.016691692353048324,LIVER
Liver.M.2.Lvr_M_002_2,Liver,2,male,m_2_2,k20,0.02976954599719993,0.011520662890041415,0.029509319283541665,0.1177815871509808,0.05679606240240686,0.02828290406177179,0.017899608248136172,0.02239846230287868,0.06316644813028245,0.38723479223709567,0.033583425760413406,0.014831702476283414,0.022759679342965026,0.07051717943689173,0.04443199184128464,0.018432539887762556,0.014268933144212037,0.0065261669145426655,0.010288988491309164,LIVER
Liver.M.2.Lvr_M_002_3,Liver,2,male,m_2_3,k20,0.015783572647492108,0.008508923610679228,0.03776068653464004,0.015645716523544885,0.059806831457486054,0.04917179591863093,0.0225124136574208,0.02759638933547878,0.03239457689913045,0.5070431443131805,0.02819167827383118,0.012973860731130016,0.00964045015199262,0.07233242734445997,0.04955823341705797,0.02126651420812956,0.014303592820533671,0.005210769912037258,0.010298422243143781,LIVER
Liver.M.2.Lvr_M_002_4,Liver,2,male,m_2_4,k20,0.0158883349637814,0.008941787461779177,0.02876062458070872,0.042125927522804515,0.048697171025071394,0.04121998096977844,0.024574439108291733,0.02660542723494923,0.04087095061471592,0.49839234980001457,0.026627475179500714,0.015742637392170283,0.012574767336015234,0.07691865216914992,0.04009412677498005,0.02048981588202066,0.014358946625953656,0.004591912119074284,0.012524673239240097,LIVER
Liver.M.6.Lvr_M_006_1,Liver,6,male,m_6_1,k20,0.008938500585526482,0.003917691388256181,0.009922033260770274,0.0068626331635838304,0.013943367218083853,0.01414855731437454,0.007053712589763384,0.008262627824386583,0.018951183524951055,0.8140946383959521,0.011973046835602566,0.02174313668397503,0.0044616464477152725,0.02049285624199321,0.013692859864318214,0.00790899383640912,0.00529893100839984,0.001985992609743935,0.0063475912061947025,LIVER
Liver.M.6.Lvr_M_006_2,Liver,6,male,m_6_2,k20,0.003832572994855341,0.0033971834266687635,0.010077902460607002,0.006052165379138549,0.01555282703077798,0.013876915113376647,0.006210456295798296,0.008020662866023142,0.008280081368147231,0.8405937366771639,0.009255182143886796,0.020941860953447064,0.0037234410203915926,0.021248030862182275,0.010461823640451697,0.0065638379838301435,0.005177823210928978,0.0010689822844520283,0.005664514287872362,LIVER
Liver.M.6.Lvr_M_006_3,Liver,6,male,m_6_3,k20,0.004963313476525334,0.003842384884627112,0.014714610443442128,0.010421851294525247,0.015062119345242033,0.014909299036535872,0.006666222486132711,0.008294725707051524,0.009791426487529087,0.8144293089878183,0.010487823532561516,0.02481361125734968,0.004657844164163818,0.018957293238230918,0.011590859637143614,0.007570162466504006,0.007839554765467651,0.0018606308761747042,0.009126957912974937,LIVER
Liver.M.6.Lvr_M_006_4,Liver,6,male,m_6_4,k20,0.00514035333876142,0.003814244668716562,0.01062178556611856,0.0029112261389106085,0.018247137666396917,0.016074504853335846,0.007097581871845548,0.008922058471413008,0.008395402032137924,0.8119218366065947,0.012222711416142987,0.02426803248890909,0.005158977429354322,0.029196699835459854,0.012698455666441212,0.006798701455996736,0.0053963467472254775,0.0015776005503381847,0.00953634319590113,LIVER
Liver.M.21.Lvr_M_021_1,Liver,21,male,m_21_1,k20,0.0040530008940590214,0.0032193577376779165,0.01021188373628563,0.0023266529525131515,0.013205853150580978,0.010922181887081378,0.014732261698027282,0.008971673381136684,0.008210537741688121,0.8388342842007241,0.009053142159818792,0.019778167713994224,0.004783353329786751,0.019924171359268987,0.009385350911371467,0.009686805575741218,0.006684441540252274,0.0010126851064546985,0.005004194923537379,LIVER
Liver.M.21.Lvr_M_021_2,Liver,21,male,m_21_2,k20,0.004014941480730975,0.0036440984339061143,0.011352765576404815,0.005011300622926032,0.013360406722794873,0.010801130185458026,0.006013268797704198,0.00705520156452754,0.0077459050440692925,0.8467012606239255,0.008043286025737447,0.021777472826760493,0.004287698155396841,0.0218277861643201,0.009044628091744568,0.008419183611565356,0.004163098015878033,0.0011632686791512529,0.00557329937699858,LIVER
Liver.M.21.Lvr_M_021_3,Liver,21,male,m_21_3,k20,0.0028020961266957806,0.00257821475175108,0.008177302576898887,0.003216929159489855,0.011746359604105857,0.009515532103165377,0.004658666410441574,0.00577082728792554,0.006609572100356972,0.8607751689175265,0.007343869644663947,0.022647694110483212,0.0031168104260826317,0.0157802368979587,0.020151841830203472,0.005447213394566729,0.0036749565893909996,0.000781327628999577,0.005205380439293291,LIVER
Liver.M.21.Lvr_M_021_4,Liver,21,male,m_21_4,k20,0.0032792427521046532,0.0028588182684160255,0.008126885884244234,0.004765863853494077,0.014170122891088304,0.010519983816567612,0.005481101639188569,0.006672852620423811,0.009941891807301595,0.8517967913377257,0.008325839672424763,0.02481505991623003,0.0031953769373533896,0.015747269954936655,0.009236613736164082,0.00544060222065239,0.005512395819333846,0.0010778184416681757,0.009035468430681856,LIVER
Liver.M.104.Lvr_M_104_1,Liver,104,male,m_104_1,k20,0.004189254410524034,0.0023218974728264554,0.011283270700049409,0.00945381213928011,0.013531419134406,0.014424509094540771,0.0075644177164336905,0.007872612597810994,0.009708836886176256,0.8429065656927133,0.009350771417015716,0.012860573551486325,0.003926605086685567,0.023235732055052864,0.009981515517822677,0.0062643283475887785,0.00492994170693403,0.0012002257209174797,0.004993710751735633,LIVER
Liver.M.104.Lvr_M_104_2,Liver,104,male,m_104_2,k20,0.004473677584440782,0.0023020858718661736,0.007992935660874065,0.0020192472086825466,0.012565862275607607,0.011145014879286885,0.006405402696737463,0.006547431250325328,0.007843601699704184,0.8775671486263378,0.007654828089345341,0.011445067988299694,0.0032966198703339817,0.014718190227213844,0.008410463056172542,0.006294608464743396,0.003845559879365689,0.001143474612527712,0.004328780058134765,LIVER
Liver.M.104.Lvr_M_104_3,Liver,104,male,m_104_3,k20,0.0038991793264943103,0.002884221016602412,0.010376500925048191,0.003934935601118008,0.019795322486982504,0.013696453380548632,0.006316554050723865,0.0080032078179799,0.008322343050052746,0.8443714235788818,0.009886082062289818,0.012135391405247524,0.003705653017629828,0.022119259630928995,0.011847089989696082,0.008148764216210675,0.004709303800009533,0.001078029500756026,0.004770285142798902,LIVER
Liver.M.104.Lvr_M_104_4,Liver,104,male,m_104_4,k20,0.0058289432676297765,0.00385481548602985,0.008022330728848457,0.0024734228813093223,0.019079319062218107,0.012221859908824968,0.00585637429092891,0.007479432542364199,0.015420200610324206,0.8462443380309219,0.008768482347948484,0.011371427559018165,0.0040242588178440696,0.02043607994040374,0.010635041349076736,0.007681004236040695,0.004309779879888666,0.0016599731279643949,0.004632915932415552,LIVER
Muscle.F.2.Msc_F_002_1,Muscle,2,female,f_2_1,k20,0.002595650502766326,0.022698208681785615,0.0036970040579738083,0.002974407004290691,0.005613501566530323,0.0031497808540039587,0.004341931200420333,0.0041118069586049254,0.006126199883944273,0.0034950584540628196,0.004227227968517032,0.003920514080087383,0.5164521329718811,0.3244797205195553,0.003931828342154617,0.0029957235316823813,0.004505157019181211,0.011100964397122562,0.06958318200543535,SKM-VL
Muscle.F.2.Msc_F_002_2,Muscle,2,female,f_2_2,k20,0.0019348299126111532,0.026352493897180827,0.002258013743469162,0.0020777989165628756,0.003042747115520198,0.00206625610351259,0.0018749160250798975,0.002283464884215948,0.0022743731635865264,0.0023462900256265265,0.0020148979733140156,0.0028257642596396762,0.6506538558334025,0.28169355528631185,0.0020273294217345644,0.0019739620461505622,0.0020159094068645947,0.005373971930428923,0.004909570054787529,SKM-VL
Muscle.F.2.Msc_F_002_3,Muscle,2,female,f_2_3,k20,0.003575816900211966,0.04846243240809415,0.004479076307748583,0.0011925481416076712,0.0056221582315847075,0.004361189579436813,0.0034264707143423006,0.0042594204354365955,0.003089147607459359,0.003928832189357751,0.0041837082872170014,0.0039059722507102292,0.611654670857855,0.2693092388506436,0.004199127373927743,0.0033564681924111678,0.00531557143509233,0.01112567131757909,0.004552478919283919,SKM-VL
Muscle.F.2.Msc_F_002_4,Muscle,2,female,f_2_4,k20,0.003321207918104528,0.03302464899134927,0.005470442855429293,0.005418361052536748,0.006143455849666435,0.005268221888625154,0.003589638657019534,0.00451592982037806,0.004292025823702253,0.003683673817759719,0.0038696694759235177,0.004327481690395383,0.41805534890964596,0.47050974297353276,0.004090217958146871,0.0034664042254914725,0.0037094887112043107,0.009531306829878945,0.007712732551209909,SKM-VL
Muscle.F.6.Msc_F_006_1,Muscle,6,female,f_6_1,k20,0.0012455700428981344,0.019209514996377963,0.0014184201723795719,0.00044458662366554983,0.0020747074644832113,0.0013614738902936617,0.0013543299237820084,0.0015507499841560849,0.0009942493996252637,0.0019169934334436387,0.002299780174216199,0.002188576050415229,0.7100365403850692,0.24345368812577475,0.0013638873583206917,0.0013540760295390147,0.0027569074489398942,0.0030197581921209424,0.001956190304498833,SKM-VL
Muscle.F.6.Msc_F_006_2,Muscle,6,female,f_6_2,k20,0.0007930421107607148,0.014569512048210491,0.001584345340072468,0.0005132246108012886,0.0019239456172110898,0.0013788420549087545,0.001150716298802611,0.0013228748071212161,0.001270217220863723,0.0012266081890698881,0.0011962752709501513,0.0019145054738421848,0.7739590707921461,0.18977345096784157,0.00121905644409282,0.0010677650143410976,0.001170200934191765,0.0023083040567972103,0.0016580427479746071,SKM-VL
Muscle.F.6.Msc_F_006_3,Muscle,6,female,f_6_3,k20,0.002248084555513094,0.02644502272883809,0.002819074539924793,0.0012005040952695082,0.0050421950137056505,0.003534478401077984,0.0028020890638615764,0.0033600272302318356,0.002871037320016082,0.003048602387608611,0.0054661952811136194,0.004122078013400692,0.6318849600964437,0.2858204870814269,0.003732233416742559,0.0024051950735991872,0.0028053980611039025,0.005485869821032261,0.004906467819089977,SKM-VL
Muscle.F.6.Msc_F_006_4,Muscle,6,female,f_6_4,k20,0.0008555403861241828,0.01550739760108173,0.0011338782542113176,0.0010596986046702305,0.002223158905648386,0.0009994321348736207,0.0013476991522135202,0.0013217089282577237,0.0013364474098729406,0.0011134703105776338,0.0014527386453538774,0.0016337696461737193,0.8154273321717254,0.14319306657651032,0.0011175077693409067,0.0008840429489187883,0.0015361624405291186,0.003424638658685174,0.0044323094552315145,SKM-VL
Muscle.F.21.Msc_F_021_1,Muscle,21,female,f_21_1,k20,0.0011192858570349678,0.011246690813999082,0.0011714550170731192,0.0007866985435148748,0.002181332711418261,0.0015401639292891153,0.0015343662102799277,0.0015676741577425356,0.0017915960884074414,0.001479738674938137,0.0027458887898473296,0.0020072710556183265,0.5841244320724336,0.3786670586442609,0.001671908263731604,0.0011280884407640634,0.0013852037764438977,0.0020055159630160144,0.0018456309901869637,SKM-VL
Muscle.F.21.Msc_F_021_2,Muscle,21,female,f_21_2,k20,0.0005385624039951175,0.008164745656724015,0.0008388490473103373,0.0002396642577970701,0.0013806399893065932,0.0008153557293865699,0.0008253045090326393,0.0008484416232101219,0.0007507314397768053,0.0008217536558075346,0.0013423731561426262,0.0010447998642514685,0.7827049250329537,0.19496071959124942,0.0008043004280930647,0.0006675715451348574,0.0007802249919834638,0.0013724008726500835,0.0010986362051945593,SKM-GN
Muscle.F.21.Msc_F_021_3,Muscle,21,female,f_21_3,k20,0.0007093111285038993,0.012106004347475675,0.0010683535489620947,0.00042446771892633083,0.0015646732074929516,0.0008864865927626001,0.000842004726708191,0.0009985952393060946,0.0010704684816470026,0.0009227262760837997,0.0010808135146924184,0.0013437943083920325,0.7817500942462815,0.18909805742764085,0.0010792404486000323,0.0007727739205566959,0.0009852897819340445,0.001854859346035012,0.0014419857379986086,SKM-GN
Muscle.F.21.Msc_F_021_4,Muscle,21,female,f_21_4,k20,0.000832439721059774,0.010145725462175311,0.0012501879962452261,0.0005064123329619854,0.0021044158642952583,0.0011926046776267328,0.0010639615114612342,0.0012385390057843932,0.0012123068800904914,0.0013067488776291336,0.0015854211148686678,0.001323023576111375,0.5316292667702547,0.43753065989835294,0.0012498339785820462,0.0010616154973088529,0.0011715873474122842,0.0018198490274293764,0.0017754004603504237,SKM-GN
Muscle.F.104.Msc_F_104_1,Muscle,104,female,f_104_1,k20,0.0007598432709609368,0.009234830655952226,0.001277167224495885,0.0003897840502927842,0.0020501101025998366,0.0013396544017110757,0.001357497367571734,0.0013435590104808538,0.0011711768841572425,0.0014045661767666917,0.0015185912969790123,0.0017471771606468868,0.6748101980696607,0.29501633377620307,0.001324619356173433,0.0014387394074008115,0.001221276685977574,0.0013009551285394548,0.0012939199734297308,SKM-VL
Muscle.F.104.Msc_F_104_2,Muscle,104,female,f_104_2,k20,0.0011796272125140898,0.01269038050050112,0.0017304606275544655,0.0004920534330422018,0.0029766545523156928,0.0015638146599379558,0.002508159359442235,0.0019165412295064667,0.0015555875745618909,0.0021327403864073837,0.001776034337812781,0.0029413679568434294,0.5170307745679987,0.44014795707571025,0.001999376973782074,0.0013703493878663732,0.0015429074193375031,0.001951681436745597,0.0024935313081196064,SKM-VL
Muscle.F.104.Msc_F_104_3,Muscle,104,female,f_104_3,k20,0.0012754483576332346,0.011004949571343986,0.0016411046368581912,0.000603090032530729,0.003337631089431253,0.0018825306398927446,0.0017599210542914403,0.001959724018808504,0.0025045700843243928,0.0028917720117239342,0.0022284484275220434,0.0034492187772436726,0.6416704844591121,0.31015603520205437,0.0021566121843804792,0.0015046088026774856,0.0018705986378829615,0.00219459964369816,0.005908652368590417,SKM-GN
Muscle.F.104.Msc_F_104_4,Muscle,104,female,f_104_4,k20,0.0011292906132937507,0.00837702072737666,0.0012332690326920244,0.00075891443281941,0.0018122918095587655,0.001090225511329026,0.001401283801687838,0.0012229392150424048,0.0016108320429286701,0.00150569029107668,0.001518914014690651,0.0022233483420028097,0.6959746540136014,0.27405902029875406,0.0013383533284890595,0.0011130843868631614,0.0010558593367589804,0.001322715861222148,0.0012522929398126573,SKM-VL
Muscle.M.2.Msc_M_002_1,Muscle,2,male,m_2_1,k20,0.002597127798602144,0.037629869507807896,0.0029785592460187154,0.005781283160965757,0.005039836766532252,0.0035601168787977202,0.0029594788789654974,0.0035402692257035227,0.0029453356707769417,0.003136165988661189,0.0028755941645709215,0.00273660586220492,0.5346412269808829,0.369385612342329,0.002919333506038922,0.0022334201676564858,0.002712298715997257,0.008206820764216844,0.00412104437327121,SKM-VL
Muscle.M.2.Msc_M_002_2,Muscle,2,male,m_2_2,k20,0.0028746517816881103,0.029502656073106134,0.0041258362810402665,0.0029966696950111857,0.004544814311306502,0.0024452940233101145,0.0029050867520210646,0.0032124589087392246,0.0047234381845082316,0.0029545682775417768,0.0029857873929195616,0.002984056094040136,0.6719535693114319,0.20694174048279293,0.0025198644110568046,0.002247426734333988,0.0036361865996248654,0.013365451306323464,0.03308044337920347,SKM-VL
Muscle.M.2.Msc_M_002_3,Muscle,2,male,m_2_3,k20,0.007027732312719491,0.06586626503904311,0.012268211746983382,0.0026784062571306947,0.006706644120595258,0.00506273996373635,0.004868573873924397,0.0056545966273001125,0.006162535326223292,0.006665612974905041,0.005231000792475371,0.006194106609090306,0.5155021777553349,0.2990133393860815,0.0054250592710431535,0.0051835584916682075,0.006017662746466932,0.02249310621794829,0.011978670487330223,SKM-VL
Muscle.M.2.Msc_M_002_4,Muscle,2,male,m_2_4,k20,0.0021950933302461568,0.019170189597812876,0.002411290854835992,0.0015265047254724522,0.003885527202477264,0.0021786870660851663,0.003676937755961553,0.0033317784995943035,0.006223172918227087,0.003070470369733835,0.0030541736651273246,0.002710402126406681,0.2958531102537108,0.261444407100608,0.003122886941158089,0.0016895166535830903,0.005228381919954195,0.018662448703929285,0.3605650203150759,WAT-SC
Muscle.M.6.Msc_M_006_1,Muscle,6,male,m_6_1,k20,0.0038316838158515562,0.021004178939647487,0.0024061057795219925,0.0010209512742197697,0.0029968342109653063,0.0020547359871190534,0.0018588486445192994,0.002210517911719902,0.0027176638172455693,0.002248072209168905,0.0028618645761897647,0.004109021316103492,0.7485961543325479,0.1844107720812743,0.0023113081722629476,0.0021016256253563927,0.002088952015469748,0.00566123006343511,0.005509479227381666,SKM-GN
Muscle.M.6.Msc_M_006_2,Muscle,6,male,m_6_2,k20,0.004040158411541043,0.02235157425152861,0.00287759777302712,0.0006933867324449786,0.003023890635203124,0.0020482815122803213,0.0020232654559005593,0.0023338904688186613,0.0023486787642331705,0.001965949144377845,0.002214045781579691,0.002409498230544898,0.5821731886999632,0.34959507967755615,0.002369564730862841,0.0021255074168115605,0.006651681105478682,0.005662067419874035,0.0030926937879736157,SKM-VL
Muscle.M.6.Msc_M_006_3,Muscle,6,male,m_6_3,k20,0.005358785228361969,0.0658515512089014,0.004686181015012473,0.0028568230886787745,0.007686477769508555,0.004571618222446897,0.0045666184263684646,0.005820045165064447,0.006264412560559515,0.005347463015009968,0.006935572752169664,0.006010735068030141,0.46985777060143585,0.35298935201951076,0.0051564344851576785,0.004906918535542797,0.009732627769014623,0.01617268315252601,0.015227929916700075,SKM-VL
Muscle.M.6.Msc_M_006_4,Muscle,6,male,m_6_4,k20,0.0020396469717789,0.019220930735304082,0.002174848459622525,0.0006945906306889401,0.003570751369835752,0.0023606454751164936,0.0022989514853467585,0.0024154552915448585,0.002829321914252375,0.0023609211671008195,0.0022159954052957537,0.0030504105395385383,0.5442937875484203,0.39468234858175755,0.0027537737645213934,0.0020812716435155633,0.004088140984395281,0.0037534640688027324,0.0031147439631614552,SKM-VL
Muscle.M.21.Msc_M_021_1,Muscle,21,male,m_21_1,k20,0.0007431215925541625,0.010097700067557903,0.0009617881510919197,0.0005298654387807769,0.0022187702256879858,0.0012148986870550538,0.001478575603724517,0.0013568482407502805,0.0010918037575681936,0.0011291012410706274,0.0011570364535985398,0.001261176243363148,0.41883067820198766,0.550887196822734,0.001123609018102361,0.0009335260498849883,0.0019563120278705977,0.0015427182452461483,0.0014852739313711478,SKM-GN
Muscle.M.21.Msc_M_021_2,Muscle,21,male,m_21_2,k20,0.002356759669023984,0.01068990503521172,0.00123770368648473,0.0005282332202961798,0.002789336001520562,0.0020071285469784473,0.0024824988430451095,0.0019598523699733976,0.0030704014802994304,0.0030552777296595462,0.0030092108356094154,0.0022461351167870386,0.5163509618842825,0.43586997845873754,0.0019909115103055063,0.0013538743919185882,0.004152974234625272,0.002798632334209687,0.002050224651031068,SKM-GN
Muscle.M.21.Msc_M_021_3,Muscle,21,male,m_21_3,k20,0.0010646556393512203,0.008831993853206566,0.0007240476752517388,0.0004814266883549274,0.001413519552088496,0.0010528876081841736,0.0011488081191578633,0.0010760710760737162,0.001584728481804926,0.0010973457809480545,0.0011702287965944204,0.0010049737486671532,0.7001719319400371,0.2729438753817983,0.0009896232002806122,0.0008704170290528884,0.0013524651018546711,0.0017910549295901683,0.001229945397702898,SKM-GN
Muscle.M.21.Msc_M_021_4,Muscle,21,male,m_21_4,k20,0.0005876149434612324,0.00735344289609217,0.0009056562372898631,0.000419096575048746,0.001637747125026695,0.0010221538382324288,0.0013072355072474473,0.0011308893382910936,0.000958952280614699,0.0009736586395693523,0.0009408699654416316,0.001034307178645999,0.5452953210673475,0.431134801918387,0.000981261332486091,0.0009567179866408536,0.001134098043073462,0.001072488182925933,0.0011536869441778229,SKM-GN
Muscle.M.104.Msc_M_104_1,Muscle,104,male,m_104_1,k20,0.0011580594805587268,0.010677959469363774,0.002029729122398498,0.0005908637101164628,0.0029407882236378797,0.0021189009531164607,0.0016036158510680586,0.001933495724674525,0.0018220056334067444,0.0020098069348845685,0.0023966366080955866,0.00224362895434576,0.3955999777690637,0.5633127960726334,0.0020715005164375065,0.0017510981448561717,0.0015725837158225631,0.0018462754585335604,0.0023202776569861603,SKM-GN
Muscle.M.104.Msc_M_104_2,Muscle,104,male,m_104_2,k20,0.0017472217426276236,0.01563493150798896,0.0031996762232098064,0.0007314806022665368,0.003595657745366525,0.002672866607559993,0.002145994658744308,0.002493438864982341,0.0017228843680877862,0.0026181099891870417,0.002990768802596631,0.0034270585705028457,0.3811667865119177,0.5631143879589378,0.002505173845038492,0.002471706767876232,0.002165730321003863,0.0028933456987858415,0.0027027792133195393,SKM-VL
Muscle.M.104.Msc_M_104_3,Muscle,104,male,m_104_3,k20,0.0013796028365060326,0.012196515519201406,0.003706430610678324,0.001142122068661388,0.004068056662887472,0.0032592220440402714,0.0020686173148097998,0.0025295537496670116,0.002496183144684736,0.0022945931317906697,0.0026338465004048686,0.0028019102116142044,0.320988415937786,0.6260344747146565,0.002878725549036652,0.0025565550779560304,0.0022418627948005603,0.0023816022578209517,0.0023417098729973814,SKM-VL
Muscle.M.104.Msc_M_104_4,Muscle,104,male,m_104_4,k20,0.0007298368127320815,0.007419313174029155,0.0010736946180597642,0.0009321430315040194,0.0016410350289167359,0.0010302943037556805,0.001053110092914245,0.001063742649663894,0.0011782349991662465,0.0009768509301342008,0.0010095651629483306,0.0017915966803476666,0.6163968124274533,0.3586712950009021,0.001089536077241892,0.0009330942667805701,0.001011240908004857,0.000945796999052535,0.001052806836392746,SKM-GN
Spleen.F.2.Spl_F_002_1,Spleen,2,female,f_2_1,k20,0.002854879820345842,0.0018451746903335815,0.5316061262365854,0.018369189397883314,0.005640840166427784,0.003665357273480469,0.0026283377528243165,0.0536787427776023,0.00438463877395046,0.002890080077619629,0.0058949746076900535,0.0021075477087646004,0.002118971650754181,0.00426771556025627,0.006407285464118758,0.34387409237908856,0.0022707480750754155,0.0023112676193024423,0.0031840299678966644,BLOOD
Spleen.F.2.Spl_F_002_2,Spleen,2,female,f_2_2,k20,0.0024262406077528286,0.001374539635773302,0.557998061509225,0.004982559706236663,0.005417417109862236,0.005011255529007903,0.0027942896880911285,0.02944146343267764,0.003954418270264028,0.0029480495617685903,0.004793198622193435,0.0024989415336942314,0.0017150893457066958,0.0046301089928731986,0.005848255560358238,0.35729569169137865,0.002054138477574026,0.001903325605336004,0.002912955120226201,BLOOD
Spleen.F.2.Spl_F_002_3,Spleen,2,female,f_2_3,k20,0.003897142055772537,0.0016144647547623981,0.5405628906832731,0.007416178934861699,0.006838956838801076,0.005650531986105602,0.0032858900452845037,0.003971535626446144,0.004621248746340387,0.004745296204587295,0.006525765051171065,0.0024986102605211945,0.0025952074582078315,0.00847726363367148,0.00768611840678859,0.3813825104132107,0.0026002985277676343,0.0020228584504712144,0.003607231921955545,BLOOD
Spleen.F.2.Spl_F_002_4,Spleen,2,female,f_2_4,k20,0.002710069949096341,0.0013479628680262495,0.5719684936286421,0.0090069948333906,0.005456764363331821,0.004228750855911108,0.0026758103958772405,0.016136596814735334,0.004060920433678537,0.0033390200975511436,0.005810792932575494,0.002064734309213027,0.0020290369471996773,0.005480684723635839,0.005206826495259314,0.35185538557467605,0.0021935822630307134,0.0015508728714271633,0.002876699642742422,BLOOD
Spleen.F.6.Spl_F_006_1,Spleen,6,female,f_6_1,k20,0.004162202173187733,0.002631742228510005,0.21138726818806372,0.0118541921338424,0.0074144488195246735,0.006134621361940019,0.0037151283378938638,0.0045790909815292494,0.005447723395947507,0.005143154495489401,0.007426029203117698,0.0026155095258105685,0.0027426774681753247,0.008982569796961855,0.007126383979405602,0.6979504477679594,0.0029493188163267456,0.002421718714158216,0.005315772612156124,SPLEEN
Spleen.F.6.Spl_F_006_2,Spleen,6,female,f_6_2,k20,0.004754040819785833,0.002202445702333585,0.1862600699591558,0.004663418599291358,0.010084287757183499,0.010612237118247712,0.004872336460735321,0.006005214177923805,0.00839730647624752,0.008422876445995865,0.010549866519783938,0.0032752892806207977,0.002842565934095322,0.015603657680619182,0.01017165337194211,0.6987850748581721,0.003743931965889044,0.002305356869831373,0.006448370002145868,SPLEEN
Spleen.F.6.Spl_F_006_3,Spleen,6,female,f_6_3,k20,0.0025058888300632668,0.0013703202809371318,0.4377426013258948,0.017811376200714036,0.005484033111917277,0.004814298728159658,0.002765104564550567,0.022131147847660775,0.0039274784410605855,0.0035995167264326043,0.00596572564449746,0.0020831147374288537,0.0019691534662934257,0.005036399446322945,0.008887378472052659,0.46497652391736083,0.004237897708238267,0.0017313114516360076,0.002960729098778823,SPLEEN
Spleen.F.6.Spl_F_006_4,Spleen,6,female,f_6_4,k20,0.0017733114968040745,0.0012530163776530397,0.5843397820238609,0.003157935038078333,0.004226893314797115,0.004063127009027999,0.0021993628376387646,0.002672184320393213,0.0024363394256452058,0.0030123667989699677,0.00426843035875489,0.001479653553566381,0.001674253960119669,0.005506014387207068,0.0038856634737156723,0.36678757340604184,0.0027523988693731855,0.001601542585147339,0.0029101507632055055,BLOOD
Spleen.F.21.Spl_F_021_1,Spleen,21,female,f_21_1,k20,0.006114345468592449,0.0016563259346139086,0.06506769097198987,0.018360164136916036,0.006927477764356343,0.006284925978802657,0.0035592504489690728,0.0042936591219937936,0.005952485911929737,0.006471156072211638,0.008914190473882153,0.0027389200470397082,0.0027918686227601836,0.010620001794465653,0.008278574713221366,0.8329478418842796,0.0028349985517121365,0.0017720781020917587,0.004414044000171993,SPLEEN
Spleen.F.21.Spl_F_021_2,Spleen,21,female,f_21_2,k20,0.0060645796907276,0.0016200389103657878,0.08714753653217684,0.00430435712404618,0.008666453219036255,0.009026840644611546,0.0046211923956910005,0.005062146539180373,0.008582761649908994,0.005961902157797053,0.011932035867580248,0.0027349882516063575,0.003177619803840704,0.012399409212422604,0.008724190291871442,0.808925016744659,0.0032198072757494856,0.0022087947552372287,0.005620328933491139,SPLEEN
Spleen.F.21.Spl_F_021_3,Spleen,21,female,f_21_3,k20,0.00754821028770801,0.002485801680947648,0.04934090949586223,0.011640732009784036,0.013421013847162745,0.01504274253876548,0.005879612679236521,0.007219492560979204,0.009490024796572629,0.009708459127888053,0.01381221500744338,0.0045107469069774146,0.0045264623838361115,0.01786380479870245,0.01592773071882597,0.7971409953426969,0.004927070495465953,0.002610374498478613,0.006903600822666852,SPLEEN
Spleen.F.21.Spl_F_021_4,Spleen,21,female,f_21_4,k20,0.006343399106497831,0.0027138997969344877,0.05648161883843028,0.07018878453677886,0.010524712780226929,0.009614719763697259,0.005138715033949892,0.006221316012293372,0.009546405450744078,0.006840664904418643,0.011263407714157857,0.004141945418064989,0.003829050511115389,0.012619636076960605,0.010651070221408833,0.7602438519792364,0.004103598991921069,0.002405906756635844,0.0071272961065276,SPLEEN
Spleen.F.104.Spl_F_104_1,Spleen,104,female,f_104_1,k20,0.0210338374779908,0.009620519630169716,0.1289722944572816,0.03484123486199609,0.06175996987536928,0.060747343976265696,0.021284958424104914,0.233507683661051,0.02823025029237873,0.02576004530790967,0.03578589118008932,0.012412931449312508,0.0112748220949041,0.06267641932002856,0.030671110255911425,0.1781674137255878,0.014205962585444409,0.01224729736372899,0.016800014060475096,VENACV
Spleen.F.104.Spl_F_104_2,Spleen,104,female,f_104_2,k20,0.0030149020892244346,0.001237985687893525,0.4317252591085659,0.009209936766840555,0.005556889931185134,0.004715178922344364,0.0030850065775118417,0.0033646143739150917,0.00280311386776088,0.004310227740582413,0.006460852585470295,0.0020244460786313424,0.002195745991724495,0.006526759119980463,0.0051442784065162325,0.5014036254073458,0.0027187801013498396,0.001519157292036481,0.0029832399511208795,SPLEEN
Spleen.F.104.Spl_F_104_3,Spleen,104,female,f_104_3,k20,0.0030382424316528307,0.0011774944877731522,0.4199019198289842,0.014034883239842475,0.005301901199205043,0.004409618713954268,0.00264467585217916,0.017772273712776596,0.0035593402472269774,0.003535727962650066,0.005527417031945267,0.0022507527397563213,0.0018172050939866797,0.005080656898881704,0.004931193059128011,0.49790879844952723,0.002361634847472552,0.001517152998488718,0.0032291112045687454,SPLEEN
Spleen.F.104.Spl_F_104_4,Spleen,104,female,f_104_4,k20,0.002214736914071322,0.0007984740333162169,0.5486879358307805,0.003063363011259455,0.004760245486250574,0.003254816242879345,0.0021722854539486494,0.03315809066769028,0.002584999117019977,0.0028825810256316296,0.004549424176947028,0.002052600464206066,0.0015285380565971064,0.0038057285760314894,0.003806632509742544,0.37544319708690527,0.001714023648329656,0.0010924440797698018,0.002429883618622973,BLOOD
Spleen.M.2.Spl_M_002_1,Spleen,2,male,m_2_1,k20,0.0018059730831406324,0.000929688252173243,0.7481707787076322,0.0065382047188536655,0.0037831275878688186,0.00290102724165562,0.002036674085595763,0.017934916244289598,0.0031359386841754646,0.002126971235064656,0.0039418931736686195,0.0013863891019624617,0.0016888386576801155,0.0045724156971552864,0.0036010985644767826,0.19076304152289514,0.0015247508901332144,0.0012821311288131376,0.0018761414227655335,BLOOD
Spleen.M.2.Spl_M_002_2,Spleen,2,male,m_2_2,k20,0.0018159272551777801,0.00084274954980816,0.7296626191053542,0.008667221414093948,0.005245536286646684,0.004688508752590865,0.0030555758709655437,0.02464972363942291,0.003388305403944957,0.0034873825686001165,0.004678122115366534,0.0018962630022503724,0.0018829834897652515,0.004928535916839729,0.004427195164050388,0.19124208966116227,0.0020464516695730076,0.0011247608726132076,0.002270048261773893,BLOOD
Spleen.M.2.Spl_M_002_3,Spleen,2,male,m_2_3,k20,0.002523814244291382,0.001354144505623605,0.7000276321506662,0.01683361545078812,0.006148129569266514,0.004619318765290256,0.002643031193952834,0.02351612545100991,0.004748758531963582,0.0034943343403145036,0.0058815806436087826,0.0030290308095928895,0.0020829156028462576,0.00517154954259958,0.004434556466813874,0.2068061957076063,0.0021592952843668004,0.0017311413442934664,0.0027948303951050558,BLOOD
Spleen.M.2.Spl_M_002_4,Spleen,2,male,m_2_4,k20,0.0019208381854785217,0.0008835864897310223,0.7498616781160583,0.001627921011268983,0.004874539530729103,0.004081319922932524,0.0024462187644101415,0.017039842460188123,0.0029774334509539936,0.003120592696795079,0.0046422224132135126,0.0015340995227111143,0.0015391814283071306,0.004888600772850239,0.004155950815944596,0.18869921932059575,0.0023019145484056633,0.0012355571905045132,0.0021692833589218165,BLOOD
Spleen.M.6.Spl_M_006_2,Spleen,6,male,m_6_2,k20,0.0024467446827269135,0.0018178002463234038,0.3491661546149048,0.016286972748043697,0.007773908904449065,0.005201126749142946,0.0034212853867726847,0.0414018366361055,0.004154755616541599,0.004328825350630305,0.009252981063329144,0.002459049499045369,0.00251287981313626,0.006812368818842732,0.0057412160576878705,0.5291627898436698,0.002793934079174051,0.001616112813455951,0.0036492570760179263,SPLEEN
Spleen.M.6.Spl_M_006_3,Spleen,6,male,m_6_3,k20,0.004253661285695188,0.002291859880502226,0.3296723582563765,0.01022521358505301,0.009388542737530174,0.008395747318135784,0.004519036844111979,0.00553275864482023,0.006454930951608797,0.006764639558258172,0.010436209790789975,0.0031507516899996813,0.002644792312286207,0.011147265103352665,0.00917114973647199,0.563545331940895,0.003674402250860883,0.002685035985264726,0.006046312127986852,SPLEEN
Spleen.M.6.Spl_M_006_4,Spleen,6,male,m_6_4,k20,0.004209939756841198,0.003328714979193522,0.2631098241452715,0.026536161408208605,0.009135121353047018,0.008229089147052641,0.0052492489645111235,0.005930635455894108,0.008324092174844989,0.019249944439427978,0.00947255732249651,0.0034318029989799563,0.0030515069603320173,0.010385606408964531,0.008777107158227798,0.5987044246675292,0.0037719345403935205,0.003195579759072849,0.005906708359710915,SPLEEN
Spleen.M.21.Spl_M_021_1,Spleen,21,male,m_21_1,k20,0.005837590121139205,0.002179764605197495,0.05401653656608366,0.016530723259506473,0.012101673373923066,0.012984864756118123,0.005696809210899813,0.007015885137258608,0.008323727653955778,0.008154082914328844,0.013862078268782326,0.0038917870943598254,0.003453903916716607,0.01740233299611826,0.016578838688364014,0.796065302031848,0.00681890441399971,0.002141127077072647,0.006944067914327535,SPLEEN
Spleen.M.21.Spl_M_021_2,Spleen,21,male,m_21_2,k20,0.00528371355124803,0.0032307945367562657,0.07164900872431207,0.04417993334886621,0.014087681447587855,0.011929607341524012,0.006299646322596492,0.007777884710377266,0.007442428053718769,0.010175888015959719,0.014090434168086266,0.004354426332343289,0.003943076366896142,0.01669249435507523,0.016250505570476047,0.7481131182268275,0.00491334508333728,0.002284776487001965,0.007301237357009594,SPLEEN
Spleen.M.21.Spl_M_021_3,Spleen,21,male,m_21_3,k20,0.0047282512994695,0.002071405098063918,0.2314998528533048,0.0778858135688023,0.010585128544390636,0.009500340273033144,0.005438629734826801,0.006191970425119425,0.006456349270544155,0.00767859157414901,0.011184292374594907,0.0036522772947118792,0.0032692556422009886,0.012495196468364625,0.00979285163649929,0.5858563308790643,0.004267773015652138,0.0020805988066474094,0.005365091240560698,SPLEEN
Spleen.M.21.Spl_M_021_4,Spleen,21,male,m_21_4,k20,0.003842373184007068,0.0021274324032184173,0.1388176206504338,0.010589518426014775,0.009290897894134797,0.007597506398500128,0.004202990635970941,0.02222911084621875,0.005347803967881657,0.005274988188401283,0.01008812918083,0.0032366721923935996,0.0030300852111776163,0.010945313649247824,0.009169673528600186,0.7424629063556453,0.004157730825786193,0.00201288054237492,0.005576365919162769,SPLEEN
Spleen.M.104.Spl_M_104_1,Spleen,104,male,m_104_1,k20,0.0038119921477539286,0.0019739582095658907,0.1945075967182922,0.030506533576793317,0.00757830819685097,0.006976872138345358,0.004521750593849525,0.004609535833018247,0.003667567617963631,0.0052423503267970155,0.008231871631737707,0.0042282113297187,0.0023256445215779405,0.007876353641217656,0.006950413806807733,0.6964991122501769,0.002903702610525873,0.0020186081266931276,0.005569616722314542,SPLEEN
Spleen.M.104.Spl_M_104_2,Spleen,104,male,m_104_2,k20,0.004675153729167742,0.0020649677799897846,0.1400618925110472,0.009135276443063651,0.009838036946184466,0.010497265574042793,0.004761603401606765,0.005870788622761035,0.007524496050287178,0.008368550539403889,0.015149081332928192,0.0032173325250528253,0.002914349684254233,0.011946883741645074,0.01050438746294947,0.7422392827915603,0.0037354706049776004,0.0022177419630319863,0.005277438296046054,SPLEEN
Spleen.M.104.Spl_M_104_3,Spleen,104,male,m_104_3,k20,0.0019450440080765938,0.0006771877690285036,0.27392200763197533,0.013827418827976492,0.002899300266930836,0.002921159618890437,0.0018552458741889202,0.0019681873020987446,0.0024199601496478055,0.002171067240009632,0.004470236817532263,0.0012420824837708075,0.0012781355467345735,0.003432750759794609,0.003547784065512751,0.6770737664775558,0.00143570649828521,0.0009775982030801888,0.0019353604589103799,SPLEEN
Spleen.M.104.Spl_M_104_4,Spleen,104,male,m_104_4,k20,0.004379099042775037,0.0021118800575538796,0.18146980182459768,0.046938383446471665,0.00843826794991572,0.006759442504154921,0.005786606276415463,0.005210537960173747,0.004915894201870505,0.005504549987291408,0.00871906544749083,0.004912925160027364,0.0032419724154054094,0.009158208673568907,0.009674090976561854,0.6799920561092648,0.005559679413927315,0.0018885718057332975,0.005338966746800272,SPLEEN
Thymus.F.2.Thm_F_002_1,Thymus,2,female,f_2_1,k20,0.00557857504413872,0.006950051395418369,0.021700653285717783,0.03344711002286944,0.012332755862065687,0.010644962653772343,0.00870599536933229,0.009315886065748347,0.02094600619539661,0.008656851516725536,0.015419117270086723,0.00556691765046179,0.004874790043598079,0.01745117454611197,0.6746212833408761,0.014287282923242956,0.008455503739835722,0.012170981183057764,0.10887410189154392,SMLINT
Thymus.F.2.Thm_F_002_2,Thymus,2,female,f_2_2,k20,0.004542797512063105,0.004976407696172752,0.015827392422629784,0.009525910973038912,0.01304406469532512,0.00929075910389168,0.007059183063859158,0.12186359878489106,0.021841145570021366,0.006908151027634371,0.010204091344506356,0.004227046605025818,0.004335178440247595,0.016203099620487046,0.6191816416782683,0.010673476333028656,0.00826509372198272,0.009200988642716493,0.10282997276420978,SMLINT
Thymus.F.2.Thm_F_002_3,Thymus,2,female,f_2_3,k20,0.000842822915187848,0.0010498438541562379,0.0036562514792767334,0.0018847536189366826,0.0024154168646649365,0.001477720879510848,0.0011221844348613128,0.8717077147228127,0.0022716195427152338,0.0010839562859855374,0.0016123689668789403,0.0011761636364821992,0.0006527314564584739,0.001836949272873677,0.09079050575921661,0.002036717941431401,0.0012610658994628412,0.001632075443566642,0.011489137025520992,HYPOTH
Thymus.F.2.Thm_F_002_4,Thymus,2,female,f_2_4,k20,0.006268896653916102,0.009608336260578009,0.027493254193778648,0.1557432538353618,0.010165500777926006,0.008656373841676708,0.00956345456069767,0.009007428173915989,0.018151700855556882,0.007624113567908379,0.011776707403954124,0.006411134559734747,0.004609253596799385,0.013204882408925074,0.5583425416474865,0.014710323959791395,0.011081376509114572,0.016677805814820194,0.10090366137805783,SMLINT
Thymus.F.6.Thm_F_006_1,Thymus,6,female,f_6_1,k20,0.0049020990303575325,0.00971842146554364,0.014070135614539441,0.050538578778037496,0.013652221678268872,0.009181985042245119,0.007419222132309246,0.10322851985590581,0.015343110777883697,0.008720139406616758,0.009499312645336743,0.0080470024058449,0.0037779011993113367,0.014065325082678062,0.6208514142097162,0.014432800313831682,0.007924943604008554,0.010410670893240848,0.07421619586432386,SMLINT
Thymus.F.6.Thm_F_006_2,Thymus,6,female,f_6_2,k20,0.00576376110978974,0.013684836408689612,0.012301195397978889,0.02511620597900522,0.014023632278854987,0.008028251242864675,0.009156403166434976,0.07576102615821176,0.016246447345418455,0.007719723287813038,0.010201917893830556,0.005359009271863804,0.006019069459275628,0.014043095937619902,0.6673272552949547,0.01633939737850167,0.008257788284096214,0.014892739619996263,0.06975824448479997,SMLINT
Thymus.F.6.Thm_F_006_3,Thymus,6,female,f_6_3,k20,0.0069515299768292465,0.02014096802682214,0.016014233554197232,0.009571439991832595,0.010364919860463348,0.005071446616320646,0.008539739016679494,0.15327045423409788,0.013532699043789856,0.007334700963829736,0.008442301678975478,0.006128909442232819,0.0035974919720202984,0.009584139723880012,0.506929510681456,0.021565733908128576,0.027282418193629736,0.026817433750790782,0.13885992936402416,SMLINT
Thymus.F.6.Thm_F_006_4,Thymus,6,female,f_6_4,k20,0.006552345460971996,0.01852508082025363,0.012710345231485306,0.005782258218724035,0.012857398678889896,0.005856667220951431,0.006960154918001166,0.12697387817270606,0.012694109281307625,0.0073821343480541994,0.008978432174704567,0.006890553516045869,0.00421624759841352,0.017119738597532998,0.5970753793147012,0.01740413074174238,0.008058689389073198,0.016941808846526806,0.10702064746991395,SMLINT
Thymus.F.21.Thm_F_021_1,Thymus,21,female,f_21_1,k20,0.005055907478270087,0.02829742879217692,0.008338416878813853,0.018055925984929496,0.008388475262924888,0.004152266488791429,0.005909970354872559,0.1990561790409907,0.012540245117841799,0.004914338226779081,0.007245898696008681,0.004864471841468557,0.0029810890143586555,0.007395724168396623,0.41990527723340065,0.028481623778042385,0.006374574946458336,0.039262863984609105,0.188779322710866,SMLINT
Thymus.F.21.Thm_F_021_2,Thymus,21,female,f_21_2,k20,0.006952882690209349,0.07255801106781735,0.007291143359773975,0.006967221248460822,0.008009955151405457,0.003003380374179912,0.0061994875063980355,0.007503511273760598,0.014395729426713813,0.005166386056334382,0.007935193428344343,0.00451087012727515,0.0022273773051907945,0.00798896699897999,0.47388488608689255,0.02877154913644668,0.007751863602950856,0.07948055819172872,0.24940102696713715,SMLINT
Thymus.F.21.Thm_F_021_3,Thymus,21,female,f_21_3,k20,0.0005241344449208446,0.0037095060522847035,0.0007072410127289013,0.0003333148197290468,0.0008477261167137075,0.00019354035108716476,0.0006380263899661749,0.9360275644943994,0.0009125077343100666,0.00037949390881994823,0.0005134084219641921,0.000362571051487396,0.0003070241180872788,0.0005371274954079328,0.033345381027551343,0.0024744054919736257,0.0005491929525043515,0.0034683860951158067,0.014169448020947922,HYPOTH
Thymus.F.21.Thm_F_021_4,Thymus,21,female,f_21_4,k20,0.004900221565219433,0.016810312527612482,0.0059996083354269866,0.004803614458319415,0.010041549230006728,0.006951300546556307,0.006182211600639557,0.07240259389637563,0.016628400838977177,0.008111592149291663,0.008503437041674635,0.004909992262889842,0.00326427797810989,0.013571652699280533,0.560306941131988,0.021749328137685858,0.007726461659828637,0.026300217959369668,0.20083628598074763,SMLINT
Thymus.F.104.Thm_F_104_1,Thymus,104,female,f_104_1,k20,0.00645292849269097,0.37082749697511014,0.0012838674650701726,0.0019718286792455384,0.0018729407511764845,0.0003602694989928587,0.004013504721845562,0.016942853184774474,0.0021262823444732626,0.00138957613723143,0.0019320434618789544,0.0015984738282140835,0.0006527695140361502,0.0019524713432033905,0.03643516833995428,0.00810294936544389,0.002367180746387473,0.3033570581259341,0.23636033702433684,VENACV
Thymus.F.104.Thm_F_104_2,Thymus,104,female,f_104_2,k20,0.006473413247087942,0.2698130713885795,0.0018519366827854597,0.0027210985350326535,0.002453507541049416,0.0005833001067120105,0.0030990756099724694,0.003525558915700514,0.003139115127192966,0.002159505490403106,0.0027873330506586348,0.002434612691985715,0.0008688308999812841,0.003370631291299411,0.07252016342124597,0.018794282953652732,0.0025803607544582063,0.2348043783614308,0.36601982393077126,WAT-SC
Thymus.F.104.Thm_F_104_3,Thymus,104,female,f_104_3,k20,0.005704513925051686,0.14219509701053298,0.0022719239662079035,0.0013134896997131138,0.0033968742067312773,0.0008179657161969371,0.00465728449271936,0.004309181318805896,0.005601849621443896,0.0024759945002359525,0.0032044995600302574,0.0024078482582237546,0.0010506194145071298,0.003734081853368003,0.1375463383431756,0.02236800350180561,0.003225500843603466,0.15236399506018644,0.5013549387074607,WAT-SC
Thymus.F.104.Thm_F_104_4,Thymus,104,female,f_104_4,k20,0.005301632856151168,0.11331819506840163,0.0023773585932493585,0.0046735464857486225,0.0029136211873438123,0.00078842598668979,0.00383955271334667,0.020649078276493323,0.004559255740953209,0.002052183137844573,0.0032302350145905,0.003755660086381222,0.0011872594263445402,0.002840533453854719,0.12480868550629394,0.024081921790711967,0.003339178183242906,0.12157248027323399,0.5547111962191241,WAT-SC
Thymus.M.2.Thm_M_002_1,Thymus,2,male,m_2_1,k20,0.007265845765471472,0.033379887888235774,0.01667301143165185,0.02130182983797719,0.010620456167224818,0.005221403898078382,0.0067758628050115415,0.32730742102596894,0.011742495341416555,0.005973223458710252,0.006864586524592457,0.004260286185383749,0.0035686161872638135,0.010171134230201618,0.36855576456371825,0.008139250049330343,0.007005739851944381,0.04827904406450853,0.09689414072330997,SMLINT
Thymus.M.2.Thm_M_002_2,Thymus,2,male,m_2_2,k20,0.004906964300575593,0.024373912702155387,0.01634147152382783,0.03199207221956081,0.009537745010176943,0.0044562545470115695,0.005464851418204229,0.39842348372351605,0.008868525746552863,0.005353281618503861,0.007723693605473821,0.003999128532880897,0.0032903681990032203,0.007988913179695014,0.3350544222384702,0.008733399508254334,0.0076973479049964,0.032341563870921755,0.08345260015021905,SMLINT
Thymus.M.2.Thm_M_002_3,Thymus,2,male,m_2_3,k20,0.006963108131566563,0.028700329562188827,0.009590642329726909,0.21325899631302836,0.011286419853973481,0.005851685811717869,0.006458891683655792,0.11633956226909488,0.012800582573539089,0.0063185715046964455,0.00904062782406535,0.005410947085392414,0.0033202625651136395,0.00995260005236286,0.42260125083177913,0.007865496558571125,0.007222790294600608,0.034494653184073035,0.08252258157085368,SMLINT
Thymus.M.2.Thm_M_002_4,Thymus,2,male,m_2_4,k20,0.0045970071763612175,0.009188562838330482,0.016859089505962908,0.04884767679933176,0.01380249328295907,0.009298279603066298,0.009777999915665827,0.0780923315868273,0.01719608189168173,0.008218808237750227,0.009461252315283714,0.005795123225587779,0.005976718660978064,0.02187055927311323,0.6231217336858268,0.00942085189621222,0.009636750930322348,0.010960089328831062,0.08787858984590805,SMLINT
Thymus.M.6.Thm_M_006_1,Thymus,6,male,m_6_1,k20,0.007674132551444395,0.016739619953641153,0.026825370189313833,0.09054181779005516,0.011639814036708197,0.0072640859106808805,0.009601509422467193,0.009663457984073287,0.011769295494687899,0.008010331602789383,0.013896616918333507,0.008095122608475924,0.003955797833822598,0.013057640273083045,0.5794244077029476,0.01943560745547298,0.011380787460599864,0.023833445989490096,0.12719113882191302,SMLINT
Thymus.M.6.Thm_M_006_2,Thymus,6,male,m_6_2,k20,0.006840257638690722,0.023083096717924106,0.020143061911783215,0.010960271320883182,0.015491839738972805,0.009634000442885081,0.010033171607589693,0.06266095421178525,0.017262971671546296,0.007831804967339187,0.01055450834562443,0.00615226769342951,0.00474431415310063,0.017353152906226316,0.5766856007012202,0.01996936634254307,0.009002545857050258,0.03361590357729906,0.13798091019410696,SMLINT
Thymus.M.6.Thm_M_006_3,Thymus,6,male,m_6_3,k20,0.0058461192919970996,0.014622637999202296,0.015257111365793866,0.07334266664098027,0.012081366172801774,0.010048126443783239,0.008732874021619564,0.03247412716634434,0.013620101056249948,0.007879588340396742,0.010726482019246092,0.007337636113868887,0.004586067841543206,0.017357535834033464,0.5988470280109973,0.01743722589482831,0.008671396003322812,0.020917027214135697,0.12021488256885517,SMLINT
Thymus.M.6.Thm_M_006_4,Thymus,6,male,m_6_4,k20,0.007959859503356346,0.028116481668089464,0.014981588300788896,0.009672094640263936,0.013729739876393528,0.008166912205717027,0.011299230172215914,0.011373551435899498,0.015037912558267232,0.009264023253200639,0.013308786709307803,0.00845748744691019,0.005049010549128299,0.01890493903103964,0.6486456964296348,0.017219422571015542,0.00870030911174744,0.028824077623250486,0.12128887691377338,SMLINT
Thymus.M.21.Thm_M_021_1,Thymus,21,male,m_21_1,k20,0.006267650017513102,0.03767355380424126,0.009421876281912222,0.023722316426621735,0.008347779074426522,0.003919430348935174,0.008823387880381851,0.13295708152614297,0.013068548600185593,0.005212358134448873,0.007665278694149709,0.006388344603889039,0.005376165723596525,0.009409762824773156,0.4286683397381489,0.0333937164253994,0.009367671387218226,0.04180892235283172,0.20850781615518402,SMLINT
Thymus.M.21.Thm_M_021_2,Thymus,21,male,m_21_2,k20,0.010277555841872623,0.11210022799127389,0.011292881696470965,0.005832738343528625,0.008160386588480163,0.00424799576918349,0.007183733201959709,0.008754332465808147,0.013901289575266228,0.005298142389914043,0.009196100960847069,0.005375493956466387,0.0037484656535741725,0.01552136707811558,0.3814050912531668,0.04534871812605446,0.011714527738927425,0.12886338817519877,0.21177756319389143,SMLINT
Thymus.M.21.Thm_M_021_3,Thymus,21,male,m_21_3,k20,0.00149557027034518,0.017619348018883086,0.0013764274155980275,0.0026241846791271077,0.0016995325610037369,0.0008407268357987423,0.0016375391126355334,0.8317921329326455,0.0017846097445269767,0.0008589716587266008,0.00131875952039685,0.0009327291888311853,0.000569595419170405,0.0014387240058701997,0.05785503145072866,0.006008998312072182,0.0017180205696599531,0.027829731782501078,0.040599366521479156,HYPOTH
Thymus.M.21.Thm_M_021_4,Thymus,21,male,m_21_4,k20,0.008081346955922712,0.08127365898601868,0.007040115383500205,0.007936742377314749,0.00927772819404245,0.0066959454797627625,0.0063169108049640306,0.008467128755949866,0.012348643351894105,0.0056612238741204045,0.00820575965441861,0.005636121561914349,0.0028290512944988654,0.01195637851610771,0.3729278233607753,0.02726998629610644,0.007691016760404713,0.13575380886968286,0.2746306095226012,SMLINT
Thymus.M.104.Thm_M_104_1,Thymus,104,male,m_104_1,k20,0.0051348402291149465,0.7270934553952363,0.0011346798076063897,0.0035304066089550876,0.0020501336728802172,0.00048254641217570273,0.0012126587371041656,0.007739456835227409,0.0014782239699185583,0.0011543255305663054,0.0016506522795306812,0.0017295968414087566,0.0007172058619916501,0.002127218515491236,0.00846720375995353,0.006282776183513466,0.0012136063667828182,0.21505512747603334,0.011745885516509699,BAT
Thymus.M.104.Thm_M_104_2,Thymus,104,male,m_104_2,k20,0.00440349992885804,0.40430120750092513,0.0013176841344884774,0.005394674755226143,0.0017921074046929782,0.00028728549901814524,0.002626845775437336,0.016844996390380628,0.0028227960520562016,0.0014208508755805026,0.001978606917777001,0.00208259341536973,0.0006663320266388703,0.0015615775349074239,0.06248239930601281,0.009027741827062213,0.0021246787763871556,0.24763216072247263,0.2312319611567084,BAT
Thymus.M.104.Thm_M_104_3,Thymus,104,male,m_104_3,k20,0.00525226660313851,0.34412190376651264,0.0024010181256402374,0.0038872188503284296,0.0026047282562589435,0.0006174930837998273,0.002968819383065298,0.011738906606363226,0.0037026662243132623,0.0015134248145231546,0.002773129206722698,0.00245099660010168,0.0009790062064024823,0.0024380391346670843,0.07596476374561754,0.011873029138003765,0.002522971251007728,0.2962610426033907,0.22592857640014274,BAT
Thymus.M.104.Thm_M_104_4,Thymus,104,male,m_104_4,k20,0.008281015122326077,0.7066695305211772,0.0017221479556397002,0.001892990575838955,0.0027776919850019135,0.0007076181093544374,0.0014501194745286075,0.0029003663665583034,0.0017630462569879753,0.0016992511993133444,0.0026556326253995696,0.0017431800865020967,0.0005626376385003828,0.0024714025969336533,0.002237429176291771,0.03803539995191654,0.0013116085752662297,0.21394154646429658,0.007177385318166549,BAT
Testes.M.2.Tst_M_002_1,Testes,2,male,m_2_1,k20,0.024291159006459322,0.031451367361618805,0.03438831063855284,0.16959563280368226,0.06333651192222352,0.06778006948159057,0.06034001404987005,0.04824515377613213,0.053090857528670536,0.04568577147621946,0.0387588088242232,0.01731626505156093,0.027157387447950015,0.137149954272697,0.03926253077541393,0.025665005824791125,0.02398306932890472,0.026462082167699023,0.06604004826174051,SKM-VL
Testes.M.2.Tst_M_002_2,Testes,2,male,m_2_2,k20,0.01691542107981198,0.01512578088623672,0.03505532838771622,0.11498863587213572,0.05205348602288499,0.048485522872682894,0.07822317959593761,0.2986282512328897,0.04489114745705666,0.03966482726938627,0.02898610802225745,0.013866404895493482,0.02199663787211889,0.06959876176610644,0.03173597963114994,0.019103592992160794,0.02020826401395558,0.013420357952673993,0.03705231217734454,SKM-VL
Testes.M.2.Tst_M_002_3,Testes,2,male,m_2_3,k20,0.038589401800919715,0.02642894979751279,0.06422737672479344,0.08212610404975798,0.056474470374809516,0.06208657806795054,0.10366286047964952,0.05448328044207201,0.05364122698706514,0.04940260668865164,0.03832819790127026,0.01749105894908484,0.02762741684235876,0.14585723550682506,0.041941378184948815,0.02915374934627354,0.02498226145865355,0.027270911656023116,0.05622493474137968,SKM-VL
Testes.M.2.Tst_M_002_4,Testes,2,male,m_2_4,k20,0.024492304574873367,0.028696784306511184,0.0730565018974903,0.0549673076020036,0.07489444618812657,0.08939279270787577,0.08186873111354742,0.057286064761390726,0.04103107785928316,0.04601285944946953,0.04875063597726944,0.01977266350250782,0.03672899519107743,0.15221430351927986,0.052663967705035016,0.034017266543551576,0.02592189802633585,0.022310481944999558,0.03592091712937185,SKM-VL
Testes.M.6.Tst_M_006_1,Testes,6,male,m_6_1,k20,0.0022121292055844685,0.0020863206055880983,0.006296175854583901,0.015613490342975956,0.006371519527115894,0.007714779870947488,0.004983573038631452,0.004544607390725263,0.005050674378845063,0.004953162222640586,0.007316432837908157,0.0022256419171457027,0.0033366330330751566,0.01080616256515354,0.005872994583553995,0.0036328936714517465,0.9030747996919861,0.0014796257534949852,0.002428383508592424,TESTES
Testes.M.6.Tst_M_006_2,Testes,6,male,m_6_2,k20,0.004007071161331062,0.0024037191032799726,0.005226564316066759,0.027069352778274852,0.00618157603263316,0.00641370415856809,0.00548798744172172,0.004690107604851178,0.004855474148255572,0.004893245744935206,0.007672411864862983,0.0029060096685999425,0.003859525557245173,0.009357355488464414,0.005631254740468907,0.003383045399585518,0.8900695987657077,0.0018684988494125272,0.004023497175735311,TESTES
Testes.M.6.Tst_M_006_3,Testes,6,male,m_6_3,k20,0.0024288943302038218,0.0021623379439640105,0.0037410006009018964,0.07336768742638371,0.006508618847249523,0.004924031305739237,0.006203710977149302,0.12911086043292044,0.004968807410096644,0.0036660100745843035,0.005326480163169172,0.0022319389926422515,0.0034382531525295737,0.006824393004510159,0.004514111673553014,0.0025713927881680105,0.733081819088697,0.0014568338556132361,0.0034728179319246932,TESTES
Testes.M.6.Tst_M_006_4,Testes,6,male,m_6_4,k20,0.000828493738253645,0.0007775686051018575,0.001685175924324778,0.011231497921763669,0.003011121811947022,0.0021315015712984444,0.0018447712999788014,0.6377390207811849,0.0013758977489108121,0.001445968691482738,0.0022229674966101442,0.0008073571186363706,0.0013774724041542054,0.0021147642442541944,0.0017764630907481978,0.001056113752975492,0.3271380231207547,0.0005879733869564949,0.0008478472906636298,HYPOTH
Testes.M.21.Tst_M_021_1,Testes,21,male,m_21_1,k20,0.0018314146542424746,0.0016143779196243569,0.0032984684516800923,0.039454874369967426,0.005595547514734342,0.0037800474401432165,0.004514149557713907,0.016615045644426802,0.0044666464042079895,0.0031285025028292075,0.0052477359670579085,0.0016888069407917827,0.003638364001509658,0.006044639096945572,0.003825268270738449,0.002269072563669188,0.8899382566401705,0.0009616839129368303,0.0020870981466102594,TESTES
Testes.M.21.Tst_M_021_2,Testes,21,male,m_21_2,k20,0.0012161068198119564,0.0014563885803872394,0.0029466518473822193,0.03977183622889586,0.00526320595118037,0.003887563927019694,0.0033366464632843375,0.06119827505091531,0.0023704178703634073,0.003180779866394892,0.004220701303238832,0.0015383274890738538,0.0031880485457059255,0.005382666800987,0.003318671274621777,0.0019688316367005867,0.8530994068394389,0.0008706802133328869,0.0017847932912649323,TESTES
Testes.M.21.Tst_M_021_3,Testes,21,male,m_21_3,k20,0.0015543079310055235,0.0016593444765074137,0.002796101648299654,0.04228799538005826,0.005216416057490202,0.0035629210570251035,0.005450998311171477,0.03907418380618991,0.0034764669475482756,0.0028785032237714924,0.004176411675590431,0.0016080460297957162,0.0025202215799298485,0.005344262657843925,0.0035068531814249084,0.0019346502180984297,0.8693823179547686,0.0010603487853299584,0.002509649078150881,TESTES
Testes.M.21.Tst_M_021_4,Testes,21,male,m_21_4,k20,0.00163182703362413,0.0015226473750421317,0.002859122687290938,0.035396400843575426,0.005140710217281007,0.003718850073151149,0.0045493068434606645,0.048738584766047116,0.003468432625053254,0.0030542425232947066,0.00405060426644273,0.0021783978008107336,0.003278054133631559,0.005641958301084521,0.003670200585126696,0.0019182805275927512,0.8655351808625693,0.00095613918352371,0.0026910593513975855,TESTES
Testes.M.104.Tst_M_104_1,Testes,104,male,m_104_1,k20,0.024570023374693748,0.014915601290218787,0.02783362074389298,0.03958754720598625,0.039285170582559925,0.04345530267400089,0.01702318663029528,0.023368533053018004,0.0319980502862099,0.02851919160715547,0.07784546968074628,0.023439514588496205,0.011923629216956576,0.0626251003019206,0.0315587367144203,0.025351870768542437,0.449468488778318,0.01068651515487705,0.016544447347691244,TESTES
Testes.M.104.Tst_M_104_2,Testes,104,male,m_104_2,k20,0.02399216777398351,0.018940232064907754,0.040873668620149906,0.060555168670714206,0.06768827529924142,0.06456777704191996,0.02937342848711249,0.03698253896107004,0.04168662082181796,0.05021781122819321,0.1479082323122929,0.038129476763412204,0.016744962591217268,0.10202829096330336,0.05093070363626584,0.04512725768655513,0.13123197061146727,0.010127579713952782,0.022893836752422743,TESTES
Testes.M.104.Tst_M_104_3,Testes,104,male,m_104_3,k20,0.01940545184997131,0.017409991038807932,0.05507725776484417,0.17184493460118236,0.05713401689365802,0.057383893263620867,0.02648567571101524,0.033546925570436904,0.03663422782927332,0.038887507960221813,0.21460657186956117,0.0446730378516587,0.014981892904797086,0.09124003619155135,0.039001948925779156,0.0313392808111428,0.019119633210755608,0.009663982193640222,0.021563733558082148,LUNG
Testes.M.104.Tst_M_104_4,Testes,104,male,m_104_4,k20,0.0303180724093111,0.015107372530709822,0.058487750272056216,0.05202228534357987,0.07437014163968507,0.06348900045078333,0.030427342415400807,0.039226435575197435,0.039610157654534676,0.04725519237842184,0.23957128095751973,0.028632141627683856,0.017823504493122196,0.12162651015059021,0.05946665073922559,0.029153300784106728,0.022036703641788825,0.009990269196571366,0.021385887739711465,LUNG
Uterus.F.2.Utr_F_002_1,Uterus,2,female,f_2_1,k20,0.04503738570057943,0.10082959906610164,0.036002777223460326,0.038624637926558694,0.027383693919748573,0.029686898790933777,0.28368293274976447,0.05972617630024589,0.03210093002074407,0.03504320643822768,0.022985404643705753,0.013419464447921477,0.015993352671372547,0.06866932262200857,0.04286497911889449,0.024427295085165973,0.016783299610629243,0.07427057721916866,0.032468066444768934,VENACV
Uterus.F.2.Utr_F_002_2,Uterus,2,female,f_2_2,k20,0.040584506398881164,0.05903796473404597,0.03849314371307521,0.06360747230451574,0.026114401217691017,0.026915737540795938,0.36491544037416307,0.05522385525767052,0.033328170718199344,0.041603944025188966,0.02158564435865231,0.010995876640608051,0.012227911094592515,0.050345289269585966,0.024971477004881254,0.019151402573862476,0.014580362120725086,0.06772703542251955,0.028590365230345915,VENACV
Uterus.F.2.Utr_F_002_3,Uterus,2,female,f_2_3,k20,0.038473639283459336,0.11704150964769497,0.025038149071432116,0.03464755977095848,0.033413155289668046,0.038401303720573564,0.22050767863351442,0.06118216873372609,0.020450264232575125,0.05215011884696511,0.027187646390918762,0.022667716020089976,0.01611191817838929,0.0789041318138451,0.038003198536783994,0.016631961444909,0.023602588548000816,0.07846894721039104,0.05711634462610488,VENACV
Uterus.F.2.Utr_F_002_4,Uterus,2,female,f_2_4,k20,0.029652608645575475,0.06977119764158042,0.023080130667498967,0.22612092422729552,0.028031945795967145,0.03309983049121375,0.10872295377591976,0.042396223309042844,0.033308828861667986,0.029778758495160384,0.025129668153335463,0.022849621374005393,0.02019300425013194,0.09203915824976845,0.07969915708676284,0.014120828800975914,0.017246758611125283,0.05364416182199148,0.051114239740981005,VENACV
Uterus.F.6.Utr_F_006_1,Uterus,6,female,f_6_1,k20,0.08194508695670298,0.03735876884316074,0.05137660303248285,0.25433018135550595,0.05085167672628939,0.0350476646082459,0.1030981082542374,0.04711850453118253,0.03686278764519764,0.03397017364490696,0.032702926826534404,0.01806783294304476,0.013360415635924563,0.06508827346589087,0.03565978038733948,0.027492138145143414,0.01867914311503446,0.033363236904410544,0.02362669697876507,VENACV
Uterus.F.6.Utr_F_006_2,Uterus,6,female,f_6_2,k20,0.0895805183678096,0.021151962615032213,0.043912542892321035,0.06264969229119495,0.05573617428455814,0.04963719307435791,0.10045453723525602,0.05400677558091115,0.06584709723177724,0.0837284898286349,0.054195660523971935,0.018601866274886046,0.024378577762473198,0.10355579499176874,0.0561068852167624,0.04864110799892558,0.023279596291576703,0.017577850512631363,0.026957677025150818,SKM-GN
Uterus.F.6.Utr_F_006_3,Uterus,6,female,f_6_3,k20,0.030520923791952884,0.040773930084790584,0.11244372000431659,0.08554453889473417,0.05670209035293027,0.062755349406475,0.061639314872579405,0.048885018631508376,0.05561244042187853,0.07257196940245701,0.0460512950984254,0.025160315388134753,0.022294430730574435,0.10090034167616839,0.04460385376994848,0.04487124735245676,0.026004934045281886,0.028332830910692136,0.03433145516469504,SKM-GN
Uterus.F.6.Utr_F_006_4,Uterus,6,female,f_6_4,k20,0.04774176042858298,0.025735674444893566,0.11261851716065054,0.013566743177811737,0.07080463218646922,0.06846466986605133,0.07124306964974932,0.05322977396099728,0.05678184155823719,0.10250819356381394,0.044588141277212376,0.02002890375028184,0.020715290087837387,0.11651974272414112,0.04745126955068245,0.045832170248141096,0.023529480181824255,0.023635090024950147,0.0350050361576722,SKM-GN
Uterus.F.21.Utr_F_021_1,Uterus,21,female,f_21_1,k20,0.037986358364473005,0.014491752607274292,0.06329812810846171,0.015299390994434774,0.10276925579592824,0.07269411579050478,0.09347883540256657,0.057414906023930325,0.0503268255630882,0.0700746794220584,0.05094872655342697,0.02025365051310955,0.016213874140578507,0.14553697089451997,0.061996493514050593,0.07138829783068938,0.022942972887438736,0.009481605271538606,0.023403160321927626,VENACV
Uterus.F.21.Utr_F_021_2,Uterus,21,female,f_21_2,k20,0.025575325989896702,0.01463391959020922,0.05542620610653677,0.1144108317026062,0.09111924605696492,0.06062369729578621,0.12100447560738933,0.05708796781420609,0.042857260623303514,0.07667187719871622,0.04313587242826626,0.016660828988308646,0.01835136167667626,0.11219310058870509,0.048709241161059916,0.046299753291984054,0.02275295025396765,0.008914910930720183,0.023571172694696815,COLON
Uterus.F.21.Utr_F_021_3,Uterus,21,female,f_21_3,k20,0.022609158136115547,0.010901609595282975,0.06782842616200829,0.2645748854728684,0.06551990861338482,0.054148694638699056,0.06335343394106062,0.0421482910313756,0.03556296739664396,0.07349155714480654,0.04227231418443122,0.02049944215251027,0.018373489713291325,0.08497518116081329,0.041352742366124955,0.045867441864835774,0.020849898618455587,0.006340984733475342,0.019329573073816476,COLON
Uterus.F.21.Utr_F_021_4,Uterus,21,female,f_21_4,k20,0.02742416872893001,0.01109189215603756,0.04246162133537001,0.41178306004079906,0.05980636686198555,0.04552733010632646,0.03320132163200079,0.03203175513381896,0.03149171165579779,0.047468874174781295,0.03310209392182392,0.014879747202366577,0.01567133265917934,0.09027031760219638,0.036595942064339027,0.027995691294237204,0.01649692020889837,0.00750972383860377,0.015190129382508097,COLON
Uterus.F.104.Utr_F_104_1,Uterus,104,female,f_104_1,k20,0.04246899962034885,0.024841499547518922,0.07769915845813946,0.17907891978490537,0.07153508989397207,0.05957245307760166,0.04656673871936383,0.04659993848389942,0.06042598242384333,0.06129364907791314,0.048032003884873976,0.020395783299238027,0.01688940826156412,0.09359382937446414,0.04937421223748287,0.03748181569409152,0.02648466334730328,0.01702396220107573,0.02064189261240036,COLON
Uterus.F.104.Utr_F_104_2,Uterus,104,female,f_104_2,k20,0.00016770527646274257,0.00012100321463305927,0.0003770975150241691,0.996061915900068,0.00027762505047219027,0.00030092555606099766,0.00023383001299698739,0.00022109976675269215,0.00024851509087860606,0.00028647493559340456,0.0002205043571577736,0.00014974597472661993,0.00013739714941541598,0.0004325191866585451,0.0002415251255351365,0.00018960087727088804,0.00013249485677196976,8.49966529751397e-05,0.00011502350054581729,COLON
Uterus.F.104.Utr_F_104_3,Uterus,104,female,f_104_3,k20,0.00016557300432813084,0.0001678849608425547,0.0002745110466711035,0.9967291328930513,0.00022756315914861577,0.00017172039233281125,0.00020572881321278546,0.0001934233736202885,0.00019036259504428277,0.00027870565608488566,0.00020216061853740812,0.00012788161012049248,7.883279771058386e-05,0.0003056557907828013,0.00017777012178973108,0.00019182398186774752,0.00011045982570005207,8.948139558653605e-05,0.00011132796356787784,COLON
Uterus.F.104.Utr_F_104_4,Uterus,104,female,f_104_4,k20,0.014057122590118742,0.008504330596726398,0.01690391079551581,0.7456816393970449,0.018335311121618673,0.013969122846006252,0.013054971199962302,0.013427023879662318,0.01879126320244462,0.02477753895334563,0.016435538365145348,0.007198865834292581,0.005859556351604077,0.02722366542842821,0.01984927066255733,0.012075761444483971,0.007648105302353361,0.006065357383209454,0.010141644645480084,COLON
Adrenal.F.2.Adr_F_002_1,Adrenal,2,female,f_2_1,k50,0.8768971449104217,0.011871380829898217,0.001989595522659359,0.008145684556468274,0.0027545932474936485,0.0028229876281401904,0.0019963737028252044,0.00426131639542328,0.0016234426714863443,0.003730942876371597,0.0023436606030078533,0.05028196849470631,0.0010148685155129612,0.0020494425167616446,0.002472903259852758,0.0026760342325010795,0.0022397156311368296,0.01541571124181518,0.005412233163517837,ADRNL
Adrenal.F.2.Adr_F_002_2,Adrenal,2,female,f_2_2,k50,0.8797794403090419,0.014656745016247108,0.001572564519219235,0.003412754243638389,0.0032745049887365984,0.0023442600560001177,0.002175478022186277,0.01227760733615597,0.0032435659487737817,0.004397827046559371,0.00264737087889958,0.03250078031572687,0.0010164509230152262,0.002340784642165385,0.0035568768592152294,0.0033927705408627533,0.0024172333848778496,0.01871198009802709,0.006281004870651662,ADRNL
Adrenal.F.2.Adr_F_002_3,Adrenal,2,female,f_2_3,k50,0.8731655511175307,0.007427375162627104,0.0019285753353785954,0.0033595287329690237,0.0029145241538311275,0.00329872844770247,0.002178806459786047,0.005432836383564892,0.0029756090789199805,0.01173099626360251,0.002128946773891983,0.05676428834399872,0.001324117851192552,0.002103106823607786,0.002881586146046205,0.0024795371519300874,0.002408319834607191,0.009922101400021846,0.005575464538791105,ADRNL
Adrenal.F.2.Adr_F_002_4,Adrenal,2,female,f_2_4,k50,0.892488804560755,0.014620076070256104,0.0014489505320684451,0.002237475793042001,0.0022588599892400772,0.0022049754141501704,0.0023692522363131983,0.004213569147133783,0.0021584210970752,0.002224141713792542,0.0019301150517263789,0.04203172474211588,0.0009275937335657557,0.0019475405932239643,0.0025472295096544964,0.0020468372564777814,0.0026181100870419794,0.014790176120371343,0.004936146351995738,ADRNL
Adrenal.F.6.Adr_F_006_1,Adrenal,6,female,f_6_1,k50,0.8329554371134985,0.03710506065666154,0.0009390018247397249,0.0038681791280264465,0.0017025547082789307,0.00047762308340934794,0.001659227584260705,0.0024355748788567966,0.0010985948354101098,0.0017685117464791452,0.0010020058010637891,0.0010809654101175997,0.0003047204219197254,0.0013759369038826804,0.0012367212460856968,0.001169946632963765,0.0009709002016892111,0.10681061580116845,0.0020384220214880854,ADRNL
Adrenal.F.6.Adr_F_006_2,Adrenal,6,female,f_6_2,k50,0.8104405081745529,0.03756402967087209,0.001464203869344834,0.0020572546450659153,0.0025290836148695464,0.0009561386082149636,0.0024502812467475732,0.005102951760101691,0.0017302732472564554,0.0014583865528895704,0.0017750183221769274,0.0015389263910287586,0.0006323647537684836,0.002853063830859816,0.002209321105047412,0.0019429958167727895,0.0015609029418565867,0.11869792928813036,0.0030363661604431197,ADRNL
Adrenal.F.6.Adr_F_006_3,Adrenal,6,female,f_6_3,k50,0.7989974825556054,0.0385663863102078,0.0022479033336849107,0.0035763498224790635,0.003934648374145468,0.0011280098651382526,0.0032360913239673538,0.006043633098631187,0.002765444655637301,0.0029153790212144374,0.0027836983454478993,0.002497616941623441,0.000999432452116647,0.00433149097090244,0.003958005427049987,0.00349019910060713,0.005204424453923811,0.10814916020918657,0.005174643738430824,ADRNL
Adrenal.F.6.Adr_F_006_4,Adrenal,6,female,f_6_4,k50,0.8619948876414215,0.02096564550157461,0.002193716858106299,0.00662493107856777,0.0026773969258879773,0.0011784263079043166,0.0022117014490345747,0.004848367327682822,0.002932688290770565,0.0018619319059851628,0.0020991551175233167,0.0022887245819807433,0.001041827352342148,0.003431468414573466,0.002933887189177138,0.0022991741824803266,0.001963103641480392,0.07309720497034065,0.0033557612631660494,ADRNL
Adrenal.F.21.Adr_F_021_1,Adrenal,21,female,f_21_1,k50,0.9078919456284028,0.013319974283011307,0.002051659678043408,0.002376468527198823,0.0016782625364414685,0.000858551743655136,0.0015185871309015965,0.0023859855843119835,0.0018937302276950808,0.0018110396091095735,0.001750232986398405,0.0012815493025841516,0.000670004686561917,0.0028841926794875333,0.0023955741205231723,0.001987620612177401,0.0013828680396800839,0.04842361431194359,0.003438138311872716,ADRNL
Adrenal.F.21.Adr_F_021_2,Adrenal,21,female,f_21_2,k50,0.8762701980441404,0.016726567365721742,0.002352267878689674,0.002410226657199732,0.002017313958045885,0.0011520465016662345,0.0017692169243045668,0.002861471029180003,0.002007932094403952,0.0023752567245045597,0.001969127922217512,0.0015296729992776768,0.001108287320948861,0.0031538390941681545,0.003115581669187134,0.0026119116709583195,0.001560092744230521,0.07178837407967754,0.0032206153214774744,ADRNL
Adrenal.F.21.Adr_F_021_3,Adrenal,21,female,f_21_3,k50,0.8136225619728849,0.03902057960927393,0.0017856180533594704,0.0018256204375527248,0.001551478702290106,0.0005541035212293833,0.0012853222302154788,0.0024512509981261276,0.001217517473421763,0.0016221667830940269,0.0013967149266915528,0.0011838762543866952,0.0005095834940959718,0.0020623861533040342,0.001986908381389242,0.0017624673649107045,0.0015083388882692582,0.1214732441448796,0.0031802606106251827,ADRNL
Adrenal.F.21.Adr_F_021_4,Adrenal,21,female,f_21_4,k50,0.8680553766802925,0.021351593229437946,0.0022045580062442292,0.0022481181288004234,0.0023627066085176764,0.001135074353498005,0.0016147400332549417,0.0050720676998940225,0.001980936788090149,0.0020187331303362067,0.002043434423017271,0.0016174122418198956,0.0008469321938457533,0.003591659060760325,0.003188291131714895,0.003496933211834209,0.0017105466793051918,0.07135854658212669,0.00410233981720957,ADRNL
Adrenal.F.104.Adr_F_104_1,Adrenal,104,female,f_104_1,k50,0.9220945786207645,0.0006129050497500216,0.0049621371346505365,0.004493742575784306,0.00367938179624332,0.008398889306299118,0.00270510468633283,0.004798721030098798,0.0037918351659962522,0.0030324899033887234,0.0032893679242560242,0.0028797211231151383,0.001864356557476787,0.004309579555026156,0.005234932129637481,0.006798797604769745,0.0026085817038674795,0.010431385279074154,0.004013492853468846,ADRNL
Adrenal.F.104.Adr_F_104_2,Adrenal,104,female,f_104_2,k50,0.9010830955239938,0.0008886768178969762,0.0054419749243543635,0.00639528822315347,0.005994737268842929,0.0073019053586923675,0.003611320420890716,0.006899304581492234,0.004846869978963161,0.0055032645040922834,0.00540474116423716,0.003493488193038898,0.0026778716980465776,0.007638533650957635,0.008037973754254114,0.008866703020557205,0.004624881905369997,0.0068457442176448466,0.00444362479352122,ADRNL
Adrenal.F.104.Adr_F_104_3,Adrenal,104,female,f_104_3,k50,0.9379512139144239,0.0012837524057890714,0.004219644159317139,0.0018103288699483908,0.0030171319119290433,0.0034521059216435987,0.00280045407809482,0.004635290882721019,0.0027625882863071796,0.002277735110612699,0.0026130659898936782,0.0017931249436734284,0.001199785135910563,0.004457089737687035,0.004687577049611589,0.00482910288522474,0.0021394948772454183,0.010764971573874153,0.0033055422660926413,ADRNL
Adrenal.F.104.Adr_F_104_4,Adrenal,104,female,f_104_4,k50,0.9375766087002106,0.0016614917210887887,0.0030039178736575344,0.0028264799898518344,0.0026562848743518245,0.002746096162642852,0.0023173251480863803,0.0036699076311398527,0.003352593181997796,0.002656929567287278,0.0027176576229339545,0.0019093639372690352,0.0012213583867434655,0.0048767218624129055,0.004096551671633119,0.003503638223160786,0.001896801949562481,0.01368145813115729,0.0036288133648120593,ADRNL
Adrenal.M.2.Adr_M_002_1,Adrenal,2,male,m_2_1,k50,0.8259275774638193,0.0355844888384988,0.0011803570490734137,0.0030597538448122723,0.003445507505112987,0.001334907099522463,0.0015005063817391622,0.023896895011612546,0.0018229807799797835,0.002257991523116993,0.0017052087601533042,0.061705161717087835,0.0008104859399562595,0.0012923115836258312,0.0021071179657026393,0.002025525501869846,0.002153141199470977,0.022368176529736435,0.0058219053051094555,ADRNL
Adrenal.M.2.Adr_M_002_2,Adrenal,2,male,m_2_2,k50,0.8185429193900533,0.0559008008361998,0.0007789765592017356,0.003563853613680076,0.0026587581698832136,0.0008461931618311742,0.0011821142746959773,0.0077745894817962975,0.0012865648067879774,0.0014390692468638604,0.001180558810786837,0.055240882997176374,0.000543854448462674,0.0009537884523209596,0.001483085473335248,0.001364377902031198,0.0017087273931309832,0.03877487179137207,0.004776013190390116,ADRNL
Adrenal.M.2.Adr_M_002_3,Adrenal,2,male,m_2_3,k50,0.8227674062080288,0.06790085970344006,0.0006561654415650614,0.002124083335034386,0.0017803765902786135,0.0005347832886701298,0.0008641023752270796,0.007348249403011605,0.0008865244697055802,0.0023913831512823924,0.0009596435275094545,0.040126263559734573,0.00034935180500525866,0.0005772194263863964,0.0011111235388562139,0.0011121704924448414,0.0018997363165608502,0.04292469629247616,0.0036858610747824887,ADRNL
Adrenal.M.2.Adr_M_002_4,Adrenal,2,male,m_2_4,k50,0.8506250443309016,0.02676730813118001,0.0013697632471954355,0.0026940631233522082,0.0027311808510549766,0.001375190328014326,0.0013377304361281578,0.0087999857771348,0.0013949067358575696,0.0028904139595861476,0.0012662827389575818,0.06127645811430086,0.0005673545713593962,0.0009868773977069667,0.0017383341441777477,0.0018540969868302702,0.00197048348962574,0.025661228196669116,0.004693297439967208,ADRNL
Adrenal.M.6.Adr_M_006_1,Adrenal,6,male,m_6_1,k50,0.8735569015528868,0.025125991538922855,0.0011170190352821996,0.0019427524093853146,0.0014050375437256722,0.0007135107341790547,0.0013204335330456274,0.0023739239947376434,0.0015061959470179305,0.0011225190698503653,0.001299543908190383,0.001296416998593891,0.00041631542482880793,0.001516527617748073,0.001943592206273073,0.00276615371241778,0.0012015871640310132,0.07692831614579636,0.0024472614630871646,ADRNL
Adrenal.M.6.Adr_M_006_2,Adrenal,6,male,m_6_2,k50,0.6160772411677423,0.10122416672570798,0.0016213894223783925,0.0020408386161297003,0.0017808675210667928,0.0006727629891656598,0.0019175321961848364,0.0034428602038405445,0.00197430032189969,0.0076572912135979675,0.001545439657436806,0.0015496299662217776,0.0006841249750397634,0.0028131172436709363,0.004675592302650676,0.0018647087267400198,0.00195339405749772,0.24128658677991924,0.005218155913109417,ADRNL
Adrenal.M.6.Adr_M_006_3,Adrenal,6,male,m_6_3,k50,0.7610235631333396,0.061568770732720476,0.0016411531124703477,0.0025113992741560404,0.001804465432011414,0.0007628727513959793,0.0019886524132402598,0.0039505109027710384,0.0018315514164189116,0.0016508481525630535,0.0015216952332350378,0.0015270036204112292,0.0006210861042857227,0.0031151327026158132,0.002551644233252341,0.001896348820172519,0.0015829498445669714,0.14418237983835025,0.004267972282022952,ADRNL
Adrenal.M.6.Adr_M_006_4,Adrenal,6,male,m_6_4,k50,0.8263105664270656,0.04439921726437962,0.0011078547403017575,0.0017228449023541721,0.0014716317233567275,0.0006507912835441367,0.001709788841511973,0.0031491755138080275,0.0013772567993754017,0.0014999661893186226,0.0011842154796603214,0.0011674275349705977,0.0004835716992532416,0.0023581995963991866,0.00247399321939333,0.00159616543172891,0.001224091548066081,0.10328243126031002,0.002830810545202443,ADRNL
Adrenal.M.21.Adr_M_021_1,Adrenal,21,male,m_21_1,k50,0.7763602321829217,0.05222754470865435,0.0013451269212300008,0.0025184832291516145,0.0014315543192705894,0.0005513888765036514,0.0015252887700872085,0.0023285319175031624,0.0014573474198678255,0.0013681344717932113,0.0014273457561623027,0.0011194502255380883,0.0005703727202184054,0.0032358045790401146,0.0019434757664605062,0.0016521883619738367,0.0012675628883203939,0.14368848184117652,0.003981685044126805,ADRNL
Adrenal.M.21.Adr_M_021_2,Adrenal,21,male,m_21_2,k50,0.8132015788167393,0.03155117742458249,0.0013790054997963757,0.002809931553021738,0.0017310757522645394,0.0011080751131187078,0.0021545319953932152,0.00298564228861885,0.0016732472412530118,0.0016762067404020543,0.00177537804290902,0.0013768205631951884,0.0006297487146472795,0.0027535025139092365,0.002623243162169032,0.0023054557043001235,0.0014997838300668284,0.12201356978270515,0.004752025260907741,ADRNL
Adrenal.M.21.Adr_M_021_3,Adrenal,21,male,m_21_3,k50,0.5904466094984286,0.10785552261574981,0.0010425411131774146,0.0014542137006522651,0.0011840550917602201,0.00046112983193108897,0.001693349853738763,0.002153958425576503,0.0013614162173526743,0.007732584120587434,0.0012234873822950382,0.001091823881016015,0.0006502459163532617,0.0034925793525643232,0.001690707622283382,0.001383794518853707,0.0015341806283575281,0.2697425033657491,0.0038052968635729862,ADRNL
Adrenal.M.21.Adr_M_021_4,Adrenal,21,male,m_21_4,k50,0.883940181354818,0.01093803344559912,0.0033233728574341937,0.005071148022495162,0.0026386204695943516,0.002248483524817789,0.0026042710509844324,0.004312407983633541,0.0031809875803400036,0.002366067129125815,0.0025954328114019157,0.0020004108512465374,0.0008987528231001995,0.004561907836643332,0.003744340128533427,0.002982128284353657,0.002185966720250108,0.05608076469890566,0.0043267224267231775,ADRNL
Adrenal.M.104.Adr_M_104_1,Adrenal,104,male,m_104_1,k50,0.9059510853544851,0.0035384769945591755,0.002629374061222524,0.004925024894678516,0.002817920300111834,0.0038644850771494604,0.0025945289093241915,0.003810976857914285,0.002956905697091621,0.0028011491111331684,0.002613188574379768,0.0018269698609038522,0.0011316882448161188,0.003953813503057432,0.004723155405891731,0.004198130993216333,0.002189899644579604,0.03923510361050304,0.0042381229049823265,ADRNL
Adrenal.M.104.Adr_M_104_2,Adrenal,104,male,m_104_2,k50,0.925743139336162,0.007051510776507555,0.0012469773611367763,0.0022427054893139715,0.0012505537039772833,0.000715169659955604,0.0012367061371802595,0.00189846328211059,0.0011073241564379592,0.0011207748914134816,0.0011803687065742828,0.0009668227282430974,0.0003843584660427783,0.0017339421748287674,0.0019214767433307395,0.0018521568305500265,0.0009250100651358088,0.045342407245906095,0.002080132245192953,ADRNL
Adrenal.M.104.Adr_M_104_3,Adrenal,104,male,m_104_3,k50,0.900460148445126,0.0032578748676770713,0.003943147822115297,0.005192870952580838,0.0035026287116478065,0.004629256558014922,0.003291310682446789,0.005544909981199134,0.003879764714256892,0.0034489333601072838,0.0033294759407575033,0.0026468729113727834,0.002078728741197814,0.005663319946282107,0.005626935372177586,0.0042772309871604635,0.0025474512155238068,0.03078667782059483,0.005892460969761333,ADRNL
Adrenal.M.104.Adr_M_104_4,Adrenal,104,male,m_104_4,k50,0.8656662778925738,0.016146538704592994,0.002039176693488382,0.005856290548864129,0.0015411351670586457,0.0009307117236544765,0.001779775023372945,0.002532664427649117,0.0019572777938568968,0.0019386900125148133,0.0014726466516640098,0.0016774225953395362,0.0005577218210713245,0.0022899410736365385,0.0024706388867525584,0.002424621271740247,0.001267052319415316,0.08401177702545065,0.003439640367303707,ADRNL
Brain.F.2.Brn_F_002_1,Brain,2,female,f_2_1,k50,0.0008521191156379417,0.0005300008328030657,0.0005710931583733187,0.0014320532646496366,0.302601626189443,0.0009999976234782478,0.616461281224405,0.06343376726070528,0.0006554798317908848,0.0007578793860910206,0.0008593488503667762,0.0005977316521599742,0.0007463200424482249,0.0043253804576408915,0.0011932349974996558,0.0008224053247303457,0.001644525489311358,0.00034232524323321724,0.0011734300552321583,HIPPOC
Brain.F.2.Brn_F_002_2,Brain,2,female,f_2_2,k50,0.0008070379190809196,0.0003319986399838902,0.0006504322118834633,0.0016195242381163457,0.31819918794144597,0.0012655149379161732,0.5952510640789687,0.0701493390905372,0.0007858228698418927,0.0005732971074042065,0.0008463895471393556,0.0007264170355950927,0.0009211498163734122,0.0038972936113826026,0.0011302305741148428,0.0008137231260323182,0.0010672313531401951,0.00031108718225195104,0.0006532587187917973,HIPPOC
Brain.F.2.Brn_F_002_3,Brain,2,female,f_2_3,k50,0.000924678078267677,0.0005322837500802302,0.0008624830606075517,0.0025362372929954072,0.2905030778675018,0.0012730535769259934,0.6258430592282826,0.0616095950589005,0.0012703385935316715,0.0008007942951476026,0.0010390258149955262,0.0009052100384840903,0.0013053627022634082,0.0051449722087067605,0.0016781490112496573,0.0011576561904678008,0.0012739914451827326,0.0003778122051872984,0.0009622195812215874,HIPPOC
Brain.F.2.Brn_F_002_4,Brain,2,female,f_2_4,k50,0.0009265316577561807,0.0005637843769906938,0.0007458882557646518,0.005020550956282235,0.2505511882901669,0.0007488607396712557,0.6646103198097734,0.06250271193998032,0.0010483645832995686,0.0007464041964159564,0.0011546574496525538,0.0008095843235742383,0.0011226480368060486,0.004466399684193204,0.001311271915434457,0.0009783464685319395,0.0012621816524673363,0.0003650037554273165,0.0010653019078119155,HIPPOC
Brain.F.6.Brn_F_006_1,Brain,6,female,f_6_1,k50,0.0008772948414782612,0.00045039582107823353,0.0006781312116701329,0.0010592263677325973,0.3815581892337653,0.000871518909490171,0.5430710062888855,0.05837936784914108,0.0007949956982610195,0.0006763373186333672,0.0008567243321011139,0.0005823000604971008,0.0008160597657845128,0.004668797769000696,0.0014235669212797444,0.0009155475587167612,0.0010811317764550805,0.00038034496395935864,0.0008590633120699963,HIPPOC
Brain.F.6.Brn_F_006_2,Brain,6,female,f_6_2,k50,0.0007662615253084011,0.0005099426667830913,0.0007599154415892513,0.001490636879331315,0.32788378824767,0.0006764547227314088,0.6002011639666561,0.05608399245290611,0.0007058950962846339,0.0005577425607562921,0.001298312890084877,0.0005769387555393653,0.0007033210719751558,0.003942712362731528,0.0010539235011179137,0.0008132673377645902,0.0009331004362091512,0.00038019998699566484,0.0006624300975654145,HIPPOC
Brain.F.6.Brn_F_006_3,Brain,6,female,f_6_3,k50,0.0010952041241998926,0.0006241528299062215,0.0007996154957278087,0.0010983578238635701,0.386233409823831,0.0008372640403010133,0.5266676265774656,0.06733288445285009,0.001026446764970175,0.0006659560887643307,0.0011023091957229722,0.0007097713326807525,0.001204163198257132,0.004713631999341185,0.0013974416968232375,0.0012165565060783432,0.0015899151409494838,0.00039978406903375964,0.0012855088392334884,HIPPOC
Brain.F.6.Brn_F_006_4,Brain,6,female,f_6_4,k50,0.0007179089460016629,0.0004515406388802999,0.0006547409722867225,0.0010239687825716489,0.29084376293561004,0.000771952193925235,0.6382364245134929,0.05521299690901629,0.0008305964220314099,0.0005471563880598689,0.0008198203648177842,0.0006199525342839668,0.000842760836289676,0.004206951034496415,0.0012603401769444584,0.0006997001069138354,0.0009862643231795358,0.0003481048349467984,0.0009250570862515923,HIPPOC
Brain.F.21.Brn_F_021_1,Brain,21,female,f_21_1,k50,0.0009285505986222508,0.0006923171377634156,0.000702149733334267,0.006918663054678597,0.3478388945249433,0.0009136723379553423,0.5685438003184166,0.058140749049993584,0.000901817180509534,0.001026768223941252,0.0009007121658918358,0.0009094082623809588,0.0010474956732679113,0.00473630319194092,0.0012544605661804246,0.0008413610249123927,0.0013696319060795058,0.00041211106050159093,0.0019211339886863563,HIPPOC
Brain.F.21.Brn_F_021_2,Brain,21,female,f_21_2,k50,0.000849899057821209,0.000547275950745414,0.0006544926508156593,0.0026328016422457303,0.29355148145687726,0.0011654486153984606,0.6257657900966987,0.059925930552542736,0.0010157574297134386,0.0013928275975629493,0.0010712614392770826,0.0006047040312616435,0.0008775693475602372,0.005011706575904714,0.001536939861020798,0.0008505157278411816,0.0011262568148280847,0.0003846422649725632,0.001034698886912185,HIPPOC
Brain.F.21.Brn_F_021_3,Brain,21,female,f_21_3,k50,0.0007506699117141539,0.00040992615352448346,0.0006800594261830482,0.0026947919485079816,0.2360215523918743,0.0008331912458616482,0.688738347116366,0.05870456122604685,0.0007540946748897485,0.0006157370998765895,0.0007551034734835109,0.0006132332882679509,0.0008402799724061739,0.0036214767229645257,0.0010515062713288745,0.0007194329044353098,0.0011008209352418048,0.00030052477721630313,0.0007946904598108726,HIPPOC
Brain.F.21.Brn_F_021_4,Brain,21,female,f_21_4,k50,0.0010241465975065194,0.0005440437124688625,0.0007627887760777868,0.002063626292049634,0.33495693255394543,0.001589669177521774,0.5963624466876719,0.04733066781843103,0.0010888339137142579,0.0010312160223716325,0.0012540583112814023,0.0008694326599128232,0.0011905519744312507,0.004678555775495782,0.0013823010280536252,0.0010057546193146174,0.0011701028205062438,0.0004046341443669302,0.0012902371148785566,HIPPOC
Brain.F.104.Brn_F_104_1,Brain,104,female,f_104_1,k50,0.001015412752161568,0.0005629146163727674,0.0009599416162195598,0.0032282856124653094,0.3721928882964548,0.0010454027955731709,0.5605248666247162,0.046756320396025036,0.0009261275840278417,0.0007352204336825199,0.0013449306290278522,0.0007941395428869865,0.0008723229747803171,0.0039030415693545894,0.001313313728339746,0.0008835605757481411,0.0010859824160054776,0.0005943450213845686,0.001260982814773729,HIPPOC
Brain.F.104.Brn_F_104_2,Brain,104,female,f_104_2,k50,0.0008428797145869789,0.0006006231530356158,0.0007146284637702905,0.001998730458541202,0.29049358716799306,0.000985239310377413,0.6224798946077681,0.06723846416454601,0.0009337884087151205,0.0006533709994277755,0.001367199312776863,0.000726712475190257,0.000870024008005704,0.005246707028874011,0.0013345218941858148,0.0008651373588281926,0.0012024850056226335,0.0005074598227233639,0.0009385466450314051,HIPPOC
Brain.F.104.Brn_F_104_3,Brain,104,female,f_104_3,k50,0.000800064788229044,0.0005390901101591848,0.000818921783760401,0.0007378369323129333,0.27558382713818697,0.0008387169574238853,0.6262652323459208,0.08233155979426453,0.0007612549092331155,0.0005678589772190644,0.0009613877321678335,0.0006621239892191021,0.0008391095299308536,0.004110315507673213,0.0011718181954089829,0.0007954759758807879,0.0010743632443029453,0.0003562487253438007,0.000784793363362649,HIPPOC
Brain.F.104.Brn_F_104_4,Brain,104,female,f_104_4,k50,0.000651453722663344,0.0006350505561411478,0.0007846552534491295,0.0008356705862448553,0.3192076285775633,0.0008919675924218355,0.5806306167720976,0.08388354057543339,0.0007055416021697942,0.0005376944642177616,0.0009347008788576074,0.0006867708362376241,0.0009717164897628754,0.0041541796519981855,0.0011300215293738394,0.0007413193819092946,0.0013807104838929043,0.0004048479435903084,0.000831913101975208,HIPPOC
Brain.M.2.Brn_M_002_1,Brain,2,male,m_2_1,k50,0.0014905228410442323,0.0006911301913943527,0.0010741310499841796,0.0013935133896096474,0.32484418284483213,0.0015059939693246001,0.5331786708282328,0.11505864960141088,0.0015778216406475683,0.0011546437848223674,0.0014759275095612273,0.0010597596383565935,0.0015641989406671491,0.007070274155646146,0.0020699467964867694,0.0015601951024709507,0.001637612519387745,0.0005609580296677769,0.00103186716645274,HIPPOC
Brain.M.2.Brn_M_002_2,Brain,2,male,m_2_2,k50,0.00074244968695158,0.0003340798760894751,0.0005999093305243502,0.001261832249134511,0.27874209022306207,0.0013770560544170225,0.6221706747140437,0.08330431261963397,0.0007648741247833914,0.0006304925943959805,0.0009804108706505136,0.000661603459469249,0.000683407445457013,0.0032986712742376686,0.001253541862428451,0.0009114655192543131,0.00109831236282685,0.00027177238241410856,0.0009130433502258095,HIPPOC
Brain.M.2.Brn_M_002_3,Brain,2,male,m_2_3,k50,0.0008765651363647288,0.0005197624355206982,0.0008290067805527821,0.002853348228818391,0.2934865059519461,0.0010132255143569418,0.5384987239010467,0.14826725418722256,0.0007539548853883781,0.0007520326617747144,0.0010235656905149256,0.0008504425878541015,0.0009267171493759827,0.004330170277688402,0.0012224572250589232,0.0009526905583430041,0.0017778382454570832,0.00032030411466388455,0.0007454344680515612,HIPPOC
Brain.M.2.Brn_M_002_4,Brain,2,male,m_2_4,k50,0.0008965630852404502,0.0005294369330092477,0.0006662259703638223,0.0011486003055632503,0.22677372520185357,0.0010996352717377155,0.6723476808944375,0.08158526037330295,0.0008548701833144933,0.0006774407283122818,0.0014338574882066545,0.0008438913678709544,0.0012390510209434645,0.004455497467985035,0.001322497126850822,0.0009613477673711552,0.0016393135795597057,0.0003498726496040719,0.0011752325844728766,HIPPOC
Brain.M.6.Brn_M_006_1,Brain,6,male,m_6_1,k50,0.0008408354865443197,0.0006083776435448739,0.0007222061639212206,0.0014337605227000142,0.4179278536128875,0.0008713588162253327,0.4990636512167726,0.06388772285674801,0.0009209857114114287,0.0006887312072553903,0.0009437787736306031,0.0006694140843434386,0.0009821903237669416,0.0057494406377580284,0.0012625245735864484,0.0008161065263094363,0.0012155331828323694,0.0004232669372018702,0.0009722617225600075,HIPPOC
Brain.M.6.Brn_M_006_2,Brain,6,male,m_6_2,k50,0.0006690200935302075,0.00041737519132672843,0.000715380420849451,0.0018273780566165022,0.30800025030547434,0.0008566226361509468,0.6194401240957824,0.0564791545236364,0.0008580079040232503,0.0005997993312289674,0.0008231119825456801,0.0006334881376597835,0.0009001371017544402,0.0036115320508104307,0.0011285721040228283,0.0008355226195725852,0.0010348846431008892,0.00029983159176947687,0.0008698072101445857,HIPPOC
Brain.M.6.Brn_M_006_3,Brain,6,male,m_6_3,k50,0.0010786797841460555,0.0007751949934165826,0.0009473505135482666,0.0023908678002032015,0.35959743499572927,0.0009597475122120239,0.5644854178092532,0.05247977414219866,0.0014360535986687533,0.0009369077637397151,0.001342648028002582,0.0007557634760247883,0.0010846659158529701,0.00584556288276299,0.0018234876202227104,0.0011581038972534132,0.0013544163100952596,0.0005252941661294742,0.001022628790539889,HIPPOC
Brain.M.6.Brn_M_006_4,Brain,6,male,m_6_4,k50,0.0008210119887396451,0.0006309927156830157,0.0006636197536629004,0.0021524265540849743,0.35679097155485684,0.0009685640204888216,0.5726295181627155,0.05005268182281432,0.0010998663494875113,0.0007739464443054119,0.0009933371167925806,0.0006980727995581433,0.0010593723064625839,0.005489463508326598,0.0013305177606419344,0.0008721056502614881,0.001449260440027431,0.00042921894938361354,0.0010950521017065852,HIPPOC
Brain.M.21.Brn_M_021_1,Brain,21,male,m_21_1,k50,0.0007827529111862088,0.0005853265604203052,0.0008468006738032632,0.0012004467278907253,0.3819035085086615,0.001074233346447204,0.5477476543407742,0.046958425258786095,0.0014172893834872387,0.0007456316979019024,0.000979052112046768,0.000807316149439517,0.0009478843088134899,0.004747689646616959,0.0013313174514406625,0.0009772766447058378,0.005648089645139747,0.0004364140662069713,0.0008628905662313669,HIPPOC
Brain.M.21.Brn_M_021_2,Brain,21,male,m_21_2,k50,0.0009453484598725288,0.0005650607370995496,0.0006688405268505664,0.0007586123725414113,0.27078608608732907,0.0009242230517515452,0.6393950856761268,0.06697478831678769,0.0006798544370200906,0.0007822484966423604,0.0010892188779447142,0.0007602294711073666,0.0008539405163390261,0.00472096182971061,0.001280274206066488,0.0008782473977478984,0.0067070954398819735,0.00034967213353008335,0.0008802119656502312,HIPPOC
Brain.M.21.Brn_M_021_3,Brain,21,male,m_21_3,k50,0.0008268451520238202,0.0006108641180006471,0.0012113540292722144,0.0012682105540327508,0.29213493461923984,0.0011429621406322183,0.6293129256139504,0.057027811868696786,0.000996493518770232,0.000834904831911553,0.0010728783236617228,0.0007051676892464058,0.0010692493665169294,0.0050050696710925045,0.0015147788831892405,0.0010923993901939713,0.002731757586075455,0.000497334305985193,0.000944058337507991,HIPPOC
Brain.M.21.Brn_M_021_4,Brain,21,male,m_21_4,k50,0.0007348637389342688,0.0005105947169097284,0.0006497279103894922,0.002500036516905142,0.3314908970022085,0.000873715506409042,0.5981345427977007,0.05052752306946144,0.0007830805655845844,0.0006362750384867477,0.0011319781235722447,0.000636372917038959,0.0008279708625790773,0.004843591237149472,0.0012309879202544983,0.0008479764051984393,0.002350106351889229,0.000415890445163087,0.0008738688741654057,HIPPOC
Brain.M.104.Brn_M_104_1,Brain,104,male,m_104_1,k50,0.0011093467993335186,0.0006345571903606229,0.0010398822403904467,0.0021364879485731045,0.35205890259677486,0.0018537674288929976,0.5532039706660782,0.06878620835681828,0.0012505392187772638,0.0010731163125021921,0.0014991852981100662,0.0010510193613610835,0.001257120788419866,0.0064633469709988785,0.0018839551034683455,0.0013253267225257596,0.0015338762809647536,0.0005112029882995461,0.0013281877273501063,HIPPOC
Brain.M.104.Brn_M_104_2,Brain,104,male,m_104_2,k50,0.11385475542184653,0.0071770806198052884,0.0014434332391977083,0.003502499175498348,0.23145116707271515,0.0010994705463258873,0.5209259772314375,0.07789226133509569,0.0016659610409019991,0.0013146718450037227,0.0019908190068236267,0.017860668176304488,0.0009419648353589447,0.0030217065724102293,0.0016588399183311527,0.0016276697681167627,0.0024804750614511257,0.006974318934269485,0.003116260199106076,CORTEX
Brain.M.104.Brn_M_104_3,Brain,104,male,m_104_3,k50,0.0011542322497591112,0.0008568253390415503,0.0010036083531382374,0.0013701034573006543,0.3288710357423462,0.0013406995561824073,0.5782476958888317,0.06940315603615665,0.0012618258748918927,0.0009496115895023618,0.0013789169981120687,0.0007943570631669962,0.00122152612887072,0.0060985418624306354,0.0017480872246141014,0.0013034702704802982,0.0013391008477694913,0.0005519361058992753,0.0011052694115058295,HIPPOC
Brain.M.104.Brn_M_104_4,Brain,104,male,m_104_4,k50,0.0009895011043497945,0.0007358808253099668,0.0010633263047119645,0.004455886687500243,0.3284447245095064,0.0008694563665620918,0.5791726457446054,0.06880268094588399,0.0010900052514234355,0.0007831305676272698,0.0011613909358298364,0.0006637919247227957,0.0010381863493076659,0.0054852175659637166,0.001406776076870882,0.0010191159310849647,0.001292874747711325,0.0004490910737582033,0.001076317087270038,HIPPOC
Heart.F.2.Hrt_F_002_1,Heart,2,female,f_2_1,k50,0.0029507556538923077,0.0002692746830002369,0.001421970518697062,0.0013979725338986978,0.002655188133056637,0.9067081875696127,0.001376224443256132,0.002853439423717593,0.0017857628995282524,0.0016904646463892753,0.0016881364460345142,0.002384915252860914,0.0014595453445505335,0.004325035361768269,0.0024909002704373963,0.0021039375352676325,0.0016933015380187144,0.05887868191182482,0.001866305834188313,HEART
Heart.F.2.Hrt_F_002_2,Heart,2,female,f_2_2,k50,0.004013023871978083,0.0004857141054209657,0.002408970309928414,0.004232269493777508,0.003653355978690191,0.8678360376105234,0.0020131281775396612,0.003915666723213809,0.0029719627672311014,0.0024128603405211167,0.0026410104532255158,0.003487837226789107,0.002455386170854143,0.006886588338833687,0.003378433066848869,0.0033772889028223876,0.0027833197103710808,0.07825975126354356,0.0027873954878872725,HEART
Heart.F.2.Hrt_F_002_3,Heart,2,female,f_2_3,k50,0.006444425997460579,0.0017468279377440318,0.00300620657707348,0.004099651986742299,0.004166381554154701,0.6371782381584535,0.002389830991776522,0.011897500572414767,0.0029087785269230233,0.002541440504162323,0.003028610946543698,0.003433550895134179,0.0018507940180124208,0.00503634556013401,0.0035216773649852616,0.0032071520102522908,0.003188289254979033,0.2971865267980386,0.0031677703450154544,HEART
Heart.F.2.Hrt_F_002_4,Heart,2,female,f_2_4,k50,0.004639526713784677,0.0005662871274917765,0.0021015917857317577,0.003085007223864891,0.0035454276961204233,0.8509001690078103,0.00187221908465862,0.003630129865644964,0.002800580665191875,0.0023984697029616215,0.0025518708418062683,0.0029719909457055706,0.0018181123118107807,0.005918771278199725,0.0035774780659449446,0.0033642472339820003,0.0023986549617278936,0.09924858478628806,0.00261088070127378,HEART
Heart.F.6.Hrt_F_006_1,Heart,6,female,f_6_1,k50,0.002815802718844499,0.00014675873168726265,0.0014163628059158059,0.002992940327931994,0.003267703748775505,0.9275354115089299,0.0013343189835590193,0.002939158008655097,0.0027656448704783424,0.0013904363703952192,0.0018877218870760794,0.003901542223919807,0.0014371717078169005,0.0025951315370835158,0.0022137759803665196,0.002307484100119447,0.0018676426296230534,0.03546747671949484,0.001717515139326819,HEART
Heart.F.6.Hrt_F_006_2,Heart,6,female,f_6_2,k50,0.004397927538045832,0.00026711310157704195,0.0026331040057976005,0.002183515933967632,0.004518225985640988,0.900166836355596,0.0020499633522038404,0.004539980810533653,0.002621738075225522,0.002425120010188606,0.002677929717813244,0.00506579949452591,0.0021823411504349184,0.004610830944260583,0.003741028537214639,0.003469811021851399,0.003721048816512076,0.04590944945314815,0.0028182356954621303,HEART
Heart.F.6.Hrt_F_006_3,Heart,6,female,f_6_3,k50,0.007775312133290034,0.0008359071494381439,0.0035747645714324767,0.005781709411929057,0.005907688241046343,0.7727968839573836,0.0031046432572842805,0.006481459217515333,0.003936865721796125,0.0026664476312858723,0.004488590648585042,0.005805597262597517,0.0024508652297375874,0.005494102104674781,0.0064601886734538755,0.003937975719055409,0.003913407576537651,0.15110358245341088,0.003484009039546128,HEART
Heart.F.6.Hrt_F_006_4,Heart,6,female,f_6_4,k50,0.005204437221736557,0.0003418526808447522,0.0035313351379056453,0.004847277893274693,0.006193923637528309,0.8678170620992075,0.002454252449480671,0.005158025182003968,0.003841819388027265,0.0024743874773655483,0.0034268421326429394,0.005938069737795633,0.0023975247699062558,0.005213186623370405,0.003998476887828832,0.0037160555264539727,0.004045261917218175,0.06660275277418903,0.0027974564632200632,HEART
Heart.F.21.Hrt_F_021_1,Heart,21,female,f_21_1,k50,0.0027727139959288147,0.0001638032171106682,0.0013760923017058556,0.0016614284598653133,0.0031568911378288328,0.9296878151438066,0.0013944849960583258,0.0027211250906894963,0.0022173270248453127,0.001594672234398652,0.0018566181985868058,0.0023412048319286925,0.00168136807043018,0.0035908581708319924,0.0027338966253126792,0.0023057853836218134,0.001905894407895812,0.0350969323030708,0.0017410884060832983,HEART
Heart.F.21.Hrt_F_021_2,Heart,21,female,f_21_2,k50,0.0027382579965985554,0.0001699597104160546,0.0014466804266628191,0.0032808471309863545,0.0032170814834127266,0.9298266049917949,0.0014448515020089108,0.002952963623219952,0.0025479363670209212,0.0017628856219981807,0.001991564216541062,0.003228421390677733,0.0017808230718652487,0.003346663981775019,0.002665196107724325,0.0022691533316630806,0.0017794976409756004,0.03163381597848106,0.0019167954261770782,HEART
Heart.F.21.Hrt_F_021_3,Heart,21,female,f_21_3,k50,0.007292976174810115,0.0009921597381962566,0.00269412896074905,0.002472052333449368,0.004657692303246029,0.7188629148273259,0.0020097344773637492,0.003938830282456581,0.0046443213594903965,0.002416683668391829,0.003058092103473471,0.003319852044643504,0.002449822096778581,0.004243334148054593,0.003957813759626086,0.003812220674679251,0.002528297577197223,0.22347608862372384,0.003172984846344042,HEART
Heart.F.21.Hrt_F_021_4,Heart,21,female,f_21_4,k50,0.002494475348388292,0.00014799674660033693,0.0012707244450716154,0.0018731011338413727,0.0023612335316764957,0.9289910107190309,0.0013962331826678927,0.002655170047258273,0.0021410360512644196,0.001450566977755294,0.0018080406718209124,0.0018776226005101212,0.00141406249838227,0.0029917565846230357,0.002456115285343937,0.0021653481576158107,0.0014368231854158203,0.0394701154787303,0.0015985673540030018,HEART
Heart.F.104.Hrt_F_104_1,Heart,104,female,f_104_1,k50,0.0028578045902507097,0.0001388308278826222,0.0017020108819684892,0.0031744571083231346,0.00445312717606628,0.9284044040068326,0.0015177193741914758,0.0032378407962109393,0.0022858525932049354,0.001660569347477824,0.001988652046727719,0.002608857321364875,0.0017363036791227054,0.0033600279038710017,0.0028158632840653876,0.002390122994924174,0.001868119533517567,0.03194638041030604,0.0018530561236918043,HEART
Heart.F.104.Hrt_F_104_2,Heart,104,female,f_104_2,k50,0.0020156232515875514,0.00011752531374001953,0.0011232255827250915,0.0020858770449233336,0.003312078740777833,0.941574195881124,0.0010226786810568701,0.002127407627857805,0.0018716806978416737,0.001302699118044662,0.0017746299031180693,0.0020647866410001135,0.001736609570052165,0.00259200860586501,0.002379792238653733,0.0022114289962832812,0.0014479214014511393,0.027658953602258677,0.0015808771016391535,HEART
Heart.F.104.Hrt_F_104_3,Heart,104,female,f_104_3,k50,0.003584424696466762,0.0003232467205945164,0.0029791661712497207,0.004388973842856472,0.00451907796441414,0.8929591809548284,0.0018993936651049979,0.0036212536420632204,0.0026458659519233724,0.0027880595141526365,0.003250077197778539,0.004005925825553773,0.003133662760907393,0.00453516248683125,0.004099060320981066,0.003428210891080545,0.0025516404460049235,0.05223500064577434,0.003052616301433745,HEART
Heart.F.104.Hrt_F_104_4,Heart,104,female,f_104_4,k50,0.0031255768966847288,0.00029681808541473937,0.0032901708011823455,0.003174349711917841,0.004975801105650021,0.8841949124590229,0.0017218651667370202,0.0033724406318565224,0.002640603388259533,0.002251747838478012,0.002723251595367881,0.0029498935834869444,0.0022256787494609963,0.00332090127832889,0.0036562951186633517,0.0030635210287233232,0.0021669333774616047,0.06834068874205174,0.002508550441251544,HEART
Heart.M.2.Hrt_M_002_1,Heart,2,male,m_2_1,k50,0.004091505198204716,0.0004223442668594653,0.003319103747915206,0.002578661750401147,0.00423310842056149,0.8599761668470159,0.0021239216051587295,0.004316417579077704,0.003179343671713007,0.0024828860334515767,0.0027398266667148716,0.004682029417155295,0.002141661027280817,0.0060215157804151586,0.003572734158763104,0.0032963753291467236,0.00270597535222662,0.08486895075910537,0.003247472388833329,HEART
Heart.M.2.Hrt_M_002_2,Heart,2,male,m_2_2,k50,0.006076312491974605,0.0008950278526500241,0.0021059447037990353,0.007102322507810706,0.005876612466794056,0.7720138227951008,0.0024049188780522926,0.005726256130927577,0.003696238698202753,0.002849612748143692,0.004488946073919816,0.00647765236303096,0.002531413861758144,0.007536646847037198,0.004383557960273277,0.0037783843778905982,0.0035815596601735515,0.15461443948696027,0.0038603300955007457,HEART
Heart.M.2.Hrt_M_002_3,Heart,2,male,m_2_3,k50,0.006662959752886044,0.0007456710914715601,0.0026421145407664595,0.003333783697794926,0.004782938822281006,0.8136603854746526,0.00251900379140056,0.005467116519802733,0.004215544869612375,0.0032386246426644102,0.0037943903909517375,0.005312733683693324,0.0024775194205369166,0.0073701066062845455,0.004474098569786945,0.003389406484157053,0.003451369826298548,0.11895713724176474,0.003505094573193535,HEART
Heart.M.2.Hrt_M_002_4,Heart,2,male,m_2_4,k50,0.0077400402991071255,0.0015320497812956284,0.0024832107888476083,0.004159864691858401,0.005389080124650703,0.6872653129216391,0.0028140706401570646,0.006450303319241469,0.004039620288433056,0.0027279795115804657,0.003299936410046299,0.006200851270538553,0.0024915259602721284,0.005852843180585331,0.004130152131645707,0.003365803770429431,0.0035825834658662855,0.2426188892353623,0.0038558822084436423,HEART
Heart.M.6.Hrt_M_006_1,Heart,6,male,m_6_1,k50,0.006143234077796032,0.0005216517347820542,0.0029298081728918197,0.004450922066099862,0.004783576845833766,0.8516857471147843,0.0022137092389638235,0.004795413179823478,0.0034980343042237275,0.002266073029623156,0.0032143270558401956,0.0050763742102487115,0.002523560541324638,0.004763538249399185,0.0042490871854879994,0.004013272305750212,0.003116939701466671,0.08665332626660038,0.0031014047190599504,HEART
Heart.M.6.Hrt_M_006_2,Heart,6,male,m_6_2,k50,0.007030668131590782,0.0008152982672780452,0.002820754967890669,0.003965828659268887,0.007017418170848374,0.7919367456167621,0.0035002928802407656,0.006882813286190155,0.004349022875117331,0.003206539238342747,0.004036976259576355,0.006007169284152639,0.0032509974206567332,0.005617315477909799,0.00520433771779897,0.004520632472347474,0.004009793721552712,0.13224321456192342,0.0035841809905520212,HEART
Heart.M.6.Hrt_M_006_3,Heart,6,male,m_6_3,k50,0.0038425982862649753,0.00017948107432590602,0.0018032772825964613,0.002313197063130246,0.0041711109825841725,0.9123679102801938,0.0020116479791000104,0.0040898847787871635,0.003980139974283589,0.001834638469371128,0.0026058696582542734,0.00405816077360523,0.0023495102443547703,0.0037326503649385014,0.0031243382239958773,0.0032889726884052567,0.0024999693071219003,0.03952950831877558,0.00221713424991091,HEART
Heart.M.6.Hrt_M_006_4,Heart,6,male,m_6_4,k50,0.004161898502906619,0.0003520325165302567,0.0025873653721005963,0.005087284230103142,0.00442602815858842,0.8772613292076099,0.0019990193062504763,0.004504721824285235,0.002986461653805706,0.0022974719846190466,0.002765517034802943,0.0045546974007349165,0.0018931522472230274,0.004484247419905045,0.003250608399574432,0.0030882712222836,0.0028017013852181727,0.06921329804769713,0.0022848940857612236,HEART
Heart.M.21.Hrt_M_021_1,Heart,21,male,m_21_1,k50,0.0034488208536277852,0.00032836304994971323,0.002489633020324687,0.0027565596056733552,0.004053098152131693,0.8815190411668573,0.001724591138386266,0.004896356546348432,0.0024771340760878537,0.0022621074469407684,0.002412335617549898,0.0022835184983990547,0.002021096522198332,0.0032365626727730024,0.0038024725437905923,0.00289471989170161,0.0019974837039303086,0.07289009948551105,0.0025060060078182437,HEART
Heart.M.21.Hrt_M_021_2,Heart,21,male,m_21_2,k50,0.002706439596751475,0.00022963684221396073,0.0021324128962918335,0.0028157435337051733,0.0036710342241071696,0.916617534967428,0.0019421919267783294,0.0032975377386660304,0.002809782242127336,0.00242223611916189,0.002766910076201706,0.0022191931609492864,0.002941442087678352,0.004425424262487617,0.0045677236305573035,0.0029419001443114785,0.0021844703909052136,0.03681883795012767,0.00248954820955015,HEART
Heart.M.21.Hrt_M_021_3,Heart,21,male,m_21_3,k50,0.004702207274793228,0.0006988728042168597,0.0029835041597593057,0.003054883255978644,0.004330859051556986,0.8159909201191365,0.0021758226800186456,0.0038447353733014255,0.00287738399731315,0.0026497185685816125,0.003360866055648842,0.003179393148395984,0.002342841506128801,0.0052090678682502785,0.004243726795434055,0.0037997212338524325,0.0024929909020604433,0.12869720123193387,0.0033652839736390398,HEART
Heart.M.21.Hrt_M_021_4,Heart,21,male,m_21_4,k50,0.004614020125942788,0.0005756698757235746,0.0025077368526850597,0.003184192374264715,0.004371920882272854,0.8218530060847439,0.001955596151498088,0.003705351468696149,0.0025698147866523666,0.0022177590770891243,0.0026937051870275295,0.0029273641952265827,0.0020002116741429103,0.004127468177014943,0.0038574998040465337,0.0033380827121064645,0.0028410999543575705,0.12775783951919506,0.0029016610973139657,HEART
Heart.M.104.Hrt_M_104_1,Heart,104,male,m_104_1,k50,0.00403763380265351,0.0004739123356334894,0.0028749135251114532,0.0025534835510904242,0.006668110955855546,0.857368141657328,0.002536676682795134,0.004112040448889439,0.003470315358823774,0.002680333032465123,0.0033341911573492944,0.0035109524390096263,0.002554435474956093,0.004042195265270126,0.00449423053321549,0.005891019056893794,0.0025129698095737105,0.08358536537561259,0.003299079537473565,HEART
Heart.M.104.Hrt_M_104_2,Heart,104,male,m_104_2,k50,0.006923957701066045,0.0017219811841561847,0.0028099445990317135,0.003502588574988105,0.006660596968536038,0.5321330154361509,0.002269302555406485,0.003767431288899262,0.003011948566181882,0.0026819588734898303,0.0033588526400802382,0.0028352123436133324,0.001970807209085158,0.0041676717297251305,0.0045577782633676196,0.006110994618720735,0.0034900637522577906,0.4042434884496568,0.003782405245586764,HEART
Heart.M.104.Hrt_M_104_3,Heart,104,male,m_104_3,k50,0.01052362233895244,0.003385466407164757,0.005444113857636435,0.004865798561972443,0.008660130995717349,0.5062983388115961,0.003671863346959487,0.006510923198958718,0.005331727748400953,0.0038814137538311574,0.0054471691053323825,0.005343792252725272,0.0036131997075288472,0.007276298399559577,0.006329734156188116,0.005741710918561325,0.005742469839781647,0.3941558771909646,0.007776349408168305,HEART
Heart.M.104.Hrt_M_104_4,Heart,104,male,m_104_4,k50,0.0049446942941097725,0.00047400473462650864,0.0031876686355703926,0.004185685492035844,0.005971155073229135,0.8390066416840419,0.002220276119473878,0.0038306184335345664,0.0032179230150435607,0.00274536458439781,0.003741156790547942,0.0032357009393519792,0.002951603105445802,0.004626573849136896,0.004437008154831351,0.004237061810415673,0.002525206786891464,0.10093097435077102,0.0035306821465442713,HEART
Kidney.F.2.Kdn_F_002_1,Kidney,2,female,f_2_1,k50,0.0075115767956905125,0.007579805680765043,0.005987470387777145,0.006412997412824997,0.006242529611508454,0.007847400461179101,0.005128760525516516,0.005067870604269378,0.8720025896566558,0.0064923278037156045,0.007163412961726263,0.006100850503312554,0.005795158979633063,0.009375847401828594,0.008874586056439586,0.005582523097725549,0.004589445994476285,0.009125068534332089,0.01311977753062361,KIDNEY
Kidney.F.2.Kdn_F_002_2,Kidney,2,female,f_2_2,k50,0.008599010452819763,0.013440128690667212,0.004702643456571131,0.021897925096275108,0.0057069536149562715,0.00705271381359022,0.005984457286934536,0.0055719376602637455,0.8481911949022942,0.006464214501891048,0.005386490075590857,0.00847264783503016,0.0060217905468441385,0.009267703513607974,0.0068087549201002635,0.004275195669579748,0.006003199417480861,0.014480106269725339,0.01167293227577739,KIDNEY
Kidney.F.2.Kdn_F_002_3,Kidney,2,female,f_2_3,k50,0.007970872344175919,0.008558971010268972,0.006465090449902458,0.016522690451524567,0.0048714253747496805,0.007605158880013341,0.0050772791510049564,0.004896301365365348,0.864342336961012,0.00604250888571846,0.005777648663775121,0.007744877026102971,0.005355614078191335,0.009753195580017748,0.008573508112883372,0.005080190439405911,0.004964355221698865,0.00932316333064485,0.011074812673543958,KIDNEY
Kidney.F.2.Kdn_F_002_4,Kidney,2,female,f_2_4,k50,0.009989809848023244,0.01116349668959162,0.005994194315278315,0.01973533011833298,0.00479370280800425,0.006929843763154003,0.005472772949090742,0.0049810997671066014,0.8520211653341846,0.005174279770329619,0.005049841281829918,0.00680339997285328,0.006260505107331829,0.009374265703116273,0.007462937272732164,0.004983914525493833,0.004393523810772587,0.016062383352901766,0.013353533609872237,KIDNEY
Kidney.F.6.Kdn_F_006_1,Kidney,6,female,f_6_1,k50,0.013733327380692294,0.06180705473106272,0.004924108072206154,0.006307427064125555,0.004247058506575076,0.0028060005043181483,0.0044741985389856725,0.004545704158900723,0.8027189933898025,0.005979457304826047,0.004856524244937101,0.01341332285240671,0.004778978201380413,0.007987275714238963,0.007577797485699757,0.004711825990274474,0.0037347598888014047,0.027663178287937046,0.013733007682829399,KIDNEY
Kidney.F.6.Kdn_F_006_2,Kidney,6,female,f_6_2,k50,0.00776399388093508,0.015105456181599652,0.004482600307036659,0.008837387487921107,0.005069912002920053,0.003600318870781037,0.004876057342621498,0.004190159857574752,0.8747929150933267,0.005960837507043185,0.004249806661964107,0.012695345702067127,0.004453862363185794,0.009357600529374979,0.008166690127550842,0.00402670169449143,0.003481710525517247,0.007553707083123089,0.011334936780965695,KIDNEY
Kidney.F.6.Kdn_F_006_3,Kidney,6,female,f_6_3,k50,0.01158271722270934,0.04756811582502068,0.004014702445477403,0.011895506962534554,0.004784709741751513,0.002969608405878628,0.00490528180084475,0.004821879627574707,0.8194487111917712,0.005723324967799983,0.004289363767042516,0.017342717377222396,0.004161707081530562,0.009349590370076238,0.007931296492851495,0.003974156691588584,0.0037007402020327834,0.0196678349004246,0.011868034925868298,KIDNEY
Kidney.F.6.Kdn_F_006_4,Kidney,6,female,f_6_4,k50,0.010452712676450367,0.03407536754936075,0.005094492488202419,0.009863752930432934,0.006486973243983814,0.003151738542864214,0.0048066392121384255,0.005150422598694457,0.8376003953162953,0.006263777642348157,0.004786466909010049,0.014914806890363959,0.005129713478466083,0.009525486511197383,0.009173187702585885,0.004605700948466831,0.004078487708620602,0.012970800123697328,0.011869077526820948,KIDNEY
Kidney.F.21.Kdn_F_021_1,Kidney,21,female,f_21_1,k50,0.005589955988636901,0.006409450570701295,0.0049909601570784015,0.006973929851740164,0.005738574645831704,0.004448384281438766,0.0045638446931518025,0.00396875202015627,0.8890791642382531,0.006187849241429877,0.004662326477891606,0.009592134292073708,0.005099392218765497,0.01093555955956779,0.009932905243748038,0.005305767944429825,0.0035823563158521796,0.0038572946382573413,0.009081397620995694,KIDNEY
Kidney.F.21.Kdn_F_021_2,Kidney,21,female,f_21_2,k50,0.0075231942935502375,0.015154555525560833,0.005555613126504143,0.004272337297518546,0.004277838830629013,0.0027979314829592672,0.004391925787860257,0.003722670313405889,0.8787572034378358,0.005930711478987517,0.004386441778807904,0.01483522966779395,0.004809494397557543,0.007482869536005708,0.007885418474686717,0.004615136574585589,0.003367698750465647,0.008879424018950552,0.011354305226335043,KIDNEY
Kidney.F.21.Kdn_F_021_3,Kidney,21,female,f_21_3,k50,0.005022386750702527,0.008263501352117649,0.005966902650077691,0.0056452154351622754,0.005076577476696887,0.004238069059169631,0.004317454212384923,0.0043199049055714965,0.8852939500579875,0.0062238825093435006,0.00485815373858148,0.013812558139967887,0.005855852474333053,0.009189229623148849,0.009141564441259666,0.004213678131506546,0.004174127756161566,0.004232798231569937,0.010154193054256983,KIDNEY
Kidney.F.21.Kdn_F_021_4,Kidney,21,female,f_21_4,k50,0.005524476971118921,0.009337144595973408,0.004215811921868619,0.006645335276241123,0.005102835009468971,0.003907801247216136,0.0038710098093551457,0.0033549606542521947,0.8901297780684048,0.00537916901147687,0.004311900084209139,0.012168898175200305,0.004929335585324496,0.007394592965541498,0.007508139428349859,0.004240846477613684,0.004142228233385098,0.006787426061236375,0.011048310423763657,KIDNEY
Kidney.F.104.Kdn_F_104_1,Kidney,104,female,f_104_1,k50,0.0033591213502041878,0.0024218511091803675,0.00554957417590723,0.00808502016821636,0.005000150585637054,0.004255611621993834,0.003644998749168016,0.0031556018322876542,0.8986159424899357,0.005572631547193134,0.004374149088578025,0.013925674263738903,0.006184266884194402,0.007570067556829631,0.008118699154870132,0.005146848653490504,0.0029755534812969282,0.002015727362297698,0.010028509924980293,KIDNEY
Kidney.F.104.Kdn_F_104_3,Kidney,104,female,f_104_3,k50,0.0055647525993634305,0.005386107376300403,0.0049231684410071365,0.0239077987190199,0.005748515839302304,0.004465066843148992,0.0049530078981348796,0.004380077681680139,0.8570132853848601,0.006235478736781521,0.005722632988702712,0.019650214295449036,0.009008375274973248,0.009110023346006553,0.00932735433055726,0.007872164586029453,0.00352541487614224,0.0028928681637754063,0.010313692618765182,KIDNEY
Kidney.F.104.Kdn_F_104_4,Kidney,104,female,f_104_4,k50,0.005793305792176721,0.004327942280750647,0.005099634385211854,0.009111862075957386,0.005228232570493022,0.006149181089108861,0.004814485911086448,0.004423768062804361,0.8777275206552331,0.007487180334733589,0.005068777941241978,0.013522500003347846,0.006454563543746473,0.010946543541296018,0.00986399144003121,0.006338355679312072,0.0035939691574194983,0.0028386791936288744,0.011209506342419826,KIDNEY
Kidney.M.2.Kdn_M_002_1,Kidney,2,male,m_2_1,k50,0.017125815706621694,0.04881407977666948,0.006493136796479518,0.026186008002169105,0.006339627758881991,0.005734675477591153,0.006975110776227568,0.009693435574197367,0.7392992386444975,0.027116707250246057,0.005582872226121741,0.010726025744961563,0.006217518792494559,0.006897938290200588,0.007237039345635037,0.006167503472721303,0.005658156548155423,0.039504034228640225,0.018231075587488054,KIDNEY
Kidney.M.2.Kdn_M_002_2,Kidney,2,male,m_2_2,k50,0.010530348628490267,0.018705275529393137,0.007043010502930761,0.014713590088465001,0.008903943501412635,0.0077455044016610354,0.0067324475291798145,0.017963471360226854,0.81193829117893,0.006898653543366445,0.0059247933504494015,0.009701976603575174,0.006543366769356446,0.011711289478678678,0.008670311511259654,0.00609359678646552,0.007382913934530239,0.01757977187122713,0.015217443430401826,KIDNEY
Kidney.M.2.Kdn_M_002_3,Kidney,2,male,m_2_3,k50,0.013401400341433315,0.023123717730022194,0.0064010173445941025,0.01263197790774321,0.005991667947490274,0.007367472877017116,0.006679909020933872,0.006848873075617376,0.823898833353009,0.007696200436124114,0.0053465865419991074,0.007791536689553033,0.006507161658457923,0.009227095294793687,0.008883628300010106,0.005333210206517992,0.004690915233376589,0.02455563673114429,0.013623159310162707,KIDNEY
Kidney.M.2.Kdn_M_002_4,Kidney,2,male,m_2_4,k50,0.010357419030248673,0.013023258081480596,0.00714760644293214,0.014947513966229028,0.006666128366670206,0.006571558964623019,0.005539922550536692,0.005419823291063669,0.8395915689326504,0.0076837670620460334,0.0059872169869518875,0.009244259025399486,0.006557684618270518,0.00993062085771202,0.009397119092808928,0.006465954332221137,0.004728747132472321,0.01459061901906404,0.016149212246619096,KIDNEY
Kidney.M.6.Kdn_M_006_1,Kidney,6,male,m_6_1,k50,0.00884007379256695,0.03584963529385203,0.004545126178797955,0.00854576942424799,0.005264178443121998,0.0034027278878001883,0.004833010500823868,0.00464084779641181,0.8377307718997002,0.007350585985597921,0.006235699648590871,0.010333158408481837,0.0051381419031926575,0.007894878675797383,0.009667456231394785,0.004056276716352981,0.0039911707319019675,0.019022320330872252,0.012658170150494315,KIDNEY
Kidney.M.6.Kdn_M_006_2,Kidney,6,male,m_6_2,k50,0.007611868259911338,0.014795657431599236,0.0043545568231702645,0.015236655644463037,0.005454107705362455,0.004364122205233153,0.006727457717120739,0.0052426102794286104,0.8638446245918168,0.006337738623755286,0.004916008285456353,0.010961325884884163,0.004976132052935273,0.010174074467019152,0.008846263474770522,0.005266364726039356,0.0038341181387791384,0.00812207928596497,0.008934234402290324,KIDNEY
Kidney.M.6.Kdn_M_006_3,Kidney,6,male,m_6_3,k50,0.007338505224076799,0.01737704341217852,0.005372663377656923,0.006078149652666111,0.004877787288432099,0.003507289125104381,0.005441885682495138,0.006963131723364814,0.8719908064743992,0.006709311987541701,0.004269586500329345,0.008845298248389815,0.004218434570485547,0.009761568342539866,0.009510864623594729,0.0042489667304318685,0.0037137822393238616,0.009940326101044653,0.009834598695944647,KIDNEY
Kidney.M.6.Kdn_M_006_4,Kidney,6,male,m_6_4,k50,0.010115380373975906,0.03310443066310383,0.004552184489289446,0.008437388344107488,0.005009512999965958,0.003335827427421342,0.004775858550210455,0.004743324874778878,0.846886980540016,0.006240670195556086,0.004637724807699058,0.009461097768087044,0.004594893942428585,0.008474398462561504,0.008824601781327468,0.004680206259753138,0.003773821799619864,0.016848765533731658,0.011502931186366439,KIDNEY
Kidney.M.21.Kdn_M_021_1,Kidney,21,male,m_21_1,k50,0.0037892713568907326,0.0018326292078832394,0.004845320332489451,0.006304322768563301,0.00478610186390138,0.004868569087424899,0.006771062770644075,0.004819012509992958,0.9020231557702965,0.005176830000332597,0.004797107054860865,0.009694502446927251,0.005425652334402212,0.010332000275820619,0.00858675464268252,0.004590943120273352,0.0030333060177451555,0.0012838509728413155,0.0070396074660274656,KIDNEY
Kidney.M.21.Kdn_M_021_2,Kidney,21,male,m_21_2,k50,0.005195622877546574,0.0061202138308138814,0.004347915066152357,0.008322681436942151,0.004039165646422878,0.003951580609918945,0.006749825161320243,0.0047861196706218195,0.8925400287397888,0.00636598370707689,0.0042685576493007625,0.008798306757631139,0.004774340578742244,0.009503406709153728,0.010077154357275039,0.004902476108892203,0.003255027130677941,0.0027203627739135635,0.009281231187808832,KIDNEY
Kidney.M.21.Kdn_M_021_3,Kidney,21,male,m_21_3,k50,0.005123209877934227,0.004609311996998953,0.005021701943377379,0.006698122600218576,0.003930961532914502,0.004568945155771505,0.007405338928391714,0.004861793937495502,0.893056938704704,0.006480853821330198,0.004805415837962629,0.010044027211828998,0.005038147507069276,0.009804621877114337,0.009686311978301066,0.004964160704617012,0.0033266831541665424,0.002481549547900956,0.008091903681902476,KIDNEY
Kidney.M.21.Kdn_M_021_4,Kidney,21,male,m_21_4,k50,0.0032104673333111814,0.0026903266648306634,0.0065889943588463545,0.009019884494953055,0.004756568404437134,0.004911612400960044,0.009201096848829944,0.013921563995095924,0.8761878538753729,0.00637233779181861,0.005315243948145869,0.00945666381712541,0.00716872278008723,0.01142693193159802,0.009783543957327251,0.004797971677963071,0.006340087782381124,0.0017187299630040903,0.007131397973912118,KIDNEY
Kidney.M.104.Kdn_M_104_1,Kidney,104,male,m_104_1,k50,0.004440374137878901,0.002313074510954141,0.006062718269811763,0.027440840516104962,0.006237455393333065,0.0059495455803789685,0.004325504569227676,0.004186790559508179,0.8519295031548567,0.006272124821001221,0.00541958474746018,0.018427289720282177,0.00793817896633546,0.01218834955415165,0.009352108275083931,0.012317119757752392,0.0035561877736890557,0.0017425785353782574,0.009900671156811093,KIDNEY
Kidney.M.104.Kdn_M_104_4,Kidney,104,male,m_104_4,k50,0.005818084104652282,0.004700447869999491,0.00637391567638747,0.011883741949180049,0.006659261090566025,0.004517714031649724,0.0047016343932130816,0.0045598863525401385,0.8678361231612723,0.007179315964462046,0.005241197051245255,0.013742303013508646,0.006688537292518628,0.013317801676046494,0.010944220533401466,0.009525922042885547,0.004291824367618748,0.0024072608634923736,0.009610808565360401,KIDNEY
Lung.F.2.Lng_F_002_1,Lung,2,female,f_2_1,k50,0.01055880709574655,0.010350323553344639,0.02085021651569067,0.00886220687718058,0.006431794138429717,0.012268877070334,0.007200571428254702,0.007746854973453715,0.015202166921146386,0.00952271995295523,0.7482349892948789,0.004621367962995734,0.010956201387447193,0.02175159422065869,0.0074734670827042255,0.008382513342264761,0.005980664796830821,0.06682860553495566,0.01677605785072801,LUNG
Lung.F.2.Lng_F_002_2,Lung,2,female,f_2_2,k50,0.01461979618430355,0.01764528254497965,0.01875155865823502,0.004148722450193546,0.00569208902692089,0.008416166138931742,0.007920580039126221,0.007909469193759325,0.008329048889202216,0.00516957764490462,0.7125347573681687,0.0053690654084303565,0.004608816327736077,0.012325083304792908,0.007360441135818906,0.008236009891036457,0.005589930113157366,0.1142537345672785,0.03111987111302395,LUNG
Lung.F.2.Lng_F_002_3,Lung,2,female,f_2_3,k50,0.009107098436990277,0.005324830381681581,0.02405967247305146,0.008158522777191235,0.006808762353950469,0.006523409099148891,0.008255275268845752,0.0070430830483513545,0.007612603038973182,0.005693911245794992,0.8067684571368202,0.004986081868423781,0.012082140101879177,0.01684434234738386,0.008290902109602245,0.00896457135395391,0.007425285027266298,0.024903165755916706,0.021147886174774266,LUNG
Lung.F.2.Lng_F_002_4,Lung,2,female,f_2_4,k50,0.012121293741495044,0.00945756927293767,0.02680339369189975,0.008644170334798517,0.006377389494348864,0.007970965903938578,0.0078064652272674,0.008496748184422366,0.006512527324414375,0.013483360610420969,0.7643893610684186,0.00578182385486879,0.007884359280765973,0.014003796387869728,0.008960012865153263,0.008597463048983135,0.008807111894051815,0.05268813723125387,0.021214050582691154,LUNG
Lung.F.6.Lng_F_006_1,Lung,6,female,f_6_1,k50,0.007944635415402718,0.005354594664793552,0.0295505141075107,0.009000076629788635,0.006440596530992189,0.008058595620740915,0.006550796584206245,0.0060748567481617175,0.00580682518563341,0.02275026262946353,0.7288013035611576,0.005041079676743,0.011362444120413578,0.023108254721362437,0.007518250857053805,0.009944660975581112,0.005243147768136135,0.07577760158763751,0.02567150261522114,LUNG
Lung.F.6.Lng_F_006_2,Lung,6,female,f_6_2,k50,0.010874101223345091,0.01883513623528473,0.01652720925091186,0.010332029899085216,0.0044891672302805686,0.0035235240419724573,0.006277668650390616,0.0058738132415595695,0.008981336251035055,0.019127067478492243,0.637011912478032,0.003917118922876908,0.005393610640735907,0.027105565159827302,0.0071321101566391406,0.007984560857431326,0.0050191713214689255,0.16316943888306262,0.03842545807756829,LUNG
Lung.F.6.Lng_F_006_3,Lung,6,female,f_6_3,k50,0.011468166009995345,0.010897692295142042,0.012976651591054792,0.0079189184180078,0.006408180545361322,0.005008732977463603,0.005003065072626263,0.005983977878671253,0.007531618482106619,0.004475653212588083,0.7412982139898476,0.004420816441657872,0.005720630872084335,0.01693342389463967,0.011872135497668577,0.008331317723109207,0.008604818331728778,0.09136020035178216,0.03378578641446473,LUNG
Lung.F.6.Lng_F_006_4,Lung,6,female,f_6_4,k50,0.008597800704422731,0.011663426221539977,0.02204370793434455,0.016488583428164803,0.0068883124838115305,0.003849363331602874,0.005914462683157306,0.027390313690796506,0.005813302099336026,0.004354621279008876,0.7147821912992809,0.004057446936082525,0.008005741620403451,0.025298891303223603,0.010983254671917284,0.006492246235440151,0.00573278058824549,0.07951511631607144,0.032128437173149726,LUNG
Lung.F.21.Lng_F_021_1,Lung,21,female,f_21_1,k50,0.009054609058442794,0.009596959727796688,0.014458077398069561,0.006162875527283205,0.005538364311925595,0.004915248487828878,0.005183097916281448,0.004507146740193735,0.008504737860058974,0.004603986525744951,0.7023439349694824,0.0041639901879689245,0.005687204183987905,0.008357790022042,0.017613327228216534,0.008261715199741157,0.004320082278664108,0.1405857730445542,0.036141079331717015,LUNG
Lung.F.21.Lng_F_021_2,Lung,21,female,f_21_2,k50,0.008214459453795704,0.020793326331583435,0.0093905985890985,0.008251318313984821,0.004754858035886145,0.002586259756750827,0.0038369789040313155,0.0036413062049550893,0.005046905368386248,0.0036899388103598363,0.5898797926856894,0.0036970285972677424,0.009584662189407045,0.013925643017583181,0.00835440566567034,0.006354799429307739,0.00372692355611771,0.2424314936659948,0.05183930142413027,LUNG
Lung.F.21.Lng_F_021_3,Lung,21,female,f_21_3,k50,0.007653822353602313,0.010593714507010252,0.014486349465455099,0.006491544004021272,0.005155868806410614,0.003441745828462626,0.005006981772841086,0.004192978526022348,0.007508405467721593,0.003964684333921634,0.7103169203647461,0.004506294746398764,0.004740095315421637,0.01898621703194591,0.015081300342265081,0.0063872002706825085,0.0041392691977749155,0.1310882016269027,0.03625840603839326,LUNG
Lung.F.21.Lng_F_021_4,Lung,21,female,f_21_4,k50,0.009121441696328078,0.011396589460330765,0.012844804014598398,0.012046867323507529,0.005790084606043778,0.002729009415214388,0.006580401296248974,0.004656790592314255,0.006247216260514947,0.00524131932989838,0.7728081911945547,0.004672657196849454,0.005486417941155594,0.011408290397025046,0.016640689639289757,0.008941421276685242,0.006760535945021821,0.06076837475672224,0.03585889765769668,LUNG
Lung.F.104.Lng_F_104_1,Lung,104,female,f_104_1,k50,0.01015053120945316,0.002429622992061233,0.019887104423766587,0.05062079878184022,0.008212842035518964,0.021540941827711463,0.006787088755315793,0.015100024293130027,0.008104511895785716,0.007760725860557262,0.7427587503396332,0.004407488078516685,0.006535357652593617,0.010827246607531286,0.031123815657729523,0.01467572165980079,0.005518218278502102,0.026235487700264973,0.007323721950287327,LUNG
Lung.F.104.Lng_F_104_2,Lung,104,female,f_104_2,k50,0.00940651333040765,0.003639790773645575,0.012997250216266744,0.007961481045672661,0.00826445648988649,0.005195890870345838,0.005659744452821987,0.005725013914157624,0.003517076316894853,0.006524284237079483,0.8464460164807102,0.004135031390272429,0.0035450508369487383,0.0038626051396896868,0.024076720132058946,0.014628865004105157,0.003438645567491351,0.02495016266791725,0.006025401133627228,LUNG
Lung.F.104.Lng_F_104_3,Lung,104,female,f_104_3,k50,0.009126186297883575,0.0035832134115501716,0.01762787830701233,0.006401859355327162,0.006951426664903882,0.005145182795340452,0.004627163394954689,0.004310772071558966,0.005638070358118258,0.00417610503291549,0.8427421079954581,0.003946839761962678,0.003413786941516684,0.004613024634661229,0.02438872548056519,0.010975541038698923,0.0032657170941634995,0.03316128943517616,0.005905109928232836,LUNG
Lung.F.104.Lng_F_104_4,Lung,104,female,f_104_4,k50,0.008639860670168671,0.0032493715128524728,0.009362887388976268,0.005262613056557286,0.01004181522563426,0.005239490584672591,0.003823781573376351,0.004354921181968974,0.0070884791215908,0.005428670269197527,0.8516723480136764,0.004108480430106181,0.0050574026908087434,0.0056907031290451115,0.0283767597140616,0.011634123604918369,0.0035607640236106413,0.020423404620707075,0.006984123188070724,LUNG
Lung.M.2.Lng_M_002_1,Lung,2,male,m_2_1,k50,0.020399277503832535,0.028076803355469988,0.02107702741111106,0.013100392485349341,0.008808502034038714,0.010645632401587914,0.007702229980241506,0.010868408321610314,0.008494258724060217,0.005711136778478885,0.6466692421140361,0.006019874352044636,0.00666470917087061,0.011684095360749982,0.008361822092596912,0.007490191488473077,0.006483566543264773,0.15186426335765613,0.019878566524527328,LUNG
Lung.M.2.Lng_M_002_2,Lung,2,male,m_2_2,k50,0.016753179226382437,0.015450069271732085,0.03339392175070624,0.030209686299698783,0.009034796624497148,0.013977991402956887,0.008684688471806151,0.011431798507193608,0.007858026204629753,0.0064805593576908165,0.6883321233844385,0.005921068315119447,0.005295370119605387,0.009188226295469564,0.008363266765135774,0.00854211126287088,0.00643776949769414,0.09877589740786058,0.015869449834511946,LUNG
Lung.M.2.Lng_M_002_3,Lung,2,male,m_2_3,k50,0.01987191819188319,0.023345516738564467,0.01990733906909474,0.010715399432929254,0.008564523302318189,0.009331103570903781,0.00717838257574809,0.008669961953697394,0.014817816714733634,0.007125058354692696,0.6620308121479067,0.006263126934305956,0.007736945694559301,0.01196397136108661,0.008503228119844743,0.00879624130224641,0.006533877085515693,0.13541941395577606,0.023225363494193144,LUNG
Lung.M.2.Lng_M_002_4,Lung,2,male,m_2_4,k50,0.019791671196373168,0.02284465962938886,0.023404309291724306,0.016923730035026528,0.008567155475506388,0.009877459697430788,0.009165375735440285,0.011892123917978734,0.007954616322723797,0.007266197567301405,0.7023378031166772,0.006630358613855979,0.00730443512680723,0.012408494358325733,0.011333785798714283,0.008159007555032,0.006820094483240971,0.08664366080335839,0.02067506127509401,LUNG
Lung.M.6.Lng_M_006_1,Lung,6,male,m_6_1,k50,0.01127422063507491,0.011923590418618246,0.01770420436925929,0.005045472834859629,0.004751001926608232,0.00422774937766053,0.004922165032823381,0.00442689755629811,0.008936177901375039,0.004867771414172965,0.7610948379207427,0.004898069910154686,0.00621065666282127,0.012490910828821833,0.006137283243662344,0.009613156481691948,0.005054343098002006,0.07469237035675241,0.04172912003060045,LUNG
Lung.M.6.Lng_M_006_2,Lung,6,male,m_6_2,k50,0.01180383579888665,0.01732835243673586,0.013134469259371676,0.005558107710124638,0.007010625136598564,0.005418946430010586,0.005401104362121387,0.006488515108123567,0.005518893503222213,0.004189692010357387,0.6961069823200929,0.004110981377498749,0.0048582288508162395,0.014577547846813884,0.01151104949755644,0.005585048951685443,0.004802090858544957,0.13624000135572206,0.04035552718571682,LUNG
Lung.M.6.Lng_M_006_3,Lung,6,male,m_6_3,k50,0.008786817024618487,0.007690100992656326,0.020878180000901872,0.004068475866254491,0.006761073579025858,0.006354577560496004,0.004632849457035708,0.012662004702952388,0.005795371847861077,0.004099775902199767,0.7330075709490886,0.003883054237045885,0.0046386381420659975,0.019696782732770677,0.006501154458632218,0.007133193074503609,0.004653868702099731,0.1018283828750055,0.036928127894785806,LUNG
Lung.M.6.Lng_M_006_4,Lung,6,male,m_6_4,k50,0.009064588053479804,0.016499227687630996,0.01988641115269977,0.007317407597969237,0.005513739085193036,0.0036212008032653845,0.005475697678674689,0.005215667327304004,0.0063294799921568765,0.018422361259148888,0.7075277510432909,0.0040940836443406235,0.00845558914728428,0.01670284437974744,0.007679617976891548,0.0062471647781628965,0.004916001968174999,0.11269212374881316,0.03433904267577148,LUNG
Lung.M.21.Lng_M_021_1,Lung,21,male,m_21_1,k50,0.01071320000065797,0.03180015303830532,0.010246443307117976,0.017540557048095904,0.004366277294548446,0.002359346039809047,0.0044330673907930435,0.0037136740776803736,0.004333136867791342,0.003340963860220204,0.4979836352581767,0.002932123462716646,0.0033830621968458023,0.011934727027472667,0.00613669846478686,0.007004514131215092,0.0037378580800801566,0.330273847616171,0.04376671483751552,LUNG
Lung.M.21.Lng_M_021_2,Lung,21,male,m_21_2,k50,0.008799793649766489,0.013990390689820163,0.021349423440146568,0.005574754656234704,0.004012529803403314,0.004852717779257603,0.006372078233502774,0.004693840301970818,0.008705619586595402,0.004152255125592078,0.5934796595398775,0.0035494925484616507,0.003821650462080363,0.011015930853228847,0.010756647975442808,0.00865008509253024,0.004035570347801964,0.2535561666669767,0.028631393247309966,LUNG
Lung.M.21.Lng_M_021_3,Lung,21,male,m_21_3,k50,0.005862495911545899,0.007643680201184347,0.014033352206950494,0.004488990201181513,0.006564102088784041,0.004247626511994659,0.004740121426228494,0.004290976187587665,0.006178741462708228,0.30766221599176335,0.4934529644486036,0.00749447019824902,0.03109331766581732,0.027948661786836686,0.007971194101142024,0.008750449135692012,0.005189696217035249,0.017155940076088845,0.0352310041806065,LUNG
Lung.M.21.Lng_M_021_4,Lung,21,male,m_21_4,k50,0.007994037178755966,0.016774772578900463,0.03140298784937153,0.037606089623901724,0.002646476723210241,0.002275352368061559,0.0061743835757368856,0.0036769538909952994,0.0032028385791805732,0.004162614473872799,0.6006499279458336,0.003419798944209396,0.00470438475947726,0.011919869141660523,0.0060079674503432795,0.007747398850510094,0.004364847232755196,0.21216627172258168,0.033103027110641885,LUNG
Lung.M.104.Lng_M_104_1,Lung,104,male,m_104_1,k50,0.011097220007235743,0.045287181433230024,0.008519722747976854,0.0037979412074088284,0.0022892053981411614,0.0017345153243621522,0.002663570460732469,0.0024011867719823574,0.0032580637216091135,0.002256294137577464,0.34768558389029514,0.002451946525481636,0.0019253101801193758,0.004019933073708307,0.014807906382768164,0.004997938695032737,0.0024893202817157837,0.5101445711159556,0.02817258864466713,LUNG
Lung.M.104.Lng_M_104_2,Lung,104,male,m_104_2,k50,0.01382316186349563,0.024163568916642654,0.009974390603316148,0.005498276626644549,0.004851654954723357,0.002329994178894635,0.006158585686266232,0.004644243397088696,0.007520675166867749,0.004737611963831255,0.6081313626069542,0.0031870773757094024,0.004840053123833467,0.009526719158388633,0.02436382776170426,0.009715411760665697,0.005385979024131971,0.20937157289639396,0.04177583293444741,VENACV
Lung.M.104.Lng_M_104_3,Lung,104,male,m_104_3,k50,0.007582769328410555,0.015364434803231247,0.011994235775591064,0.007396576806695377,0.004783909301399581,0.002441979444498419,0.004682370255143989,0.003788213599809459,0.009505380711785003,0.003806779109314533,0.6626246391730153,0.004043472554951232,0.006265459109321528,0.014973596550199487,0.021756899476527414,0.006930601949447359,0.004124920640117984,0.14518971262228042,0.06274404878826022,LUNG
Lung.M.104.Lng_M_104_4,Lung,104,male,m_104_4,k50,0.005823234892253792,0.0014467221666837338,0.019700619534923577,0.005374358818577404,0.005629725915302591,0.008873361986118435,0.004559353665263785,0.0050240135478898966,0.006946585740329322,0.0056399257384616795,0.8488992120379556,0.004264885111339601,0.006398730694155121,0.007079661267460531,0.02337688654710027,0.019403808264505138,0.005240447790009027,0.010658016284759599,0.005660449996910882,LUNG
Liver.F.2.Lvr_F_002_1,Liver,2,female,f_2_1,k50,0.008496818511947585,0.004781534616964054,0.034727963523945686,0.012802967221867249,0.012493471366630182,0.010028795808175941,0.006776950788297527,0.009226081572486772,0.011079537541551533,0.7733579477675881,0.011798420763471519,0.005852580227839714,0.010587061598463501,0.03071115602346139,0.025357319188388776,0.013173072478020333,0.006942860988968417,0.003633276840932971,0.00817218317099865,LIVER
Liver.F.2.Lvr_F_002_2,Liver,2,female,f_2_2,k50,0.008359192938217987,0.002899095998571855,0.027200509810815503,0.01361503289355736,0.011211667501399248,0.011158157236394298,0.005300998768436289,0.00737955616949852,0.01334280945337982,0.7984069531001724,0.010594983126986444,0.0054011649236513914,0.008994280132654162,0.024946494933533764,0.021733383905120637,0.013533245411580639,0.0061782041048268265,0.002738070257928029,0.007006199333274906,LIVER
Liver.F.2.Lvr_F_002_3,Liver,2,female,f_2_3,k50,0.01036816375671567,0.005036415949751817,0.02724878972280165,0.01272098769300133,0.010970466992377725,0.011597511281482438,0.006816254571451319,0.00924557967106002,0.010347178249708815,0.7914404820682005,0.010503135935373739,0.005080970597868662,0.009216009948874957,0.02773909876597747,0.021240258541998288,0.012089293385670916,0.006914437329004314,0.004029465467358318,0.0073955000713220274,LIVER
Liver.F.2.Lvr_F_002_4,Liver,2,female,f_2_4,k50,0.008058964637462909,0.0034778527746144425,0.02813994712414857,0.011444652306201902,0.012147470723856529,0.011627877046070434,0.006193726045310714,0.007856015190594576,0.01046320409980837,0.7846113269426664,0.010975227732689077,0.004910350784321857,0.0104205551394943,0.03299508280755125,0.026257661262488314,0.012758006489821573,0.0066833958379610816,0.002728845979072592,0.008249837075864765,LIVER
Liver.F.6.Lvr_F_006_1,Liver,6,female,f_6_1,k50,0.0046292341061519105,0.003987952220118626,0.011426803914171028,0.05206985468808161,0.008723517989252694,0.00576657255986225,0.003829930779161175,0.004601937098096508,0.006509033746516222,0.8272598191201637,0.006565604531361908,0.006191342793734008,0.00682018209300376,0.015271707316489334,0.011400351238919616,0.006929827877939589,0.007155730951380664,0.0018113468098616883,0.009049250165734005,LIVER
Liver.F.6.Lvr_F_006_2,Liver,6,female,f_6_2,k50,0.004771483520374655,0.0030273357222512644,0.012613697221117557,0.005856033596486065,0.007284811805742545,0.006956602451122304,0.003601529650566048,0.004733955772057275,0.006699129133400148,0.874676243246681,0.005925146749268482,0.00520362244946357,0.006017384749286104,0.019809111282232676,0.01411631068375885,0.007472546373486787,0.004143711270867916,0.001340827107379071,0.005750517214457553,LIVER
Liver.F.6.Lvr_F_006_3,Liver,6,female,f_6_3,k50,0.005573935169708794,0.0035610047523398788,0.012898885519132533,0.00660263945836293,0.007409238511215551,0.006536574168004679,0.0036754521826768897,0.005188595135032546,0.006929918483087414,0.8680163330644202,0.010002044040228558,0.006132454355835208,0.006031503175419158,0.017090249640649022,0.01590661527028331,0.0064472247197838155,0.004631490910891244,0.001746222537153908,0.005619618905774406,LIVER
Liver.F.6.Lvr_F_006_4,Liver,6,female,f_6_4,k50,0.00585509337111436,0.004580592273678635,0.012840183126938083,0.017320904556830594,0.007602387321155354,0.006026248565404762,0.003695179993510266,0.004546828154503368,0.0069693470709816735,0.85725774702359,0.006138945546199063,0.006614832010884742,0.0072572399882348745,0.020267912432191337,0.012177934608981191,0.007147980184958196,0.004588770397048705,0.002256693104975496,0.006855180268819013,LIVER
Liver.F.21.Lvr_F_021_1,Liver,21,female,f_21_1,k50,0.005572671771023478,0.006122526753780079,0.010714124618662831,0.006230470775481116,0.006176509766449859,0.005087749020590379,0.0038809142436675506,0.003987707528934888,0.004620064732607937,0.8872141472057218,0.004914126167795495,0.004404750605329336,0.005293243566306424,0.013443749117698509,0.010743076986599983,0.0067209538531834865,0.00496497156777996,0.0031210344181282325,0.006787207300258735,LIVER
Liver.F.21.Lvr_F_021_2,Liver,21,female,f_21_2,k50,0.006590286210717686,0.004941807243471904,0.008935798275037902,0.01634166366852429,0.005556966795313714,0.004342617752816037,0.0031889006625739316,0.004250174765992927,0.007574944375584902,0.8866974569270288,0.005751428132239157,0.00422836016730161,0.004580996110092619,0.010452670254078781,0.01019591580266907,0.005728345822938501,0.003551518404056913,0.0022522262814945767,0.004837922348066699,LIVER
Liver.F.21.Lvr_F_021_3,Liver,21,female,f_21_3,k50,0.004677485433527276,0.0038686784086226908,0.009778774392105376,0.006082617502984397,0.005975906438211905,0.0051101805491230775,0.0033854121558535453,0.004120215251799318,0.005627126999573265,0.8949457135069903,0.005282268118107945,0.004630129454950917,0.004946086762870949,0.012604335156384061,0.011063850645691807,0.007070357537571705,0.003725475890282667,0.0017767874370921968,0.005328598358256503,LIVER
Liver.F.21.Lvr_F_021_4,Liver,21,female,f_21_4,k50,0.005321556463022214,0.003661135749627778,0.009285877230785543,0.005760485998929961,0.005810301865234814,0.004864208110318823,0.002891081637284482,0.003962651826978082,0.006037779019336525,0.898208839416273,0.004999616442688605,0.004785411939978873,0.005202536897399748,0.01250459567971115,0.010103935490835884,0.00555386150087853,0.0036072845483893006,0.0019893891281544387,0.005449451054172274,LIVER
Liver.F.104.Lvr_F_104_1,Liver,104,female,f_104_1,k50,0.004389768631611866,0.0025805037715771573,0.01489270698479841,0.007914007812465852,0.00662973265396082,0.008782702501788652,0.0028767351303407795,0.0051107684346161425,0.0065220241434554,0.8823500808733707,0.006435784744275589,0.005691509166028076,0.00640074503963806,0.011278061006304421,0.00976803645366632,0.005764850065020334,0.004332039335316211,0.0030621240050233067,0.005217819246742067,LIVER
Liver.F.104.Lvr_F_104_2,Liver,104,female,f_104_2,k50,0.003944551862375213,0.002813105184879436,0.009290623290463073,0.009999969724960598,0.00583561923478064,0.005340607693152053,0.002665592909848614,0.003798532139674593,0.00558035556982143,0.8988148552553756,0.005253931111214185,0.0044978690650751664,0.005360288831176821,0.010800087332235041,0.010287798596694148,0.0062049602672154,0.0035488622815471513,0.0013582499214541918,0.004604139728056926,LIVER
Liver.F.104.Lvr_F_104_3,Liver,104,female,f_104_3,k50,0.011248180905040862,0.005456519651693177,0.013736178103989364,0.009601197640741573,0.008587266433766312,0.005803627019743056,0.005985282003501348,0.005939817835331705,0.018358242498976263,0.8186231496964295,0.01456828878827424,0.004356544680239385,0.006446903428884947,0.01595377050190698,0.014558239675927193,0.008659896662153062,0.019496748594075054,0.006955560458869262,0.005664585420456904,LIVER
Liver.F.104.Lvr_F_104_4,Liver,104,female,f_104_4,k50,0.007631398967855504,0.004134286251525293,0.01373967831038112,0.0037758174912958893,0.007808390183930067,0.007160882862447848,0.0036884835062924977,0.004458698944071638,0.017891045031142843,0.8572790026912965,0.012732858974532775,0.004420485064275924,0.006188994803627419,0.011390241538378799,0.013971949495682284,0.009369299899781034,0.004559847075283075,0.0039490416475233036,0.0058495972606761445,LIVER
Liver.M.2.Lvr_M_002_1,Liver,2,male,m_2_1,k50,0.00968144696133905,0.0031286867689007463,0.039159028550094364,0.013514213640351512,0.01545872696375082,0.01395879562123744,0.007495657227761335,0.010089159520545468,0.015445031170509015,0.7381262826443495,0.014055040904973474,0.005644080556594903,0.01110824188696858,0.03318890133156201,0.0327419163051043,0.015444764416137397,0.007597658710446696,0.003882532618891805,0.010279834200481541,LIVER
Liver.M.2.Lvr_M_002_2,Liver,2,male,m_2_2,k50,0.016466825821594894,0.004003968906370327,0.028350564799604946,0.02381547704619793,0.01769028163373399,0.013621223865037101,0.008756585834190552,0.012721165144771205,0.026768138302087317,0.7026942318265713,0.019879781399527854,0.007479427700307366,0.022489564022955565,0.028401597211043603,0.029703019883010745,0.014542274157344862,0.00866028559225614,0.005738486959151751,0.008217099894242552,LIVER
Liver.M.2.Lvr_M_002_3,Liver,2,male,m_2_3,k50,0.011324694524625712,0.003769742443331339,0.035758975843323076,0.012852698122166674,0.014679247992656809,0.012557298856513162,0.007115600105186521,0.00875753367577206,0.012517956644537722,0.7536847517685611,0.011163785183375168,0.005713547163665787,0.009630975470965725,0.031528842961197644,0.03196057053812444,0.016615719997600097,0.007265074683001781,0.00407852734466051,0.009024456680734929,LIVER
Liver.M.2.Lvr_M_002_4,Liver,2,male,m_2_4,k50,0.009705201625403677,0.0032756259046871575,0.02480334497001405,0.0438874621779968,0.012144802907088107,0.012591354079623508,0.007351586355939861,0.008281502650043094,0.015204557996699052,0.7508399137309697,0.011782328065293918,0.005992320691091494,0.011486511249193792,0.023795806463692316,0.027416861094801993,0.01309014695996014,0.007098475912167218,0.003263927295645236,0.007988269869688914,LIVER
Liver.M.6.Lvr_M_006_1,Liver,6,male,m_6_1,k50,0.00710846854653618,0.003821666934005412,0.010152523191583551,0.005293454789254097,0.005540427260082035,0.004852217989002446,0.0032850121804606077,0.004366335065664275,0.00962125713464619,0.8845351215796979,0.006548413642183214,0.006150851538379224,0.005143708970100161,0.013285514624501164,0.0124834638177268,0.006414933355202109,0.0038656651646227697,0.002056404917340309,0.0054745592990117125,LIVER
Liver.M.6.Lvr_M_006_2,Liver,6,male,m_6_2,k50,0.004043994330846723,0.002967417863280229,0.009663688962030044,0.005215641381135004,0.0058437067791422175,0.0052979548344301705,0.0032160449556939783,0.0040673757079569255,0.004995576221152647,0.8958728249127722,0.005266119716453888,0.005735500177646484,0.0048848694891548425,0.014549047261101095,0.011952421506344953,0.0059890381087056655,0.004165011915314459,0.0011280220302595297,0.005145743846579021,LIVER
Liver.M.6.Lvr_M_006_3,Liver,6,male,m_6_3,k50,0.004795985506671896,0.003568097337303647,0.014941608712285363,0.008397714157585522,0.005992653582014586,0.005923705301876199,0.0035028943868405517,0.004286766974240462,0.005453576555379998,0.8764921908421033,0.005677555604368873,0.0065193433089266424,0.0058613143395045576,0.015153421514082235,0.012096380245729467,0.006184079135762408,0.006189220961502252,0.0017784694072749498,0.007185022126547283,LIVER
Liver.M.6.Lvr_M_006_4,Liver,6,male,m_6_4,k50,0.005011137129190871,0.003540518469249254,0.010248179194489143,0.01181027832578912,0.006946102875814399,0.006847925300158999,0.0037681994740578245,0.00432730003217422,0.005107808716035238,0.8705649973030698,0.006002838148245043,0.0067343019917360785,0.006350124307264944,0.017648715475979602,0.014938755379395622,0.006085217487655652,0.004124011964236496,0.0016851870150672583,0.008258401410390501,LIVER
Liver.M.21.Lvr_M_021_1,Liver,21,male,m_21_1,k50,0.0037848809953646037,0.0030441772434602545,0.008021232044337473,0.0030541233485622964,0.004776346688316037,0.004086341968180215,0.004673504719039793,0.00405951375208821,0.004656485057321317,0.9065756903600077,0.00444846903823757,0.0053428488397344815,0.004792018084979875,0.011341225804784172,0.009147869559178198,0.007461711253523029,0.0052101533127194045,0.0011496129926594745,0.004373794937505765,LIVER
Liver.M.21.Lvr_M_021_2,Liver,21,male,m_21_2,k50,0.0036121497286493347,0.0030390203629471093,0.00801700934566448,0.005109515480130188,0.005226524745775678,0.00459226472539944,0.002456637765619835,0.0033184293694317793,0.004254206528838319,0.9073633251669713,0.004156473402026153,0.005564506388837774,0.0050550050189029794,0.01339294528052554,0.010738336833022251,0.00545567276515052,0.00296687137507187,0.0010506520622545982,0.004630453654780837,LIVER
Liver.M.21.Lvr_M_021_3,Liver,21,male,m_21_3,k50,0.0003303205461168157,0.0003636167776179359,0.0008186737551703222,0.0006406873379895942,0.0005143990548150026,0.0004456485839090899,0.00028174476499293673,0.0004013002296490218,0.00045031595884562374,0.09677330222168984,0.0004422509159060761,0.00100318063488045,0.0004969978896067943,0.0007802630516573493,0.8946974954501935,0.0003993131010520154,0.0003735343595380036,0.00011707314589229955,0.0006698822204777575,SMLINT
Liver.M.21.Lvr_M_021_4,Liver,21,male,m_21_4,k50,0.00339057701235793,0.0029156762598351715,0.0070484207366627236,0.008936616987327197,0.004824323771037488,0.0043540689959288715,0.0026479872371183797,0.003056603065025066,0.004738593225306626,0.9111064143864227,0.004090871385058437,0.005271718466645156,0.003560586536624764,0.009887462739743199,0.008848012300980715,0.004696987330197798,0.003578384370614289,0.0011700339903701529,0.005876661202743303,LIVER
Liver.M.104.Lvr_M_104_1,Liver,104,male,m_104_1,k50,0.0037196776502101056,0.0024331730149153,0.009994006511907624,0.012327932345053954,0.004652286155865352,0.004395415729236739,0.0029020635923236787,0.0031735839876062895,0.004744169311989035,0.8980163413353037,0.004447372062998021,0.005250329525363157,0.005052418769681022,0.01319742122253406,0.00987643059903512,0.0060288790836519664,0.003588299272651818,0.0013185185828847553,0.004881681246788201,LIVER
Liver.M.104.Lvr_M_104_2,Liver,104,male,m_104_2,k50,0.004303447469488451,0.002354483687710019,0.009316731028732943,0.0032482812587983066,0.004581306292394311,0.004340014005188248,0.0025943286355129317,0.0032391171363148415,0.0046138017744439324,0.9110122521033015,0.00417702437783948,0.006316909417746473,0.0049928916748239556,0.010753440105196016,0.007990531812877236,0.006353269680950644,0.003037008150971816,0.0017901069128957929,0.00498505447481282,LIVER
Liver.M.104.Lvr_M_104_3,Liver,104,male,m_104_3,k50,0.003641555443208995,0.0031163856293155903,0.008705229674585072,0.005148582823307232,0.005422039926942729,0.0043532588197882005,0.0023199274616735608,0.003028317525644073,0.004532722804163434,0.9075649633692785,0.004523658627536053,0.0046761374639486195,0.004473471558095434,0.013456697335845914,0.009711659756111428,0.006241632033450028,0.003152820395857674,0.0012038373521186068,0.004727101999128962,LIVER
Liver.M.104.Lvr_M_104_4,Liver,104,male,m_104_4,k50,0.005396545363033045,0.003635202576581087,0.007413472003502257,0.0029576321141976283,0.005818837828954827,0.0044782591592878096,0.0024987773847528305,0.003376067297666005,0.008032984927591625,0.9037879074632115,0.004848450858123027,0.0046756463914517385,0.004832960823645382,0.012634898089212216,0.009181025166322502,0.006659384021210914,0.0031271891509070944,0.0019278994937638734,0.0047168598865845335,LIVER
Muscle.F.2.Msc_F_002_1,Muscle,2,female,f_2_1,k50,0.0016069586664821773,0.009639784244266824,0.002752347153449507,0.005181457634450572,0.003937423720091517,0.00263295376802074,0.0027123524417797325,0.0031276354627311573,0.0029324187362709947,0.0028452019444771782,0.00277138115345705,0.00252847312132832,0.42687143432332464,0.501689754618684,0.003687338502845642,0.004014705765577889,0.0029300292058635127,0.001823553393351223,0.01631479614354726,SKM-VL
Muscle.F.2.Msc_F_002_2,Muscle,2,female,f_2_2,k50,0.0017149492745640706,0.01180770068098365,0.0019214818014220265,0.00449668308837632,0.003188452991401984,0.002774024002084441,0.002262697319784066,0.002896043118918729,0.0020434845051185207,0.0023879017873971718,0.0018399559650424911,0.002548617804442588,0.5445736532361547,0.40114400694038793,0.003027421903353783,0.003300697287610923,0.002063930209685115,0.001420775585214096,0.004587522498057444,SKM-VL
Muscle.F.2.Msc_F_002_3,Muscle,2,female,f_2_3,k50,0.0017064579916963197,0.01207514927638271,0.0020243148073652737,0.001356464504653682,0.002611192226431636,0.002494047003872485,0.002179303869717815,0.002708196505950592,0.0017247696217480813,0.002235560884749722,0.0019881157369611097,0.002094245009213243,0.470640008524857,0.4792615192323823,0.0032910640438530148,0.0030776405799708196,0.0033475991093085133,0.0014936954120319899,0.0036906556588538197,SKM-VL
Muscle.F.2.Msc_F_002_4,Muscle,2,female,f_2_4,k50,0.001959807121649731,0.009866634828981445,0.0029481799638617833,0.0029178217766046496,0.0037059794040618424,0.0033015405405730424,0.0032300075344508412,0.0037868664855313927,0.00278860279669213,0.0025051447533557584,0.0021779091917458436,0.002782999020845716,0.3489164878186407,0.5931437979403826,0.00360141950577628,0.003286511448743594,0.002504483638104703,0.0014795557521636827,0.005096250477834321,SKM-VL
Muscle.F.6.Msc_F_006_1,Muscle,6,female,f_6_1,k50,0.0005556819159228086,0.006076057015069413,0.0008029699835671626,0.0004835256314522262,0.0009265268612490268,0.0006252320888967268,0.0007771185858193074,0.0008681221387996466,0.0005855692607204028,0.0010188626380542667,0.0016375612979016027,0.0013903015359027094,0.7580115456955173,0.22031402428047203,0.0011118368305876897,0.0012376991891651869,0.0014637497321109529,0.00048296569484746984,0.0016306496239442856,SKM-VL
Muscle.F.6.Msc_F_006_2,Muscle,6,female,f_6_2,k50,0.00041713148726038417,0.004299967305200744,0.0008166136172136884,0.0007551388855453001,0.000995191705323526,0.0009380073975274024,0.0007538424843321022,0.0007888547932142805,0.0008036699955959424,0.0006876611730843479,0.0006489272758196383,0.0012002747660419008,0.7897168325119113,0.19233236841987383,0.0011718662019641276,0.0009972875120451408,0.0006834822207350407,0.0003918189435376486,0.0016010633037733613,SKM-VL
Muscle.F.6.Msc_F_006_3,Muscle,6,female,f_6_3,k50,0.0008288548850119231,0.006199068501442883,0.0013016968021276865,0.0010654331830616975,0.00198978142379947,0.0015945546674667138,0.0013393542164866871,0.0015222822534028495,0.0011968077077522767,0.001254605467616158,0.0029334255604758436,0.001784741617900711,0.6090455428161885,0.358842760154881,0.002509466804447555,0.001846531894793804,0.0012352823982180181,0.0006576969358147149,0.002852112709111439,SKM-VL
Muscle.F.6.Msc_F_006_4,Muscle,6,female,f_6_4,k50,0.0004213589776398889,0.004508425012587625,0.0007641540000777981,0.0007146121520667689,0.0012940576475957808,0.0006976273891521573,0.0009601320990134159,0.0009089634452732527,0.0007414239699346619,0.0006672205989681095,0.0009417794905655924,0.001084918286309596,0.824782144906034,0.15564107766168378,0.0011799554509558734,0.0009246963080342762,0.0008680487526665652,0.000497231725829704,0.002402172125611207,SKM-VL
Muscle.F.21.Msc_F_021_1,Muscle,21,female,f_21_1,k50,0.00044476651640438413,0.0043979583002331235,0.0006768657659994221,0.0009547960309870478,0.0007849036928100352,0.0005520896579849456,0.0007773811418462101,0.0007399413851616809,0.0009206799204049999,0.0007222066564396848,0.001692550360539717,0.0012953639459238112,0.7098272992113138,0.2716265325034083,0.0011390695087503146,0.00084223002826632,0.0006498267988744678,0.0003806696037567118,0.0015748689708947616,SKM-GN
Muscle.F.21.Msc_F_021_2,Muscle,21,female,f_21_2,k50,0.00020853922691690577,0.0024097269628462342,0.0003574054492720319,0.00028370285802045665,0.0005356423705340625,0.00033193884721072176,0.0003125462766148043,0.0003590860738001668,0.0003979229623721929,0.0003998021462400272,0.0008005757673177658,0.000824191976544798,0.9249991658774005,0.06530503789382623,0.0006297981416625381,0.00043825176565201864,0.0003521089751666208,0.0001962482926196639,0.0008583081359823998,SKM-GN
Muscle.F.21.Msc_F_021_3,Muscle,21,female,f_21_3,k50,0.00023815836035045253,0.0026651596724162814,0.0004973121778915792,0.00030878432491236366,0.0006077954494609004,0.00036602727639773103,0.00033737717946711004,0.0004099178126112485,0.0005308556664133475,0.00045293121335466575,0.00047563975603301373,0.0008580728130445893,0.9248806421704161,0.0644170985440826,0.0007438767545616748,0.000498247109276992,0.00040870020878158015,0.00022288807759946662,0.001080515432928527,SKM-GN
Muscle.F.21.Msc_F_021_4,Muscle,21,female,f_21_4,k50,0.00042619133657398036,0.003894136763567456,0.0006410204107899989,0.0005247937408371764,0.0009730725613692653,0.0006654490231797067,0.0005957300686632195,0.0007429890342891824,0.00081548160047132,0.0007619814171528465,0.0010397008550716996,0.0012305270223962827,0.8098733168238216,0.17265742866113432,0.001289071378277392,0.000910921270021815,0.0006633635502924709,0.00031868130401140906,0.001976143178078667,SKM-GN
Muscle.F.104.Msc_F_104_1,Muscle,104,female,f_104_1,k50,0.0003411514165601312,0.0034216293747817285,0.000710617380495754,0.0010274960408877527,0.0009540288640269821,0.0005948369790512149,0.0008862290033613498,0.0008863121790554175,0.0007336938949040072,0.0007200236324983722,0.000989025114631102,0.001576037789663932,0.7941477547848939,0.17977643506911817,0.0011645784618639625,0.0009807956009972854,0.000812252661485733,0.00025590720652760485,0.010021194545195724,SKM-GN
Muscle.F.104.Msc_F_104_2,Muscle,104,female,f_104_2,k50,0.00040310743990992965,0.003985339388357105,0.0007686627152115367,0.0013019195115000475,0.0011795203849073255,0.000577521098789439,0.0010125643749095254,0.0008252196387244793,0.000843694391056041,0.0008058870804055542,0.0009869927157070784,0.001676264628677947,0.5909768357737208,0.3895310552433195,0.001244692801219639,0.0009666368281693409,0.0007052853806162675,0.0003188006102063538,0.001889999994592181,SKM-GN
Muscle.F.104.Msc_F_104_3,Muscle,104,female,f_104_3,k50,1.2481937000531169e-05,7.521278453878548e-05,2.3029157775399793e-05,1.4966849059186926e-05,3.6738209849450465e-05,2.1879909581937257e-05,2.4918538230887296e-05,2.3832873272477133e-05,2.616338824406823e-05,3.44940134389869e-05,2.8548448084290963e-05,4.04806817294277e-05,0.014765663173225568,0.003996080768384965,3.770642234029163e-05,1.6503544538096822e-05,2.679798127035751e-05,5.673170488417537e-06,0.9807888281489469,WAT-SC
Muscle.F.104.Msc_F_104_4,Muscle,104,female,f_104_4,k50,0.0004762479510433669,0.004169567732943397,0.0007092851840343469,0.001196196260858023,0.0007394830202064352,0.0004591657939913435,0.0007558166204913675,0.0007078462208929588,0.0009517353652092342,0.0008669982852120287,0.0008960729318013072,0.0016111525963496936,0.7747462845929712,0.20744345616599977,0.0010122577047835188,0.0008233321355140581,0.0006086856302938143,0.0003393864440124515,0.0014870293633915902,SKM-GN
Muscle.M.2.Msc_M_002_1,Muscle,2,male,m_2_1,k50,0.003504862112491831,0.02423013040802793,0.002683504504351777,0.0046634615814827715,0.00492078955918228,0.005236655179248096,0.0038598056581854567,0.004876142556881635,0.0032114965456754075,0.003584759703771672,0.0028756971619247687,0.0035575113428234265,0.48680193723718596,0.4259496703060513,0.004677599766946342,0.003941694754547358,0.003249324763051827,0.002660447038311796,0.00551450981985855,SKM-VL
Muscle.M.2.Msc_M_002_2,Muscle,2,male,m_2_2,k50,0.003277151399649187,0.014343998216162704,0.004391021262982402,0.005256530269356293,0.005453240040640656,0.005673802736318436,0.0034565632401784454,0.003974116056647922,0.003976558174833138,0.0037871367498237304,0.0030739741568999042,0.003503632105160322,0.6112794257740684,0.29395895710271375,0.004123111988911165,0.004603787361837841,0.0039025281282564412,0.003959859306729889,0.01800460592882936,SKM-VL
Muscle.M.2.Msc_M_002_3,Muscle,2,male,m_2_3,k50,0.004768324311529725,0.015890512009889425,0.005095212701075472,0.012342159285938459,0.006567527119478508,0.008230569100617044,0.005167510013642144,0.006798477960722426,0.004794792459694325,0.005067137040091574,0.004634364843785971,0.005123305065856492,0.4925458401470108,0.3949594075432133,0.005266982711689042,0.005855245215418833,0.005589181315308647,0.0032418004784840445,0.008061650676553627,SKM-VL
Muscle.M.2.Msc_M_002_4,Muscle,2,male,m_2_4,k50,0.002360891809113294,0.010008494365760342,0.0025844719963530657,0.0032265480021225986,0.004668919184861192,0.004349207591246484,0.0035665830599028543,0.003438672099582094,0.0042716326704827605,0.003651531684741958,0.003147210093834737,0.00439299039179544,0.4530089843190961,0.4224732798426529,0.004586941964108222,0.0036080633964377926,0.005245159406015698,0.004006771831837223,0.05740364629005536,SKM-VL
Muscle.M.6.Msc_M_006_1,Muscle,6,male,m_6_1,k50,0.0010984680464666476,0.00610209153971577,0.0010988618029143839,0.0007707209555995427,0.0012025487088008517,0.0009154367241398998,0.0008692936505027114,0.0009339011972915365,0.001118106453368778,0.0010832291733341506,0.0012888038506192918,0.0018234015624820725,0.8604154442175047,0.11336391769784371,0.0017113168822420124,0.001725437316317748,0.000909489462695044,0.0007824338268583885,0.0027870969313028926,SKM-GN
Muscle.M.6.Msc_M_006_2,Muscle,6,male,m_6_2,k50,0.0014553789914305835,0.006974225739687228,0.0013923925271531468,0.0007691897164880092,0.001454413467770867,0.0010648443394786287,0.0012016050157683167,0.001372839767242259,0.0012262748188512208,0.0010383907873802536,0.0012427396420495568,0.0014680358632950979,0.555438775128636,0.41235291687504777,0.0018365501725769967,0.001796284889235117,0.004611140540934156,0.0008274682594123284,0.0024765334575624597,SKM-VL
Muscle.M.6.Msc_M_006_3,Muscle,6,male,m_6_3,k50,0.001433160551340016,0.011281863910909667,0.0015739600866423254,0.0014115153361572502,0.0019155947176007309,0.0017158716367172964,0.001870148680919185,0.0018494539981601958,0.0019441038824385638,0.0016501097188997044,0.001914980815999663,0.00191325210102242,0.41559991020083076,0.5383777131332259,0.003189801367846317,0.0024810552560316714,0.0035006908166547923,0.001203823258522847,0.005172990530080576,SKM-VL
Muscle.M.6.Msc_M_006_4,Muscle,6,male,m_6_4,k50,0.0008415427301255323,0.006491929704581691,0.001293888645700165,0.0027264538563224004,0.0016221057448916054,0.0011485119466665191,0.0011944092358610375,0.0014614541907006745,0.0015128145450714722,0.001335367545461333,0.0011720285457381475,0.0016776040003833037,0.6190793399093599,0.3488922003476841,0.002188504990704278,0.0015371999266032,0.002558731936806666,0.0005567613604084809,0.0027091508369291545,SKM-VL
Muscle.M.21.Msc_M_021_1,Muscle,21,male,m_21_1,k50,0.00041575193714851435,0.004219820990921134,0.0006856918279886826,0.0005953216253681858,0.0011782232675403112,0.0007545621082712395,0.0010048130293168098,0.0009164120909508593,0.000784122410537778,0.0007550288196772222,0.0008008488514012909,0.001098588687777617,0.7200248103380192,0.26146677703560584,0.0012800988532857935,0.0008799348616947281,0.0013469019663878451,0.0002819048719691355,0.0015103864261379611,SKM-GN
Muscle.M.21.Msc_M_021_2,Muscle,21,male,m_21_2,k50,0.000963092922246513,0.005790894577874368,0.0007175889227226408,0.0009083168512546664,0.001643360892762404,0.0009166343874333436,0.0019008718417015845,0.0014195337364919626,0.0019173220264029184,0.001765815189491566,0.0022485449350667574,0.0017536588979901804,0.8103238413641941,0.15854901925842813,0.0023163740927258526,0.0012144264613831708,0.0030819247375279617,0.0006860310308254617,0.0018827478734764409,SKM-GN
Muscle.M.21.Msc_M_021_3,Muscle,21,male,m_21_3,k50,0.0003368412959137478,0.0023995523840804646,0.0003687954136118331,0.00035348375549196844,0.0005921413690349281,0.0004426925569495293,0.0004464381642473537,0.00044100667927445,0.0007258539667346569,0.0005140474152691625,0.0005339151142619044,0.0007737433341901815,0.8804059292365066,0.10853363376363083,0.000763748167120707,0.0005860242296026586,0.0006008845652725567,0.0002275063252722247,0.0009537622635342337,SKM-GN
Muscle.M.21.Msc_M_021_4,Muscle,21,male,m_21_4,k50,0.000272628722141808,0.0025875566286348945,0.0004672576907493634,0.0004040576005656655,0.0006677918406004462,0.0005240485770768801,0.0005930569750998101,0.0005092893865188723,0.00061475661520059,0.0005286423345612245,0.0005083558529411441,0.0009919090341812653,0.8503930715682344,0.1373565828717125,0.0009440907654280709,0.000722822029359331,0.0005910047396161317,0.00018686154452091176,0.001136215222856794,SKM-GN
Muscle.M.104.Msc_M_104_1,Muscle,104,male,m_104_1,k50,0.0006964124677503368,0.005872012372003159,0.0011661936478783027,0.0007439503749854829,0.0014386584457511571,0.001040154172654918,0.0011050380507913805,0.0013026561900399733,0.001252506031761141,0.001087091441120152,0.0014483881442450418,0.002192938076900338,0.5490878895227727,0.42408140107048087,0.0019083301098071787,0.001529062057915677,0.0010814295750673027,0.0005730136050283393,0.002392874643046696,SKM-GN
Muscle.M.104.Msc_M_104_2,Muscle,104,male,m_104_2,k50,0.0007481830676819917,0.0059498159357220404,0.0015292725157203231,0.0008107760655025611,0.0016565047040124597,0.0010344893681927386,0.0010668975501724066,0.0011419128724893335,0.0010852450798799333,0.0013331733243353737,0.0018101858081750364,0.002506746370953292,0.456745759420312,0.5133396667149576,0.002215102601987889,0.0020914245919411846,0.0011809624311229939,0.0005724016923603271,0.003181479884480414,SKM-GN
Muscle.M.104.Msc_M_104_3,Muscle,104,male,m_104_3,k50,0.0007847572577165145,0.006113698667229031,0.0017279650343647011,0.0010903670143800124,0.0018526455573907973,0.0012326608186419706,0.00132686660367342,0.001364707439950789,0.0015712663099717746,0.0013302388850411472,0.0015394877799871731,0.0027442967392959546,0.43287503606312994,0.5349036457660867,0.0025804553498436455,0.002023817898918452,0.0015499881617068976,0.0005978596429002127,0.002790239009770642,SKM-GN
Muscle.M.104.Msc_M_104_4,Muscle,104,male,m_104_4,k50,0.00039943747017110316,0.003357952909960233,0.0007036445551581679,0.0006301594513914773,0.0008424563410434241,0.0005881496096969668,0.0006242079223960908,0.0006772041177782196,0.0007455516719680016,0.0005910961457234497,0.0006751522612068676,0.0016408566489803532,0.701298072501269,0.2829063484792337,0.001054717828594012,0.0009612899621826566,0.0006544766347995926,0.000247528801194046,0.0014016966872527205,SKM-GN
Spleen.F.2.Spl_F_002_1,Spleen,2,female,f_2_1,k50,0.001793558511231813,0.0003288736796614147,0.6980395965234163,0.0025995158864219403,0.0020978358665570272,0.0019402794903725308,0.0009708385957937117,0.004260295826435872,0.0014404721507641875,0.0014276466925135602,0.0027808400225686303,0.0007754437424380479,0.0014577492016194635,0.002467506778435876,0.002778357863545095,0.2704023990234574,0.0009983116905889246,0.0016981632676632743,0.0017423151865147864,BLOOD
Spleen.F.2.Spl_F_002_2,Spleen,2,female,f_2_2,k50,0.0014099672626277213,0.00026046979791269993,0.6993140925343618,0.0024437842982782594,0.0022084516199238915,0.0020676166226032983,0.0010994592728550334,0.003648677599115125,0.0012812603108960758,0.0013177511018271732,0.002215309200667642,0.0008628105971967273,0.0011191824665810512,0.002644105784883348,0.0025734595198252273,0.27142042973170316,0.0009712843852116966,0.0015880734429166291,0.0015538144506132665,BLOOD
Spleen.F.2.Spl_F_002_3,Spleen,2,female,f_2_3,k50,0.0019108430004091581,0.00031314285249780307,0.673660097632829,0.0024805539017796747,0.0024740691511445983,0.0027988353484365443,0.0011078653010678052,0.0017001620224794622,0.0015152549811034291,0.0018124573245108205,0.002758687481191439,0.0010299998394456683,0.0016613520976479117,0.003395906258439108,0.00344786652847971,0.29299191704734373,0.0012338806345842533,0.0018188247365520996,0.0018882838600576583,BLOOD
Spleen.F.2.Spl_F_002_4,Spleen,2,female,f_2_4,k50,0.0016432891161038297,0.00031565993054428955,0.6881621264683102,0.00815204338720253,0.002577124632512668,0.0021026915567375873,0.0010864300360970346,0.0029087988903913438,0.0015666741425723048,0.0016047846777962425,0.002634979960350477,0.0009482244683012887,0.0015289752879956858,0.0031292142269002143,0.002620753354769678,0.27393583913101693,0.0011996128191179994,0.0014746329549170348,0.0024081449583626836,BLOOD
Spleen.F.6.Spl_F_006_1,Spleen,6,female,f_6_1,k50,0.0028899255735285834,0.0006622639070317275,0.3047835345098021,0.003614632740616151,0.003669701981426748,0.002850098235953301,0.0016525245630010308,0.0021333361609806763,0.0024745074458004074,0.0026943304971642026,0.0037271433010171136,0.0013376580202362296,0.00241567951637939,0.007264772832509711,0.004975702440338723,0.6451440297707237,0.001829734583401886,0.002448425558496975,0.0034319983615913262,SPLEEN
Spleen.F.6.Spl_F_006_2,Spleen,6,female,f_6_2,k50,0.0031098769954795227,0.000716498868439196,0.287993428087593,0.0026585467589239392,0.003804116551322951,0.003023190226667282,0.0021012574073719765,0.0026526948641992683,0.0034053090583187665,0.004431696912566866,0.004689885202496104,0.0015506847482138033,0.002535656581739021,0.008489916721004515,0.006462084800289549,0.6535538959664045,0.0022106915952205294,0.002596742927287866,0.0040138257264614625,SPLEEN
Spleen.F.6.Spl_F_006_3,Spleen,6,female,f_6_3,k50,0.0021918742756754164,0.0005712377861714439,0.3931895177701935,0.0045320171898142365,0.0030870513030024772,0.0029099138358219404,0.0017250029611630263,0.0044737256226965345,0.002271513516411126,0.0025680947601295374,0.003742441195770895,0.0012191300336437116,0.0021020227657089652,0.005897567052416577,0.006125649012442331,0.5544546447045295,0.003672740650667055,0.0024143597935185643,0.0028514957702232544,SPLEEN
Spleen.F.6.Spl_F_006_4,Spleen,6,female,f_6_4,k50,0.0016318406824520168,0.00041513217344789046,0.5456323184662473,0.00222804359851705,0.0023161448958672593,0.002043001681768816,0.001094094159207167,0.0013959830071723898,0.0013371243560453471,0.0021488414435133847,0.0024454021289739636,0.0009151428248678684,0.001668733167540936,0.004378215177832208,0.003065668245277759,0.4212063612576228,0.0017472500113992872,0.001937372014078529,0.002393330708168211,BLOOD
Spleen.F.21.Spl_F_021_1,Spleen,21,female,f_21_1,k50,0.004668996144004178,0.0007219481350817324,0.10373546657380849,0.005857128189674305,0.00379811096971611,0.0049895270875567445,0.0035250699648082255,0.003555042106250203,0.0035170619895445615,0.003621397361425987,0.005332351914634882,0.001941647634436419,0.0031585035866281658,0.014125963720491486,0.007220139956820706,0.8198794609979011,0.0023646081180033435,0.003336269207646015,0.004651306341567405,SPLEEN
Spleen.F.21.Spl_F_021_2,Spleen,21,female,f_21_2,k50,0.0037443290749848506,0.0006937449276660288,0.12821106699732296,0.0026790699469329275,0.00410320636063721,0.0036704222459792717,0.002165160796213956,0.002359729739941165,0.003759962887607903,0.0034777696188669784,0.006951117642681713,0.001257269296075831,0.0026027859956631962,0.010505488437551315,0.006238307597369925,0.8080002304755425,0.0021659570789192245,0.0032540478150909296,0.00416033306495224,SPLEEN
Spleen.F.21.Spl_F_021_3,Spleen,21,female,f_21_3,k50,0.0035482976999099635,0.0007585310384524373,0.12232333663198307,0.0038233794670771864,0.0047456094982952736,0.00398863303808926,0.0025159765139336683,0.0030250664457640063,0.0033146329021440098,0.004479150530516428,0.005603064244126597,0.0017143817544264114,0.00325542827936356,0.012508219811054816,0.00790468347867084,0.8066254851992074,0.002609881073186312,0.002908452645441356,0.00434778974835758,SPLEEN
Spleen.F.21.Spl_F_021_4,Spleen,21,female,f_21_4,k50,0.005064683612499055,0.0012289251834193735,0.08034575065865278,0.014894466416433813,0.005746496494163174,0.005338028441845898,0.0035283904016919177,0.003945041358686301,0.005136486053551789,0.004795587003377757,0.007282790551469639,0.0027113452630979705,0.004327631961246754,0.01687443561885465,0.01018535769452704,0.8142386260015818,0.0033705183031614784,0.003900291325138235,0.0070851476566007624,SPLEEN
Spleen.F.104.Spl_F_104_1,Spleen,104,female,f_104_1,k50,0.01667473951988366,0.002063038452831796,0.3394231852587515,0.054606049101936574,0.02821295708245965,0.10096026884039296,0.012141173462919399,0.04712131300718061,0.02158273342887379,0.01981979766222707,0.02613498015079322,0.010009001592751586,0.018718759114284143,0.03039223944311481,0.031571388977889046,0.16563267005025262,0.013032290148479227,0.04598051184181304,0.015922902863165337,VENACV
Spleen.F.104.Spl_F_104_2,Spleen,104,female,f_104_2,k50,0.003453204630269797,0.0007305547237083081,0.2722294759864471,0.0053363366234933035,0.004221884081208325,0.004407801588852972,0.0022177123985869193,0.0028237944654695398,0.002182196957006605,0.003738884749102832,0.004750834320152662,0.0017367864635659458,0.002927540192659674,0.007714073104536482,0.005530291080301758,0.6649026884445839,0.0034729478011484866,0.0031230589440666375,0.004499933444838704,SPLEEN
Spleen.F.104.Spl_F_104_3,Spleen,104,female,f_104_3,k50,0.0036220317859834835,0.0005762075988081587,0.22333453807854972,0.006491491432831497,0.00469551451553807,0.007938765236080588,0.0027609447069824717,0.006777958091424449,0.0035187975766598784,0.0038303520788282156,0.0049660395852485755,0.0022847749687121815,0.003414740676685181,0.010156793913045735,0.0074938913574678695,0.6968452737538865,0.0027843000882022922,0.0030317148829146676,0.005475869672150694,SPLEEN
Spleen.F.104.Spl_F_104_4,Spleen,104,female,f_104_4,k50,0.002415720654083812,0.0005095073835045333,0.4611331022965207,0.0023490616517546693,0.0033015488541449376,0.0027944145361002543,0.0015066301289297513,0.005792094913085708,0.002021902362076417,0.0024790113826251028,0.003263423670535134,0.0013519584816392863,0.0018790004201725238,0.004389947187890901,0.004493835656768248,0.49311920629338696,0.0015379274469812744,0.0024129348715726264,0.003248771808227193,SPLEEN
Spleen.M.2.Spl_M_002_1,Spleen,2,male,m_2_1,k50,0.0018476613588085924,0.0002931697696174528,0.7057690489698467,0.0024788830380145918,0.0027494747333900787,0.0036344084588177876,0.0013589956330122969,0.0041875063805457986,0.001663639385369519,0.0017726060778763683,0.0029114400543441346,0.0009841932719791484,0.0016941198654605106,0.003300233464296238,0.003031655315411713,0.257559921694123,0.0012636128279260785,0.0016671953015435466,0.0018322343996164912,BLOOD
Spleen.M.2.Spl_M_002_2,Spleen,2,male,m_2_2,k50,0.0016231574649671068,0.0002526014408539472,0.7388051625107368,0.0023982648258536474,0.0030554525885799592,0.0034091957713559586,0.0010652921990268733,0.003812641430094878,0.0014204850667570521,0.00232395213396099,0.002465727989528009,0.001050089605283994,0.0016030141803219074,0.0028035612508601326,0.002884393283747882,0.22654770451679576,0.0012425222846980451,0.0012364897697825802,0.0020002916867945773,BLOOD
Spleen.M.2.Spl_M_002_3,Spleen,2,male,m_2_3,k50,0.0020302152965517143,0.0003336589158510488,0.6901380592190768,0.003437020677507746,0.0034406191706282787,0.004397583395066181,0.00143061139476801,0.004933567994629245,0.001967215675655706,0.0020897659033791093,0.0036826679610935387,0.001503961161054334,0.0017575285124442075,0.0032756930276770474,0.0030876473620872935,0.26708873513836767,0.0013752680478429779,0.0018484636005676896,0.0021817175457513735,BLOOD
Spleen.M.2.Spl_M_002_4,Spleen,2,male,m_2_4,k50,0.0015921244314669313,0.0002833081057256553,0.7513084168939415,0.005365677852830465,0.0024114870807286784,0.0030106777261686445,0.0012964389244721052,0.003367632764357472,0.001369157134668452,0.0016779886118539,0.0026812894131742495,0.0010162600209242313,0.0014963864100002017,0.002379733215214367,0.002646452030062723,0.21327986284097883,0.001460818830895594,0.0015538112888577864,0.0018024764236781354,BLOOD
Spleen.M.6.Spl_M_006_2,Spleen,6,male,m_6_2,k50,0.0016148657606500753,0.0005438111771387689,0.4124447438720313,0.004110207238900101,0.003739893717059132,0.002699034853500253,0.0016869103433321904,0.005265876953064106,0.002207352531264524,0.002554401099400797,0.0057106199988524,0.001117140784091054,0.002360379692411146,0.00566976258785927,0.005139804982483943,0.5368540401271515,0.0016414325812151172,0.0018046298189316598,0.0028350918806624922,SPLEEN
Spleen.M.6.Spl_M_006_3,Spleen,6,male,m_6_3,k50,0.002760430639853271,0.0005735758340776672,0.36343018932416044,0.0033797047185221522,0.004396002943074282,0.003760034795329492,0.001763015137082803,0.0025494878750891297,0.002490527079207683,0.0030708667439856515,0.004611776945062144,0.0014944289615030249,0.002105908975198753,0.007083433231234642,0.005443473854825142,0.5825532931812678,0.0021722105629618875,0.0027740045647993076,0.003587634632765012,SPLEEN
Spleen.M.6.Spl_M_006_4,Spleen,6,male,m_6_4,k50,0.0024365550058559173,0.0008015250899733558,0.3259397936206427,0.0049812854198710435,0.0038991747310506033,0.00330215214472425,0.00204180736785978,0.00231042582081409,0.002959653659483624,0.009526246021687687,0.00449632596962176,0.0013693382003112826,0.0024360376244638026,0.007008516361026626,0.005443518765937039,0.6116613311468216,0.002031888914291337,0.0030936738235472763,0.0042607503120164255,SPLEEN
Spleen.M.21.Spl_M_021_1,Spleen,21,male,m_21_1,k50,0.004059853786208645,0.0007599804049236927,0.09842524864669942,0.006799179516061531,0.00490871445180965,0.003986980874621022,0.002369328915523415,0.0029909494546010956,0.003648423136902741,0.003973796045858966,0.006141676299845395,0.001943734660865318,0.0030274632164208367,0.016787946542141476,0.009682138653948643,0.8155177659227267,0.004678402273183727,0.0023660281118460086,0.007932389085811392,SPLEEN
Spleen.M.21.Spl_M_021_2,Spleen,21,male,m_21_2,k50,0.0039510268359517434,0.0013226364677416357,0.10326098424157773,0.007985991118499363,0.0048322547923960735,0.004517629672480884,0.003195432482819519,0.0036260068250859616,0.0033290004745223133,0.004917907854180679,0.006027387157444391,0.0018057535890629826,0.003178577726457742,0.015879592116978127,0.010026699252499624,0.8083783450728735,0.0030876359216397316,0.0031421370872415167,0.0075350013105463945,SPLEEN
Spleen.M.21.Spl_M_021_3,Spleen,21,male,m_21_3,k50,0.004293055688327007,0.0010345875143926136,0.19702018322029954,0.012794130189631945,0.005512396146959535,0.004116558961537171,0.0025564719187891817,0.0034252656092011407,0.003630634530283693,0.0049778859202719815,0.006271579193304234,0.0019629215363736736,0.003330145510185144,0.013056230901932937,0.008943204404345354,0.7154589268796496,0.003004928796616086,0.003000868135682994,0.005610024942216091,SPLEEN
Spleen.M.21.Spl_M_021_4,Spleen,21,male,m_21_4,k50,0.0035722038365548947,0.0009994627199277203,0.1164875313968994,0.008821166811196764,0.004654315487202565,0.004203807061130085,0.002578237133368814,0.006012422486169599,0.003071957433556735,0.0036898829603400256,0.0054832363725286215,0.0017997362778663108,0.00306415665441977,0.012348739668769823,0.007910164642187379,0.8034753417518226,0.0028497131779487697,0.0023922554578675293,0.006585668670242866,SPLEEN
Spleen.M.104.Spl_M_104_1,Spleen,104,male,m_104_1,k50,0.0035567551832957353,0.0007832517114779268,0.13321850296726023,0.00967914642347516,0.004568321306502378,0.006403224659677894,0.003121919405971938,0.003466386259101837,0.002809266435734547,0.004597229779080724,0.005873925668888738,0.0024149548773344685,0.0031144695555109254,0.011648457544342756,0.008213055824292662,0.7819390649708485,0.0026292812980935865,0.004548644085838886,0.007414142043270966,SPLEEN
Spleen.M.104.Spl_M_104_2,Spleen,104,male,m_104_2,k50,0.0034407207450601694,0.0005926836140713508,0.12183431859439764,0.005550941600171306,0.004111049047390345,0.005410886332356103,0.0022742239607039067,0.0028913623305240454,0.0035544249364586025,0.004104378172299509,0.00571935654470594,0.0016972913393276234,0.0029018916662493033,0.011220514519963221,0.007277227348587984,0.8061622089808566,0.0024053602117793233,0.0034577180357914655,0.005393442019305485,SPLEEN
Spleen.M.104.Spl_M_104_3,Spleen,104,male,m_104_3,k50,0.0029789173300857827,0.0005801628307114618,0.10268419972206544,0.006263531932472752,0.0033814398534688706,0.005517288228258859,0.002779331416099173,0.002752901917953885,0.0030213987946737736,0.0029676345833916785,0.004336990985580838,0.0016531919970995928,0.0029054285921486537,0.011646187529972884,0.00642668542983535,0.830189181458864,0.0025481272500320565,0.002715898759946922,0.004651501387338002,SPLEEN
Spleen.M.104.Spl_M_104_4,Spleen,104,male,m_104_4,k50,0.003766576207000258,0.0009700356078964433,0.1363359124942102,0.011276928372108447,0.004917118590042214,0.0047269660656279735,0.003032137667189784,0.0035136907668615732,0.0034051306403748965,0.004425509204085242,0.005978141140109415,0.0027005468282649773,0.00394246391538019,0.011771271662758119,0.009091222281169634,0.7734889471149856,0.004762032463328911,0.003459182786952654,0.008436186191653735,SPLEEN
Thymus.F.2.Thm_F_002_1,Thymus,2,female,f_2_1,k50,0.030605581740725644,0.03055080391058573,0.018528035795942036,0.04118221445434314,0.049658877902407854,0.0570169400992868,0.028082878197398825,0.03022337471574325,0.03762381220679785,0.021424772140275838,0.038006856198581386,0.013769343255479793,0.015613119053672951,0.03754287365432266,0.37568289535415417,0.04077922269450575,0.018013381226467347,0.031010613948344975,0.08468440345096405,SMLINT
Thymus.F.2.Thm_F_002_2,Thymus,2,female,f_2_2,k50,0.023665119224260185,0.020573224982086944,0.015574826212451556,0.021724962131615108,0.05320234902092896,0.05426271743290662,0.01891018058510543,0.0780502273246505,0.03794578069574173,0.016113407251447363,0.022786366137371866,0.013268472030094567,0.014491165103033143,0.03829242215994702,0.421978462301861,0.029206613963103777,0.015839559767632357,0.025258561337894947,0.07885558233786703,SMLINT
Thymus.F.2.Thm_F_002_3,Thymus,2,female,f_2_3,k50,0.019922444746898943,0.02502753046178678,0.01359780619922292,0.03545253610161663,0.04909218790204163,0.0385487298021079,0.010619393016077306,0.3105652586178239,0.022576070358269643,0.01314011830601768,0.01645385761436333,0.010034004361487254,0.0075690563808131954,0.021859398806545673,0.27877573419899276,0.0234448508938282,0.011295793380401197,0.021413921171501465,0.07061130768020356,HYPOTH
Thymus.F.2.Thm_F_002_4,Thymus,2,female,f_2_4,k50,0.026425942178396732,0.030775590701518776,0.017380149643174924,0.11171477722921935,0.04872862535831564,0.04022540784605365,0.015329735167625362,0.01967354926440175,0.02908246361938202,0.01634779146651672,0.0214493255621043,0.013033065837491165,0.012537237453745307,0.032271974177106554,0.41736060664079866,0.032472324730985276,0.02155751282999285,0.02730752006886247,0.06632640022430841,SMLINT
Thymus.F.6.Thm_F_006_1,Thymus,6,female,f_6_1,k50,0.023960579918430494,0.04437962373195026,0.014164424094101978,0.04308199302112405,0.044408564251672535,0.027027323670948,0.014074404704793259,0.057063319080427985,0.026643967162933185,0.018791397349529688,0.017718182297781007,0.01420143168245545,0.010306994154793648,0.04547215631149951,0.43474644289127506,0.043012702074144614,0.01451941755929681,0.03355495074464014,0.07287212529820249,SMLINT
Thymus.F.6.Thm_F_006_2,Thymus,6,female,f_6_2,k50,0.03000135921638008,0.0645990113186334,0.014606375863146186,0.033409345617333656,0.05465853092091644,0.027230235057119027,0.018351102659290217,0.06627910573910376,0.02747915761807826,0.0192950680303817,0.01919978130325939,0.010467323469036605,0.015435265942150077,0.036708663580272395,0.38274866517686423,0.04489614028323275,0.016072932673535618,0.048555724536859926,0.07000621099440645,SMLINT
Thymus.F.6.Thm_F_006_3,Thymus,6,female,f_6_3,k50,0.02118731081450738,0.04721772724058268,0.01148757595909052,0.2911454638604383,0.024497706565316416,0.022118562793635332,0.016730103501473567,0.05503123535365575,0.018042340245911684,0.013335695438318796,0.013194466989029074,0.01072964138753504,0.009950087536910481,0.014381656721813182,0.22299250411426286,0.034466035823727606,0.04452955605945754,0.05362722112129101,0.0753351084730426,COLON
Thymus.F.6.Thm_F_006_4,Thymus,6,female,f_6_4,k50,0.03203474632080166,0.062378373626014956,0.013798041891243243,0.0320563088977866,0.04787422339809026,0.032373222389895456,0.016877317433125066,0.0659253509765853,0.026292159484932427,0.017664387818084545,0.0205745464750694,0.013244778632405254,0.01326993022200376,0.04027476674027645,0.35919984087109613,0.041642802898076925,0.017368359421352973,0.05865366765948222,0.08849717484367729,SMLINT
Thymus.F.21.Thm_F_021_1,Thymus,21,female,f_21_1,k50,0.026950107010017325,0.15390911048894024,0.00891666856747735,0.08304265476122971,0.026304893156286265,0.013800529412714197,0.010717723397371143,0.07938214697787127,0.020365671947196927,0.011756667565103997,0.014092356341889779,0.009469588786588951,0.0065094775382922125,0.016789674408339863,0.18173251055414583,0.054262944814434874,0.011411871940038912,0.1367854966276755,0.13379990570438563,BAT
Thymus.F.21.Thm_F_021_2,Thymus,21,female,f_21_2,k50,0.03285937689407558,0.21096720008296518,0.0064759053940842415,0.011584211236463192,0.02534688329513458,0.009656258668105332,0.012404569029517715,0.014810027446016555,0.01719846624279798,0.00966637721262307,0.01195749178972956,0.006971099375040613,0.0042128363883549725,0.013411777868353254,0.23696696209835083,0.04929190997977886,0.0130234373945899,0.18196661398301672,0.13122859562100186,BAT
Thymus.F.21.Thm_F_021_3,Thymus,21,female,f_21_3,k50,0.021800936950406136,0.14718239733465077,0.007089584043824687,0.09447509810589418,0.025610229471309427,0.007676104449976917,0.00983859894021909,0.2116477124523215,0.013608246926733139,0.008141036685946169,0.011014514014533645,0.006872061914175079,0.006438418386483525,0.008638856490943668,0.16680502399136715,0.04104239269198635,0.0076938536553766874,0.11967459486310714,0.08475033863074476,HYPOTH
Thymus.F.21.Thm_F_021_4,Thymus,21,female,f_21_4,k50,0.02223386291301036,0.09456384884432702,0.00719229710143128,0.0763610174285364,0.029439054922345973,0.01938755771496099,0.011185849772745993,0.03895935716001975,0.02112475773711982,0.014187091485001722,0.014601833638913863,0.00897163386195459,0.00745662777672239,0.018644415032900732,0.3272926991406982,0.04556644419167557,0.011900821599557895,0.08361869945114529,0.14731213022693213,SMLINT
Thymus.F.104.Thm_F_104_1,Thymus,104,female,f_104_1,k50,0.011790355278999866,0.47914262495856036,0.000910084861874231,0.0017633995997719393,0.0012033865912517126,0.00034755147807530366,0.0023851909775015204,0.004859571716426627,0.001775816704275684,0.0013796908471531745,0.0013920582821998408,0.0022609895414248803,0.0007944672908553678,0.0022440184328771655,0.010413243386349268,0.0073312024931892145,0.0018642984003565594,0.4016606080420352,0.06648144111682201,VENACV
Thymus.F.104.Thm_F_104_2,Thymus,104,female,f_104_2,k50,0.016933069975645695,0.4645712899583376,0.0016442754457335301,0.002586579103853538,0.0027739009588776445,0.0007815777733524093,0.0028524463150154237,0.003524132673260461,0.0031077951641465583,0.002357354077445123,0.003124269679729555,0.003833259809300765,0.0012046482071881447,0.004164933603954488,0.021167753266965617,0.018575279444989955,0.0024880912405430768,0.3440888769014361,0.10022046640022438,BAT
Thymus.F.104.Thm_F_104_3,Thymus,104,female,f_104_3,k50,0.016904945270344612,0.3591327412775397,0.001613869173325828,0.0033706176641986707,0.003913696438744705,0.0012900724404816748,0.005246474710503914,0.0052942017223091605,0.005797959504239084,0.002822292523211073,0.0037183946046555755,0.006162448557107924,0.0020517297982416095,0.0037111439103232166,0.040809174297775225,0.02504006962485263,0.0033225900937486415,0.33685008965303076,0.17294748873536592,VENACV
Thymus.F.104.Thm_F_104_4,Thymus,104,female,f_104_4,k50,0.016808839729603633,0.3207974513126422,0.0025459377505139278,0.004505077500245238,0.004625187647896314,0.0014513352059282332,0.005007128073609239,0.014561069927137802,0.00609522532085751,0.003099470737203166,0.004085076040219768,0.008985651511224355,0.002324561614463302,0.004114260729911293,0.04091699887303922,0.031665649374034224,0.004079244541382124,0.3042510849386217,0.22008074917146678,VENACV
Thymus.M.2.Thm_M_002_1,Thymus,2,male,m_2_1,k50,0.03674180266770533,0.1085043407278937,0.015928648555213264,0.02680261377708345,0.04527686901311649,0.02564026336315257,0.015629472497673644,0.13076662680819173,0.02133733311955637,0.014850274265023224,0.014612895763516286,0.010563129345684921,0.009684635458475602,0.02177923812661768,0.3083871703416581,0.024463893237743544,0.014473072394610872,0.08243542295977883,0.0721222975773045,SMLINT
Thymus.M.2.Thm_M_002_2,Thymus,2,male,m_2_2,k50,0.02909935304357568,0.09644060153951035,0.013172531058544051,0.05212229304259623,0.04318893714724343,0.025996560317018812,0.014120308779242441,0.12117620753808482,0.019164739329937924,0.014903619345213732,0.019708062679118215,0.010806829319328689,0.009844177345371964,0.0196817735945905,0.31365845208339554,0.026047518280163984,0.01629262767073004,0.08035328203035053,0.07422212585598308,SMLINT
Thymus.M.2.Thm_M_002_3,Thymus,2,male,m_2_3,k50,0.03983753924576699,0.14149392905114122,0.011016449599605032,0.0701816226145283,0.04422283170312188,0.017918826783482947,0.012062680658660056,0.07372237251927005,0.024582529446273902,0.016110828373730762,0.022064730559394206,0.012751930265979252,0.009520122215440813,0.02571016228256566,0.2710842224331947,0.025538519020680345,0.015539086656109091,0.08991271630148122,0.0767289002695735,SMLINT
Thymus.M.2.Thm_M_002_4,Thymus,2,male,m_2_4,k50,0.022532781520717367,0.030368296533692163,0.01435811709212444,0.17457495104186843,0.042832776908999046,0.04220854459689282,0.01656337906469005,0.050871372839084154,0.024601107598743076,0.016118410017370466,0.018273706870314266,0.012087537091544424,0.014583285030566684,0.03454761160064299,0.35629616472400677,0.02408347243090493,0.015637867498774168,0.026463411518586406,0.06299720602047727,SMLINT
Thymus.M.6.Thm_M_006_1,Thymus,6,male,m_6_1,k50,0.011792194340558943,0.028974739073166,0.006982126166631237,0.6308383589106068,0.013035213196245276,0.008618903258400198,0.008571103337627594,0.00761649010911607,0.007625059917507907,0.005994083089163137,0.01087079927846238,0.005182769228710182,0.003738453811718625,0.008632811794953753,0.1493514213817796,0.015851352067381405,0.008812926848957368,0.02845646046905377,0.03905473371995983,COLON
Thymus.M.6.Thm_M_006_2,Thymus,6,male,m_6_2,k50,0.03385231775654621,0.08668632365140451,0.015547229666595138,0.04461783947191997,0.043102728493537544,0.03312029590496537,0.01703513572981576,0.050032387614601104,0.02635825663265601,0.01679754984034848,0.017850087352984777,0.01035235749667096,0.010326959966148148,0.03230500553216283,0.32824883135599925,0.041692572958750486,0.014761745904874862,0.08153712404070493,0.09577525062931393,SMLINT
Thymus.M.6.Thm_M_006_3,Thymus,6,male,m_6_3,k50,0.02964738502450887,0.08660776473218221,0.013235485672643207,0.08187997470211397,0.04473253298675605,0.023064381459499784,0.015653077774716268,0.02968288525678911,0.020429787414323428,0.01658923051317963,0.018197975950303733,0.012216209834898467,0.010334858846784568,0.03280814058205093,0.3394948452840855,0.03689728042975258,0.01417552460213334,0.06949678412883935,0.1048558748044392,SMLINT
Thymus.M.6.Thm_M_006_4,Thymus,6,male,m_6_4,k50,0.03445745587699859,0.09276538185513764,0.012955359495486712,0.02566465165951349,0.047059926778101425,0.026369850022354754,0.016923379227896284,0.021626769119708383,0.02179143179363651,0.017093751917438057,0.022652028179963236,0.012676364081899894,0.012535655509952549,0.03752518947818854,0.3791728493987321,0.040988157675783954,0.014632747913152687,0.07216624657097313,0.09094280344508189,SMLINT
Thymus.M.21.Thm_M_021_1,Thymus,21,male,m_21_1,k50,0.02839856390485076,0.19743410847890572,0.008853820925691301,0.029082869072280075,0.027900068030752803,0.010507828117010686,0.013036473796120142,0.04146396870552699,0.018894156533370888,0.01120884870632258,0.01283405912531863,0.008926604258596753,0.009666054895683,0.016261346897467985,0.23996110962182396,0.06594290532985919,0.01260726453066721,0.12064778177316539,0.12637216729658587,SMLINT
Thymus.M.21.Thm_M_021_2,Thymus,21,male,m_21_2,k50,0.03253505185649493,0.2831326261762704,0.005500189539516419,0.008312400989345967,0.013601684381355676,0.0069512335548241894,0.009992894196173163,0.008394366963623893,0.013307120557512018,0.007256353544205509,0.009892375771313683,0.006075963401079529,0.004591673957210527,0.011095090232018033,0.17077079938606335,0.041685563401582165,0.01240005512479613,0.24625900725819633,0.10824554970841804,BAT
Thymus.M.21.Thm_M_021_3,Thymus,21,male,m_21_3,k50,0.020852494832375706,0.23831075994682593,0.004399203718361675,0.023691355758578312,0.013973364262786161,0.007698417840213927,0.007894621484930883,0.10600155497997163,0.008683082483757622,0.005754848942100186,0.0069847548349630416,0.004720145008658957,0.0028452167098399653,0.00749197329397493,0.09993540261291936,0.027351044445217874,0.006728025552316941,0.3052064871653125,0.10147724612689439,BAT
Thymus.M.21.Thm_M_021_4,Thymus,21,male,m_21_4,k50,0.02719546567666851,0.31623040239976696,0.004980511794202868,0.05252671502461941,0.015070307550073568,0.007136077951825333,0.007996624147395697,0.010103640416415045,0.009303148302651224,0.0063387613487099525,0.007979727481423676,0.006075890200473066,0.002934529283856129,0.009322565585865862,0.09040284159204894,0.02371205381712428,0.007270326208642678,0.29947821468401975,0.09594219653421716,BAT
Thymus.M.104.Thm_M_104_1,Thymus,104,male,m_104_1,k50,0.010494422626773029,0.6704874138157458,0.0006642090502281279,0.001768295101008541,0.0008588719504203582,0.0002855651121097808,0.0009664862915475646,0.002617879361798122,0.0010224499070764098,0.0007676626078185244,0.0008588324211708451,0.0012003378579721355,0.0003357840830166921,0.0018372777970042764,0.0028347132002253177,0.003048231527230419,0.0009669363563034563,0.2910846469076947,0.007899984024855818,BAT
Thymus.M.104.Thm_M_104_2,Thymus,104,male,m_104_2,k50,0.012126777036355642,0.47582397067396026,0.0009371614619453211,0.003940474219252597,0.002602667651830496,0.0005420839487525916,0.0024778829909888815,0.008626110711517221,0.002495023731179088,0.0013325936211684515,0.001972802026558439,0.004948171648868971,0.0008927256079685516,0.001663789879495705,0.015250600747183284,0.010043244642581993,0.002269192405997467,0.37949699099622036,0.07255773599817467,BAT
Thymus.M.104.Thm_M_104_3,Thymus,104,male,m_104_3,k50,0.01244821586793026,0.3898862623751615,0.006007574723185749,0.0027913156614366662,0.0026703744819387334,0.0005857448406436724,0.0021695177632699344,0.005569142938989181,0.002750769258896316,0.0016067717326721527,0.0026596187819108038,0.0033734801963716935,0.0010410492757710456,0.0017410995017455488,0.01489178836752706,0.009974854864633708,0.002214552198841095,0.46363163964643506,0.07398622752263972,VENACV
Thymus.M.104.Thm_M_104_4,Thymus,104,male,m_104_4,k50,0.013147590610532512,0.5678630331231703,0.001114840968692188,0.0012523120121090791,0.0009671731953340373,0.0003712016771283498,0.0015417127782731297,0.0018212874315741263,0.00148167191045997,0.0011576122339032008,0.0016626381832101635,0.0015378733703717837,0.000439674080389639,0.0023688714056320755,0.011277647789899736,0.013518457050217533,0.0011224026760448924,0.36953804318395617,0.007815956319101003,BAT
Testes.M.2.Tst_M_002_1,Testes,2,male,m_2_1,k50,0.023503948662633084,0.008594878458277536,0.016923661213829662,0.4104818905107591,0.033079595988254176,0.027652537176717375,0.023266974069901115,0.09492695281032473,0.022774123397224674,0.016499104883941525,0.01569409013397042,0.06401201553157082,0.018505670641206125,0.12355438725957901,0.016925010486121092,0.019526101138927762,0.02628477009485465,0.009212209589792526,0.02858207795211453,COLON
Testes.M.2.Tst_M_002_2,Testes,2,male,m_2_2,k50,0.01325961350010804,0.0037600241152818707,0.012745258851808428,0.5678193600184106,0.02463976918373122,0.020774836763114302,0.02012948834276838,0.13399481019135853,0.014686453045711114,0.01080790810554376,0.00924411855970416,0.03400650638779473,0.009560891721774057,0.06852542548257597,0.009103023482444897,0.010714541928084867,0.017547974380104817,0.004693689828334392,0.01398630611134583,COLON
Testes.M.2.Tst_M_002_3,Testes,2,male,m_2_3,k50,0.048757316989323285,0.010397800671446175,0.02866808276896983,0.049721814390487555,0.05607204444959648,0.06389317845606654,0.04199874946728545,0.13117487600324326,0.03712578123338168,0.02620173910945912,0.02541389812830823,0.09654735012917423,0.026544262920778217,0.19427405800061126,0.029082925059363465,0.030449513213054998,0.04243025907964786,0.014469605292930754,0.046776744636871696,SKM-VL
Testes.M.2.Tst_M_002_4,Testes,2,male,m_2_4,k50,0.0346124528112355,0.009432217618892855,0.02345975900468505,0.25396872822025846,0.045781101874956036,0.05258800583527478,0.03175372196948309,0.08668810786455368,0.02258951989393785,0.016499570108158314,0.02354843474993779,0.06846540509115819,0.022561816880690554,0.18545912210524323,0.026574678234781234,0.025782749873215414,0.03258590582395301,0.010459678472291773,0.027189023567293212,COLON
Testes.M.6.Tst_M_006_1,Testes,6,male,m_6_1,k50,0.0015961614976331172,0.0006680296450347006,0.002400995257929331,0.0032570074013004895,0.007751016985005622,0.0038775555401403842,0.0013447136157614472,0.003977019959909675,0.0023797025560207733,0.0015395033116617296,0.002348170885958468,0.003179954277013496,0.0023577443561950406,0.004664963532438389,0.0025783710500870255,0.0022385567509491887,0.9427020911052825,0.0009988594290449918,0.01013958284263371,TESTES
Testes.M.6.Tst_M_006_2,Testes,6,male,m_6_2,k50,0.002510477044640774,0.0006375300285124377,0.002053243367840125,0.0031110219185091765,0.009473936553958612,0.003625757009172514,0.0016722087569623575,0.005077903446743118,0.002261599533799746,0.0015280643663415177,0.002348304912127619,0.0037192028636474747,0.0024008267441055827,0.004006492825243647,0.0022014183536686683,0.001853759096695646,0.9356836102766489,0.001026585286713252,0.014808057614668952,TESTES
Testes.M.6.Tst_M_006_3,Testes,6,male,m_6_3,k50,0.0024352420089486125,0.0007516128341583058,0.002276942441264649,0.006871567780935901,0.008661655827132454,0.00554330173106746,0.0020817796789199716,0.025539852811648597,0.0028763098161186705,0.0016297842078504226,0.00250843936188414,0.0038630558700432195,0.0027431885818120566,0.005212237976336718,0.002549048351723274,0.001953406912201263,0.8953859766107332,0.0011003913066730256,0.02601620589054821,TESTES
Testes.M.6.Tst_M_006_4,Testes,6,male,m_6_4,k50,0.0003618966259123566,0.0001203274546759905,0.0004363474959847112,0.7832515850565882,0.003298944034402724,0.0007959383530395046,0.00022683575775905005,0.011926031128045052,0.00040891673995305743,0.00025152706085160244,0.00046682957390957604,0.000657073730265184,0.0005095761579900749,0.0004772345842898455,0.00037148220069321673,0.00028098328643594463,0.1933053925108965,0.0002902827796288384,0.00256279546867826,COLON
Testes.M.21.Tst_M_021_1,Testes,21,male,m_21_1,k50,0.0015765891863785408,0.0005220195104120009,0.0017821119569393857,0.003537358094225251,0.008204991019178605,0.002774494680297925,0.001081319463709186,0.007548274748853293,0.0018220522641569582,0.0010765002641526947,0.001822592875288546,0.0015706488759845525,0.0016534996626171332,0.0024404167924043847,0.0015306459148744604,0.001349836706800236,0.94827944329981,0.000625698409035486,0.010801506274881597,TESTES
Testes.M.21.Tst_M_021_2,Testes,21,male,m_21_2,k50,0.0010839294665056013,0.000538813798650961,0.0019003747568618055,0.005634688930105676,0.006749229304983499,0.002497829287967725,0.0011102277644380436,0.010560720247851076,0.001204332848295926,0.001138488278270969,0.0015753857578417996,0.0016861061077385986,0.001637008730661618,0.0023002889002161184,0.0014426863482657646,0.0010484317817133916,0.9495510155379426,0.0006741296042060456,0.007666312547482595,TESTES
Testes.M.21.Tst_M_021_3,Testes,21,male,m_21_3,k50,0.0013176369431342012,0.0005912247769712768,0.0018138349074056975,0.003865164041871644,0.006948631691465093,0.002252058665679165,0.0013079411317646016,0.009407765327576862,0.001650552336830457,0.0010374864354316888,0.0014590453907656095,0.0016507183256229377,0.001326307858276909,0.002478608191350786,0.001404787285287089,0.001109014782171199,0.9495449945436809,0.0007536206886562876,0.010080606676057311,TESTES
Testes.M.21.Tst_M_021_4,Testes,21,male,m_21_4,k50,0.001279224104813635,0.000541742096495571,0.0018177319738172876,0.004761938540019098,0.009492715609476978,0.0023920428100673574,0.001161014789186443,0.00924334983016991,0.0015641774705432165,0.0010281077958584465,0.001359589306162195,0.0017582417106706265,0.0015259699922498488,0.002437548422473326,0.001341136469697161,0.0010658204043413394,0.9473582454388112,0.0006691443220685895,0.009202258913077755,TESTES
Testes.M.104.Tst_M_104_1,Testes,104,male,m_104_1,k50,0.027310827424816206,0.004771409892554741,0.013047376666387693,0.02246469748557325,0.021368255743078393,0.03383821597069981,0.010646810861353629,0.023936675447509843,0.019127324398764575,0.012083565821808896,0.024892781757905047,0.04212117682650446,0.009299958976342648,0.04359218423759159,0.019591678506298723,0.022169402793444683,0.6273523853847088,0.0074259142074921715,0.01495935759716479,TESTES
Testes.M.104.Tst_M_104_2,Testes,104,male,m_104_2,k50,0.04258531974253116,0.008750127425861213,0.026359621759011218,0.051984109492432214,0.043606909460459246,0.06367639151815518,0.02322704597539304,0.04158169481884082,0.038611086166041926,0.026942762547787432,0.05592249425444158,0.08818937015719766,0.021237580892661208,0.09735075280003076,0.049966435532401536,0.0624773277337765,0.22141831703850107,0.011226177319196258,0.024886475365279853,TESTES
Testes.M.104.Tst_M_104_3,Testes,104,male,m_104_3,k50,0.05182427813780695,0.007344020619492402,0.0292900244551403,0.08183231227438824,0.05584848316708719,0.08697246152180095,0.028404824221907363,0.05506954385607449,0.04564129506359067,0.028843481273670788,0.08078726724679361,0.16278221924713868,0.027234975623115287,0.06756132450144921,0.05650654565420269,0.049881339254598554,0.03879706972534723,0.010116097848020308,0.035262436308374945,OVARY
Testes.M.104.Tst_M_104_4,Testes,104,male,m_104_4,k50,0.07124964918112149,0.009665259106641679,0.032353905501688596,0.09152764001010033,0.06503395125359769,0.08532256271050598,0.026777528018724076,0.05385735427735227,0.04468597662642451,0.031867579205325444,0.08112323594994943,0.10536958622829255,0.027226307171164317,0.07536452216054045,0.07066026257255519,0.047645239181677436,0.04037913544642323,0.012292832661527826,0.027597472736387282,OVARY
Uterus.F.2.Utr_F_002_1,Uterus,2,female,f_2_1,k50,0.07353862637573029,0.06167141013069208,0.026483020698903813,0.04642372577898567,0.028208421035437206,0.04940823167703531,0.09464420751684915,0.10466024551691727,0.03308821382917351,0.0934926553266655,0.029399887561251038,0.033141766470549575,0.029289038154397047,0.0445746763429317,0.06393639055638393,0.03524948356668981,0.02304749095727842,0.0627710527183239,0.06697145578580478,VENACV
Uterus.F.2.Utr_F_002_2,Uterus,2,female,f_2_2,k50,0.06831329084898234,0.03951349789717401,0.01704826766345417,0.054383727559011115,0.028723296696315705,0.05476530611210294,0.11702196495738186,0.17937354631307925,0.03864666629372737,0.07345977834745707,0.024820412215156514,0.041589587104738694,0.023441101496355733,0.031199080168431138,0.06074526033227349,0.02707284043588301,0.02284584680039197,0.048109485861761885,0.048927042896321764,VENACV
Uterus.F.2.Utr_F_002_3,Uterus,2,female,f_2_3,k50,0.06901060940975856,0.05311622481535438,0.015864603412358826,0.08317989784320015,0.028337244700994194,0.06337551274965139,0.09246146058191725,0.12389818577253785,0.021096690904847004,0.04895574412975034,0.0249238126398314,0.06391694747494359,0.021663061046726488,0.03900777444592207,0.04810363912054257,0.02766681821426389,0.032869272436021404,0.06295828584640717,0.07959421445497154,VENACV
Uterus.F.2.Utr_F_002_4,Uterus,2,female,f_2_4,k50,0.07736299224724227,0.024848811213483542,0.010405723696571846,0.05839753375381972,0.05153979045119102,0.06277274579473664,0.05156770615489158,0.12022703958911891,0.0346528768355711,0.022624220490679726,0.027972412336600264,0.16234341215958395,0.02039862984166531,0.02570137674275645,0.10343607174761098,0.019502428784381742,0.03214845430167371,0.04816885328228056,0.04592892057614063,VENACV
Uterus.F.6.Utr_F_006_1,Uterus,6,female,f_6_1,k50,0.10423161058050659,0.02395113670491454,0.023554475775141193,0.17948769044698643,0.03814503030135162,0.03726487535292419,0.06220538930707169,0.047846720555348755,0.031110610340342702,0.023252076181723837,0.02893669033307639,0.033696516841227445,0.022484602694677218,0.044658293878898504,0.09609786677339595,0.09416172734230253,0.020783250925284033,0.04625103907454899,0.04188039659027742,VENACV
Uterus.F.6.Utr_F_006_2,Uterus,6,female,f_6_2,k50,0.025071393089134773,0.005688391889979549,0.007384482091217192,0.06570659588921005,0.015566143848099456,0.014958577107012193,0.019771688403830864,0.021827591744692575,0.019923835263809014,0.013318907424487504,0.021755908283914323,0.055736740889516835,0.041351592050649505,0.014024373598982273,0.4699285842190161,0.04503915398610454,0.009579517846847522,0.008373335072258336,0.12499318730123739,SMLINT
Uterus.F.6.Utr_F_006_3,Uterus,6,female,f_6_3,k50,0.012974273533613108,0.008828044681198743,0.01146325165832704,0.024163255689122386,0.01253265183301413,0.020085352194064432,0.014095571869860244,0.015887112070721694,0.019482457709983775,0.01337738931760391,0.019434480838446837,0.0623853959380422,0.03936952150570254,0.021976347087537373,0.46756175972557723,0.04717481515416688,0.009471526332897863,0.011401783801385386,0.16833500905873414,SMLINT
Uterus.F.6.Utr_F_006_4,Uterus,6,female,f_6_4,k50,0.00950144658946129,0.004195430092210492,0.007079290021369453,0.07492078377569006,0.007700474300846904,0.008158070032869495,0.008593152445170723,0.009212305187743025,0.01127321473683209,0.010266096884347903,0.009117271828521381,0.03292164252986162,0.0224579507663245,0.0071641020098504255,0.495734065723964,0.017296483237044476,0.005518590798416192,0.00687306258131371,0.2520165664581622,SMLINT
Uterus.F.21.Utr_F_021_1,Uterus,21,female,f_21_1,k50,0.02336774503892804,0.004867121614598196,0.015777158554206673,0.022242170842906066,0.028914112132099264,0.05583689353742241,0.04303830444416531,0.03861724268717556,0.03120145594505227,0.029301192170987755,0.028728414263320175,0.07429529637556953,0.056892583446400705,0.04224218116167486,0.28554535231127887,0.15691459217405912,0.014438857957028975,0.007452479084191153,0.04032684625893507,SMLINT
Uterus.F.21.Utr_F_021_2,Uterus,21,female,f_21_2,k50,0.008335275962593085,0.0035566773148622962,0.00766137540079011,0.031657370278141556,0.017506762332010754,0.014122178646791807,0.01433360670280681,0.02843126432523367,0.01281319502186088,0.01178840357788771,0.0125215434719363,0.046963388908129886,0.027674073937497982,0.01145048377579788,0.6695270927372111,0.049403367573590054,0.00833607160152814,0.003723921941415365,0.02019394648991464,SMLINT
Uterus.F.21.Utr_F_021_3,Uterus,21,female,f_21_3,k50,0.007816613053684052,0.0026559026691975927,0.007171958309557135,0.032037535936286166,0.014911822278856873,0.01723633110587233,0.009309616117640964,0.02038440893754006,0.010796088632900307,0.011394134480309608,0.01212632707366591,0.0526680449843423,0.02718455199196764,0.011999491421035012,0.6869062322686641,0.04825644972615111,0.007665574513121254,0.003021479290365144,0.016457437208842553,SMLINT
Uterus.F.21.Utr_F_021_4,Uterus,21,female,f_21_4,k50,0.05598630424831551,0.008025490313582668,0.029619892758265876,0.1818294392699799,0.05295426992722465,0.06974935882105707,0.025861502773317297,0.055484268812720616,0.02865976185314978,0.03399820994567759,0.027331650680574558,0.031950022254910566,0.036364600169586,0.038325586527670694,0.10150513172374499,0.15374917640875285,0.018986701201164573,0.012073368129254051,0.03754526418105063,COLON
Uterus.F.104.Utr_F_104_1,Uterus,104,female,f_104_1,k50,0.028117488970249124,0.0074319783639708965,0.018278983905914693,0.04073954446258036,0.026463906568614713,0.06246230277735944,0.022024646380482727,0.04409442686210716,0.03867044651281418,0.028320449552826782,0.026885535593122335,0.08317736092868319,0.05673809274641444,0.03246974741466961,0.3839083670686949,0.031826770506424615,0.019198483671666218,0.015729678987539138,0.033461788725865534,SMLINT
Uterus.F.104.Utr_F_104_2,Uterus,104,female,f_104_2,k50,0.03317384867773265,0.005728530532112889,0.017702528150082046,0.4929676154507263,0.025265371196551156,0.036797017400169746,0.016917126526070476,0.048731083044505755,0.02396663455039498,0.019590319721862984,0.020406182700323024,0.059100038307307354,0.051197616032860736,0.024178463119301222,0.051714762394260316,0.029141922007314754,0.013614299235404286,0.005615136633550521,0.02419150431946869,COLON
Uterus.F.104.Utr_F_104_3,Uterus,104,female,f_104_3,k50,0.021516227996479054,0.005906458470690419,0.014897733530427955,0.4386742004945975,0.03007176792877903,0.023970281152656907,0.011500000659079145,0.0454379466523143,0.022222581305367993,0.015533696912182756,0.020671371585946688,0.12223343467574263,0.05205315703609018,0.01671393811808663,0.0882641942269888,0.023948736044679543,0.013272654593439964,0.005624971381389825,0.02748664723506067,COLON
Uterus.F.104.Utr_F_104_4,Uterus,104,female,f_104_4,k50,0.04080249143886751,0.009683506924497987,0.02069485604885409,0.259178932923152,0.030187049177600237,0.0407153561773307,0.018503649158342312,0.034403993187142885,0.0486639900379089,0.036760239227906756,0.03329243296756628,0.11772617594959428,0.08238447379263462,0.03928246040077812,0.05900025847902395,0.03881743044914057,0.017542175430252015,0.015062993316817428,0.05729753491258942,SKM-GN
Adrenal.F.2.Adr_F_002_1,Adrenal,2,female,f_2_1,full,0.995004871751918,0.00030284213030143327,5.9461837891060685e-05,0.00015327243213540892,0.0001100929586210202,6.0330790816895984e-05,0.0002091172437150685,0.0006762356625652808,0.00012378976963953436,0.00022568308925580987,6.827494316813077e-05,0.0013572423565844306,2.7916492173821997e-05,0.00014534054225566744,0.0001417307665357709,6.61989901662463e-05,0.0001731051398612711,0.0009972453979057911,9.724770448934375e-05,ADRNL
Adrenal.F.2.Adr_F_002_2,Adrenal,2,female,f_2_2,full,0.9963565624403989,0.0002765512488450068,5.676730889543882e-05,0.00010251460117555247,8.251628630741217e-05,6.137512050280907e-05,0.00013633709114003857,0.000470026693456332,0.00011319626498058562,0.0001788359454083057,5.379735392581833e-05,0.0008683916532695262,2.1680551657984568e-05,0.00017665246725231552,0.00012191064420158466,5.434986349430614e-05,0.00014882353587601147,0.0006430577945285049,7.665313468394345e-05,ADRNL
Adrenal.F.2.Adr_F_002_3,Adrenal,2,female,f_2_3,full,0.9905853182922073,0.0003179471357234086,8.040147337163245e-05,0.00024362648748781987,0.00015803849982647174,8.111784576190493e-05,0.0003165870313659197,0.0011373766110534661,0.00035944788897677163,0.0014658819023026742,0.00012478281141924013,0.0029084247104031384,5.262049707969389e-05,0.00016077853719224542,0.0003343673169720524,0.00010436312284583019,0.000275798020164575,0.0011072881420543057,0.00018583367379132451,ADRNL
Adrenal.F.2.Adr_F_002_4,Adrenal,2,female,f_2_4,full,0.9964493930814341,0.0003119870786263371,3.110479862946307e-05,0.00010380088985990233,7.412382888357141e-05,4.837226053722935e-05,0.00011084809271132743,0.00040850487480962504,9.141197362058407e-05,7.754355616723064e-05,4.684449720778328e-05,0.001110982641288134,1.4031076007849874e-05,0.00011151138209990381,9.178905562069033e-05,3.9947721066214654e-05,0.00012476523235158113,0.0006831735548852774,6.986440419331214e-05,ADRNL
Adrenal.F.6.Adr_F_006_1,Adrenal,6,female,f_6_1,full,0.9966236819399965,0.000742276395836882,3.3128507470355565e-05,5.648636127449839e-05,4.794240008925165e-05,3.5753659136412505e-05,0.00018240105612364802,0.00018093777439991113,6.574029710673081e-05,0.000114112565434806,2.692972495498666e-05,0.0002534998770404672,8.603658701941904e-06,5.9392773221935695e-05,6.122732557767525e-05,2.431782571211809e-05,6.411051014448348e-05,0.001345818060583738,7.3639287193768e-05,ADRNL
Adrenal.F.6.Adr_F_006_2,Adrenal,6,female,f_6_2,full,0.9969913727734574,0.000552105183416765,3.452944634136329e-05,5.5582781482771125e-05,5.024698172609508e-05,4.070391013151436e-05,0.0001579224817140167,0.0001670650575368208,6.066417095680666e-05,5.221790519168796e-05,2.9088609485141826e-05,0.00031112730356544775,1.3124395115601404e-05,5.3289417146117166e-05,5.224300724047383e-05,3.097980649115815e-05,6.29144835136798e-05,0.001210661974342924,7.416031114430065e-05,ADRNL
Adrenal.F.6.Adr_F_006_3,Adrenal,6,female,f_6_3,full,0.9957209365637536,0.0005133956169229303,7.019213965351217e-05,0.00010890891233935805,0.00012107207213865747,6.192920272460042e-05,0.00035487727532851793,0.000459131921502832,0.00010847584144110702,0.00012248921907261602,6.49128232178206e-05,0.0006661067895685225,2.3057980416893076e-05,9.55575613952733e-05,9.501390820510931e-05,6.778167827675531e-05,0.00022179363250789488,0.0010106921735559137,0.00011367468797809856,ADRNL
Adrenal.F.6.Adr_F_006_4,Adrenal,6,female,f_6_4,full,0.9980375868093977,0.0001900012228766469,2.764437555963219e-05,5.403920531679141e-05,3.3087483651687354e-05,3.594206911981828e-05,9.655643143775296e-05,0.0001628944635613462,5.646051355063437e-05,4.2534910289734734e-05,2.5347145496051527e-05,0.0003395802273435625,1.0278489040530789e-05,4.689051242992226e-05,4.0601885329321484e-05,2.5111144252371374e-05,5.066407984163644e-05,0.0006768502251707447,4.792880633437366e-05,ADRNL
Adrenal.F.21.Adr_F_021_1,Adrenal,21,female,f_21_1,full,0.9992366682039643,0.0002757086928918462,2.749272274875513e-05,1.5369775463408725e-05,1.1288881454567567e-05,1.6470191162998696e-05,4.424060035774198e-05,3.481512965374087e-05,1.8977448709010575e-05,3.340087983094077e-05,8.114164778266228e-06,4.559531664863639e-05,5.285069511303348e-06,4.752044403887695e-05,1.809365406336409e-05,8.044274100093447e-06,2.5115964003804882e-05,0.00010384646066961542,2.3952125948730066e-05,ADRNL
Adrenal.F.21.Adr_F_021_2,Adrenal,21,female,f_21_2,full,0.9987877407513119,0.0003488929496088415,3.557462428752718e-05,2.9839468850176216e-05,2.256595086469179e-05,2.5921268956097944e-05,8.227300024546618e-05,7.571381330821434e-05,3.475395150208812e-05,5.147072314951675e-05,1.5833901408619374e-05,0.00011820070539240466,1.0765956208798034e-05,5.1543465428524766e-05,3.0833277372497686e-05,1.4744167786361144e-05,3.910707158646705e-05,0.00018264198093373012,4.158297179816526e-05,ADRNL
Adrenal.F.21.Adr_F_021_3,Adrenal,21,female,f_21_3,full,0.999241659272235,0.0003307619240703991,2.246988726196307e-05,9.307836852673392e-06,7.776051181087985e-06,1.4675740732471033e-05,3.452715658483671e-05,1.9843039432413304e-05,1.3267085084229742e-05,2.6188493954799664e-05,4.589617299332812e-06,2.416371954437057e-05,4.634871741138959e-06,2.853352551344187e-05,1.2638390030986776e-05,4.574593137255939e-06,2.268516053345582e-05,0.00016522234435324654,1.248129045640857e-05,ADRNL
Adrenal.F.21.Adr_F_021_4,Adrenal,21,female,f_21_4,full,0.999280966233656,0.0003097594072237543,2.7861133466036145e-05,1.224025324997488e-05,9.570413766520963e-06,1.5586311948362937e-05,3.29166206664496e-05,3.0878626585498254e-05,1.460364015846253e-05,2.403939051083281e-05,6.974653633747656e-06,3.600914833446411e-05,3.6435634516620204e-06,4.159055383229181e-05,1.663616847150103e-05,8.631841693557426e-06,2.244998260125983e-05,8.518337165749439e-05,2.0458685091916678e-05,ADRNL
Adrenal.F.104.Adr_F_104_1,Adrenal,104,female,f_104_1,full,0.9980683984227158,9.715824313618799e-05,0.00014328083145441237,9.385074407903174e-05,5.729563884161916e-05,6.425731170178735e-05,0.00014523319735225404,0.00018410527841075165,6.066458233204553e-05,7.632547298003426e-05,6.700697883992563e-05,0.0003577268984670955,3.526241776955605e-05,4.504098898269952e-05,8.64600898406409e-05,0.0001696330432439805,8.297290643989877e-05,6.110700216702728e-05,0.00010421995124542791,ADRNL
Adrenal.F.104.Adr_F_104_2,Adrenal,104,female,f_104_2,full,0.999343354481307,3.904865559257103e-05,4.7064637649833036e-05,2.6520064256308106e-05,2.3808823240570938e-05,2.7110914676734988e-05,6.634049387476467e-05,5.5198617614713796e-05,2.4567046285031557e-05,3.916348929071797e-05,1.7180138938474923e-05,0.00010575438375600942,1.4026336954190648e-05,3.7431101360722734e-05,2.5679502773614553e-05,2.588889492225807e-05,4.3312994718867464e-05,2.0157478149967425e-05,1.8391944637632765e-05,ADRNL
Adrenal.F.104.Adr_F_104_3,Adrenal,104,female,f_104_3,full,0.9995520617717115,2.96233647941707e-05,2.7645106232962806e-05,1.7215329239342177e-05,1.52490378178777e-05,1.7961522139992087e-05,4.635338580735885e-05,4.929311536872946e-05,1.7819035673919863e-05,2.0917367575456323e-05,1.0439510240873015e-05,7.150823449774416e-05,9.710361080078704e-06,2.0700843044234352e-05,1.586369261774862e-05,1.4078653619129623e-05,2.811122934541899e-05,2.0640148774821315e-05,1.4808290418437486e-05,ADRNL
Adrenal.F.104.Adr_F_104_4,Adrenal,104,female,f_104_4,full,0.9993244807872951,4.896678714857547e-05,2.6450813472280848e-05,2.916641869460281e-05,2.5274321950428277e-05,1.6771139796783696e-05,7.596193384972857e-05,6.559293541143164e-05,2.694529970628731e-05,2.8869208689697858e-05,1.6902720628240035e-05,0.00010568218943603628,1.2834402351799748e-05,2.0332735675547734e-05,2.1122350838979334e-05,1.713020871841992e-05,2.80937007530023e-05,7.725011798322076e-05,3.2171927599742624e-05,ADRNL
Adrenal.M.2.Adr_M_002_1,Adrenal,2,male,m_2_1,full,0.9930353403868449,0.0004016508180877695,4.791351670727534e-05,0.0001632616439969835,0.00011566614256860747,6.556953545827099e-05,0.0002251715478497711,0.00102731909886985,0.00014661549762150577,0.00013625870044205857,7.098707910759327e-05,0.0015906820749584329,3.312086838478772e-05,0.00013989404310801236,0.00014422522846371558,5.518711312168667e-05,0.0001932750147145573,0.002287065590941657,0.0001207960987525656,ADRNL
Adrenal.M.2.Adr_M_002_2,Adrenal,2,male,m_2_2,full,0.989042055403808,0.000577218882766915,4.988562877292333e-05,0.00020126396036953848,0.00018679087175690144,6.6227666729684e-05,0.0003167064730752547,0.0012479809222968538,0.00015153353233652594,0.00011622236012528835,7.74663539948893e-05,0.0016828826125559512,3.257300457317228e-05,0.00013287648195450398,0.00017247708942927413,6.564854981654293e-05,0.00021195437196642005,0.00551492351768191,0.00015331231598932925,ADRNL
Adrenal.M.2.Adr_M_002_3,Adrenal,2,male,m_2_3,full,0.9852658632376569,0.0015268162172678925,6.745462200104055e-05,0.0002879428965947314,0.00019810370974210147,8.853698261049446e-05,0.00034734895529017035,0.0013942743387712975,0.00028604622377982137,0.0005139476072848924,0.00012440929159634168,0.0025775220936960787,2.8831388761453946e-05,0.00020107272974868417,0.0002872625070270774,0.00010244588321887782,0.00037523700302805025,0.006091835691056544,0.00023504862086740785,ADRNL
Adrenal.M.2.Adr_M_002_4,Adrenal,2,male,m_2_4,full,0.9880485072275033,0.0005362319218791519,5.952569352360421e-05,0.00028286942109781975,0.00018414236207468587,7.095063726440012e-05,0.00032359879575452556,0.0014971438897104395,0.0002453075159019893,0.00037858637074200154,0.00011760537658161497,0.003276479066508074,4.420100752921667e-05,0.00013370587707227944,0.0002452250189351506,0.00010412485939839169,0.0002794897938160104,0.003970916071664998,0.0002013890930425735,ADRNL
Adrenal.M.6.Adr_M_006_1,Adrenal,6,male,m_6_1,full,0.9984370150338848,0.0005302945896732415,2.661347757136261e-05,3.2510410418925894e-05,1.9255989232011635e-05,2.953679619692156e-05,6.87841436139886e-05,6.033824122183539e-05,3.546608768271722e-05,3.684633947059909e-05,1.84160529067152e-05,0.0001266899849350157,5.180547732411324e-06,5.290897707140606e-05,3.2328561825142276e-05,2.1274098317516224e-05,3.6180028351406125e-05,0.00038725355245540526,4.310708743852556e-05,ADRNL
Adrenal.M.6.Adr_M_006_2,Adrenal,6,male,m_6_2,full,0.985292279932248,0.007385657448913197,0.00017816522563056551,0.00015763570446053902,9.997115740204396e-05,0.00013667068637103407,0.0003294807702498286,0.00029923531068697334,0.0002864121303744,0.001379480527519288,0.00011007333205121099,0.0006458722610378143,2.489184133852638e-05,0.00019933904958334878,0.0003642293044577824,0.00012248343113485161,0.0002770922073052088,0.0022590314761216034,0.00045199820311376296,ADRNL
Adrenal.M.6.Adr_M_006_3,Adrenal,6,male,m_6_3,full,0.9968786331110214,0.0014381352172299468,3.517534143499557e-05,4.0454120314678985e-05,2.2675346941270142e-05,4.219860708917855e-05,7.628224212862242e-05,9.852797717773143e-05,5.3224338520924004e-05,6.180859295415686e-05,2.135642718099853e-05,0.00017400605456018259,9.028337475884646e-06,6.0263361557299225e-05,4.460590852623937e-05,2.110478789078734e-05,5.3930429053378296e-05,0.0007979641485646198,7.062565037757093e-05,ADRNL
Adrenal.M.6.Adr_M_006_4,Adrenal,6,male,m_6_4,full,0.9975982303981454,0.0009669394161882945,2.6792550408459272e-05,4.3684421816051296e-05,2.0928844628782822e-05,3.2869077302391207e-05,8.64566292957015e-05,9.363378073950514e-05,4.949081353512866e-05,6.48913382110308e-05,2.22007247807154e-05,0.0002077396406717135,5.679683206015639e-06,5.4889108472748113e-05,4.8787075772787674e-05,2.0861055687348977e-05,4.954214287074536e-05,0.0005376511806299967,6.873211763728279e-05,ADRNL
Adrenal.M.21.Adr_M_021_1,Adrenal,21,male,m_21_1,full,0.9969248273053007,0.001876789295384017,1.3974879602757768e-05,3.32858587046321e-05,1.618505083282768e-05,1.5900925185581663e-05,9.207694532654814e-05,4.298443756916801e-05,3.175249433794712e-05,2.80426586459638e-05,1.850252537437821e-05,0.00010551260697343052,4.437709013296845e-06,2.262490573196465e-05,2.409281786352324e-05,1.3778061878735455e-05,2.5059998010897623e-05,0.0005877128522839957,0.00012245867197943874,ADRNL
Adrenal.M.21.Adr_M_021_2,Adrenal,21,male,m_21_2,full,0.9984581319067655,0.0005973181028516422,1.4925798096900029e-05,3.727897389453041e-05,1.876156164858803e-05,1.8792940865134374e-05,0.00010052746721583255,6.901407904246768e-05,3.216286113829609e-05,2.604690502237115e-05,2.0650739755976874e-05,0.00013322963461397672,4.458663977749687e-06,2.230835827876015e-05,2.5275488437898256e-05,1.5539896483254457e-05,2.723294461051907e-05,0.00030959876049874564,6.874491680202798e-05,ADRNL
Adrenal.M.21.Adr_M_021_3,Adrenal,21,male,m_21_3,full,0.9076405285553973,0.06294129112313666,0.00021379590836536613,0.00043204157839719026,0.00040069711833848863,0.00017648339074598373,0.0023478826962288367,0.0012018068253270245,0.0005674807897669109,0.0026638175828792967,0.0002291914828327225,0.000961202975338934,9.722876089033118e-05,0.000541761212160585,0.0005128672236699086,0.00013942131853324265,0.0005628717161165816,0.017476814747038206,0.0008928149948362627,ADRNL
Adrenal.M.21.Adr_M_021_4,Adrenal,21,male,m_21_4,full,0.9990288972150775,0.00025400994444138624,3.188890838788361e-05,2.8111663499122573e-05,1.874997548869189e-05,2.792505698809091e-05,7.7517973198867e-05,5.94322809809294e-05,3.5357636084368703e-05,4.1721260394768244e-05,1.684002945724991e-05,0.0001169987994743885,1.3734663101125207e-05,2.618069495558856e-05,2.675718453246246e-05,1.6117277994754923e-05,3.4672381070573354e-05,0.0001077535305907827,3.7333524281876664e-05,ADRNL
Adrenal.M.104.Adr_M_104_1,Adrenal,104,male,m_104_1,full,0.9987365257590869,0.00014412265223092563,3.5855041742115544e-05,5.119001072645469e-05,4.11417721284166e-05,2.804442153852284e-05,0.0001393541948056567,0.00014388476619372998,3.9966160059710396e-05,4.258412541350994e-05,3.4237904109515896e-05,0.0001883554368251142,1.2704173489906825e-05,2.5213729015909384e-05,4.024868409459166e-05,3.576353201151598e-05,5.1557439977147246e-05,0.00014519939318618475,6.405080336399872e-05,ADRNL
Adrenal.M.104.Adr_M_104_2,Adrenal,104,male,m_104_2,full,0.9990183334330796,0.00018086623870876883,2.931426259203517e-05,3.4240577089744444e-05,2.2037714394252867e-05,1.592756092034108e-05,9.314524547694264e-05,4.7855882684557155e-05,2.4890702060749685e-05,2.958255296523456e-05,2.1293313243122377e-05,0.00013550945031661412,1.1432788634652452e-05,1.235599656181999e-05,2.8031105084121333e-05,3.391883649973473e-05,2.7099313219303744e-05,0.00016144751079011423,7.271751567813042e-05,ADRNL
Adrenal.M.104.Adr_M_104_3,Adrenal,104,male,m_104_3,full,0.998563410976899,0.0002173044776643933,3.334519105618812e-05,5.8966217529453114e-05,4.572394456539202e-05,3.11601101782125e-05,0.00015351814360107185,0.00014513589273235897,4.831446743339675e-05,4.009640855251499e-05,3.8176541052145945e-05,0.00022087282231660933,1.235055086879509e-05,3.4688282537036536e-05,3.833050989473465e-05,3.514157210687086e-05,4.503362562590208e-05,0.0001520660024929503,8.636426289310183e-05,ADRNL
Adrenal.M.104.Adr_M_104_4,Adrenal,104,male,m_104_4,full,0.9965975972988393,0.0005127493980482836,3.864252805991179e-05,9.555637690067368e-05,4.0887500498701664e-05,2.730884586249836e-05,0.00019641547599430413,0.00014152593042559533,6.337218132203002e-05,6.985572234157528e-05,6.27056185095571e-05,0.0003766311903529612,2.3181097094610337e-05,1.6539743316291696e-05,6.308688343038763e-05,7.515942264909811e-05,5.231628965253849e-05,0.0012119038832072604,0.0003345646134944105,ADRNL
Brain.F.2.Brn_F_002_1,Brain,2,female,f_2_1,full,8.495007990578545e-06,6.202835439562778e-07,1.3747396958459715e-05,3.522464487509355e-05,0.6549300929789438,2.7704603331762104e-06,0.32738679044892455,0.01739010765407184,9.788139715093663e-06,2.999639184443694e-06,1.1893007721965614e-05,2.1651137940196215e-05,7.701626146874646e-05,2.9726410615460363e-06,6.7841040610677256e-06,3.7278821669559493e-06,6.281666171482972e-05,2.9855304307553082e-05,2.646345016216654e-06,CORTEX
Brain.F.2.Brn_F_002_2,Brain,2,female,f_2_2,full,7.315803377358806e-06,5.386236517716493e-07,1.0303153183322415e-05,3.9309606673511055e-05,0.6955614122784074,2.424245093269477e-06,0.278721099944982,0.025440949284963998,1.010547163359698e-05,2.0813807736871687e-06,1.3161902492943025e-05,2.5184128731142667e-05,7.080281229290585e-05,2.145225181244297e-06,6.466802054657379e-06,3.6422095125643774e-06,4.954689679829907e-05,3.077294248465528e-05,2.7372877115737674e-06,CORTEX
Brain.F.2.Brn_F_002_3,Brain,2,female,f_2_3,full,1.577879950589778e-05,1.0865011306026222e-06,2.867460657234109e-05,5.018153022411717e-05,0.6785217971971943,4.713059480032217e-06,0.2965000774317658,0.024494517926623882,1.6042829999863506e-05,4.46996748094464e-06,1.3635835781615681e-05,2.9431578004871603e-05,0.00016707453440830726,5.986786198318702e-06,1.057728113548875e-05,5.571330377818093e-06,8.458104653609993e-05,4.208777551212004e-05,3.713982067497087e-06,CORTEX
Brain.F.2.Brn_F_002_4,Brain,2,female,f_2_4,full,1.563029583599747e-05,1.067300543292968e-06,2.6870023787879464e-05,5.919584252314124e-05,0.5941705785276359,4.836670334340273e-06,0.38355268424772954,0.021786643003232044,1.7605679555819234e-05,4.907885830818948e-06,1.8073139045984583e-05,3.2086095292181295e-05,0.00014739419493169336,5.947407957372483e-06,1.1698947694385607e-05,5.900059617174433e-06,9.182306498879143e-05,4.226906657468337e-05,4.788546889027535e-06,CORTEX
Brain.F.6.Brn_F_006_1,Brain,6,female,f_6_1,full,7.501148008562805e-06,7.231695409039644e-07,1.537803770898632e-05,2.7642413436540463e-05,0.7218672137196593,2.9768332227366227e-06,0.2632591565220874,0.014616838657617778,1.0209588274470232e-05,2.4950222562922485e-06,9.692354418044386e-06,1.5472313883215925e-05,7.498821478615519e-05,3.932504279754646e-06,5.3154007272216005e-06,3.0522666578159083e-06,4.7198974290786196e-05,2.7812627604993265e-05,2.4002315390103538e-06,CORTEX
Brain.F.6.Brn_F_006_2,Brain,6,female,f_6_2,full,7.486015124488287e-06,6.53249141056624e-07,1.6214221690874738e-05,2.8328141258365116e-05,0.7241569331712291,2.6035785284699737e-06,0.2628337276533906,0.01275276871341735,1.0281493249347191e-05,2.3950930847589585e-06,1.1061606703487735e-05,1.516441587057784e-05,7.55178281048692e-05,3.2233433449272823e-06,5.553833831655514e-06,3.315927589391816e-06,4.7181377311457205e-05,2.5067873593184214e-05,2.522463536063057e-06,CORTEX
Brain.F.6.Brn_F_006_3,Brain,6,female,f_6_3,full,1.374903751628235e-05,1.0372083665012022e-06,2.9950745678868692e-05,3.9213622441256834e-05,0.6283134558911996,4.594041519982344e-06,0.3561614012150368,0.015109322754437292,1.5369438116288275e-05,4.110929645202317e-06,1.317679070986851e-05,2.0665280693080717e-05,0.00013257080471215825,5.783853036049827e-06,9.140451084378638e-06,5.271170578473709e-06,8.666992089159725e-05,3.078847950991353e-05,3.728364826228802e-06,CORTEX
Brain.F.6.Brn_F_006_4,Brain,6,female,f_6_4,full,9.296311818385207e-06,8.450756336398287e-07,2.0887800018704998e-05,3.329298610729586e-05,0.6559985846341567,3.493622618762329e-06,0.32914136758769064,0.014514900700921882,1.226089269442767e-05,3.007936935141776e-06,1.1161778859733822e-05,1.7357605513447817e-05,0.00012952320196126587,3.848380974784667e-06,7.137101484581491e-06,3.538766486922941e-06,6.039423883998073e-05,2.6131818511738576e-05,2.9695587718176595e-06,CORTEX
Brain.F.21.Brn_F_021_1,Brain,21,female,f_21_1,full,1.0881394196444441e-05,9.509733926151607e-07,2.2117377330030443e-05,3.353138564751149e-05,0.7473586909259763,3.740107084390649e-06,0.23509772222863107,0.0171822822720848,1.3511491269565226e-05,5.500416131590344e-06,1.1466543129943797e-05,1.8729680049300783e-05,0.00012584123693634117,4.629400907552075e-06,7.657948408767377e-06,3.502822915109723e-06,7.031403981682688e-05,2.5927779324437734e-05,3.001976767629743e-06,CORTEX
Brain.F.21.Brn_F_021_2,Brain,21,female,f_21_2,full,1.2275258428196257e-05,1.1565700041762168e-06,2.932415966741435e-05,3.536909878547271e-05,0.5665988352357467,4.607830551548947e-06,0.421498369021783,0.01149084583409057,1.6063333814853992e-05,8.699726787537377e-06,1.3084430321336497e-05,1.9887159057629146e-05,0.00014432262421873422,6.419231917888705e-06,8.9525930185829e-06,3.980700694079787e-06,7.840726106898878e-05,2.6130969750628444e-05,3.2689602927978304e-06,CORTEX
Brain.F.21.Brn_F_021_3,Brain,21,female,f_21_3,full,1.1141790719578453e-05,1.0704474141894622e-06,2.2316246459944343e-05,3.766725588966969e-05,0.5538487214931367,4.271971779910109e-06,0.43121572535343944,0.014562808103980578,1.3673686458603805e-05,3.9579204111500835e-06,1.3488540459804118e-05,2.0832765556541774e-05,0.00012090993015234992,5.353567195040773e-06,7.433600320993156e-06,3.985702924441337e-06,7.655507321538311e-05,2.6914982009821506e-05,3.1715684757877715e-06,CORTEX
Brain.F.21.Brn_F_021_4,Brain,21,female,f_21_4,full,1.536152692163883e-05,1.1806781127351829e-06,3.364864124811886e-05,4.468487235296266e-05,0.6755443911710726,5.584071650687612e-06,0.3040788353677156,0.01985172726675561,1.9296492907419612e-05,7.098459921159081e-06,1.6879328480700985e-05,2.2690092477507444e-05,0.00020259516833520577,6.66660509101186e-06,1.0795722158014328e-05,4.665665570556317e-06,9.263368649099685e-05,3.745196625331411e-05,3.8132164841811412e-06,CORTEX
Brain.F.104.Brn_F_104_1,Brain,104,female,f_104_1,full,1.673038941848407e-05,1.9044249089751853e-06,4.7514186954369946e-05,5.910825952877598e-05,0.5880344017438522,8.338568598951687e-06,0.38209899316108237,0.029260151645225076,2.052042696921606e-05,6.663460909612621e-06,2.6655308693797454e-05,2.9866552456308685e-05,0.00021729280231062864,6.390099842652279e-06,1.405972982018735e-05,8.346050461110796e-06,0.00010601813261880617,3.107880414784581e-05,5.966252200718392e-06,CORTEX
Brain.F.104.Brn_F_104_2,Brain,104,female,f_104_2,full,1.921814881788662e-05,1.8439659962868686e-06,4.30784470095185e-05,5.586463321256107e-05,0.47224733003609587,7.5260736766268176e-06,0.49491916514878886,0.03222181153932173,2.2546035466730515e-05,6.310679553810705e-06,2.1323674751527722e-05,2.7874755713819713e-05,0.00023142251385123409,7.531009913587403e-06,1.282251289536327e-05,6.608747230458476e-06,0.0001068461138043855,3.571552352035775e-05,5.1604403793342254e-06,CORTEX
Brain.F.104.Brn_F_104_3,Brain,104,female,f_104_3,full,1.138028847033968e-05,1.161997635777396e-06,2.1971466790848908e-05,4.345968363791347e-05,0.5170932643351497,4.631043414901695e-06,0.45355928034307685,0.02892615525651994,1.606763413824778e-05,3.5926479513023197e-06,1.8142809882409034e-05,2.740060622178919e-05,0.0001523010539618474,3.519517306181997e-06,8.732482247912555e-06,5.093703540198487e-06,7.229176159634879e-05,2.7341901398922238e-05,4.211467058578431e-06,CORTEX
Brain.F.104.Brn_F_104_4,Brain,104,female,f_104_4,full,9.353075225577043e-06,1.0397548142448613e-06,1.905694173260404e-05,4.1413318646012894e-05,0.5410532261786876,4.06093053076329e-06,0.43031963036618326,0.02823731159006641,1.44795136840177e-05,3.119822343037649e-06,1.689798822167932e-05,2.4925130120885593e-05,0.00013662716299585832,2.9656522521006985e-06,8.199857398829226e-06,4.503793236741551e-06,7.527419016180327e-05,2.4124868877762915e-05,3.7898648208625614e-06,CORTEX
Brain.M.2.Brn_M_002_1,Brain,2,male,m_2_1,full,2.3091004724222376e-05,2.1226648918522247e-06,6.0948125339361794e-05,5.788496812585334e-05,0.5500886181592474,8.078612396269696e-06,0.4203207955752615,0.028781754977622972,2.1787045208951193e-05,9.593077847276615e-06,1.7613549066770287e-05,4.1077893339924916e-05,0.00031361892848621407,1.20768336893738e-05,2.0422377055278275e-05,8.132237186707196e-06,0.0001542849756323373,5.239004503185034e-05,5.7089498459095685e-06,CORTEX
Brain.M.2.Brn_M_002_2,Brain,2,male,m_2_2,full,1.4077690952379133e-05,8.455871042008047e-07,2.7341681368287978e-05,4.190533337278395e-05,0.7004466527605634,4.244454622893084e-06,0.2774985657368746,0.02163271378881171,1.1509256992798178e-05,3.711594005576666e-06,1.177849986050894e-05,2.8132767060367075e-05,0.00014320618823356992,4.742656553213632e-06,9.254928847553312e-06,5.166109100359899e-06,7.845295361707425e-05,3.468064822368298e-05,3.017363835317343e-06,CORTEX
Brain.M.2.Brn_M_002_3,Brain,2,male,m_2_3,full,1.2599642771879297e-05,1.0072662583888587e-06,2.411270069545062e-05,5.432311226419241e-05,0.6328982406198586,3.91957655317157e-06,0.32800291722461955,0.03863137951199085,1.3987795814053546e-05,4.682821135410986e-06,1.6424452273210532e-05,3.837873216015573e-05,0.00011469019862334247,5.206861339906994e-06,1.2102270941257765e-05,6.190061399448736e-06,0.00011446424201210073,4.1641532791188355e-05,3.7313764979959017e-06,CORTEX
Brain.M.2.Brn_M_002_4,Brain,2,male,m_2_4,full,1.585840480213842e-05,9.872713720724465e-07,2.4070636490003106e-05,6.270834936190834e-05,0.5448350973982129,4.607292402966163e-06,0.4129694372791199,0.041641888045480226,1.533412631942386e-05,3.9214926612392606e-06,2.0435618809844664e-05,4.63257273520024e-05,0.00015864647884124974,4.387782243536492e-06,1.297673499010129e-05,7.021665918875238e-06,0.00012482762604978313,4.7007444735335255e-05,4.460624836571144e-06,CORTEX
Brain.M.6.Brn_M_006_1,Brain,6,male,m_6_1,full,6.258478792665556e-06,9.185271906494714e-07,1.4516129238663314e-05,3.195162579986355e-05,0.6899114789561679,2.8307030561813747e-06,0.2956353062182788,0.014168245115751672,1.096506605426365e-05,2.5410562833916647e-06,1.0896591688248973e-05,1.6861489530333153e-05,9.741302040541378e-05,2.9551896639635304e-06,5.938602017246186e-06,3.3538060411791434e-06,5.059372944435079e-05,2.4295350195904417e-05,2.6803443994519207e-06,CORTEX
Brain.M.6.Brn_M_006_2,Brain,6,male,m_6_2,full,7.47327301264382e-06,8.911023905160301e-07,1.6415377468511612e-05,3.5959332517915105e-05,0.6405939762514732,3.1698448758928e-06,0.3420437961048407,0.017044599527482666,1.2547026042118213e-05,2.9385347399702735e-06,1.3137203572893124e-05,2.0605953627515696e-05,0.00010321857584136007,3.0966880799483957e-06,6.5818305286243234e-06,3.5412225742322446e-06,5.779881771514303e-05,2.717899801756124e-05,3.0743351988672172e-06,CORTEX
Brain.M.6.Brn_M_006_3,Brain,6,male,m_6_3,full,1.8642275933317105e-05,1.5531145292431024e-06,4.796223679232239e-05,3.9442252313997325e-05,0.6886396505387399,6.6298314059781375e-06,0.2978515643627782,0.012909453961039076,1.833079767191555e-05,6.301698898832918e-06,1.4107002577207886e-05,1.898341846516266e-05,0.0002614583271291464,9.585819784109447e-06,1.0243727877817132e-05,5.060463898884795e-06,9.82670924481232e-05,3.894071141832633e-05,3.822366298330257e-06,CORTEX
Brain.M.6.Brn_M_006_4,Brain,6,male,m_6_4,full,9.645299317492748e-06,1.1348364433094464e-06,2.467680150445671e-05,3.5761330832163306e-05,0.6267343759563085,3.912624391682152e-06,0.35857381621425627,0.014284943709932196,1.3846899879647568e-05,4.150394401618393e-06,1.2599299013696505e-05,1.6868177663794238e-05,0.00015354695770810348,4.828130883714247e-06,7.587227788314044e-06,3.4649871324728267e-06,8.393134734265273e-05,2.7603721429360207e-05,3.3060837706747128e-06,CORTEX
Brain.M.21.Brn_M_021_1,Brain,21,male,m_21_1,full,9.511417369686774e-06,1.458473471080792e-06,2.4507909223311154e-05,4.491087407750628e-05,0.5915742592258146,4.717293552632786e-06,0.39087262398989137,0.017003676817166302,1.7986606288514632e-05,4.390887932256677e-06,1.7104972453297457e-05,2.727148835726977e-05,0.00011284296152731526,5.6671209364189536e-06,9.624885926210078e-06,4.603671555314223e-06,0.00023697485004170866,2.397698281509487e-05,3.889571600057892e-06,CORTEX
Brain.M.21.Brn_M_021_2,Brain,21,male,m_21_2,full,1.1879083147461417e-05,1.6725284825443072e-06,2.9578049297428766e-05,4.4807380995789455e-05,0.4573747809064472,4.865747698236528e-06,0.5250102364093205,0.01693126477818735,1.6717028994333782e-05,5.1473771824885225e-06,1.8748276820045613e-05,2.8913529811312077e-05,0.0001716978556432971,4.978639619454265e-06,1.0987825888723387e-05,4.967819776319693e-06,0.0002981267596922749,2.6259232424034605e-05,4.370770571139248e-06,CORTEX
Brain.M.21.Brn_M_021_3,Brain,21,male,m_21_3,full,1.606961483821979e-05,1.5073350682006482e-06,4.0437180657142416e-05,4.08735465201572e-05,0.5908644820364658,5.791284241253637e-06,0.39256143487135303,0.01597490363560163,1.7327402004822787e-05,5.627739897518118e-06,1.5175390641192037e-05,2.0938281518148347e-05,0.00022713003778083906,5.919502409501862e-06,1.094156950345015e-05,4.785964622917253e-06,0.0001536225755806531,2.8627055183342463e-05,4.404976111994368e-06,CORTEX
Brain.M.21.Brn_M_021_4,Brain,21,male,m_21_4,full,8.141066943146216e-06,9.25357411138114e-07,1.6782184925915194e-05,3.448699771907557e-05,0.6471736224249437,3.691738804012728e-06,0.3390746343907663,0.013395712907690269,1.1592501276553019e-05,2.768903105251683e-06,1.3752060644104704e-05,1.926250459555075e-05,0.00011187976158781396,3.474391672884896e-06,6.271162606251854e-06,3.5376022765790254e-06,9.211760457047058e-05,2.4438280693588248e-05,2.9081577675407977e-06,CORTEX
Brain.M.104.Brn_M_104_1,Brain,104,male,m_104_1,full,1.894324208753084e-05,1.8040180489750192e-06,4.297813004861298e-05,5.338073851882171e-05,0.6256932808390918,8.21263107564225e-06,0.34805842642331564,0.02565003005260932,2.002106862548517e-05,7.20195366842354e-06,2.0506787927103476e-05,2.4391928638793454e-05,0.00023225118089843902,7.101199869791158e-06,1.2236715694488904e-05,6.32307560200901e-06,0.0001077330458631458,3.0239114764488226e-05,4.93785365167038e-06,CORTEX
Brain.M.104.Brn_M_104_2,Brain,104,male,m_104_2,full,0.005483081889399796,5.6230091563217405e-05,7.5709946979602e-05,0.0005089036815955544,0.37681786129929834,3.3908232802709796e-05,0.5533083973096519,0.0599745942959422,0.00018393517675428987,5.183971050544405e-05,0.00019211616859785035,0.0013665844035045563,0.00015359530926844082,4.103566509858227e-05,0.00013801763472060644,7.929568244809857e-05,0.00045013063526244104,0.0009847421283391013,0.00010002073826738469,HIPPOC
Brain.M.104.Brn_M_104_3,Brain,104,male,m_104_3,full,2.7862632110165807e-05,3.0218320118625622e-06,8.649933360180078e-05,5.53266856521272e-05,0.4333191320475992,1.0830482776818757e-05,0.5430517738790777,0.022549555834646694,2.6328877907798324e-05,1.0370882648139874e-05,2.0768829961968897e-05,2.6671997017550916e-05,0.0005868014748874164,9.525268959344557e-06,1.6623672155214523e-05,8.125683724028472e-06,0.00014396604044788802,4.001050054860854e-05,6.804044265888673e-06,CORTEX
Brain.M.104.Brn_M_104_4,Brain,104,male,m_104_4,full,1.3523845299936808e-05,2.2885182245290905e-06,3.7224047267309805e-05,5.997140427930036e-05,0.45581281991754735,6.891233881116745e-06,0.519854180130502,0.023732774950552978,2.2708909525409736e-05,6.294041620282397e-06,2.22214447360228e-05,2.9598351324959918e-05,0.00023490399832475501,5.674062653631673e-06,1.3154849872113087e-05,6.980769703400358e-06,9.837862314850374e-05,3.3518633400114205e-05,6.892268136211959e-06,CORTEX
Heart.F.2.Hrt_F_002_1,Heart,2,female,f_2_1,full,2.2929872353312684e-05,0.00010523324320192248,0.00010085516068239237,6.11571248028479e-05,0.0001751109638792794,0.9762936154526706,3.294434693083922e-05,5.342083377720279e-05,3.9218407868071466e-05,5.263729178592047e-05,5.7715981674440344e-05,6.463992167124277e-05,0.0006089638911036228,0.0024485133804649736,4.855274933875239e-05,3.386073933190001e-05,8.350634760463028e-05,0.019694483781128008,2.26405097300766e-05,HEART
Heart.F.2.Hrt_F_002_2,Heart,2,female,f_2_2,full,3.188930847852911e-05,0.00015967236352935148,0.0001766864672274329,0.00011755744699288909,0.0003006153639984836,0.9551401512578075,5.032818454676573e-05,0.00010003173055084067,6.7675749315617e-05,8.67554214413179e-05,9.919450673295022e-05,0.00011050915059580022,0.0017911322050303546,0.0037547905655198636,7.886761805707603e-05,6.239995735118751e-05,0.0001621517175831155,0.03766751634263494,4.207464260641824e-05,HEART
Heart.F.2.Hrt_F_002_3,Heart,2,female,f_2_3,full,5.7683712013533226e-05,0.00032366606820195967,0.00016073327144008287,0.00020721750350269458,0.0004058323683615045,0.812483764417937,0.00010414742545753505,0.00021542192083680675,0.00011081058423275743,0.00010262843945738181,0.0002114567306613737,0.00023602360172510664,0.001035586635238222,0.0028695361007929,0.00011797133376352355,9.287085806063719e-05,0.0002291160596184828,0.18093611145802607,9.942151067256654e-05,HEART
Heart.F.2.Hrt_F_002_4,Heart,2,female,f_2_4,full,4.225986158651769e-05,0.00014149414500508304,0.00018761656355055555,8.876709970481653e-05,0.00024555916292133415,0.9552427232074261,5.374607926803718e-05,7.516356912718274e-05,5.9889836341335706e-05,8.425000609423344e-05,7.516656513614105e-05,8.087066236651625e-05,0.0014728976392178112,0.003017856320609034,7.076715942987941e-05,4.6605942774773876e-05,0.00013409607026987079,0.03884621914674204,3.405096242868784e-05,HEART
Heart.F.6.Hrt_F_006_1,Heart,6,female,f_6_1,full,2.410714365497027e-05,0.0001298586899579628,0.00015379826834403194,4.9822183916567704e-05,0.00012654412090551707,0.9873490593093454,2.256066637630744e-05,3.2179832454549186e-05,3.4824711390827896e-05,4.642794994649022e-05,4.558532565648695e-05,4.186155126101129e-05,0.0008228785072870509,0.0014027593116214376,4.4121995366591646e-05,4.6485100861255335e-05,6.620834810844853e-05,0.009535757247825944,2.5159735719326042e-05,HEART
Heart.F.6.Hrt_F_006_2,Heart,6,female,f_6_2,full,3.088450970155944e-05,0.00012480979161643514,0.000261346321286325,4.224074254389487e-05,0.00013078032562944443,0.988902279054625,3.3912683538552044e-05,2.7607569870605493e-05,2.8739073324230534e-05,6.55889001000739e-05,4.046476589142924e-05,3.0115482332500826e-05,0.0011317965499022752,0.0023035624257896955,4.842331245505488e-05,4.125354941033034e-05,0.00010678942064410091,0.006631601183804142,1.7804337534452317e-05,HEART
Heart.F.6.Hrt_F_006_3,Heart,6,female,f_6_3,full,4.30213152059912e-05,0.00023789556657877328,0.000242480276684581,9.100116998913523e-05,0.00024293429196627195,0.9725693735739516,4.935374030697607e-05,6.421943498090448e-05,4.910829459907604e-05,6.511947306132675e-05,9.052635708234718e-05,7.299060553135895e-05,0.0011503801853598905,0.0018559899739202966,8.059530177419784e-05,8.552488631478757e-05,0.0001228627163511783,0.022838632894303015,4.798994203844534e-05,HEART
Heart.F.6.Hrt_F_006_4,Heart,6,female,f_6_4,full,2.8920571577821417e-05,0.000131698690792477,0.000251219155250825,5.901943115462538e-05,0.0001541005474971256,0.9813389267310721,3.614375069575086e-05,3.710337316269613e-05,3.8017228618625684e-05,5.9962241733233405e-05,5.245360805339351e-05,4.7813848170422105e-05,0.0009592619468480123,0.0025517158555330706,5.6509870085338695e-05,5.7911148721757235e-05,0.00011823883760437983,0.013995670727329802,2.5312436098358188e-05,HEART
Heart.F.21.Hrt_F_021_1,Heart,21,female,f_21_1,full,1.095990842551209e-05,7.54440477822821e-05,6.40760066786127e-05,1.974482948405883e-05,6.997729886235417e-05,0.9964109280749962,1.236477873540668e-05,1.5038743563357125e-05,1.5278366651410024e-05,2.293808722019915e-05,2.102591969128232e-05,1.393602057396918e-05,0.0005077470356605919,0.0006024674179707563,1.776830584853662e-05,1.5432257027869478e-05,3.883271050482136e-05,0.002058240890685282,7.799299637540919e-06,HEART
Heart.F.21.Hrt_F_021_2,Heart,21,female,f_21_2,full,1.1513031002130353e-05,7.605727391125179e-05,7.672075380171385e-05,2.3467991272056786e-05,8.042232118580322e-05,0.9953310732016067,1.4250868659728074e-05,1.766288933674521e-05,1.8243735374683122e-05,2.6658629177375264e-05,2.4399201097669395e-05,1.6475101021365475e-05,0.0005306911501996825,0.0007172503304350618,2.1142611314395746e-05,1.9484524451267257e-05,3.5264172954182294e-05,0.0029489065682508082,1.0315644947508126e-05,HEART
Heart.F.21.Hrt_F_021_3,Heart,21,female,f_21_3,full,3.743376388305998e-05,0.0002467992733318558,0.00018948613537686696,4.4384912810681724e-05,0.00014962000507563554,0.9844908735495823,3.420989645229823e-05,3.251816087405529e-05,4.174545145604232e-05,7.036918809406061e-05,4.0115576405387374e-05,2.72650681087263e-05,0.0012389854037022853,0.001436028937286332,4.6399010398544636e-05,3.209287052238343e-05,8.039136973055159e-05,0.011738120138244573,2.3161288664420096e-05,HEART
Heart.F.21.Hrt_F_021_4,Heart,21,female,f_21_4,full,1.231409874990002e-05,8.051680762751508e-05,6.277350816403357e-05,2.758965891002402e-05,8.495209061846787e-05,0.9943239131433423,1.7837855120235677e-05,2.337732490739688e-05,2.0248998582489077e-05,2.463153489129647e-05,3.0212156955836218e-05,2.200156582945718e-05,0.0005268895996135427,0.0005493637083135518,2.2254487020365707e-05,2.1627748374311775e-05,3.563254933751111e-05,0.004101294552917377,1.2568610724413364e-05,HEART
Heart.F.104.Hrt_F_104_1,Heart,104,female,f_104_1,full,1.185015295811938e-05,9.834406154767176e-05,0.00013498821290673055,2.360986114272571e-05,8.03426289452108e-05,0.9967788476676078,1.6447782369296136e-05,1.409316167967745e-05,1.752705629535917e-05,2.976401304846469e-05,3.0435727362192136e-05,1.7899467184265658e-05,0.0005246132041912267,0.0005959071227580866,2.5163513658078148e-05,3.563028347594431e-05,4.0798140968953997e-05,0.0015106420786328994,1.3095863267406367e-05,HEART
Heart.F.104.Hrt_F_104_2,Heart,104,female,f_104_2,full,1.194436285077045e-05,7.651698265373349e-05,7.358379417489078e-05,1.4351813955350846e-05,5.4529949990120544e-05,0.9975504955252984,1.28917715464618e-05,1.1003882572045956e-05,1.3310364708281348e-05,2.2665456259960976e-05,1.5287543789096276e-05,1.0996831928323207e-05,0.0005044720526655846,0.0005604414407892423,1.7880488114023855e-05,1.321901155540839e-05,3.0497397459408047e-05,0.000998279758822289,7.631570866653986e-06,HEART
Heart.F.104.Hrt_F_104_3,Heart,104,female,f_104_3,full,2.2065701262697877e-05,9.26836949185025e-05,0.00015254441500211913,2.1576051817554972e-05,8.075336856525985e-05,0.9948893640485968,1.8508387573897102e-05,1.565141157973522e-05,1.7368063159540437e-05,4.13487285305361e-05,2.1330961365134887e-05,1.3631556530048236e-05,0.0009561651658119742,0.000984678505722673,2.3917126080357964e-05,1.9965788062321505e-05,4.90332795651395e-05,0.002566778537060783,1.2635208794721294e-05,HEART
Heart.F.104.Hrt_F_104_4,Heart,104,female,f_104_4,full,1.5909399660404424e-05,9.414654554800434e-05,0.00012178559872984352,2.3537966145943635e-05,7.81295855010181e-05,0.9950911022205712,1.724475313213224e-05,1.5152399421657936e-05,1.7990759290975206e-05,3.1096418396956e-05,2.4567016724768614e-05,1.5571015290506448e-05,0.0008062733490982636,0.0008264107988188668,2.1713918595468856e-05,2.272019230294794e-05,4.512075424185081e-05,0.002717894265009765,1.363304351946813e-05,HEART
Heart.M.2.Hrt_M_002_1,Heart,2,male,m_2_1,full,3.212437220797615e-05,0.0001877191717324949,0.0001751304786667928,0.00018033229468259143,0.00045943663518192466,0.9314702444532476,6.490413044176832e-05,0.00019226535076945922,0.00010143360601558587,0.00011181781114849611,0.00016469758779276859,0.000270199561429514,0.001271054596452056,0.004491028661463094,0.00013297314118529435,9.817391429644012e-05,0.00021997002692785843,0.060311416532308905,6.507767404956866e-05,HEART
Heart.M.2.Hrt_M_002_2,Heart,2,male,m_2_2,full,4.308914534736301e-05,0.00019715435103488527,0.00019830307887799597,0.000222264934566428,0.0004665115004103709,0.9066449341675586,8.491907956169566e-05,0.00017629488279997596,0.00010697123700657213,0.00012103531035979804,0.0001842523166201931,0.00029608069218554515,0.0013548637952969797,0.00500161267407221,0.0001550902055812901,0.00010812523931365972,0.00023954024050719557,0.08432714839592664,7.180875297252405e-05,HEART
Heart.M.2.Hrt_M_002_3,Heart,2,male,m_2_3,full,5.066765356021421e-05,0.00019299895888512486,0.00023133500494699368,0.0001982859956888628,0.0005250967509057974,0.9185748754070496,8.050743697467456e-05,0.0002007724006109018,0.00011213325894470203,0.0001261736204138609,0.00017250136878178642,0.00027065023139968765,0.0014983605890739702,0.0049879588713171346,0.00015500571613274384,0.00010424347745920454,0.0002624743607204284,0.07218555991816324,7.039897897095618e-05,HEART
Heart.M.2.Hrt_M_002_4,Heart,2,male,m_2_4,full,5.5847157095116554e-05,0.0002035674554204721,0.00017090683635515705,0.00025989101762888316,0.0006461850104270556,0.826376245737685,9.712863329165963e-05,0.00024169915596546475,0.00012172846120438357,0.00010196392040519595,0.00021145315878241314,0.0003682976406076921,0.0012311309240116883,0.003710232176173988,0.00017034163140423024,0.0001255046710306588,0.0002596990710010889,0.16556223399236902,8.59433491409714e-05,HEART
Heart.M.6.Hrt_M_006_1,Heart,6,male,m_6_1,full,3.739994732455045e-05,0.00022633830893416837,0.00021556990899484243,4.630495447932624e-05,0.00012699328469107247,0.9891408903221723,2.994156125446548e-05,3.007832927466453e-05,3.2585100483811905e-05,5.658690288669236e-05,4.862824679916169e-05,2.946392523166625e-05,0.0006288812948671168,0.0019950583588778624,4.275981644810552e-05,4.8438259221440096e-05,7.546328345289694e-05,0.007164702295746761,2.3915898858748067e-05,HEART
Heart.M.6.Hrt_M_006_2,Heart,6,male,m_6_2,full,5.0967879811224886e-05,0.00019235823838054052,0.00037484319024425327,6.707008852102586e-05,0.0002289800846795228,0.9761921513860011,5.296121396195088e-05,4.578549978248054e-05,4.415816132477713e-05,8.790588569290913e-05,5.840255499590828e-05,4.41791754802189e-05,0.0014927549087908846,0.003358441910363407,7.093938313627018e-05,5.6792845175836626e-05,0.0001331358740948259,0.017417037087287934,3.1134632275161295e-05,HEART
Heart.M.6.Hrt_M_006_3,Heart,6,male,m_6_3,full,2.6184244681146596e-05,0.00019087613109117663,0.00020447382830259664,4.724102571195752e-05,0.0001572418989417897,0.9890282489078127,3.097284601376377e-05,3.367664942657945e-05,3.9025837071661253e-05,6.565409734574613e-05,4.6473685389377056e-05,3.4883275764260315e-05,0.0009756975318149431,0.0021957618527721576,4.961277750832511e-05,4.4916151472099954e-05,8.550341724702356e-05,0.006721741663648006,2.1814177984477025e-05,HEART
Heart.M.6.Hrt_M_006_4,Heart,6,male,m_6_4,full,3.0734389998027424e-05,0.0001630242922438784,0.00023056149882147095,4.901385461814413e-05,0.0001411356438281479,0.9850989442086641,3.516225445040607e-05,2.9366621812058166e-05,3.381204001208073e-05,6.465832150429965e-05,4.518339520878845e-05,3.098744252916082e-05,0.0013765886338488636,0.0016096153864091334,4.859818693857091e-05,3.9376853237852256e-05,8.568471274862084e-05,0.010864294471077347,2.325779204915052e-05,HEART
Heart.M.21.Hrt_M_021_1,Heart,21,male,m_21_1,full,2.245442843966499e-05,0.0001281462809682733,0.00019244834634279297,2.0302127057271893e-05,8.675941274472617e-05,0.994255419222299,1.8413974646546777e-05,1.474416470782889e-05,1.8516745673971893e-05,4.218088944607974e-05,1.7638842418963075e-05,1.0197852793927701e-05,0.0011400631436404832,0.0012130990677068963,2.598477865268651e-05,1.7243490729300217e-05,5.1660967975587384e-05,0.0027143497532702704,1.0376510485646109e-05,HEART
Heart.M.21.Hrt_M_021_2,Heart,21,male,m_21_2,full,1.5799089751973888e-05,9.901917115410363e-05,0.00014608660331490815,1.931926150904415e-05,6.693416455394124e-05,0.9958351689266233,1.9721222993840776e-05,1.2596030095382776e-05,1.6809928116268014e-05,3.227188219982938e-05,2.0444512381902243e-05,1.0952221155216232e-05,0.0008388147791116222,0.0010911839646839654,2.311586540744019e-05,1.836909505913073e-05,4.499534347231215e-05,0.0016787727034316695,9.625234984574032e-06,HEART
Heart.M.21.Hrt_M_021_3,Heart,21,male,m_21_3,full,2.6292577257873543e-05,0.00018093554609045363,0.00016805639961632398,3.4090153560077164e-05,0.00010608256152733042,0.9905202421938554,3.3192813544063154e-05,2.2680994651317293e-05,2.6871917307585425e-05,4.838130398565665e-05,3.625295998853941e-05,2.1064019053591973e-05,0.0008736097675166741,0.0012275082615323491,3.697593590311381e-05,2.9268201643600395e-05,6.546134320708922e-05,0.006521949904977823,2.1083144780998196e-05,HEART
Heart.M.21.Hrt_M_021_4,Heart,21,male,m_21_4,full,2.041506187929819e-05,0.0001797148373747331,0.0001259707789400343,3.080022738862781e-05,0.00010868937613884155,0.9914278012107399,2.7386009000373995e-05,2.1390638639323347e-05,2.3140004806310313e-05,3.6022707653394706e-05,3.227744944874135e-05,2.037658583895972e-05,0.0007363790230885047,0.001000912279453345,3.06646632990951e-05,2.6566972394058492e-05,6.31677753120969e-05,0.006070456068998791,1.7868329605592317e-05,HEART
Heart.M.104.Hrt_M_104_1,Heart,104,male,m_104_1,full,2.662707824301465e-05,0.0001240616904928,0.0001913254262678901,4.511168229143284e-05,0.000139301598967865,0.9870505588872578,3.0067597447063968e-05,2.2219002549600324e-05,3.078348167538121e-05,5.1271172219960255e-05,4.364447693567541e-05,2.9866892776520946e-05,0.0011649578292036843,0.0009131708712004081,3.93397016857683e-05,4.854475155909863e-05,6.809195173938112e-05,0.009955322995660612,2.5732911826307053e-05,HEART
Heart.M.104.Hrt_M_104_2,Heart,104,male,m_104_2,full,6.006115351718814e-05,0.00043088329063538367,0.0002469048476589798,0.0001489603338251579,0.00033231946562333294,0.9497115888416262,0.00010822888819614999,8.336804918176447e-05,7.000332917258281e-05,9.50382975434521e-05,0.00018822019307099334,0.00012422832549054808,0.0015759871704053722,0.0009376630878434246,9.474573570096272e-05,0.00017942356998409855,0.00018106786330005395,0.045318116404184136,0.0001131911530403933,HEART
Heart.M.104.Hrt_M_104_3,Heart,104,male,m_104_3,full,7.738775823427025e-05,0.00045151674258508083,0.0002752228462650348,0.0002493858902377338,0.0005765590057074256,0.7494858926353037,0.00011810942053902292,0.00014358390696362508,0.00011721576316064606,0.00011793513619816746,0.00024537591758179894,0.0002469643024670176,0.0024051678604755894,0.0012611660831481199,0.0001274549260519487,0.00019725890582747012,0.00025096225365329143,0.24346909180018758,0.00018374884541228712,HEART
Heart.M.104.Hrt_M_104_4,Heart,104,male,m_104_4,full,4.298894159880906e-05,0.00022772648158300937,0.00019910782168501836,0.00012455399405882957,0.00034705016992141906,0.9598872159945614,8.218582125132508e-05,7.648704256010404e-05,6.384988225874133e-05,7.618346765427083e-05,0.0001398324672785615,0.00010361667475587432,0.0016214836842685092,0.0007800387369026482,8.035420568616651e-05,0.00013112127894780975,0.0001169305979113494,0.03581834336995705,8.092936715894417e-05,HEART
Kidney.F.2.Kdn_F_002_1,Kidney,2,female,f_2_1,full,0.0001290084535352241,6.324455704184881e-05,1.9226746241911033e-05,0.001344161279695081,5.885427734610799e-05,5.734867022817114e-05,0.00024784514030677917,0.00012893980557588793,0.9951121975590342,0.00011266179327455654,0.00040152089159632606,0.0009055539579714933,9.713990279230533e-06,7.968486370250415e-05,0.0005607407417362268,5.637241290537667e-05,9.498746193962273e-05,0.0001458751375763076,0.00047206226001309643,KIDNEY
Kidney.F.2.Kdn_F_002_2,Kidney,2,female,f_2_2,full,0.00017670767706955286,0.00010001145965351448,2.6155728915315093e-05,0.0026864860597916288,0.0001508779900502389,7.849754223687631e-05,0.00026915900544815055,0.0002739044823499734,0.9914237948360016,0.00013356922729575543,0.0006941406828319989,0.0015272954113164493,1.1149879121691844e-05,0.00015757131313294783,0.0006296366885261606,8.105180162264652e-05,0.00017801113548844598,0.0004218443373953352,0.000980134741751773,KIDNEY
Kidney.F.2.Kdn_F_002_3,Kidney,2,female,f_2_3,full,0.00012415506473217384,6.028332378709507e-05,1.6258287865578816e-05,0.0013831181448953971,5.4719239807333966e-05,5.612035418674201e-05,0.00019446584858318707,0.0001284067573101098,0.9951798593744957,9.898967144226939e-05,0.0004152489275319027,0.000920806522984119,7.242072129794912e-06,7.779732135334163e-05,0.0005232602050453766,5.688132916888592e-05,9.589321500349569e-05,0.00011961667187257139,0.00048687766780513387,KIDNEY
Kidney.F.2.Kdn_F_002_4,Kidney,2,female,f_2_4,full,0.0001200063669170719,6.112024453443744e-05,1.2298732943868406e-05,0.0014950903576331437,4.958646191077978e-05,4.314352572308001e-05,0.0002697099192324872,0.00013259405731544263,0.994800355997946,8.514279048038433e-05,0.00043380082568913086,0.0010368220903827353,6.822702685559221e-06,5.056863736434793e-05,0.0005276984109280721,5.1998886599872016e-05,8.048488185480416e-05,0.00017567599813448406,0.0005670791117240126,KIDNEY
Kidney.F.6.Kdn_F_006_1,Kidney,6,female,f_6_1,full,0.00015667328328544113,0.00015720763972919914,3.5452979252602006e-05,0.0003564158894359052,2.1210852996923836e-05,4.084402498115311e-05,0.00012162598619995533,3.5886867597541466e-05,0.9978364493710794,0.00016372408333525346,0.00010005885405168848,0.00015350315139269424,7.754864801435652e-06,5.330243892078006e-05,0.0004175466696994596,3.158392964417869e-05,6.7082867974158e-05,3.872939998172366e-05,0.00020494684564030608,KIDNEY
Kidney.F.6.Kdn_F_006_2,Kidney,6,female,f_6_2,full,7.969131352128307e-05,5.2365315418395285e-05,1.9371189517318845e-05,0.00026204912212463987,1.4639577690466388e-05,2.3884496461676142e-05,7.008925743037817e-05,2.7480354844727123e-05,0.9987393440628382,8.986427622039255e-05,6.905317478525401e-05,9.778327606154554e-05,7.518165162130884e-06,1.9582988727264236e-05,0.00024407414429853405,1.7287443688325388e-05,3.6553038849841727e-05,1.6868834036673704e-05,0.00011249996832295743,KIDNEY
Kidney.F.6.Kdn_F_006_3,Kidney,6,female,f_6_3,full,0.00011468731128265209,0.00011135600249425075,2.423129119423966e-05,0.0003611397982747988,1.8924703444152253e-05,2.9935204497934632e-05,9.463090052512766e-05,3.009931219716066e-05,0.9982483486215734,0.00011225018002574943,8.582830703603114e-05,0.00013101983711721573,9.399283423798587e-06,2.723736880952116e-05,0.0003294438430181692,2.306599390105163e-05,4.92120680307768e-05,3.2451274456277514e-05,0.000166738698697784,KIDNEY
Kidney.F.6.Kdn_F_006_4,Kidney,6,female,f_6_4,full,0.00013017238532259391,0.00011272448592349336,3.8296033408762336e-05,0.0002660882242812125,1.8919330966544457e-05,3.648707521593432e-05,9.206930660016415e-05,2.7575582612399652e-05,0.998340172476215,0.0001464685872523077,6.313301875907386e-05,9.853803915936248e-05,1.3648711602193553e-05,4.195264865896697e-05,0.00034726534060884666,2.0190149331573814e-05,5.648973359934675e-05,2.6964573232413337e-05,0.00012284429724987252,KIDNEY
Kidney.F.21.Kdn_F_021_1,Kidney,21,female,f_21_1,full,7.537091257408675e-05,4.866069664881716e-05,2.1905533882217973e-05,0.0001902213606716932,1.17904271702083e-05,2.8482189538675224e-05,7.921625138776286e-05,2.26476815356625e-05,0.9989753186644366,9.264776582311493e-05,6.053140320955054e-05,5.331759706977786e-05,1.0634715575138225e-05,2.2019392427919696e-05,0.00017011009972090773,1.109610752783105e-05,3.503247836680611e-05,9.099427969111623e-06,8.189729446444409e-05,KIDNEY
Kidney.F.21.Kdn_F_021_2,Kidney,21,female,f_21_2,full,8.459730697902044e-05,6.848201846487088e-05,2.440946454225882e-05,0.0002009122089998089,1.2524918359461291e-05,2.487792663917094e-05,7.515561973353533e-05,2.2286296672269728e-05,0.9989149787304575,0.00010136538004266215,5.372490770689465e-05,5.092586649696615e-05,1.0224604887542287e-05,2.4471757493858573e-05,0.00018141694051698894,1.1267802431162055e-05,3.639689024449092e-05,1.213156015973407e-05,8.984979917174561e-05,KIDNEY
Kidney.F.21.Kdn_F_021_3,Kidney,21,female,f_21_3,full,8.152336011299328e-05,5.602173726370684e-05,2.5466428970189384e-05,0.00018039711033362074,1.1445392846449208e-05,2.837841487105401e-05,8.735671650772691e-05,2.258275517689955e-05,0.9989464735923612,0.00010035300656468035,5.5656230070250906e-05,4.8146258028108885e-05,1.152925678051584e-05,2.6828362700662796e-05,0.00017566795943770182,1.0664394871728107e-05,4.709469837396974e-05,8.498827928586036e-06,7.591549680013209e-05,KIDNEY
Kidney.F.21.Kdn_F_021_4,Kidney,21,female,f_21_4,full,6.394710595036563e-05,6.831374776005355e-05,1.9471626333145034e-05,0.0002402904110493393,1.26186829173638e-05,2.4399513409033736e-05,8.043193074128046e-05,2.6122896336775258e-05,0.9988053385100037,9.512134190967378e-05,7.298924690197101e-05,7.255823089767425e-05,8.942749005258256e-06,1.5202128197674735e-05,0.0002051488717903035,1.5038076086890998e-05,4.140958850462788e-05,1.0264489527130056e-05,0.00012239085267786015,KIDNEY
Kidney.F.104.Kdn_F_104_1,Kidney,104,female,f_104_1,full,7.436032028935125e-05,6.239224086434177e-05,3.8407503446621814e-05,0.0003515538506460217,1.924079603932537e-05,3.7198831354926204e-05,9.264920804918651e-05,3.697570635981265e-05,0.9982129422849291,0.00014813241465161405,0.00013395766986908314,0.00012310747867717522,1.616364617454195e-05,1.8945740336372186e-05,0.0003167946471832101,3.621853080402057e-05,4.851072624530943e-05,1.206295919382718e-05,0.00022038544488615488,KIDNEY
Kidney.F.104.Kdn_F_104_3,Kidney,104,female,f_104_3,full,9.188275659124014e-05,9.418274660395502e-05,3.888278483562446e-05,0.0008056434141001105,2.7055570606361942e-05,4.9614188681657866e-05,0.00017205058554585582,5.934271942634873e-05,0.9966140752975083,0.0001507538129600808,0.0002791812198740985,0.0003418012073312646,1.372506827185556e-05,2.047708961313805e-05,0.0004906786378406471,0.00010847143272446111,6.441767196678082e-05,2.284564969523101e-05,0.0005549181458230331,KIDNEY
Kidney.F.104.Kdn_F_104_4,Kidney,104,female,f_104_4,full,9.871594838706173e-05,5.547909573795902e-05,3.4368763418073176e-05,0.0003426944374185771,1.9100376058366257e-05,3.837066291938487e-05,0.00011747030644409904,3.62920434261349e-05,0.998296119362286,0.00015464013482710274,0.0001150281485723404,9.995287632395773e-05,1.5719817424050353e-05,2.8201037690731836e-05,0.00026787343023334186,2.4041584109721646e-05,5.1736441749386325e-05,1.4852046468485279e-05,0.00018934348650504298,KIDNEY
Kidney.M.2.Kdn_M_002_1,Kidney,2,male,m_2_1,full,0.0002608401302146622,0.0001542803013728585,3.102934088658718e-05,0.004230475936563307,0.00018051561102566538,7.847437660902551e-05,0.0007125543022646444,0.0005634570323624841,0.9818847811333028,0.0011281192169006044,0.0013722357485834715,0.004262017932788169,2.0192723526614038e-05,0.00011923295438881791,0.001630469956631009,0.00015647209994005013,0.00027415821385322987,0.0008812059099826307,0.0020594870788036347,KIDNEY
Kidney.M.2.Kdn_M_002_2,Kidney,2,male,m_2_2,full,0.00015931833973052448,7.780937940308982e-05,2.2949336697626492e-05,0.002834230231084942,0.00011592389841825255,6.809371153792427e-05,0.000376889309174717,0.0003806095315528426,0.9901185844742114,0.00013157825286399155,0.0007670561535750968,0.002305608529418595,1.1483309827527154e-05,0.00012069758062101791,0.0009122462265328968,9.935957076865507e-05,0.00021700088107963762,0.00039667816538296766,0.0008838831181181453,KIDNEY
Kidney.M.2.Kdn_M_002_3,Kidney,2,male,m_2_3,full,0.00018975690445571404,9.00468129031453e-05,2.566663340901922e-05,0.0029383872574972308,0.00012128371159823671,7.768737110292353e-05,0.0004172864159182771,0.0003218738078127843,0.9895921596436705,0.0001563188726333112,0.0007312129692660053,0.002450794068757724,1.8927125840227257e-05,0.00011162171098711805,0.0009475708671984628,9.635237761334858e-05,0.00018326376969176686,0.0004595838264283421,0.001070205853216076,KIDNEY
Kidney.M.2.Kdn_M_002_4,Kidney,2,male,m_2_4,full,0.00017478423314667044,7.513381993364351e-05,2.4748703459813073e-05,0.00305670454717288,0.00011723007006592924,7.618132573707546e-05,0.00045457941190261037,0.0003142085944288604,0.9894657391718754,0.0001377818402110689,0.0007798869199718012,0.0025532774874007583,1.550679727132683e-05,0.0001311805338263924,0.0008965979790894915,9.907301923177509e-05,0.00018139358339715238,0.000429060099379401,0.0010169318624977588,KIDNEY
Kidney.M.6.Kdn_M_006_1,Kidney,6,male,m_6_1,full,0.0001496527550345588,0.00014681397193868652,3.7226007703740714e-05,0.0002644930135058445,2.2822791968977733e-05,3.977464778529948e-05,0.00010888748368017931,2.8283290709016752e-05,0.9981179873836885,0.00020492617571802728,8.616764474394064e-05,9.233917876527652e-05,1.1026909234411637e-05,5.1007859663399346e-05,0.0003690134482543112,2.1433127062736268e-05,5.967989399434533e-05,3.7481087315329665e-05,0.00015098332923355298,KIDNEY
Kidney.M.6.Kdn_M_006_2,Kidney,6,male,m_6_2,full,8.274837241945115e-05,9.798060211036518e-05,2.9639211176135384e-05,0.0002673805041806478,1.788892242209037e-05,3.6389754213046156e-05,0.00011896323070875324,2.6925280221051513e-05,0.9983416314484864,0.00015012253591113406,7.778616635594577e-05,0.00010622168717306298,9.877660607817794e-06,4.7709696105500424e-05,0.0003621978466269693,2.3531022617138392e-05,5.369074260485095e-05,2.077965400049454e-05,0.00012853566205934687,KIDNEY
Kidney.M.6.Kdn_M_006_3,Kidney,6,male,m_6_3,full,8.543800894038252e-05,0.00011539427594600778,2.726033810718552e-05,0.00023246988509631358,1.6183738882908807e-05,3.108280285397337e-05,0.00010599201499938055,2.2614760895410973e-05,0.9984810433851193,0.00013610393303836905,6.44092997178984e-05,9.728028602715636e-05,1.1069338995790349e-05,3.088660548561027e-05,0.00032271487909732297,1.9649620633267056e-05,4.746606316829747e-05,2.2174569158078104e-05,0.00013076619383740225,KIDNEY
Kidney.M.6.Kdn_M_006_4,Kidney,6,male,m_6_4,full,0.0001351930046525532,0.00017368787753971825,4.256883941820583e-05,0.00023699484299481458,1.737978839096408e-05,3.915565377168179e-05,0.000142886500248077,2.0952564517721125e-05,0.9981196307909098,0.00019774868033507244,6.251365356023806e-05,9.479129524459212e-05,1.6512278714475033e-05,4.084524571370283e-05,0.0004071911557598275,2.127673888534034e-05,6.256916087571473e-05,2.697552676993377e-05,0.0001411264016976081,KIDNEY
Kidney.M.21.Kdn_M_021_1,Kidney,21,male,m_21_1,full,5.2964632649923066e-05,3.9608360349627366e-05,2.506199875353834e-05,0.00014767264203041468,9.711241434924264e-06,2.4633128546054443e-05,9.59982787675732e-05,1.5720516775571115e-05,0.9990263359707443,0.00010885095727614375,4.387847178291641e-05,4.517369449609452e-05,1.1944974425505723e-05,1.8035616696653253e-05,0.00022037263077020206,1.176971291564529e-05,3.2843716570740655e-05,5.705304939972915e-06,6.371815007405557e-05,KIDNEY
Kidney.M.21.Kdn_M_021_2,Kidney,21,male,m_21_2,full,0.00010104009445916676,7.762249759380676e-05,4.723594498898596e-05,0.0001619512698523951,1.2506966980293064e-05,3.440866941399086e-05,0.00012242730746226302,1.6229661065873662e-05,0.998641569206975,0.0001728693250975804,4.450653862791023e-05,4.6255250395269274e-05,2.024366270613715e-05,3.0482610772749583e-05,0.0003175969523272586,1.4623937781125622e-05,4.865144720406369e-05,7.71327455429981e-06,8.206538174203225e-05,KIDNEY
Kidney.M.21.Kdn_M_021_3,Kidney,21,male,m_21_3,full,9.909935279801168e-05,7.731235293917956e-05,5.319849220694141e-05,0.00015624106101378682,1.3212720206293346e-05,3.6476276433646055e-05,9.919762573211873e-05,1.8313908847129586e-05,0.9986476308650356,0.00018894372146859714,4.121987325984389e-05,4.483672891356992e-05,2.173252410679474e-05,3.1032177986558906e-05,0.0003099747888022999,1.4542767159311873e-05,5.038480633506994e-05,8.436723400841049e-06,8.821323335442232e-05,KIDNEY
Kidney.M.21.Kdn_M_021_4,Kidney,21,male,m_21_4,full,7.297525854541316e-05,5.2985344434530114e-05,3.760845208023396e-05,0.00016166183722851732,1.2514029110620806e-05,3.510542791578558e-05,0.00012044744959356136,2.015164956013211e-05,0.9987623169854891,0.00014895007907590632,5.2286995911811346e-05,4.967379548095828e-05,1.5741180099695445e-05,3.407031916575752e-05,0.0002667287882364928,1.4134099730744534e-05,6.856431943369899e-05,7.287317150637268e-06,6.679667175673343e-05,KIDNEY
Kidney.M.104.Kdn_M_104_1,Kidney,104,male,m_104_1,full,5.233578206436916e-05,8.926518145018739e-05,3.185165952822211e-05,0.0008239621509099782,2.514783359473556e-05,4.136102015264404e-05,0.00016600813796979595,5.977439499825009e-05,0.9965994839124104,0.000126724645171466,0.00029873998218501974,0.00036162879784574614,1.3755428657150556e-05,1.4075773486545958e-05,0.0004833014600675468,0.00011596996388635155,5.8347111960248414e-05,1.6473777972592146e-05,0.0006217929856888695,KIDNEY
Kidney.M.104.Kdn_M_104_4,Kidney,104,male,m_104_4,full,7.840741455010186e-05,9.607754979004279e-05,3.647497025476668e-05,0.00040835640627576256,2.0276389835040548e-05,3.960177254264365e-05,0.00013212708562314188,4.152137629603419e-05,0.9978169005442875,0.0001455797898260747,0.0001695133592487481,0.00017137586105203765,1.5327229622058144e-05,1.6524351884331975e-05,0.0003654835320113484,6.263775001669373e-05,5.987051915661503e-05,1.6100663318977682e-05,0.0003078434344082349,KIDNEY
Lung.F.2.Lng_F_002_1,Lung,2,female,f_2_1,full,1.1917482822556665e-05,6.466837642331293e-05,2.626851651062301e-05,0.0020601302035026686,6.48307486761839e-05,0.0001141500030195201,0.00037049568887145145,0.0006134274164097547,0.0003742245161977788,7.021608460969564e-05,0.9716820100322648,0.002767202830104585,3.4020481981838856e-05,0.0001004520703960792,0.0002975263984860172,0.0004506992129032975,0.00014280475888863394,0.018658243399311766,0.002096711778619329,LUNG
Lung.F.2.Lng_F_002_2,Lung,2,female,f_2_2,full,1.2321586418668878e-05,2.711898333151805e-05,1.1286366777353779e-05,0.0019444384996479677,4.64079466274512e-05,5.144410921190135e-05,0.0002687633318815538,0.0006034961449674032,0.00018393516198245765,2.0564940756037854e-05,0.9690129426200591,0.0024441209633230213,6.543063515617863e-06,3.50816542870669e-05,0.00017843844424195515,0.00032153289000042305,8.312076450453743e-05,0.022761316974868624,0.001987125553597459,LUNG
Lung.F.2.Lng_F_002_3,Lung,2,female,f_2_3,full,6.5964043370655765e-06,1.7283356262963426e-05,9.267772029284214e-06,0.0014193317313303186,2.573238114209043e-05,3.598470182114972e-05,0.00017037506815163834,0.00033507921936389625,0.00012721627031135854,1.4847085113717396e-05,0.9887476005722613,0.0016934084425306822,7.5160608028970865e-06,2.8350236451568067e-05,0.0001256172199979299,0.0002833578979017065,7.033370510921228e-05,0.005544841990543214,0.0013372598845379008,LUNG
Lung.F.2.Lng_F_002_4,Lung,2,female,f_2_4,full,6.894743227340994e-06,3.216284671255959e-05,1.2563545387153572e-05,0.0018465284563436682,4.2097852305235605e-05,4.520537204573989e-05,0.0002152683947539281,0.00047975037555607477,0.0002066449125558463,5.383995229175692e-05,0.980511362111476,0.00241752068817969,1.1117279660170147e-05,4.598070682085389e-05,0.00021942035047959203,0.00033489250390939185,0.00010670776249243705,0.011642205732261861,0.0017698364135410273,LUNG
Lung.F.6.Lng_F_006_1,Lung,6,female,f_6_1,full,2.4695868588229328e-06,5.980100238295616e-05,1.4471348093320914e-05,0.0015560632350175116,2.7667106089881032e-05,5.7309966183215495e-05,0.00019376318183947328,0.0002944325611579225,0.0002249145382487757,0.00012617901731161194,0.9859435754136393,0.0019458519852039512,1.3327361155836231e-05,5.932165731849023e-05,0.00030313142209731505,0.0004404588919971247,8.217978696723992e-05,0.006969867274533288,0.0016852146639038021,LUNG
Lung.F.6.Lng_F_006_2,Lung,6,female,f_6_2,full,6.555977134561799e-06,6.002471588195991e-05,1.913496429549623e-05,0.001848255359697804,2.902308345443188e-05,5.349409258636361e-05,0.0002331190297926345,0.0002866151492961087,0.000279831580533732,0.000122444721474727,0.9783961972892571,0.0019731900703170396,1.0159426417413683e-05,5.446937205707711e-05,0.0003507578779354436,0.00044768668063693146,0.00010086304505623359,0.01365424295444284,0.0020739346097322707,LUNG
Lung.F.6.Lng_F_006_3,Lung,6,female,f_6_3,full,4.197492194845868e-06,2.1359594396619364e-05,7.056639483331037e-06,0.0012105587532246322,1.6577324116192192e-05,2.6055489679175928e-05,0.00011040840977799499,0.00018285383331706633,0.00010172560938309321,1.1722519067918826e-05,0.9899017208412757,0.0012839989761288494,3.382821466885599e-06,2.126711111389099e-05,0.00014076475452409312,0.0002601202650742165,6.128164828413128e-05,0.005232641395149729,0.001402306522341792,LUNG
Lung.F.6.Lng_F_006_4,Lung,6,female,f_6_4,full,5.324926779255718e-06,3.7574117132474614e-05,1.3147415379181007e-05,0.0016919689026740797,2.5729030427443856e-05,4.4180824850188214e-05,0.0001246150049067666,0.0002566474990689639,0.00012824374680153115,1.6689907835988315e-05,0.984935804177154,0.0015802520715452752,6.062077698192886e-06,5.7450610739394585e-05,0.00019625202914478362,0.000364344860817131,7.79716291091577e-05,0.008721070304901478,0.0017166708630348177,LUNG
Lung.F.21.Lng_F_021_1,Lung,21,female,f_21_1,full,3.6063013046867342e-06,2.4950508599643026e-05,7.015610386798787e-06,0.0008358345078635451,1.0338247254145394e-05,2.4767823994827216e-05,0.00010883208208141197,9.917529964430076e-05,8.978519874615615e-05,1.2291606451539956e-05,0.9946718394275428,0.0004945363182782625,2.283605651256838e-06,2.5786858472236905e-05,9.008025763435408e-05,0.00012968739426271904,3.4359604748235905e-05,0.0024798589477343764,0.0008549703993486143,LUNG
Lung.F.21.Lng_F_021_2,Lung,21,female,f_21_2,full,3.5930193515603442e-06,5.53005612396476e-05,9.072708774866928e-06,0.0015411478318375696,1.5784785024611366e-05,3.501766321928079e-05,0.00020382165264501434,0.0001274917075523354,0.00011475159511819692,1.608066039890185e-05,0.9896507446324153,0.0008397522718700995,8.405908702224427e-06,3.576026757289233e-05,0.00016044890259154344,0.00015980018886287362,5.332602144193243e-05,0.005472610953698528,0.0014970886676825214,LUNG
Lung.F.21.Lng_F_021_3,Lung,21,female,f_21_3,full,2.800065899882127e-06,1.6045066296245267e-05,5.110540047701133e-06,0.0009332287438428273,8.852013165746135e-06,1.707789614503277e-05,9.780287263804866e-05,9.596673510571969e-05,7.694753135605568e-05,8.8709189456272e-06,0.9948146509487464,0.0005230518149644992,2.1050830146095672e-06,1.4243624027414575e-05,8.231658996987713e-05,0.00010335391313984839,2.8685121641649282e-05,0.002294165172123435,0.0008747253489295017,LUNG
Lung.F.21.Lng_F_021_4,Lung,21,female,f_21_4,full,5.9820711574619186e-06,1.8062065516229422e-05,8.75506130123059e-06,0.0009536375976223594,1.1890090648435426e-05,1.9534778772932202e-05,0.00012480073922391057,9.097014469169324e-05,8.367468543789587e-05,1.3008731315161196e-05,0.99502043630204,0.0005303676754668936,2.2748438964703796e-06,2.0900507696894223e-05,0.0001033914356639435,0.000138449005419427,4.6924267128224956e-05,0.0018306140071125397,0.0009763259898882729,LUNG
Lung.F.104.Lng_F_104_1,Lung,104,female,f_104_1,full,2.3296781924801748e-05,0.00011402701270345244,0.00021892607048755558,0.0013944608303389362,5.212783865251781e-05,0.00013915579801866113,0.00018472492104243637,0.00021100151415510385,0.0001454370008584849,5.914409871275703e-05,0.9900304056197192,0.0011467360916625714,2.478607775950754e-06,9.694202672803464e-05,0.0005663402428897271,0.0031816619149802427,0.00014221785220151225,0.00016949790683534895,0.002121417870312326,LUNG
Lung.F.104.Lng_F_104_2,Lung,104,female,f_104_2,full,3.390962366437592e-06,5.476767731539227e-06,5.83426434566502e-06,0.00035269055368764577,5.503137105650891e-06,1.2329039787830516e-05,7.448460451808561e-05,4.5787636167329916e-05,3.901076010363629e-05,8.403589294886208e-06,0.9984900683960888,0.0002350435996498082,4.6349010003060597e-07,6.0682802246329295e-06,5.53694725218291e-05,0.00011024090552127709,1.8992315308397383e-05,0.00017503518119084505,0.0003558070442861169,LUNG
Lung.F.104.Lng_F_104_3,Lung,104,female,f_104_3,full,3.01328143671143e-06,6.10223817433012e-06,5.449347542929866e-06,0.0004267795259690613,5.087224437980744e-06,1.1917206411648739e-05,6.585992814815184e-05,3.844482673098313e-05,4.1306447561500496e-05,6.191362083540765e-06,0.9981824377925209,0.00028619843779620265,4.7598540806310515e-07,4.804354776112864e-06,5.70371588316568e-05,0.00010539700042443435,1.724563189622588e-05,0.0002545026415473704,0.000481749608302085,LUNG
Lung.F.104.Lng_F_104_4,Lung,104,female,f_104_4,full,5.166928631406806e-06,8.585520812766527e-06,9.82892362415231e-06,0.0004545454598954791,6.2608198030453436e-06,1.705572580971226e-05,9.647859101900688e-05,4.349797935591862e-05,5.948708931649272e-05,1.2486045562651137e-05,0.998006101718094,0.00028221449922919507,1.3780082555665894e-06,9.932800032202811e-06,7.54472847744556e-05,0.00010070589567589972,2.812868927866578e-05,0.000342499967162769,0.0004401980536663816,LUNG
Lung.M.2.Lng_M_002_1,Lung,2,male,m_2_1,full,2.0230622574818807e-05,5.955413312871028e-05,2.229156084681903e-05,0.0037395760370300558,0.00010467948778659145,0.0001136260682978914,0.00042524850892230537,0.0014577802973086726,0.0003335615004907234,3.711270643243282e-05,0.9284886353743789,0.0061071418288130685,2.2570325038031835e-05,0.0001066077796878558,0.00036211801189805484,0.0006321907536660948,0.0001800040744655818,0.05459789253516702,0.0031891783940661837,LUNG
Lung.M.2.Lng_M_002_2,Lung,2,male,m_2_2,full,2.8898848187487568e-05,3.3163442667459174e-05,3.041906422691904e-05,0.003298742569423198,0.00010271875188599094,0.00012045505683799847,0.00035605608354476317,0.001157266010987313,0.00029662453019567783,3.710189434826017e-05,0.9429123868839887,0.005203299984679879,1.925752831742989e-05,9.522735945510526e-05,0.00030119643442149795,0.0006348042156483571,0.00018004718109719515,0.042979924048004686,0.002212410112082132,LUNG
Lung.M.2.Lng_M_002_3,Lung,2,male,m_2_3,full,2.8509963598061797e-05,6.237343249307488e-05,3.174109152435932e-05,0.003856535568664175,0.00012362571575855625,0.00013762275521615177,0.0004372710842916503,0.0014542833291729743,0.00048490105244631583,6.342273458837269e-05,0.9298136534932563,0.006348264398278628,2.9042526304422997e-05,0.00013976608287069348,0.0004570587214147828,0.0007459403346806168,0.0002170389438290194,0.05243511752677301,0.00313383124483893,LUNG
Lung.M.2.Lng_M_002_4,Lung,2,male,m_2_4,full,3.865136181245446e-05,4.384047540429212e-05,3.4339114729986536e-05,0.0038790985972839177,0.00011022102932948033,0.00011615446396015675,0.00037864047213427516,0.0011054096068347267,0.00034100201666403693,4.619389284720442e-05,0.9455387655445361,0.005322899031992625,2.2512390426765544e-05,0.0001133040866575394,0.0004058525556900609,0.0006486680919260994,0.0002018710867603349,0.03887330326153218,0.0027792729194777376,LUNG
Lung.M.6.Lng_M_006_1,Lung,6,male,m_6_1,full,5.564163017799228e-06,2.2274922408029976e-05,7.45985658948854e-06,0.0008427509376487408,1.2957873385055168e-05,2.0844583736924025e-05,8.708842230085371e-05,9.689340869538516e-05,9.660857105592192e-05,1.1891882832330852e-05,0.9946142812057612,0.0006016369937073819,2.4645527601017785e-06,1.8871401686386403e-05,0.00010401258097113366,0.00018691100527538207,3.819234576082765e-05,0.0022064268674280994,0.001022868424979126,LUNG
Lung.M.6.Lng_M_006_2,Lung,6,male,m_6_2,full,6.097669570412491e-06,3.755329356479186e-05,8.663932714047852e-06,0.0012361705327206566,1.774608783773429e-05,3.11186520031394e-05,0.00014334135497926387,0.0001578616118541695,0.00010029042968471151,1.3307110361276188e-05,0.988389602675919,0.0010955475433504,2.399789618548209e-06,3.0348601998816093e-05,0.00015191803794307773,0.0002712435703551377,5.302384787837896e-05,0.006942857877968177,0.0013109073796781759,LUNG
Lung.M.6.Lng_M_006_3,Lung,6,male,m_6_3,full,4.19272817016536e-06,2.472311111191587e-05,8.039123742770734e-06,0.0011438672875251112,1.549576577485133e-05,3.120143063669552e-05,0.00011304098484204123,0.00015185423045029693,9.224177313298135e-05,1.1594005863231229e-05,0.9907231724996288,0.0009316066079878895,2.838915053519459e-06,2.2804434878864064e-05,0.00013291776954595135,0.00023174476151050077,4.357647075045454e-05,0.005076473585071336,0.0012386145143226295,LUNG
Lung.M.6.Lng_M_006_4,Lung,6,male,m_6_4,full,3.529696950827985e-06,5.6841676556094886e-05,1.1740268069156887e-05,0.0013102091920453262,2.104002603345357e-05,3.078401739755816e-05,0.00017067699529094648,0.0001843223911340968,0.00018814067231372054,8.499744130710906e-05,0.9880672682304348,0.0012794904779270023,6.1761753170895386e-06,3.539059612608818e-05,0.0002449373419744819,0.0003042167076116484,6.418716743840219e-05,0.0062410261544897415,0.0016950247715825431,LUNG
Lung.M.21.Lng_M_021_1,Lung,21,male,m_21_1,full,6.679892528000545e-06,8.066964755824434e-05,1.2734907182360264e-05,0.0013474987923527307,2.0408710208875906e-05,3.460229131969719e-05,0.00014578829053666693,0.0001079439197922142,0.00010795310744258834,1.6608617191137693e-05,0.9899549124183606,0.0006645030724563867,4.4422703321415555e-06,2.3872869008352058e-05,0.00015302449130523077,0.00023211171141744296,4.844312267691692e-05,0.004994013637660747,0.0020437882306698005,LUNG
Lung.M.21.Lng_M_021_2,Lung,21,male,m_21_2,full,5.560681119415522e-06,5.913510792139775e-05,1.5720370574426524e-05,0.0012924434174824415,2.2189371238277973e-05,4.632256584206216e-05,0.00018166544183683526,0.00011733087547718595,0.00014441966300853567,2.2940205984228095e-05,0.9912246439681888,0.0007206965009328234,3.3130561539828887e-06,3.706750454443493e-05,0.000199942358479203,0.00026294125889339407,5.954981615142837e-05,0.003973984561884487,0.001610133274286899,LUNG
Lung.M.21.Lng_M_021_3,Lung,21,male,m_21_3,full,2.0599376671690797e-05,0.00252576979495545,0.00023632579195346956,0.003939569371350311,0.00016305293808788036,0.00031064264098662535,0.0009583424193385619,0.0009270997148090802,0.0033816548179063915,0.055825779453436974,0.9046357582314821,0.0037302755021564574,0.0003481912871706665,0.0015809570174874978,0.0033280369585142744,0.001423126906603479,0.0006440626189804712,0.008434255083933431,0.007586500074175117,LUNG
Lung.M.21.Lng_M_021_4,Lung,21,male,m_21_4,full,3.718520734922819e-06,4.125545919724201e-05,8.697378654560706e-06,0.0013663393455649211,2.295995191283983e-05,1.8430618427355527e-05,8.810055688741089e-05,0.00011312668643173983,8.564299747014635e-05,1.58671088846995e-05,0.992532600868316,0.0006328827288098545,4.377737914204028e-06,1.221836690042766e-05,0.0001148806986536224,0.00022935790279838316,4.479245583848282e-05,0.003086200757242772,0.0015785498593606005,LUNG
Lung.M.104.Lng_M_104_1,Lung,104,male,m_104_1,full,1.0231153173803937e-05,0.00033376830698371977,2.1838616866709192e-05,0.0013281928043922153,2.4583400181020566e-05,5.818052299680251e-05,0.0001881315542450903,0.00015632251081295676,0.00013468660586686665,2.542435489590544e-05,0.9848402992908307,0.0007389340415793497,3.5749633905832877e-06,3.384987919333917e-05,0.0002301285773071729,0.000403978355795457,6.589740323396154e-05,0.008399395717081252,0.003002581941172956,LUNG
Lung.M.104.Lng_M_104_2,Lung,104,male,m_104_2,full,4.282717574808416e-06,8.25253117241597e-05,1.8203442305911672e-05,0.0010934732083876702,2.0458959833045333e-05,3.0937212915822314e-05,0.00010296428434814915,0.0001042888083819348,9.255737772717757e-05,1.8385241575648077e-05,0.9942683835894516,0.0007141977618184853,2.1816556730277863e-06,2.1225489617751014e-05,0.0002018309041464778,0.0004299425045883779,5.916309676280125e-05,0.0008462055035447141,0.0018887929296224728,LUNG
Lung.M.104.Lng_M_104_3,Lung,104,male,m_104_3,full,2.3519239394579746e-06,8.014545807886202e-05,1.1667945742422054e-05,0.0013215229953506126,1.8215622291441874e-05,3.314897113710587e-05,0.00012248223072651416,0.00010326382529938636,0.00012315287288832484,1.5530571968539824e-05,0.9924204843879547,0.0007722084541960495,5.2184380446220155e-06,3.064955999353176e-05,0.00016064698938294105,0.0002519780703042252,4.387816088934559e-05,0.0023297612268067753,0.0021536922950050985,LUNG
Lung.M.104.Lng_M_104_4,Lung,104,male,m_104_4,full,2.029566030564124e-06,1.0150839253413084e-05,8.2124125927361e-06,0.00036472802002739476,5.2563966523493125e-06,1.5026572320238315e-05,5.044765895853126e-05,2.908455664919533e-05,3.7113328176980886e-05,7.508469562596553e-06,0.9981975226020037,0.0002943444446295624,3.022899377536629e-07,7.781578135822206e-06,7.716996847963947e-05,0.0002768632602472083,2.1706082127985007e-05,7.971985657828511e-05,0.0005150320976360311,LUNG
Liver.F.2.Lvr_F_002_1,Liver,2,female,f_2_1,full,0.0006563712782034506,0.00046937298782584046,0.0007366098424700975,3.850924347228725e-05,2.5447319519688992e-05,0.000113486423496331,3.052183882969967e-05,3.2192418327202156e-05,0.0005629482986770708,0.9953866164698916,3.361799868232878e-05,2.7185446389367708e-05,0.00013719692873196006,0.0004658670543169583,0.000926053963983408,8.168542452554311e-05,0.00015765479242029146,2.324213916890563e-05,9.542013106807368e-05,LIVER
Liver.F.2.Lvr_F_002_2,Liver,2,female,f_2_2,full,0.0006758501607774678,0.0004049041236005169,0.0006569956753948587,3.189991881049945e-05,2.0596700262848566e-05,0.00011645492802584499,3.533581424117634e-05,2.6323200904720867e-05,0.0005386469230638574,0.9957359567482961,2.963500674590904e-05,2.6662300297990335e-05,0.00013460101303743694,0.00039598760232628796,0.0008523222950779046,6.784298276645493e-05,0.00014659124528808062,2.3761426715954406e-05,7.963193436611207e-05,LIVER
Liver.F.2.Lvr_F_002_3,Liver,2,female,f_2_3,full,0.00047662716097479125,0.0007285035280208205,0.000578831422390963,3.393801868413457e-05,2.5550849103789427e-05,0.00010541618116590169,2.428022055111201e-05,3.063075816968364e-05,0.0005090065380614387,0.9956970404148773,3.102960669871816e-05,2.8797409097674064e-05,0.00013121655122440648,0.0004388418297691959,0.0008209539844334314,8.003875031896781e-05,0.00013458683929172132,2.357066335653391e-05,0.00010113927380938685,LIVER
Liver.F.2.Lvr_F_002_4,Liver,2,female,f_2_4,full,0.0007732781282842928,0.0005225016237083703,0.0007556583679649077,3.0154157708446664e-05,1.8341175606006515e-05,0.00010998094988043992,2.9629058545802345e-05,2.198112661612692e-05,0.0004914658428523087,0.9954096252153924,2.500753752794368e-05,2.040547233430601e-05,0.00011114168181715558,0.0006099693335872607,0.0007749843512010427,5.943741743409409e-05,0.00014567423929478601,1.5122981922633769e-05,7.564133832156474e-05,LIVER
Liver.F.6.Lvr_F_006_1,Liver,6,female,f_6_1,full,0.0003011153682325266,0.0003614106857316589,0.0005042780733318795,1.2194077295457838e-05,9.295506101866152e-06,3.337509002073719e-05,1.0548163197860006e-05,8.097634913318022e-06,0.00020940205418540852,0.997700691331221,7.649559799180912e-06,6.8184659913597374e-06,8.789851754902479e-05,0.0001464267198581529,0.00044718092451916325,1.8307177841506495e-05,0.00010414581770046347,5.438153921770768e-06,2.57266785876415e-05,LIVER
Liver.F.6.Lvr_F_006_2,Liver,6,female,f_6_2,full,0.00033728403323449727,0.0003402076819133724,0.0004475539408647469,8.939597786556863e-06,5.583145943691328e-06,3.349264808062459e-05,1.1600398583939971e-05,5.514565353685948e-06,0.0001891856657439403,0.9978504775733846,5.698285768369727e-06,6.110547086588907e-06,6.154113874791894e-05,0.00014489579501925337,0.00044793414832913325,1.6418788867424232e-05,6.442571918653785e-05,3.6375519463387163e-06,1.949877415877565e-05,LIVER
Liver.F.6.Lvr_F_006_3,Liver,6,female,f_6_3,full,0.00030926600408732124,0.0003344082973674064,0.00035543453067335634,1.0517922844096751e-05,6.2323755318262486e-06,3.386578576274993e-05,1.3529476972261318e-05,7.092268656051317e-06,0.00021037852858130448,0.9979517471972545,8.710972124342094e-06,7.308927216519286e-06,3.526976251654106e-05,0.00015951088598957036,0.0004457884925066913,1.949505506878137e-05,6.207540583124065e-05,4.36920153499278e-06,2.4998909480639424e-05,LIVER
Liver.F.6.Lvr_F_006_4,Liver,6,female,f_6_4,full,0.0002803692438163537,0.0004763282329924033,0.00044073750970474187,1.4313507563754025e-05,8.002152791336392e-06,3.636073375888787e-05,1.4150348730694102e-05,9.064491976894243e-06,0.00024585024432655247,0.9973670265167611,8.310817752379894e-06,9.799774613264142e-06,5.430577058558388e-05,0.00025427805066796666,0.0006405166826653843,2.3477081609413528e-05,8.20306144527857e-05,6.184964730864881e-06,2.88932604998135e-05,LIVER
Liver.F.21.Lvr_F_021_1,Liver,21,female,f_21_1,full,0.00025866446221855366,0.00036731440560021367,0.00035288020534831335,1.1543539450489898e-05,6.440708992435864e-06,2.7162538764554717e-05,1.229855460594432e-05,6.327673300625362e-06,0.00015593936430987213,0.998163959931975,6.607379536404411e-06,4.440157098465253e-06,7.80933359511649e-05,8.680565107138003e-05,0.0003612719027272368,1.2807238725129433e-05,6.324974521621909e-05,2.8140244920983075e-06,2.137918061587258e-05,LIVER
Liver.F.21.Lvr_F_021_2,Liver,21,female,f_21_2,full,0.0002691428918544659,0.00027257031209309624,0.00033334677302564777,7.689140936772026e-06,6.575116896050453e-06,3.0102024932997453e-05,1.2554086195965645e-05,5.360495816703944e-06,0.00016010523756999228,0.9983597067984915,5.060732560949356e-06,3.4731065330113254e-06,6.284659057572626e-05,9.852558036362147e-05,0.00030011284925943573,1.014632900386483e-05,4.615240762310988e-05,3.5992139346206483e-06,1.293031233250254e-05,LIVER
Liver.F.21.Lvr_F_021_3,Liver,21,female,f_21_3,full,0.0002451680774539522,0.0002273613171129782,0.0002403243442756415,9.079531193426914e-06,6.130778865790935e-06,2.608156257255047e-05,9.165685396074825e-06,5.541355063733343e-06,0.00015097297814967183,0.9985771694269804,6.102052891817905e-06,4.110221419776695e-06,5.4245822303116265e-05,7.992918901118187e-05,0.00028775491144818774,1.1645064744173159e-05,4.0644370843794074e-05,2.6783446616741683e-06,1.589496561207261e-05,LIVER
Liver.F.21.Lvr_F_021_4,Liver,21,female,f_21_4,full,0.00027371486785263425,0.00030232566679424687,0.00035034065870255657,1.0128811057106633e-05,5.668232412372188e-06,3.0041132459317412e-05,1.081940169412195e-05,5.638940146985731e-06,0.00016199272733912452,0.9982713838219974,6.636609679263445e-06,5.003410784695043e-06,7.153477522907863e-05,8.362278195009844e-05,0.00032539570981555597,1.3149131679126794e-05,4.9029080250454754e-05,2.9926755982605668e-06,2.058156455755259e-05,LIVER
Liver.F.104.Lvr_F_104_1,Liver,104,female,f_104_1,full,0.00033722676612368916,0.000805612641569838,0.0014906214227632434,5.699102981701826e-05,2.613594104809543e-05,0.00010262002083840502,4.522589782698247e-05,2.1237180311067343e-05,0.0003936573932342209,0.9938556331157866,7.609049158668486e-05,4.703542839212122e-05,7.400445281531963e-05,0.0001402457972395564,0.001818658751418471,0.00036630876366211475,0.00015691637091410499,6.713172538533254e-06,0.000179065362113668,LIVER
Liver.F.104.Lvr_F_104_2,Liver,104,female,f_104_2,full,0.00026767324510872917,0.0001562398568201274,0.0003296318766249614,4.8662115373295745e-06,3.853621674108639e-06,1.8627378591827775e-05,6.764288050266742e-06,3.4684812432749293e-06,0.00010854419542806403,0.9987355872513449,3.2093083465521087e-06,2.0018251671860224e-06,6.022821801608734e-05,4.8451746610524924e-05,0.00019914090209766035,6.407280400360831e-06,3.439562747348287e-05,1.449038079629453e-06,9.459647384751191e-06,LIVER
Liver.F.104.Lvr_F_104_3,Liver,104,female,f_104_3,full,0.0002283801334340519,0.000774129559177532,0.000555702780243222,2.9927397187398727e-05,3.2476779215896396e-05,6.850071843130511e-05,7.851321412879499e-05,4.032053062379408e-05,0.0004985826593813206,0.9959706301385495,3.5815154783156874e-05,2.506300453708223e-05,0.0002268750690830699,0.00010526150760427806,0.0007137835840650975,3.9055685030140704e-05,0.000514230745202529,1.4297278609312945e-05,4.845406071245774e-05,LIVER
Liver.F.104.Lvr_F_104_4,Liver,104,female,f_104_4,full,0.00029335387866263267,0.00040604409754095615,0.0005181016040048108,2.027686084683974e-05,1.812588199672893e-05,5.1918186897964004e-05,2.117545026914367e-05,2.013889524303216e-05,0.0004088782238796728,0.9972212542347175,1.904534907793256e-05,1.2915747892145034e-05,0.00027194048600103025,6.407989029179324e-05,0.0004824997096573682,2.931327846796947e-05,9.028660756232668e-05,1.245652396404587e-05,3.819509302628966e-05,LIVER
Liver.M.2.Lvr_M_002_1,Liver,2,male,m_2_1,full,0.0007338051183898895,0.0005947138584563446,0.0008851117916162934,7.94249773905836e-05,5.2681028652487005e-05,0.0001686700527437816,4.597614163467174e-05,5.777438240398803e-05,0.0008705700829829539,0.9929867621583764,6.370879360212921e-05,7.360086714825252e-05,0.0002447824542703516,0.0007222065511304663,0.00172211392564894,0.0001554807311301883,0.00026946747049495166,6.817088555390109e-05,0.00020497872837337285,LIVER
Liver.M.2.Lvr_M_002_2,Liver,2,male,m_2_2,full,0.0007920120081031058,0.0009257164771041712,0.000981962309021975,0.00011121479199311192,0.0001001693456970251,0.0002370156734514114,0.00012970551491216272,0.00011219360821592835,0.0014665466221147649,0.9907430143659971,0.00010086566583309576,0.00012511331896472144,0.0004371082286463259,0.0006491500904721336,0.0021551184429541384,0.00020818129978504828,0.00037161431775678067,0.00010853306442438775,0.00024476485455253536,LIVER
Liver.M.2.Lvr_M_002_3,Liver,2,male,m_2_3,full,0.0010349258432399595,0.0003806306358019986,0.000769149971717191,7.513373436550069e-05,4.459191868709391e-05,0.00013889521861666605,4.6455023658868486e-05,4.7686845260522834e-05,0.0007816399001116144,0.9938732515781148,5.16463258392766e-05,5.542911574367841e-05,0.00010235346234617617,0.0007375623995583188,0.0013055099442296403,0.00012598444489337078,0.0002401373784172861,4.6236630707826124e-05,0.000142779628690178,LIVER
Liver.M.2.Lvr_M_002_4,Liver,2,male,m_2_4,full,0.000943201579330957,0.00045617738156533374,0.0010039506027148318,7.040368649012848e-05,4.4698066306509225e-05,0.0001673598679668057,5.164029501089895e-05,4.704079379348348e-05,0.0007495975345081826,0.9932684427777453,5.0547077932060405e-05,5.5291054590955e-05,0.00022606531752632694,0.0008453773615058709,0.0014280003231190378,0.0001194419226366045,0.0002722920609101807,5.253401740126093e-05,0.00014793827894519183,LIVER
Liver.M.6.Lvr_M_006_1,Liver,6,male,m_6_1,full,0.0002403003263548719,0.000428725782561316,0.0003494815975197375,8.163426719439634e-06,7.36794666825355e-06,3.320859094238812e-05,1.410702012269725e-05,6.040107882623577e-06,0.00021967529758362556,0.9981194578215762,7.49812364894441e-06,4.466012617806655e-06,7.82688504381564e-05,0.00011650656115498997,0.0002696445063322295,1.3567371273536347e-05,5.891667013382676e-05,4.762352016377625e-06,1.9841634452978305e-05,LIVER
Liver.M.6.Lvr_M_006_2,Liver,6,male,m_6_2,full,0.0002882074743990724,0.0002544132026960748,0.00042509871700297864,7.219547762010046e-06,6.131066204893742e-06,2.4228534207125603e-05,1.0134258087669357e-05,4.76892882812963e-06,0.00016511013810398706,0.9981893075541122,5.357432172684608e-06,4.4416642426944025e-06,5.919138978408683e-05,0.00012511814774053662,0.00033241651201819296,1.211042865717865e-05,6.678602713389612e-05,4.2419801989792156e-06,1.5716996647573284e-05,LIVER
Liver.M.6.Lvr_M_006_3,Liver,6,male,m_6_3,full,0.00019744256733209082,0.0003991885857333117,0.00027180542763246505,1.1011326906710766e-05,6.125372932040144e-06,2.4121179352598116e-05,1.45959944757857e-05,6.603508407285743e-06,0.00020945213520487946,0.9982162013689566,7.622291513880672e-06,6.621043900639154e-06,5.264718820441154e-05,0.00010837908237234251,0.00035310687101904867,1.4325948814858964e-05,7.17522598609123e-05,6.228061268194377e-06,2.2769786111978144e-05,LIVER
Liver.M.6.Lvr_M_006_4,Liver,6,male,m_6_4,full,0.00019234143567428152,0.0004663377616958238,0.0003677531937424479,9.185519021308543e-06,5.18939847688048e-06,2.6986328068934166e-05,1.359041434565038e-05,5.365553371756635e-06,0.00017146822633487178,0.9980450530638296,5.804193459748253e-06,5.04397171921126e-06,6.463977723527632e-05,0.00016813303953560789,0.00035472828531623565,1.2342633949775023e-05,6.116635255786448e-05,4.7375840754638786e-06,2.013326758947679e-05,LIVER
Liver.M.21.Lvr_M_021_1,Liver,21,male,m_21_1,full,0.00016962086381041672,0.00019036070109115853,0.00043049326316932655,5.746657581243276e-06,1.0622625487426957e-05,1.6436909284490394e-05,1.901853366353829e-05,6.756382725138182e-06,0.00012198484339849896,0.9985911303679326,4.090583779964008e-06,2.1543815925905334e-06,8.490415130347402e-05,7.581473479157659e-05,0.0001782829356080306,7.5941183997332106e-06,7.234154102406634e-05,3.294304716524134e-06,9.35210064042244e-06,LIVER
Liver.M.21.Lvr_M_021_2,Liver,21,male,m_21_2,full,0.0001397831637992957,0.0002342135194732987,0.0002989128714564875,4.6440742598149686e-06,3.1933301838847737e-06,1.4566500979898195e-05,7.72232413972125e-06,2.693621958821025e-06,9.299781414527645e-05,0.998873822378862,2.9838910206762054e-06,1.5400930333577873e-06,4.793523284352248e-05,7.526257658880715e-05,0.00015065034371886747,5.98210073769622e-06,3.2802160609378995e-05,1.5183546566845036e-06,8.77564753257391e-06,LIVER
Liver.M.21.Lvr_M_021_3,Liver,21,male,m_21_3,full,0.00017150408956594852,0.00020291074117057857,0.0006471718888358393,1.3272440499589302e-05,5.914736992774772e-06,2.045361430953033e-05,1.4876482365095694e-05,4.645609497179782e-06,0.0001422297720061012,0.9781415582417955,4.7799622694896174e-06,2.04942311605093e-06,5.0202280697643106e-05,0.0002324539110445515,0.020257507391279444,7.531016396947182e-06,6.933286772961212e-05,2.0886358545971638e-06,9.516894573907211e-06,LIVER
Liver.M.21.Lvr_M_021_4,Liver,21,male,m_21_4,full,0.0001410884657700881,0.00020260308122126044,0.0003041167630802827,4.527948436777828e-06,3.063932182155525e-06,1.5252461013040752e-05,7.307345935818351e-06,3.0353457818374563e-06,9.656392434139323e-05,0.9988884557657549,3.113769585937492e-06,1.6135780426260125e-06,5.4020614067499135e-05,6.728793630460498e-05,0.0001489946182069877,5.613630462183541e-06,4.282480235981944e-05,1.6834177732106171e-06,8.832599679668339e-06,LIVER
Liver.M.104.Lvr_M_104_1,Liver,104,male,m_104_1,full,0.0002125373461301804,0.0002449656823199287,0.00034556205404112915,9.90930999027166e-06,5.088105243608422e-06,2.3596810585274703e-05,1.0068349820405054e-05,4.913806199707982e-06,0.00014353919011524016,0.998506909606445,7.197512789242111e-06,3.7841159505581434e-06,5.412250270744676e-05,5.0029559786254126e-05,0.00029092208342741514,1.3816991502473916e-05,5.060509295218023e-05,1.915118425947661e-06,2.0516761568040203e-05,LIVER
Liver.M.104.Lvr_M_104_2,Liver,104,male,m_104_2,full,0.0002666735571559139,0.00038663820078778545,0.0007205517698595839,3.211076968856443e-05,1.6831159181728585e-05,4.9852292470826945e-05,1.7667775794534105e-05,1.2412894860286968e-05,0.0002875306206474629,0.9970096326720348,2.979282009867461e-05,1.5944667861258777e-05,7.423806191261558e-05,8.547820236517824e-05,0.0007473233105122707,7.014344546240687e-05,8.932545254807073e-05,5.605816402402223e-06,8.224651035554167e-05,LIVER
Liver.M.104.Lvr_M_104_3,Liver,104,male,m_104_3,full,0.00020303647441504541,0.0002902689570264594,0.00037534023644917463,7.30943814239477e-06,3.6499340635455176e-06,2.124378800846846e-05,1.0681028914855062e-05,3.5398321376837843e-06,0.00013398978098574935,0.9984985986030435,5.137176674424577e-06,3.0963755043052052e-06,5.2246629247144856e-05,4.783594926846979e-05,0.00027396756420288094,1.1185117105187949e-05,3.9289900904915714e-05,1.7006383368414245e-06,1.7882575568863623e-05,LIVER
Liver.M.104.Lvr_M_104_4,Liver,104,male,m_104_4,full,0.00018837326613649883,0.0004330982887042928,0.0003051259726806998,1.8683086018883633e-05,6.502727110958663e-06,3.30832526318358e-05,1.8977783527960664e-05,6.881880740765204e-06,0.0002262818857348784,0.9980526801308848,1.6867902733178838e-05,9.702201939191697e-06,5.1645960375836464e-05,4.990648437615834e-05,0.0004469454322136285,3.534582362852906e-05,5.067776496002069e-05,3.5388965863514e-06,4.568125901551389e-05,LIVER
Muscle.F.2.Msc_F_002_1,Muscle,2,female,f_2_1,full,1.7139242540345677e-05,0.005245074922463412,0.00042602129665866894,0.0002260915818877113,0.00029774443712489066,0.0013357788801376508,0.0001051722524742107,0.00021431806513009705,8.280484880139466e-05,0.00022866853729659398,5.463707748594299e-05,0.0001199654145219698,0.6123688118696891,0.37543826731528146,0.00011687413154096975,5.184823630045543e-05,0.000349544139190753,0.0028737215551190606,0.00044751619635543453,SKM-GN
Muscle.F.2.Msc_F_002_2,Muscle,2,female,f_2_2,full,1.6071636056389974e-05,0.0062562344171721886,0.000278900036328586,0.00024326082885928245,0.0004679787598004175,0.0015926519300907237,9.709591502481313e-05,0.00039182314547842414,9.129846367502588e-05,0.00020312790884759822,6.776125512313605e-05,0.0002036199149132323,0.6718657779887971,0.31307062045153433,0.00012148328213860792,6.842725144307159e-05,0.0003598104098607675,0.004248823510366818,0.000355232894489339,SKM-GN
Muscle.F.2.Msc_F_002_3,Muscle,2,female,f_2_3,full,1.5335934613730854e-05,0.006374944096246862,0.0002281153870156581,0.00019444181932200667,0.00043416562791687645,0.0015259587198532595,9.045156005699307e-05,0.0003772504170429063,7.794514514532806e-05,0.00015620172724277684,6.687899755008218e-05,0.00016994950208353994,0.7111700136520611,0.2746218798831769,9.539700758801918e-05,5.817825847159294e-05,0.00041818112933949815,0.003624033575085579,0.0003006775601874053,SKM-GN
Muscle.F.2.Msc_F_002_4,Muscle,2,female,f_2_4,full,1.9165724122789312e-05,0.005964279232687267,0.0002749480879499053,0.00021955067710041049,0.0003814952294253499,0.0012690893471896732,0.00011495423954850654,0.0002939561540230652,8.031433688781917e-05,0.0001684915386965657,5.602922008260398e-05,0.00015178839274040875,0.6912515666457573,0.2952997483708149,9.31165592456819e-05,5.589434703349405e-05,0.000329094121636928,0.0036278554147936297,0.0003486623602638477,SKM-GN
Muscle.F.6.Msc_F_006_1,Muscle,6,female,f_6_1,full,4.213337424253386e-06,0.0027725389001177054,0.00014536143270092692,5.158056646135156e-05,8.70108255779595e-05,0.0005328390970847611,3.5604892386243866e-05,4.6166178419753274e-05,1.9988753051986026e-05,6.513200959153144e-05,2.0557865155549848e-05,2.9596164877179766e-05,0.8934854284293283,0.10183841342017041,2.5844272015754375e-05,1.727995483777186e-05,0.00015966683829217972,0.0005723070601067488,9.047000239973394e-05,SKM-GN
Muscle.F.6.Msc_F_006_2,Muscle,6,female,f_6_2,full,3.1605041337337217e-06,0.001255454557192744,0.00013907472989546613,1.8408241607616486e-05,5.1329149824259555e-05,0.0004336626838267109,1.6738027493484145e-05,1.4880305374081248e-05,1.0148879461866564e-05,2.944960764512303e-05,4.618019089119768e-06,7.861333047417078e-06,0.9242492364636975,0.07337568885436781,1.1645401384223921e-05,6.169521295263949e-06,5.805049026632668e-05,0.00028707968970874463,2.7343540688168855e-05,SKM-GN
Muscle.F.6.Msc_F_006_3,Muscle,6,female,f_6_3,full,3.812837856508936e-06,0.0011233164457886493,0.00014304452023543055,2.7261707331793752e-05,6.468814397752377e-05,0.0004597664649546197,1.733847096110759e-05,2.8641798859154655e-05,1.1929588563360555e-05,3.4153087489751985e-05,9.303334448716525e-06,1.2751338525134305e-05,0.9234113915940185,0.07419616359572459,1.6977488151152635e-05,9.371959101050863e-06,7.242873922989597e-05,0.00031606981780858017,4.158906697437731e-05,SKM-GN
Muscle.F.6.Msc_F_006_4,Muscle,6,female,f_6_4,full,2.755444121663874e-06,0.0012264664117674396,0.00010428159230732191,4.0586998591926374e-05,0.00016430765723182965,0.0004126457314783214,2.923477739363324e-05,5.136479973377282e-05,1.4429996704488012e-05,2.8177770070828832e-05,1.0532651554657568e-05,1.9197595051029944e-05,0.9488342282813388,0.04830257763998708,1.727787992456275e-05,1.106565758494347e-05,8.444411011647013e-05,0.0005932998706788505,5.312513436230862e-05,SKM-GN
Muscle.F.21.Msc_F_021_1,Muscle,21,female,f_21_1,full,1.7843839400214987e-06,0.0008889016648343487,0.00010188501710619392,1.4049895400849191e-05,6.312026572217962e-05,0.0003701287012930222,8.102293333369924e-06,1.4802594549754435e-05,8.330406599012214e-06,2.5249543866674222e-05,5.265532484201575e-06,4.402459112051103e-06,0.7951782625004269,0.20313766824813237,9.347580432335932e-06,3.6712518605055188e-06,4.72156535701129e-05,0.00010374440379063438,1.4067603545312268e-05,SKM-GN
Muscle.F.21.Msc_F_021_2,Muscle,21,female,f_21_2,full,7.978813373864692e-07,0.0004339556774995045,3.705443220111726e-05,6.472390355800336e-06,2.342644193586211e-05,0.000134175214527626,4.786825552105984e-06,6.679747266898682e-06,3.526931163288771e-06,1.0287309264717432e-05,2.193343256755271e-06,2.227790198252157e-06,0.9739233606435735,0.025322372318806484,3.840438008061676e-06,1.5818841527965747e-06,1.977060172023866e-05,5.540870580006274e-05,8.081423379216935e-06,SKM-GN
Muscle.F.21.Msc_F_021_3,Muscle,21,female,f_21_3,full,5.920812287161179e-07,0.0003085988054666619,2.9289082629104355e-05,3.5624550105996102e-06,1.8487301662640096e-05,0.00010267464647335193,2.1247318232310364e-06,3.8691467603154835e-06,2.215965537179334e-06,7.0255523943029845e-06,9.819288149680468e-07,1.1475281237877225e-06,0.9832443650194,0.01622594194194971,2.643994659914868e-06,9.485053853566592e-07,1.3359709417427262e-05,2.785917550482763e-05,4.312427757615022e-06,SKM-GN
Muscle.F.21.Msc_F_021_4,Muscle,21,female,f_21_4,full,1.187501780319481e-06,0.0006412467557422594,6.882245231098631e-05,8.380696892275803e-06,3.4027354946672936e-05,0.00016439454885343573,6.533388870925184e-06,7.785967486182922e-06,4.8346645117070796e-06,1.715508581097628e-05,2.312614888029769e-06,2.62176649152161e-06,0.9353796624920923,0.06355767229873585,5.62910047277937e-06,2.123332028175099e-06,2.9331093986425773e-05,5.5198130398589275e-05,1.1080753700486288e-05,SKM-GN
Muscle.F.104.Msc_F_104_1,Muscle,104,female,f_104_1,full,1.261134572835538e-06,0.0005309101115360356,0.0001225163873579488,7.4624658861955505e-06,7.05386561514257e-05,0.00029794637351294946,8.153101641631756e-06,1.1176739851729495e-05,4.940831603300006e-06,1.8324144532611573e-05,2.3329862309234033e-06,2.137108810747633e-06,0.9352694465779611,0.06356290406350756,7.104852538121304e-06,2.5196885061049256e-06,4.194485295881271e-05,2.4508265252032453e-05,1.3871657588203703e-05,SKM-GN
Muscle.F.104.Msc_F_104_2,Muscle,104,female,f_104_2,full,2.8523320401280523e-06,0.0009833568786814042,0.00016718683997992136,1.588814897336826e-05,0.00013896575109922818,0.0003801458308333589,1.2781747551800822e-05,2.3405814580109017e-05,1.0177941474946649e-05,3.111087381437469e-05,4.114195995004153e-06,4.81368191860642e-06,0.7317911162409018,0.2662522304149925,1.1989765015462521e-05,4.508150826511649e-06,6.48502001952449e-05,8.203340630346362e-05,1.847178482279279e-05,SKM-GN
Muscle.F.104.Msc_F_104_3,Muscle,104,female,f_104_3,full,2.407856526003101e-06,0.0006238084169991146,0.0001947713717664339,1.1219383918138546e-05,6.287317030447769e-05,0.0004572639030702245,9.97199623895157e-06,1.2037416140971434e-05,8.77336483294175e-06,4.842386423146484e-05,2.7100727258266395e-06,3.016229862994089e-06,0.8021458187368783,0.19605810185816233,1.094773799969381e-05,1.9129631190891793e-06,6.012987498719858e-05,5.051868384894261e-05,0.00023529309838693228,SKM-GN
Muscle.F.104.Msc_F_104_4,Muscle,104,female,f_104_4,full,1.9109808400515085e-06,0.0008727632093143522,0.00017251820943875047,7.326090215730583e-06,5.4105507665554524e-05,0.00033263026618542135,8.713780071207605e-06,8.852960680995266e-06,7.287658865226769e-06,4.52467116945549e-05,2.0813625213291854e-06,1.9664721261876077e-06,0.8517523155858766,0.14663854920694974,8.567479233885354e-06,2.312775428234387e-06,4.361324063693357e-05,3.127999441288867e-05,7.958507842696133e-06,SKM-GN
Muscle.M.2.Msc_M_002_1,Muscle,2,male,m_2_1,full,2.1714495444647e-05,0.008861940109198805,0.0003144867994113418,0.00036007558633526534,0.0007432748523584135,0.001970061079966348,0.00017372508359575497,0.0008476061986439703,0.00013243569679140943,0.00021814607081533258,0.00011753732194513298,0.00043113483581924065,0.3059492279224957,0.6711531245128807,0.00016885013814674942,0.00011974374674316892,0.0005418418201599725,0.007327172855581306,0.0005479008736668828,SKM-VL
Muscle.M.2.Msc_M_002_2,Muscle,2,male,m_2_2,full,3.411147938932681e-05,0.015968403111296336,0.000549026555335103,0.0016244167307851453,0.001532278884691574,0.002319564200168543,0.0005629076604061093,0.0021794779738946754,0.00034575500469634704,0.00040103282838719055,0.00041981169337186494,0.0017709608978539034,0.6987019673084244,0.238016401479471,0.0004995276125504125,0.0004365882309516409,0.0011686933492485079,0.028561761799217884,0.004907313199860162,SKM-GN
Muscle.M.2.Msc_M_002_3,Muscle,2,male,m_2_3,full,3.141034135064526e-05,0.009860975593672345,0.0002954830215307951,0.0011700875887001442,0.002076660467710674,0.0020757109869464223,0.00038584412554032986,0.0028696552006435842,0.00030380703399534334,0.0003734513459732003,0.00037532620808652847,0.001502067650106391,0.768426993912208,0.18852398913301316,0.00036954345430495396,0.0002841966581011726,0.0012969300813106537,0.018451893146687038,0.0013259740501186364,SKM-GN
Muscle.M.2.Msc_M_002_4,Muscle,2,male,m_2_4,full,4.114866350228372e-05,0.01463721145164109,0.0005080445266269757,0.003494787710911669,0.0020081960526362,0.0026804391115809035,0.0007081297287041561,0.0031263893997016726,0.0005655594295681738,0.0004987870693872683,0.0008302760565971443,0.0028006180592988024,0.418946443310436,0.5084386964632686,0.0008463898492368048,0.0004848150907928408,0.0018290407542510306,0.028506607560077758,0.009048419711780697,SKM-VL
Muscle.M.6.Msc_M_006_1,Muscle,6,male,m_6_1,full,1.1059877379919518e-05,0.0062638245759275585,0.00025582585476608625,4.5692513845606034e-05,0.00013064147047137713,0.0007756758910583994,3.524405690231503e-05,3.6750324455140196e-05,2.415384067550046e-05,6.696128825175447e-05,1.444365419748353e-05,1.881303939460462e-05,0.7222917370334431,0.269062804503701,2.6689822271407276e-05,1.7177342228316187e-05,0.00012339601839410358,0.0007032805038529053,9.582838878353242e-05,SKM-GN
Muscle.M.6.Msc_M_006_2,Muscle,6,male,m_6_2,full,1.0101197103341653e-05,0.008622293730219078,0.00032178816545124926,9.602693220291496e-05,0.00018262386904434395,0.0009977929779642987,9.543429927604464e-05,0.00011116939419944139,4.58609729983596e-05,9.658659280440677e-05,3.621003837007504e-05,6.946807606678776e-05,0.505023125418685,0.48245909859868513,6.380206052992849e-05,3.197897511753316e-05,0.0010308719448151576,0.0005590255957933668,0.00014674116067349687,SKM-GN
Muscle.M.6.Msc_M_006_3,Muscle,6,male,m_6_3,full,7.5491436317356835e-06,0.006204128167639665,0.0002230027588517909,8.372551053808754e-05,0.00016111738099731725,0.0007957838528903727,5.447616883135732e-05,9.94592645202925e-05,3.736377024665414e-05,8.335617167065646e-05,2.7035180302156148e-05,4.856022541359496e-05,0.5384868453249861,0.452357078789021,4.3159895215983345e-05,2.7482373407142364e-05,0.00039817988007986025,0.0007292158634204088,0.00013248027833587033,SKM-GN
Muscle.M.6.Msc_M_006_4,Muscle,6,male,m_6_4,full,4.1419210455401285e-06,0.0034501938948642394,0.0001940781244964835,4.831302095069876e-05,0.00013411871553063384,0.0006550806711162977,3.6748828194326034e-05,5.108609362722368e-05,2.4628969352649214e-05,6.690640526292946e-05,1.4257448774050537e-05,2.3949189895407034e-05,0.7054804436700612,0.2889624630278567,2.9080408573664013e-05,1.355968553090555e-05,0.00023526908699487718,0.0005073953239019051,6.8285513970245e-05,SKM-GN
Muscle.M.21.Msc_M_021_1,Muscle,21,male,m_21_1,full,1.2998899328926422e-06,0.0008806132861450475,6.748264570823241e-05,1.3249353798588633e-05,8.574807877031829e-05,0.00023125294928435708,1.4344006637522182e-05,1.7824422729884498e-05,6.689968775937087e-06,1.7907270889142592e-05,3.7053684702767717e-06,4.883660580480283e-06,0.8600498119489283,0.1384138189427368,6.544682019091965e-06,3.354978912216117e-06,8.356418921160414e-05,8.410292342685334e-05,1.3801433042712109e-05,SKM-GN
Muscle.M.21.Msc_M_021_2,Muscle,21,male,m_21_2,full,2.1307834433030648e-06,0.0015788279568266243,0.00012398019724133016,4.467283820814903e-05,0.0002005129604301895,0.0002961060043264234,3.149277636375166e-05,4.496212812822673e-05,2.26784560839405e-05,6.944955246074981e-05,1.385533362738035e-05,1.690577947455657e-05,0.9257630658826236,0.07127299652801909,2.38994050047419e-05,9.355305499163662e-06,0.0002428298207708545,0.00020096826752034517,4.131002394782823e-05,SKM-GN
Muscle.M.21.Msc_M_021_3,Muscle,21,male,m_21_3,full,9.551254207355495e-07,0.000837105255182331,4.853412529820061e-05,1.061793187904518e-05,4.71040346603551e-05,0.00019120683805887176,6.293924618596382e-06,1.158074240338106e-05,6.402307239040747e-06,1.9065202979181824e-05,3.055019685543118e-06,4.314963442429707e-06,0.9599782201825651,0.038675955059148594,6.091350693546231e-06,2.8962386248306037e-06,3.759215142520764e-05,9.875053113264152e-05,1.4259015542523842e-05,SKM-GN
Muscle.M.21.Msc_M_021_4,Muscle,21,male,m_21_4,full,1.0355987906271444e-06,0.0005613934923898158,7.73983337601033e-05,5.697556705374254e-06,3.271991604410154e-05,0.00020656714075040534,4.502713714229387e-06,5.824691475734997e-06,3.6667228568257333e-06,1.3867022570702727e-05,1.319167071472049e-06,1.6320466307673434e-06,0.9123629958599582,0.08663930148959195,4.116419143577562e-06,1.559197092720643e-06,3.316045670286378e-05,3.744995379333691e-05,5.7922209574126794e-06,SKM-GN
Muscle.M.104.Msc_M_104_1,Muscle,104,male,m_104_1,full,1.957915704120907e-06,0.00088113325885405,0.00015689808806263814,4.9704412798298486e-06,3.879054893855347e-05,0.0003520168415429317,3.996466283940323e-06,6.0994108475202185e-06,4.596064160235935e-06,2.5343620828524106e-05,1.3582246848068376e-06,1.2325229986321786e-06,0.2959906158912528,0.7024663053019198,6.1651413530955005e-06,1.5864422372954269e-06,3.836560246939909e-05,1.415130144271962e-05,4.416915139002523e-06,SKM-VL
Muscle.M.104.Msc_M_104_2,Muscle,104,male,m_104_2,full,2.7126725610730165e-06,0.0018160735989237048,0.00021568511912242258,8.440825381852618e-06,5.588189216666586e-05,0.0005367233256394491,6.4746686605394095e-06,8.840322107204111e-06,6.288318716544114e-06,3.68632568090671e-05,2.7778520487887865e-06,1.9121728041176437e-06,0.4398673107552203,0.5573391270195642,9.369353193413045e-06,3.2854743864627347e-06,5.481053008567532e-05,1.8115473895686424e-05,9.30736871300845e-06,SKM-VL
Muscle.M.104.Msc_M_104_3,Muscle,104,male,m_104_3,full,1.9019051815363944e-06,0.0008674714884927477,0.00016226471852915934,3.539995857056296e-06,3.346322697040645e-05,0.0003581058643093278,3.0336365035208427e-06,4.371423548424024e-06,3.760227177987556e-06,2.2065834166408473e-05,1.1415292977240714e-06,8.845212630597456e-07,0.13276373679454592,0.8657119602723231,5.441219002684101e-06,1.3306575721310126e-06,4.1193183137244095e-05,1.0806809077168746e-05,3.5266930446110883e-06,SKM-VL
Muscle.M.104.Msc_M_104_4,Muscle,104,male,m_104_4,full,1.5288041500149034e-06,0.001368424970289979,0.00016543371593938166,7.400181796642201e-06,4.821408086442345e-05,0.00040266553468536236,5.874767422626627e-06,7.937493304496983e-06,6.073580021527648e-06,2.6922181363274023e-05,2.065865879575025e-06,1.978171237177615e-06,0.6140278773200283,0.38384391540928164,8.278249510579323e-06,2.674302439958452e-06,4.37675359901721e-05,2.0977219604010455e-05,7.990616190957383e-06,SKM-GN
Spleen.F.2.Spl_F_002_1,Spleen,2,female,f_2_1,full,0.00013683042176635643,0.00014283303917509677,0.0027577643118805706,0.00028487698104960694,9.118840755754836e-05,9.67892464367986e-05,2.0050211252769085e-05,0.00010114833949698882,4.341031485127275e-05,7.78428426722412e-05,0.00027481317209045614,0.0003282569074028238,3.0197683951676584e-05,5.594838790346748e-05,0.00044983318649429864,0.9944944981907611,0.00012904266252813904,1.8941888028323883e-05,0.00046573380470033346,SPLEEN
Spleen.F.2.Spl_F_002_2,Spleen,2,female,f_2_2,full,0.00011079353297326271,0.00013481431044041925,0.002212364203621512,0.0003279912214655313,8.543469296331467e-05,8.292005005860887e-05,2.0471914544645666e-05,0.00010328012562823336,4.425698724149454e-05,6.864059770569096e-05,0.00027520342558484814,0.0003493149187316949,2.222729737687153e-05,5.385552298784358e-05,0.0004557091518409952,0.9950892137959639,0.00011957629939692515,1.890105135834235e-05,0.0004250309001160041,SPLEEN
Spleen.F.2.Spl_F_002_3,Spleen,2,female,f_2_3,full,0.00012876348790082846,0.00013477867279246736,0.002511739053318454,0.0003067332725320053,0.00010040323696901664,9.206977833107089e-05,1.6702519251792206e-05,9.783747155276075e-05,4.255718892926468e-05,7.689543846152725e-05,0.00027878608672265645,0.00032786469434989125,2.9196955811058342e-05,4.7501837242001475e-05,0.0004719621114112135,0.994785697962233,0.0001235738813333451,1.7059901818063663e-05,0.00040987644903974624,SPLEEN
Spleen.F.2.Spl_F_002_4,Spleen,2,female,f_2_4,full,0.0001241481328327733,0.00012610901584599553,0.0021715051575617148,0.0003908122285955153,0.00011334098375650498,8.343407487307953e-05,1.7814236550368007e-05,0.00012091125791123791,4.73286552668573e-05,6.538035417966104e-05,0.00031337510619303035,0.00036220048733318116,2.073701224133405e-05,4.977417710859648e-05,0.00048332513719604207,0.9948622762955035,0.00012206226385752074,1.8171637981704645e-05,0.0005072937852112356,SPLEEN
Spleen.F.6.Spl_F_006_1,Spleen,6,female,f_6_1,full,0.00015077904077838037,0.0001560788630311874,0.0022399127829242256,0.00018318632041208798,5.158131883959253e-05,8.802228988267433e-05,1.523812811835425e-05,4.6891918462731375e-05,2.881504325184991e-05,7.437134781453326e-05,0.00016835592860460342,0.00015907122941937284,2.7074659377498134e-05,4.1125278224867404e-05,0.00027368565517119455,0.9957642833642059,8.356820207725238e-05,8.614235842963085e-06,0.0004393443935610655,SPLEEN
Spleen.F.6.Spl_F_006_2,Spleen,6,female,f_6_2,full,0.00037198520463539123,0.0002351931199507975,0.006036270288118966,0.00022156448514237196,9.788789320583837e-05,0.00019353098113831144,2.1358182642392683e-05,5.801109481625891e-05,4.9524154425427905e-05,0.00022924831391679806,0.00021067365005172602,0.00018192710039416203,0.00011425073755816096,9.175076353945895e-05,0.0005176962018515114,0.9906449332653399,0.00016630441700674024,1.4662157276483101e-05,0.0005432279889894349,SPLEEN
Spleen.F.6.Spl_F_006_3,Spleen,6,female,f_6_3,full,0.00020621273915447788,0.00018270781642721847,0.006203339301676714,0.0002946604289217183,8.25025670816148e-05,0.00015436186749878922,2.617588179639828e-05,6.644512754369967e-05,4.94365661682056e-05,0.0001500101776980029,0.00024242972761838203,0.00020666459082554627,6.353395197954835e-05,0.00010443973282387184,0.0005076707777900939,0.9907354774824366,0.00029266022336667784,1.1623245166172647e-05,0.00041964779402612804,SPLEEN
Spleen.F.6.Spl_F_006_4,Spleen,6,female,f_6_4,full,0.0002451141154188533,0.00017028516025716924,0.0068907902039448965,0.00018368959167463332,7.16431181390813e-05,0.00013195710241369762,1.9104463488636274e-05,5.333087685554567e-05,3.621082630722009e-05,0.0001526947978894449,0.00015906696480362585,0.0001620977664893361,5.7316490629200426e-05,9.732989169446947e-05,0.00045002432525726935,0.9905847460523929,0.00021804770543332414,1.1576086874577118e-05,0.0003049744600361327,SPLEEN
Spleen.F.21.Spl_F_021_1,Spleen,21,female,f_21_1,full,6.054776546175084e-05,0.00016049989606255929,0.0005085009582558382,0.00017824444967253668,5.360859935968711e-05,3.915315833295083e-05,9.428849623395496e-06,5.1309871277579794e-05,2.3600890423178466e-05,4.046588847340727e-05,0.00016742785393709686,0.00013979897666726036,1.0001387574495619e-05,1.4115803084769844e-05,0.00016316129030758935,0.9979435772878733,4.099600005569484e-05,3.36507090896264e-06,0.0003921960026478773,SPLEEN
Spleen.F.21.Spl_F_021_2,Spleen,21,female,f_21_2,full,0.0001475375629884058,0.00018540589976454947,0.001373695622316401,0.00012522775422680528,5.262531198362642e-05,7.822875885303507e-05,1.5461746674536975e-05,3.743283672085029e-05,2.9393908586489196e-05,8.133740175695055e-05,0.0001725133123327269,0.00010756295109698232,2.449487866638696e-05,3.192725155345972e-05,0.00023414411468669294,0.9968849790221684,6.9422418064201e-05,6.172924860545932e-06,0.00034243632269894563,SPLEEN
Spleen.F.21.Spl_F_021_3,Spleen,21,female,f_21_3,full,0.00021998450726087252,0.00018446808515009403,0.001524995313017535,0.0001224502253091113,4.855724218833693e-05,7.981144687635134e-05,1.803574662022469e-05,3.6379728780969504e-05,2.8144344339474452e-05,9.339195899394705e-05,0.00018107597374367182,0.00011447103611168127,3.880454022071895e-05,2.8092069979477767e-05,0.00025681775724952855,0.9965307815845827,7.290926604651171e-05,7.124949051596719e-06,0.0004137042244771274,SPLEEN
Spleen.F.21.Spl_F_021_4,Spleen,21,female,f_21_4,full,0.0002453958072527977,0.000300278831739642,0.0020620030460712043,0.00046781533099154814,0.00011313529304985983,0.00011566609932385348,2.932455781023571e-05,9.488755778124544e-05,7.175167020403585e-05,0.00013348514792141362,0.00036391047720630556,0.00022749179163298236,3.9606366134034915e-05,5.644783813276384e-05,0.0004610958593246297,0.9941982848408311,0.00012447675318930302,8.570243880371387e-06,0.0008863724875225707,SPLEEN
Spleen.F.104.Spl_F_104_1,Spleen,104,female,f_104_1,full,0.0007641091121587159,0.0017310873495392876,0.03999891922339927,0.0009717531668089406,0.0005599803717714566,0.0013129156627149836,0.00015351274923671132,0.0004417969477213968,0.00023833910274561715,0.0007918933294772704,0.0013747611354448862,0.001393876793059829,0.0006709507861304509,0.0003006761745814647,0.0035408170925461716,0.9421301194625297,0.0010688468871675781,3.996539118168875e-05,0.002515679261784651,SPLEEN
Spleen.F.104.Spl_F_104_2,Spleen,104,female,f_104_2,full,0.00014433855738221724,0.00018078704592586618,0.0025600337459644397,0.00016785685880554296,6.284126292781413e-05,8.452669805044782e-05,1.925508953443643e-05,4.2964475048887343e-05,3.030948639212824e-05,0.00011189259990107445,0.00017785120850757603,0.0001637604490256182,3.671300572725139e-05,3.726072389163593e-05,0.0003671261902841589,0.9953065979830098,0.0001448150410036001,6.151421667727664e-06,0.00035491815694976516,SPLEEN
Spleen.F.104.Spl_F_104_3,Spleen,104,female,f_104_3,full,0.00027878882852637427,0.00022002333222765567,0.0051203826919908055,0.0006243622049924814,0.00016388416058650982,0.0001531835896053605,3.7644258009682806e-05,9.866814072203914e-05,9.734450595840532e-05,0.0002124696427348384,0.000417772851004414,0.00032391194971301263,7.693604475643842e-05,9.127965425188568e-05,0.0008236507228873561,0.9903307316771879,0.00023949487757413332,1.2686389733352085e-05,0.0006767844775373059,SPLEEN
Spleen.F.104.Spl_F_104_4,Spleen,104,female,f_104_4,full,0.00024907694997808837,0.00018938920030260118,0.006605160141645579,0.00022995661605260654,0.00010768785283468068,0.00012828123323534589,1.906780353098914e-05,5.531300982637802e-05,4.3440187698939485e-05,0.00014613868648637206,0.00017347711774238288,0.00015461659998487,5.835336999495742e-05,9.777099459392382e-05,0.00048223523651944993,0.9907871287771515,0.00016335823478100652,8.3286902621056e-06,0.00030121929737827064,SPLEEN
Spleen.M.2.Spl_M_002_1,Spleen,2,male,m_2_1,full,0.00014031098997277508,0.0001879411635604944,0.003447768954933969,0.0007422516287462573,0.0001835302235986504,0.00013266977347446154,3.8324765664087316e-05,0.0002423540179563177,9.455703726302147e-05,0.00012856665634536094,0.000594744157356008,0.0008047513812638279,4.6374530676796675e-05,9.390542689232691e-05,0.000846590447777014,0.9913067825770656,0.0002413306432027853,5.5253357682116924e-05,0.0006719922665680672,SPLEEN
Spleen.M.2.Spl_M_002_2,Spleen,2,male,m_2_2,full,0.0002129288527737686,0.00029710680825208944,0.007593390442736035,0.00042068781308304674,0.00016446513774428397,0.00017630941199067233,3.677510376010945e-05,0.00018319584208584074,8.810953447670818e-05,0.000275332579882478,0.0003947912400836725,0.0005187309648495007,7.370023986836846e-05,0.0001905845520982643,0.0010091961769737013,0.9874902829362977,0.00032019620607187297,3.946935760181825e-05,0.0005147467993701788,SPLEEN
Spleen.M.2.Spl_M_002_3,Spleen,2,male,m_2_3,full,0.0001964502559408468,0.00022327978298455377,0.005269679215003157,0.0005903991637283454,0.00017116415275410083,0.0001645175480605118,3.972941818690932e-05,0.00024227296737943792,8.80468754257711e-05,0.00016162786869767064,0.0005162451516965799,0.0006393129732605223,6.19389205649626e-05,0.00014212198614184683,0.0009159113686470439,0.9896631625888523,0.000296227141854371,5.16512598363403e-05,0.000566261360984657,SPLEEN
Spleen.M.2.Spl_M_002_4,Spleen,2,male,m_2_4,full,0.00016882469332448057,0.0002366319984617505,0.0046635065221537954,0.0004486703675419878,0.00012909182912227896,0.00014651460887896012,3.6452312563469847e-05,0.00017894353203626916,6.648162435077731e-05,0.00011379772337805951,0.0003982878031755223,0.0005457531459059537,4.876971352078102e-05,0.000114435563130372,0.0007720586611591211,0.9911197845967434,0.00029204299444162037,3.494862104084919e-05,0.0004850036890705074,SPLEEN
Spleen.M.6.Spl_M_006_2,Spleen,6,male,m_6_2,full,0.00020563867481515686,0.00024358283688219313,0.007205553887783194,0.00018611219129015006,6.427505592448321e-05,0.0001427668242091404,1.7942743801041912e-05,5.023461342943066e-05,3.5624311937759216e-05,0.00013139764743888048,0.00017663511850381453,0.0001216083106835942,7.252854494714657e-05,9.437526509781632e-05,0.0004273576565113659,0.9903241627012493,0.00015075894307933825,8.019942999706986e-06,0.00034142472941660237,SPLEEN
Spleen.M.6.Spl_M_006_3,Spleen,6,male,m_6_3,full,0.00020351686446444696,0.00021867747006258875,0.0052824193106119815,0.00018470636916891847,6.274205907606417e-05,0.00013224555824180965,2.139471672341478e-05,4.9634535401986505e-05,3.433823879881522e-05,0.00011491164633565765,0.00017917127088337383,0.00013639289486325548,6.280108546401242e-05,6.854607925199798e-05,0.0003878477174882036,0.9923098423178803,0.00013845986831714162,8.496232024679803e-06,0.0004038557649411623,SPLEEN
Spleen.M.6.Spl_M_006_4,Spleen,6,male,m_6_4,full,0.00019900438232490185,0.00031656544913935807,0.00517736631843113,0.0002681305105672477,8.74288890471679e-05,0.0001283831634853169,2.7062712111733167e-05,6.114604127186605e-05,6.954752090302826e-05,0.000546654475192949,0.0002637962678856103,0.00019676641739913432,6.581080975669325e-05,8.952178811332571e-05,0.0006593461298811319,0.9910649874005926,0.00017719433715437203,1.268418677064032e-05,0.0005886031999718883,SPLEEN
Spleen.M.21.Spl_M_021_1,Spleen,21,male,m_21_1,full,0.00015410443767027902,0.00018168737890552153,0.0015219802194609104,0.0001738093236341428,5.730380238665894e-05,7.458625828349372e-05,1.4626803811419505e-05,4.415749035837541e-05,2.9810173228498326e-05,7.895110471662159e-05,0.000177481503895825,0.00011688539993152948,2.8550143547823618e-05,3.11062867059895e-05,0.0002549709496404217,0.9965691965211101,0.00011270210879833959,4.295272564381717e-06,0.00037379482134979346,SPLEEN
Spleen.M.21.Spl_M_021_2,Spleen,21,male,m_21_2,full,0.00017930755493950824,0.00023525809482518548,0.0023886534623523185,0.00015842137958159926,6.087139129140627e-05,8.810639017095807e-05,1.7983131785139767e-05,3.839372952523337e-05,2.9443872637580098e-05,9.623469064106102e-05,0.0001566838964705232,9.988784480221542e-05,4.098092373096687e-05,3.869766370499047e-05,0.00028760843881544683,0.9956008743912645,9.427378247396358e-05,4.715410614479942e-06,0.0003836039503726421,SPLEEN
Spleen.M.21.Spl_M_021_3,Spleen,21,male,m_21_3,full,0.00030722969560470487,0.00036516951958851207,0.006889649637756387,0.00024616081009472165,8.330071181180749e-05,0.0001443843314297874,2.5577079861106388e-05,4.9361586942882945e-05,4.70644166449288e-05,0.0002046400288572682,0.00017586091254373788,0.0001143092570933856,0.00010738561315298612,8.525844750948299e-05,0.0004646108864177082,0.9900042934344866,0.00017283724669995274,6.292030295953849e-06,0.0005066143532084184,SPLEEN
Spleen.M.21.Spl_M_021_4,Spleen,21,male,m_21_4,full,0.0001448217209983675,0.00018968377479785384,0.002060467446392847,0.00015260885836723174,4.593689908195263e-05,6.838918349698341e-05,1.4480703978028893e-05,3.799924021020686e-05,2.6860805236043653e-05,7.480202980425475e-05,0.00013537735430178846,9.510425651599124e-05,3.021990262710307e-05,3.1583946730495336e-05,0.00025662230745177305,0.996197390872781,7.660928620352926e-05,3.4810066086639786e-06,0.00035756040441605337,SPLEEN
Spleen.M.104.Spl_M_104_1,Spleen,104,male,m_104_1,full,0.00015807883890935423,0.00026551823931283156,0.002686073104854754,0.0001548580108713787,6.785016944418649e-05,9.695876391253822e-05,1.6673403112052755e-05,4.283991563477327e-05,2.8292609772176152e-05,0.00010290227581644027,0.00017574892590631994,0.0001237496398939598,3.9618435065278426e-05,4.8962612985662395e-05,0.0003441106510200053,0.9950705195478665,0.0001005897406715699,5.238428180685382e-06,0.0004714166867692152,SPLEEN
Spleen.M.104.Spl_M_104_2,Spleen,104,male,m_104_2,full,0.0001315298672166916,0.0002851839202619323,0.00281338086936437,0.0001288747014009505,6.397281472270329e-05,9.711379715623644e-05,1.9720632704182148e-05,3.6810368426485915e-05,3.0536027215695227e-05,0.00011005204644348088,0.0002021144789586078,0.00011040212228149937,3.264427624771827e-05,4.456245456570364e-05,0.0003193718336224786,0.9950840282592222,9.410142565284984e-05,4.080716938892575e-06,0.00039151938759695616,SPLEEN
Spleen.M.104.Spl_M_104_3,Spleen,104,male,m_104_3,full,4.171829436760223e-05,0.0001388441798383786,0.0005931777632778442,0.0001289757906031064,4.967491999382701e-05,3.7250886973004996e-05,8.720672993147162e-06,3.710483990074398e-05,1.890716857852292e-05,3.216493393293468e-05,0.0001349395362943843,0.00011765122224260879,8.155204546718926e-06,1.6785577622458287e-05,0.00016506075156547998,0.9981942166585743,5.322163999731415e-05,2.3257634591725e-06,0.00022110419523866303,SPLEEN
Spleen.M.104.Spl_M_104_4,Spleen,104,male,m_104_4,full,0.00018847674465630963,0.00026218024058976836,0.0038330435710042052,0.00026184318271953324,8.345791047108183e-05,0.00011917841579399696,2.6520008435792914e-05,5.88476314926489e-05,4.3703326765862854e-05,0.0001376983202052195,0.0002678741148262124,0.00018751316019163618,5.366892466947685e-05,7.041009375188656e-05,0.000492000367170743,0.9931070315595243,0.0001852338866906883,7.939090281531008e-06,0.0006133794507590059,SPLEEN
Thymus.F.2.Thm_F_002_1,Thymus,2,female,f_2_1,full,0.01614233127358641,0.0455908566720868,0.5770875166087751,0.01150054166256597,0.008930755023163548,0.00892066979655395,0.0020966620283824986,0.0058074151349650485,0.0024872535313432836,0.0075274170322989645,0.0040120427303746145,0.004884202568806585,0.0040629045017649525,0.028429861569479385,0.0922890325529452,0.09450512277861758,0.022694788941267915,0.000127231617946578,0.06290339397507569,BLOOD
Thymus.F.2.Thm_F_002_2,Thymus,2,female,f_2_2,full,0.015803458918358066,0.05663523047473113,0.5457126036610557,0.01262518827866311,0.009245965106374905,0.008045982503908361,0.001918767707622091,0.005837874614739161,0.002838325894944604,0.0068347195022131265,0.0035998662366300053,0.005608497788429473,0.003979923692246443,0.030962743958752603,0.08881862397384598,0.09758837818075887,0.02254643164794264,9.496743418349154e-05,0.08130245042460021,BLOOD
Thymus.F.2.Thm_F_002_3,Thymus,2,female,f_2_3,full,0.01840379446573754,0.052379554495183486,0.5637190192373933,0.010857015488963338,0.00717319561216964,0.008877807207390976,0.0015399597689382323,0.006352212190718354,0.002276587863233305,0.00690761226243847,0.003596004430198943,0.004795757623909193,0.004246432767195261,0.02378434209497474,0.07874984501818723,0.10249568006642587,0.02179940804691672,0.00012404361059331916,0.08192172774943197,BLOOD
Thymus.F.2.Thm_F_002_4,Thymus,2,female,f_2_4,full,0.018243212347578655,0.0462398873006921,0.5771803345470494,0.012364819091954707,0.008032060549229796,0.009089549184121004,0.0018369331016652656,0.005385796108503375,0.0023713871561837105,0.007055877246396574,0.0037020798037032524,0.004836119176242186,0.003580497232392662,0.03270951960141201,0.07475383506553804,0.09348761983392992,0.02939041254077109,0.00010420175615189858,0.06963585835648452,BLOOD
Thymus.F.6.Thm_F_006_1,Thymus,6,female,f_6_1,full,0.013492955737632623,0.046378154371375366,0.7159537597631479,0.005141580260696673,0.0038761264390676825,0.005460571204950245,0.0009743998619594852,0.002033042555388613,0.0012516324924288036,0.005267632100216459,0.0015045123290129243,0.0018725456081342933,0.0032012908002858925,0.02462765011518469,0.04972565958703496,0.06814351564016966,0.013975654000314527,5.22786913010303e-05,0.03706703844169814,BLOOD
Thymus.F.6.Thm_F_006_2,Thymus,6,female,f_6_2,full,0.011886346802690599,0.07243242282168567,0.6332359944068535,0.006656783616537792,0.0050766473934265866,0.00564960353701467,0.001086985875949562,0.003043480375156131,0.0014966330074031224,0.0064836785142751655,0.0020002467571270666,0.00248967494047138,0.0038699942412639596,0.019942771292338197,0.06508959112550243,0.08708146511228623,0.01518428870549503,8.080985505852545e-05,0.057212581619464103,BLOOD
Thymus.F.6.Thm_F_006_3,Thymus,6,female,f_6_3,full,0.013452053063817528,0.08568586360007026,0.4332371179551556,0.01598663878050311,0.006090056503547886,0.006265199774222519,0.002110266857157833,0.008360207203305374,0.0025253873995732183,0.008105860945520443,0.005269602767634541,0.007022560304756618,0.0029826895065355025,0.014766522843462767,0.08197158581976197,0.13905532288399403,0.06190253765253654,0.00013552284242982705,0.10507500329601463,BLOOD
Thymus.F.6.Thm_F_006_4,Thymus,6,female,f_6_4,full,0.016661984609491115,0.06741865689297953,0.5277651382641888,0.010951728330393385,0.006404577796056297,0.006755355104803314,0.0015227722136301547,0.005308642086509788,0.0020711534332753727,0.006396473143966508,0.003464744154468528,0.004549856044382733,0.003235849751760319,0.01727607125018463,0.08400834122265247,0.12259531183382921,0.02008901946953584,0.0001327738141584135,0.09339155058373373,BLOOD
Thymus.F.21.Thm_F_021_1,Thymus,21,female,f_21_1,full,0.02442682461524354,0.16177952872282267,0.2527758576977807,0.016863962388843357,0.005054461801394578,0.005879334958074015,0.0024612626282195485,0.006541991370778946,0.0027176788908421915,0.007282306461445975,0.005530261817566014,0.0072619405095804045,0.0017619967278610148,0.012221707577715495,0.08928008779601562,0.16692928284868103,0.01624435353895193,0.0005838841540984764,0.2144032754940846,BAT
Thymus.F.21.Thm_F_021_2,Thymus,21,female,f_21_2,full,0.02207121470394928,0.214155238351721,0.2047418844834158,0.01491070027162185,0.005178974008685154,0.005267208681084534,0.0024371302474135528,0.006002499630555125,0.0026331680040049855,0.006503214298708715,0.0058471656113340586,0.007025069857990714,0.0011984043196123875,0.01143423710081396,0.08701703080676346,0.17161486216514277,0.018524637164014354,0.0007776363468794081,0.2126597239462889,BAT
Thymus.F.21.Thm_F_021_3,Thymus,21,female,f_21_3,full,0.031516946131613925,0.15211787480396433,0.3078315534903755,0.016444869023935518,0.005035487944430682,0.005583213549577008,0.0020046715183820976,0.006767157374454143,0.0024490860792639223,0.006726548516420085,0.004900358955263684,0.005877284559468867,0.00156357101918642,0.013384951593133203,0.08262285818741885,0.16685898879519573,0.015722188070778933,0.0003967040854149438,0.17219568630172233,BLOOD
Thymus.F.21.Thm_F_021_4,Thymus,21,female,f_21_4,full,0.022538786848318632,0.08488086777635256,0.3884770677833903,0.016532073707648986,0.00710402011695738,0.00827900158627065,0.0020170415027973357,0.005598154592630977,0.0027464392884176104,0.008484428636042492,0.004953177149293997,0.007470876218850018,0.00431822689686719,0.013960638872344654,0.09304379512418098,0.15096323605204107,0.019213443264308034,0.0008955718808276394,0.1585231527024595,BLOOD
Thymus.F.104.Thm_F_104_1,Thymus,104,female,f_104_1,full,0.036921213830979495,0.45841923067630863,0.005311382000605919,0.01345088823384688,0.0017068315436967194,0.0013902625123360353,0.0021466066908648294,0.001815269635234494,0.0022331395163119635,0.0021041586176889287,0.006316656178078192,0.007639266832589351,0.00028653689014225856,0.0010606694856397706,0.01542877335121874,0.02340587927186306,0.00315707341552776,0.04942510533667347,0.36778105598039346,BAT
Thymus.F.104.Thm_F_104_2,Thymus,104,female,f_104_2,full,0.028266104754097302,0.4383367261610457,0.009534949417955163,0.010954195009667338,0.001369341959726377,0.0013557093734832724,0.002086424127147286,0.0021370075894373,0.0017420700508900197,0.0021088010062925685,0.005615042941295168,0.005571730079595961,0.00030281993254734405,0.0012457130460439567,0.019044519221256166,0.04820094524606385,0.0029979996147585426,0.007771249617849659,0.411358650850847,BAT
Thymus.F.104.Thm_F_104_3,Thymus,104,female,f_104_3,full,0.012593486431312688,0.15139047908647232,0.005811776099549414,0.018968581104313074,0.0014928486182712569,0.0008051668034805714,0.0018487916186513533,0.0024022230670178338,0.0020274400732302133,0.0013415347933326061,0.00801582593954368,0.010871187673179588,0.0002142038261896413,0.0007024777758439145,0.023843748261474593,0.04715687965215051,0.0025168302302317567,0.004379229767395773,0.7036172891783592,WAT-SC
Thymus.F.104.Thm_F_104_4,Thymus,104,female,f_104_4,full,0.007658625505030241,0.0930447515808952,0.0039813211051654,0.01789769331929876,0.0014601867000273063,0.0005988625052406435,0.0013786592608162809,0.0032593593926051488,0.001684735668044017,0.0009686476116771888,0.008264350423421274,0.011606364231575208,0.00021362074597219174,0.0003432924253905813,0.018623082976548657,0.05817725705403978,0.0020352959697668097,0.0046383013945641965,0.7641655921299212,WAT-SC
Thymus.M.2.Thm_M_002_1,Thymus,2,male,m_2_1,full,0.015912959279255002,0.07784364378798897,0.3945242545802728,0.01971726301177617,0.01004160809287047,0.010777762834704625,0.0019785776425977077,0.010327327892774355,0.0032531723575491608,0.007580427826550911,0.005329809473433567,0.0099242678374601,0.005053272033889798,0.025192947648477487,0.09981398758248261,0.12839022871290406,0.025662141847066382,0.0009470151837295599,0.14772933237421632,BLOOD
Thymus.M.2.Thm_M_002_2,Thymus,2,male,m_2_2,full,0.017902151433342815,0.1175770325674851,0.4178792041339568,0.014889144359736617,0.006621827293806611,0.009317912990039888,0.0021307813592970474,0.007505305852655763,0.002643294655368673,0.007493085624439694,0.0043172242229390055,0.00742272394803624,0.004509818377486803,0.030029923829664677,0.08705671863393084,0.10653713338894663,0.027625366008624877,0.00025140936455644164,0.12828994195568544,BLOOD
Thymus.M.2.Thm_M_002_3,Thymus,2,male,m_2_3,full,0.021884949237102932,0.0843618953508006,0.5216345368508855,0.010719601813152577,0.006619602454823263,0.009513135550599808,0.00176968247290645,0.005529741537077592,0.0025513344492866996,0.008358286066920444,0.003504748574536442,0.0054671403083237785,0.0057510883161057055,0.023233404669823352,0.08612496229761445,0.08427444778790674,0.022553895368252433,0.0004034005441576101,0.0957441463497236,BLOOD
Thymus.M.2.Thm_M_002_4,Thymus,2,male,m_2_4,full,0.01531658748995905,0.05421088810843942,0.6292853700480627,0.00953048397253421,0.005976352355493071,0.00811645009532439,0.0015809634946433527,0.00426699976789601,0.002004053911414836,0.006411048202317419,0.002592567872984008,0.003609311371607909,0.00456911560328571,0.03413373227182449,0.06579624596900409,0.06761925406668957,0.025004669006245046,8.368315474397723e-05,0.05989222323753065,BLOOD
Thymus.M.6.Thm_M_006_1,Thymus,6,male,m_6_1,full,0.010626405787842658,0.06865904581329595,0.5181010389671373,0.012119306765708444,0.006357648239582792,0.006976795358873041,0.0013945631914743975,0.0043079587507298565,0.001845181715540659,0.0061103855102327045,0.004251525967959339,0.004376681555780175,0.002984389277687424,0.014157467939873953,0.07473773894479792,0.14605364083757336,0.020930292123196758,0.0002832129985832826,0.09572672025413004,BLOOD
Thymus.M.6.Thm_M_006_2,Thymus,6,male,m_6_2,full,0.016454504919948404,0.09932763251407536,0.5029654011533817,0.011220430895244332,0.006085315050004494,0.00743332894171717,0.0017378869814184,0.004410737622923567,0.001976754647699952,0.00609923853214234,0.003358319307610567,0.004082165510290778,0.0026822130971306214,0.013716066092710158,0.0814139554369486,0.12744619475586946,0.017832136743216036,0.00014953672782498949,0.09160818106984306,BLOOD
Thymus.M.6.Thm_M_006_3,Thymus,6,male,m_6_3,full,0.014163363433259689,0.09485954749751876,0.6237483994027975,0.0063844335353238175,0.004382453955376354,0.006435456346268274,0.001168884417319132,0.0023410280732805273,0.0013314459089492428,0.006211373434609658,0.0018202786768859265,0.0021583085816287524,0.00341750945231359,0.015473530002076708,0.06312680566107245,0.07835943498989041,0.014362936428048916,0.00011144332978085609,0.060143366873599544,BLOOD
Thymus.M.6.Thm_M_006_4,Thymus,6,male,m_6_4,full,0.014771324608578199,0.08685962316555221,0.5348102810052071,0.010643207418408308,0.0055139947717386594,0.006576710184873457,0.0015005715254123877,0.003665373981413054,0.0017953587314436014,0.006481223039999377,0.0032557812444305354,0.003652011773107931,0.002598534026879809,0.015306444784491497,0.07595985016715494,0.12155244455324189,0.017339149962093903,0.00013098485435479148,0.08758713020161824,BLOOD
Thymus.M.21.Thm_M_021_1,Thymus,21,male,m_21_1,full,0.016272743468850916,0.2414206296728964,0.2732659624032118,0.012474757092000143,0.00502334681506421,0.004350303009832975,0.0017703690838093257,0.003835472224450153,0.0019873893411699027,0.005564105885797187,0.003905511476925349,0.004822994523835652,0.002335239381814397,0.011519325601414956,0.07110077062916471,0.15098125362028705,0.015505403605450854,0.0002118279813351203,0.17365259418268866,BAT
Thymus.M.21.Thm_M_021_2,Thymus,21,male,m_21_2,full,0.01898523703969431,0.383062501230167,0.127901902467388,0.011136875845204286,0.005363017021019385,0.00554889334401946,0.002115987512778915,0.00441437309956413,0.0023423179264195335,0.00528052498628486,0.005541404907599889,0.0054780949784447915,0.0013644649945571345,0.011935455896501388,0.06108739549335632,0.1269504310507458,0.018309730213316232,0.002003687001711672,0.20117770499122686,BAT
Thymus.M.21.Thm_M_021_3,Thymus,21,male,m_21_3,full,0.012173014089038646,0.34249647859113586,0.07866961992686286,0.018270847273442477,0.004865703144470235,0.006186574847456425,0.0025035088205198354,0.007266588217111413,0.0025095508786538183,0.004082806378523102,0.0074529494366328275,0.010126449954229321,0.0010993125585395545,0.004972546106690758,0.06459609600418846,0.15113210368320043,0.012106844248036472,0.005726491124902795,0.26376251471636447,BAT
Thymus.M.21.Thm_M_021_4,Thymus,21,male,m_21_4,full,0.019335872622231194,0.3787472335902687,0.1256444512508351,0.015600415800783855,0.0053551970610132334,0.006172612021159447,0.0018956991330979212,0.005643754277526556,0.0022873716658105485,0.004937573739589014,0.005292036396915964,0.006376317955240401,0.001245947085216217,0.009116300046321737,0.05990822111218297,0.11346646834972235,0.013086676685232678,0.0040953075812647215,0.2217925436255874,BAT
Thymus.M.104.Thm_M_104_1,Thymus,104,male,m_104_1,full,0.017219848369725038,0.9344597614470512,0.0007472289848206654,0.0003326425427585054,0.00015767222993985408,0.00045377440599659935,0.0002108043390886975,0.00014601950781879203,0.00017703915372689475,0.0003045060837505504,0.0002059162143223149,0.0001861891467083323,3.794453666014932e-05,0.00040407777545951515,0.0006153313093773627,0.0010557982280765448,0.00032482507744381665,0.0358911063230133,0.0070695143242619175,BAT
Thymus.M.104.Thm_M_104_2,Thymus,104,male,m_104_2,full,0.023858736734818763,0.4416251174754859,0.006412459439770087,0.014334959281732939,0.001705591152796038,0.001113389333506788,0.001980011697955089,0.0026959420879421494,0.002165264041930866,0.0016300261862544356,0.006263688100765536,0.010568043148451327,0.00020301537978293591,0.0008091825237126026,0.0200300510084444,0.031154826463084772,0.003340070690892962,0.006915910538701518,0.42319371471397094,BAT
Thymus.M.104.Thm_M_104_3,Thymus,104,male,m_104_3,full,0.012618894262320693,0.7670556269239749,0.007610054083534962,0.005376068129118047,0.0010355195215384677,0.0009061089158980685,0.0010028568388570768,0.0010822659413359749,0.0011243834058644534,0.001061534648385137,0.002569215547269152,0.002908800924884595,0.00016826201444557624,0.0007186048149052241,0.01014973382238122,0.02076401993439143,0.001959143413006809,0.005161118451003469,0.15672778840688456,BAT
Thymus.M.104.Thm_M_104_4,Thymus,104,male,m_104_4,full,0.012815226816447,0.9025846456496937,0.00206756863960005,0.0017021867229469966,0.0002644778285241949,0.0007552719442673411,0.0008701780747099551,0.0006856380536379289,0.000453145933372346,0.0007135103269753756,0.0016532844894113596,0.0008643519515562541,0.00011168107893413236,0.0002821755677072281,0.0022270637062815108,0.011471178518388357,0.0008075109017354144,0.02143146293142474,0.03823944086438625,BAT
Testes.M.2.Tst_M_002_1,Testes,2,male,m_2_1,full,0.006730426704435444,0.0003555711707745301,0.00118330692378652,0.024436170693964608,0.00436614249762672,0.0012101722825067854,0.009703939904735814,0.0773794538116845,0.0077980298204925825,0.002134548265438649,0.005693413393934683,0.7653823455933407,0.0067931478570253945,0.00043590099648470424,0.01051330346025195,0.0030862331801265624,0.03082580264150259,0.027866474295171476,0.014105616506715685,OVARY
Testes.M.2.Tst_M_002_2,Testes,2,male,m_2_2,full,0.007172222478017274,0.00039219760679215965,0.0013969791931908967,0.02093277274272931,0.004605651544786207,0.0014663643966756747,0.009612845930141197,0.08844330181387297,0.007204825978892352,0.0026990990739393216,0.004491956596953399,0.7664370010540066,0.008991370058357206,0.0003542200461844866,0.009958346578428905,0.00289250064669397,0.03589966987288607,0.01674917416499607,0.010299500222455947,OVARY
Testes.M.2.Tst_M_002_3,Testes,2,male,m_2_3,full,0.005446829700444094,0.00033029897995614794,0.0010676452181202164,0.021740215123481628,0.004491970906097002,0.001190649092302968,0.008471617541638742,0.08112937908319091,0.006680443772097906,0.0017584786503248779,0.0047992484774602405,0.7778327247972687,0.006488182762685011,0.00036952985273528837,0.00978459086805834,0.0027810105387850686,0.029156334637695198,0.02430383482436907,0.012177015173288445,OVARY
Testes.M.2.Tst_M_002_4,Testes,2,male,m_2_4,full,0.008935575500445794,0.00041514531284329837,0.0016748811610712792,0.019374634249399333,0.005016682952460281,0.001736879646446809,0.00925289370243772,0.09290484452969766,0.006773019812189851,0.0021495150327673625,0.004808811297503216,0.755966617461638,0.00972699443171496,0.0004902364938443363,0.010205980424355512,0.0031228194075674687,0.04112976444629063,0.01705677832465747,0.009257925812669068,OVARY
Testes.M.6.Tst_M_006_1,Testes,6,male,m_6_1,full,8.850756346206153e-06,2.3378875099977963e-06,7.207516406790895e-05,1.346558377975436e-05,1.3564251013102804e-05,4.600251584603561e-06,7.176964231046752e-05,9.436808713567013e-05,7.410348914361748e-06,9.487456869476242e-06,1.2343859686530964e-05,7.670346078228327e-05,0.00010585105980173091,6.224853335883032e-06,3.928933448906145e-05,1.7352780324942408e-06,0.999457540717537,3.2439488578415594e-07,2.0576119176584584e-06,TESTES
Testes.M.6.Tst_M_006_2,Testes,6,male,m_6_2,full,9.255503832040774e-06,2.168680616280768e-06,6.368020614163687e-05,1.240956026162434e-05,1.3185702302687063e-05,4.297449877999598e-06,6.960777411708657e-05,0.00010904894468546083,7.118462524113101e-06,9.205951940161791e-06,1.283401308981905e-05,9.383611021271997e-05,8.875705096792624e-05,5.737339163404203e-06,4.78868307909667e-05,1.7595428823353852e-06,0.9994468201540345,3.586866183787914e-07,2.032035940747976e-06,TESTES
Testes.M.6.Tst_M_006_3,Testes,6,male,m_6_3,full,1.0440146243835638e-05,2.841984879937239e-06,6.777110202861216e-05,1.851290165300666e-05,1.3564661053342704e-05,5.485542157916686e-06,8.73210345080887e-05,0.00017153593954558625,9.608686400884793e-06,1.0066942449147935e-05,1.685514735414401e-05,0.0001363739722186772,9.339647524841958e-05,7.558003578568797e-06,5.698624061881872e-05,2.193020546061791e-06,0.9992860342988698,4.5739631275689707e-07,2.996504332212197e-06,TESTES
Testes.M.6.Tst_M_006_4,Testes,6,male,m_6_4,full,7.4950820157233205e-06,2.3295641449015413e-06,4.8687464459332265e-05,2.7592188850698225e-05,1.3933827879084067e-05,4.4732094974944816e-06,8.94873536734261e-05,0.00017078139252595307,9.66157732541099e-06,8.409852818505265e-06,2.0247596227343546e-05,0.00016531059659817345,6.915373739303238e-05,5.934475579961259e-06,5.17880260322982e-05,2.186227326481691e-06,0.9992983474421332,5.706276977932081e-07,3.6097578213160245e-06,TESTES
Testes.M.21.Tst_M_021_1,Testes,21,male,m_21_1,full,6.02165835221089e-06,2.314058364275591e-06,5.324079175174516e-05,9.814260169971405e-06,1.2242841773714351e-05,3.426773995422338e-06,5.2783696059557546e-05,7.219440796514429e-05,5.8937268115176624e-06,8.318180962563538e-06,9.900364248304535e-06,4.9878226009726016e-05,5.574181309075801e-05,5.661914215912548e-06,3.356248029876894e-05,1.2994609137082678e-06,0.9996161461609325,1.922740848836035e-07,1.3669099992667078e-06,TESTES
Testes.M.21.Tst_M_021_2,Testes,21,male,m_21_2,full,7.73157646555778e-06,3.2448533277379222e-06,6.169191578715808e-05,1.0728172843190933e-05,1.1211132854943875e-05,3.5133807569712247e-06,6.172471443405405e-05,7.480399544347144e-05,6.0435437537054095e-06,9.998114279658914e-06,1.0191841746637959e-05,5.664610274207985e-05,5.087177902786102e-05,6.7831297290545736e-06,3.7888510264161274e-05,1.491011954283685e-06,0.9995833846552998,2.0053777967969054e-07,1.85103150997353e-06,TESTES
Testes.M.21.Tst_M_021_3,Testes,21,male,m_21_3,full,5.651048922095287e-06,2.859394432178683e-06,5.6774435660083735e-05,8.970004493506675e-06,1.0414884315887806e-05,3.2068609710822034e-06,5.329259723675671e-05,5.534038986839898e-05,5.33673710620892e-06,8.279073399266255e-06,8.471392375707056e-06,4.60237280084279e-05,4.4493803400769626e-05,6.142545412698757e-06,3.0082303374908786e-05,1.2794507541495946e-06,0.9996517978296344,1.588971135509946e-07,1.4246235197213715e-06,TESTES
Testes.M.21.Tst_M_021_4,Testes,21,male,m_21_4,full,5.7794327889989416e-06,2.5456489817616507e-06,5.7240102818381014e-05,9.899242612109203e-06,1.1949738829220436e-05,3.27750954370317e-06,5.452969897104723e-05,5.6810131327182385e-05,5.255922815496092e-06,7.694757043054094e-06,8.750754302597342e-06,4.5786376671566196e-05,4.722989314999909e-05,5.9789629926097725e-06,3.364374970136512e-05,1.2257589653503473e-06,0.9996407297847754,1.6381940072979656e-07,1.5087143095262e-06,TESTES
Testes.M.104.Tst_M_104_1,Testes,104,male,m_104_1,full,0.030648738609117744,0.004179776787023551,0.002027967365924602,0.006919107523304445,0.0006736168215506685,0.0016416380247297883,0.008511361720993245,0.008260553521760049,0.004063012995807405,0.0033360894473727625,0.0050646428994321115,0.6055170983871002,0.0017498087462999264,0.00037087300140624895,0.006739915117182089,0.0044100248092657085,0.2996584827972625,0.0006054565800306792,0.005621834844436516,OVARY
Testes.M.104.Tst_M_104_2,Testes,104,male,m_104_2,full,0.11848660286444036,0.012920596686482082,0.01344008915487829,0.010995281067310812,0.0015508054390598312,0.0076349830594094675,0.010960850847603558,0.010465139102160601,0.008334756697253752,0.012203935496072304,0.006530130410899316,0.6117200219394882,0.008594290040354044,0.0012321932594651622,0.016475144391115453,0.01567365314563661,0.1176952598552298,0.0011346502108339459,0.01395161633230629,OVARY
Testes.M.104.Tst_M_104_3,Testes,104,male,m_104_3,full,0.3765587933018763,0.024739797521219953,0.016075936109089722,0.010190284748399711,0.0022354200516058694,0.009814973334674307,0.004735044731481649,0.008119874548449299,0.009389453512480956,0.01486973085143909,0.00390077963141564,0.45418506293097405,0.00872355645709236,0.0032984710345761344,0.011824989358223695,0.012061657844252484,0.014335026745094251,0.0023137123819437664,0.012627434905710676,OVARY
Testes.M.104.Tst_M_104_4,Testes,104,male,m_104_4,full,0.6078153137531839,0.011369181928286147,0.020589197054160145,0.00657068740311973,0.002823366657316414,0.01267947655847051,0.006236347663407882,0.007445536173480343,0.010116264745257814,0.01628957212404556,0.0019833956430397345,0.23869200541214966,0.009800951200956238,0.007637487386607707,0.010305803433190633,0.0038822872753512213,0.019887971426631908,0.0014259034413138711,0.004449250720030604,ADRNL
Uterus.F.2.Utr_F_002_1,Uterus,2,female,f_2_1,full,0.0015706248266467604,0.00014846784266932573,6.385124768656091e-05,0.027636827761289614,0.0019943845662722406,0.00019019756071131323,0.0017495680724013674,0.020706197366029157,0.00341609941437779,0.0011912951117454937,0.007874005932635613,0.43904418927982164,0.0008333055598035146,0.0001038101146652208,0.002276243900662346,0.0019156912040606598,0.0009530815468642456,0.4509151172348842,0.03741704145677281,VENACV
Uterus.F.2.Utr_F_002_2,Uterus,2,female,f_2_2,full,0.0002980699521845854,4.41893219153155e-05,2.103177556189951e-05,0.018196982021603487,0.00047696178599468777,7.191673429449975e-05,0.0020265799872255324,0.019454488964072127,0.0018008058520495105,0.00035382133959085596,0.007637037091738032,0.8239026008953642,0.0002246713711242416,5.1972097071402555e-05,0.001581178526650255,0.000634666662260223,0.0008311104675720207,0.10935299813506527,0.013038917018662064,OVARY
Uterus.F.2.Utr_F_002_3,Uterus,2,female,f_2_3,full,0.0020216364681934786,0.00011165928785542275,4.803991232561086e-05,0.02119202606935806,0.0013783891036116024,0.00015973221798115683,0.0014670799268578052,0.014226290405566583,0.0018256822606963995,0.0003942675638321789,0.0055911220992213625,0.4869036449264877,0.0005406768033624843,9.457101393702672e-05,0.0015772241804612869,0.0012142052031290664,0.0008511114612721816,0.432589587822334,0.027813053273516793,VENACV
Uterus.F.2.Utr_F_002_4,Uterus,2,female,f_2_4,full,0.0004005559267704659,3.661711642201005e-05,1.696938120657236e-05,0.006105161110967275,0.00018943717183707979,4.138059992271545e-05,0.0010987330562180727,0.006914377289796814,0.000604070488352785,0.00010706034081933638,0.0019758585634643,0.950678763897575,0.00012502827359925386,2.2627043399022767e-05,0.0007082511312761371,0.0003427468944348479,0.00044947366664014764,0.024407548841217788,0.005775339206080353,OVARY
Uterus.F.6.Utr_F_006_1,Uterus,6,female,f_6_1,full,0.0030216190190867263,0.0001898516495716339,0.0001008089560603531,0.0444364844803043,0.002495858209680295,0.0003934276221598041,0.0018836679660600554,0.028399602687636517,0.0024334141350938524,0.0002335576615000834,0.010490721613816112,0.5759949754518449,0.002395164223903466,6.157453307311225e-05,0.0018547748126107448,0.003705488877973514,0.0010403350042330096,0.2770842351167597,0.04378443797863197,OVARY
Uterus.F.6.Utr_F_006_2,Uterus,6,female,f_6_2,full,0.0008534650959487228,0.00014423740968501732,0.00020583174857761807,0.11465519684174845,0.0006908886983674957,0.0004388503300397429,0.0014433326825649142,0.007647699600657747,0.002065239489359838,0.00031469069231909415,0.01496673612534338,0.7675922814236952,0.0015813483615491335,8.690987161231096e-05,0.0050249322085591745,0.0045637608337526,0.0010242269552184226,0.020686426815200123,0.056013944815801235,OVARY
Uterus.F.6.Utr_F_006_3,Uterus,6,female,f_6_3,full,0.0018988089068773036,0.0005907774512575945,0.00041933277624175904,0.15531455229674332,0.001519812762328735,0.0008167741722588693,0.0013169691216046249,0.008539334219394719,0.0034418772335721637,0.000578390638209866,0.016272092933341576,0.5306142096933965,0.0034784283494998292,0.00018728562855063378,0.008129386601616455,0.009549910814131276,0.0013737025738950353,0.08483569599596741,0.17112265783111225,OVARY
Uterus.F.6.Utr_F_006_4,Uterus,6,female,f_6_4,full,0.002345861580290032,0.000366388032349596,0.0007269555633484347,0.2158644273571141,0.001484751814354759,0.0008442484583797269,0.001235450895603739,0.0060339913709035325,0.0036238807985967737,0.0007660815452083747,0.013257026698978517,0.5242213626449873,0.0037801594373538016,0.00025119944768194367,0.011683759070104181,0.008052473185787855,0.0016152691585303311,0.06307480420915493,0.14077190873127202,OVARY
Uterus.F.21.Utr_F_021_1,Uterus,21,female,f_21_1,full,0.0013310541475017735,0.0004125670616927997,0.0011383829496573474,0.1101602926161957,0.004384675068396107,0.0010395066058681561,0.0030326206228761103,0.006299091337495787,0.0029783172378102926,0.0009725643919630998,0.011149214984031512,0.7409901424944287,0.003315458232836909,0.0003919736279389949,0.009890107465072963,0.01062556262411193,0.002008219139436649,0.02872538820404026,0.06115486118864491,OVARY
Uterus.F.21.Utr_F_021_2,Uterus,21,female,f_21_2,full,0.0010363985042038774,0.00029880801223970774,0.0005390666486273112,0.19252644996704768,0.002705412401347959,0.0009444027418007155,0.0022589218420252456,0.01331120400378479,0.003739806318559031,0.0007754342084466029,0.018998468490191045,0.631475477270844,0.003268609100813355,0.00012923052868136549,0.009687279493587537,0.010005934470478326,0.0015052680544096187,0.018395119733604262,0.08839870820930752,OVARY
Uterus.F.21.Utr_F_021_3,Uterus,21,female,f_21_3,full,0.001271139341333295,0.00031282798491138173,0.0005591697219609523,0.16331658205477112,0.0021911201326940827,0.0010863525306223614,0.001428709603648759,0.013324995263529418,0.003409353784906528,0.0007270276907587294,0.018037549943526687,0.6757087219315093,0.0042358600699467855,0.0001381274634313694,0.008563281996583886,0.011532751242641847,0.0016586676688707782,0.017407996069638006,0.0750897655047144,OVARY
Uterus.F.21.Utr_F_021_4,Uterus,21,female,f_21_4,full,0.0012881040755330466,0.0001989979504696384,0.0002842145286533623,0.08041819704904114,0.001881915138968845,0.0005778928467574115,0.003221406711535985,0.017618235884999934,0.003424829377090379,0.0005085027933564494,0.009406726739637996,0.7524754856934138,0.006075758791190464,6.787482888864944e-05,0.0040847163195948865,0.0037744523401319185,0.0012826087780256404,0.06123692087651796,0.05217315927619249,OVARY
Uterus.F.104.Utr_F_104_1,Uterus,104,female,f_104_1,full,0.001272508491028298,0.00025894323464798396,0.00042256190901147634,0.10424851411566931,0.002225827778919239,0.0010344810444440555,0.0019257524322368901,0.006882611587817875,0.0039441739423600065,0.000572593713163025,0.01155895633285048,0.7361003442051409,0.003802537493782269,0.0001436979453526275,0.006624652105934233,0.005031850882474512,0.0014051790045588894,0.049331842464823146,0.06321297131578454,OVARY
Uterus.F.104.Utr_F_104_2,Uterus,104,female,f_104_2,full,0.0011799130083755757,0.0001891831565772514,0.00028134844226236833,0.11607714829878736,0.003107137806756784,0.0010361928183827021,0.0014509553207653647,0.013350410063520375,0.004082857026625084,0.0005452830024341535,0.015019452314166416,0.6508368455852728,0.009064361908319277,8.268018595444341e-05,0.0035039177113682326,0.004557689817655418,0.001326397369678408,0.11629759503620121,0.05801063112689673,OVARY
Uterus.F.104.Utr_F_104_3,Uterus,104,female,f_104_3,full,0.0008353141038856416,0.00015213780475969164,0.0002504710754622984,0.1729123638844314,0.0026243519524575573,0.0007228784718632126,0.0014660265120454911,0.008099212952001042,0.004709478502334881,0.00044034845823887503,0.015518526282175206,0.6497392602673269,0.0048655947109503325,5.9338182759071664e-05,0.005814365207521738,0.004037790277572059,0.0010810524582286168,0.04623305357394507,0.08043843532204079,OVARY
Uterus.F.104.Utr_F_104_4,Uterus,104,female,f_104_4,full,0.0015790529392757332,0.00023174480455230575,0.00040949720058869327,0.11638679379758675,0.0044292712748419,0.001128545089790665,0.0020968566711004216,0.009208894053903523,0.005218148766531228,0.0009117777529728123,0.014348670999076593,0.5297295582563577,0.02231616313588382,6.893679848976506e-05,0.004536514631547533,0.005191561182280879,0.0014439637743467835,0.2118837551958531,0.06888029367501963,OVARY
