split,arm,viallabel,pid,tissue,score_lac,qhat
train_male_test_female,full,90292016002,10220917,ADRNL,0.007130170991985985,0.11848267250313271
train_male_test_female,full,90450016002,10672656,ADRNL,0.009584763143103747,0.11848267250313271
train_male_test_female,full,90449016002,10641858,ADRNL,0.009270551513925529,0.11848267250313271
train_male_test_female,full,90222016002,10025626,ADRNL,0.09481056625748618,0.11848267250313271
train_male_test_female,full,90283016002,10139044,ADRNL,0.008111264516661554,0.11848267250313271
train_male_test_female,full,90430016002,10561072,ADRNL,0.020616096140043116,0.11848267250313271
train_male_test_female,full,90223016002,10025707,ADRNL,0.010270846587752236,0.11848267250313271
train_male_test_female,full,90422016002,10422463,ADRNL,0.0330459915328567,0.11848267250313271
train_male_test_female,full,90222016902,10025626,BAT,0.02173074856581969,0.11848267250313271
train_male_test_female,full,90223016902,10025707,BAT,0.4757234948913509,0.11848267250313271
train_male_test_female,full,90283016902,10139044,BAT,0.1777288027700572,0.11848267250313271
train_male_test_female,full,90292016902,10220917,BAT,0.015280850549451053,0.11848267250313271
train_male_test_female,full,90422016902,10422463,BAT,0.01878155352458577,0.11848267250313271
train_male_test_female,full,90430016902,10561072,BAT,0.09906447225624515,0.11848267250313271
train_male_test_female,full,90449016902,10641858,BAT,0.016761386454796745,0.11848267250313271
train_male_test_female,full,90450016902,10672656,BAT,0.0501338915387306,0.11848267250313271
train_male_test_female,full,90292013001,10220917,BLOOD,0.005929082839529309,0.11848267250313271
train_male_test_female,full,90283013001,10139044,BLOOD,0.007238424095105667,0.11848267250313271
train_male_test_female,full,90422013002,10422463,BLOOD,0.006131486147029075,0.11848267250313271
train_male_test_female,full,90430013001,10561072,BLOOD,0.006270068675204854,0.11848267250313271
train_male_test_female,full,90449013001,10641858,BLOOD,0.006179590379010835,0.11848267250313271
train_male_test_female,full,90450013001,10672656,BLOOD,0.006212814835912073,0.11848267250313271
train_male_test_female,full,90223013002,10025707,BLOOD,0.005360338880559756,0.11848267250313271
train_male_test_female,full,90222013002,10025626,BLOOD,0.005473938758336683,0.11848267250313271
train_male_test_female,full,90430016102,10561072,COLON,0.015818366685664498,0.11848267250313271
train_male_test_female,full,90283016102,10139044,COLON,0.016067319464175944,0.11848267250313271
train_male_test_female,full,90292016102,10220917,COLON,0.023784420510792215,0.11848267250313271
train_male_test_female,full,90450016102,10672656,COLON,0.014891927016830175,0.11848267250313271
train_male_test_female,full,90422016102,10422463,COLON,0.015502875081893297,0.11848267250313271
train_male_test_female,full,90223016102,10025707,COLON,0.014094434580503079,0.11848267250313271
train_male_test_female,full,90222016102,10025626,COLON,0.016083728815159182,0.11848267250313271
train_male_test_female,full,90449016102,10641858,COLON,0.015157664146827399,0.11848267250313271
train_male_test_female,full,90222015302,10025626,CORTEX,0.10456082159896551,0.11848267250313271
train_male_test_female,full,90223015302,10025707,CORTEX,0.10708297466495986,0.11848267250313271
train_male_test_female,full,90283015302,10139044,CORTEX,0.10810413341304892,0.11848267250313271
train_male_test_female,full,90292015302,10220917,CORTEX,0.05315919350366716,0.11848267250313271
train_male_test_female,full,90422015302,10422463,CORTEX,0.07060004288717758,0.11848267250313271
train_male_test_female,full,90430015302,10561072,CORTEX,0.0643928645840327,0.11848267250313271
train_male_test_female,full,90449015302,10641858,CORTEX,0.06278062563814013,0.11848267250313271
train_male_test_female,full,90450015302,10672656,CORTEX,0.06664565899839259,0.11848267250313271
train_male_test_female,full,90430015803,10561072,HEART,0.023470193134358164,0.11848267250313271
train_male_test_female,full,90222015803,10025626,HEART,0.023354891573769132,0.11848267250313271
train_male_test_female,full,90422015803,10422463,HEART,0.021329303771561947,0.11848267250313271
train_male_test_female,full,90292015803,10220917,HEART,0.01871358014717428,0.11848267250313271
train_male_test_female,full,90449015803,10641858,HEART,0.017932620058930482,0.11848267250313271
train_male_test_female,full,90450015803,10672656,HEART,0.019445708824849972,0.11848267250313271
train_male_test_female,full,90283015803,10139044,HEART,0.020100373707531816,0.11848267250313271
train_male_test_female,full,90223015803,10025707,HEART,0.020054634983921238,0.11848267250313271
train_male_test_female,full,90222015202,10025626,HIPPOC,0.040897085100630615,0.11848267250313271
train_male_test_female,full,90223015202,10025707,HIPPOC,0.08570986796972291,0.11848267250313271
train_male_test_female,full,90283015202,10139044,HIPPOC,0.09904777174601775,0.11848267250313271
train_male_test_female,full,90292015202,10220917,HIPPOC,0.04190308230904083,0.11848267250313271
train_male_test_female,full,90422015202,10422463,HIPPOC,0.045310546067449775,0.11848267250313271
train_male_test_female,full,90430015202,10561072,HIPPOC,0.04974132809351284,0.11848267250313271
train_male_test_female,full,90449015202,10641858,HIPPOC,0.044761322303583984,0.11848267250313271
train_male_test_female,full,90450015202,10672656,HIPPOC,0.06888843243959919,0.11848267250313271
train_male_test_female,full,90222015402,10025626,HYPOTH,0.02407052843351376,0.11848267250313271
train_male_test_female,full,90223015402,10025707,HYPOTH,0.026965182527075693,0.11848267250313271
train_male_test_female,full,90283015402,10139044,HYPOTH,0.031889387450621975,0.11848267250313271
train_male_test_female,full,90292015402,10220917,HYPOTH,0.030840182334229915,0.11848267250313271
train_male_test_female,full,90422015402,10422463,HYPOTH,0.023357003934266096,0.11848267250313271
train_male_test_female,full,90430015402,10561072,HYPOTH,0.029891288557513662,0.11848267250313271
train_male_test_female,full,90449015402,10641858,HYPOTH,0.03616146033463241,0.11848267250313271
train_male_test_female,full,90450015402,10672656,HYPOTH,0.03629181728016073,0.11848267250313271
train_male_test_female,full,90222015902,10025626,KIDNEY,0.009908665571634945,0.11848267250313271
train_male_test_female,full,90223015902,10025707,KIDNEY,0.01025181969673239,0.11848267250313271
train_male_test_female,full,90283015902,10139044,KIDNEY,0.009771831222526228,0.11848267250313271
train_male_test_female,full,90292015902,10220917,KIDNEY,0.009686273588553451,0.11848267250313271
train_male_test_female,full,90422015902,10422463,KIDNEY,0.010060646826220765,0.11848267250313271
train_male_test_female,full,90430015902,10561072,KIDNEY,0.009628244770823802,0.11848267250313271
train_male_test_female,full,90449015902,10641858,KIDNEY,0.008889378694680317,0.11848267250313271
train_male_test_female,full,90450015902,10672656,KIDNEY,0.010470043885982605,0.11848267250313271
train_male_test_female,full,90222016803,10025626,LIVER,0.007935144958935658,0.11848267250313271
train_male_test_female,full,90223016803,10025707,LIVER,0.007053313978209297,0.11848267250313271
train_male_test_female,full,90283016803,10139044,LIVER,0.007048702569929066,0.11848267250313271
train_male_test_female,full,90292016803,10220917,LIVER,0.0074185166992308815,0.11848267250313271
train_male_test_female,full,90422016803,10422463,LIVER,0.007175299361444565,0.11848267250313271
train_male_test_female,full,90430016803,10561072,LIVER,0.007319175624448615,0.11848267250313271
train_male_test_female,full,90449016803,10641858,LIVER,0.007284987364953532,0.11848267250313271
train_male_test_female,full,90450016803,10672656,LIVER,0.007142568084584355,0.11848267250313271
train_male_test_female,full,90292016603,10220917,LUNG,0.014038936336546626,0.11848267250313271
train_male_test_female,full,90449016603,10641858,LUNG,0.01401481793116588,0.11848267250313271
train_male_test_female,full,90223016603,10025707,LUNG,0.013018743487021811,0.11848267250313271
train_male_test_female,full,90430016603,10561072,LUNG,0.012372205995530239,0.11848267250313271
train_male_test_female,full,90422016603,10422463,LUNG,0.013303927899093515,0.11848267250313271
train_male_test_female,full,90222016603,10025626,LUNG,0.015318229309780662,0.11848267250313271
train_male_test_female,full,90450016603,10672656,LUNG,0.012720389800333298,0.11848267250313271
train_male_test_female,full,90283016603,10139044,LUNG,0.01250629902099698,0.11848267250313271
train_male_test_female,full,90449015512,10641858,SKM-GN,0.2293199075351171,0.11848267250313271
train_male_test_female,full,90283015512,10139044,SKM-GN,0.06668049975653678,0.11848267250313271
train_male_test_female,full,90422015512,10422463,SKM-GN,0.16967807696878068,0.11848267250313271
train_male_test_female,full,90430015512,10561072,SKM-GN,0.08468596646268933,0.11848267250313271
train_male_test_female,full,90450015512,10672656,SKM-GN,0.12654989878890688,0.11848267250313271
train_male_test_female,full,90292015512,10220917,SKM-GN,0.13158453724723418,0.11848267250313271
train_male_test_female,full,90222015512,10025626,SKM-GN,0.18708475443741068,0.11848267250313271
train_male_test_female,full,90223015512,10025707,SKM-GN,0.16190492031602577,0.11848267250313271
train_male_test_female,full,90222015603,10025626,SKM-VL,0.568698156023034,0.11848267250313271
train_male_test_female,full,90223015603,10025707,SKM-VL,0.3114991109069515,0.11848267250313271
train_male_test_female,full,90283015603,10139044,SKM-VL,0.11848267250313271,0.11848267250313271
train_male_test_female,full,90292015603,10220917,SKM-VL,0.05762511724745456,0.11848267250313271
train_male_test_female,full,90422015603,10422463,SKM-VL,0.24553383552604313,0.11848267250313271
train_male_test_female,full,90430015603,10561072,SKM-VL,0.09230051153718932,0.11848267250313271
train_male_test_female,full,90449015603,10641858,SKM-VL,0.15249856026790476,0.11848267250313271
train_male_test_female,full,90450015603,10672656,SKM-VL,0.23577934290170655,0.11848267250313271
train_male_test_female,full,90449016702,10641858,SMLINT,0.010344610586256464,0.11848267250313271
train_male_test_female,full,90450016702,10672656,SMLINT,0.012182705471235122,0.11848267250313271
train_male_test_female,full,90223016702,10025707,SMLINT,0.011612518160003193,0.11848267250313271
train_male_test_female,full,90292016702,10220917,SMLINT,0.00789483607084307,0.11848267250313271
train_male_test_female,full,90283016702,10139044,SMLINT,0.04907884492811876,0.11848267250313271
train_male_test_female,full,90430016702,10561072,SMLINT,0.011140238196290175,0.11848267250313271
train_male_test_female,full,90422016702,10422463,SMLINT,0.010939616833271604,0.11848267250313271
train_male_test_female,full,90222016702,10025626,SMLINT,0.012239759736127787,0.11848267250313271
train_male_test_female,full,90222016202,10025626,SPLEEN,0.013739770774511939,0.11848267250313271
train_male_test_female,full,90223016202,10025707,SPLEEN,0.01620830706627696,0.11848267250313271
train_male_test_female,full,90283016202,10139044,SPLEEN,0.01845583770214998,0.11848267250313271
train_male_test_female,full,90292016202,10220917,SPLEEN,0.014996329989598767,0.11848267250313271
train_male_test_female,full,90422016202,10422463,SPLEEN,0.015361111380763681,0.11848267250313271
train_male_test_female,full,90430016202,10561072,SPLEEN,0.015425381300475549,0.11848267250313271
train_male_test_female,full,90449016202,10641858,SPLEEN,0.015409347684381403,0.11848267250313271
train_male_test_female,full,90450016202,10672656,SPLEEN,0.014342485045579112,0.11848267250313271
train_male_test_female,full,90422016302,10422463,TESTES,0.003805313072141936,0.11848267250313271
train_male_test_female,full,90292016302,10220917,TESTES,0.0037641284384913876,0.11848267250313271
train_male_test_female,full,90283016302,10139044,TESTES,0.0037534224440076702,0.11848267250313271
train_male_test_female,full,90449016302,10641858,TESTES,0.003575970848565313,0.11848267250313271
train_male_test_female,full,90430016302,10561072,TESTES,0.0037847228553212764,0.11848267250313271
train_male_test_female,full,90222016302,10025626,TESTES,0.003729614536743253,0.11848267250313271
train_male_test_female,full,90223016302,10025707,TESTES,0.0038198091293043523,0.11848267250313271
train_male_test_female,full,90450016302,10672656,TESTES,0.0035780589901668325,0.11848267250313271
train_male_test_female,full,90422016502,10422463,VENACV,0.0227149120906619,0.11848267250313271
train_male_test_female,full,90430016502,10561072,VENACV,0.010823088029458416,0.11848267250313271
train_male_test_female,full,90449016502,10641858,VENACV,0.013161393356489248,0.11848267250313271
train_male_test_female,full,90283016502,10139044,VENACV,0.012051212470188366,0.11848267250313271
train_male_test_female,full,90222016502,10025626,VENACV,0.02352727823090306,0.11848267250313271
train_male_test_female,full,90223016502,10025707,VENACV,0.00867694080842274,0.11848267250313271
train_male_test_female,full,90292016502,10220917,VENACV,0.01556511318153253,0.11848267250313271
train_male_test_female,full,90450016502,10672656,VENACV,0.04313542697948303,0.11848267250313271
train_male_test_female,full,90222017005,10025626,WAT-SC,0.0103893127830742,0.11848267250313271
train_male_test_female,full,90223017005,10025707,WAT-SC,0.009807078404423186,0.11848267250313271
train_male_test_female,full,90283017005,10139044,WAT-SC,0.010785385791834079,0.11848267250313271
train_male_test_female,full,90292017005,10220917,WAT-SC,0.011048821406495546,0.11848267250313271
train_male_test_female,full,90422017005,10422463,WAT-SC,0.017591143356606387,0.11848267250313271
train_male_test_female,full,90430017005,10561072,WAT-SC,0.08727958953377069,0.11848267250313271
train_male_test_female,full,90449017005,10641858,WAT-SC,0.014101054423546588,0.11848267250313271
train_male_test_female,full,90450017005,10672656,WAT-SC,0.011190749406488343,0.11848267250313271
train_male_test_female,panel_k50,90292016002,10220917,ADRNL,0.006202084620013815,0.07304315934235017
train_male_test_female,panel_k50,90450016002,10672656,ADRNL,0.00741289146732349,0.07304315934235017
train_male_test_female,panel_k50,90449016002,10641858,ADRNL,0.0060136385059752495,0.07304315934235017
train_male_test_female,panel_k50,90222016002,10025626,ADRNL,0.09452057519100288,0.07304315934235017
train_male_test_female,panel_k50,90283016002,10139044,ADRNL,0.0070268312760382035,0.07304315934235017
train_male_test_female,panel_k50,90430016002,10561072,ADRNL,0.010884885904948738,0.07304315934235017
train_male_test_female,panel_k50,90223016002,10025707,ADRNL,0.007184100656182357,0.07304315934235017
train_male_test_female,panel_k50,90422016002,10422463,ADRNL,0.018120615292883335,0.07304315934235017
train_male_test_female,panel_k50,90222016902,10025626,BAT,0.01541068762204234,0.07304315934235017
train_male_test_female,panel_k50,90223016902,10025707,BAT,0.5544105543546215,0.07304315934235017
train_male_test_female,panel_k50,90283016902,10139044,BAT,0.11089375837146409,0.07304315934235017
train_male_test_female,panel_k50,90292016902,10220917,BAT,0.012324172087050278,0.07304315934235017
train_male_test_female,panel_k50,90422016902,10422463,BAT,0.009838217480974687,0.07304315934235017
train_male_test_female,panel_k50,90430016902,10561072,BAT,0.05261284474460726,0.07304315934235017
train_male_test_female,panel_k50,90449016902,10641858,BAT,0.007512467590554905,0.07304315934235017
train_male_test_female,panel_k50,90450016902,10672656,BAT,0.019631814434704853,0.07304315934235017
train_male_test_female,panel_k50,90292013001,10220917,BLOOD,0.007921323958491655,0.07304315934235017
train_male_test_female,panel_k50,90283013001,10139044,BLOOD,0.010979711027651273,0.07304315934235017
train_male_test_female,panel_k50,90422013002,10422463,BLOOD,0.01050359882787677,0.07304315934235017
train_male_test_female,panel_k50,90430013001,10561072,BLOOD,0.011253818998425147,0.07304315934235017
train_male_test_female,panel_k50,90449013001,10641858,BLOOD,0.011631030453100988,0.07304315934235017
train_male_test_female,panel_k50,90450013001,10672656,BLOOD,0.01209876550419553,0.07304315934235017
train_male_test_female,panel_k50,90223013002,10025707,BLOOD,0.0068726803224622435,0.07304315934235017
train_male_test_female,panel_k50,90222013002,10025626,BLOOD,0.008236548154708756,0.07304315934235017
train_male_test_female,panel_k50,90430016102,10561072,COLON,0.006880355602272403,0.07304315934235017
train_male_test_female,panel_k50,90283016102,10139044,COLON,0.008010536697950488,0.07304315934235017
train_male_test_female,panel_k50,90292016102,10220917,COLON,0.0088081658563951,0.07304315934235017
train_male_test_female,panel_k50,90450016102,10672656,COLON,0.00712005417323458,0.07304315934235017
train_male_test_female,panel_k50,90422016102,10422463,COLON,0.007457509062908763,0.07304315934235017
train_male_test_female,panel_k50,90223016102,10025707,COLON,0.007096373335994555,0.07304315934235017
train_male_test_female,panel_k50,90222016102,10025626,COLON,0.007972533058053455,0.07304315934235017
train_male_test_female,panel_k50,90449016102,10641858,COLON,0.006981737702652313,0.07304315934235017
train_male_test_female,panel_k50,90222015302,10025626,CORTEX,0.08857241006405359,0.07304315934235017
train_male_test_female,panel_k50,90223015302,10025707,CORTEX,0.05033369134707322,0.07304315934235017
train_male_test_female,panel_k50,90283015302,10139044,CORTEX,0.03786811535713752,0.07304315934235017
train_male_test_female,panel_k50,90292015302,10220917,CORTEX,0.020249783786469244,0.07304315934235017
train_male_test_female,panel_k50,90422015302,10422463,CORTEX,0.017264685130595536,0.07304315934235017
train_male_test_female,panel_k50,90430015302,10561072,CORTEX,0.03629183805370417,0.07304315934235017
train_male_test_female,panel_k50,90449015302,10641858,CORTEX,0.04016762722243106,0.07304315934235017
train_male_test_female,panel_k50,90450015302,10672656,CORTEX,0.02026697845287706,0.07304315934235017
train_male_test_female,panel_k50,90430015803,10561072,HEART,0.02098244360950574,0.07304315934235017
train_male_test_female,panel_k50,90222015803,10025626,HEART,0.010641368012370589,0.07304315934235017
train_male_test_female,panel_k50,90422015803,10422463,HEART,0.008847207328138706,0.07304315934235017
train_male_test_female,panel_k50,90292015803,10220917,HEART,0.009062742826212333,0.07304315934235017
train_male_test_female,panel_k50,90449015803,10641858,HEART,0.00906299884192463,0.07304315934235017
train_male_test_female,panel_k50,90450015803,10672656,HEART,0.011040743509693085,0.07304315934235017
train_male_test_female,panel_k50,90283015803,10139044,HEART,0.013470422342330313,0.07304315934235017
train_male_test_female,panel_k50,90223015803,10025707,HEART,0.009173007549087675,0.07304315934235017
train_male_test_female,panel_k50,90222015202,10025626,HIPPOC,0.062483353174590306,0.07304315934235017
train_male_test_female,panel_k50,90223015202,10025707,HIPPOC,0.021779577211215262,0.07304315934235017
train_male_test_female,panel_k50,90283015202,10139044,HIPPOC,0.03999612986890233,0.07304315934235017
train_male_test_female,panel_k50,90292015202,10220917,HIPPOC,0.017629982319287696,0.07304315934235017
train_male_test_female,panel_k50,90422015202,10422463,HIPPOC,0.026846480555860475,0.07304315934235017
train_male_test_female,panel_k50,90430015202,10561072,HIPPOC,0.03425670085201049,0.07304315934235017
train_male_test_female,panel_k50,90449015202,10641858,HIPPOC,0.04457109251421887,0.07304315934235017
train_male_test_female,panel_k50,90450015202,10672656,HIPPOC,0.023679767381170502,0.07304315934235017
train_male_test_female,panel_k50,90222015402,10025626,HYPOTH,0.010346162272556803,0.07304315934235017
train_male_test_female,panel_k50,90223015402,10025707,HYPOTH,0.007015771995007025,0.07304315934235017
train_male_test_female,panel_k50,90283015402,10139044,HYPOTH,0.007605617168440881,0.07304315934235017
train_male_test_female,panel_k50,90292015402,10220917,HYPOTH,0.010590901241459338,0.07304315934235017
train_male_test_female,panel_k50,90422015402,10422463,HYPOTH,0.010001823981850011,0.07304315934235017
train_male_test_female,panel_k50,90430015402,10561072,HYPOTH,0.009678085279633208,0.07304315934235017
train_male_test_female,panel_k50,90449015402,10641858,HYPOTH,0.00569324653986325,0.07304315934235017
train_male_test_female,panel_k50,90450015402,10672656,HYPOTH,0.009361969596721309,0.07304315934235017
train_male_test_female,panel_k50,90222015902,10025626,KIDNEY,0.007749003539345045,0.07304315934235017
train_male_test_female,panel_k50,90223015902,10025707,KIDNEY,0.007775538741960353,0.07304315934235017
train_male_test_female,panel_k50,90283015902,10139044,KIDNEY,0.006995926863574198,0.07304315934235017
train_male_test_female,panel_k50,90292015902,10220917,KIDNEY,0.00745048984023533,0.07304315934235017
train_male_test_female,panel_k50,90422015902,10422463,KIDNEY,0.007194674195749373,0.07304315934235017
train_male_test_female,panel_k50,90430015902,10561072,KIDNEY,0.008113618071939221,0.07304315934235017
train_male_test_female,panel_k50,90449015902,10641858,KIDNEY,0.006955883818407171,0.07304315934235017
train_male_test_female,panel_k50,90450015902,10672656,KIDNEY,0.007687376910482935,0.07304315934235017
train_male_test_female,panel_k50,90222016803,10025626,LIVER,0.00705797093971372,0.07304315934235017
train_male_test_female,panel_k50,90223016803,10025707,LIVER,0.008090989964395723,0.07304315934235017
train_male_test_female,panel_k50,90283016803,10139044,LIVER,0.0068370226704587145,0.07304315934235017
train_male_test_female,panel_k50,90292016803,10220917,LIVER,0.006947628451176691,0.07304315934235017
train_male_test_female,panel_k50,90422016803,10422463,LIVER,0.0070356112069206445,0.07304315934235017
train_male_test_female,panel_k50,90430016803,10561072,LIVER,0.007152590935341596,0.07304315934235017
train_male_test_female,panel_k50,90449016803,10641858,LIVER,0.007186664453555536,0.07304315934235017
train_male_test_female,panel_k50,90450016803,10672656,LIVER,0.00691597605228178,0.07304315934235017
train_male_test_female,panel_k50,90292016603,10220917,LUNG,0.00998593345224097,0.07304315934235017
train_male_test_female,panel_k50,90449016603,10641858,LUNG,0.008169270624098002,0.07304315934235017
train_male_test_female,panel_k50,90223016603,10025707,LUNG,0.0077036509447783175,0.07304315934235017
train_male_test_female,panel_k50,90430016603,10561072,LUNG,0.007669477595598662,0.07304315934235017
train_male_test_female,panel_k50,90422016603,10422463,LUNG,0.00740390646540845,0.07304315934235017
train_male_test_female,panel_k50,90222016603,10025626,LUNG,0.010699649733395544,0.07304315934235017
train_male_test_female,panel_k50,90450016603,10672656,LUNG,0.007193827691339472,0.07304315934235017
train_male_test_female,panel_k50,90283016603,10139044,LUNG,0.007973600483938692,0.07304315934235017
train_male_test_female,panel_k50,90449015512,10641858,SKM-GN,0.08782450444725443,0.07304315934235017
train_male_test_female,panel_k50,90283015512,10139044,SKM-GN,0.03408052662295813,0.07304315934235017
train_male_test_female,panel_k50,90422015512,10422463,SKM-GN,0.07304315934235017,0.07304315934235017
train_male_test_female,panel_k50,90430015512,10561072,SKM-GN,0.05088562860183665,0.07304315934235017
train_male_test_female,panel_k50,90450015512,10672656,SKM-GN,0.12602755872042937,0.07304315934235017
train_male_test_female,panel_k50,90292015512,10220917,SKM-GN,0.11888120858465123,0.07304315934235017
train_male_test_female,panel_k50,90222015512,10025626,SKM-GN,0.32233007502590394,0.07304315934235017
train_male_test_female,panel_k50,90223015512,10025707,SKM-GN,0.1091500839637557,0.07304315934235017
train_male_test_female,panel_k50,90222015603,10025626,SKM-VL,0.6922199336619317,0.07304315934235017
train_male_test_female,panel_k50,90223015603,10025707,SKM-VL,0.5284149358216051,0.07304315934235017
train_male_test_female,panel_k50,90283015603,10139044,SKM-VL,0.024707179089077602,0.07304315934235017
train_male_test_female,panel_k50,90292015603,10220917,SKM-VL,0.00930612592050517,0.07304315934235017
train_male_test_female,panel_k50,90422015603,10422463,SKM-VL,0.04847938411224162,0.07304315934235017
train_male_test_female,panel_k50,90430015603,10561072,SKM-VL,0.06570291043830279,0.07304315934235017
train_male_test_female,panel_k50,90449015603,10641858,SKM-VL,0.19898217143459884,0.07304315934235017
train_male_test_female,panel_k50,90450015603,10672656,SKM-VL,0.40187770929213584,0.07304315934235017
train_male_test_female,panel_k50,90449016702,10641858,SMLINT,0.008396622751760563,0.07304315934235017
train_male_test_female,panel_k50,90450016702,10672656,SMLINT,0.008042672567645681,0.07304315934235017
train_male_test_female,panel_k50,90223016702,10025707,SMLINT,0.005210424010514858,0.07304315934235017
train_male_test_female,panel_k50,90292016702,10220917,SMLINT,0.006652194949100743,0.07304315934235017
train_male_test_female,panel_k50,90283016702,10139044,SMLINT,0.008891235320763413,0.07304315934235017
train_male_test_female,panel_k50,90430016702,10561072,SMLINT,0.006899673708265275,0.07304315934235017
train_male_test_female,panel_k50,90422016702,10422463,SMLINT,0.00599041757074692,0.07304315934235017
train_male_test_female,panel_k50,90222016702,10025626,SMLINT,0.007301443961333698,0.07304315934235017
train_male_test_female,panel_k50,90222016202,10025626,SPLEEN,0.014122743486494116,0.07304315934235017
train_male_test_female,panel_k50,90223016202,10025707,SPLEEN,0.01200625445964798,0.07304315934235017
train_male_test_female,panel_k50,90283016202,10139044,SPLEEN,0.010753887785821203,0.07304315934235017
train_male_test_female,panel_k50,90292016202,10220917,SPLEEN,0.013434185632831497,0.07304315934235017
train_male_test_female,panel_k50,90422016202,10422463,SPLEEN,0.012137725816841471,0.07304315934235017
train_male_test_female,panel_k50,90430016202,10561072,SPLEEN,0.012089845803233357,0.07304315934235017
train_male_test_female,panel_k50,90449016202,10641858,SPLEEN,0.01172096741201445,0.07304315934235017
train_male_test_female,panel_k50,90450016202,10672656,SPLEEN,0.013719588611782574,0.07304315934235017
train_male_test_female,panel_k50,90422016302,10422463,TESTES,0.009558159551043888,0.07304315934235017
train_male_test_female,panel_k50,90292016302,10220917,TESTES,0.009714354405451209,0.07304315934235017
train_male_test_female,panel_k50,90283016302,10139044,TESTES,0.00978842527340218,0.07304315934235017
train_male_test_female,panel_k50,90449016302,10641858,TESTES,0.00970148641022417,0.07304315934235017
train_male_test_female,panel_k50,90430016302,10561072,TESTES,0.009682709128930989,0.07304315934235017
train_male_test_female,panel_k50,90222016302,10025626,TESTES,0.009711502730250121,0.07304315934235017
train_male_test_female,panel_k50,90223016302,10025707,TESTES,0.009657322257196954,0.07304315934235017
train_male_test_female,panel_k50,90450016302,10672656,TESTES,0.009486668868823989,0.07304315934235017
train_male_test_female,panel_k50,90422016502,10422463,VENACV,0.003129940390567465,0.07304315934235017
train_male_test_female,panel_k50,90430016502,10561072,VENACV,0.0032894260569032996,0.07304315934235017
train_male_test_female,panel_k50,90449016502,10641858,VENACV,0.00536952031107274,0.07304315934235017
train_male_test_female,panel_k50,90283016502,10139044,VENACV,0.0028846028946064584,0.07304315934235017
train_male_test_female,panel_k50,90222016502,10025626,VENACV,0.005414951848790928,0.07304315934235017
train_male_test_female,panel_k50,90223016502,10025707,VENACV,0.003860020340865744,0.07304315934235017
train_male_test_female,panel_k50,90292016502,10220917,VENACV,0.0070878268801009,0.07304315934235017
train_male_test_female,panel_k50,90450016502,10672656,VENACV,0.009182346972127053,0.07304315934235017
train_male_test_female,panel_k50,90222017005,10025626,WAT-SC,0.006053073475501547,0.07304315934235017
train_male_test_female,panel_k50,90223017005,10025707,WAT-SC,0.006256391180182064,0.07304315934235017
train_male_test_female,panel_k50,90283017005,10139044,WAT-SC,0.0059683743886969065,0.07304315934235017
train_male_test_female,panel_k50,90292017005,10220917,WAT-SC,0.005570190235200889,0.07304315934235017
train_male_test_female,panel_k50,90422017005,10422463,WAT-SC,0.006316879281590526,0.07304315934235017
train_male_test_female,panel_k50,90430017005,10561072,WAT-SC,0.015759242407842322,0.07304315934235017
train_male_test_female,panel_k50,90449017005,10641858,WAT-SC,0.00691203194744805,0.07304315934235017
train_male_test_female,panel_k50,90450017005,10672656,WAT-SC,0.006679008825163701,0.07304315934235017
train_female_test_male,full,90576016002,10729518,ADRNL,0.001181148869717763,0.03585736850956778
train_female_test_male,full,90571016002,10953744,ADRNL,0.9955219086783615,0.03585736850956778
train_female_test_male,full,90587016002,10971645,ADRNL,0.0018581300163748038,0.03585736850956778
train_female_test_male,full,90420016002,10411690,ADRNL,0.001866760620056085,0.03585736850956778
train_female_test_male,full,90412016002,10337199,ADRNL,0.0024071410417219052,0.03585736850956778
train_female_test_male,full,90252016002,10044337,ADRNL,0.003463489855595192,0.03585736850956778
train_female_test_male,full,90251016002,10044256,ADRNL,0.0012122781425240037,0.03585736850956778
train_female_test_male,full,90567016002,10901434,ADRNL,0.0011783658182072942,0.03585736850956778
train_female_test_male,full,90251016902,10044256,BAT,0.006300472476196695,0.03585736850956778
train_female_test_male,full,90252016902,10044337,BAT,0.02110176099655181,0.03585736850956778
train_female_test_male,full,90412016902,10337199,BAT,0.018226262255759518,0.03585736850956778
train_female_test_male,full,90420016902,10411690,BAT,0.009899072220190042,0.03585736850956778
train_female_test_male,full,90567016902,10901434,BAT,0.015568441116253884,0.03585736850956778
train_female_test_male,full,90571016902,10953744,BAT,0.0051482590642100146,0.03585736850956778
train_female_test_male,full,90576016902,10729518,BAT,0.02397337860985027,0.03585736850956778
train_female_test_male,full,90587016902,10971645,BAT,0.039276147809036654,0.03585736850956778
train_female_test_male,full,90576013001,10729518,BLOOD,0.0017294901744573377,0.03585736850956778
train_female_test_male,full,90567013001,10901434,BLOOD,0.0008061288375350584,0.03585736850956778
train_female_test_male,full,90571013001,10953744,BLOOD,0.0005518048382804341,0.03585736850956778
train_female_test_male,full,90587013001,10971645,BLOOD,0.0006275805787847588,0.03585736850956778
train_female_test_male,full,90252013001,10044337,BLOOD,0.0006294019444244014,0.03585736850956778
train_female_test_male,full,90420013001,10411690,BLOOD,0.0031572503983238187,0.03585736850956778
train_female_test_male,full,90412013001,10337199,BLOOD,0.0008909962719836351,0.03585736850956778
train_female_test_male,full,90251013001,10044256,BLOOD,0.000925743065269824,0.03585736850956778
train_female_test_male,full,90576016102,10729518,COLON,0.002981995578054897,0.03585736850956778
train_female_test_male,full,90571016102,10953744,COLON,0.0024350958214025553,0.03585736850956778
train_female_test_male,full,90251016102,10044256,COLON,0.008305827151939726,0.03585736850956778
train_female_test_male,full,90567016102,10901434,COLON,0.002124389727283127,0.03585736850956778
train_female_test_male,full,90420016102,10411690,COLON,0.0015636578840367843,0.03585736850956778
train_female_test_male,full,90412016102,10337199,COLON,0.0025442060206674055,0.03585736850956778
train_female_test_male,full,90587016102,10971645,COLON,0.0016795144237283788,0.03585736850956778
train_female_test_male,full,90252016102,10044337,COLON,0.001410938712613663,0.03585736850956778
train_female_test_male,full,90251015302,10044256,CORTEX,0.023261365049993654,0.03585736850956778
train_female_test_male,full,90252015302,10044337,CORTEX,0.010192496657778438,0.03585736850956778
train_female_test_male,full,90412015302,10337199,CORTEX,0.020998626415405286,0.03585736850956778
train_female_test_male,full,90420015302,10411690,CORTEX,0.014904270212496185,0.03585736850956778
train_female_test_male,full,90567015302,10901434,CORTEX,0.03092068429870365,0.03585736850956778
train_female_test_male,full,90571015302,10953744,CORTEX,0.006762101741264015,0.03585736850956778
train_female_test_male,full,90576015302,10729518,CORTEX,0.02636257715258261,0.03585736850956778
train_female_test_male,full,90587015302,10971645,CORTEX,0.01266062604745366,0.03585736850956778
train_female_test_male,full,90412015803,10337199,HEART,0.0023005029398944776,0.03585736850956778
train_female_test_male,full,90420015803,10411690,HEART,0.0023395281233514753,0.03585736850956778
train_female_test_male,full,90576015803,10729518,HEART,0.002783714766184109,0.03585736850956778
train_female_test_male,full,90252015803,10044337,HEART,0.0027865304513702283,0.03585736850956778
train_female_test_male,full,90571015803,10953744,HEART,0.003465381126864564,0.03585736850956778
train_female_test_male,full,90567015803,10901434,HEART,0.002648752546762223,0.03585736850956778
train_female_test_male,full,90251015803,10044256,HEART,0.0027054327837688907,0.03585736850956778
train_female_test_male,full,90587015803,10971645,HEART,0.0022989410822040757,0.03585736850956778
train_female_test_male,full,90251015202,10044256,HIPPOC,0.03585736850956778,0.03585736850956778
train_female_test_male,full,90252015202,10044337,HIPPOC,0.014863496277452204,0.03585736850956778
train_female_test_male,full,90412015202,10337199,HIPPOC,0.014656815334264661,0.03585736850956778
train_female_test_male,full,90420015202,10411690,HIPPOC,0.007133435200646465,0.03585736850956778
train_female_test_male,full,90567015202,10901434,HIPPOC,0.13416240284902858,0.03585736850956778
train_female_test_male,full,90571015202,10953744,HIPPOC,0.01916176412182813,0.03585736850956778
train_female_test_male,full,90576015202,10729518,HIPPOC,0.005610568071369171,0.03585736850956778
train_female_test_male,full,90587015202,10971645,HIPPOC,0.004128650007218404,0.03585736850956778
train_female_test_male,full,90251015402,10044256,HYPOTH,0.006462986015091432,0.03585736850956778
train_female_test_male,full,90252015402,10044337,HYPOTH,0.01886113487085639,0.03585736850956778
train_female_test_male,full,90412015402,10337199,HYPOTH,0.009205954909248248,0.03585736850956778
train_female_test_male,full,90420015402,10411690,HYPOTH,0.019615436195546065,0.03585736850956778
train_female_test_male,full,90567015402,10901434,HYPOTH,0.022149509155450664,0.03585736850956778
train_female_test_male,full,90571015402,10953744,HYPOTH,0.015951886883050603,0.03585736850956778
train_female_test_male,full,90576015402,10729518,HYPOTH,0.02699537660477691,0.03585736850956778
train_female_test_male,full,90587015402,10971645,HYPOTH,0.01508030378080416,0.03585736850956778
train_female_test_male,full,90251015902,10044256,KIDNEY,0.0010995254442958124,0.03585736850956778
train_female_test_male,full,90252015902,10044337,KIDNEY,0.0011407654159093505,0.03585736850956778
train_female_test_male,full,90412015902,10337199,KIDNEY,0.0010268722776378691,0.03585736850956778
train_female_test_male,full,90420015902,10411690,KIDNEY,0.0009814366140580288,0.03585736850956778
train_female_test_male,full,90567015902,10901434,KIDNEY,0.001247679560956727,0.03585736850956778
train_female_test_male,full,90571015902,10953744,KIDNEY,0.001037947139504225,0.03585736850956778
train_female_test_male,full,90576015902,10729518,KIDNEY,0.00115192986920154,0.03585736850956778
train_female_test_male,full,90587015902,10971645,KIDNEY,0.0011998576523906124,0.03585736850956778
train_female_test_male,full,90251016803,10044256,LIVER,0.0009251458627030917,0.03585736850956778
train_female_test_male,full,90252016803,10044337,LIVER,0.0009974536880023033,0.03585736850956778
train_female_test_male,full,90412016803,10337199,LIVER,0.0008298306730157856,0.03585736850956778
train_female_test_male,full,90420016803,10411690,LIVER,0.0009464448097838973,0.03585736850956778
train_female_test_male,full,90567016803,10901434,LIVER,0.0007290403919283373,0.03585736850956778
train_female_test_male,full,90571016803,10953744,LIVER,0.000887288162191413,0.03585736850956778
train_female_test_male,full,90576016803,10729518,LIVER,0.0007995079304498054,0.03585736850956778
train_female_test_male,full,90587016803,10971645,LIVER,0.0007826353450329782,0.03585736850956778
train_female_test_male,full,90412016603,10337199,LUNG,0.0017252237743659027,0.03585736850956778
train_female_test_male,full,90587016603,10971645,LUNG,0.001430661817119927,0.03585736850956778
train_female_test_male,full,90252016603,10044337,LUNG,0.0018284982033520691,0.03585736850956778
train_female_test_male,full,90251016603,10044256,LUNG,0.0023852645875419576,0.03585736850956778
train_female_test_male,full,90576016603,10729518,LUNG,0.001448476354324435,0.03585736850956778
train_female_test_male,full,90567016603,10901434,LUNG,0.0020988769430030363,0.03585736850956778
train_female_test_male,full,90420016603,10411690,LUNG,0.0019307051182924084,0.03585736850956778
train_female_test_male,full,90571016603,10953744,LUNG,0.0016054453063386598,0.03585736850956778
train_female_test_male,full,90567016402,10901434,OVARY,0.003269456923069569,0.03585736850956778
train_female_test_male,full,90252016402,10044337,OVARY,0.001867873429788669,0.03585736850956778
train_female_test_male,full,90576016402,10729518,OVARY,0.006326794990868079,0.03585736850956778
train_female_test_male,full,90571016402,10953744,OVARY,0.0055132721010215935,0.03585736850956778
train_female_test_male,full,90587016402,10971645,OVARY,0.0027663656454371965,0.03585736850956778
train_female_test_male,full,90420016402,10411690,OVARY,0.0019456310565072465,0.03585736850956778
train_female_test_male,full,90412016402,10337199,OVARY,0.0025410237550690384,0.03585736850956778
train_female_test_male,full,90251016402,10044256,OVARY,0.0024157887700784197,0.03585736850956778
train_female_test_male,full,90576015512,10729518,SKM-GN,0.04991074064304146,0.03585736850956778
train_female_test_male,full,90587015512,10971645,SKM-GN,0.03880395709538276,0.03585736850956778
train_female_test_male,full,90420015512,10411690,SKM-GN,0.03572059534699423,0.03585736850956778
train_female_test_male,full,90412015512,10337199,SKM-GN,0.029932586422547147,0.03585736850956778
train_female_test_male,full,90252015512,10044337,SKM-GN,0.015894126144121667,0.03585736850956778
train_female_test_male,full,90567015512,10901434,SKM-GN,0.05084984469998877,0.03585736850956778
train_female_test_male,full,90251015512,10044256,SKM-GN,0.04593588448601915,0.03585736850956778
train_female_test_male,full,90571015512,10953744,SKM-GN,0.05886058897813651,0.03585736850956778
train_female_test_male,full,90251015603,10044256,SKM-VL,0.013449286336853272,0.03585736850956778
train_female_test_male,full,90252015603,10044337,SKM-VL,0.045417894814182125,0.03585736850956778
train_female_test_male,full,90412015603,10337199,SKM-VL,0.03224690155987153,0.03585736850956778
train_female_test_male,full,90420015603,10411690,SKM-VL,0.016829453482718915,0.03585736850956778
train_female_test_male,full,90567015603,10901434,SKM-VL,0.04511936623296853,0.03585736850956778
train_female_test_male,full,90571015603,10953744,SKM-VL,0.04640075149870504,0.03585736850956778
train_female_test_male,full,90576015603,10729518,SKM-VL,0.02548876271836753,0.03585736850956778
train_female_test_male,full,90587015603,10971645,SKM-VL,0.06640819858972624,0.03585736850956778
train_female_test_male,full,90576016702,10729518,SMLINT,0.0011065730586868883,0.03585736850956778
train_female_test_male,full,90587016702,10971645,SMLINT,0.002132472850445488,0.03585736850956778
train_female_test_male,full,90571016702,10953744,SMLINT,0.0011911526157722951,0.03585736850956778
train_female_test_male,full,90567016702,10901434,SMLINT,0.000980314175445418,0.03585736850956778
train_female_test_male,full,90420016702,10411690,SMLINT,0.0009216816327873856,0.03585736850956778
train_female_test_male,full,90412016702,10337199,SMLINT,0.001092028268852796,0.03585736850956778
train_female_test_male,full,90251016702,10044256,SMLINT,0.0035050102475856493,0.03585736850956778
train_female_test_male,full,90252016702,10044337,SMLINT,0.02335413762091021,0.03585736850956778
train_female_test_male,full,90251016202,10044256,SPLEEN,0.00204355974584014,0.03585736850956778
train_female_test_male,full,90252016202,10044337,SPLEEN,0.0020073874357489085,0.03585736850956778
train_female_test_male,full,90412016202,10337199,SPLEEN,0.0021093016819816457,0.03585736850956778
train_female_test_male,full,90420016202,10411690,SPLEEN,0.002120528633221763,0.03585736850956778
train_female_test_male,full,90567016202,10901434,SPLEEN,0.0019281237882836644,0.03585736850956778
train_female_test_male,full,90571016202,10953744,SPLEEN,0.0019880284239223167,0.03585736850956778
train_female_test_male,full,90576016202,10729518,SPLEEN,0.0017482265540734732,0.03585736850956778
train_female_test_male,full,90587016202,10971645,SPLEEN,0.002309809737625401,0.03585736850956778
train_female_test_male,full,90252016502,10044337,VENACV,0.03769994962220702,0.03585736850956778
train_female_test_male,full,90567016502,10901434,VENACV,0.009453831000448387,0.03585736850956778
train_female_test_male,full,90576016502,10729518,VENACV,0.00030678345771772975,0.03585736850956778
train_female_test_male,full,90587016502,10971645,VENACV,0.0033424843892235767,0.03585736850956778
train_female_test_male,full,90251016502,10044256,VENACV,0.003925243906234277,0.03585736850956778
train_female_test_male,full,90420016502,10411690,VENACV,0.0034484486031223227,0.03585736850956778
train_female_test_male,full,90412016502,10337199,VENACV,0.0019307535955771504,0.03585736850956778
train_female_test_male,full,90571016502,10953744,VENACV,0.008926300235602258,0.03585736850956778
train_female_test_male,full,90251017005,10044256,WAT-SC,0.006589946672223568,0.03585736850956778
train_female_test_male,full,90252017005,10044337,WAT-SC,0.0025475199019973083,0.03585736850956778
train_female_test_male,full,90412017005,10337199,WAT-SC,0.002614642562249192,0.03585736850956778
train_female_test_male,full,90420017005,10411690,WAT-SC,0.014792878175700408,0.03585736850956778
train_female_test_male,full,90567017005,10901434,WAT-SC,0.0031244376438424037,0.03585736850956778
train_female_test_male,full,90571017005,10953744,WAT-SC,0.0026060568613308632,0.03585736850956778
train_female_test_male,full,90576017005,10729518,WAT-SC,0.0034703643349911495,0.03585736850956778
train_female_test_male,full,90587017005,10971645,WAT-SC,0.001796065753245757,0.03585736850956778
train_female_test_male,panel_k50,90576016002,10729518,ADRNL,0.005403754259699078,0.14161698365069308
train_female_test_male,panel_k50,90571016002,10953744,ADRNL,0.9974456051960384,0.14161698365069308
train_female_test_male,panel_k50,90587016002,10971645,ADRNL,0.010377420777771706,0.14161698365069308
train_female_test_male,panel_k50,90420016002,10411690,ADRNL,0.004636468359898949,0.14161698365069308
train_female_test_male,panel_k50,90412016002,10337199,ADRNL,0.010920193187170524,0.14161698365069308
train_female_test_male,panel_k50,90252016002,10044337,ADRNL,0.01868408252626841,0.14161698365069308
train_female_test_male,panel_k50,90251016002,10044256,ADRNL,0.007161206169324585,0.14161698365069308
train_female_test_male,panel_k50,90567016002,10901434,ADRNL,0.004663150219296752,0.14161698365069308
train_female_test_male,panel_k50,90251016902,10044256,BAT,0.12356175411405179,0.14161698365069308
train_female_test_male,panel_k50,90252016902,10044337,BAT,0.35820128121846095,0.14161698365069308
train_female_test_male,panel_k50,90412016902,10337199,BAT,0.15561330294658982,0.14161698365069308
train_female_test_male,panel_k50,90420016902,10411690,BAT,0.2290928561206964,0.14161698365069308
train_female_test_male,panel_k50,90567016902,10901434,BAT,0.19143471921223054,0.14161698365069308
train_female_test_male,panel_k50,90571016902,10953744,BAT,0.14161698365069308,0.14161698365069308
train_female_test_male,panel_k50,90576016902,10729518,BAT,0.13711347889261183,0.14161698365069308
train_female_test_male,panel_k50,90587016902,10971645,BAT,0.17132883208657712,0.14161698365069308
train_female_test_male,panel_k50,90576013001,10729518,BLOOD,0.018009326517190782,0.14161698365069308
train_female_test_male,panel_k50,90567013001,10901434,BLOOD,0.013829132401521949,0.14161698365069308
train_female_test_male,panel_k50,90571013001,10953744,BLOOD,0.0074050682866811934,0.14161698365069308
train_female_test_male,panel_k50,90587013001,10971645,BLOOD,0.011371684444309249,0.14161698365069308
train_female_test_male,panel_k50,90252013001,10044337,BLOOD,0.005565165274735273,0.14161698365069308
train_female_test_male,panel_k50,90420013001,10411690,BLOOD,0.019072209627930103,0.14161698365069308
train_female_test_male,panel_k50,90412013001,10337199,BLOOD,0.011621929163471156,0.14161698365069308
train_female_test_male,panel_k50,90251013001,10044256,BLOOD,0.009159775790943736,0.14161698365069308
train_female_test_male,panel_k50,90576016102,10729518,COLON,0.008739202399663637,0.14161698365069308
train_female_test_male,panel_k50,90571016102,10953744,COLON,0.007512391281347841,0.14161698365069308
train_female_test_male,panel_k50,90251016102,10044256,COLON,0.01155195598551928,0.14161698365069308
train_female_test_male,panel_k50,90567016102,10901434,COLON,0.007930499805003377,0.14161698365069308
train_female_test_male,panel_k50,90420016102,10411690,COLON,0.00687824473561105,0.14161698365069308
train_female_test_male,panel_k50,90412016102,10337199,COLON,0.009431396554586358,0.14161698365069308
train_female_test_male,panel_k50,90587016102,10971645,COLON,0.007698403306074186,0.14161698365069308
train_female_test_male,panel_k50,90252016102,10044337,COLON,0.00638980742216666,0.14161698365069308
train_female_test_male,panel_k50,90251015302,10044256,CORTEX,0.02353848259201352,0.14161698365069308
train_female_test_male,panel_k50,90252015302,10044337,CORTEX,0.02463245239523637,0.14161698365069308
train_female_test_male,panel_k50,90412015302,10337199,CORTEX,0.03211320711616439,0.14161698365069308
train_female_test_male,panel_k50,90420015302,10411690,CORTEX,0.022186319671523513,0.14161698365069308
train_female_test_male,panel_k50,90567015302,10901434,CORTEX,0.11915159901970274,0.14161698365069308
train_female_test_male,panel_k50,90571015302,10953744,CORTEX,0.015467304471809995,0.14161698365069308
train_female_test_male,panel_k50,90576015302,10729518,CORTEX,0.03796260119129269,0.14161698365069308
train_female_test_male,panel_k50,90587015302,10971645,CORTEX,0.03026342488929723,0.14161698365069308
train_female_test_male,panel_k50,90412015803,10337199,HEART,0.02291848775365246,0.14161698365069308
train_female_test_male,panel_k50,90420015803,10411690,HEART,0.021779906900662782,0.14161698365069308
train_female_test_male,panel_k50,90576015803,10729518,HEART,0.01977330866537841,0.14161698365069308
train_female_test_male,panel_k50,90252015803,10044337,HEART,0.025972699952813372,0.14161698365069308
train_female_test_male,panel_k50,90571015803,10953744,HEART,0.020600688642694154,0.14161698365069308
train_female_test_male,panel_k50,90567015803,10901434,HEART,0.019818795411774115,0.14161698365069308
train_female_test_male,panel_k50,90251015803,10044256,HEART,0.031749259567430244,0.14161698365069308
train_female_test_male,panel_k50,90587015803,10971645,HEART,0.021573866065384584,0.14161698365069308
train_female_test_male,panel_k50,90251015202,10044256,HIPPOC,0.05411601997454185,0.14161698365069308
train_female_test_male,panel_k50,90252015202,10044337,HIPPOC,0.06513935964104112,0.14161698365069308
train_female_test_male,panel_k50,90412015202,10337199,HIPPOC,0.06697782214878034,0.14161698365069308
train_female_test_male,panel_k50,90420015202,10411690,HIPPOC,0.07647608633534675,0.14161698365069308
train_female_test_male,panel_k50,90567015202,10901434,HIPPOC,0.0788484830525028,0.14161698365069308
train_female_test_male,panel_k50,90571015202,10953744,HIPPOC,0.066373883638705,0.14161698365069308
train_female_test_male,panel_k50,90576015202,10729518,HIPPOC,0.06372209649857052,0.14161698365069308
train_female_test_male,panel_k50,90587015202,10971645,HIPPOC,0.05719308766529596,0.14161698365069308
train_female_test_male,panel_k50,90251015402,10044256,HYPOTH,0.04821162287918157,0.14161698365069308
train_female_test_male,panel_k50,90252015402,10044337,HYPOTH,0.07840126058738195,0.14161698365069308
train_female_test_male,panel_k50,90412015402,10337199,HYPOTH,0.08184574933730482,0.14161698365069308
train_female_test_male,panel_k50,90420015402,10411690,HYPOTH,0.06624541384395455,0.14161698365069308
train_female_test_male,panel_k50,90567015402,10901434,HYPOTH,0.08985621072425554,0.14161698365069308
train_female_test_male,panel_k50,90571015402,10953744,HYPOTH,0.07308127642272422,0.14161698365069308
train_female_test_male,panel_k50,90576015402,10729518,HYPOTH,0.061635842827093335,0.14161698365069308
train_female_test_male,panel_k50,90587015402,10971645,HYPOTH,0.05463243846541588,0.14161698365069308
train_female_test_male,panel_k50,90251015902,10044256,KIDNEY,0.007438661672232061,0.14161698365069308
train_female_test_male,panel_k50,90252015902,10044337,KIDNEY,0.0076297158473604965,0.14161698365069308
train_female_test_male,panel_k50,90412015902,10337199,KIDNEY,0.006077956873977275,0.14161698365069308
train_female_test_male,panel_k50,90420015902,10411690,KIDNEY,0.0071510770451322925,0.14161698365069308
train_female_test_male,panel_k50,90567015902,10901434,KIDNEY,0.007588319484113648,0.14161698365069308
train_female_test_male,panel_k50,90571015902,10953744,KIDNEY,0.007599652057895145,0.14161698365069308
train_female_test_male,panel_k50,90576015902,10729518,KIDNEY,0.007548848451694901,0.14161698365069308
train_female_test_male,panel_k50,90587015902,10971645,KIDNEY,0.007970430737505696,0.14161698365069308
train_female_test_male,panel_k50,90251016803,10044256,LIVER,0.007722931380418352,0.14161698365069308
train_female_test_male,panel_k50,90252016803,10044337,LIVER,0.00780178476744442,0.14161698365069308
train_female_test_male,panel_k50,90412016803,10337199,LIVER,0.007717010342610187,0.14161698365069308
train_female_test_male,panel_k50,90420016803,10411690,LIVER,0.007562293391557229,0.14161698365069308
train_female_test_male,panel_k50,90567016803,10901434,LIVER,0.006835297366240778,0.14161698365069308
train_female_test_male,panel_k50,90571016803,10953744,LIVER,0.006848963063604607,0.14161698365069308
train_female_test_male,panel_k50,90576016803,10729518,LIVER,0.007044107253906917,0.14161698365069308
train_female_test_male,panel_k50,90587016803,10971645,LIVER,0.006933315175723709,0.14161698365069308
train_female_test_male,panel_k50,90412016603,10337199,LUNG,0.007271104726003674,0.14161698365069308
train_female_test_male,panel_k50,90587016603,10971645,LUNG,0.00752515477490423,0.14161698365069308
train_female_test_male,panel_k50,90252016603,10044337,LUNG,0.007263395916925375,0.14161698365069308
train_female_test_male,panel_k50,90251016603,10044256,LUNG,0.0078017305938407056,0.14161698365069308
train_female_test_male,panel_k50,90576016603,10729518,LUNG,0.0070856376111798625,0.14161698365069308
train_female_test_male,panel_k50,90567016603,10901434,LUNG,0.00838864530135941,0.14161698365069308
train_female_test_male,panel_k50,90420016603,10411690,LUNG,0.007717200339500074,0.14161698365069308
train_female_test_male,panel_k50,90571016603,10953744,LUNG,0.007820917901596447,0.14161698365069308
train_female_test_male,panel_k50,90567016402,10901434,OVARY,0.016768035567344075,0.14161698365069308
train_female_test_male,panel_k50,90252016402,10044337,OVARY,0.0062922194593559855,0.14161698365069308
train_female_test_male,panel_k50,90576016402,10729518,OVARY,0.027110435072256633,0.14161698365069308
train_female_test_male,panel_k50,90571016402,10953744,OVARY,0.026949738687331415,0.14161698365069308
train_female_test_male,panel_k50,90587016402,10971645,OVARY,0.008234796334074534,0.14161698365069308
train_female_test_male,panel_k50,90420016402,10411690,OVARY,0.004598439582355507,0.14161698365069308
train_female_test_male,panel_k50,90412016402,10337199,OVARY,0.006310084023559814,0.14161698365069308
train_female_test_male,panel_k50,90251016402,10044256,OVARY,0.009627038125167853,0.14161698365069308
train_female_test_male,panel_k50,90576015512,10729518,SKM-GN,0.08620031714606113,0.14161698365069308
train_female_test_male,panel_k50,90587015512,10971645,SKM-GN,0.02954793349775997,0.14161698365069308
train_female_test_male,panel_k50,90420015512,10411690,SKM-GN,0.1821202641498535,0.14161698365069308
train_female_test_male,panel_k50,90412015512,10337199,SKM-GN,0.05438734724125294,0.14161698365069308
train_female_test_male,panel_k50,90252015512,10044337,SKM-GN,0.03470617202496307,0.14161698365069308
train_female_test_male,panel_k50,90567015512,10901434,SKM-GN,0.1283499027430861,0.14161698365069308
train_female_test_male,panel_k50,90251015512,10044256,SKM-GN,0.052891642745845124,0.14161698365069308
train_female_test_male,panel_k50,90571015512,10953744,SKM-GN,0.10958966995021635,0.14161698365069308
train_female_test_male,panel_k50,90251015603,10044256,SKM-VL,0.016561288414341124,0.14161698365069308
train_female_test_male,panel_k50,90252015603,10044337,SKM-VL,0.09244292485153782,0.14161698365069308
train_female_test_male,panel_k50,90412015603,10337199,SKM-VL,0.06649121814363823,0.14161698365069308
train_female_test_male,panel_k50,90420015603,10411690,SKM-VL,0.036736306927142914,0.14161698365069308
train_female_test_male,panel_k50,90567015603,10901434,SKM-VL,0.08744013155588115,0.14161698365069308
train_female_test_male,panel_k50,90571015603,10953744,SKM-VL,0.049507925322904156,0.14161698365069308
train_female_test_male,panel_k50,90576015603,10729518,SKM-VL,0.08654477601321786,0.14161698365069308
train_female_test_male,panel_k50,90587015603,10971645,SKM-VL,0.1424469947139001,0.14161698365069308
train_female_test_male,panel_k50,90576016702,10729518,SMLINT,0.008315209663273926,0.14161698365069308
train_female_test_male,panel_k50,90587016702,10971645,SMLINT,0.011728665830186613,0.14161698365069308
train_female_test_male,panel_k50,90571016702,10953744,SMLINT,0.008409618911595307,0.14161698365069308
train_female_test_male,panel_k50,90567016702,10901434,SMLINT,0.009369087650844987,0.14161698365069308
train_female_test_male,panel_k50,90420016702,10411690,SMLINT,0.009503996181232544,0.14161698365069308
train_female_test_male,panel_k50,90412016702,10337199,SMLINT,0.011464529704496074,0.14161698365069308
train_female_test_male,panel_k50,90251016702,10044256,SMLINT,0.010869190253728345,0.14161698365069308
train_female_test_male,panel_k50,90252016702,10044337,SMLINT,0.03213065372055757,0.14161698365069308
train_female_test_male,panel_k50,90251016202,10044256,SPLEEN,0.014104002966317752,0.14161698365069308
train_female_test_male,panel_k50,90252016202,10044337,SPLEEN,0.01556011683274805,0.14161698365069308
train_female_test_male,panel_k50,90412016202,10337199,SPLEEN,0.011792698245452482,0.14161698365069308
train_female_test_male,panel_k50,90420016202,10411690,SPLEEN,0.011871069052067362,0.14161698365069308
train_female_test_male,panel_k50,90567016202,10901434,SPLEEN,0.015753940652152965,0.14161698365069308
train_female_test_male,panel_k50,90571016202,10953744,SPLEEN,0.012701834316607763,0.14161698365069308
train_female_test_male,panel_k50,90576016202,10729518,SPLEEN,0.016038810887659682,0.14161698365069308
train_female_test_male,panel_k50,90587016202,10971645,SPLEEN,0.011327672296136182,0.14161698365069308
train_female_test_male,panel_k50,90252016502,10044337,VENACV,0.021479298477523057,0.14161698365069308
train_female_test_male,panel_k50,90567016502,10901434,VENACV,0.21515087890641227,0.14161698365069308
train_female_test_male,panel_k50,90576016502,10729518,VENACV,0.2898261801496983,0.14161698365069308
train_female_test_male,panel_k50,90587016502,10971645,VENACV,0.14691065376927126,0.14161698365069308
train_female_test_male,panel_k50,90251016502,10044256,VENACV,0.01900875225349674,0.14161698365069308
train_female_test_male,panel_k50,90420016502,10411690,VENACV,0.16086368716784671,0.14161698365069308
train_female_test_male,panel_k50,90412016502,10337199,VENACV,0.009059212577476106,0.14161698365069308
train_female_test_male,panel_k50,90571016502,10953744,VENACV,0.4547265462911494,0.14161698365069308
train_female_test_male,panel_k50,90251017005,10044256,WAT-SC,0.008254374793027819,0.14161698365069308
train_female_test_male,panel_k50,90252017005,10044337,WAT-SC,0.015151472084135476,0.14161698365069308
train_female_test_male,panel_k50,90412017005,10337199,WAT-SC,0.006140390916211658,0.14161698365069308
train_female_test_male,panel_k50,90420017005,10411690,WAT-SC,0.017777981742305604,0.14161698365069308
train_female_test_male,panel_k50,90567017005,10901434,WAT-SC,0.012169575416964729,0.14161698365069308
train_female_test_male,panel_k50,90571017005,10953744,WAT-SC,0.005203183934526678,0.14161698365069308
train_female_test_male,panel_k50,90576017005,10729518,WAT-SC,0.0075024961554681635,0.14161698365069308
train_female_test_male,panel_k50,90587017005,10971645,WAT-SC,0.00814626724248535,0.14161698365069308
holdout_group_8w,full,90292016002,10220917,ADRNL,5.2627195297527685e-05,0.0038872148091979586
holdout_group_8w,full,90576016002,10729518,ADRNL,9.70499724683993e-05,0.0038872148091979586
holdout_group_8w,full,90416016002,10381414,ADRNL,9.639705421227163e-05,0.0038872148091979586
holdout_group_8w,full,90441016002,10502300,ADRNL,8.941080481772445e-05,0.0038872148091979586
holdout_group_8w,full,90571016002,10953744,ADRNL,0.9957237278895116,0.0038872148091979586
holdout_group_8w,full,90587016002,10971645,ADRNL,9.916941766352494e-05,0.0038872148091979586
holdout_group_8w,full,90248016002,10043950,ADRNL,0.00011424004203874905,0.0038872148091979586
holdout_group_8w,full,90564016002,10833331,ADRNL,0.0001270949022340595,0.0038872148091979586
holdout_group_8w,full,90412016002,10337199,ADRNL,0.00011306196678417813,0.0038872148091979586
holdout_group_8w,full,90283016002,10139044,ADRNL,7.097961419721965e-05,0.0038872148091979586
holdout_group_8w,full,90232016002,10026789,ADRNL,0.00010385538828094898,0.0038872148091979586
holdout_group_8w,full,90422016002,10422463,ADRNL,0.0002614470002630931,0.0038872148091979586
holdout_group_8w,full,90232016902,10026789,BAT,0.0003406526413362032,0.0038872148091979586
holdout_group_8w,full,90248016902,10043950,BAT,0.00037373183330113857,0.0038872148091979586
holdout_group_8w,full,90283016902,10139044,BAT,0.0011662487518294684,0.0038872148091979586
holdout_group_8w,full,90292016902,10220917,BAT,0.0020068856578955296,0.0038872148091979586
holdout_group_8w,full,90412016902,10337199,BAT,0.0021962387247624893,0.0038872148091979586
holdout_group_8w,full,90416016902,10381414,BAT,0.0005023920812232685,0.0038872148091979586
holdout_group_8w,full,90422016902,10422463,BAT,0.0005021879898642334,0.0038872148091979586
holdout_group_8w,full,90441016902,10502300,BAT,0.0004968592176879394,0.0038872148091979586
holdout_group_8w,full,90564016902,10833331,BAT,0.0007495147672041957,0.0038872148091979586
holdout_group_8w,full,90571016902,10953744,BAT,0.0003878687166425365,0.0038872148091979586
holdout_group_8w,full,90576016902,10729518,BAT,0.003321266766129094,0.0038872148091979586
holdout_group_8w,full,90587016902,10971645,BAT,0.0038764037433552945,0.0038872148091979586
holdout_group_8w,full,90576013001,10729518,BLOOD,0.0003548418899375072,0.0038872148091979586
holdout_group_8w,full,90564013001,10833331,BLOOD,8.056235414677371e-05,0.0038872148091979586
holdout_group_8w,full,90571013001,10953744,BLOOD,5.839254362383084e-05,0.0038872148091979586
holdout_group_8w,full,90587013001,10971645,BLOOD,7.189892123249386e-05,0.0038872148091979586
holdout_group_8w,full,90292013001,10220917,BLOOD,0.0001445232995936907,0.0038872148091979586
holdout_group_8w,full,90416013001,10381414,BLOOD,0.00023213460356408255,0.0038872148091979586
holdout_group_8w,full,90283013001,10139044,BLOOD,0.00022334269320989364,0.0038872148091979586
holdout_group_8w,full,90441013002,10502300,BLOOD,0.00014515439883733272,0.0038872148091979586
holdout_group_8w,full,90422013002,10422463,BLOOD,0.00013846531904537773,0.0038872148091979586
holdout_group_8w,full,90412013001,10337199,BLOOD,0.0001310553086112387,0.0038872148091979586
holdout_group_8w,full,90248013001,10043950,BLOOD,0.00011150798074377466,0.0038872148091979586
holdout_group_8w,full,90232013002,10026789,BLOOD,0.00017494034743748,0.0038872148091979586
holdout_group_8w,full,90576016102,10729518,COLON,0.0005397845316438277,0.0038872148091979586
holdout_group_8w,full,90571016102,10953744,COLON,0.0004112241044149645,0.0038872148091979586
holdout_group_8w,full,90283016102,10139044,COLON,0.00015157734923909594,0.0038872148091979586
holdout_group_8w,full,90416016102,10381414,COLON,0.0002819046669647607,0.0038872148091979586
holdout_group_8w,full,90292016102,10220917,COLON,0.0005171378710207009,0.0038872148091979586
holdout_group_8w,full,90248016102,10043950,COLON,0.0004191579096446407,0.0038872148091979586
holdout_group_8w,full,90232016102,10026789,COLON,0.00018309250214076922,0.0038872148091979586
holdout_group_8w,full,90422016102,10422463,COLON,0.00018142887887429016,0.0038872148091979586
holdout_group_8w,full,90412016102,10337199,COLON,0.0003861564020930519,0.0038872148091979586
holdout_group_8w,full,90564016102,10833331,COLON,0.00047397358653900046,0.0038872148091979586
holdout_group_8w,full,90587016102,10971645,COLON,0.00018500112971564509,0.0038872148091979586
holdout_group_8w,full,90441016102,10502300,COLON,0.00024893550214866167,0.0038872148091979586
holdout_group_8w,full,90232015302,10026789,CORTEX,0.00043942150958176107,0.0038872148091979586
holdout_group_8w,full,90248015302,10043950,CORTEX,0.0005956769331856293,0.0038872148091979586
holdout_group_8w,full,90283015302,10139044,CORTEX,0.0038872148091979586,0.0038872148091979586
holdout_group_8w,full,90292015302,10220917,CORTEX,0.0008361649036007224,0.0038872148091979586
holdout_group_8w,full,90412015302,10337199,CORTEX,0.001728958906567435,0.0038872148091979586
holdout_group_8w,full,90416015302,10381414,CORTEX,0.0008963510347195225,0.0038872148091979586
holdout_group_8w,full,90422015302,10422463,CORTEX,0.0008546239459817917,0.0038872148091979586
holdout_group_8w,full,90441015302,10502300,CORTEX,0.0021298180921542897,0.0038872148091979586
holdout_group_8w,full,90564015302,10833331,CORTEX,0.0012508950563662191,0.0038872148091979586
holdout_group_8w,full,90571015302,10953744,CORTEX,0.00041227398734089427,0.0038872148091979586
holdout_group_8w,full,90576015302,10729518,CORTEX,0.0025444389658807465,0.0038872148091979586
holdout_group_8w,full,90587015302,10971645,CORTEX,0.00097236618408858,0.0038872148091979586
holdout_group_8w,full,90412015803,10337199,HEART,0.00021098985698042583,0.0038872148091979586
holdout_group_8w,full,90248015803,10043950,HEART,0.0002856345299621088,0.0038872148091979586
holdout_group_8w,full,90564015803,10833331,HEART,0.0002024045978942235,0.0038872148091979586
holdout_group_8w,full,90576015803,10729518,HEART,0.000294634976732544,0.0038872148091979586
holdout_group_8w,full,90422015803,10422463,HEART,0.0002908685448548276,0.0038872148091979586
holdout_group_8w,full,90571015803,10953744,HEART,0.0004604024074039703,0.0038872148091979586
holdout_group_8w,full,90292015803,10220917,HEART,0.00020232765687266951,0.0038872148091979586
holdout_group_8w,full,90416015803,10381414,HEART,0.0005587746933494175,0.0038872148091979586
holdout_group_8w,full,90441015803,10502300,HEART,0.0003141037512258693,0.0038872148091979586
holdout_group_8w,full,90283015803,10139044,HEART,0.00022600839101671877,0.0038872148091979586
holdout_group_8w,full,90587015803,10971645,HEART,0.0002260299123295617,0.0038872148091979586
holdout_group_8w,full,90232015803,10026789,HEART,0.00025520765787845345,0.0038872148091979586
holdout_group_8w,full,90232015202,10026789,HIPPOC,0.004514776432578915,0.0038872148091979586
holdout_group_8w,full,90248015202,10043950,HIPPOC,0.0004893461640331775,0.0038872148091979586
holdout_group_8w,full,90283015202,10139044,HIPPOC,0.0070389582898527925,0.0038872148091979586
holdout_group_8w,full,90292015202,10220917,HIPPOC,0.0001779588522710096,0.0038872148091979586
holdout_group_8w,full,90412015202,10337199,HIPPOC,0.0006244849396619401,0.0038872148091979586
holdout_group_8w,full,90416015202,10381414,HIPPOC,0.002768824625758004,0.0038872148091979586
holdout_group_8w,full,90422015202,10422463,HIPPOC,0.0002877676018699926,0.0038872148091979586
holdout_group_8w,full,90441015202,10502300,HIPPOC,0.0008009329928890807,0.0038872148091979586
holdout_group_8w,full,90564015202,10833331,HIPPOC,0.00026859738076889794,0.0038872148091979586
holdout_group_8w,full,90571015202,10953744,HIPPOC,0.0016170096243974807,0.0038872148091979586
holdout_group_8w,full,90576015202,10729518,HIPPOC,0.0001680311978506932,0.0038872148091979586
holdout_group_8w,full,90587015202,10971645,HIPPOC,0.0001152835099330618,0.0038872148091979586
holdout_group_8w,full,90232015402,10026789,HYPOTH,0.001998137866135563,0.0038872148091979586
holdout_group_8w,full,90248015402,10043950,HYPOTH,0.0002888337116522255,0.0038872148091979586
holdout_group_8w,full,90283015402,10139044,HYPOTH,0.00016571197330783605,0.0038872148091979586
holdout_group_8w,full,90292015402,10220917,HYPOTH,0.0003889566443537884,0.0038872148091979586
holdout_group_8w,full,90412015402,10337199,HYPOTH,0.0005057369996643857,0.0038872148091979586
holdout_group_8w,full,90416015402,10381414,HYPOTH,0.002886578827375974,0.0038872148091979586
holdout_group_8w,full,90422015402,10422463,HYPOTH,0.0017715964467951428,0.0038872148091979586
holdout_group_8w,full,90441015402,10502300,HYPOTH,0.007500518389298327,0.0038872148091979586
holdout_group_8w,full,90564015402,10833331,HYPOTH,0.010720153331240656,0.0038872148091979586
holdout_group_8w,full,90571015402,10953744,HYPOTH,0.0019317742387573444,0.0038872148091979586
holdout_group_8w,full,90576015402,10729518,HYPOTH,0.004644503141678857,0.0038872148091979586
holdout_group_8w,full,90587015402,10971645,HYPOTH,0.0017160688226226517,0.0038872148091979586
holdout_group_8w,full,90232015902,10026789,KIDNEY,0.0001330144064796146,0.0038872148091979586
holdout_group_8w,full,90248015902,10043950,KIDNEY,0.00015401426114602934,0.0038872148091979586
holdout_group_8w,full,90283015902,10139044,KIDNEY,0.00013819924608193812,0.0038872148091979586
holdout_group_8w,full,90292015902,10220917,KIDNEY,0.00012858457033271264,0.0038872148091979586
holdout_group_8w,full,90412015902,10337199,KIDNEY,0.00016190616536371216,0.0038872148091979586
holdout_group_8w,full,90416015902,10381414,KIDNEY,0.0001426750725144199,0.0038872148091979586
holdout_group_8w,full,90422015902,10422463,KIDNEY,0.0001455208142343567,0.0038872148091979586
holdout_group_8w,full,90441015902,10502300,KIDNEY,0.00013002299342068646,0.0038872148091979586
holdout_group_8w,full,90564015902,10833331,KIDNEY,0.00019775837421054376,0.0038872148091979586
holdout_group_8w,full,90571015902,10953744,KIDNEY,0.00016448395946588867,0.0038872148091979586
holdout_group_8w,full,90576015902,10729518,KIDNEY,0.00018994171509267854,0.0038872148091979586
holdout_group_8w,full,90587015902,10971645,KIDNEY,0.00020545259909288127,0.0038872148091979586
holdout_group_8w,full,90232016803,10026789,LIVER,0.000162505794851997,0.0038872148091979586
holdout_group_8w,full,90248016803,10043950,LIVER,0.0001697322984571814,0.0038872148091979586
holdout_group_8w,full,90283016803,10139044,LIVER,0.00013970827381160067,0.0038872148091979586
holdout_group_8w,full,90292016803,10220917,LIVER,0.00013878605269557198,0.0038872148091979586
holdout_group_8w,full,90412016803,10337199,LIVER,0.0001823669025611263,0.0038872148091979586
holdout_group_8w,full,90416016803,10381414,LIVER,0.0002095705166941242,0.0038872148091979586
holdout_group_8w,full,90422016803,10422463,LIVER,0.00014265729673013094,0.0038872148091979586
holdout_group_8w,full,90441016803,10502300,LIVER,0.00014983014809899498,0.0038872148091979586
holdout_group_8w,full,90564016803,10833331,LIVER,0.0002055299105169217,0.0038872148091979586
holdout_group_8w,full,90571016803,10953744,LIVER,0.00020735408824312795,0.0038872148091979586
holdout_group_8w,full,90576016803,10729518,LIVER,0.00017975970415662346,0.0038872148091979586
holdout_group_8w,full,90587016803,10971645,LIVER,0.0001811933353369488,0.0038872148091979586
holdout_group_8w,full,90564016603,10833331,LUNG,0.00014998125356180392,0.0038872148091979586
holdout_group_8w,full,90292016603,10220917,LUNG,8.322536034610639e-05,0.0038872148091979586
holdout_group_8w,full,90232016603,10026789,LUNG,7.836523029802756e-05,0.0038872148091979586
holdout_group_8w,full,90412016603,10337199,LUNG,9.597560250773629e-05,0.0038872148091979586
holdout_group_8w,full,90587016603,10971645,LUNG,7.396170625673104e-05,0.0038872148091979586
holdout_group_8w,full,90416016603,10381414,LUNG,8.57636347252333e-05,0.0038872148091979586
holdout_group_8w,full,90576016603,10729518,LUNG,7.905072613079156e-05,0.0038872148091979586
holdout_group_8w,full,90422016603,10422463,LUNG,9.061702971568941e-05,0.0038872148091979586
holdout_group_8w,full,90571016603,10953744,LUNG,7.678066301541886e-05,0.0038872148091979586
holdout_group_8w,full,90248016603,10043950,LUNG,0.00015168863729908555,0.0038872148091979586
holdout_group_8w,full,90283016603,10139044,LUNG,7.401330081324708e-05,0.0038872148091979586
holdout_group_8w,full,90441016603,10502300,LUNG,0.00011173178034551423,0.0038872148091979586
holdout_group_8w,full,90248016402,10043950,OVARY,0.00046163205956939457,0.0038872148091979586
holdout_group_8w,full,90576016402,10729518,OVARY,0.0017415579827102512,0.0038872148091979586
holdout_group_8w,full,90571016402,10953744,OVARY,0.0014880029833060915,0.0038872148091979586
holdout_group_8w,full,90416016402,10381414,OVARY,0.0005093523063047778,0.0038872148091979586
holdout_group_8w,full,90587016402,10971645,OVARY,0.00069516928979374,0.0038872148091979586
holdout_group_8w,full,90412016402,10337199,OVARY,0.0006893395430576099,0.0038872148091979586
holdout_group_8w,full,90564016402,10833331,OVARY,0.0004811769258312726,0.0038872148091979586
holdout_group_8w,full,90283015512,10139044,SKM-GN,0.0002597823414589584,0.0038872148091979586
holdout_group_8w,full,90248015512,10043950,SKM-GN,0.0008435508434646577,0.0038872148091979586
holdout_group_8w,full,90576015512,10729518,SKM-GN,0.00693136563996688,0.0038872148091979586
holdout_group_8w,full,90587015512,10971645,SKM-GN,0.004950173804546432,0.0038872148091979586
holdout_group_8w,full,90232015512,10026789,SKM-GN,0.005365063174597395,0.0038872148091979586
holdout_group_8w,full,90422015512,10422463,SKM-GN,0.0057186198545368105,0.0038872148091979586
holdout_group_8w,full,90412015512,10337199,SKM-GN,0.004134453215902667,0.0038872148091979586
holdout_group_8w,full,90416015512,10381414,SKM-GN,0.002444810555866761,0.0038872148091979586
holdout_group_8w,full,90292015512,10220917,SKM-GN,0.0015189663716537183,0.0038872148091979586
holdout_group_8w,full,90441015512,10502300,SKM-GN,0.005125185242681796,0.0038872148091979586
holdout_group_8w,full,90571015512,10953744,SKM-GN,0.012661094174392762,0.0038872148091979586
holdout_group_8w,full,90564015512,10833331,SKM-GN,0.005150987833615228,0.0038872148091979586
holdout_group_8w,full,90232015603,10026789,SKM-VL,0.00036518394421147793,0.0038872148091979586
holdout_group_8w,full,90248015603,10043950,SKM-VL,0.012494349296770624,0.0038872148091979586
holdout_group_8w,full,90283015603,10139044,SKM-VL,0.0008747096799087695,0.0038872148091979586
holdout_group_8w,full,90292015603,10220917,SKM-VL,0.00013352800219301741,0.0038872148091979586
holdout_group_8w,full,90412015603,10337199,SKM-VL,0.0036603268360341223,0.0038872148091979586
holdout_group_8w,full,90416015603,10381414,SKM-VL,0.0005128775262153162,0.0038872148091979586
holdout_group_8w,full,90422015603,10422463,SKM-VL,0.003252398475516949,0.0038872148091979586
holdout_group_8w,full,90441015603,10502300,SKM-VL,0.0014967853924098273,0.0038872148091979586
holdout_group_8w,full,90564015603,10833331,SKM-VL,0.011772564834783728,0.0038872148091979586
holdout_group_8w,full,90571015603,10953744,SKM-VL,0.005586807889677026,0.0038872148091979586
holdout_group_8w,full,90576015603,10729518,SKM-VL,0.0029208470543796716,0.0038872148091979586
holdout_group_8w,full,90587015603,10971645,SKM-VL,0.015091005208217267,0.0038872148091979586
holdout_group_8w,full,90416016702,10381414,SMLINT,5.4006573336207175e-05,0.0038872148091979586
holdout_group_8w,full,90576016702,10729518,SMLINT,6.488462038867215e-05,0.0038872148091979586
holdout_group_8w,full,90587016702,10971645,SMLINT,0.00015167078304678672,0.0038872148091979586
holdout_group_8w,full,90571016702,10953744,SMLINT,6.493067132529173e-05,0.0038872148091979586
holdout_group_8w,full,90232016702,10026789,SMLINT,6.871381157558254e-05,0.0038872148091979586
holdout_group_8w,full,90441016702,10502300,SMLINT,8.780053192602999e-05,0.0038872148091979586
holdout_group_8w,full,90248016702,10043950,SMLINT,5.128530874753956e-05,0.0038872148091979586
holdout_group_8w,full,90292016702,10220917,SMLINT,5.080007725699609e-05,0.0038872148091979586
holdout_group_8w,full,90564016702,10833331,SMLINT,5.5526765767588415e-05,0.0038872148091979586
holdout_group_8w,full,90412016702,10337199,SMLINT,5.6489585181118684e-05,0.0038872148091979586
holdout_group_8w,full,90283016702,10139044,SMLINT,0.0006032742702362093,0.0038872148091979586
holdout_group_8w,full,90422016702,10422463,SMLINT,7.02255228113291e-05,0.0038872148091979586
holdout_group_8w,full,90232016202,10026789,SPLEEN,0.00018734913565998657,0.0038872148091979586
holdout_group_8w,full,90248016202,10043950,SPLEEN,0.00015592968839250876,0.0038872148091979586
holdout_group_8w,full,90283016202,10139044,SPLEEN,0.00027706372340097207,0.0038872148091979586
holdout_group_8w,full,90292016202,10220917,SPLEEN,0.00015503019376172933,0.0038872148091979586
holdout_group_8w,full,90412016202,10337199,SPLEEN,0.00017408211387881511,0.0038872148091979586
holdout_group_8w,full,90416016202,10381414,SPLEEN,0.00018572130303939893,0.0038872148091979586
holdout_group_8w,full,90422016202,10422463,SPLEEN,0.00017575620398657676,0.0038872148091979586
holdout_group_8w,full,90441016202,10502300,SPLEEN,0.000148629596725236,0.0038872148091979586
holdout_group_8w,full,90564016202,10833331,SPLEEN,0.0001650936923799362,0.0038872148091979586
holdout_group_8w,full,90571016202,10953744,SPLEEN,0.0001322611892627945,0.0038872148091979586
holdout_group_8w,full,90576016202,10729518,SPLEEN,0.00011609050197147752,0.0038872148091979586
holdout_group_8w,full,90587016202,10971645,SPLEEN,0.00022651382376270845,0.0038872148091979586
holdout_group_8w,full,90422016302,10422463,TESTES,0.0001229087430179021,0.0038872148091979586
holdout_group_8w,full,90292016302,10220917,TESTES,0.000118809487941407,0.0038872148091979586
holdout_group_8w,full,90283016302,10139044,TESTES,0.00012625676768374117,0.0038872148091979586
holdout_group_8w,full,90441016302,10502300,TESTES,0.00014227268553645978,0.0038872148091979586
holdout_group_8w,full,90232016302,10026789,TESTES,0.00011207935433887872,0.0038872148091979586
holdout_group_8w,full,90422016502,10422463,VENACV,0.00010233330489795023,0.0038872148091979586
holdout_group_8w,full,90441016502,10502300,VENACV,0.00013979382674511598,0.0038872148091979586
holdout_group_8w,full,90576016502,10729518,VENACV,1.2751519643638964e-05,0.0038872148091979586
holdout_group_8w,full,90416016502,10381414,VENACV,0.03666703767144497,0.0038872148091979586
holdout_group_8w,full,90232016502,10026789,VENACV,0.00028124820378228055,0.0038872148091979586
holdout_group_8w,full,90283016502,10139044,VENACV,0.0001884655039138261,0.0038872148091979586
holdout_group_8w,full,90564016502,10833331,VENACV,0.025599152972002104,0.0038872148091979586
holdout_group_8w,full,90248016502,10043950,VENACV,7.904420093629572e-05,0.0038872148091979586
holdout_group_8w,full,90587016502,10971645,VENACV,0.00032098667537805436,0.0038872148091979586
holdout_group_8w,full,90412016502,10337199,VENACV,0.00011581962977869065,0.0038872148091979586
holdout_group_8w,full,90571016502,10953744,VENACV,0.002121159609840828,0.0038872148091979586
holdout_group_8w,full,90292016502,10220917,VENACV,0.00017560557107876296,0.0038872148091979586
holdout_group_8w,full,90232017005,10026789,WAT-SC,4.279376657234657e-05,0.0038872148091979586
holdout_group_8w,full,90248017005,10043950,WAT-SC,0.00048178321539316116,0.0038872148091979586
holdout_group_8w,full,90283017005,10139044,WAT-SC,2.242039447686306e-05,0.0038872148091979586
holdout_group_8w,full,90292017005,10220917,WAT-SC,2.3413012308459713e-05,0.0038872148091979586
holdout_group_8w,full,90412017005,10337199,WAT-SC,0.0002912472393964416,0.0038872148091979586
holdout_group_8w,full,90416017005,10381414,WAT-SC,0.00021040315530562737,0.0038872148091979586
holdout_group_8w,full,90422017005,10422463,WAT-SC,5.233541621896265e-05,0.0038872148091979586
holdout_group_8w,full,90441017005,10502300,WAT-SC,3.839745094591507e-05,0.0038872148091979586
holdout_group_8w,full,90564017005,10833331,WAT-SC,0.0008046625957618403,0.0038872148091979586
holdout_group_8w,full,90571017005,10953744,WAT-SC,0.00035863090083076976,0.0038872148091979586
holdout_group_8w,full,90576017005,10729518,WAT-SC,0.0004865081352963818,0.0038872148091979586
holdout_group_8w,full,90587017005,10971645,WAT-SC,0.00036512555362677723,0.0038872148091979586
holdout_group_8w,panel_k50,90292016002,10220917,ADRNL,0.003207822050537046,0.08712437899884995
holdout_group_8w,panel_k50,90576016002,10729518,ADRNL,0.003383239529925808,0.08712437899884995
holdout_group_8w,panel_k50,90416016002,10381414,ADRNL,0.002606107537171387,0.08712437899884995
holdout_group_8w,panel_k50,90441016002,10502300,ADRNL,0.00768332942892358,0.08712437899884995
holdout_group_8w,panel_k50,90571016002,10953744,ADRNL,0.9979929339718379,0.08712437899884995
holdout_group_8w,panel_k50,90587016002,10971645,ADRNL,0.005343703259414578,0.08712437899884995
holdout_group_8w,panel_k50,90248016002,10043950,ADRNL,0.0036484535911615046,0.08712437899884995
holdout_group_8w,panel_k50,90564016002,10833331,ADRNL,0.003125469894797561,0.08712437899884995
holdout_group_8w,panel_k50,90412016002,10337199,ADRNL,0.00694465167278735,0.08712437899884995
holdout_group_8w,panel_k50,90283016002,10139044,ADRNL,0.004599302942873806,0.08712437899884995
holdout_group_8w,panel_k50,90232016002,10026789,ADRNL,0.003532819560952416,0.08712437899884995
holdout_group_8w,panel_k50,90422016002,10422463,ADRNL,0.01558082160842933,0.08712437899884995
holdout_group_8w,panel_k50,90232016902,10026789,BAT,0.07414790377754565,0.08712437899884995
holdout_group_8w,panel_k50,90248016902,10043950,BAT,0.11222349267850529,0.08712437899884995
holdout_group_8w,panel_k50,90283016902,10139044,BAT,0.08712437899884995,0.08712437899884995
holdout_group_8w,panel_k50,90292016902,10220917,BAT,0.1338017984119968,0.08712437899884995
holdout_group_8w,panel_k50,90412016902,10337199,BAT,0.08900841709095941,0.08712437899884995
holdout_group_8w,panel_k50,90416016902,10381414,BAT,0.02570615621504213,0.08712437899884995
holdout_group_8w,panel_k50,90422016902,10422463,BAT,0.10861426222419646,0.08712437899884995
holdout_group_8w,panel_k50,90441016902,10502300,BAT,0.13048577351751378,0.08712437899884995
holdout_group_8w,panel_k50,90564016902,10833331,BAT,0.04497911166706958,0.08712437899884995
holdout_group_8w,panel_k50,90571016902,10953744,BAT,0.01717251004584619,0.08712437899884995
holdout_group_8w,panel_k50,90576016902,10729518,BAT,0.07536303437763081,0.08712437899884995
holdout_group_8w,panel_k50,90587016902,10971645,BAT,0.09854725981558077,0.08712437899884995
holdout_group_8w,panel_k50,90576013001,10729518,BLOOD,0.008291907403772059,0.08712437899884995
holdout_group_8w,panel_k50,90564013001,10833331,BLOOD,0.006223139355874374,0.08712437899884995
holdout_group_8w,panel_k50,90571013001,10953744,BLOOD,0.007258029711138869,0.08712437899884995
holdout_group_8w,panel_k50,90587013001,10971645,BLOOD,0.005068684956444192,0.08712437899884995
holdout_group_8w,panel_k50,90292013001,10220917,BLOOD,0.004877202462960861,0.08712437899884995
holdout_group_8w,panel_k50,90416013001,10381414,BLOOD,0.005984504486902575,0.08712437899884995
holdout_group_8w,panel_k50,90283013001,10139044,BLOOD,0.007999888159751056,0.08712437899884995
holdout_group_8w,panel_k50,90441013002,10502300,BLOOD,0.006839655587802085,0.08712437899884995
holdout_group_8w,panel_k50,90422013002,10422463,BLOOD,0.006552769939413672,0.08712437899884995
holdout_group_8w,panel_k50,90412013001,10337199,BLOOD,0.005666444652440261,0.08712437899884995
holdout_group_8w,panel_k50,90248013001,10043950,BLOOD,0.004444968973652874,0.08712437899884995
holdout_group_8w,panel_k50,90232013002,10026789,BLOOD,0.005357099152542677,0.08712437899884995
holdout_group_8w,panel_k50,90576016102,10729518,COLON,0.006340028141805121,0.08712437899884995
holdout_group_8w,panel_k50,90571016102,10953744,COLON,0.005165237204579509,0.08712437899884995
holdout_group_8w,panel_k50,90283016102,10139044,COLON,0.00499801149538992,0.08712437899884995
holdout_group_8w,panel_k50,90416016102,10381414,COLON,0.00510382155979805,0.08712437899884995
holdout_group_8w,panel_k50,90292016102,10220917,COLON,0.005838536916096815,0.08712437899884995
holdout_group_8w,panel_k50,90248016102,10043950,COLON,0.008234786656045268,0.08712437899884995
holdout_group_8w,panel_k50,90232016102,10026789,COLON,0.004282959074930925,0.08712437899884995
holdout_group_8w,panel_k50,90422016102,10422463,COLON,0.004381286592764488,0.08712437899884995
holdout_group_8w,panel_k50,90412016102,10337199,COLON,0.006176472481943085,0.08712437899884995
holdout_group_8w,panel_k50,90564016102,10833331,COLON,0.006181996685947988,0.08712437899884995
holdout_group_8w,panel_k50,90587016102,10971645,COLON,0.00449169638176905,0.08712437899884995
holdout_group_8w,panel_k50,90441016102,10502300,COLON,0.004498431708760853,0.08712437899884995
holdout_group_8w,panel_k50,90232015302,10026789,CORTEX,0.010502293948697394,0.08712437899884995
holdout_group_8w,panel_k50,90248015302,10043950,CORTEX,0.022099689262023103,0.08712437899884995
holdout_group_8w,panel_k50,90283015302,10139044,CORTEX,0.022986757863231455,0.08712437899884995
holdout_group_8w,panel_k50,90292015302,10220917,CORTEX,0.015974202911989588,0.08712437899884995
holdout_group_8w,panel_k50,90412015302,10337199,CORTEX,0.02560146098054794,0.08712437899884995
holdout_group_8w,panel_k50,90416015302,10381414,CORTEX,0.02044249532910347,0.08712437899884995
holdout_group_8w,panel_k50,90422015302,10422463,CORTEX,0.020202706687195482,0.08712437899884995
holdout_group_8w,panel_k50,90441015302,10502300,CORTEX,0.015148901365970024,0.08712437899884995
holdout_group_8w,panel_k50,90564015302,10833331,CORTEX,0.02716801387083667,0.08712437899884995
holdout_group_8w,panel_k50,90571015302,10953744,CORTEX,0.010484435282579474,0.08712437899884995
holdout_group_8w,panel_k50,90576015302,10729518,CORTEX,0.027007035986130967,0.08712437899884995
holdout_group_8w,panel_k50,90587015302,10971645,CORTEX,0.018860304348097157,0.08712437899884995
holdout_group_8w,panel_k50,90412015803,10337199,HEART,0.006587027221185537,0.08712437899884995
holdout_group_8w,panel_k50,90248015803,10043950,HEART,0.006752934278326128,0.08712437899884995
holdout_group_8w,panel_k50,90564015803,10833331,HEART,0.006496896255299034,0.08712437899884995
holdout_group_8w,panel_k50,90576015803,10729518,HEART,0.007453606219564035,0.08712437899884995
holdout_group_8w,panel_k50,90422015803,10422463,HEART,0.009759510206900024,0.08712437899884995
holdout_group_8w,panel_k50,90571015803,10953744,HEART,0.0072492816860779685,0.08712437899884995
holdout_group_8w,panel_k50,90292015803,10220917,HEART,0.007534481836628415,0.08712437899884995
holdout_group_8w,panel_k50,90416015803,10381414,HEART,0.008226212853481796,0.08712437899884995
holdout_group_8w,panel_k50,90441015803,10502300,HEART,0.008948815962406598,0.08712437899884995
holdout_group_8w,panel_k50,90283015803,10139044,HEART,0.009811938469576509,0.08712437899884995
holdout_group_8w,panel_k50,90587015803,10971645,HEART,0.006480239264704979,0.08712437899884995
holdout_group_8w,panel_k50,90232015803,10026789,HEART,0.008863274048142356,0.08712437899884995
holdout_group_8w,panel_k50,90232015202,10026789,HIPPOC,0.034793515962771804,0.08712437899884995
holdout_group_8w,panel_k50,90248015202,10043950,HIPPOC,0.04481896037876909,0.08712437899884995
holdout_group_8w,panel_k50,90283015202,10139044,HIPPOC,0.04305275252190188,0.08712437899884995
holdout_group_8w,panel_k50,90292015202,10220917,HIPPOC,0.036875896933798,0.08712437899884995
holdout_group_8w,panel_k50,90412015202,10337199,HIPPOC,0.03401923516568883,0.08712437899884995
holdout_group_8w,panel_k50,90416015202,10381414,HIPPOC,0.03598432627715176,0.08712437899884995
holdout_group_8w,panel_k50,90422015202,10422463,HIPPOC,0.03397119844060659,0.08712437899884995
holdout_group_8w,panel_k50,90441015202,10502300,HIPPOC,0.036859641184947445,0.08712437899884995
holdout_group_8w,panel_k50,90564015202,10833331,HIPPOC,0.030326350548362746,0.08712437899884995
holdout_group_8w,panel_k50,90571015202,10953744,HIPPOC,0.03695812075184801,0.08712437899884995
holdout_group_8w,panel_k50,90576015202,10729518,HIPPOC,0.03892407410491716,0.08712437899884995
holdout_group_8w,panel_k50,90587015202,10971645,HIPPOC,0.02719409456805777,0.08712437899884995
holdout_group_8w,panel_k50,90232015402,10026789,HYPOTH,0.030102949874463714,0.08712437899884995
holdout_group_8w,panel_k50,90248015402,10043950,HYPOTH,0.022747756938081842,0.08712437899884995
holdout_group_8w,panel_k50,90283015402,10139044,HYPOTH,0.02816647632764413,0.08712437899884995
holdout_group_8w,panel_k50,90292015402,10220917,HYPOTH,0.052024951378706,0.08712437899884995
holdout_group_8w,panel_k50,90412015402,10337199,HYPOTH,0.04598632467226782,0.08712437899884995
holdout_group_8w,panel_k50,90416015402,10381414,HYPOTH,0.022887555233149004,0.08712437899884995
holdout_group_8w,panel_k50,90422015402,10422463,HYPOTH,0.023663293088267867,0.08712437899884995
holdout_group_8w,panel_k50,90441015402,10502300,HYPOTH,0.037136819006124755,0.08712437899884995
holdout_group_8w,panel_k50,90564015402,10833331,HYPOTH,0.052202719162677935,0.08712437899884995
holdout_group_8w,panel_k50,90571015402,10953744,HYPOTH,0.058653121951815046,0.08712437899884995
holdout_group_8w,panel_k50,90576015402,10729518,HYPOTH,0.04471885912372442,0.08712437899884995
holdout_group_8w,panel_k50,90587015402,10971645,HYPOTH,0.049726272597914956,0.08712437899884995
holdout_group_8w,panel_k50,90232015902,10026789,KIDNEY,0.004253166840666123,0.08712437899884995
holdout_group_8w,panel_k50,90248015902,10043950,KIDNEY,0.004658447241726482,0.08712437899884995
holdout_group_8w,panel_k50,90283015902,10139044,KIDNEY,0.00413922090817942,0.08712437899884995
holdout_group_8w,panel_k50,90292015902,10220917,KIDNEY,0.004734569824454415,0.08712437899884995
holdout_group_8w,panel_k50,90412015902,10337199,KIDNEY,0.004588553141630425,0.08712437899884995
holdout_group_8w,panel_k50,90416015902,10381414,KIDNEY,0.004255492813981188,0.08712437899884995
holdout_group_8w,panel_k50,90422015902,10422463,KIDNEY,0.0044727501728329955,0.08712437899884995
holdout_group_8w,panel_k50,90441015902,10502300,KIDNEY,0.005016636302197397,0.08712437899884995
holdout_group_8w,panel_k50,90564015902,10833331,KIDNEY,0.005382626003157975,0.08712437899884995
holdout_group_8w,panel_k50,90571015902,10953744,KIDNEY,0.005062181872100058,0.08712437899884995
holdout_group_8w,panel_k50,90576015902,10729518,KIDNEY,0.0050055054848641145,0.08712437899884995
holdout_group_8w,panel_k50,90587015902,10971645,KIDNEY,0.0050262551141858625,0.08712437899884995
holdout_group_8w,panel_k50,90232016803,10026789,LIVER,0.0045593522196506475,0.08712437899884995
holdout_group_8w,panel_k50,90248016803,10043950,LIVER,0.004770769153011667,0.08712437899884995
holdout_group_8w,panel_k50,90283016803,10139044,LIVER,0.004117705515445991,0.08712437899884995
holdout_group_8w,panel_k50,90292016803,10220917,LIVER,0.004118723294530668,0.08712437899884995
holdout_group_8w,panel_k50,90412016803,10337199,LIVER,0.004945803920926473,0.08712437899884995
holdout_group_8w,panel_k50,90416016803,10381414,LIVER,0.005162877231077112,0.08712437899884995
holdout_group_8w,panel_k50,90422016803,10422463,LIVER,0.004337244676742569,0.08712437899884995
holdout_group_8w,panel_k50,90441016803,10502300,LIVER,0.004303650549951521,0.08712437899884995
holdout_group_8w,panel_k50,90564016803,10833331,LIVER,0.005371340089311949,0.08712437899884995
holdout_group_8w,panel_k50,90571016803,10953744,LIVER,0.00486849268685885,0.08712437899884995
holdout_group_8w,panel_k50,90576016803,10729518,LIVER,0.004982053399720909,0.08712437899884995
holdout_group_8w,panel_k50,90587016803,10971645,LIVER,0.004622225430827687,0.08712437899884995
holdout_group_8w,panel_k50,90564016603,10833331,LUNG,0.006870973858056351,0.08712437899884995
holdout_group_8w,panel_k50,90292016603,10220917,LUNG,0.005307720280706474,0.08712437899884995
holdout_group_8w,panel_k50,90232016603,10026789,LUNG,0.005133853092545548,0.08712437899884995
holdout_group_8w,panel_k50,90412016603,10337199,LUNG,0.004882917025139655,0.08712437899884995
holdout_group_8w,panel_k50,90587016603,10971645,LUNG,0.005650663072618078,0.08712437899884995
holdout_group_8w,panel_k50,90416016603,10381414,LUNG,0.005059770072490033,0.08712437899884995
holdout_group_8w,panel_k50,90576016603,10729518,LUNG,0.005228672970808423,0.08712437899884995
holdout_group_8w,panel_k50,90422016603,10422463,LUNG,0.0050903506338488835,0.08712437899884995
holdout_group_8w,panel_k50,90571016603,10953744,LUNG,0.005072684462378185,0.08712437899884995
holdout_group_8w,panel_k50,90248016603,10043950,LUNG,0.006411044859612747,0.08712437899884995
holdout_group_8w,panel_k50,90283016603,10139044,LUNG,0.004948239789027364,0.08712437899884995
holdout_group_8w,panel_k50,90441016603,10502300,LUNG,0.00513591775139266,0.08712437899884995
holdout_group_8w,panel_k50,90248016402,10043950,OVARY,0.009633664119044871,0.08712437899884995
holdout_group_8w,panel_k50,90576016402,10729518,OVARY,0.016942584169897357,0.08712437899884995
holdout_group_8w,panel_k50,90571016402,10953744,OVARY,0.014984614426049148,0.08712437899884995
holdout_group_8w,panel_k50,90416016402,10381414,OVARY,0.00656248538035209,0.08712437899884995
holdout_group_8w,panel_k50,90587016402,10971645,OVARY,0.007672299518932224,0.08712437899884995
holdout_group_8w,panel_k50,90412016402,10337199,OVARY,0.00916571953580858,0.08712437899884995
holdout_group_8w,panel_k50,90564016402,10833331,OVARY,0.009370174033337175,0.08712437899884995
holdout_group_8w,panel_k50,90283015512,10139044,SKM-GN,0.0037068944325727715,0.08712437899884995
holdout_group_8w,panel_k50,90248015512,10043950,SKM-GN,0.02027554780138796,0.08712437899884995
holdout_group_8w,panel_k50,90576015512,10729518,SKM-GN,0.10422983567399668,0.08712437899884995
holdout_group_8w,panel_k50,90587015512,10971645,SKM-GN,0.023493865975568795,0.08712437899884995
holdout_group_8w,panel_k50,90232015512,10026789,SKM-GN,0.1159524509179527,0.08712437899884995
holdout_group_8w,panel_k50,90422015512,10422463,SKM-GN,0.04078496816168975,0.08712437899884995
holdout_group_8w,panel_k50,90412015512,10337199,SKM-GN,0.06473176870857167,0.08712437899884995
holdout_group_8w,panel_k50,90416015512,10381414,SKM-GN,0.09790380621290484,0.08712437899884995
holdout_group_8w,panel_k50,90292015512,10220917,SKM-GN,0.059984801758958595,0.08712437899884995
holdout_group_8w,panel_k50,90441015512,10502300,SKM-GN,0.26255754210391746,0.08712437899884995
holdout_group_8w,panel_k50,90571015512,10953744,SKM-GN,0.42246212271963435,0.08712437899884995
holdout_group_8w,panel_k50,90564015512,10833331,SKM-GN,0.24487421390942776,0.08712437899884995
holdout_group_8w,panel_k50,90232015603,10026789,SKM-VL,0.0011735822483264213,0.08712437899884995
holdout_group_8w,panel_k50,90248015603,10043950,SKM-VL,0.22001729434014794,0.08712437899884995
holdout_group_8w,panel_k50,90283015603,10139044,SKM-VL,0.00793904638200349,0.08712437899884995
holdout_group_8w,panel_k50,90292015603,10220917,SKM-VL,0.0019947032090784633,0.08712437899884995
holdout_group_8w,panel_k50,90412015603,10337199,SKM-VL,0.05958222161381366,0.08712437899884995
holdout_group_8w,panel_k50,90416015603,10381414,SKM-VL,0.0042891760037478965,0.08712437899884995
holdout_group_8w,panel_k50,90422015603,10422463,SKM-VL,0.02696572684247489,0.08712437899884995
holdout_group_8w,panel_k50,90441015603,10502300,SKM-VL,0.0037797518557940446,0.08712437899884995
holdout_group_8w,panel_k50,90564015603,10833331,SKM-VL,0.027674874723352172,0.08712437899884995
holdout_group_8w,panel_k50,90571015603,10953744,SKM-VL,0.027150645952536245,0.08712437899884995
holdout_group_8w,panel_k50,90576015603,10729518,SKM-VL,0.1540937323764251,0.08712437899884995
holdout_group_8w,panel_k50,90587015603,10971645,SKM-VL,0.1550318244781147,0.08712437899884995
holdout_group_8w,panel_k50,90416016702,10381414,SMLINT,0.0062942063348155886,0.08712437899884995
holdout_group_8w,panel_k50,90576016702,10729518,SMLINT,0.004998614007361568,0.08712437899884995
holdout_group_8w,panel_k50,90587016702,10971645,SMLINT,0.007525878015151255,0.08712437899884995
holdout_group_8w,panel_k50,90571016702,10953744,SMLINT,0.005345742354087024,0.08712437899884995
holdout_group_8w,panel_k50,90232016702,10026789,SMLINT,0.004251135268677264,0.08712437899884995
holdout_group_8w,panel_k50,90441016702,10502300,SMLINT,0.005270928186329571,0.08712437899884995
holdout_group_8w,panel_k50,90248016702,10043950,SMLINT,0.005034075908471269,0.08712437899884995
holdout_group_8w,panel_k50,90292016702,10220917,SMLINT,0.004931362516346849,0.08712437899884995
holdout_group_8w,panel_k50,90564016702,10833331,SMLINT,0.0065280596909975674,0.08712437899884995
holdout_group_8w,panel_k50,90412016702,10337199,SMLINT,0.0074256295364789615,0.08712437899884995
holdout_group_8w,panel_k50,90283016702,10139044,SMLINT,0.006492440233191954,0.08712437899884995
holdout_group_8w,panel_k50,90422016702,10422463,SMLINT,0.004376571642764282,0.08712437899884995
holdout_group_8w,panel_k50,90232016202,10026789,SPLEEN,0.010869000499765136,0.08712437899884995
holdout_group_8w,panel_k50,90248016202,10043950,SPLEEN,0.011065533058457033,0.08712437899884995
holdout_group_8w,panel_k50,90283016202,10139044,SPLEEN,0.00834384893911555,0.08712437899884995
holdout_group_8w,panel_k50,90292016202,10220917,SPLEEN,0.011421115832812578,0.08712437899884995
holdout_group_8w,panel_k50,90412016202,10337199,SPLEEN,0.010845902849523581,0.08712437899884995
holdout_group_8w,panel_k50,90416016202,10381414,SPLEEN,0.007846608836983182,0.08712437899884995
holdout_group_8w,panel_k50,90422016202,10422463,SPLEEN,0.008402909070282183,0.08712437899884995
holdout_group_8w,panel_k50,90441016202,10502300,SPLEEN,0.007865646013771155,0.08712437899884995
holdout_group_8w,panel_k50,90564016202,10833331,SPLEEN,0.011107061967230547,0.08712437899884995
holdout_group_8w,panel_k50,90571016202,10953744,SPLEEN,0.010396952419302052,0.08712437899884995
holdout_group_8w,panel_k50,90576016202,10729518,SPLEEN,0.011245047128377261,0.08712437899884995
holdout_group_8w,panel_k50,90587016202,10971645,SPLEEN,0.009593489954665246,0.08712437899884995
holdout_group_8w,panel_k50,90422016302,10422463,TESTES,0.006838655502092061,0.08712437899884995
holdout_group_8w,panel_k50,90292016302,10220917,TESTES,0.007100139486797441,0.08712437899884995
holdout_group_8w,panel_k50,90283016302,10139044,TESTES,0.0067939880598927305,0.08712437899884995
holdout_group_8w,panel_k50,90441016302,10502300,TESTES,0.00708937230322737,0.08712437899884995
holdout_group_8w,panel_k50,90232016302,10026789,TESTES,0.006897227948183038,0.08712437899884995
holdout_group_8w,panel_k50,90422016502,10422463,VENACV,0.0007245366840362699,0.08712437899884995
holdout_group_8w,panel_k50,90441016502,10502300,VENACV,0.00041458747029565757,0.08712437899884995
holdout_group_8w,panel_k50,90576016502,10729518,VENACV,0.07013120244325044,0.08712437899884995
holdout_group_8w,panel_k50,90416016502,10381414,VENACV,0.2633074784435683,0.08712437899884995
holdout_group_8w,panel_k50,90232016502,10026789,VENACV,0.01406715141687731,0.08712437899884995
holdout_group_8w,panel_k50,90283016502,10139044,VENACV,0.0019850982595205346,0.08712437899884995
holdout_group_8w,panel_k50,90564016502,10833331,VENACV,0.8457736746274814,0.08712437899884995
holdout_group_8w,panel_k50,90248016502,10043950,VENACV,0.0008497973141717852,0.08712437899884995
holdout_group_8w,panel_k50,90587016502,10971645,VENACV,0.13812337113666684,0.08712437899884995
holdout_group_8w,panel_k50,90412016502,10337199,VENACV,0.0007335349266746061,0.08712437899884995
holdout_group_8w,panel_k50,90571016502,10953744,VENACV,0.4511538630267744,0.08712437899884995
holdout_group_8w,panel_k50,90292016502,10220917,VENACV,0.0014303586995709772,0.08712437899884995
holdout_group_8w,panel_k50,90232017005,10026789,WAT-SC,0.001236115255855319,0.08712437899884995
holdout_group_8w,panel_k50,90248017005,10043950,WAT-SC,0.010378701534984436,0.08712437899884995
holdout_group_8w,panel_k50,90283017005,10139044,WAT-SC,0.0017368018672386798,0.08712437899884995
holdout_group_8w,panel_k50,90292017005,10220917,WAT-SC,0.0017529403554581435,0.08712437899884995
holdout_group_8w,panel_k50,90412017005,10337199,WAT-SC,0.004733068574342414,0.08712437899884995
holdout_group_8w,panel_k50,90416017005,10381414,WAT-SC,0.0034621472643987516,0.08712437899884995
holdout_group_8w,panel_k50,90422017005,10422463,WAT-SC,0.0016708696139633439,0.08712437899884995
holdout_group_8w,panel_k50,90441017005,10502300,WAT-SC,0.002494349603746393,0.08712437899884995
holdout_group_8w,panel_k50,90564017005,10833331,WAT-SC,0.012290624829521257,0.08712437899884995
holdout_group_8w,panel_k50,90571017005,10953744,WAT-SC,0.003306793800456065,0.08712437899884995
holdout_group_8w,panel_k50,90576017005,10729518,WAT-SC,0.006068799680759351,0.08712437899884995
holdout_group_8w,panel_k50,90587017005,10971645,WAT-SC,0.004872498767295674,0.08712437899884995
holdout_group_1w,full,90292016002,10220917,ADRNL,0.004955838752748187,0.085879332128739
holdout_group_1w,full,90254016002,10044760,ADRNL,0.006113729412896118,0.085879332128739
holdout_group_1w,full,90441016002,10502300,ADRNL,0.014739872927449382,0.085879332128739
holdout_group_1w,full,90587016002,10971645,ADRNL,0.01807875595802444,0.085879332128739
holdout_group_1w,full,90450016002,10672656,ADRNL,0.007536265785576424,0.085879332128739
holdout_group_1w,full,90222016002,10025626,ADRNL,0.08027568559409304,0.085879332128739
holdout_group_1w,full,90265016002,10046119,ADRNL,0.02953778401131313,0.085879332128739
holdout_group_1w,full,90266016002,10046380,ADRNL,0.24483962133682557,0.085879332128739
holdout_group_1w,full,90281016002,10106383,ADRNL,0.01284258578190367,0.085879332128739
holdout_group_1w,full,90585016002,10871349,ADRNL,0.008847580881540584,0.085879332128739
holdout_group_1w,full,90251016002,10044256,ADRNL,0.006866893688950548,0.085879332128739
holdout_group_1w,full,90229016002,10026355,ADRNL,0.00661650631335331,0.085879332128739
holdout_group_1w,full,90222016902,10025626,BAT,0.011493014594892048,0.085879332128739
holdout_group_1w,full,90229016902,10026355,BAT,0.04581474578673839,0.085879332128739
holdout_group_1w,full,90251016902,10044256,BAT,0.02908197703072224,0.085879332128739
holdout_group_1w,full,90254016902,10044760,BAT,0.014842518619753164,0.085879332128739
holdout_group_1w,full,90265016902,10046119,BAT,0.025480947756851724,0.085879332128739
holdout_group_1w,full,90266016902,10046380,BAT,0.48633878357766014,0.085879332128739
holdout_group_1w,full,90281016902,10106383,BAT,0.013252554908737224,0.085879332128739
holdout_group_1w,full,90292016902,10220917,BAT,0.015401825659169366,0.085879332128739
holdout_group_1w,full,90441016902,10502300,BAT,0.015746518618787175,0.085879332128739
holdout_group_1w,full,90450016902,10672656,BAT,0.023973001342097233,0.085879332128739
holdout_group_1w,full,90585016902,10871349,BAT,0.028085662468336325,0.085879332128739
holdout_group_1w,full,90587016902,10971645,BAT,0.0607260340615422,0.085879332128739
holdout_group_1w,full,90585013001,10871349,BLOOD,0.004554821069647663,0.085879332128739
holdout_group_1w,full,90587013001,10971645,BLOOD,0.0031174587541900056,0.085879332128739
holdout_group_1w,full,90265013001,10046119,BLOOD,0.0036640603487773094,0.085879332128739
holdout_group_1w,full,90292013001,10220917,BLOOD,0.0037117141168293566,0.085879332128739
holdout_group_1w,full,90441013002,10502300,BLOOD,0.003928436358956455,0.085879332128739
holdout_group_1w,full,90281013001,10106383,BLOOD,0.0030935155419903326,0.085879332128739
holdout_group_1w,full,90450013001,10672656,BLOOD,0.0036767727885699264,0.085879332128739
holdout_group_1w,full,90229013002,10026355,BLOOD,0.00395114251060813,0.085879332128739
holdout_group_1w,full,90266013002,10046380,BLOOD,0.0044341854522716995,0.085879332128739
holdout_group_1w,full,90222013002,10025626,BLOOD,0.002928873666515064,0.085879332128739
holdout_group_1w,full,90251013001,10044256,BLOOD,0.003954436379941972,0.085879332128739
holdout_group_1w,full,90254013002,10044760,BLOOD,0.0029588665085293897,0.085879332128739
holdout_group_1w,full,90229016102,10026355,COLON,0.008867524391590553,0.085879332128739
holdout_group_1w,full,90251016102,10044256,COLON,0.029069388257386475,0.085879332128739
holdout_group_1w,full,90585016102,10871349,COLON,0.012762511826988732,0.085879332128739
holdout_group_1w,full,90292016102,10220917,COLON,0.014725461921876959,0.085879332128739
holdout_group_1w,full,90450016102,10672656,COLON,0.008131890267031538,0.085879332128739
holdout_group_1w,full,90265016102,10046119,COLON,0.009136670121813517,0.085879332128739
holdout_group_1w,full,90222016102,10025626,COLON,0.008825685708408026,0.085879332128739
holdout_group_1w,full,90281016102,10106383,COLON,0.008374977794005978,0.085879332128739
holdout_group_1w,full,90587016102,10971645,COLON,0.00904896742245409,0.085879332128739
holdout_group_1w,full,90266016102,10046380,COLON,0.0084226778744535,0.085879332128739
holdout_group_1w,full,90441016102,10502300,COLON,0.010818149977952052,0.085879332128739
holdout_group_1w,full,90254016102,10044760,COLON,0.011058960640545568,0.085879332128739
holdout_group_1w,full,90222015302,10025626,CORTEX,0.07252454330438018,0.085879332128739
holdout_group_1w,full,90229015302,10026355,CORTEX,0.05429440893317039,0.085879332128739
holdout_group_1w,full,90251015302,10044256,CORTEX,0.07063472757220557,0.085879332128739
holdout_group_1w,full,90254015302,10044760,CORTEX,0.056318944822199124,0.085879332128739
holdout_group_1w,full,90265015302,10046119,CORTEX,0.029445420340216577,0.085879332128739
holdout_group_1w,full,90266015302,10046380,CORTEX,0.04831018905916251,0.085879332128739
holdout_group_1w,full,90281015302,10106383,CORTEX,0.03107480887714731,0.085879332128739
holdout_group_1w,full,90292015302,10220917,CORTEX,0.041207849742126546,0.085879332128739
holdout_group_1w,full,90441015302,10502300,CORTEX,0.08157204490817871,0.085879332128739
holdout_group_1w,full,90450015302,10672656,CORTEX,0.04554558744332904,0.085879332128739
holdout_group_1w,full,90585015302,10871349,CORTEX,0.05745473694423131,0.085879332128739
holdout_group_1w,full,90587015302,10971645,CORTEX,0.04787552095261305,0.085879332128739
holdout_group_1w,full,90229015803,10026355,HEART,0.011183055110018048,0.085879332128739
holdout_group_1w,full,90266015803,10046380,HEART,0.011803205323707044,0.085879332128739
holdout_group_1w,full,90222015803,10025626,HEART,0.013227913776909128,0.085879332128739
holdout_group_1w,full,90585015803,10871349,HEART,0.011754377202603417,0.085879332128739
holdout_group_1w,full,90254015803,10044760,HEART,0.012570644232955286,0.085879332128739
holdout_group_1w,full,90292015803,10220917,HEART,0.011047230591753943,0.085879332128739
holdout_group_1w,full,90441015803,10502300,HEART,0.013941772263322827,0.085879332128739
holdout_group_1w,full,90450015803,10672656,HEART,0.011894045393314179,0.085879332128739
holdout_group_1w,full,90251015803,10044256,HEART,0.013145359454407202,0.085879332128739
holdout_group_1w,full,90587015803,10971645,HEART,0.011738516263539944,0.085879332128739
holdout_group_1w,full,90265015803,10046119,HEART,0.012352110851850284,0.085879332128739
holdout_group_1w,full,90281015803,10106383,HEART,0.013473904725557206,0.085879332128739
holdout_group_1w,full,90222015202,10025626,HIPPOC,0.038830636252703665,0.085879332128739
holdout_group_1w,full,90229015202,10026355,HIPPOC,0.17383112196954464,0.085879332128739
holdout_group_1w,full,90251015202,10044256,HIPPOC,0.059341119669657605,0.085879332128739
holdout_group_1w,full,90254015202,10044760,HIPPOC,0.02973270789835747,0.085879332128739
holdout_group_1w,full,90265015202,10046119,HIPPOC,0.05051702952006154,0.085879332128739
holdout_group_1w,full,90266015202,10046380,HIPPOC,0.13751959826504767,0.085879332128739
holdout_group_1w,full,90281015202,10106383,HIPPOC,0.03401568107565123,0.085879332128739
holdout_group_1w,full,90292015202,10220917,HIPPOC,0.028148026305664264,0.085879332128739
holdout_group_1w,full,90441015202,10502300,HIPPOC,0.05739560757030249,0.085879332128739
holdout_group_1w,full,90450015202,10672656,HIPPOC,0.06266890661646041,0.085879332128739
holdout_group_1w,full,90585015202,10871349,HIPPOC,0.04655712896791875,0.085879332128739
holdout_group_1w,full,90587015202,10971645,HIPPOC,0.021366051412422093,0.085879332128739
holdout_group_1w,full,90222015402,10025626,HYPOTH,0.03196036622170728,0.085879332128739
holdout_group_1w,full,90229015402,10026355,HYPOTH,0.05565879612779134,0.085879332128739
holdout_group_1w,full,90251015402,10044256,HYPOTH,0.027808358131484523,0.085879332128739
holdout_group_1w,full,90254015402,10044760,HYPOTH,0.0744344137578633,0.085879332128739
holdout_group_1w,full,90265015402,10046119,HYPOTH,0.04454003961487352,0.085879332128739
holdout_group_1w,full,90266015402,10046380,HYPOTH,0.04110231943722342,0.085879332128739
holdout_group_1w,full,90281015402,10106383,HYPOTH,0.03919989526213785,0.085879332128739
holdout_group_1w,full,90292015402,10220917,HYPOTH,0.03567861309038867,0.085879332128739
holdout_group_1w,full,90441015402,10502300,HYPOTH,0.07579479503688114,0.085879332128739
holdout_group_1w,full,90450015402,10672656,HYPOTH,0.04510179654509339,0.085879332128739
holdout_group_1w,full,90585015402,10871349,HYPOTH,0.052404137679081586,0.085879332128739
holdout_group_1w,full,90587015402,10971645,HYPOTH,0.06398317295360556,0.085879332128739
holdout_group_1w,full,90222015902,10025626,KIDNEY,0.0056469230810404225,0.085879332128739
holdout_group_1w,full,90229015902,10026355,KIDNEY,0.005138350247047674,0.085879332128739
holdout_group_1w,full,90251015902,10044256,KIDNEY,0.0065155881535297056,0.085879332128739
holdout_group_1w,full,90254015902,10044760,KIDNEY,0.006108028364283036,0.085879332128739
holdout_group_1w,full,90265015902,10046119,KIDNEY,0.0073142581037727306,0.085879332128739
holdout_group_1w,full,90266015902,10046380,KIDNEY,0.00641296696422422,0.085879332128739
holdout_group_1w,full,90281015902,10106383,KIDNEY,0.006244505493556818,0.085879332128739
holdout_group_1w,full,90292015902,10220917,KIDNEY,0.005469118926152761,0.085879332128739
holdout_group_1w,full,90441015902,10502300,KIDNEY,0.0054308159288640745,0.085879332128739
holdout_group_1w,full,90450015902,10672656,KIDNEY,0.006079595375351965,0.085879332128739
holdout_group_1w,full,90587015902,10971645,KIDNEY,0.007047916059782389,0.085879332128739
holdout_group_1w,full,90585015902,10871349,KIDNEY,0.007252331018590463,0.085879332128739
holdout_group_1w,full,90222016803,10025626,LIVER,0.004489827727274021,0.085879332128739
holdout_group_1w,full,90229016803,10026355,LIVER,0.004113045517575298,0.085879332128739
holdout_group_1w,full,90251016803,10044256,LIVER,0.005102890957049966,0.085879332128739
holdout_group_1w,full,90254016803,10044760,LIVER,0.005091743034590368,0.085879332128739
holdout_group_1w,full,90265016803,10046119,LIVER,0.005181622662353447,0.085879332128739
holdout_group_1w,full,90266016803,10046380,LIVER,0.005050589762994662,0.085879332128739
holdout_group_1w,full,90281016803,10106383,LIVER,0.0039088020745433605,0.085879332128739
holdout_group_1w,full,90292016803,10220917,LIVER,0.0040908913153508975,0.085879332128739
holdout_group_1w,full,90441016803,10502300,LIVER,0.004094782316009682,0.085879332128739
holdout_group_1w,full,90450016803,10672656,LIVER,0.004051152109555645,0.085879332128739
holdout_group_1w,full,90585016803,10871349,LIVER,0.005158634955282793,0.085879332128739
holdout_group_1w,full,90587016803,10971645,LIVER,0.004703634964657977,0.085879332128739
holdout_group_1w,full,90266016603,10046380,LUNG,0.010379429323234324,0.085879332128739
holdout_group_1w,full,90281016603,10106383,LUNG,0.00929576480738925,0.085879332128739
holdout_group_1w,full,90254016603,10044760,LUNG,0.008274925898379859,0.085879332128739
holdout_group_1w,full,90292016603,10220917,LUNG,0.008297357126445859,0.085879332128739
holdout_group_1w,full,90587016603,10971645,LUNG,0.00760704222830999,0.085879332128739
holdout_group_1w,full,90251016603,10044256,LUNG,0.011608697542147661,0.085879332128739
holdout_group_1w,full,90222016603,10025626,LUNG,0.009250902387635263,0.085879332128739
holdout_group_1w,full,90450016603,10672656,LUNG,0.007417744781288094,0.085879332128739
holdout_group_1w,full,90441016603,10502300,LUNG,0.0102064641511731,0.085879332128739
holdout_group_1w,full,90265016603,10046119,LUNG,0.009210276432532694,0.085879332128739
holdout_group_1w,full,90585016603,10871349,LUNG,0.009561149507858024,0.085879332128739
holdout_group_1w,full,90229016603,10026355,LUNG,0.008230222049594893,0.085879332128739
holdout_group_1w,full,90266016402,10046380,OVARY,0.02225031751380857,0.085879332128739
holdout_group_1w,full,90254016402,10044760,OVARY,0.042372090957692454,0.085879332128739
holdout_group_1w,full,90585016402,10871349,OVARY,0.02690619867710997,0.085879332128739
holdout_group_1w,full,90265016402,10046119,OVARY,0.021320890331026687,0.085879332128739
holdout_group_1w,full,90587016402,10971645,OVARY,0.026945028229101498,0.085879332128739
holdout_group_1w,full,90251016402,10044256,OVARY,0.024274153146056743,0.085879332128739
holdout_group_1w,full,90254015512,10044760,SKM-GN,0.14628236323622468,0.085879332128739
holdout_group_1w,full,90281015512,10106383,SKM-GN,0.15033827999955152,0.085879332128739
holdout_group_1w,full,90229015512,10026355,SKM-GN,0.05899792743359844,0.085879332128739
holdout_group_1w,full,90587015512,10971645,SKM-GN,0.10413679808242993,0.085879332128739
holdout_group_1w,full,90585015512,10871349,SKM-GN,0.08079812670425912,0.085879332128739
holdout_group_1w,full,90265015512,10046119,SKM-GN,0.06716623210646022,0.085879332128739
holdout_group_1w,full,90450015512,10672656,SKM-GN,0.0923284686271374,0.085879332128739
holdout_group_1w,full,90292015512,10220917,SKM-GN,0.08576329465790056,0.085879332128739
holdout_group_1w,full,90441015512,10502300,SKM-GN,0.12361337734404032,0.085879332128739
holdout_group_1w,full,90222015512,10025626,SKM-GN,0.1333729356904102,0.085879332128739
holdout_group_1w,full,90251015512,10044256,SKM-GN,0.12821458862642188,0.085879332128739
holdout_group_1w,full,90266015512,10046380,SKM-GN,0.0578554393461983,0.085879332128739
holdout_group_1w,full,90222015603,10025626,SKM-VL,0.4887620159648006,0.085879332128739
holdout_group_1w,full,90229015603,10026355,SKM-VL,0.05980492347574151,0.085879332128739
holdout_group_1w,full,90251015603,10044256,SKM-VL,0.06872177343205577,0.085879332128739
holdout_group_1w,full,90254015603,10044760,SKM-VL,0.10415718402427976,0.085879332128739
holdout_group_1w,full,90265015603,10046119,SKM-VL,0.11650158691457857,0.085879332128739
holdout_group_1w,full,90266015603,10046380,SKM-VL,0.1616869915745256,0.085879332128739
holdout_group_1w,full,90281015603,10106383,SKM-VL,0.085879332128739,0.085879332128739
holdout_group_1w,full,90292015603,10220917,SKM-VL,0.03281565370397066,0.085879332128739
holdout_group_1w,full,90441015603,10502300,SKM-VL,0.07043751506346652,0.085879332128739
holdout_group_1w,full,90450015603,10672656,SKM-VL,0.12775865760016214,0.085879332128739
holdout_group_1w,full,90585015603,10871349,SKM-VL,0.8048130175170434,0.085879332128739
holdout_group_1w,full,90587015603,10971645,SKM-VL,0.29525042645269095,0.085879332128739
holdout_group_1w,full,90281016702,10106383,SMLINT,0.005252099688154321,0.085879332128739
holdout_group_1w,full,90587016702,10971645,SMLINT,0.009823609910725617,0.085879332128739
holdout_group_1w,full,90229016702,10026355,SMLINT,0.01626321753801474,0.085879332128739
holdout_group_1w,full,90450016702,10672656,SMLINT,0.006516073844064163,0.085879332128739
holdout_group_1w,full,90441016702,10502300,SMLINT,0.006892329066193192,0.085879332128739
holdout_group_1w,full,90292016702,10220917,SMLINT,0.004431818054729142,0.085879332128739
holdout_group_1w,full,90266016702,10046380,SMLINT,0.0058214074154054885,0.085879332128739
holdout_group_1w,full,90254016702,10044760,SMLINT,0.052484665114242546,0.085879332128739
holdout_group_1w,full,90265016702,10046119,SMLINT,0.007022262237618815,0.085879332128739
holdout_group_1w,full,90251016702,10044256,SMLINT,0.014949075467899364,0.085879332128739
holdout_group_1w,full,90585016702,10871349,SMLINT,0.0049813103039036966,0.085879332128739
holdout_group_1w,full,90222016702,10025626,SMLINT,0.006777088461872416,0.085879332128739
holdout_group_1w,full,90222016202,10025626,SPLEEN,0.00782625971738471,0.085879332128739
holdout_group_1w,full,90229016202,10026355,SPLEEN,0.007802258105387594,0.085879332128739
holdout_group_1w,full,90251016202,10044256,SPLEEN,0.007963639352597918,0.085879332128739
holdout_group_1w,full,90254016202,10044760,SPLEEN,0.007810975207864668,0.085879332128739
holdout_group_1w,full,90265016202,10046119,SPLEEN,0.008002531310322913,0.085879332128739
holdout_group_1w,full,90266016202,10046380,SPLEEN,0.0077811504153074695,0.085879332128739
holdout_group_1w,full,90281016202,10106383,SPLEEN,0.008599380307182436,0.085879332128739
holdout_group_1w,full,90292016202,10220917,SPLEEN,0.008006807128563609,0.085879332128739
holdout_group_1w,full,90441016202,10502300,SPLEEN,0.007429608944294008,0.085879332128739
holdout_group_1w,full,90450016202,10672656,SPLEEN,0.007594540254171944,0.085879332128739
holdout_group_1w,full,90585016202,10871349,SPLEEN,0.008033298888415974,0.085879332128739
holdout_group_1w,full,90587016202,10971645,SPLEEN,0.008622986816940292,0.085879332128739
holdout_group_1w,full,90281016302,10106383,TESTES,0.006096084924992362,0.085879332128739
holdout_group_1w,full,90292016302,10220917,TESTES,0.006022798973569388,0.085879332128739
holdout_group_1w,full,90441016302,10502300,TESTES,0.0059892339409960416,0.085879332128739
holdout_group_1w,full,90222016302,10025626,TESTES,0.005948894334416366,0.085879332128739
holdout_group_1w,full,90229016302,10026355,TESTES,0.005952256738898765,0.085879332128739
holdout_group_1w,full,90450016302,10672656,TESTES,0.0056793569233509755,0.085879332128739
holdout_group_1w,full,90254016502,10044760,VENACV,0.013584635030582715,0.085879332128739
holdout_group_1w,full,90441016502,10502300,VENACV,0.01093874893493818,0.085879332128739
holdout_group_1w,full,90266016502,10046380,VENACV,0.010690425423527605,0.085879332128739
holdout_group_1w,full,90229016502,10026355,VENACV,0.05450411263604649,0.085879332128739
holdout_group_1w,full,90222016502,10025626,VENACV,0.008873385328580619,0.085879332128739
holdout_group_1w,full,90281016502,10106383,VENACV,0.02445670938989397,0.085879332128739
holdout_group_1w,full,90587016502,10971645,VENACV,0.3555936259661079,0.085879332128739
holdout_group_1w,full,90251016502,10044256,VENACV,0.010254510722425114,0.085879332128739
holdout_group_1w,full,90585016502,10871349,VENACV,0.29527089880243995,0.085879332128739
holdout_group_1w,full,90265016502,10046119,VENACV,0.009604560636816806,0.085879332128739
holdout_group_1w,full,90292016502,10220917,VENACV,0.012145431345940483,0.085879332128739
holdout_group_1w,full,90450016502,10672656,VENACV,0.03613005315291118,0.085879332128739
holdout_group_1w,full,90222017005,10025626,WAT-SC,0.009986442197629897,0.085879332128739
holdout_group_1w,full,90229017005,10026355,WAT-SC,0.009395227694580677,0.085879332128739
holdout_group_1w,full,90251017005,10044256,WAT-SC,0.031622583102099755,0.085879332128739
holdout_group_1w,full,90254017005,10044760,WAT-SC,0.01089691478965149,0.085879332128739
holdout_group_1w,full,90265017005,10046119,WAT-SC,0.025821554079089037,0.085879332128739
holdout_group_1w,full,90266017005,10046380,WAT-SC,0.04392724428234518,0.085879332128739
holdout_group_1w,full,90281017005,10106383,WAT-SC,0.011409400692149796,0.085879332128739
holdout_group_1w,full,90292017005,10220917,WAT-SC,0.009697523367205085,0.085879332128739
holdout_group_1w,full,90441017005,10502300,WAT-SC,0.00898358042020364,0.085879332128739
holdout_group_1w,full,90450017005,10672656,WAT-SC,0.008728318971770954,0.085879332128739
holdout_group_1w,full,90585017005,10871349,WAT-SC,0.020333229404808306,0.085879332128739
holdout_group_1w,full,90587017005,10971645,WAT-SC,0.014595241682999194,0.085879332128739
holdout_group_1w,panel_k50,90292016002,10220917,ADRNL,0.003385067063515823,0.07107005453627024
holdout_group_1w,panel_k50,90254016002,10044760,ADRNL,0.004112333014526404,0.07107005453627024
holdout_group_1w,panel_k50,90441016002,10502300,ADRNL,0.00788407407087921,0.07107005453627024
holdout_group_1w,panel_k50,90587016002,10971645,ADRNL,0.009989309256551393,0.07107005453627024
holdout_group_1w,panel_k50,90450016002,10672656,ADRNL,0.0047444699955688785,0.07107005453627024
holdout_group_1w,panel_k50,90222016002,10025626,ADRNL,0.13324095741229702,0.07107005453627024
holdout_group_1w,panel_k50,90265016002,10046119,ADRNL,0.013846311393907795,0.07107005453627024
holdout_group_1w,panel_k50,90266016002,10046380,ADRNL,0.10016793627515064,0.07107005453627024
holdout_group_1w,panel_k50,90281016002,10106383,ADRNL,0.004787799903662182,0.07107005453627024
holdout_group_1w,panel_k50,90585016002,10871349,ADRNL,0.0042559265981025884,0.07107005453627024
holdout_group_1w,panel_k50,90251016002,10044256,ADRNL,0.004869724077231075,0.07107005453627024
holdout_group_1w,panel_k50,90229016002,10026355,ADRNL,0.0036054734493048413,0.07107005453627024
holdout_group_1w,panel_k50,90222016902,10025626,BAT,0.014714204810905684,0.07107005453627024
holdout_group_1w,panel_k50,90229016902,10026355,BAT,0.010591476313829506,0.07107005453627024
holdout_group_1w,panel_k50,90251016902,10044256,BAT,0.0092635122326864,0.07107005453627024
holdout_group_1w,panel_k50,90254016902,10044760,BAT,0.022489414766343252,0.07107005453627024
holdout_group_1w,panel_k50,90265016902,10046119,BAT,0.009217821540193127,0.07107005453627024
holdout_group_1w,panel_k50,90266016902,10046380,BAT,0.10962507989859849,0.07107005453627024
holdout_group_1w,panel_k50,90281016902,10106383,BAT,0.018109757734963705,0.07107005453627024
holdout_group_1w,panel_k50,90292016902,10220917,BAT,0.023209538206550473,0.07107005453627024
holdout_group_1w,panel_k50,90441016902,10502300,BAT,0.012047378192623026,0.07107005453627024
holdout_group_1w,panel_k50,90450016902,10672656,BAT,0.005214477911383408,0.07107005453627024
holdout_group_1w,panel_k50,90585016902,10871349,BAT,0.013885480647653492,0.07107005453627024
holdout_group_1w,panel_k50,90587016902,10971645,BAT,0.060070228243165436,0.07107005453627024
holdout_group_1w,panel_k50,90585013001,10871349,BLOOD,0.006516532798137797,0.07107005453627024
holdout_group_1w,panel_k50,90587013001,10971645,BLOOD,0.005008890948755784,0.07107005453627024
holdout_group_1w,panel_k50,90265013001,10046119,BLOOD,0.005252050316017054,0.07107005453627024
holdout_group_1w,panel_k50,90292013001,10220917,BLOOD,0.005505247969778249,0.07107005453627024
holdout_group_1w,panel_k50,90441013002,10502300,BLOOD,0.007309806479602443,0.07107005453627024
holdout_group_1w,panel_k50,90281013001,10106383,BLOOD,0.005672554402156305,0.07107005453627024
holdout_group_1w,panel_k50,90450013001,10672656,BLOOD,0.00863978463115267,0.07107005453627024
holdout_group_1w,panel_k50,90229013002,10026355,BLOOD,0.009417355778064351,0.07107005453627024
holdout_group_1w,panel_k50,90266013002,10046380,BLOOD,0.006171524109054194,0.07107005453627024
holdout_group_1w,panel_k50,90222013002,10025626,BLOOD,0.004389769878100802,0.07107005453627024
holdout_group_1w,panel_k50,90251013001,10044256,BLOOD,0.005181852820331567,0.07107005453627024
holdout_group_1w,panel_k50,90254013002,10044760,BLOOD,0.005708719797844375,0.07107005453627024
holdout_group_1w,panel_k50,90229016102,10026355,COLON,0.003988267730656414,0.07107005453627024
holdout_group_1w,panel_k50,90251016102,10044256,COLON,0.008003645593858022,0.07107005453627024
holdout_group_1w,panel_k50,90585016102,10871349,COLON,0.004666208633143376,0.07107005453627024
holdout_group_1w,panel_k50,90292016102,10220917,COLON,0.005495872501808385,0.07107005453627024
holdout_group_1w,panel_k50,90450016102,10672656,COLON,0.004528083261896909,0.07107005453627024
holdout_group_1w,panel_k50,90265016102,10046119,COLON,0.004596734054583829,0.07107005453627024
holdout_group_1w,panel_k50,90222016102,10025626,COLON,0.0048051316783686016,0.07107005453627024
holdout_group_1w,panel_k50,90281016102,10106383,COLON,0.004110452996355041,0.07107005453627024
holdout_group_1w,panel_k50,90587016102,10971645,COLON,0.004658611264855228,0.07107005453627024
holdout_group_1w,panel_k50,90266016102,10046380,COLON,0.004364284146965214,0.07107005453627024
holdout_group_1w,panel_k50,90441016102,10502300,COLON,0.004438391126547425,0.07107005453627024
holdout_group_1w,panel_k50,90254016102,10044760,COLON,0.006544491723586843,0.07107005453627024
holdout_group_1w,panel_k50,90222015302,10025626,CORTEX,0.0419130340170597,0.07107005453627024
holdout_group_1w,panel_k50,90229015302,10026355,CORTEX,0.021861481801294547,0.07107005453627024
holdout_group_1w,panel_k50,90251015302,10044256,CORTEX,0.014962450660947813,0.07107005453627024
holdout_group_1w,panel_k50,90254015302,10044760,CORTEX,0.03395751350123577,0.07107005453627024
holdout_group_1w,panel_k50,90265015302,10046119,CORTEX,0.009928375978211723,0.07107005453627024
holdout_group_1w,panel_k50,90266015302,10046380,CORTEX,0.011322734506556853,0.07107005453627024
holdout_group_1w,panel_k50,90281015302,10106383,CORTEX,0.007994433125410039,0.07107005453627024
holdout_group_1w,panel_k50,90292015302,10220917,CORTEX,0.015684547220073175,0.07107005453627024
holdout_group_1w,panel_k50,90441015302,10502300,CORTEX,0.01414339648081886,0.07107005453627024
holdout_group_1w,panel_k50,90450015302,10672656,CORTEX,0.013850172053703536,0.07107005453627024
holdout_group_1w,panel_k50,90585015302,10871349,CORTEX,0.011966109395362357,0.07107005453627024
holdout_group_1w,panel_k50,90587015302,10971645,CORTEX,0.018671928488595557,0.07107005453627024
holdout_group_1w,panel_k50,90229015803,10026355,HEART,0.00784371133935946,0.07107005453627024
holdout_group_1w,panel_k50,90266015803,10046380,HEART,0.006607845792264255,0.07107005453627024
holdout_group_1w,panel_k50,90222015803,10025626,HEART,0.006633002445203151,0.07107005453627024
holdout_group_1w,panel_k50,90585015803,10871349,HEART,0.007253010185920505,0.07107005453627024
holdout_group_1w,panel_k50,90254015803,10044760,HEART,0.008121248621893007,0.07107005453627024
holdout_group_1w,panel_k50,90292015803,10220917,HEART,0.006606411721689853,0.07107005453627024
holdout_group_1w,panel_k50,90441015803,10502300,HEART,0.007502967883587175,0.07107005453627024
holdout_group_1w,panel_k50,90450015803,10672656,HEART,0.006422617653779716,0.07107005453627024
holdout_group_1w,panel_k50,90251015803,10044256,HEART,0.010346567143281526,0.07107005453627024
holdout_group_1w,panel_k50,90587015803,10971645,HEART,0.0068508968338857335,0.07107005453627024
holdout_group_1w,panel_k50,90265015803,10046119,HEART,0.005954957457344534,0.07107005453627024
holdout_group_1w,panel_k50,90281015803,10106383,HEART,0.007244877002618888,0.07107005453627024
holdout_group_1w,panel_k50,90222015202,10025626,HIPPOC,0.04301559409089539,0.07107005453627024
holdout_group_1w,panel_k50,90229015202,10026355,HIPPOC,0.056951410445014616,0.07107005453627024
holdout_group_1w,panel_k50,90251015202,10044256,HIPPOC,0.024852073689340393,0.07107005453627024
holdout_group_1w,panel_k50,90254015202,10044760,HIPPOC,0.02897851809454588,0.07107005453627024
holdout_group_1w,panel_k50,90265015202,10046119,HIPPOC,0.03430396280767789,0.07107005453627024
holdout_group_1w,panel_k50,90266015202,10046380,HIPPOC,0.042587646294806825,0.07107005453627024
holdout_group_1w,panel_k50,90281015202,10106383,HIPPOC,0.03231130997675624,0.07107005453627024
holdout_group_1w,panel_k50,90292015202,10220917,HIPPOC,0.03713095731763838,0.07107005453627024
holdout_group_1w,panel_k50,90441015202,10502300,HIPPOC,0.051778782103179544,0.07107005453627024
holdout_group_1w,panel_k50,90450015202,10672656,HIPPOC,0.051670736041314,0.07107005453627024
holdout_group_1w,panel_k50,90585015202,10871349,HIPPOC,0.03587709832403474,0.07107005453627024
holdout_group_1w,panel_k50,90587015202,10971645,HIPPOC,0.028567300489333092,0.07107005453627024
holdout_group_1w,panel_k50,90222015402,10025626,HYPOTH,0.028206269501472536,0.07107005453627024
holdout_group_1w,panel_k50,90229015402,10026355,HYPOTH,0.03458916564118775,0.07107005453627024
holdout_group_1w,panel_k50,90251015402,10044256,HYPOTH,0.028337350098919134,0.07107005453627024
holdout_group_1w,panel_k50,90254015402,10044760,HYPOTH,0.07107005453627024,0.07107005453627024
holdout_group_1w,panel_k50,90265015402,10046119,HYPOTH,0.03994809761511231,0.07107005453627024
holdout_group_1w,panel_k50,90266015402,10046380,HYPOTH,0.039959598739846,0.07107005453627024
holdout_group_1w,panel_k50,90281015402,10106383,HYPOTH,0.04809601797707075,0.07107005453627024
holdout_group_1w,panel_k50,90292015402,10220917,HYPOTH,0.03568702514998534,0.07107005453627024
holdout_group_1w,panel_k50,90441015402,10502300,HYPOTH,0.04354457075595697,0.07107005453627024
holdout_group_1w,panel_k50,90450015402,10672656,HYPOTH,0.032472777658331564,0.07107005453627024
holdout_group_1w,panel_k50,90585015402,10871349,HYPOTH,0.04432062239629664,0.07107005453627024
holdout_group_1w,panel_k50,90587015402,10971645,HYPOTH,0.03942969929238205,0.07107005453627024
holdout_group_1w,panel_k50,90222015902,10025626,KIDNEY,0.005038168733184634,0.07107005453627024
holdout_group_1w,panel_k50,90229015902,10026355,KIDNEY,0.0046775775598723035,0.07107005453627024
holdout_group_1w,panel_k50,90251015902,10044256,KIDNEY,0.0051883620452458645,0.07107005453627024
holdout_group_1w,panel_k50,90254015902,10044760,KIDNEY,0.004173946310100929,0.07107005453627024
holdout_group_1w,panel_k50,90265015902,10046119,KIDNEY,0.006232079197688978,0.07107005453627024
holdout_group_1w,panel_k50,90266015902,10046380,KIDNEY,0.004767520748419907,0.07107005453627024
holdout_group_1w,panel_k50,90281015902,10106383,KIDNEY,0.004558453577460764,0.07107005453627024
holdout_group_1w,panel_k50,90292015902,10220917,KIDNEY,0.004649663307350171,0.07107005453627024
holdout_group_1w,panel_k50,90441015902,10502300,KIDNEY,0.005180331888369083,0.07107005453627024
holdout_group_1w,panel_k50,90450015902,10672656,KIDNEY,0.004751016523497298,0.07107005453627024
holdout_group_1w,panel_k50,90587015902,10971645,KIDNEY,0.004915952833723702,0.07107005453627024
holdout_group_1w,panel_k50,90585015902,10871349,KIDNEY,0.005001531719532437,0.07107005453627024
holdout_group_1w,panel_k50,90222016803,10025626,LIVER,0.0038500884925688483,0.07107005453627024
holdout_group_1w,panel_k50,90229016803,10026355,LIVER,0.004958656959181629,0.07107005453627024
holdout_group_1w,panel_k50,90251016803,10044256,LIVER,0.005994939942020605,0.07107005453627024
holdout_group_1w,panel_k50,90254016803,10044760,LIVER,0.0042390804835102935,0.07107005453627024
holdout_group_1w,panel_k50,90265016803,10046119,LIVER,0.004575336995173096,0.07107005453627024
holdout_group_1w,panel_k50,90266016803,10046380,LIVER,0.005447811110097844,0.07107005453627024
holdout_group_1w,panel_k50,90281016803,10106383,LIVER,0.0038293993302432883,0.07107005453627024
holdout_group_1w,panel_k50,90292016803,10220917,LIVER,0.004010214158066572,0.07107005453627024
holdout_group_1w,panel_k50,90441016803,10502300,LIVER,0.004423643995538296,0.07107005453627024
holdout_group_1w,panel_k50,90450016803,10672656,LIVER,0.004463228394812835,0.07107005453627024
holdout_group_1w,panel_k50,90585016803,10871349,LIVER,0.004610382871920615,0.07107005453627024
holdout_group_1w,panel_k50,90587016803,10971645,LIVER,0.004773263005691697,0.07107005453627024
holdout_group_1w,panel_k50,90266016603,10046380,LUNG,0.0047335486808187666,0.07107005453627024
holdout_group_1w,panel_k50,90281016603,10106383,LUNG,0.00470532154485459,0.07107005453627024
holdout_group_1w,panel_k50,90254016603,10044760,LUNG,0.004351579374576087,0.07107005453627024
holdout_group_1w,panel_k50,90292016603,10220917,LUNG,0.005091730106823955,0.07107005453627024
holdout_group_1w,panel_k50,90587016603,10971645,LUNG,0.0050373885902073035,0.07107005453627024
holdout_group_1w,panel_k50,90251016603,10044256,LUNG,0.005081191137868979,0.07107005453627024
holdout_group_1w,panel_k50,90222016603,10025626,LUNG,0.005287245823998976,0.07107005453627024
holdout_group_1w,panel_k50,90450016603,10672656,LUNG,0.00471504823217983,0.07107005453627024
holdout_group_1w,panel_k50,90441016603,10502300,LUNG,0.005180407297387335,0.07107005453627024
holdout_group_1w,panel_k50,90265016603,10046119,LUNG,0.004700801459716741,0.07107005453627024
holdout_group_1w,panel_k50,90585016603,10871349,LUNG,0.004355186334960681,0.07107005453627024
holdout_group_1w,panel_k50,90229016603,10026355,LUNG,0.004894680789443884,0.07107005453627024
holdout_group_1w,panel_k50,90266016402,10046380,OVARY,0.0049116566076727874,0.07107005453627024
holdout_group_1w,panel_k50,90254016402,10044760,OVARY,0.009345510386645772,0.07107005453627024
holdout_group_1w,panel_k50,90585016402,10871349,OVARY,0.008849418260510666,0.07107005453627024
holdout_group_1w,panel_k50,90265016402,10046119,OVARY,0.0037804578341653627,0.07107005453627024
holdout_group_1w,panel_k50,90587016402,10971645,OVARY,0.006742042830189421,0.07107005453627024
holdout_group_1w,panel_k50,90251016402,10044256,OVARY,0.008369386264997947,0.07107005453627024
holdout_group_1w,panel_k50,90254015512,10044760,SKM-GN,0.11348649549477041,0.07107005453627024
holdout_group_1w,panel_k50,90281015512,10106383,SKM-GN,0.12230828041790975,0.07107005453627024
holdout_group_1w,panel_k50,90229015512,10026355,SKM-GN,0.031995361921773546,0.07107005453627024
holdout_group_1w,panel_k50,90587015512,10971645,SKM-GN,0.06875276664034957,0.07107005453627024
holdout_group_1w,panel_k50,90585015512,10871349,SKM-GN,0.08272327305310456,0.07107005453627024
holdout_group_1w,panel_k50,90265015512,10046119,SKM-GN,0.19292755693164754,0.07107005453627024
holdout_group_1w,panel_k50,90450015512,10672656,SKM-GN,0.07498504821443452,0.07107005453627024
holdout_group_1w,panel_k50,90292015512,10220917,SKM-GN,0.12696443487011166,0.07107005453627024
holdout_group_1w,panel_k50,90441015512,10502300,SKM-GN,0.14963440665751482,0.07107005453627024
holdout_group_1w,panel_k50,90222015512,10025626,SKM-GN,0.15028266975471194,0.07107005453627024
holdout_group_1w,panel_k50,90251015512,10044256,SKM-GN,0.04684985721171131,0.07107005453627024
holdout_group_1w,panel_k50,90266015512,10046380,SKM-GN,0.08144114340305919,0.07107005453627024
holdout_group_1w,panel_k50,90222015603,10025626,SKM-VL,0.7071973676448631,0.07107005453627024
holdout_group_1w,panel_k50,90229015603,10026355,SKM-VL,0.0475128723874686,0.07107005453627024
holdout_group_1w,panel_k50,90251015603,10044256,SKM-VL,0.027169501444746835,0.07107005453627024
holdout_group_1w,panel_k50,90254015603,10044760,SKM-VL,0.04716854166689011,0.07107005453627024
holdout_group_1w,panel_k50,90265015603,10046119,SKM-VL,0.0425524770228326,0.07107005453627024
holdout_group_1w,panel_k50,90266015603,10046380,SKM-VL,0.03056557818254113,0.07107005453627024
holdout_group_1w,panel_k50,90281015603,10106383,SKM-VL,0.08247752299324351,0.07107005453627024
holdout_group_1w,panel_k50,90292015603,10220917,SKM-VL,0.003330237399856495,0.07107005453627024
holdout_group_1w,panel_k50,90441015603,10502300,SKM-VL,0.00967700112807679,0.07107005453627024
holdout_group_1w,panel_k50,90450015603,10672656,SKM-VL,0.2954928739336853,0.07107005453627024
holdout_group_1w,panel_k50,90585015603,10871349,SKM-VL,0.11636808261992637,0.07107005453627024
holdout_group_1w,panel_k50,90587015603,10971645,SKM-VL,0.20901599027046402,0.07107005453627024
holdout_group_1w,panel_k50,90281016702,10106383,SMLINT,0.005741546025648914,0.07107005453627024
holdout_group_1w,panel_k50,90587016702,10971645,SMLINT,0.007257736229628442,0.07107005453627024
holdout_group_1w,panel_k50,90229016702,10026355,SMLINT,0.005737942532466511,0.07107005453627024
holdout_group_1w,panel_k50,90450016702,10672656,SMLINT,0.006511418399774205,0.07107005453627024
holdout_group_1w,panel_k50,90441016702,10502300,SMLINT,0.005403939062579299,0.07107005453627024
holdout_group_1w,panel_k50,90292016702,10220917,SMLINT,0.0052204306532877,0.07107005453627024
holdout_group_1w,panel_k50,90266016702,10046380,SMLINT,0.005029896712646753,0.07107005453627024
holdout_group_1w,panel_k50,90254016702,10044760,SMLINT,0.012765546386758309,0.07107005453627024
holdout_group_1w,panel_k50,90265016702,10046119,SMLINT,0.00498176452444099,0.07107005453627024
holdout_group_1w,panel_k50,90251016702,10044256,SMLINT,0.006546984228870567,0.07107005453627024
holdout_group_1w,panel_k50,90585016702,10871349,SMLINT,0.005853404474118307,0.07107005453627024
holdout_group_1w,panel_k50,90222016702,10025626,SMLINT,0.005370051897255923,0.07107005453627024
holdout_group_1w,panel_k50,90222016202,10025626,SPLEEN,0.010206761756048954,0.07107005453627024
holdout_group_1w,panel_k50,90229016202,10026355,SPLEEN,0.0065056611612539506,0.07107005453627024
holdout_group_1w,panel_k50,90251016202,10044256,SPLEEN,0.009922087164396132,0.07107005453627024
holdout_group_1w,panel_k50,90254016202,10044760,SPLEEN,0.013375390246571195,0.07107005453627024
holdout_group_1w,panel_k50,90265016202,10046119,SPLEEN,0.007783687737889844,0.07107005453627024
holdout_group_1w,panel_k50,90266016202,10046380,SPLEEN,0.00908586672273115,0.07107005453627024
holdout_group_1w,panel_k50,90281016202,10106383,SPLEEN,0.00557665671996832,0.07107005453627024
holdout_group_1w,panel_k50,90292016202,10220917,SPLEEN,0.008940389377725122,0.07107005453627024
holdout_group_1w,panel_k50,90441016202,10502300,SPLEEN,0.006257857763587005,0.07107005453627024
holdout_group_1w,panel_k50,90450016202,10672656,SPLEEN,0.007599950855559423,0.07107005453627024
holdout_group_1w,panel_k50,90585016202,10871349,SPLEEN,0.0057354459980941686,0.07107005453627024
holdout_group_1w,panel_k50,90587016202,10971645,SPLEEN,0.007200527023818792,0.07107005453627024
holdout_group_1w,panel_k50,90281016302,10106383,TESTES,0.007631795534757346,0.07107005453627024
holdout_group_1w,panel_k50,90292016302,10220917,TESTES,0.007108749882935639,0.07107005453627024
holdout_group_1w,panel_k50,90441016302,10502300,TESTES,0.006987797475836555,0.07107005453627024
holdout_group_1w,panel_k50,90222016302,10025626,TESTES,0.0068955142091070565,0.07107005453627024
holdout_group_1w,panel_k50,90229016302,10026355,TESTES,0.006999281802329893,0.07107005453627024
holdout_group_1w,panel_k50,90450016302,10672656,TESTES,0.006815229768994624,0.07107005453627024
holdout_group_1w,panel_k50,90254016502,10044760,VENACV,0.009269716594324295,0.07107005453627024
holdout_group_1w,panel_k50,90441016502,10502300,VENACV,0.001441297390836982,0.07107005453627024
holdout_group_1w,panel_k50,90266016502,10046380,VENACV,0.0010414678615481288,0.07107005453627024
holdout_group_1w,panel_k50,90229016502,10026355,VENACV,0.0781807736480864,0.07107005453627024
holdout_group_1w,panel_k50,90222016502,10025626,VENACV,0.0011770618835629243,0.07107005453627024
holdout_group_1w,panel_k50,90281016502,10106383,VENACV,0.004218083015014917,0.07107005453627024
holdout_group_1w,panel_k50,90587016502,10971645,VENACV,0.3101362072310203,0.07107005453627024
holdout_group_1w,panel_k50,90251016502,10044256,VENACV,0.002997345785597405,0.07107005453627024
holdout_group_1w,panel_k50,90585016502,10871349,VENACV,0.6207450916235382,0.07107005453627024
holdout_group_1w,panel_k50,90265016502,10046119,VENACV,0.0012239016048909424,0.07107005453627024
holdout_group_1w,panel_k50,90292016502,10220917,VENACV,0.00416008416651481,0.07107005453627024
holdout_group_1w,panel_k50,90450016502,10672656,VENACV,0.019500525705162364,0.07107005453627024
holdout_group_1w,panel_k50,90222017005,10025626,WAT-SC,0.003063576514185762,0.07107005453627024
holdout_group_1w,panel_k50,90229017005,10026355,WAT-SC,0.004547428780068308,0.07107005453627024
holdout_group_1w,panel_k50,90251017005,10044256,WAT-SC,0.01214272120642279,0.07107005453627024
holdout_group_1w,panel_k50,90254017005,10044760,WAT-SC,0.0020879282885805095,0.07107005453627024
holdout_group_1w,panel_k50,90265017005,10046119,WAT-SC,0.010487772293039876,0.07107005453627024
holdout_group_1w,panel_k50,90266017005,10046380,WAT-SC,0.01997334208796564,0.07107005453627024
holdout_group_1w,panel_k50,90281017005,10106383,WAT-SC,0.005468025488000183,0.07107005453627024
holdout_group_1w,panel_k50,90292017005,10220917,WAT-SC,0.0047021120611225875,0.07107005453627024
holdout_group_1w,panel_k50,90441017005,10502300,WAT-SC,0.005549285202652632,0.07107005453627024
holdout_group_1w,panel_k50,90450017005,10672656,WAT-SC,0.0038708862960731283,0.07107005453627024
holdout_group_1w,panel_k50,90585017005,10871349,WAT-SC,0.008173088177483634,0.07107005453627024
holdout_group_1w,panel_k50,90587017005,10971645,WAT-SC,0.0054872927275314565,0.07107005453627024
train_control_test_trained,full,90252016002,10044337,ADRNL,0.03976636476005535,0.19331159896989591
train_control_test_trained,full,90245016002,10043527,ADRNL,0.023155118620722948,0.19331159896989591
train_control_test_trained,full,90232016002,10026789,ADRNL,0.02273642022033484,0.19331159896989591
train_control_test_trained,full,90232016902,10026789,BAT,0.0520264372047432,0.19331159896989591
train_control_test_trained,full,90245016902,10043527,BAT,0.050034736977554006,0.19331159896989591
train_control_test_trained,full,90252016902,10044337,BAT,0.03749297958540787,0.19331159896989591
train_control_test_trained,full,90252013001,10044337,BLOOD,0.013474696912477158,0.19331159896989591
train_control_test_trained,full,90245013002,10043527,BLOOD,0.01273584572483677,0.19331159896989591
train_control_test_trained,full,90232013002,10026789,BLOOD,0.01435836903018095,0.19331159896989591
train_control_test_trained,full,90232016102,10026789,COLON,0.037987195584127775,0.19331159896989591
train_control_test_trained,full,90245016102,10043527,COLON,0.03995196276676005,0.19331159896989591
train_control_test_trained,full,90252016102,10044337,COLON,0.027037239337678987,0.19331159896989591
train_control_test_trained,full,90232015302,10026789,CORTEX,0.09507085048568831,0.19331159896989591
train_control_test_trained,full,90245015302,10043527,CORTEX,0.09567112319213689,0.19331159896989591
train_control_test_trained,full,90252015302,10044337,CORTEX,0.12128804738542565,0.19331159896989591
train_control_test_trained,full,90252015803,10044337,HEART,0.04807460737621494,0.19331159896989591
train_control_test_trained,full,90245015803,10043527,HEART,0.05930228400841797,0.19331159896989591
train_control_test_trained,full,90232015803,10026789,HEART,0.0449282724864567,0.19331159896989591
train_control_test_trained,full,90232015202,10026789,HIPPOC,0.11909735353647433,0.19331159896989591
train_control_test_trained,full,90245015202,10043527,HIPPOC,0.08563990382725739,0.19331159896989591
train_control_test_trained,full,90252015202,10044337,HIPPOC,0.0946352386007131,0.19331159896989591
train_control_test_trained,full,90232015402,10026789,HYPOTH,0.05930461256053199,0.19331159896989591
train_control_test_trained,full,90245015402,10043527,HYPOTH,0.06282085627802947,0.19331159896989591
train_control_test_trained,full,90252015402,10044337,HYPOTH,0.05147647510361553,0.19331159896989591
train_control_test_trained,full,90232015902,10026789,KIDNEY,0.01998846588288361,0.19331159896989591
train_control_test_trained,full,90245015902,10043527,KIDNEY,0.020516561170331404,0.19331159896989591
train_control_test_trained,full,90252015902,10044337,KIDNEY,0.0238965182421792,0.19331159896989591
train_control_test_trained,full,90232016803,10026789,LIVER,0.014288388953445419,0.19331159896989591
train_control_test_trained,full,90245016803,10043527,LIVER,0.01651334901988022,0.19331159896989591
train_control_test_trained,full,90252016803,10044337,LIVER,0.017853996242034875,0.19331159896989591
train_control_test_trained,full,90232016603,10026789,LUNG,0.02690092633479013,0.19331159896989591
train_control_test_trained,full,90252016603,10044337,LUNG,0.030395773427152495,0.19331159896989591
train_control_test_trained,full,90245016603,10043527,LUNG,0.031931847051471896,0.19331159896989591
train_control_test_trained,full,90252016402,10044337,OVARY,0.08955365552149963,0.19331159896989591
train_control_test_trained,full,90245016402,10043527,OVARY,0.14641047352455394,0.19331159896989591
train_control_test_trained,full,90245015512,10043527,SKM-GN,0.24561340317973335,0.19331159896989591
train_control_test_trained,full,90232015512,10026789,SKM-GN,0.3229630752117091,0.19331159896989591
train_control_test_trained,full,90252015512,10044337,SKM-GN,0.19331159896989591,0.19331159896989591
train_control_test_trained,full,90232015603,10026789,SKM-VL,0.1370996370697054,0.19331159896989591
train_control_test_trained,full,90245015603,10043527,SKM-VL,0.10458039461373869,0.19331159896989591
train_control_test_trained,full,90252015603,10044337,SKM-VL,0.20438127485424462,0.19331159896989591
train_control_test_trained,full,90245016702,10043527,SMLINT,0.020482011612861784,0.19331159896989591
train_control_test_trained,full,90232016702,10026789,SMLINT,0.022114808835106414,0.19331159896989591
train_control_test_trained,full,90252016702,10044337,SMLINT,0.21658075386981124,0.19331159896989591
train_control_test_trained,full,90232016202,10026789,SPLEEN,0.03285092859349481,0.19331159896989591
train_control_test_trained,full,90245016202,10043527,SPLEEN,0.032454021394470955,0.19331159896989591
train_control_test_trained,full,90252016202,10044337,SPLEEN,0.030866101235842214,0.19331159896989591
train_control_test_trained,full,90232016302,10026789,TESTES,0.01746009872618348,0.19331159896989591
train_control_test_trained,full,90252016502,10044337,VENACV,0.11409416763105096,0.19331159896989591
train_control_test_trained,full,90245016502,10043527,VENACV,0.029868089466234315,0.19331159896989591
train_control_test_trained,full,90232016502,10026789,VENACV,0.04776100307249442,0.19331159896989591
train_control_test_trained,full,90232017005,10026789,WAT-SC,0.031711405222040634,0.19331159896989591
train_control_test_trained,full,90245017005,10043527,WAT-SC,0.12854727294324375,0.19331159896989591
train_control_test_trained,full,90252017005,10044337,WAT-SC,0.06016175610806662,0.19331159896989591
train_control_test_trained,panel_k50,90252016002,10044337,ADRNL,0.14313840118229015,0.4071868408360443
train_control_test_trained,panel_k50,90245016002,10043527,ADRNL,0.11073263187721505,0.4071868408360443
train_control_test_trained,panel_k50,90232016002,10026789,ADRNL,0.11178003422148663,0.4071868408360443
train_control_test_trained,panel_k50,90232016902,10026789,BAT,0.20391775316895555,0.4071868408360443
train_control_test_trained,panel_k50,90245016902,10043527,BAT,0.1719747113277479,0.4071868408360443
train_control_test_trained,panel_k50,90252016902,10044337,BAT,0.18102824480430035,0.4071868408360443
train_control_test_trained,panel_k50,90252013001,10044337,BLOOD,0.12974700885910528,0.4071868408360443
train_control_test_trained,panel_k50,90245013002,10043527,BLOOD,0.12772500189180325,0.4071868408360443
train_control_test_trained,panel_k50,90232013002,10026789,BLOOD,0.1333580850236331,0.4071868408360443
train_control_test_trained,panel_k50,90232016102,10026789,COLON,0.11209987134471444,0.4071868408360443
train_control_test_trained,panel_k50,90245016102,10043527,COLON,0.11749161870180536,0.4071868408360443
train_control_test_trained,panel_k50,90252016102,10044337,COLON,0.11221177853944209,0.4071868408360443
train_control_test_trained,panel_k50,90232015302,10026789,CORTEX,0.27580785458591117,0.4071868408360443
train_control_test_trained,panel_k50,90245015302,10043527,CORTEX,0.2688101407450363,0.4071868408360443
train_control_test_trained,panel_k50,90252015302,10044337,CORTEX,0.30931193838403637,0.4071868408360443
train_control_test_trained,panel_k50,90252015803,10044337,HEART,0.16934577938897044,0.4071868408360443
train_control_test_trained,panel_k50,90245015803,10043527,HEART,0.1600928972186313,0.4071868408360443
train_control_test_trained,panel_k50,90232015803,10026789,HEART,0.15360405340540684,0.4071868408360443
train_control_test_trained,panel_k50,90232015202,10026789,HIPPOC,0.26828422048428346,0.4071868408360443
train_control_test_trained,panel_k50,90245015202,10043527,HIPPOC,0.26078370640216775,0.4071868408360443
train_control_test_trained,panel_k50,90252015202,10044337,HIPPOC,0.2805471047053155,0.4071868408360443
train_control_test_trained,panel_k50,90232015402,10026789,HYPOTH,0.1046897520555301,0.4071868408360443
train_control_test_trained,panel_k50,90245015402,10043527,HYPOTH,0.11258803359753367,0.4071868408360443
train_control_test_trained,panel_k50,90252015402,10044337,HYPOTH,0.137174369102796,0.4071868408360443
train_control_test_trained,panel_k50,90232015902,10026789,KIDNEY,0.11005120534260437,0.4071868408360443
train_control_test_trained,panel_k50,90245015902,10043527,KIDNEY,0.11079897564962815,0.4071868408360443
train_control_test_trained,panel_k50,90252015902,10044337,KIDNEY,0.12098655381664625,0.4071868408360443
train_control_test_trained,panel_k50,90232016803,10026789,LIVER,0.11087552908314502,0.4071868408360443
train_control_test_trained,panel_k50,90245016803,10043527,LIVER,0.11434804884780525,0.4071868408360443
train_control_test_trained,panel_k50,90252016803,10044337,LIVER,0.12232585709272459,0.4071868408360443
train_control_test_trained,panel_k50,90232016603,10026789,LUNG,0.11505535054029226,0.4071868408360443
train_control_test_trained,panel_k50,90252016603,10044337,LUNG,0.10946811655754618,0.4071868408360443
train_control_test_trained,panel_k50,90245016603,10043527,LUNG,0.11892191283741227,0.4071868408360443
train_control_test_trained,panel_k50,90252016402,10044337,OVARY,0.20551427244919962,0.4071868408360443
train_control_test_trained,panel_k50,90245016402,10043527,OVARY,0.22135384521193657,0.4071868408360443
train_control_test_trained,panel_k50,90245015512,10043527,SKM-GN,0.4071868408360443,0.4071868408360443
train_control_test_trained,panel_k50,90232015512,10026789,SKM-GN,0.4863640919999682,0.4071868408360443
train_control_test_trained,panel_k50,90252015512,10044337,SKM-GN,0.41690414237859397,0.4071868408360443
train_control_test_trained,panel_k50,90232015603,10026789,SKM-VL,0.33041100511054755,0.4071868408360443
train_control_test_trained,panel_k50,90245015603,10043527,SKM-VL,0.38372068344202526,0.4071868408360443
train_control_test_trained,panel_k50,90252015603,10044337,SKM-VL,0.5358414261135893,0.4071868408360443
train_control_test_trained,panel_k50,90245016702,10043527,SMLINT,0.15782852106317913,0.4071868408360443
train_control_test_trained,panel_k50,90232016702,10026789,SMLINT,0.1383880935776577,0.4071868408360443
train_control_test_trained,panel_k50,90252016702,10044337,SMLINT,0.24800190216745355,0.4071868408360443
train_control_test_trained,panel_k50,90232016202,10026789,SPLEEN,0.16802198479145436,0.4071868408360443
train_control_test_trained,panel_k50,90245016202,10043527,SPLEEN,0.1716915050305976,0.4071868408360443
train_control_test_trained,panel_k50,90252016202,10044337,SPLEEN,0.16813242383206262,0.4071868408360443
train_control_test_trained,panel_k50,90232016302,10026789,TESTES,0.1530546967958213,0.4071868408360443
train_control_test_trained,panel_k50,90252016502,10044337,VENACV,0.12753549998321612,0.4071868408360443
train_control_test_trained,panel_k50,90245016502,10043527,VENACV,0.18878290613579984,0.4071868408360443
train_control_test_trained,panel_k50,90232016502,10026789,VENACV,0.5124378901220483,0.4071868408360443
train_control_test_trained,panel_k50,90232017005,10026789,WAT-SC,0.14685833457133213,0.4071868408360443
train_control_test_trained,panel_k50,90245017005,10043527,WAT-SC,0.33515612432206965,0.4071868408360443
train_control_test_trained,panel_k50,90252017005,10044337,WAT-SC,0.2024389386208134,0.4071868408360443
