gene,rho,p,n,rho_after_channel
Aagab,0.008441258094357078,0.9550924654424294,47,-0.04798797409805736
Aak1,0.016882516188714156,0.9103222947384055,47,-0.12326549491211843
Aamdc,-0.2016651248843663,0.17404173599688672,47,-0.14858926919518964
Aamp,0.18617021276595747,0.2102281818377504,47,0.01572617946345976
Aar2,0.2641073080481036,0.072833296586616,47,0.12661887141535616
Aars1,0.18189176688251618,0.22108533704206743,47,0.1267345050878816
Aars2,0.11887141535615171,0.42613401763174413,47,0.10615171137835339
Aarsd1,-0.23739592969472711,0.10811079295171348,47,-0.27104532839962997
Aasdhppt,-0.0666049953746531,0.6564500926349108,47,-0.03619333950046254
Abca8a,0.08660962072155412,0.5626793000826704,47,0.015032377428307124
Abcb10,0.1751850138760407,0.23887531282835078,47,0.3512950971322849
Abcb6,-0.08117483811285846,0.5875307610804442,47,-0.11852451433857539
Abcb7,0.12176225716928771,0.4148879927040796,47,0.1296253469010176
Abcb8,0.033880666049953746,0.821135787354028,47,0.2133441258094357
Abcc1,0.14061054579093432,0.3458269376048946,47,0.08418131359851988
Abcc4,0.33776595744680854,0.020235433630803008,47,0.3078168362627197
Abcc9,0.14754856614246067,0.322304015602116,47,0.16824699352451436
Abcd2,0.32435245143385755,0.02612916739000683,47,0.22722016651248844
Abcd3,0.15980573543015725,0.28327742347319457,47,0.055041628122109165
Abce1,-0.03515263644773358,0.8145367824091706,47,0.08684088806660499
Abcf1,-0.13679463459759483,0.359203482008067,47,0.009135060129509714
Abcf2,0.2156567992599445,0.1454339869098319,47,0.26746068455134137
Abcf3,-0.21646623496762255,0.1438925578274617,47,-0.2732423681776133
Abhd10,-0.03179925994449583,0.8319603900912749,47,-0.10164199814986126
Abhd11,0.3519888991674376,0.015251803190207266,47,0.2549722479185939
Abhd14b,0.027636447733580018,0.8537002963685528,47,0.07550878815911193
Abhd16a,0.11725254394079557,0.4325060807150241,47,0.17148473635522665
Abi1,0.2546253469010176,0.08412924179184968,47,0.2725485661424607
Abi3bp,-0.01572617946345976,0.9164420572687929,47,-0.04185938945420906
Ablim2,0.4466928769657725,0.0016467898139809485,47,0.43617021276595747
Ablim3,0.15587419056429233,0.2954428019005876,47,0.16269657724329326
Abra,0.12199352451433858,0.41399569691355054,47,0.05168825161887142
Abracl,-0.11748381128584644,0.431592536678274,47,-0.0927382053654024
Abraxas2,0.17911655874190563,0.22833200888662963,47,0.2251387604070305
Acaa1a,0.1657030527289547,0.2656527896322306,47,0.1337881591119334
Acaa2,0.4226410730804811,0.003081284635062568,47,0.28850601295097134
Acaca,0.15552728954671602,0.29653220359098703,47,0.08152173913043478
Acacb,0.2835997804081793,0.05338719835467521,47,0.26838575393154485
Acad10,0.219472710453284,0.13827313757174664,47,0.0725023126734505
Acad11,0.651827012025902,6.944401090781187e-07,47,0.5031221091581869
Acad8,0.009481961147086031,0.9495626601120016,47,-0.07955596669750231
Acad9,0.47224791859389453,0.0008038121631918882,47,0.4621877890841813
Acadl,0.21554116558741904,0.14565518447343195,47,0.17796022201665126
Acadm,0.5148011100832562,0.0002136675465284475,47,0.3523358001850139
Acads,0.3470166512488437,0.01685986629685539,47,0.18166049953746533
Acadsb,0.43825161887141534,0.002062413079719642,47,0.4263413506012951
Acadvl,0.36308973172987974,0.012126316863551687,47,0.26653561517113783
Acat1,0.11771507863089732,0.4306800742474704,47,0.079209065679926
Acat2,0.024745605920444034,0.8688618758686694,47,-0.01931082331174838
Acbd3,-0.03804347826086957,0.7995869276627383,47,-0.056313598519889
Acbd5,0.0753931544865865,0.6144938550179151,47,-0.020582793709528216
Acbd6,0.0881732242859273,0.5556214282419953,47,0.0548697638343246
Accs,0.11378353376503238,0.4463384008959232,47,0.19264569842738208
Ace,0.18339500462534694,0.2172272852723136,47,0.12661887141535616
Ache,0.08244680851063829,0.5816706625306974,47,0.07550878815911193
Acin1,-0.17819148936170215,0.23078347883104056,47,-0.18906105457909345
Acly,0.10314523589269195,0.49023792144027767,47,0.03839037927844589
Aco1,0.32273358001850144,0.02692879365170602,47,0.2656105457909343
Aco2,0.3400786308973173,0.019342255849967863,47,0.31012950971322845
Acot11,-0.15460222016651248,0.2994499523446756,47,0.015148011100832562
Acot13,0.16535615171137835,0.2666688642170838,47,0.16396854764107308
Acot2,0.06961147086031452,0.6419699920984941,47,0.03573080481036078
Acot7,0.19969935245143386,0.17836529694151224,47,0.091581868640148
Acot8,0.20675300647548567,0.16320356096959615,47,0.1880203515263645
Acot9,0.3943108233117484,0.006096239338721921,47,0.32076780758556894
Acox1,0.006012950971322849,0.9680030258356197,47,-0.07458371877890842
Acox3,-0.15668362627197038,0.2929109482406601,47,0.10846438482886217
Acp1,0.020235892691951897,0.892605273125425,47,0.04509713228492137
Acp6,0.14003237742830713,0.3478337222984347,47,0.17553191489361705
Acsf2,0.47028214616096203,0.000851092518917662,47,0.4205596669750231
Acsf3,0.025323774283071233,0.8658256507704627,47,-0.02012025901942646
Acsl1,0.2579787234042553,0.07998750182447623,47,0.23311748381128586
Acsl3,0.23068917668825162,0.11874474653104747,47,0.2334643848288622
Acsl4,0.3621646623496762,0.012363934984165359,47,0.3097826086956522
Acsl6,0.19738667900092507,0.18355005713555558,47,0.17495374653098983
Acss1,0.6823543015726179,1.2756238211643143e-07,47,0.6817761332099908
Acss2,0.7308048103607772,5.476258618951743e-09,47,0.7114939870490286
Acss3,0.4551341350601295,0.0013073456736245716,47,0.3442414431082331
Acta1,0.19969935245143386,0.17836529694151224,47,0.1578399629972248
Actg1,0.3344125809435708,0.021592117778597257,47,0.3685245143385754
Actg2,0.0398936170212766,0.7900557709504129,47,0.04879740980573543
Actl6a,-0.06776133209990749,0.6508656855390276,47,-0.026133209990749307
Actn1,0.035962072155411653,0.81034399589371,47,-0.02960222016651249
Actn2,0.4362858464384829,0.002171617030910904,47,0.457099907493062
Actn3,0.5801341350601296,1.9200893149779778e-05,47,0.5006938020351526
Actn4,0.07631822386679,0.6101445027050107,47,0.006359851988899168
Actr10,0.24283071230342276,0.10004081930505912,47,0.1175994449583719
Actr1a,-0.28295559666975023,0.053954851617767245,47,-0.3404255319148936
Actr1b,-0.109736355226642,0.4627790712012288,47,-0.20478723404255322
Actr2,0.21299722479185937,0.1505846994939624,47,0.19935245143385755
Actr3,0.08140610545790936,0.5864633274489922,47,0.04532839962997225
Actr3b,0.534458834412581,0.00010897805690907824,47,0.5468316373728029
Acy1,0.38529139685476416,0.007485883394369758,47,0.367368177613321
Acy3,0.25913506012950976,0.07859703710442383,47,0.36274283071230345
Acyp1,0.14766419981498613,0.32192072278124273,47,0.12580943570767808
Acyp2,0.16096207215541167,0.2797627022146704,47,0.08730342275670674
Ada,0.17876965772432934,0.2292492014043599,47,0.11783071230342276
Adal,-0.3295559666975023,0.02369200440908776,47,-0.31093894542090655
Adam9,-0.19796484736355227,0.18224386974512016,47,-0.1883672525439408
Adamtsl5,0.22305735430157259,0.13178854296108294,47,0.10603607770582796
Adck1,0.04371079184272855,0.7704882987340322,47,-0.0035269289714370917
Adcy9,0.11829324699352453,0.4284036561173921,47,0.17102220166512488
Add1,-0.31209528214616095,0.03270665760856387,47,-0.288159111933395
Add2,0.41350601295097134,0.0038640595292887677,47,0.392113783533765
Add3,0.14558279370952823,0.32886397417055385,47,0.10314523589269195
Adgrf5,0.33621462244109324,0.020853853449943293,47,0.18929779430303345
Adhfe1,0.8206521739130435,1.6506570306752154e-12,47,0.7706984273820537
Adi1,-0.12222479185938946,0.41310449930132986,47,-0.02809898242368178
Adipoq,0.08371877890841813,0.5758371099554255,47,0.02948658649398705
Adk,0.10985198889916743,0.46230485667504895,47,0.19669287696577245
Adnp,0.018963922294172063,0.8993198994668237,47,-0.038159111933395
Ado,-0.1880203515263645,0.20565064643395167,47,0.07388991674375579
Adpgk,0.16593432007400555,0.2649768394664171,47,0.17287234042553193
Adprh,-0.1595744680851064,0.2839838204375747,47,-0.06614246068455135
Adprhl1,0.06753006475485662,0.6519810657117519,47,0.12002775208140612
Adprs,-0.2133441258094357,0.14990535207635788,47,-0.23647086031452358
Adrm1,0.2567067530064755,0.08153924094052159,47,0.17345050878815912
Adsl,0.23034227567067528,0.11931557836537406,47,0.1595744680851064
Adss,0.15564292321924145,0.2961687815768854,47,0.08464384828862165
Adss1,0.032724329324699354,0.8271455278761035,47,0.08880666049953746
Aebp1,0.2712765957446809,0.06511688938572995,47,0.22051341350601295
Afdn,0.18004162812210917,0.2258985180494617,47,0.2027058279370953
Afg3l2,0.05353839037927845,0.7207821284210403,47,0.03330249768732655
Agap3,-0.15541165587419056,0.2968959137273811,47,-0.061285846438482894
Agbl1,0.5063598519888992,0.0002817899865741667,47,0.5055504162812211
Agfg1,0.15830249768732654,0.2878895844371217,47,0.24930619796484738
Agfg2,0.478145235892692,0.0006757643608670347,47,0.359736355226642
Agk,0.037927844588344126,0.8001835993303458,47,-0.016304347826086956
Agl,0.20259019426456987,0.17203350074168614,47,0.14280758556891765
Ago2,-0.3250462534690102,0.02579259190320164,47,-0.3345282146160962
Agpat1,0.010407030527289547,0.9446492391968934,47,0.06348288621646624
Agpat3,-0.4137372802960222,0.003842270521063864,47,-0.46773820536540245
Agpat5,0.08880666049953746,0.5527741298377703,47,0.13922294172062905
Agps,0.2908186864014801,0.04734959059511,47,0.2772895467160037
Agrn,-0.08290934320074006,0.5795462837781931,47,-0.03561517113783534
Agt,0.23577705827937095,0.11060833310793662,47,0.2561285846438483
Agtpbp1,0.37985661424606854,0.008449388788848607,47,0.28989361702127664
Ahcy,-0.0316836262719704,0.8325626802899064,47,-0.052844588344125816
Ahcyl1,0.29833487511563367,0.04166514089123705,47,0.23716466234967626
Ahcyl2,-0.07331174838112858,0.6243277443655092,47,-0.03295559666975023
Ahnak,0.21496299722479184,0.146764906238582,47,0.18189176688251618
Ahsa1,-0.0645235892691952,0.6665487380360926,47,-0.184204440333025
Ahsa2,-0.04209065679925994,0.7787769174478459,47,-0.05307585568917669
Aifm1,0.31336725254394077,0.03196599994917148,47,0.18721091581868637
Aimp1,0.32250231267345053,0.027044674684989573,47,0.37858464384828866
Aimp2,0.12974098057354302,0.38474304958514405,47,0.038737280296022206
Aip,0.27809898242368175,0.05839283064919928,47,0.11054579093432007
Ak2,0.4078399629972248,0.004432862699107412,47,0.3592738205365402
Ak3,0.22409805735430158,0.1299492665347003,47,0.13043478260869565
Akap1,0.3543015726179463,0.014549504637059734,47,0.3726873265494912
Akap12,0.12361239592969474,0.4077804191672294,47,0.1328630897317299
Akap13,0.0354995374653099,0.812739238038699,47,0.018848288621646624
Akap2,0.09435707678075857,0.528125156224063,47,0.054116558741905636
Akap6,-0.05538852913968548,0.7115437119896957,47,-0.08718778908418132
Akap8,0.00011563367252543941,0.9993845141865848,47,-0.014338575393154489
Akap8l,-0.0010407030527289547,0.9944606701444944,47,-0.06417668825161887
Akap9,0.08915356151711379,0.5512177445523021,47,0.06810823311748382
Akr1a1,0.4027520814061055,0.005004758697895175,47,0.3130203515263645
Akr1b1,-0.04139685476410731,0.7823339194860622,47,-0.18073543015726182
Akr1b10,-0.19889075168284534,0.18016597968323322,47,0.005862344226453385
Akr1b8,0.1320536540240518,0.3762537167774177,47,0.12765957446808512
Akr1c14,0.08233117483811286,0.5822023062502161,47,0.0437095282146161
Akr1c15,0.1604995374653099,0.28116513853756797,47,0.2541628122109158
Akr1c19,-0.1175994449583719,0.4311361702054626,47,-0.2326549491211841
Akr1e2,0.09794172062904717,0.5124990353905722,47,0.33834412580943574
Akr7a2,0.041049953746531,0.7841140759947635,47,-0.13251618871415355
Akt1,0.18293246993524515,0.21840936058202876,47,0.24791859389454213
Akt1s1,0.21970397779833487,0.13784774108861603,47,0.24734042553191493
Akt2,0.1305504162812211,0.38175899721534745,47,0.14523589269195192
Alad,0.2981036077705828,0.04183131464631429,47,0.3384597594819611
Aldh16a1,0.40899629972247914,0.004311166776581416,47,0.38482886216466233
Aldh1a1,0.4039084181313599,0.0048694125950325545,47,0.46704440333024977
Aldh1a2,0.483362724610067,0.0005780827043278695,47,0.43554681871861656
Aldh1a3,0.45062442183163737,0.0014800074728517167,47,0.42749768732654947
Aldh1l1,0.3708371877890842,0.010285225200274445,47,0.23866790009250696
Aldh2,0.461840888066605,0.0010836921132240961,47,0.46519426456984275
Aldh3a1,0.07365864939870491,0.6226842040881366,47,0.07365864939870491
Aldh3a2,0.10360777058279372,0.48828378133960515,47,0.04949121184088807
Aldh5a1,0.4951433857539316,0.00040259854546554404,47,0.3537234042553192
Aldh6a1,0.4004394079555967,0.0052853390628357045,47,0.3808973172987974
Aldh7a1,-0.08603145235892694,0.5652996105866848,47,-0.07053654024051803
Aldh9a1,0.14847363552266418,0.31924572653909433,47,0.3020351526364477
Aldoa,0.35719241443108235,0.013710528492027991,47,0.3976641998149862
Aldoart2,-0.23635522664199815,0.10971135040423259,47,-0.2724329324699353
Aldoc,0.2314986123959297,0.11742085225571176,47,0.35938945420906565
Alg11,-0.2061807985597487,0.1643973228076862,47,-0.24173918081276197
Alg2,0.13020351526364476,0.3830361930441504,47,-0.02983348751156337
Alg5,0.11285846438482885,0.45006767645789447,47,0.09805735430157263
Alkbh3,0.22860777058279372,0.12220094354667796,47,0.20189639222941724
Alox5,-0.017113783533765033,0.9090989474828324,47,-0.04151248843663275
Alpk2,0.27277983348751156,0.06358471380619954,47,0.28492136910268273
Alpk3,0.14373265494912119,0.33511386926597647,47,0.1265032377428307
Alyref,-0.04798797409805736,0.7487297856618954,47,-0.0349213691026827
Amacr,0.3398473635522664,0.01943004921689488,47,0.3694495837187789
Amot,0.057932469935245146,0.6989076577838949,47,-0.018270120259019428
Ampd1,0.2890841813135986,0.048747042335721004,47,0.16882516188714156
Ampd2,-0.01757631822386679,0.906652880477869,47,-0.04220629047178539
Ampd3,0.04856614246068455,0.7458029375949409,47,0.022779833487511565
Amz2,-0.014628082455304661,0.9222580317218764,47,0.00011563701545695384
Angptl7,0.0425531914893617,0.7764080628029488,47,0.04960684551341351
Ank1,-0.19646160962072154,0.1856538707410515,47,-0.10892691951896391
Ank2,0.2918593894542091,0.04652686092873902,47,0.3011100832562442
Ank3,0.04151248843663275,0.7817407781828503,47,0.1643154486586494
Ankfy1,0.06429232192414432,0.667674463890014,47,0.058279370952821465
Ankle2,0.02497687326549491,0.8676471590902455,47,0.1604995374653099
Ankmy2,0.1053422756706753,0.4809920526695998,47,0.17102220166512488
Ankrd13a,0.054925994449583716,0.7138495428714782,47,-0.04706290471785384
Ankrd17,0.1874476020557222,0.20706017586638112,47,0.18553959130068245
Ankrd2,-0.03445883441258094,0.818134694237604,47,-0.0033533765032377435
Ankrd23,0.08556891766882516,0.5673999299275756,47,-0.024514338575393157
Ankrd28,0.4085337650323774,0.004359489459374432,47,0.32608695652173914
Ankrd39,0.13956984273820539,0.34944429022661533,47,0.1053422756706753
Ano10,0.31475485661424607,0.031173905903653595,47,0.32620259019426456
Anp32b,-0.0694958371877891,0.642524537559874,47,-0.02937095282146161
Anp32e,0.13240055504162812,0.3749900245154734,47,0.2580943570767808
Anpep,0.058279370952821465,0.6971906972623598,47,0.053769657724329324
Anxa1,0.23011100832562442,0.11969728545492031,47,0.24745605920444033
Anxa11,0.18755781683626271,0.20678841368318773,47,0.1862858464384829
Anxa2,0.09759481961147086,0.5140009935867229,47,0.02809898242368178
Anxa3,-0.11505550416281221,0.44123851771539635,47,-0.0906567992599445
Anxa4,0.4435707678075856,0.0017909216090444193,47,0.23566142460684553
Anxa5,0.2251387604070305,0.12812930822877486,47,0.14003237742830713
Anxa6,0.055735430157261796,0.7098160089940745,47,0.04509713228492137
Anxa7,0.16026827012025902,0.2818680826524002,47,0.12072155411655874
Aoc3,0.079209065679926,0.5966387993975537,47,0.007053654024051803
Ap1b1,0.19010175763182238,0.20058509025031457,47,0.24109620721554115
Ap1m1,0.20826226483797386,0.16008520401289048,47,0.37437483754188805
Ap2a1,-0.11632747456059205,0.43617105462596145,47,-0.08950046253469011
Ap2a2,0.1290471785383904,0.38731174356569736,47,0.024629972247918592
Ap2b1,-0.05908880666049954,0.6931902911469393,47,-0.05481036077705829
Ap2m1,-0.10834875115633674,0.46849003974391923,47,-0.10360777058279372
Ap2s1,0.016304347826086956,0.9133815556835756,47,0.005203515263644773
Ap3b1,0.035383903792784464,0.813338314063228,47,0.09250693802035152
Ap3d1,-0.04960684551341351,0.7405435577285904,47,-0.1328630897317299
Ap3m1,0.1854764107308048,0.2119629859119535,47,-0.02775208140610546
Ap3s2,-0.00982886216466235,0.9477199003588218,47,-0.06417668825161887
Ap4e1,0.1419981498612396,0.34103981114817766,47,0.13691026827012026
Ap4m1,-0.30897317298797405,0.03458499406771937,47,-0.3008788159111933
Ap4s1,-0.056082331174838115,0.7080897462701784,47,-0.1769195189639223
Apaf1,-0.02185476410730805,0.8840701921335355,47,-0.0316836262719704
Apbb2,-0.04070305272895468,0.7858953247240805,47,-0.14327012025901945
Apeh,0.00786308973172988,0.9581654987911336,47,0.02092969472710453
Apex1,-0.01399167437557817,0.9256305702228261,47,-0.14327012025901945
Api5,0.12106845513413507,0.4175714611629806,47,0.12927844588344126
Apip,0.14951433857539317,0.31582716180671794,47,0.2179694727104533
Aplp2,0.29058741905642926,0.04753401500888675,47,0.31024514338575393
Apmap,0.36783071230342274,0.010968941360356133,47,0.3122109158186864
Apobec2,0.2645698427382054,0.07231459454216319,47,0.3538390379278446
Apoe,-0.14754856614246067,0.322304015602116,47,-0.12106845513413507
Apom,-0.38644773358001844,0.007293636355475984,47,-0.3734967622571693
Apoo,-0.03515263644773358,0.8145367824091706,47,-0.10511100832562442
Apool,0.06429232192414432,0.667674463890014,47,0.046831637372802964
App,0.17391304347826086,0.242356308290341,47,0.18119796484736353
Appl1,0.25,0.09011494185765594,47,0.10164199814986126
Aprt,-0.13806660499537465,0.3547101554120364,47,-0.19738667900092507
Aqp1,0.06972710453283996,0.6414156394805224,47,0.16119333950046255
Araf,0.09216003700277521,0.5378169867659578,47,0.1493987049028677
Arcn1,0.13783533765032377,0.3555245628031304,47,0.026017576318223868
Arf1,0.005666049953746532,0.9698481298074779,47,-0.052035152636447736
Arf4,0.3692183163737281,0.010648680456436577,47,0.28734967622571694
Arf5,0.06822386679000925,0.648637191718587,47,0.09898242368177614
Arf6,0.008672525439407955,0.9538634302045403,47,0.07724329324699351
Arfgap1,0.060476410730804814,0.686351693940956,47,0.14072617946345978
Arfgap2,0.027405180388529144,0.8549113777137032,47,-0.13714153561517115
Arfgef1,0.053769657724329324,0.7196251389675863,47,0.01607308048103608
Arfgef2,-0.14801110083256244,0.320772569920565,47,-0.06093894542090657
Arfip1,0.08684088806660499,0.5616327644213616,47,0.07666512488436633
Arhgap1,-0.14616096207215543,0.3269259538200528,47,-0.16339037927844588
Arhgap10,0.02127659574468085,0.8871169941557404,47,-0.08591581868640147
Arhgap12,0.06024514338575394,0.6874897563327939,47,0.04660037002775208
Arhgap17,0.4335106382978724,0.0023344976804905437,47,0.47201665124884373
Arhgap18,-0.0507631822386679,0.7347135237110055,47,-0.07597132284921371
Arhgap5,-0.1925300647548566,0.1947872584668898,47,-0.1595744680851064
Arhgdia,0.07747456059204441,0.6047264745240336,47,0.05064754856614247
Arhgdib,-0.14592969472710454,0.3277003002111764,47,-0.22537002775208143
Arhgef1,0.1895235892691952,0.20198327644548825,47,0.1954209065679926
Arhgef10l,0.0589731729879741,0.693761275033921,47,-0.08048103607770583
Arhgef11,-0.255781683626272,0.08268252639554492,47,-0.19553654024051806
Arhgef12,0.1569148936170213,0.2921901542111989,47,0.20235892691951896
Arhgef2,-0.0431313598519889,0.7734498201071328,47,-0.10395467160037004
Arhgef37,0.13159111933395007,0.37794258429311944,47,0.1414199814986124
Arhgef6,0.023011100832562442,0.8779815983347597,47,0.04058741905642923
Arhgef7,0.10603607770582796,0.47809148930233164,47,0.0071692876965772446
Arih1,-0.00786308973172988,0.9581654987911336,47,-0.049144310823311756
Arih2,0.32400555041628126,0.02629882559993784,47,0.36054579093432004
Arl1,0.1440795559666975,0.3339364190523701,47,0.1517113783533765
Arl2bp,-0.3348751156336725,0.021400560118658117,47,-0.33105920444033304
Arl3,0.33753469010175763,0.020326632976706723,47,0.3674838112858464
Arl6ip5,0.4431082331174838,0.001813200642739283,47,0.4714384828862164
Arl8b,0.06614246068455135,0.658689080378245,47,-0.004509713228492137
Armc1,-0.16951896392229418,0.25464598827392204,47,-0.15703052728954672
Armc10,0.13691026827012026,0.358793575623098,47,0.11308973172987975
Armc6,-0.11783071230342276,0.43022424891716937,47,-0.16292784458834414
Armc8,-0.16396854764107308,0.2707589700299338,47,-0.2288390379278446
Armh3,0.20316836262719704,0.17078689144021791,47,0.2725485661424607
Armt1,0.051341350601295105,0.731804013487363,47,0.1299722479185939
Arpc1a,-0.12141535615171138,0.41622849373285714,47,-0.05561979648473635
Arpc1b,-0.22028214616096206,0.1367885150199331,47,-0.20490286771507862
Arpc2,0.2749768732654949,0.061397284757172745,47,0.14014801110083255
Arpc3,-0.2249139950637752,0.12852074257139934,47,-0.10696114708603147
Arpc4,0.24653098982423685,0.0948175894000671,47,0.3022664199814986
Arpc5,-0.015379278445883443,0.9182789356166383,47,0.024398704902867715
Arpc5l,0.03295559666975023,0.8259427854169388,47,-0.03214616096207216
Arpin,0.2643385753931545,0.07257357907658026,47,0.22386679000925072
Arrb1,0.10314523589269195,0.49023792144027767,47,0.03862164662349676
Arsa,-0.07678075855689177,0.6079747917112882,47,-0.1758788159111933
Art1,0.08094357076780759,0.5885990624579865,47,-0.03399629972247919
Art3,0.3517576318223866,0.015323592618788028,47,0.3083950046253469
Arvcf,-0.10430157261794637,0.485360198569069,47,-0.12245605920444033
As3mt,0.09250693802035152,0.5362809810218949,47,0.1559898242368178
Asah1,0.08938482886216467,0.5501813123547293,47,0.017691951896392232
Asap2,-0.06591119333950046,0.6598096854234534,47,0.026711378353376503
Asb10,0.18466697502312676,0.21399952604414899,47,0.2441026827012026
Asb11,-0.06001387604070306,0.6886285032357659,47,-0.11285846438482885
Asb12,0.7193570767807584,1.221626614858782e-08,47,0.720513413506013
Asb13,0.21218778908418132,0.15217865699034375,47,0.15506475485661422
Asb14,0.45987511563367256,0.001145407791135905,47,0.4835800185013876
Asb15,0.3458603145235893,0.017253772446498606,47,0.2871184088806661
Asb16,0.5971322849213692,9.393121861778059e-06,47,0.5605920444033302
Asb2,0.2827243293246994,0.05415982726851742,47,0.14049491211840887
Asb4,0.2330018501387604,0.11499192849323851,47,0.2200508788159112
Asb5,0.13506012950971324,0.3653861545697033,47,0.1933395004625347
Ascc1,-0.08545328399629973,0.5679255734097948,47,-0.08973172987974098
Ascc2,-0.04174375578168363,0.780554863781301,47,-0.016188714153561518
Asl,0.07123034227567068,0.6342267203751338,47,0.07608695652173914
Asmtl,0.12095282146160963,0.41801966458968426,47,0.2009713228492137
Aspa,0.24398704902867716,0.0983852905476467,47,0.31406105457909345
Asph,-0.23774283071230343,0.10758126118561125,47,-0.24364014801110082
Aspn,0.049144310823311756,0.7428796296554872,47,0.06822386679000925
Aspscr1,0.13748843663274746,0.35674830887514236,47,0.1488205365402405
Asrgl1,0.048681776133209995,0.7452179915791818,47,0.06591119333950046
Atad1,-0.02624884366327475,0.860971685597658,47,0.018038852913968548
Atad3a,0.0666049953746531,0.6564500926349108,47,0.0704209065679926
Ate1,-0.0018501387604070306,0.9901524676182067,47,0.04983811285846439
Atg16l1,-0.08464384828862165,0.5716113668029618,47,-0.010869565217391304
Atg3,-0.13020351526364476,0.3830361930441504,47,-0.12950971322849214
Atg4b,-0.037580943570767814,0.8019742892217285,47,0.02937095282146161
Atg5,0.13107455702045717,0.37983404826296135,47,0.07169494958331138
Atg7,0.22652636447733585,0.1257325656300511,47,0.14431082331174838
Atg9a,0.058626271970397784,0.6954752337939528,47,0.0018501387604070306
Atic,0.3009944495837188,0.039792660017993316,47,0.22386679000925072
Atl2,0.40795559666975023,0.0044205592700055805,47,0.4347826086956522
Atox1,0.07631822386679,0.6101445027050107,47,0.02775208140610546
Atp13a1,-0.14396392229417207,0.33432861567671346,47,-0.12754394079555967
Atp1a1,0.29902867715078635,0.04116985632337859,47,0.28596207215541164
Atp1a2,0.4369796484736355,0.002132503538489635,47,0.3278214616096207
Atp1b1,0.30296022201665124,0.038453459213034606,47,0.23288621646623497
Atp1b2,-0.22849213691026826,0.12239515803862135,47,-0.2846901017576318
Atp1b3,0.42113783533765037,0.003199596385035137,47,0.42865402405180386
Atp2a2,0.17715078630897316,0.2335629139358729,47,0.094472710453284
Atp2a3,-0.29290009250693805,0.04571579379784877,47,-0.2749768732654949
Atp2b1,0.24387141535615176,0.09854988595252658,47,0.22386679000925072
Atp2b3,-0.12511563367252546,0.4020575029701556,47,-0.14743293246993525
Atp2b4,0.022201665124884366,0.8822429029458438,47,-0.006591119333950046
Atp2c1,-0.01780758556891767,0.9054301662862888,47,0.004278445883441258
Atp5f1a,0.5733117483811286,2.5300423453166e-05,47,0.5335337650323775
Atp5f1b,0.5852220166512488,1.5567150556965673e-05,47,0.4678538390379279
Atp5f1c,0.4364014801110083,0.0021650543322188054,47,0.3854070305272896
Atp5f1d,0.42680388529139685,0.002773520709417744,47,0.43686401480111003
Atp5f1e,0.1372571692876966,0.357565562333241,47,0.04058741905642923
Atp5if1,0.3538390379278446,0.014687717351377503,47,0.36436170212765956
Atp5me,0.22028214616096206,0.1367885150199331,47,0.21750693802035154
Atp5mf,0.11482423681776134,0.44216336252385174,47,0.12488436632747456
Atp5mg,0.2393617021276596,0.10513631276799631,47,0.23739592969472711
Atp5mk,0.13332562442183166,0.3716325900669842,47,0.05723866790009251
Atp5pb,0.13517967106917902,0.36495799861722733,47,0.06359851988899166
Atp5pd,0.4205596669750231,0.0032461547025935894,47,0.36840888066605
Atp5pf,0.23115171137835336,0.11798685819675366,47,0.16396854764107308
Atp5po,0.6095050878815912,5.437441330847788e-06,47,0.5099444958371878
Atp6v0a1,0.30862627197039777,0.03479908451823395,47,0.2549722479185939
Atp6v0d1,0.20698427382053655,0.16272287848646125,47,0.15205827937095281
Atp6v1a,0.2126503237742831,0.15126631169437693,47,0.2036308973172988
Atp6v1b2,0.4668131359851989,0.0009406376242423497,47,0.45004625346901017
Atp6v1c1,-0.22305735430157259,0.13178854296108294,47,-0.21912580943570767
Atp6v1d,0.006475485661424607,0.9655431462870433,47,-0.011216466234967623
Atp6v1e1,0.3003671476494376,0.040227975730469455,47,0.20190222898784144
Atp6v1f,0.21750693802035154,0.14192854706796604,47,0.09828862164662351
Atp6v1g1,-0.12268732654949122,0.41132540176357607,47,-0.08637835337650324
Atp6v1h,0.1757631822386679,0.23730436571238708,47,0.18281683626271975
Atp8a1,0.32053654024051803,0.02804655384305854,47,0.23612395929694727
Atp9a,0.4213691026827012,0.0031811382779505476,47,0.3640148011100833
Atpaf1,0.4103379493490007,0.004173643487273473,47,0.3229648473635523
Atpaf2,0.3370721554116559,0.02051007109212484,47,0.29347826086956524
Atrn,0.13286693076003994,0.3732951089940318,47,0.12801017611084792
Atxn10,0.17819148936170215,0.23078347883104056,47,0.18027289546716002
Atxn2,0.1772664199814986,0.2332529606582273,47,0.18142923219241444
Atxn2l,-0.022548566142460685,0.8804162191113979,47,-0.05920444033302498
Auh,0.22999537465309902,0.11988848520996324,47,0.26191026827012026
Aup1,0.1534458834412581,0.3031230707061353,47,0.10777058279370952
Aven,0.19114246068455135,0.19808558190187714,47,0.1532146160962072
B2m,0.5005781683626273,0.0003392037757197405,47,0.4488899167437558
B3galnt2,-0.09516651248843665,0.5245762892260871,47,-0.09574468085106384
B3glct,-0.02208603145235893,0.8828519325379556,47,-0.014454209065679928
B4galt7,-0.01595744680851064,0.9152177105433311,47,-0.006012950971322849
B4gat1,-0.1253469010175763,0.4011812056272825,47,-0.15043940795559665
Babam1,-0.10314523589269195,0.49023792144027767,47,0.05064754856614247
Babam2,0.07839962997224792,0.6004071295991452,47,0.08938482886216467
Bag1,-0.011216466234967623,0.9403516581027183,47,-0.06672062904717854
Bag2,0.08129047178538391,0.5869969356840056,47,0.056776133209990746
Bag3,-0.0349213691026827,0.8157356703016758,47,0.02879278445883441
Bag5,0.11112395929694727,0.45710582640898234,47,0.025670675300647552
Bag6,-0.45878985882546436,0.001180807130719499,47,-0.4191263625237292
Banf1,0.1211840888066605,0.4171235314767976,47,0.10314523589269195
Basp1,0.3236586493987049,0.02646940244134275,47,0.3172987974098057
Bax,-0.12916281221091583,0.3868829277015138,47,-0.10823311748381127
Baz1b,-0.07388991674375579,0.621589518317925,47,-0.10626734505087881
Bcam,0.08036540240518038,0.5912736004491577,47,0.07215541165587419
Bcap29,-0.024745605920444034,0.8688618758686694,47,-0.034227567067530065
Bcap31,0.2860777058279371,0.05124841603514018,47,0.19010175763182238
Bcat2,0.6385291396854764,1.3710585742644182e-06,47,0.6827012025901944
Bccip,-0.26063829787234044,0.07681792295316427,47,-0.19680851063829788
Bckdha,0.24606845513413508,0.0954587009520143,47,0.1763413506012951
Bckdhb,-0.04394079555966698,0.7693136253547465,47,-0.17495374653098983
Bckdk,0.6063829787234043,6.25527953610058e-06,47,0.5226641998149861
Bcl2l13,0.11563367252543942,0.43893109672572705,47,0.0008094357076780759
Bclaf1,0.25659111933395007,0.08168147012402845,47,0.24861239592969472
Bcs1l,0.18327937095282149,0.21752238641376154,47,0.22664199814986125
Bdh1,0.5600138760407031,4.2573339456934716e-05,47,0.5966697502312673
Bdh2,0.47629509713228496,0.0007138098771496314,47,0.41061517113783536
Bfar,0.0633690844704107,0.6721756324855537,47,0.02902489087969541
Bgn,0.3702119049854377,0.010424323872307396,47,0.34326848038396746
Bicd2,0.22305735430157259,0.13178854296108294,47,0.21669750231267348
Bid,-0.2513876040703053,0.08828547701820297,47,-0.23196114708603147
Bin1,0.37997224791859396,0.008427823789626494,47,0.3020351526364477
Bin2,-0.34192876965772434,0.01865188922019154,47,-0.29868177613321
Bin3,0.07574005550416281,0.6128613016701858,47,0.06093894542090657
Birc6,0.12303422756706754,0.4099939671567277,47,0.038737280296022206
Bles03,0.13101295097132284,0.3800600019329171,47,0.09863552266419984
Blmh,0.12696577243293247,0.3950782166053555,47,0.20617483811285847
Bloc1s1,0.049144310823311756,0.7428796296554872,47,-0.0049722479185938945
Bloc1s3,0.08129047178538391,0.5869969356840056,47,-0.004625346901017576
Bloc1s4,0.1311285846438483,0.37963595581838555,47,0.0660268270120259
Blvra,0.04949121184088807,0.7411273599620365,47,0.2725485661424607
Blvrb,-0.04521276595744681,0.7628267277201265,47,-0.07874653098982425
Bmp2k,0.19969935245143386,0.17836529694151224,47,0.13332562442183166
Bnip1,-0.2036308973172988,0.16979432102056927,47,-0.24803422756706753
Bnip3,0.0633672525439408,0.6721845752551251,47,0.09343200740055506
Bod1,-0.06348288621646624,0.6716201834809092,47,-0.049144310823311756
Bola1,0.21588806660499538,0.14499233750735352,47,0.3022664199814986
Bola2,0.030642923219241447,0.8379875265619343,47,0.04475023126734506
Bola3,0.5194264569842738,0.00018303740173661925,47,0.42622571692876965
Borcs5,0.33094357076780756,0.02307527241825528,47,0.29463459759481964
Borcs6,-0.057354301572617956,0.7017725645785243,47,-0.07851526364477336
Borcs7,0.023011100832562442,0.8779815983347597,47,0.04209065679925994
Borcs8,0.09782608695652174,0.512999442363197,47,0.032377428307123035
Bpgm,0.21554116558741904,0.14565518447343195,47,0.16234967622571692
Bphl,-0.037234042553191495,0.8037659846491405,47,0.02937095282146161
Bpnt1,0.062326549491211844,0.6772721042669086,47,0.11135522664199816
Bpnt2,0.15853376503237745,0.28717685450807,47,0.07412118408880666
Brap,-0.05758556891766882,0.7006261076820602,47,-0.016419981498612398
Brcc3,0.06302035152636448,0.6738788209234648,47,0.1805041628122109
Brd3,-0.3878353376503238,0.00706860084525039,47,-0.18732654949121186
Brk1,0.0818686401480111,0.5843310706081136,47,0.158418131359852
Brox,0.030642923219241447,0.8379875265619343,47,0.04093432007400555
Bsdc1,-0.01792321924144311,0.9048188902333094,47,-0.016998149861239594
Bsg,0.07203977798334875,0.6303694766441762,47,-0.04440333024976873
Bst2,-0.04139685476410731,0.7823339194860622,47,-0.10846438482886217
Btd,0.13309435707678077,0.37247025501842795,47,0.2494218316373728
Btf3,0.17321924144310824,0.24426949082785998,47,0.2088344125809436
Btf3l4,0.04845050878815912,0.7463880252162522,47,-0.022895467160037
Bub3,0.2384435258722388,0.10651773025728732,47,0.2992599444958372
Bud31,0.0551572617946346,0.7126963102722561,47,0.06764569842738205
Bves,-0.09516651248843665,0.5245762892260871,47,-0.010407030527289547
Bzw1,0.7240980573543015,8.80484535963574e-09,47,0.6557585568917669
Bzw2,-0.027405180388529144,0.8549113777137032,47,0.04960684551341351
C1qa,-0.04625346901017576,0.7575311886329849,47,-0.10672987974098058
C1qb,-0.125,0.40249606731316806,47,-0.06417668825161887
C1qbp,0.1578399629972248,0.2893184997118573,47,-0.05307585568917669
C1qc,-0.23473635522664202,0.11223698828787317,47,-0.33337187789084183
C1r,0.04891304347826087,0.7440485255815387,47,0.006706753006475487
C1s,-0.13135985198889918,0.3787887073298826,47,-0.18755781683626271
C2,0.21577243293246995,0.14521303796559357,47,0.23959296947271044
C2cd2,0.10835188348316574,0.46847710571016327,47,0.25150323774283073
C2cd5,0.09302997893511937,0.5339691048394268,47,0.18617021276595747
C3,-0.2712765957446809,0.06511688938572995,47,-0.25450971322849214
C4a,0.06753006475485662,0.6519810657117519,47,0.09354764107308049
C4b,0.35719241443108235,0.013710528492027991,47,0.3651711378353376
C6,-0.03896854764107308,0.7948176501615339,47,-0.02092969472710453
C7,0.17668825161887144,0.234805547570777,47,0.17379740980573544
C8g,0.09135060129509714,0.5414092789667944,47,-0.036771507863089734
Ca14,0.03307123034227567,0.8253415619725626,47,-0.08869102682701203
Ca3,0.37164662349676225,0.010107532645419089,47,0.3974329324699353
Ca4,0.1162118408880666,0.4366303892067635,47,-0.000578168362627197
Cab39,-0.10210453283996301,0.49464955135375305,47,0.05666049953746531
Cab39l,0.5371184088806661,9.917004409893897e-05,47,0.5287927844588344
Cacna1s,0.05388529139685476,0.7190468767003568,47,0.034227567067530065
Cacna2d1,0.10205261653370051,0.49487016469459183,47,0.052905464095374485
Cacnb1,0.24283071230342276,0.10004081930505912,47,0.11655874190564293
Cacnb3,0.25115633672525445,0.08858836220416523,47,0.25948196114708605
Cacng1,0.02948658649398705,0.8440238618371709,47,0.01191026827012026
Cacng6,0.10383903792784459,0.4873082355086616,47,0.024514338575393157
Cacybp,0.13922294172062905,0.3506552128027354,47,0.19357076780758556
Cad,0.11308973172987975,0.44913376160185975,47,0.16362164662349676
Cadm3,0.07678075855689177,0.6079747917112882,47,0.056313598519889
Calcoco1,-0.26746068455134137,0.06913858856498793,47,-0.2135753931544866
Cald1,0.09620721554116558,0.5200308704669784,47,0.07354301572617947
Calr,-0.056373045035264996,0.7066441992607848,47,-0.14298516961252342
Calu,0.13425069380203516,0.3682932348564072,47,0.16234967622571692
Camk1,-0.07828399629972249,0.6009463101150685,47,-0.027058279370952818
Camk2a,0.21785383903792782,0.14127831809312522,47,0.15182701202590196
Camk2b,0.0845282146160962,0.5721388045811502,47,0.0012719703977798337
Camk2d,0.3013413506012951,0.03955359134869212,47,0.25161887141535616
Camk2g,0.571577243293247,2.7112112729048885e-05,47,0.5505319148936171
Cand1,-0.13980111008325624,0.3486384353305805,47,-0.0977104532839963
Cand2,0.010638297872340425,0.9434211947203602,47,0.051919518963922294
Canx,-0.02092969472710453,0.8889458522660548,47,0.024398704902867715
Cap1,-0.14523589269195192,0.33003023277323196,47,-0.16847826086956524
Cap2,0.18524514338575393,0.21254346862291262,47,0.22259481961147087
Capg,0.17345050878815912,0.24363062832239393,47,0.14014801110083255
Capn1,0.45663737280296024,0.001253919133404493,47,0.38413506012950976
Capn2,0.2804116558741906,0.05624430379222545,47,0.33556891766882513
Capn3,0.14610736902986116,0.32710529570520963,47,0.07527969706247695
Capn7,0.18767345050878817,0.20650355887675936,47,0.2276827012025902
Capns1,-0.19680851063829788,0.18486293126061307,47,-0.23901480111008325
Caprin1,0.02948658649398705,0.8440238618371709,47,0.058626271970397784
Capza1,-0.018732654949121186,0.9005415030348579,47,0.005087881591119335
Capza2,0.19229879740980574,0.19533425834821955,47,0.20189639222941724
Capzb,0.43177613320999075,0.0024417012923648855,47,0.3250462534690102
Car2,0.2912812210915819,0.04698248564241924,47,0.1746068455134135
Card19,0.415946344598663,0.0036395154029342665,47,0.3387008182734178
Carm1,0.31822386679000925,0.029264610947889194,47,0.22432932469935246
Carnmt1,0.2397086031452359,0.10461798281988903,47,0.3618177613321
Carns1,0.3611239592969473,0.012636006706437214,47,0.37881591119333957
Cars,0.2718626233392985,0.06451611873494448,47,0.1769195189639223
Cars2,0.42495374653098983,0.002906786116202121,47,0.4683163737280296
Cask,-0.22652636447733585,0.1257325656300511,47,-0.23566142460684553
Casp7,0.04290009250693802,0.7746327382295526,47,-0.018038852913968548
Casq1,0.5176919518963922,0.00019402261991797743,47,0.38818223866790014
Casq2,-0.23866790009250696,0.10617887759945956,47,-0.16385291396854768
Cast,-0.19472710453283998,0.18964484230816497,47,-0.02983348751156337
Casz1,-0.005319148936170213,0.9716933897372467,47,-0.03885291396854764
Cat,-0.13482886216466233,0.3662153328264904,47,-0.1719472710453284
Cav1,0.08325624421831637,0.5779553118205354,47,0.0469472710453284
Cav3,-0.012604070305272894,0.9329883460030182,47,-0.05400092506938021
Cavin1,0.25393154486586494,0.08500672569935656,47,0.2524283071230342
Cavin2,0.28318686401480114,0.053750501977398765,47,0.26676688251618874
Cavin3,0.020582793709528216,0.8907752816903937,47,-0.001156336725254394
Cavin4,-0.2173913043478261,0.14214578281237925,47,-0.23068917668825162
Cbfb,0.5528445883441259,5.585035999148096e-05,47,0.49491211840888066
Cbr1,0.12280296022201666,0.41088131496690383,47,0.12025901942645699
Cbr3,-0.03503700277520814,0.8151361740758841,47,-0.030758556891766885
Cbr4,0.13621646623496764,0.36125727623703646,47,0.10904255319148937
Cbwd1,-0.02983348751156337,0.8422120152537553,47,0.09262257169287696
Cbx1,0.06683626271970398,0.6553317141705334,47,-0.038274745605920445
Cbx3,-0.0971322849213691,0.5160070402166591,47,-0.08926919518963922
Cbx5,0.04729417206290471,0.7522466226141569,47,-0.012257169287696578
Cc2d1a,0.21785383903792782,0.14127831809312522,47,0.1041859389454209
Cc2d1b,0.014685476410730805,0.9219539475245885,47,0.08256244218316375
Ccar1,0.1314754856614246,0.37836550509539096,47,0.09019426456984274
Ccar2,0.1408418131359852,0.3450262237546708,47,0.1651248843663275
Ccdc115,0.49410268270120256,0.00041589198192725597,47,0.47571692876965777
Ccdc124,0.242368177613321,0.1007090078174475,47,0.3692183163737281
Ccdc127,0.010985198889916744,0.9415793724947296,47,0.039662349676225714
Ccdc134,0.41454671600370036,0.003766855727662554,47,0.33105920444033304
Ccdc167,0.036540240518038856,0.8073523570938022,47,0.008094357076780759
Ccdc22,-0.21010638297872342,0.1563343327486953,47,-0.3236586493987049
Ccdc25,0.08267807585568918,0.5806080334874403,47,0.10557354301572618
Ccdc43,0.07955596669750231,0.5950269920844109,47,0.09308510638297873
Ccdc47,0.046022201665124884,0.7587070347383087,47,0.026017576318223868
Ccdc50,0.09227567067530064,0.5373047477994621,47,0.1244218316373728
Ccdc51,-0.02000462534690102,0.893825575045619,47,-0.005434782608695652
Ccdc6,0.04475023126734506,0.765183763835389,47,0.04035615171137835
Ccdc9,-0.02960222016651249,0.8434198238848531,47,0.009597594819611472
Ccdc91,0.5107108787656366,0.00024454937833743174,47,0.5286346161614645
Ccdc93,-0.07342738205365404,0.6237796963847358,47,-0.030758556891766885
Ccpg1,-0.13124421831637373,0.3792121909274003,47,0.0030064754856614245
Ccs,-0.35915818686401485,0.013163905567787272,47,-0.32354301572617944
Cct2,0.2330018501387604,0.11499192849323851,47,0.301572617946346
Cct3,-0.14639222941720628,0.3261527566544802,47,-0.14523589269195192
Cct4,-0.06816802061187428,0.648906097989229,47,0.004740980573543016
Cct5,0.29568384852343094,0.043602712096694696,47,0.07018963922294172
Cct6a,0.10892691951896391,0.46610590041120464,47,0.15182701202590196
Cct7,-0.082099907493062,0.5832662509774073,47,-0.14292321924144313
Cct8,-0.2212136105691527,0.13509481612680754,47,-0.24682720949286796
Ccz1b,-0.15182701202590196,0.30831384126012085,47,-0.13540703052728956
Cd151,-0.268154486586494,0.0683930682299209,47,-0.2755550416281221
Cd163,0.20467160037002777,0.16757632763340025,47,0.02139222941720629
Cd1d1,0.3378815911193339,0.02018996344267212,47,0.34828862164662355
Cd34,0.3503700277520814,0.0157603912039641,47,0.08603145235892694
Cd36,0.17738205365402407,0.2329432893122694,47,0.09678538390379278
Cd44,0.46577243293246995,0.0009690974922885992,47,0.30908880666049954
Cd47,-0.12002775208140612,0.4216151343234255,47,-0.052035152636447736
Cd48,-0.15760869565217395,0.29003468522842263,47,-0.08036540240518038
Cd55,0.39095744680851063,0.0065841749177046474,47,0.39916743755781686
Cd59,0.1141304347826087,0.4449443177141847,47,0.07851526364477336
Cd81,0.01780758556891767,0.9054301662862888,47,0.12546253469010177
Cd9,0.1836262719703978,0.21663791791295764,47,0.2251387604070305
Cd99,-0.19010175763182238,0.20058509025031457,47,-0.07689639222941722
Cd99l2,0.14361702127659576,0.3355069261692622,47,0.19010175763182238
Cdadc1,0.44403330249768735,0.0017688859305868628,47,0.37685013876040707
Cdc123,0.012257169287696578,0.9348286786549683,47,-0.03445883441258094
Cdc34,0.13748843663274746,0.35674830887514236,47,0.07261794634597596
Cdc37,0.1270814061054579,0.3946443745478218,47,0.13575393154486587
Cdc37l1,0.2538159111933395,0.0851536656921851,47,0.3211147086031452
Cdc42,0.07111470860314524,0.6347785428205102,47,0.11066142460684553
Cdc42bpa,-0.15333024976873266,0.30349196729350864,47,0.06533302497687327
Cdc42bpb,-0.12164662349676227,0.4153345521679069,47,-0.07990286771507862
Cdc42ep4,-0.11910268270120258,0.4252280636234437,47,-0.11887141535615171
Cdc5l,-0.04185938945420906,0.7799620913173864,47,-0.1000231267345051
Cdc73,-0.11251481603961608,0.4514573753325891,47,-0.17172096795357644
Cdh13,0.04845050878815912,0.7463880252162522,47,0.04151248843663275
Cdh15,-0.09805735430157263,0.5119988744111942,47,0.011794634597594821
Cdh5,-0.012835337650323776,0.9317616492212527,47,-0.032724329324699354
Cdip1,-0.16790009250693805,0.2592775064873624,47,-0.07446808510638299
Cdk11b,0.0929694727104533,0.5342362974588165,47,0.12153098982423681
Cdk16,0.06498612395929695,0.6642994638191007,47,-0.014916743755781685
Cdk5,-0.17160037002775208,0.2487733458033108,47,-0.08961609620721554
Cdk5rap3,-0.1758788159111933,0.23699102460872612,47,-0.16836262719703976
Cdkn1b,0.1511332099907493,0.31055574197523694,47,0.16234967622571692
Cdkn2aip,0.19553654024051806,0.18777485501956123,47,0.005319148936170213
Cdnf,-0.3867946345975949,0.007236803169179289,47,-0.449468085106383
Cds2,0.2602913968547641,0.07722564584545047,47,0.29116558741905646
Cdv3,0.2799491211840888,0.056668842887701375,47,0.42414431082331183
Cebpb,0.23866790009250696,0.10617887759945956,47,0.26422294172062905
Celf1,-0.0469472710453284,0.7540069115045424,47,0.012950971322849215
Celf2,0.24595282146160963,0.09561950165082732,47,0.20605920444033304
Cemip2,0.15529602220166513,0.2972599119893997,47,0.1601526364477336
Cenpv,0.09250693802035152,0.5362809810218949,47,0.09250693802035152
Cep131,0.012719703977798336,0.9323749782132281,47,0.026133209990749307
Cep170,0.018385753931544867,0.9023743344016911,47,0.06521739130434782
Cep68,-0.02312673450508788,0.8773731164378819,47,-0.13124421831637373
Cep85,-0.008325624421831638,0.9557070219307449,47,0.01607308048103608
Cept1,0.2718547641073081,0.0645241463456905,47,0.2277983348751156
Cert1,0.12187789084181314,0.414441707586095,47,0.1847826086956522
Ces1d,0.2815679925994449,0.055194141701533896,47,0.2792553191489362
Cfap20,0.08105920444033302,0.5880648034134874,47,0.08325624421831637
Cfap36,0.1399167437557817,0.34823593605999553,47,-0.010291396854764108
Cfb,-0.10430157261794637,0.485360198569069,47,-0.08915356151711379
Cfd,0.0709990749306198,0.6353305614169465,47,-0.00046253469010175765
Cfh,-0.23843663274745605,0.10652815343392545,47,-0.3000693802035153
Cfi,0.12182359578390085,0.4146512237618387,47,0.18917668825161885
Cfl1,0.21924144310823315,0.13869951060591068,47,0.21369102682701202
Cfl2,-0.030180388529139686,0.8404009755138449,47,-0.07319611470860314
Cfp,0.1118177613320999,0.4542834240996167,47,0.14731729879740982
Cggbp1,-0.09678538390379278,0.5175141457745629,47,-0.13667900092506938
Chac2,0.20756244218316375,0.1615256877492913,47,0.24283071230342276
Chad,-0.1569148936170213,0.2921901542111989,47,-0.14546716003700277
Chchd10,0.23600832562442187,0.1102488709524247,47,0.29313135985198896
Chchd2,0.32134597594819614,0.02763033522549147,47,0.24271507863089734
Chchd3,0.2200508788159112,0.13721147497448666,47,0.20871877890841814
Chchd4,0.3467853839037928,0.016938031614503073,47,0.4125809435707678
Chchd5,0.009944495837187789,0.9471057066791189,47,0.04440333024976873
Chchd6,-0.1610777058279371,0.27941281217627467,47,-0.22594819611470865
Chchd7,0.09077243293246993,0.5439822689569975,47,-0.033880666049953746
Chd4,-0.304463459759482,0.03745452727589201,47,-0.2512719703977799
Cherp,-0.14835800185013878,0.3196270058554821,47,-0.1085800185013876
Chid1,-0.10915818686401481,0.46515407068393766,47,-0.10730804810360779
Chkb,0.2145004625346901,0.14765717234414208,47,0.11112395929694727
Chm,0.09863552266419984,0.5095017655226838,47,0.0633672525439408
Chmp1a,0.13182238667900092,0.3770975872602002,47,0.06302035152636448
Chmp2a,0.39616096207215545,0.005840744397783404,47,0.08776595744680853
Chmp2b,0.0316836262719704,0.8325626802899064,47,-0.08822849213691025
Chmp3,0.0583950046253469,0.6966187093885127,47,-0.07308048103607771
Chmp4b,0.08845975948196115,0.5543325946532338,47,0.15298334875115635
Chmp4bl1,0.2324236817761332,0.11592157016965797,47,0.24005550416281224
Chmp5,-0.0037002775208140612,0.9803063845735429,47,-0.07643385753931546
Chmp6,0.11655874190564293,0.43525319332794504,47,-0.09574468085106384
Chmp7,0.1118177613320999,0.4542834240996167,47,0.21033765032377427
Chordc1,-0.20478723404255322,0.1673311880679318,47,-0.1349444958371878
Chp1,-0.21103145235892692,0.15447721632449424,47,-0.16246530989824237
Chpt1,-0.1320536540240518,0.3762537167774177,47,-0.11725254394079557
Chtopl1,0.10302960222016652,0.49072709063469316,47,0.08591581868640147
Chuk,-0.1196808510638298,0.4229679396716493,47,-0.08406567992599445
Ciao1,0.06868640148011101,0.6464117338186071,47,-0.037234042553191495
Ciao3,0.22109158186864014,0.13531580759841683,47,0.18154486586493987
Ciapin1,0.3112858464384829,0.033185335184473384,47,0.21207215541165592
Cilp,0.5608233117483812,4.127209588960663e-05,47,0.5019657724329325
Cilp2,-0.006360035850132462,0.9661571095648945,47,0.041049953746531
Cirbp,0.48103607770582796,0.0006199538011914837,47,0.4364014801110083
Cisd1,0.04093432007400555,0.7847077046376816,47,-0.06683626271970398
Cisd2,-0.19021739130434784,0.20030627405278315,47,-0.19021739130434784
Cisd3,0.016419981498612398,0.9127696028509469,47,-0.0437095282146161
Ckap4,0.29405642923219244,0.04482814409627273,47,0.25647548566142464
Ckap5,0.22537002775208143,0.1277274859326253,47,0.31371415356151716
Ckb,0.18882978723404256,0.20367014301773026,47,0.15552728954671602
Ckm,0.04590656799259945,0.7592951602253526,47,-0.0196577243293247
Ckmt2,0.6840888066604995,1.151531177459648e-07,47,0.547641073080481
Clasp1,0.17136910268270122,0.24942130369116097,47,0.04359389454209066
Clasp2,0.12604070305272896,0.39855897070056473,47,0.00046253469010175765
Clcc1,0.18339500462534694,0.2172272852723136,47,0.3647086031452359
Clcn1,0.013760407030527291,0.9268564560333823,47,0.019542090656799262
Clec10a,0.1751850138760407,0.23887531282835078,47,0.14685476410730808
Clec16a,0.3548797409805736,0.014378297835638671,47,0.3392691951896392
Clec2g,-0.07747456059204441,0.6047264745240336,47,-0.1399167437557817
Clec3b,0.3006475485661425,0.04003291192343909,47,0.21149398704902866
Clic1,0.10170275509439089,0.4963581909873795,47,0.15460668966594726
Clic4,0.4581406105457909,0.001202448304256203,47,0.37072155411655877
Clic5,0.016651248843663275,0.9115458474552134,47,-0.02775208140610546
Clint1,-0.19842738205365404,0.18120372552532504,47,-0.17668825161887144
Clip1,0.04174375578168363,0.780554863781301,47,0.1746068455134135
Clk3,-0.05689176688251619,0.7040674447966342,47,-0.06683626271970398
Clns1a,-0.04336262719703978,0.772267410197867,47,-0.07897779833487512
Clpb,0.3340656799259945,0.021736730491396968,47,0.3011100832562442
Clpp,0.3712997224791859,0.010183360605489186,47,0.34146623496762263
Clptm1,-0.09921369102682702,0.5070108325513609,47,-0.04024051803885292
Clpx,0.12950971322849214,0.3855981602881507,47,0.06174838112858465
Clta,-0.388413506012951,0.006976628433288173,47,-0.3459759481961147
Cltb,-0.0018501387604070306,0.9901524676182067,47,0.030989824236817766
Cltc,-0.0234736355226642,0.8755480921395252,47,-0.11574930619796485
Clu,-0.1662812210915819,0.2639650629176083,47,-0.12326549491211843
Cluh,0.33938482886216464,0.01960664522423549,47,0.26422294172062905
Clybl,0.41096207215541164,0.004110989826189414,47,0.37881591119333957
Cma1,0.12858464384828863,0.38902980527920644,47,0.10753931544865865
Cmas,-0.11355226641998149,0.4472691228072899,47,-0.09586031452358927
Cmbl,-0.012950971322849215,0.9311483593774271,47,0.06487049028677151
Cmc1,0.19345513413506016,0.19261011664148,47,0.22999537465309902
Cmc2,0.17368177613320998,0.24299290094775072,47,0.13425069380203516
Cmpk1,0.22190101757631825,0.13385496737374264,47,0.2850370027752081
Cmpk2,-0.0923913043478261,0.536792745820696,47,-0.013413506012950974
Cmya5,0.26306660499537465,0.07401113171557329,47,0.19912118408880666
Cnbp,0.11933395004625348,0.42432319742827795,47,0.16327474560592048
Cndp2,0.11713691026827013,0.43296325805137553,47,0.13933857539315447
Cnep1r1,-0.1572617946345976,0.2911111235725066,47,-0.1903330249768733
Cnksr1,-0.1883672525439408,0.20480021017533925,47,-0.1757631822386679
Cnn1,0.26977335800185015,0.06667834199581359,47,0.2414431082331175
Cnn2,0.11586493987049029,0.43801000726766254,47,0.0853376503237743
Cnn3,-0.14789546716003701,0.3211549999214248,47,-0.06024514338575394
Cnot1,-0.04775670675300647,0.7499015075880603,47,-0.03376503237742831
Cnot10,-0.06695189639222943,0.6547728047140221,47,-0.03746530989824237
Cnot3,-0.22294172062904719,0.13199410402595876,47,-0.2441026827012026
Cnot4,-0.03561517113783534,0.8121402678826464,47,-0.04960684551341351
Cnp,0.42784458834412586,0.0027009527267613208,47,0.39072617946345983
Cnpy2,0.05307585568917669,0.7230979587643589,47,-0.027058279370952818
Cnpy3,-0.051225716928769656,0.7323856190354759,47,-0.06787696577243293
Cnpy4,0.14327012025901945,0.33668781693659144,47,0.1921831637372803
Cnrip1,0.19287696577243296,0.193968795649413,47,0.13448196114708602
Cnst,0.330249768732655,0.023381933385213747,47,0.3385753931544866
Coa3,0.17761332099907493,0.23232479217171298,47,0.11216466234967623
Coa4,0.010522664199814985,0.9440352008936291,47,0.006128584643848289
Coa5,0.41454671600370036,0.003766855727662554,47,0.44160499537465314
Coa6,-0.006938020351526365,0.9630835835411937,47,0.04428769657724329
Coa7,0.24849676225716932,0.09212998208432616,47,0.3385753931544866
Coasy,0.1493987049028677,0.31620585111264365,47,0.14130434782608697
Cobl,0.04336262719703978,0.772267410197867,47,0.07574005550416281
Cobll1,0.09690101757631824,0.5170115327929654,47,0.061054579093432
Cog1,-0.000578168362627197,0.9969225780104948,47,0.08695652173913043
Cog2,0.2792553191489362,0.05731047838805193,47,0.2538159111933395
Cog3,0.08926919518963922,0.5506994125197281,47,0.029024051803885294
Cog4,-0.006706753006475487,0.9643133239019757,47,0.007053654024051803
Cog5,0.14847363552266418,0.31924572653909433,47,0.11887141535615171
Cog6,-0.1511332099907493,0.31055574197523694,47,-0.15425531914893617
Cog7,-0.28237742830712304,0.054468467389479386,47,-0.2595975948196115
Col12a1,0.05874190564292322,0.6949037466400331,47,0.04891304347826087
Col14a1,0.4042553191489362,0.004829437520176712,47,0.352104532839963
Col15a1,0.332099907493062,0.022571670752625717,47,0.29313135985198896
Col18a1,-0.05018501387604071,0.7376267176529941,47,-0.027058279370952818
Col1a1,0.2027058279370953,0.17178365416057959,47,0.26040703052728953
Col1a2,0.2868871415356152,0.050564974977998334,47,0.29995374653098983
Col3a1,0.23647086031452358,0.10953262231695933,47,0.2024745605920444
Col4a2,-0.04787234042553192,0.7493155767376523,47,-0.04648473635522665
Col5a2,0.056082331174838115,0.7080897462701784,47,0.019195189639222943
Col6a1,0.023011100832562442,0.8779815983347597,47,0.0190795559666975
Col6a2,0.04567530064754857,0.7604718145209608,47,0.02555504162812211
Col6a3,-0.06255781683626273,0.6761403024431636,47,-0.09944495837187789
Col6a6,0.0114477335800185,0.9391240806621197,47,0.055272895467160035
Commd1,0.1320536540240518,0.3762537167774177,47,0.16188714153561518
Commd10,-0.08198427382053654,0.5837985515410381,47,0.018963922294172063
Commd2,0.060476410730804814,0.686351693940956,47,0.11228029602220167
Commd3,-0.20548103607770582,0.16586581502048017,47,-0.008325624421831638
Commd4,-0.08822849213691025,0.5553727237815735,47,-0.09250693802035152
Commd5,0.16154024051803886,0.2780161276262205,47,0.15148011100832562
Commd6,-0.023242368177613326,0.8767647045448809,47,-0.020698427382053654
Commd7,0.38980111008325624,0.006760119365369466,47,0.32631822386679005
Commd8,-0.24433395004625347,0.0978927767934687,47,-0.2334643848288622
Commd9,-0.18674838112858466,0.20879011516789056,47,-0.34239130434782605
Comp,0.12430619796484736,0.40513326712445413,47,0.0906567992599445
Comt,0.001156336725254394,0.9938452002554498,47,0.004047178538390379
Comtd1,0.3229163656635436,0.026837498582513167,47,0.2611083809018018
Copa,-0.03353376503237743,0.8229376611413189,47,-0.11829324699352453
Copb1,-0.16396854764107308,0.2707589700299338,47,-0.09932932469935246
Cope,0.2324236817761332,0.11592157016965797,47,0.2024745605920444
Copg2,0.12604070305272896,0.39855897070056473,47,0.12523126734505088
Cops2,0.008556891766882516,0.9544779347495915,47,-0.03376503237742831
Cops3,0.07898008155709947,0.5977037800893492,47,-0.01855974098084109
Cops4,0.05770120259019427,0.7000531260377755,47,0.0349213691026827
Cops5,0.013182238667900092,0.9299218985352457,47,-0.05596669750231268
Cops6,0.2865402405180389,0.05085696938578301,47,0.25566604995374653
Cops7a,-0.0013876040703052729,0.992614271447295,47,-0.12985661424606845
Cops7b,-0.17611008325624425,0.23636519026475472,47,0.025092506938020356
Cops8,0.03434320074005551,0.8187347083387989,47,0.026017576318223868
Copz1,0.08198427382053654,0.5837985515410381,47,0.05851063829787235
Copz2,0.30966697502312673,0.034160073341239564,47,0.2402867715078631
Coq10a,0.10071692876965772,0.5005634638107923,47,0.14222941720629048
Coq3,0.44680851063829785,0.0016416555095003747,47,0.43061979648473636
Coq4,0.20709990749306198,0.1624829245264961,47,0.21935707678075855
Coq5,-0.0077474560592044415,0.9587801789707394,47,-0.02208603145235893
Coq6,0.5060129509713228,0.0002849693413895987,47,0.42842275670675306
Coq7,0.1877890841813136,0.20621897945606332,47,0.150786308973173
Coq8a,0.28480573543015725,0.05233747250289201,47,0.21392229417206293
Coq8b,0.026827012025901948,0.8579405204442166,47,-0.03411193339500462
Coq9,0.35904255319148937,0.013195536464771129,47,0.34620721554116557
Coro1a,-0.008672525439407955,0.9538634302045403,47,-0.013297872340425532
Coro1b,0.20536540240518042,0.16610939393108073,47,0.1604995374653099
Coro1c,0.08105920444033302,0.5880648034134874,47,0.07192414431082331
Coro2b,-0.14396392229417207,0.33432861567671346,47,-0.060129509713228495
Coro6,0.450508788159112,0.001484689693268682,47,0.39072617946345983
Coro7,-0.1595790813305963,0.2839697182091229,47,-0.06284871790085442
Cotl1,0.17564754856614245,0.23761798951357005,47,0.1933395004625347
Cox15,0.13714153561517115,0.3579746157339901,47,0.09632284921369104
Cox16,0.1000231267345051,0.5035339428394694,47,0.07377428307123034
Cox17,0.2821461609620721,0.05467501381787528,47,0.2719703977798335
Cox19,-0.0645235892691952,0.6665487380360926,47,0.008209990749306199
Cox20,-0.028677150786308978,0.8482545907589971,47,-0.16130897317298798
Cox4i1,0.34100370027752086,0.018994423434074204,47,0.3504856614246068
Cox5a,0.5210025731413056,0.00017354825370073415,47,0.4310823311748381
Cox5b,0.41905642923219244,0.0033700077528645562,47,0.37823774283071226
Cox6a2,0.23623959296947272,0.10989030110241409,47,0.28249306197964846
Cox6b1,0.5247456059204441,0.00015277716296253625,47,0.46993524514338575
Cox6c,0.3413506012950972,0.01886535561136585,47,0.3016882516188714
Cox7a2,0.31255781683626277,0.03243570182562522,47,0.3016882516188714
Cox7a2l,0.10407030527289547,0.48633370750151883,47,0.104995374653099
Cox7b,0.10037002775208143,0.5020475801650607,47,0.060129509713228495
Cox7c,0.2750925069380204,0.06128384599266704,47,0.16246530989824237
Cox8b,0.11436170212765959,0.4440162635044039,47,0.08152173913043478
Cp,0.050878815911193344,0.7341313257686717,47,0.06741443108233117
Cpa3,0.0874190564292322,0.5590204112453079,47,0.04290009250693802
Cpe,-0.034227567067530065,0.8193348250299017,47,-0.1349444958371878
Cpeb3,0.356036077705828,0.014041028909949526,47,0.38737280296022203
Cpeb4,0.20230695854194075,0.17264659012863606,47,0.27793356665078855
Cpne1,-0.19576780758556891,0.18724299635222155,47,-0.22814523589269195
Cpne3,0.026595744680851064,0.8591527461840867,47,0.13852913968547642
Cpox,0.1036137613758591,0.4882584977847768,47,0.10702515195687233
Cpped1,0.352913968547641,0.014967498994639545,47,0.1810823311748381
Cpq,0.2016651248843663,0.17404173599688672,47,0.1690564292321924
Cpsf3,-0.04891304347826087,0.7440485255815387,47,-0.048334875115633676
Cpsf6,0.2785615171137836,0.057957937842403745,47,0.13829787234042554
Cpsf7,0.10649861239592968,0.47616292574023333,47,0.011100832562442183
Cpt1b,0.17876965772432934,0.2292492014043599,47,0.18027289546716002
Cpt2,0.3882978723404255,0.0069949394048654375,47,0.27532377428307125
Cpxm2,-0.04024051803885292,0.7882720071746665,47,-0.055735430157261796
Cr1l,0.042901332734529875,0.7746263931914259,47,0.05406030472612592
Crat,0.4028677150786309,0.0049910778266057,47,0.40575855689176693
Crbn,0.16882516188714156,0.2566240694957601,47,0.11713691026827013
Creb1,-0.055735430157261796,0.7098160089940745,47,-0.056082331174838115
Creld1,0.46658186864014806,0.0009468966003760137,47,0.4692414431082332
Creld2,0.091581868640148,0.540381729661707,47,0.0074005550416281225
Crip1,0.26387604070305276,0.0730937484061148,47,-0.007631822386679
Crip2,0.18038852913968548,0.22499058734272764,47,0.21380666049953745
Crk,0.019542090656799262,0.8962669047729873,47,0.09470397779833489
Crkl,0.1408418131359852,0.3450262237546708,47,0.04405642923219241
Crlf3,0.1651248843663275,0.2673476805265868,47,0.0929694727104533
Crot,0.20548103607770582,0.16586581502048017,47,0.2346207215541166
Crppa,0.07388991674375579,0.621589518317925,47,-0.02092969472710453
Cryab,0.33996299722479184,0.01938611058411475,47,0.3315217391304348
Cryl1,0.03353376503237743,0.8229376611413189,47,0.023011100832562442
Crym,0.1971554116558742,0.18407440365188352,47,0.18524514338575393
Cryz,0.13876040703052728,0.35227376946586136,47,0.3112858464384829
Cs,0.5091350601295097,0.0002574879553458741,47,0.43061979648473636
Csde1,0.14246068455134137,0.3394532582163113,47,0.19530527289546717
Cse1l,0.150786308973173,0.3116805806556439,47,0.13945420906567993
Csk,-0.016535615171137837,0.9121576999921609,47,0.032724329324699354
Csnk1a1,0.3366096207215541,0.02069490187396125,47,0.2708140610545791
Csnk1d,-0.030527289546716,0.8385907516507471,47,-0.15090194264569845
Csnk1g3,-0.14188251618871417,0.3414371650259994,47,-0.22456059204440335
Csnk2a1,-0.09192876965772433,0.5388421748914507,47,0.0071692876965772446
Csnk2a2,-0.13043855343544392,0.3821705699472114,47,-0.19831174838112858
Csnk2b,-0.0024283071230342275,0.9870753428726223,47,-0.058626271970397784
Cspg4,0.022548566142460685,0.8804162191113979,47,-0.023011100832562442
Csrp1,0.18813598519888994,0.20536689266296226,47,0.08996299722479184
Csrp2,0.44183626271970394,0.0018757416539306882,47,0.4655411655874191
Csrp3,0.024167437557816838,0.8718999705900706,47,-0.0003469010175763182
Cst3,0.244218316373728,0.09805673612859897,47,0.3272432932469935
Cstb,-0.13216928769657724,0.37583220416145596,47,-0.18640148011100832
Cstf2,-0.26376040703052733,0.07322425009870377,47,-0.22941720629047183
Cstf2t,0.25219703977798336,0.08723172688815832,47,0.14165124884366329
Ctbp1,0.31822386679000925,0.029264610947889194,47,0.2675763182238668
Ctbp2,-0.07967160037002775,0.5944901501831769,47,0.09169750231267347
Ctbs,0.02983348751156337,0.8422120152537553,47,0.005666049953746532
Ctcf,0.16188714153561518,0.2769716330426763,47,0.07354301572617947
Ctdnep1,0.1758788159111933,0.23699102460872612,47,0.2778677150786309
Ctdp1,0.08660962072155412,0.5626793000826704,47,0.07574005550416281
Ctla2a,0.2601757631822387,0.07736193140031389,47,0.16200277520814063
Ctnna1,-0.37234042553191493,0.009957332722026738,47,-0.41096207215541164
Ctnnb1,-0.14107308048103606,0.34422665326399954,47,-0.16246530989824237
Ctnnbip1,-0.07493061979648474,0.6166734656433616,47,-0.07735892691951897
Ctnnbl1,0.2282608695652174,0.12278428600554357,47,0.330249768732655
Ctnnd1,-0.0425531914893617,0.7764080628029488,47,-0.13390379278445885
Ctps1,0.17321924144310824,0.24426949082785998,47,0.2185476410730805
Ctps2,0.18200740055504164,0.2207868901461725,47,0.07284921369102683
Ctr9,-0.04394079555966698,0.7693136253547465,47,-0.03584643848288622
Ctsa,0.27220166512488436,0.06417057069752061,47,0.19229879740980574
Ctsb,0.36910268270120256,0.010675058514649187,47,0.39303885291396856
Ctsc,0.05966697502312674,0.6903379021531417,47,0.05943570767807586
Ctsd,0.40032377428307125,0.005299721325423062,47,0.4198658649398705
Ctsf,-0.09493524514338575,0.5255890455476382,47,0.033880666049953746
Ctsh,0.4165124884366328,0.0035890907490256285,47,0.411308973172988
Ctsl,0.6695189639222942,2.6639348488947023e-07,47,0.669750231267345
Ctsz,0.11239592969472711,0.4519386919753475,47,0.15275208140610547
Cttn,0.09586031452358927,0.5215438266397787,47,0.09551341350601295
Ctu2,0.4476179463459759,0.001606111978062187,47,0.4087650323774283
Cul1,0.16894079555966696,0.2562936755105039,47,0.18709528214616097
Cul2,0.004509713228492137,0.9759995491669207,47,0.06382978723404256
Cul3,0.20860314523589274,0.15938695938418393,47,0.2215541165587419
Cul4a,-0.12858464384828863,0.38902980527920644,47,-0.09100370027752082
Cul4b,0.10753931544865865,0.4718387630048753,47,0.09412580943570768
Cul5,0.258672525439408,0.0791509248776875,47,0.2508094357076781
Cutc,0.11991211840888069,0.42206579677262385,47,0.19264569842738208
Cux1,0.11066142460684553,0.45899270182648927,47,0.053654024051803896
Cwc15,-0.14477335800185015,0.3315892635768579,47,-0.1389916743755782
Cwf19l1,-0.11112395929694727,0.45710582640898234,47,-0.2030527289546716
Cyb5a,0.10210453283996301,0.49464955135375305,47,0.09551341350601295
Cyb5r1,0.40506475485661425,0.004737275907338643,47,0.39847363552266424
Cyb5r3,0.4280758556891767,0.0026850559603578323,47,0.39662349676225717
Cybb,0.1702127659574468,0.252678180082026,47,0.04983811285846439
Cybc1,-0.1328630897317299,0.37330904942088033,47,-0.0927382053654024
Cyc1,0.2325393154486587,0.11573518676924756,47,0.23369565217391305
Cycs,0.2079093432007401,0.16081046479162742,47,0.1288159111933395
Cyfip1,0.16200277520814063,0.27662404308708516,47,0.04983811285846439
Cygb,0.025670675300647552,0.8640048308334375,47,0.0038159111933395
Cyld,0.30908880666049954,0.03451387258015061,47,0.28769657724329323
Cyp20a1,0.15124884366327476,0.31018137176681737,47,0.3177613320999075
Cyp27a1,-0.03353376503237743,0.8229376611413189,47,0.1000231267345051
Cyp4b1,-0.17055966697502312,0.2516981255277921,47,-0.05550416281221092
Cyria,0.025439407955596672,0.8652186338511004,47,-0.11898704902867716
Cyrib,-0.056776133209990746,0.7046415728520559,47,-0.10557354301572618
Cyth1,-0.03122109158186864,0.8349727876283711,47,-0.05758556891766882
Czib,0.4756012950971323,0.0007285652221456679,47,0.4813829787234043
D2hgdh,0.020467160037002774,0.8913852168494352,47,0.09216003700277521
Dab2,0.09528214616096208,0.5240702735059999,47,0.05030064754856614
Dab2ip,-0.04995374653098982,0.7387930182568443,47,-0.028330249768732656
Dad1,0.2334643848288622,0.11425230342199096,47,0.260522664199815
Dag1,-0.13506012950971324,0.3653861545697033,47,-0.1874421831637373
Dap,-0.10545790934320073,0.4805079834013998,47,-0.19750231267345053
Dap3,0.29475023126734506,0.044302329520929044,47,0.3196114708603145
Dars1,-0.1311285846438483,0.37963595581838555,47,-0.09435707678075857
Dars2,0.34269029530668277,0.018373843418960728,47,0.3166049953746531
Dazap1,0.2599444958371878,0.07763507039387231,47,0.19172062904717854
Dbi,0.6639685476410732,3.622770943027005e-07,47,0.6737974098057353
Dbn1,0.450508788159112,0.001484689693268682,47,0.4283071230342276
Dbndd2,0.2870027752081406,0.05046794560702522,47,0.288159111933395
Dbnl,0.15460222016651248,0.2994499523446756,47,0.30191951896392233
Dbt,0.1998149861239593,0.17810885223925332,47,0.2062904717853839
Dcaf11,0.027289546716003702,0.8555170424363796,47,0.091581868640148
Dcaf6,0.42449121184088806,0.002940971845254975,47,0.4714384828862164
Dcaf7,-0.04151248843663275,0.7817407781828503,47,-0.11979648473635522
Dcaf8,-0.07469935245143385,0.6177644978194009,47,-0.13748843663274746
Dcakd,0.08822849213691025,0.5553727237815735,47,0.005666049953746532
Dcn,-0.1763413506012951,0.23574048602042275,47,-0.14419518963922295
Dcps,0.015032377428307124,0.9201162355083593,47,0.10730804810360779
Dctn1,-0.06857076780758557,0.646967812767034,47,-0.14604532839962997
Dctn2,0.20843572036115926,0.15972962655914413,47,0.20993900156209971
Dctn3,0.07897779833487512,0.597714403312969,47,0.08325624421831637
Dctn4,0.025729235939172226,0.8636975253283359,47,0.03515365269891397
Dctn5,-0.18351063829787234,0.2169324624637329,47,-0.1827012025901943
Dctn6,0.20178659197238444,0.17377708230596856,47,0.12662253192536446
Dctpp1,-0.12719703977798333,0.3942108110369339,47,0.11355226641998149
Dcun1d1,-0.025323774283071233,0.8658256507704627,47,0.03515263644773358
Dcun1d2,-0.29313135985198896,0.04553712868282567,47,-0.21588806660499538
Dcxr,0.6822386679000925,1.2843253738224303e-07,47,0.6788852913968547
Ddah1,0.6541396854764108,6.148670656340357e-07,47,0.6332099907493062
Ddah2,0.11436170212765959,0.4440162635044039,47,0.13633209990749307
Ddb1,-0.028908418131359855,0.8470453745561374,47,-0.022779833487511565
Ddhd2,0.32770582793709535,0.02453575175749904,47,0.35279833487511564
Ddi2,0.34620721554116557,0.017134790149054262,47,0.5270582793709528
Ddo,0.012025901942645698,0.9360557546530182,47,-0.12870027752081406
Ddost,-0.08926919518963922,0.5506994125197281,47,-0.15182701202590196
Ddrgk1,-0.009250961236556306,0.9507898911610966,47,-0.012604434684807967
Ddt,0.3064292321924144,0.03618052127421487,47,0.3278214616096207
Ddx1,0.3179925994449584,0.029388798601628373,47,0.24479648473635524
Ddx17,-0.056082331174838115,0.7080897462701784,47,0.0
Ddx18,0.025670675300647552,0.8640048308334375,47,0.09574468085106384
Ddx19a,0.2746299722479186,0.06173860917760801,47,0.3194958371877891
Ddx21,-0.07689639222941722,0.6074328837505355,47,0.05319148936170213
Ddx23,0.17437557816836263,0.24108652544995282,47,0.22594819611470865
Ddx3,0.8193814238170442,1.9074725556272774e-12,47,0.7979136555204857
Ddx39a,0.025439407955596672,0.8652186338511004,47,0.08522201665124884
Ddx39b,0.14916743755781683,0.3169640932295523,47,0.21461609620721558
Ddx3x,0.7355457909343202,3.8813431684345954e-09,47,0.668131359851989
Ddx42,-0.2325393154486587,0.11573518676924756,47,-0.21299722479185937
Ddx46,0.10568917668825163,0.4795406148601297,47,0.18489824236817762
Ddx5,0.2698889916743756,0.0665571825011878,47,0.2711609620721554
Ddx6,0.026364477335800184,0.8603652928043103,47,0.04532839962997225
Decr1,0.4039084181313599,0.0048694125950325545,47,0.31833950046253473
Dek,0.30561979648473636,0.03670072122004911,47,0.38933857539315453
Dennd10,-0.1572617946345976,0.2911111235725066,47,-0.15703052728954672
Dennd1b,-0.030642923219241447,0.8379875265619343,47,-0.021739130434782608
Dennd4b,-0.17992599444958368,0.2262017223193317,47,-0.2015494912118409
Dennd4c,-0.05781683626271971,0.6994803093100207,47,-0.04613783533765032
Denr,0.024514338575393157,0.870076891787659,47,-0.004278445883441258
Deptor,0.2252609061101461,0.12791696441133,47,0.1763413506012951
Dera,-0.19796484736355227,0.18224386974512016,47,-0.1759944495837188
Derl1,0.22907030527289546,0.12142641205802612,47,0.23843663274745605
Des,0.10233580018501388,0.4936674205595422,47,0.05642923219241443
Dffa,-0.10141073080481036,0.49760198807278555,47,-0.1914893617021277
Dgkz,0.19380203515263647,0.19179816044253678,47,0.2537002775208141
Dglucy,0.6621184088806661,4.008029055167754e-07,47,0.5892691951896393
Dguok,0.0912349676225717,0.5419234068727852,47,0.08880666049953746
Dhcr24,0.416049953746531,0.0036302410099235904,47,0.3879509713228493
Dhodh,0.03630897317298798,0.8085486884799155,47,0.16466234967622573
Dhps,0.12476873265494912,0.40337402689586016,47,0.10511100832562442
Dhrs11,0.42981036077705825,0.002568439251857897,47,0.41200277520814066
Dhrs13,-0.009481961147086031,0.9495626601120016,47,0.00023126734505087883
Dhrs4,0.13771970397779834,0.35593219354512173,47,0.08649398704902868
Dhrs7,-0.017691951896392232,0.9060414964834945,47,-0.11008325624421833
Dhrs7b,0.1534458834412581,0.3031230707061353,47,0.22456059204440335
Dhrs7c,0.2015494912118409,0.1742939499144057,47,0.13309435707678077
Dhrsx,0.08221554116558742,0.5827341691397379,47,0.024745605920444034
Dhx15,-0.20640610545790933,0.16392652290479692,47,-0.2490749306197965
Dhx29,0.01780758556891767,0.9054301662862888,47,0.06822386679000925
Dhx30,0.04949121184088807,0.7411273599620365,47,0.13691026827012026
Dhx32,-0.04185938945420906,0.7799620913173864,47,-0.06348288621646624
Dhx36,-0.17564754856614245,0.23761798951357005,47,-0.18004162812210917
Dhx57,-0.09632284921369104,0.5195270381551462,47,0.009250693802035153
Dhx9,-0.07123034227567068,0.6342267203751338,47,0.022664199814986127
Diablo,-0.06429232192414432,0.667674463890014,47,-0.16940333024976872
Diaph1,0.166049953746531,0.26463929415576287,47,0.15286771507863092
Dip2b,0.3442414431082331,0.01781832136142953,47,0.3892229417206291
Dip2c,-0.00023126734505087883,0.9987690287270486,47,0.06672062904717854
Dis3,-0.04324699352451434,0.7728585514685827,47,-0.1423450508788159
Dis3l2,0.1059235061585697,0.4785614859242497,47,0.08620739502315908
Dkc1,0.23889916743755782,0.10583047971504998,47,0.18825161887141537
Dlat,0.6421137835337651,1.1450210047728464e-06,47,0.6018732654949122
Dld,0.3679463459759483,0.010941940829328013,47,0.29058741905642926
Dlg1,0.28064292321924145,0.05603299565345906,47,0.29370952821461616
Dlgap4,0.08377901769856305,0.5755615041549901,47,0.006591119333950046
Dlst,0.5454440333024977,7.343765875699491e-05,47,0.49317761332099913
Dmac1,-0.018963922294172063,0.8993198994668237,47,-0.02127659574468085
Dmac2l,0.15772432932469935,0.28967644847177954,47,0.13459759481961148
Dmd,0.7422525439407955,2.3550502896200262e-09,47,0.7223635522664199
Dmpk,0.2446808510638298,0.09740216835851125,47,0.19056429232192415
Dmtn,-0.1604995374653099,0.28116513853756797,47,-0.16454671600370027
Dnaaf10,0.09320343445830478,0.5332034950938398,47,-0.002948743894152323
Dnaaf5,0.14118871415356152,0.3438272968777176,47,0.18085106382978725
Dnaja1,-0.1534458834412581,0.3031230707061353,47,-0.1364477335800185
Dnaja2,-0.15645235892691953,0.2936328945534391,47,-0.06787696577243293
Dnaja3,0.288159111933395,0.04950591782266004,47,0.2656105457909343
Dnaja4,0.1267345050878816,0.39594673602774855,47,0.15575855689176688
Dnajb1,-0.3776595744680851,0.008868275910852402,47,-0.245259019426457
Dnajb11,0.0017345050878815912,0.9907679109675063,47,-0.02879278445883441
Dnajb12,-0.009135060129509714,0.9514056805468682,47,-0.037118408880666046
Dnajb2,0.29845050878815915,0.04158225670047113,47,0.28989361702127664
Dnajb4,-0.3114014801110084,0.03311660015342395,47,-0.29336262719703976
Dnajb5,0.3901480111008325,0.006706912434548286,47,0.42518501387604074
Dnajb6,0.14627659574468088,0.32653921157218313,47,0.16940333024976872
Dnajc10,0.07365864939870491,0.6226842040881366,47,0.0463691026827012
Dnajc11,-0.12511563367252546,0.4020575029701556,47,0.021160962072155412
Dnajc13,0.122109158186864,0.41354996078567524,47,0.1805041628122109
Dnajc15,0.43119796484736356,0.0024783904858864435,47,0.42946345975948197
Dnajc16,-0.21380666049953745,0.14900307245470726,47,-0.29174375578168366
Dnajc17,0.04116558741905643,0.7835205687098219,47,0.012025901942645698
Dnajc19,0.21172525439407958,0.15309504301239346,47,0.2693108233117484
Dnajc2,0.04856614246068455,0.7458029375949409,47,0.051572617946345975
Dnajc21,-0.1015263644773358,0.49710928661858117,47,-0.14014801110083255
Dnajc25,-0.006012950971322849,0.9680030258356197,47,0.0780527289546716
Dnajc28,0.5694958371877891,2.944305302151017e-05,47,0.431313598519889
Dnajc3,-0.08418131359851988,0.573722456986137,47,-0.04660037002775208
Dnajc5,-0.1895235892691952,0.20198327644548825,47,-0.1490518038852914
Dnajc7,-0.01017576318223867,0.945877410787354,47,0.03896854764107308
Dnajc8,0.08614708603145237,0.5647750954567582,47,0.04891304347826087
Dnajc9,0.025786308973172987,0.8633980454147693,47,-0.032724329324699354
Dnal1,0.16362164662349676,0.271787952230211,47,0.03573080481036078
Dnase1l1,0.5649861239592969,3.5137139582533634e-05,47,0.5060129509713228
Dnlz,-0.39033274567494763,0.006678726905372685,47,-0.33950046253469013
Dnm1,0.08140610545790936,0.5864633274489922,47,0.06151711378353377
Dnm1l,0.1234967622571693,0.40822257735210077,47,0.16917206290471787
Dnm2,0.15298334875115635,0.3046003858177819,47,0.1358695652173913
Dnm3,0.041281221091581874,0.7829271831009543,47,-0.039546716003700286
Dnmbp,-0.03249306197964848,0.8283486622234498,47,-0.05400092506938021
Dnpep,0.2080249768732655,0.1605725716577615,47,0.20767807585568918
Dnph1,-0.039084181313598525,0.794222007289492,47,-0.1167900092506938
Dnttip2,0.10337650323774283,0.48926034373764676,47,0.17969472710453283
Dock7,0.023242368177613326,0.8767647045448809,47,0.09412580943570768
Dock9,-0.052960222016651244,0.7236773003466729,47,-0.04567530064754857
Dohh,0.05538852913968548,0.7115437119896957,47,0.10430157261794637
Dok7,0.06510175763182238,0.6637376004761356,47,0.037234042553191495
Dph2,-0.008209990749306199,0.956321603862187,47,0.03665587419056429
Dph6,-0.10892691951896391,0.46610590041120464,47,0.0049722479185938945
Dpm1,0.23901480111008325,0.10565660961142526,47,0.2857308048103608
Dpp3,-0.05619796484736356,0.7075146467728547,47,-0.07180851063829788
Dpp7,-0.2901248843663275,0.04790461416197152,47,-0.26387604070305276
Dpp8,0.009655690790655645,0.9486397642748272,47,0.037580943570767814
Dpp9,0.03665587419056429,0.8067543544447925,47,-0.04671600370027753
Dpt,-0.036540240518038856,0.8073523570938022,47,-0.018963922294172063
Dpy30,0.05538852913968548,0.7115437119896957,47,0.036424606845513414
Dpysl2,-0.053654024051803896,0.720203556305802,47,-0.13043478260869565
Dpysl3,0.30920444033302497,0.03444287183965085,47,0.24572155411655874
Drap1,0.2821461609620721,0.05467501381787528,47,0.15945883441258096
Drg1,-0.04475152498184114,0.7651771682379359,47,0.11609956351878165
Drg2,-0.12268732654949122,0.41132540176357607,47,-0.13482886216466233
Dst,0.31278908418131357,0.032300922151673295,47,0.2532377428307123
Dstn,0.13297872340425532,0.3728895110702915,47,0.05585106382978723
Dtd1,-0.030989824236817766,0.8361784045657361,47,-0.026364477335800184
Dtd2,-0.19310823311748382,0.19342451066939376,47,-0.11447733580018501
Dtna,0.037118408880666046,0.8043634383986406,47,0.05353839037927845
Dtx2,-0.03943108233117484,0.7924357754834225,47,-0.08314061054579094
Dtx3l,0.3828630897317299,0.007903936663633903,47,0.40633672525439407
Dus3l,-0.24914715235617235,0.09125390640670672,47,-0.2529559713120865
Dusp13,0.13563829787234044,0.3633181693868295,47,0.082099907493062
Dusp23,-0.024167437557816838,0.8718999705900706,47,-0.03688714153561517
Dusp26,0.29093432007400555,0.04725759661434204,47,0.3003006475485661
Dusp28,0.3325624421831638,0.022372830388728667,47,0.23739592969472711
Dusp29,0.44623034227567066,0.0016674700334647701,47,0.3459759481961147
Dusp3,0.15425531914893617,0.3005488623871983,47,0.0748149861239593
Dut,-0.037580943570767814,0.8019742892217285,47,-0.16385291396854768
Dvl1,0.12696577243293247,0.3950782166053555,47,0.09609158186864016
Dvl2,0.01399167437557817,0.9256305702228261,47,-0.055041628122109165
Dym,0.3185707678075856,0.02907914757295661,47,0.2918593894542091
Dync1h1,-0.04555966697502313,0.7610603427099802,47,-0.039662349676225714
Dync1i2,0.11864014801110083,0.42704105858414415,47,0.11910268270120258
Dync1li1,-0.05966697502312674,0.6903379021531417,47,-0.09505087881591119
Dync1li2,0.4285383903792785,0.0026535099826223377,47,0.4309666975023127
Dynll1,0.056544865864939876,0.7057903165546865,47,0.04787234042553192
Dynll2,-0.01722941720629047,0.9084873517721119,47,0.08568455134135061
Dynlrb1,-0.02937095282146161,0.8446279884338493,47,-0.06544865864939871
Dynlt3,-0.12407493061979649,0.40601454631515166,47,-0.10869565217391305
Dyrk1a,0.030642923219241447,0.8379875265619343,47,-0.006244218316373728
Dyrk1b,0.30955134135060125,0.03423059259680887,47,0.34204440333024977
Dysf,0.1862858464384829,0.20994001590808725,47,0.07273358001850139
Ech1,0.26850138760407033,0.06802270979402565,47,0.13448196114708602
Echdc1,-0.005666049953746532,0.9698481298074779,47,0.1487049028677151
Echdc2,0.08776595744680853,0.5574557408881813,47,0.13101295097132284
Echdc3,-0.2173913043478261,0.14214578281237925,47,-0.11482423681776134
Echs1,0.13008788159111934,0.3834624863862294,47,0.1372571692876966
Eci1,0.09505087881591119,0.5250825466345672,47,0.06371415356151712
Ecm1,0.3656336725254395,0.011492925271000097,47,0.3327937095282146
Ecsit,0.5182701202590195,0.00019029614496596323,47,0.4355920444033302
Edc3,0.026827012025901948,0.8579405204442166,47,0.04463459759481961
Edc4,-0.16119333950046255,0.2790632097175675,47,-0.12719703977798333
Edf1,0.12141535615171138,0.41622849373285714,47,-0.007631822386679
Eea1,0.3695652173913044,0.01056988195820642,47,0.41073080481036084
Eef1a1,0.24017113783533764,0.10392992848078879,47,0.19056429232192415
Eef1a2,0.3154486586493987,0.03078400241996303,47,0.19299259944495836
Eef1b2,-0.09909805735430158,0.5075085240366798,47,-0.22976410730804808
Eef1d,0.21866327474560596,0.13976972284720166,47,0.28746530989824237
Eef1e1,0.1772664199814986,0.2332529606582273,47,0.016304347826086956
Eef1g,0.16651248843663274,0.26329197730495374,47,0.125
Eef2,0.1909111933395005,0.19863911663378428,47,0.1692876965772433
Eef2k,0.30388529139685483,0.03783617681722389,47,0.12604070305272896
Eefsec,0.22282608695652173,0.13219990501773035,47,0.2161193339500463
Eepd1,0.44229879740980577,0.001852781463463774,47,0.40506475485661425
Efemp1,0.1578399629972248,0.2893184997118573,47,0.16709065679925994
Efemp2,-0.0026595744680851063,0.985844542511974,47,0.013182238667900092
Efhd2,-0.16362164662349676,0.271787952230211,47,-0.14847363552266418
Efl1,0.0748149861239593,0.6172188796946316,47,0.06764569842738205
Eftud2,0.18767345050878817,0.20650355887675936,47,0.1748381128584644
Egflam,0.12176225716928771,0.4148879927040796,47,0.14604532839962997
Egfr,0.06891766882516188,0.6453001485287907,47,0.07238667900092507
Egln1,-0.13008788159111934,0.3834624863862294,47,0.015032377428307124
Ehbp1,0.0015032377428307122,0.9919988132358727,47,0.10696114708603147
Ehbp1l1,0.6039546716003701,6.968367207769857e-06,47,0.49988436632747457
Ehd1,0.1502081406105458,0.31356107137254163,47,0.08475948196114709
Ehd2,0.1977335800185014,0.18276554312449292,47,0.15448658649398703
Ehd3,0.06776133209990749,0.6508656855390276,47,0.07469935245143385
Ehd4,0.20189639222941724,0.17353809850740975,47,0.11077705827937095
Ehhadh,0.723404255319149,9.240926568058321e-09,47,0.7613320999074932
Ei24,-0.12106845513413507,0.4175714611629806,47,-0.13864477335800185
Eif1,0.0938945420906568,0.530158372969771,47,0.057354301572617956
Eif1ad,0.19438020351526367,0.19045031042161042,47,0.23161424606845513
Eif1ax,-0.02104532839962997,0.8883361689574312,47,0.09111933395004626
Eif2a,0.27955248486718587,0.057034945422420616,47,0.2937758377683912
Eif2ak2,-0.03411193339500462,0.8199350439821326,47,0.023011100832562442
Eif2b1,0.3256244218316374,0.0255148862977167,47,0.2801803885291397
Eif2b2,0.29324699352451433,0.04544800953064456,47,0.2351988899167438
Eif2b3,-0.08915356151711379,0.5512177445523021,47,-0.027058279370952818
Eif2b4,0.19646160962072154,0.1856538707410515,47,0.14847363552266418
Eif2b5,0.09782608695652174,0.512999442363197,47,0.006128584643848289
Eif2d,-0.11713691026827013,0.43296325805137553,47,-0.10638297872340426
Eif2s1,-0.1687095282146161,0.2569547490873054,47,-0.19553654024051806
Eif2s2,0.09111933395004626,0.5424377700206938,47,-0.01722941720629047
Eif2s3,0.49722479185938945,0.0003771554710571486,47,0.46276595744680854
Eif2s3y,0.7451213736392895,1.892994746324306e-09,47,0.755861861907964
Eif3a,-0.12095282146160963,0.41801966458968426,47,-0.03445883441258094
Eif3b,0.27208603145235893,0.06428825712099868,47,0.23381128584643845
Eif3c,0.0034690101757631825,0.9815370161672291,47,-0.058279370952821465
Eif3d,0.09736355226641999,0.5150035266752774,47,0.07203977798334875
Eif3el1,-0.1559898242368178,0.295080244230083,47,-0.11840888066604996
Eif3f,0.18096669750231267,0.22348297243132909,47,0.1534458834412581
Eif3g,-0.052325749494271614,0.7268588154667979,47,-0.003122109158186864
Eif3h,0.029024051803885294,0.8464408967363912,47,0.04787234042553192
Eif3i,-0.06151711378353377,0.6812389437760084,47,-0.17160037002775208
Eif3j,0.17321924144310824,0.24426949082785998,47,0.28966234967622567
Eif3k,0.17969992202010626,0.2267953194486775,47,0.24301118798278848
Eif3l,-0.09690101757631824,0.5170115327929654,47,-0.08568455134135061
Eif3m,0.03561517113783534,0.8121402678826464,47,0.035962072155411653
Eif4a1,0.1299722479185939,0.3838890603061895,47,0.11158649398704902
Eif4a2,-0.13656336725254395,0.3600241473976761,47,-0.07215541165587419
Eif4a3,0.18582331174838113,0.21109433871375807,47,0.1457604579834903
Eif4b,-0.25450971322849214,0.08427499516635105,47,-0.23045790934320073
Eif4e,0.026133209990749307,0.8615781575945575,47,-0.06382978723404256
Eif4e3,0.4719010175763183,0.0008119806805916214,47,0.48022664199814985
Eif4ebp1,-0.17715078630897316,0.2335629139358729,47,-0.18917668825161885
Eif4ebp2,0.16252782522474862,0.27504937991780837,47,0.23162094196027852
Eif4g1,0.03411193339500462,0.8199350439821326,47,-0.053654024051803896
Eif4g2,0.051341350601295105,0.731804013487363,47,0.016188714153561518
Eif4g3,0.4892460684551342,0.00048331437789806645,47,0.4698196114708603
Eif4h,0.1874421831637373,0.2070735439595194,47,0.18015726179463462
Eif5a,0.1587650323774283,0.2864652762620119,47,0.1481267345050879
Eif5b,-0.03469010175763182,0.8169349751192267,47,0.13563829787234044
Eif6,-0.346322849213691,0.017095284228212815,47,-0.28145235892691955
Eipr1,0.19438020351526367,0.19045031042161042,47,0.07851526364477336
Elac2,0.11563367252543942,0.43893109672572705,47,0.05550416281221092
Elavl1,-0.08834412580943572,0.5548525440948215,47,-0.014685476410730805
Elmo2,-0.10603607770582796,0.47809148930233164,47,-0.09620721554116558
Elmod2,-0.07227104532839965,0.6292691866977549,47,-0.0918131359851989
Eloa,-0.20027752081406106,0.17708572478337084,47,-0.15425531914893617
Elob,-0.008441258094357078,0.9550924654424294,47,-0.14569842738205366
Eloc,-0.0021970397779833488,0.988306172955524,47,-0.013066604995374653
Elp1,-0.09343200740055506,0.5321954240630902,47,-0.07608695652173914
Elp2,0.3885291396854764,0.006958359061195646,47,0.28203052728954675
Elp3,0.07192622361422528,0.6309100192831257,47,0.13119019403591411
Emb,-0.00797872340425532,0.957550842644836,47,0.07631822386679
Emc1,-0.2743987049028677,0.061967000559255726,47,-0.2790240518038853
Emc10,-0.32388991674375583,0.026355582291872168,47,-0.3358001850138761
Emc2,-0.22756706753006475,0.1239572724336042,47,-0.051919518963922294
Emc3,0.2215541165587419,0.1344795917178862,47,0.3519888991674376
Emc4,0.09932932469935246,0.5065133889637354,47,0.05816373728029602
Emc7,0.08233355500535114,0.5821913608526886,47,0.03850712614716562
Emc8,-0.2003931544865865,0.17683060521449426,47,-0.24872802960222018
Emd,-0.009019426456984274,0.9520200769785501,47,-0.07215541165587419
Eml1,0.24213691026827014,0.101044387973039,47,0.24838112858464384
Eml2,0.02312673450508788,0.8773731164378819,47,-0.04949121184088807
Endog,0.22479185938945423,0.12873382101578063,47,0.2796022201665125
Engase,0.12812210915818686,0.3907523404755954,47,0.0666049953746531
Eno1,-0.02035152636447734,0.8919952141094039,47,-0.027173913043478264
Eno2,-0.1662812210915819,0.2639650629176083,47,-0.15575855689176688
Eno3,-0.0020814061054579094,0.9889215982584204,47,-0.05538852913968548
Enoph1,-0.06729879740980574,0.6530971986059967,47,-0.054579093432007404
Enpep,0.22051341350601295,0.13636652773120192,47,0.3508325624421832
Enpp3,0.12014338575393155,0.42116474468188636,47,-0.008903792784458835
Enpp4,0.10730804810360779,0.4727978768083503,47,0.22710453283996299
Ensa,-0.20143385753931545,0.17454642742906337,47,-0.16732192414431085
Entpd1,0.23161424606845513,0.11723264191009604,47,0.1610777058279371
Entpd5,-0.06463922294172063,0.6659861468920284,47,-0.036077705827937095
Epb41,0.3024976873265495,0.038765187450207295,47,0.21935707678075855
Epb41l1,0.13297872340425532,0.3728895110702915,47,0.1314754856614246
Epb41l2,0.011679000925069382,0.9378966429816542,47,-0.07816836262719705
Epb41l3,0.3011100832562442,0.039712839198576946,47,0.35418593894542094
Epdr1,-0.05585106382978723,0.7092404276698758,47,-0.07620259019426458
Ephx1,0.1311285846438483,0.37963595581838555,47,0.08996299722479184
Ephx2,0.25011563367252543,0.08996136966316082,47,0.24745605920444033
Epm2a,0.07493061979648474,0.6166734656433616,47,-0.05226641998149861
Epm2aip1,0.07400555041628122,0.6210424784939748,47,0.08024976873265495
Epn1,0.03584747479165569,0.810937280902971,47,0.122109158186864
Epn2,0.25948196114708605,0.07818362457082756,47,0.28133672525439407
Eprs,0.10395467160037004,0.486820844198798,47,0.06926456984273821
Eps15,0.22190101757631825,0.13385496737374264,47,0.25693802035152635
Eps15l1,0.07585568917668825,0.6123175289093814,47,-0.011216466234967623
Eps8l2,0.0918131359851989,0.5393551236642317,47,0.14974560592044403
Erap1,0.05261332099907493,0.7254162419592539,47,0.184204440333025
Erbin,0.11771507863089732,0.4306800742474704,47,0.1513644773358002
Erc1,0.046022201665124884,0.7587070347383087,47,-0.04671600370027753
Ergic1,0.2987974098057354,0.04133441298757027,47,0.28191489361702127
Erh,-0.053654024051803896,0.720203556305802,47,-0.054925994449583716
Eri3,0.21358156754899374,0.14944166607505655,47,0.1171981151656227
Erlec1,-0.22664199814986125,0.12553437098505887,47,-0.3842506938020352
Erlin1,0.0354995374653099,0.812739238038699,47,-0.057123034227567066
Erlin2,-0.0006938020351526364,0.9963070975052467,47,0.054579093432007404
Ermp1,0.1880203515263645,0.20565064643395167,47,0.19935245143385755
Ero1a,-0.32493061979648474,0.025848434949301433,47,-0.34192876965772434
Erp29,0.10777058279370952,0.47088068634034297,47,0.2541628122109158
Erp44,0.02694264569842738,0.8573345287508211,47,0.1332099907493062
Esd,0.09724791859389453,0.51550516097785,47,-0.014801110083256245
Esyt1,-0.03943108233117484,0.7924357754834225,47,-0.07967160037002775
Esyt2,-0.03561517113783534,0.8121402678826464,47,-0.0016188714153561518
Etf1,0.03122109158186864,0.8349727876283711,47,0.03341813135985199
Etfa,0.270004625346901,0.06643619824382606,47,0.1162118408880666
Etfb,0.2888529139685476,0.04893587083984449,47,0.22907030527289546
Etfdh,0.25716928769657726,0.08097226472372526,47,0.16038390379278447
Ethe1,0.4085337650323774,0.004359489459374432,47,0.32377428307123035
Etl4,0.23438945420906568,0.11278391376533939,47,0.24826549491211838
Ewsr1,0.057123034227567066,0.7029196777134267,47,0.06001387604070306
Exoc1,-0.022779833487511565,0.8791987707704448,47,0.08279370952821462
Exoc2,-0.09516651248843665,0.5245762892260871,47,-0.1305504162812211
Exoc3,-0.06729879740980574,0.6530971986059967,47,-0.06799259944495838
Exoc4,0.6244218316373727,2.7256307870565223e-06,47,0.5875346901017576
Exoc5,0.13216928769657724,0.37583220416145596,47,0.079209065679926
Exoc6,0.019542090656799262,0.8962669047729873,47,-0.06359851988899166
Exoc8,-0.011332099907493063,0.939737852087926,47,0.03700277520814061
Exosc10,-0.07123034227567068,0.6342267203751338,47,-0.05758556891766882
Exosc4,0.20918131359851988,0.15820775818637267,47,0.33094357076780756
Exosc5,-0.1672062904717854,0.2612795915284196,47,-0.15737742830712304
Exosc6,0.006012950971322849,0.9680030258356197,47,-0.06544865864939871
Ezr,0.2217853839037928,0.13406293409713207,47,0.18432007400555042
F13a1,-0.002890841813135985,0.9846137747034847,47,-0.09192876965772433
F2,-0.11655874190564293,0.43525319332794504,47,-0.08279370952821462
FAM120C,0.43339500462534697,0.002341512833077049,47,0.45166512488436633
Fabp3,-0.16524051803885292,0.2670081290261532,47,-0.20074005550416285
Fabp4,0.40656799259944504,0.004570191542779163,47,0.33429694727104536
Fabp5,-0.016535615171137837,0.9121576999921609,47,-0.10788621646623497
Fadd,-0.06845513413506013,0.6475240822393594,47,-0.15818686401480114
Fads6,0.08637835337650324,0.5637267443201465,47,0.0923913043478261
Faf1,-0.0354995374653099,0.812739238038699,47,-0.027867715078630898
Faf2,-0.022895467160037,0.8785901498931178,47,0.008209990749306199
Fah,-0.042321924144310824,0.7775922404331261,47,-0.04359389454209066
Fahd1,0.29521276595744683,0.043954588213642835,47,0.24121184088806663
Fahd2a,0.338691026827012,0.01987407739421024,47,0.37916281221091586
Fam114a1,-0.10117946345975948,0.4985881440714257,47,-0.09620721554116558
Fam120a,0.2540471785383904,0.08485998388837857,47,0.036424606845513414
Fam120b,-0.19264569842738208,0.1945141660215869,47,-0.10464847363552267
Fam136a,0.033880666049953746,0.821135787354028,47,-0.06567992599444959
Fam162a,0.0918131359851989,0.5393551236642317,47,0.15772432932469935
Fam210a,0.13165274209774194,0.37771731899619104,47,0.0874190564292322
Fam50a,0.29694727104532836,0.04267033186079742,47,0.24780296022201667
Fam89b,-0.1763413506012951,0.23574048602042275,47,-0.14465772432932472
Fam98a,0.1830481036077706,0.21811342399420686,47,0.17715078630897316
Fam98c,-0.018963922294172063,0.8993198994668237,47,0.014107308048103607
Farp1,0.2650323774283071,0.07179881906421189,47,0.16616558741905643
Farsa,0.20374653098982423,0.16954683260490322,47,0.19750231267345053
Farsb,0.10557354301572618,0.4800241707477598,47,0.23057354301572622
Fasn,0.3360314523589269,0.02092791120098643,47,0.2822617946345976
Fastkd2,0.22109158186864014,0.13531580759841683,47,0.05481036077705829
Fau,-0.21692876965772434,0.14301719317092543,47,-0.22964847363552268
Fbl,-0.0033533765032377435,0.9821523480615156,47,0.053422756706753005
Fbln1,0.17865402405180392,0.22955549439575546,47,0.13922294172062905
Fbln2,0.13598519888991675,0.36208078200714,47,0.11077705827937095
Fbln5,-0.3278214616096207,0.024482290684860426,47,-0.29324699352451433
Fbn1,0.1138991674375578,0.445873439752262,47,0.08395004625346902
Fbp2,0.7582099907493063,6.729648912895988e-10,47,0.6584181313598519
Fbxl18,0.016304347826086956,0.9133815556835756,47,0.11043015726179464
Fbxl4,-0.010522664199814985,0.9440352008936291,47,0.006938020351526365
Fbxo22,0.28596207215541164,0.051346657493962715,47,0.20490286771507862
Fbxo3,0.03480573543015726,0.8163352707587711,47,0.027289546716003702
Fbxo30,0.0398936170212766,0.7900557709504129,47,0.1569148936170213
Fbxo32,0.23381128584643845,0.11369996302938332,47,0.19287696577243296
Fbxo4,0.08556891766882516,0.5673999299275756,47,0.2156567992599445
Fbxo40,0.4066375648543782,0.0045625850416013925,47,0.3682932469935245
Fbxo6,-0.07886216466234967,0.5982525242906089,47,-0.0933163737280296
Fbxo7,-0.127890841813136,0.3916152840564577,47,-0.12685013876040704
Fbxw5,0.46901017576318227,0.0008829980280085821,47,0.22941720629047183
Fcer1g,0.08984736355226641,0.5481112343904072,47,0.04405642923219241
Fcho2,-0.11771507863089732,0.4306800742474704,47,-0.12557816836262722
Fcna,-0.16026827012025902,0.2818680826524002,47,-0.30411655874190563
Fcsk,-0.04180278108768881,0.7802522671542518,47,-0.02636523952418547
Fdps,-0.02983348751156337,0.8422120152537553,47,-0.06938020351526364
Fdx1,0.37870027752081414,0.008667673803895383,47,0.27035152636447735
Fdxr,-0.20131822386679005,0.1747991686520691,47,-0.07608695652173914
Fech,0.08499074930619796,0.5700303955515431,47,0.012950971322849215
Fem1a,0.10649861239592968,0.47616292574023333,47,0.10719241443108232
Fen1,-0.06382978723404256,0.6699280823099741,47,-0.016651248843663275
Fermt2,-0.026595744680851064,0.8591527461840867,47,-0.0660268270120259
Fermt3,-0.20524976873265496,0.16635323265717505,47,-0.21681313598519888
Fez2,0.012950971322849215,0.9311483593774271,47,0.0589731729879741
Fgf1,0.16061517113783536,0.2808140979949982,47,0.10811748381128584
Fgfr1op2,-0.06683626271970398,0.6553317141705334,47,0.0786308973172988
Fggy,0.13135985198889918,0.3787887073298826,47,0.1821230342275671
Fh,0.29290009250693805,0.04571579379784877,47,0.17819148936170215
Fhip1a,0.05099444958371878,0.7335492754755175,47,-0.0114477335800185
Fhl1,0.17102220166512488,0.25039537559761416,47,0.14373265494912119
Fhl2,0.16234967622571692,0.2755829976375975,47,0.11771507863089732
Fhl3,0.1587650323774283,0.2864652762620119,47,0.04937557816836263
Fhod1,0.13841350601295097,0.3534906802874637,47,0.03469010175763182
Fhod3,0.17264107308048107,0.24587161596156748,47,0.03943108233117484
Filip1,0.20224329324699353,0.17278461645982895,47,0.184204440333025
Filip1l,0.18015726179463462,0.22559559417505162,47,0.2560129509713229
Fip1l1,0.13945420906567993,0.34984764576507427,47,0.032724329324699354
Fis1,0.08614708603145237,0.5647750954567582,47,0.07666512488436633
Fitm1,0.29093432007400555,0.04725759661434204,47,0.20235892691951896
Fkbp10,0.20027752081406106,0.17708572478337084,47,0.10013876040703053
Fkbp15,-0.05851063829787235,0.6960468881378677,47,-0.0027752081406105457
Fkbp1a,0.10395467160037004,0.486820844198798,47,0.10141073080481036
Fkbp2,-0.04197502312673451,0.7793694424339963,47,0.07203977798334875
Fkbp3,0.09111933395004626,0.5424377700206938,47,0.10742368177613322
Fkbp4,0.43061979648473636,0.0025155660178867254,47,0.3824005550416281
Fkbp5,0.28064292321924145,0.05603299565345906,47,0.37072155411655877
Fkbp8,0.11771507863089732,0.4306800742474704,47,0.014338575393154489
Fkbp9,0.11459296947271046,0.44308927811292403,47,0.07851526364477336
Fkbpl,0.42691951896392233,0.0027653735469385364,47,0.4515494912118409
Flad1,0.5416281221091582,8.436066225444928e-05,47,0.5418593894542091
Flcn,-0.016998149861239594,0.9097105952541228,47,0.016998149861239594
Flii,0.03665693389985437,0.8067488746338225,47,0.05157410889380141
Flna,0.2646854764107308,0.07218537672395203,47,0.1328630897317299
Flnb,0.14118871415356152,0.3438272968777176,47,0.13089731729879742
Flnc,0.23080481036077707,0.1185549296651481,47,0.20235892691951896
Flot1,0.09505087881591119,0.5250825466345672,47,0.1669750231267345
Flot2,0.15679925994449584,0.29255040719394354,47,0.11898704902867716
Fmod,-0.004047178538390379,0.9784605229740855,47,-0.05596669750231268
Fn1,-0.03249306197964848,0.8283486622234498,47,0.030874190564292324
Fn3k,0.11586493987049029,0.43801000726766254,47,0.16026827012025902
Fn3krp,0.12488436632747456,0.40293490865162424,47,0.1347132284921369
Fndc1,0.44368640148011096,0.001785389964471777,47,0.4321230342275671
Fnta,0.06140148011100833,0.6818063340817241,47,0.08603145235892694
Fntb,0.23103607770582793,0.11817598564868524,47,0.28260869565217395
Focad,0.20328399629972252,0.17053835609253373,47,0.3490980573543016
Foxk1,-0.0889222941720629,0.5522551034134378,47,-0.09401017576318225
Foxo4,0.11505550416281221,0.44123851771539635,47,0.2251387604070305
Frg1,-0.014685476410730805,0.9219539475245885,47,0.1589962997224792
Frmd8,-0.2206290471785384,0.13615589848811338,47,-0.3190333024976874
Fry,0.12222479185938946,0.41310449930132986,47,0.1288159111933395
Fscn1,0.08296955859036437,0.5792699790798327,47,0.12881963521904657
Fsd1l,0.2992599444958372,0.04100583617565283,47,0.352104532839963
Fsd2,-0.052960222016651244,0.7236773003466729,47,-0.10037002775208143
Fstl1,0.37291859389454207,0.009833637113656715,47,0.3045790934320074
Fth1,-0.4514338575393154,0.0014475982318592619,47,-0.4843894542090657
Ftl1,0.26792321924144313,0.06864086227190588,47,0.22039777983348752
Fto,0.2754394079555967,0.06094453549949701,47,0.3282839962997225
Fubp1,0.2215541165587419,0.1344795917178862,47,0.21704440333024977
Fubp3,-0.1742599444958372,0.24140354598303346,47,-0.12245605920444033
Fundc2,0.15714616096207215,0.29147051240823585,47,0.19877428307123035
Fuom,0.08857539315448658,0.5538128756608135,47,0.08059666975023128
Fus,0.09100370027752082,0.5429523682148013,47,0.19172062904717854
Fxn,0.164199814986124,0.27007441696896584,47,0.13332562442183166
Fxr1,0.22918593894542091,0.12123336006214704,47,0.2657261794634598
Fxr2,0.2991443108233118,0.04108777926342848,47,0.24849676225716932
Fxyd1,-0.14789546716003701,0.3211549999214248,47,-0.056313598519889
Fyco1,0.7295328399629972,5.9987960095845856e-09,47,0.7598288621646624
Fyttd1,-0.11829324699352453,0.4284036561173921,47,-0.13633209990749307
G3bp1,0.13610083256244218,0.36166888717050455,47,0.15379278445883443
G3bp2,0.1751850138760407,0.23887531282835078,47,0.23311748381128586
G4,-0.012488436632747455,0.9336017522402233,47,0.006244218316373728
G6pd,0.11898704902867716,0.4256809047051285,47,0.16836262719703976
Gaa,-0.061054579093432,0.6835095473415387,47,-0.06857076780758557
Gab2,0.2006244218316374,0.1763211600674759,47,0.09539777983348752
Gabarap,-0.03237836432794707,0.8289455044441327,47,-0.10505622854264256
Gabarapl1,0.05689176688251619,0.7040674447966342,47,0.14188251618871417
Gabarapl2,0.2656105457909343,0.07115819894111473,47,0.10661424606845515
Gadd45gip1,0.30897317298797405,0.03458499406771937,47,0.35869565217391314
Galk1,0.06521739130434782,0.6631759197539264,47,0.04775670675300647
Galk2,0.07296484736355227,0.6259730926786798,47,0.07585568917668825
Galm,-0.0003469010175763182,0.9981535439752702,47,0.11158649398704902
Galns,-0.07886216466234967,0.5982525242906089,47,-0.04301572617946347
Galnt2,-0.06741443108233117,0.6525390381995726,47,-0.001156336725254394
Galt,0.2273358001850139,0.12435013935946444,47,0.30411655874190563
Gamt,0.46276595744680854,0.001055691071478849,47,0.37777520814061055
Ganab,-0.025786308973172987,0.8633980454147693,47,-0.04856614246068455
Ganc,0.15333024976873266,0.30349196729350864,47,0.24005550416281224
Gap43,0.19842738205365404,0.18120372552532504,47,0.1569148936170213
Gapdh,0.4575624421831637,0.001222017336610596,47,0.5315679925994451
Gapvd1,-0.12459888415486776,0.4040195275461969,47,-0.17391304347826086
Gars1,0.15194264569842741,0.3079411993218027,47,0.1587650323774283
Gart,-0.16292784458834414,0.27385366860585575,47,-0.14535152636447735
Gatb,0.18085106382978725,0.22378393543984887,47,0.21970397779833487
Gatc,0.18466697502312676,0.21399952604414899,47,0.23080481036077707
Gatd3a,0.32793709528214615,0.024428927157660024,47,0.26907955596669747
Gba,0.22548566142460685,0.1275269302183075,47,0.24005550416281224
Gbe1,0.40575855689176693,0.004659507846903452,47,0.3992830712303423
Gbf1,0.11632747456059205,0.43617105462596145,47,0.07724329324699351
Gbp1,0.7498843663274746,1.3088149254588068e-09,47,0.6200277520814061
Gbp2,0.255781683626272,0.08268252639554492,47,0.18975485661424607
Gcat,0.06845513413506013,0.6475240822393594,47,0.03503700277520814
Gcc2,0.12453746530989825,0.40425309374117624,47,0.13251618871415355
Gcdh,-0.07203977798334875,0.6303694766441762,47,-0.029255319148936174
Gclc,-0.23751156336725257,0.10793406136157155,47,-0.2309204440333025
Gclm,0.11008643871502007,0.46134418090381063,47,-0.018097192919013277
Gcn1,0.1657030527289547,0.2656527896322306,47,0.17819148936170215
Gcsh,0.1754162812210916,0.23824608543603049,47,0.15148011100832562
Gda,-0.11135522664199816,0.4561639697970292,47,-0.13922294172062905
Gde1,-0.09921369102682702,0.5070108325513609,47,-0.09620721554116558
Gdi1,0.0018501387604070306,0.9901524676182067,47,-0.039662349676225714
Gdi2,0.0009250693802035153,0.9950761432183817,47,0.03862164662349676
Gdpd1,0.023358001850138765,0.8761563629980397,47,0.026017576318223868
Get3,0.24225254394079557,0.10087659060406147,47,0.22583256244218317
Get4,0.09678538390379278,0.5175141457745629,47,0.15309898242368178
Gfer,0.020467160037002774,0.8913852168494352,47,-0.036424606845513414
Gfm1,0.44461147086031455,0.0017416800698337406,47,0.401827012025902
Gfm2,0.4139685476410731,0.0038205894090680074,47,0.42657261794634604
Gfpt1,0.18825161887141537,0.20508341393855833,47,0.2279139685476411
Gfpt2,0.09655411655874191,0.5185201042322276,47,0.03214616096207216
Gfus,-0.1229185938945421,0.410437503399193,47,-0.06082331174838113
Gga1,0.3020351526364477,0.03907898691004983,47,0.3385753931544866
Gga3,-0.0025439407955596674,0.9864599388001426,47,-0.04463459759481961
Ggct,0.05926397042168884,0.6923256762002991,47,0.1322849213691027
Ggps1,0.0038159111933395,0.9796910855813424,47,0.09204440333024977
Ghdc,-0.03700277520814061,0.8049610025776914,47,0.05619796484736356
Gigyf2,-0.02937095282146161,0.8446279884338493,47,0.05261332099907493
Gimap4,0.178422756706753,0.23016892399210617,47,0.16674375578168366
Gimap8,-0.0015032377428307122,0.9919988132358727,47,-0.022548566142460685
Gipc1,0.08475948196114709,0.5710841525621138,47,0.2200508788159112
Git1,0.2790240518038853,0.05752564933671258,47,0.29671600370027756
Git2,-0.10580481036077706,0.47905731588959544,47,-0.14824236817761333
Gk,-0.07654949121184089,0.6090592318533266,47,-0.16951896392229418
Gkap1,0.10753931544865865,0.4718387630048753,47,0.1414199814986124
Glb1,0.045618802597768286,0.760759349818037,47,-0.04960684551341351
Glg1,0.39246068455134137,0.006361402969010671,47,0.4485430157261795
Glipr2,0.16986586493987052,0.25366080061212687,47,0.091581868640148
Glo1,0.33117483811285847,0.022973804917628984,47,0.24352451433857542
Glod4,0.219472710453284,0.13827313757174664,47,0.18177613320999075
Glrx,0.10511100832562442,0.48196096044205905,47,0.11470860314523591
Glrx2,0.10615171137835339,0.47760896198595026,47,0.036771507863089734
Glrx3,0.08175300647548567,0.5848638079557877,47,0.2385522664199815
Glrx5,0.24132747456059206,0.1022249912387914,47,0.23450508788159113
Gls,-0.049144310823311756,0.7428796296554872,47,-0.12465309898242369
Glud1,-0.39234505087881594,0.006378303548451609,47,-0.388413506012951
Glul,0.3969703977798335,0.005731930428706868,47,0.3033071230342276
Glyctk,-0.14338575393154487,0.3362939000364355,47,-0.01572617946345976
Glyr1,0.15587419056429233,0.2954428019005876,47,0.127890841813136
Gmds,0.03122109158186864,0.8349727876283711,47,0.08475948196114709
Gmfb,-0.23427382053654025,0.1129666725282514,47,-0.1532146160962072
Gmfg,-0.07273358001850139,0.6270709927244593,47,-0.06556429232192415
Gmppa,-0.09875115633672527,0.5090030841635899,47,-0.11308973172987975
Gmppb,0.039546716003700286,0.7918405982219741,47,0.018038852913968548
Gmpr,0.18177613320999075,0.22138406322290255,47,0.11725254394079557
Gmps,0.14535152636447735,0.32964119276603426,47,0.1435013876040703
Gna11,-0.09944495837187789,0.5060161934447862,47,0.01722941720629047
Gna13,-0.07065217391304349,0.6369877915848332,47,-0.0012719703977798337
Gnai2,0.132631822386679,0.3741489727599557,47,0.13852913968547642
Gnaq,0.11043015726179464,0.4599377184812414,47,0.08279370952821462
Gnas,0.2779833487511564,0.058501962014280415,47,0.2309204440333025
Gnb1,0.09135060129509714,0.5414092789667944,47,-0.0027752081406105457
Gnb2,-0.1927613320999075,0.19424134511399127,47,-0.21808510638297873
Gng11,0.24849676225716932,0.09212998208432616,47,0.2246762257169288
Gng12,0.054925994449583716,0.7138495428714782,47,-0.026133209990749307
Gng5,-0.09574468085106384,0.522048631173247,47,-0.24202127659574468
Gnl1,0.34620721554116557,0.017134790149054262,47,0.41477798334875116
Gnl3,0.23531452358926921,0.11132993929198524,47,0.2262950971322849
Gnpat,0.006938020351526365,0.9630835835411937,47,-0.020582793709528216
Gnpda1,0.3812442183163738,0.008193729347806591,47,0.40911193339500473
Golga2,-0.08857539315448658,0.5538128756608135,47,-0.05018501387604071
Golga3,0.3512950971322849,0.015468033848449289,47,0.23681776133209992
Golga4,0.3556416410378615,0.014155308222414472,47,0.3842039838557292
Golga5,0.34377890841813136,0.01798246407513336,47,0.1574930619796485
Golgb1,0.11285846438482885,0.45006767645789447,47,0.1854764107308048
Golph3,-0.2079093432007401,0.16081046479162742,47,-0.20617483811285847
Gopc,0.027867715078630898,0.8524895480740938,47,0.004047178538390379
Gorasp2,-0.024398704902867715,0.8706845110729272,47,0.04845050878815912
Gosr1,0.10314821778760282,0.4902253103775762,47,0.10488277301945712
Gosr2,-0.2177382053654024,0.14149481484423668,47,-0.08730342275670674
Got1,0.49410268270120256,0.00041589198192725597,47,0.4219472710453284
Got2,0.44206753006475485,0.0018642301956369749,47,0.32018963922294175
Gpaa1,0.11898704902867716,0.4256809047051285,47,0.0660268270120259
Gpam,0.164199814986124,0.27007441696896584,47,0.17102220166512488
Gpat3,0.0027752081406105457,0.9852291543618484,47,-0.07585568917668825
Gpc1,0.28804347826086957,0.049601446737427286,47,0.24826549491211838
Gpc4,0.025786308973172987,0.8633980454147693,47,0.08811285846438482
Gpcpd1,0.5707678075855689,2.799767617649447e-05,47,0.45999074930619804
Gpd1,0.34528214616096214,0.017453631846234434,47,0.2890841813135986
Gpd1l,0.22490749306197966,0.12853207931470648,47,0.15587419056429233
Gpd2,0.5101757631822387,0.0002488754608899873,47,0.4727104532839963
Gphn,0.06209528214616096,0.6784046105430289,47,0.21681313598519888
Gpi,0.6143617021276596,4.359475152867974e-06,47,0.5485661424606846
Gpn1,0.0074005550416281225,0.960624360183667,47,-0.0025439407955596674
Gps1,0.09412580943570768,0.529141284554155,47,-0.06961147086031452
Gpt,0.4975716928769658,0.00037305900538545355,47,0.577358926919519
Gpt2,0.5389685476410732,9.282921833431177e-05,47,0.3118640148011101
Gpx1,0.24549028677150786,0.09626480053473564,47,0.23808973172987977
Gpx3,0.25219703977798336,0.08723172688815832,47,0.2804116558741906
Gpx4,-0.08475948196114709,0.5710841525621138,47,-0.050069380203515264
Gpx7,0.2549722479185939,0.0836931641632152,47,0.2358926919518964
Grb10,0.4808048103607771,0.0006242611519447441,47,0.49491211840888066
Grb14,0.39384828862164667,0.006161612186345263,47,0.33175300647548567
Grb2,0.09643848288621648,0.5190234493502606,47,0.017691951896392232
Grcc10,-0.04509713228492137,0.7634157885027959,47,-0.10083256244218315
Grhpr,0.10117946345975948,0.4985881440714257,47,0.10846438482886217
Gripap1,-0.0027752081406105457,0.9852291543618484,47,-0.054579093432007404
Grk2,0.24306197964847362,0.09970800839464274,47,0.24664662349676228
Grn,0.09216003700277521,0.5378169867659578,47,0.09724791859389453
Grpel1,0.24005550416281224,0.10410161551133683,47,0.21207215541165592
Grsf1,0.3859851988899167,0.0073700154406148724,47,0.26734505087881594
Grwd1,0.0884044983168412,0.5545810490032075,47,0.037524211515781516
Gsdmd,0.06059204440333025,0.6857829201347188,47,0.057123034227567066
Gsk3a,0.12147668473753,0.41599132717833737,47,0.10360777058279372
Gsk3b,-0.20201202590194264,0.1732866747120183,47,-0.04000925069380204
Gsn,0.03411193339500462,0.8199350439821326,47,-0.008788159111933395
Gspt1,-0.15043940795559665,0.3128080112119939,47,0.0780527289546716
Gspt2,0.19692414431082333,0.18459982087559088,47,0.08198427382053654
Gsr,0.028677150786308978,0.8482545907589971,47,-0.0797872340425532
Gss,-0.07388991674375579,0.621589518317925,47,-0.06533302497687327
Gsta1,0.6520582793709528,6.86071862572385e-07,47,0.6519426456984274
Gsta4,-0.08337187789084183,0.5774254294081137,47,-0.07319611470860314
Gsta6,0.32550878815911194,0.025570226594359008,47,0.2861933395004625
Gstk1,0.5504162812210915,6.114301974369512e-05,47,0.543940795559667
Gstm1,0.29116558741905646,0.04707404429910564,47,0.36332099907493065
Gstm2,0.8345282146160963,3.1486595670430607e-13,47,0.8156799259944496
Gstm4,0.2658418131359852,0.07090322192520346,47,-0.11066142460684553
Gstm5,0.025125396149515214,0.8668672112537421,47,0.12959414856065743
Gsto1,0.22328862164662353,0.131378140041964,47,0.19784921369102684
Gstp1,0.27943684785172895,0.057142037610097986,47,0.1923621752126427
Gstt2,0.16154024051803886,0.2780161276262205,47,0.14303885291396856
Gstz1,0.12916281221091583,0.3868829277015138,47,0.2215541165587419
Gtf2f2,-0.01387604070305273,0.9262434919790001,47,0.024167437557816838
Gtf2i,-0.00046253469010175765,0.9975380602851271,47,-0.03850601295097132
Gtpbp1,0.1044172062904718,0.4848738266451689,47,-0.10407030527289547
Gtpbp4,-0.12129972247918595,0.41667587563294306,47,-0.09100370027752082
Gtpbp6,-0.15263644773358,0.30571139741251663,47,0.08950046253469011
Gtpbp8,-0.16500925069380204,0.2676875187485064,47,-0.04775670675300647
Guf1,-0.0196577243293247,0.8956564824686472,47,-0.043478260869565216
Guk1,0.11493987049028678,0.4417008062111393,47,0.1874421831637373
Gyg1,0.572345408004193,2.629555726119116e-05,47,0.5763927035451863
Gys1,0.36690564292321926,0.011187011915520951,47,0.29209065679925994
H1f10,-0.25,0.09011494185765594,47,-0.24976873265494912
H1f2,-0.10060129509713228,0.5010579193921045,47,0.035383903792784464
H1f5,0.12049028677150787,0.41981521365263774,47,0.09146623496762257
H2ax,-0.20577606900564935,0.1652455132092468,47,-0.2325393154486587
H2az2,-0.11147086031452359,0.4556934372328461,47,-0.11505550416281221
H3f3b,-0.1522895467160037,0.3068250019615983,47,-0.16165587419056432
H4f3,-0.18617021276595747,0.2102281818377504,47,-0.21924144310823315
H6pd,0.1559898242368178,0.295080244230083,47,0.14431082331174838
Habp4,0.34562904717853843,0.017333482276548667,47,0.2334643848288622
Hacd1,-0.2217853839037928,0.13406293409713207,47,-0.20293709528214615
Hacd3,0.03445883441258094,0.818134694237604,47,-0.042437557816836266
Hadh,0.18755781683626271,0.20678841368318773,47,0.16292784458834414
Hadha,0.37442183163737275,0.009518200380619922,47,0.21530989824236818
Hadhb,0.21530989824236818,0.14609832599138708,47,0.0927382053654024
Hagh,0.1578399629972248,0.2893184997118573,47,0.16292784458834414
Hars1,-0.22282608695652173,0.13219990501773035,47,-0.25104070305272896
Hars2,0.35592044403330253,0.014074449423174956,47,0.3051572617946346
Hax1,0.10395467160037004,0.486820844198798,47,0.02139222941720629
Hba-a1,0.5577012025901943,4.6501040552607415e-05,47,0.5971322849213692
Hba-a2,0.4364014801110083,0.0021650543322188054,47,0.4580249768732655
Hbb,0.6330943570767809,1.7938478170268247e-06,47,0.6036077705827938
Hbb-b1,0.38390379278445885,0.0077223607043781775,47,0.3575393154486587
Hbb-bs,0.49485140757635254,0.00040628889405552106,47,0.49623981461187194
Hbs1l,0.20929694727104534,0.15797268591989863,47,0.2185476410730805
Hccs,0.1998149861239593,0.17810885223925332,47,0.09701665124884368
Hcfc1,0.04613783533765032,0.7581190441044416,47,-0.0158418131359852
Hck,-0.10187326549491212,0.4956326904051082,47,-0.13563829787234044
Hcls1,0.04324699352451434,0.7728585514685827,47,-0.04266882516188715
Hdac2,0.052150786308973185,0.7277369590748419,47,0.09574468085106384
Hddc2,-0.1877890841813136,0.20621897945606332,47,-0.18790471785383903
Hddc3,0.21369102682701202,0.14922826593634314,47,0.23172987974098058
Hdgf,0.2279139685476411,0.12336972763627904,47,0.23496762257169287
Hdgfl2,0.2839962997224792,0.05304018910536249,47,0.43339500462534697
Hdgfl3,0.02775208140610546,0.8530948804212732,47,0.0349213691026827
Hdhd2,0.0660268270120259,0.6592492905239828,47,0.08499074930619796
Hdhd3,0.12072155411655874,0.4189168922555767,47,0.18027289546716002
Hdhd5,0.17865402405180392,0.22955549439575546,47,0.18536077705827939
Hdlbp,-0.07192414431082331,0.6309199189840534,47,-0.07146160962072157
Heatr3,0.14384828862164661,0.33472109909146275,47,-0.02775208140610546
Hebp1,-0.06799259944495838,0.649751060179108,47,-0.08244680851063829
Hectd1,-0.07678075855689177,0.6079747917112882,47,-0.0425531914893617
Hectd3,0.04301572617946347,0.774041215799022,47,0.014685476410730805
Herc1,0.030180388529139686,0.8404009755138449,47,0.009481961147086031
Herc3,0.3480095980177026,0.01652772977111434,47,0.33880666049953745
Herc4,0.2802960222016651,0.05635019796630143,47,0.24780296022201667
Hexa,-0.10141073080481036,0.49760198807278555,47,-0.11736817761332101
Hexb,-0.10245143385753931,0.4931767336635877,47,-0.12072155411655874
Hexim1,0.021160962072155412,0.8877265494725741,47,0.13760407030527289
Hgs,-0.025439407955596672,0.8652186338511004,47,0.06117021276595745
Hhatl,0.4172062904717855,0.0035281337398839945,47,0.3221554116558742
Hibadh,0.06810823311748382,0.6491940312061939,47,-0.030874190564292324
Hibch,0.2038621646623497,0.1692996056352191,47,0.11285846438482885
Hif1an,0.1669750231267345,0.26194924188438967,47,0.18501387604070305
Higd2a,0.2987974098057354,0.04133441298757027,47,0.334990749306198
Hikeshi,-0.09204440333024977,0.5383294625275986,47,-0.09944495837187789
Hint1,-0.12395929694727106,0.4064556003583801,47,-0.2746299722479186
Hint2,0.28480573543015725,0.05233747250289201,47,0.2866558741905643
Hint3,-0.047525439407955596,0.751073787388866,47,-0.07504625346901017
Hip1,0.4514338575393154,0.0014475982318592619,47,0.3745374653098983
Hip1r,-0.06093894542090657,0.6840776316186891,47,-0.10811748381128584
Hist1h2bq,-0.25508788159111934,0.08354819856846567,47,-0.21369102682701202
Hist2h2aa3,-0.042207510641788154,0.7781782663080188,47,-0.059263970421688836
Hk1,0.04382516188714154,0.7699041250760579,47,0.10834875115633674
Hk2,0.15645235892691953,0.2936328945534391,47,0.20975948196114708
Hlcs,-0.0666049953746531,0.6564500926349108,47,-0.19703977798334874
Hmbs,0.22814523589269195,0.12297919977700644,47,0.2127659574468085
Hmg1l1,0.23485198889916745,0.11205512955291916,47,0.1696345975948196
Hmga1,0.26318223866790014,0.07387952305781041,47,0.2724329324699353
Hmgb3,-0.05307585568917669,0.7230979587643589,47,-0.03573080481036078
Hmgcl,-0.016188714153561518,0.9139935581419688,47,-0.012604070305272894
Hmgcs1,0.2541628122109158,0.08471344009444687,47,0.39315448658649405
Hmgn1,0.008441258094357078,0.9550924654424294,47,-0.05434782608695653
Hmgn2,0.1769195189639223,0.23418366652827088,47,0.004740980573543016
Hmgn3,0.17356614246068455,0.24331162276946122,47,0.23311748381128586
Hmgn5b,0.1825855689176688,0.21929884242337241,47,0.07944033302497687
Hmox2,0.0,1.0,47,0.008788159111933395
Hnrnpa1,0.21022201665124884,0.15610130261273872,47,0.1921831637372803
Hnrnpa2b1,-0.13506012950971324,0.3653861545697033,47,-0.0748149861239593
Hnrnpa3,0.07909343200740057,0.5971764949382798,47,0.10453283996299723
Hnrnpab,0.2913968547641073,0.046891071771630446,47,0.34354764107308045
Hnrnpd,-0.164199814986124,0.27007441696896584,47,-0.08105920444033302
Hnrnpdl,0.1517113783533765,0.30868677126287375,47,0.2005087881591119
Hnrnpf,-0.04174375578168363,0.780554863781301,47,-0.03179925994449583
Hnrnph1,-0.09320074005550416,0.5332153837294895,47,-0.037580943570767814
Hnrnph2,-0.05145698427382053,0.7312225567859777,47,0.03584643848288622
Hnrnph3,-0.10349213691026828,0.4887719355465091,47,-0.01734505087881591
Hnrnpk,-0.14338575393154487,0.3362939000364355,47,-0.183163737280296
Hnrnpl,0.08140610545790936,0.5864633274489922,47,0.11829324699352453
Hnrnpll,-0.06209528214616096,0.6784046105430289,47,-0.14592969472710454
Hnrnpm,0.043537336319543124,0.77137450631223,47,0.1172559336733512
Hnrnpr,-0.2127659574468085,0.15103885576921725,47,-0.15101757631822385
Hnrnpu,0.07516188714153563,0.6155832507308739,47,0.25948196114708605
Hnrnpul1,0.05804810360777059,0.698335171744235,47,0.11366790009250695
Hnrnpul2,0.10476410730804811,0.4834162429027536,47,0.18177613320999075
Homer1,0.012025901942645698,0.9360557546530182,47,0.027289546716003702
Homer2,0.13425069380203516,0.3682932348564072,47,-0.17888529139685477
Homer3,-0.07342738205365404,0.6237796963847358,47,-0.02312673450508788
Hook1,0.21311285846438482,0.15035799888504842,47,0.3356845513413506
Hp,0.06857076780758557,0.646967812767034,47,0.06810823311748382
Hp1bp3,-0.04035615171137835,0.7876776570748508,47,-0.04567530064754857
Hpcal1,0.18085106382978725,0.22378393543984887,47,0.2541628122109158
Hprt1,0.1559898242368178,0.295080244230083,47,0.1769195189639223
Hras,0.09169750231267347,0.5398683086523102,47,0.1267345050878816
Hrc,0.09135060129509714,0.5414092789667944,47,0.018038852913968548
Hsbp1,0.02948658649398705,0.8440238618371709,47,0.01387604070305273
Hscb,0.0748149861239593,0.6172188796946316,47,0.05746993524514339
Hsd11b1,0.3822849213691027,0.008006399369094972,47,0.36979648473635524
Hsd17b10,-0.10037002775208143,0.5020475801650607,47,-0.07007400555041628
Hsd17b4,0.24444958371877892,0.09772902916051705,47,0.2106845513413506
Hsd17b8,0.22201665124884368,0.13364724185354487,47,0.21542553191489364
Hsdl1,0.15541165587419056,0.2968959137273811,47,0.13182238667900092
Hsdl2,0.24063367252543943,0.10324535317255146,47,0.13124421831637373
Hsf1,-0.13043478260869565,0.3821844483860589,47,-0.20339962997224792
Hsp90aa1,-0.0190795559666975,0.8987091839244787,47,-0.21080018501387607
Hsp90ab1,-0.056313598519889,0.7069397084622404,47,-0.010407030527289547
Hsp90b1,0.013413506012950974,0.9286955984880712,47,0.07516188714153563
Hspa12a,-0.2664199814986124,0.07026894529225444,47,-0.10083256244218315
Hspa12b,0.12465309898242369,0.40381342195584385,47,0.09736355226641999
Hspa14,0.28098982423681773,0.05571723149433064,47,0.2024745605920444
Hspa1b,-0.4350138760407031,0.0022449777005194745,47,-0.4544403330249769
Hspa1l,0.2828399629972248,0.05405726110970936,47,0.25439407955596666
Hspa2,0.03573080481036078,0.8115414039219927,47,0.03688714153561517
Hspa4,0.20248041406512618,0.17227094286343517,47,0.20363678421969572
Hspa4l,0.586031452358927,1.5051239614700532e-05,47,0.478145235892692
Hspa5,-0.036540240518038856,0.8073523570938022,47,-0.1085800185013876
Hspa8,-0.052150786308973185,0.7277369590748419,47,-0.06648936170212766
Hspa9,0.3748843663274746,0.009422913588104822,47,0.30319148936170215
Hspb1,0.020814061054579093,0.8895555990540835,47,-0.06359851988899166
Hspb2,-0.06868640148011101,0.6464117338186071,47,-0.21380666049953745
Hspb3,-0.008903792784458835,0.9526345009668193,47,0.09146623496762257
Hspb6,0.30550416281221093,0.0367755354642007,47,0.2857308048103608
Hspb7,0.22849213691026826,0.12239515803862135,47,0.13020351526364476
Hspb8,-0.11875578168362629,0.426587402294477,47,-0.18882978723404256
Hspbp1,0.032377428307123035,0.8289503755274562,47,0.06741443108233117
Hspd1,0.032030527289546716,0.8307560959838871,47,0.054232192414431085
Hspe1,0.11216466234967623,0.4528757905742464,47,-0.0704209065679926
Hsph1,-0.14292321924144313,0.3378712871135978,47,-0.18200740055504164
Htatip2,0.19576780758556891,0.18724299635222155,47,0.11493987049028678
Htatsf1,0.06117021276595745,0.6829416361414562,47,0.1229185938945421
Htra2,0.2799491211840888,0.056668842887701375,47,0.2784458834412581
Hyi,-0.20409343200740057,0.16880593557279605,47,-0.1825855689176688
Hyou1,-0.186054579093432,0.21051662422800335,47,-0.26838575393154485
Hypk,-0.1847826086956522,0.2137077598862337,47,-0.17379740980573544
Iah1,-0.2602913968547641,0.07722564584545047,47,-0.16489361702127658
Iars1,0.3250462534690102,0.02579259190320164,47,0.37025901942645695
Iars2,0.13841350601295097,0.3534906802874637,47,0.12083718778908417
Iba57,0.27220166512488436,0.06417057069752061,47,0.3200740055504163
Icoslg,0.17495374653098983,0.23950567213826432,47,0.2717391304347826
Ide,0.25624421831637373,0.08210932463373896,47,0.2185476410730805
Idh1,-0.04729417206290471,0.7522466226141569,47,-0.07273358001850139
Idh2,0.25046253469010177,0.08950187401431235,47,0.23438945420906568
Idh3a,0.23866790009250696,0.10617887759945956,47,0.22328862164662353
Idh3b,0.5291396854764108,0.00013129174205176418,47,0.3933857539315449
Idh3g,0.5660268270120259,3.3740115027705425e-05,47,0.5275208140610547
Ifi30,0.20952821461609622,0.1575033083691979,47,0.22953283996299723
Ifi35,0.19958371877890843,0.17862200699563482,47,0.11771507863089732
Ifi47,0.20906567992599445,0.15844308627897383,47,0.016188714153561518
Ifit1bl,0.19264569842738208,0.1945141660215869,47,0.27092969472710454
Ifit3,-0.22086031452358929,0.1357353681064436,47,-0.18767345050878817
Ifrd2,0.4650786308973174,0.0009884961446240661,47,0.39777983348751156
Igbp1,0.0912349676225717,0.5419234068727852,47,0.1396854764107308
Igf2r,0.3908418131359852,0.006601588505028629,47,0.2346207215541166
Igfals,0.01006012950971323,0.9464915433713946,47,0.0431313598519889
Igfbp5,0.4692414431082332,0.000877118580003269,47,0.3830943570767808
Igfbp6,0.18686401480111012,0.20850333031840415,47,0.07053654024051803
Igfn1,0.7505781683626273,1.239466893727297e-09,47,0.7214384828862165
Ighmbp2,0.027232517140112628,0.8558157816009715,47,0.07308048103607771
Igtp,0.39650786308973174,0.005793891540490304,47,0.2811054579093432
Ikbkb,0.11563367252543942,0.43893109672572705,47,0.2622571692876966
Ikbkg,-0.19056429232192415,0.19947146593406193,47,-0.13887604070305276
Il33,0.3825161887141536,0.007965277248402371,47,0.366327474560592
Ilf2,0.21658186864014803,0.14367334547583455,47,0.19021739130434784
Ilf3,-0.08950046253469011,0.5496634442585604,47,-0.056082331174838115
Ilk,0.05353839037927845,0.7207821284210403,47,0.04278445883441258
Ilkap,0.2179694727104533,0.14106206740106902,47,0.06637372802960222
Ilrun,0.30793246993524515,0.03523054593312675,47,0.23045790934320073
Ilvbl,0.06093894542090657,0.6840776316186891,47,0.0853376503237743
Immt,0.28237742830712304,0.054468467389479386,47,0.3338344125809436
Impa1,-0.13552266419981499,0.36373119928511755,47,-0.1244218316373728
Impa2,0.3679463459759483,0.010941940829328013,47,0.29232192414431085
Impact,0.07504625346901017,0.6161282559080578,47,0.037234042553191495
Impdh2,-0.02127659574468085,0.8871169941557404,47,-0.0818686401480111
Inhca,0.08337187789084183,0.5774254294081137,47,0.140263644773358
Inmt,0.020698427382053654,0.8901654089770527,47,0.03191489361702128
Inpp1,-0.2767113783533765,0.05971324084933654,47,-0.24734042553191493
Inpp4a,0.125234887739881,0.40160549777406596,47,0.15090630517132478
Inpp5k,0.06972710453283996,0.6414156394805224,47,0.04498149861239592
Inppl1,0.01191026827012026,0.9366693478691246,47,-0.0322617946345976
Insr,0.4873959296947271,0.0005114855455232412,47,0.4858926919518964
Ipo13,-0.25913506012950976,0.07859703710442383,47,-0.18004162812210917
Ipo4,-0.014222941720629047,0.9244048550037023,47,0.11540240518038854
Ipo5,-0.19137372802960223,0.1975331381596848,47,-0.056082331174838115
Ipo7,-0.14095744680851063,0.3446262955694584,47,-0.053422756706753005
Ipo9,-0.06267345050878816,0.6755746663866585,47,-0.030989824236817766
Iqgap1,-0.030180388529139686,0.8404009755138449,47,-0.14292321924144313
Iqsec1,0.055735430157261796,0.7098160089940745,47,-0.028214616096207214
Irak1,0.08348751156336726,0.5768957681474857,47,0.17738205365402407
Ireb2,-0.1637372802960222,0.27144467111342296,47,-0.15922756706753008
Irf3,0.11019888991674376,0.4608837863229923,47,0.14072617946345978
Irgm,0.18559204440333027,0.21167316000979433,47,0.07585568917668825
Irgq,-0.008094357076780759,0.9569362108843623,47,-0.07851526364477336
Irs1,0.057932469935245146,0.6989076577838949,47,0.04081868640148012
Isca1,0.3662118408880666,0.011352996085503057,47,0.37072155411655877
Isca2,0.0906567992599445,0.5444975711119119,47,0.12511563367252546
Iscu,0.28931544865864944,0.04855880524899898,47,0.2574005550416281
Ist1,0.08765032377428308,0.5579770687287291,47,0.20975948196114708
Itch,0.20455596669750237,0.16782172771778142,47,0.10164199814986126
Itfg2,0.14777983348751159,0.321537717547941,47,0.08279370952821462
Itga1,0.06521739130434782,0.6631759197539264,47,0.15298334875115635
Itga4,0.2682701202590194,0.06826943790116852,47,0.30955134135060125
Itga6,0.042321924144310824,0.7775922404331261,47,0.029139685476410732
Itga7,0.5239361702127661,0.00015706710704482422,47,0.3983580018501387
Itgav,0.13922294172062905,0.3506552128027354,47,0.05689176688251619
Itgb1,0.07203977798334875,0.6303694766441762,47,-0.11586493987049029
Itgb1bp2,0.0927382053654024,0.5352581637313827,47,0.12950971322849214
Itgb6,0.08753469010175763,0.558498625583237,47,0.06001387604070306
Itih3,0.10337650323774283,0.48926034373764676,47,0.16894079555966696
Itpa,0.057123034227567066,0.7029196777134267,47,0.09481961147086032
Itsn1,0.22224791859389453,0.13323251385750695,47,0.26422294172062905
Itsn2,-0.00046253469010175765,0.9975380602851271,47,0.01156336725254394
Ivd,0.41223404255319157,0.00398584795151195,47,0.2987974098057354
Ivns1abp,0.054116558741905636,0.7178908185534794,47,0.1669750231267345
Iws1,0.14061054579093432,0.3458269376048946,47,0.18512950971322847
Jagn1,0.011100832562442183,0.9409654983553778,47,0.08984736355226641
Jak1,-0.19784921369102684,0.18250457290827624,47,-0.08788159111933395
Jcad,0.32770582793709535,0.02453575175749904,47,0.3116327474560592
Jmjd7,0.24537465309898243,0.09642665008468572,47,0.2966003700277521
Jmy,-0.025439407955596672,0.8652186338511004,47,0.08279370952821462
Jph1,0.33048103607770585,0.02327933558897648,47,0.2830712303422757
Jph2,0.08395004625346902,0.5747793389886554,47,0.05388529139685476
Jpt1,0.15471785383903794,0.299084225277403,47,0.08718778908418132
Jpt2,0.0709990749306198,0.6353305614169465,47,0.07088344125809436
Jsrp1,0.06533302497687327,0.6626144219200962,47,-0.018038852913968548
Jup,0.05330712303422758,0.7219397358055029,47,0.15390841813135986
Kank2,0.42576318223866794,0.002847803358351023,47,0.352913968547641
Kank3,0.03688714153561517,0.8055586768616462,47,0.040124884366327475
Kars1,0.07574005550416281,0.6128613016701858,47,0.055272895467160035
Kbtbd12,-0.08163737280296024,0.5853967633608841,47,-0.08001850138760408
Kcmf1,-0.06625809435707677,0.6581290552515707,47,-0.07273358001850139
Kcnj11,0.023358001850138765,0.8761563629980397,47,0.10904255319148937
Kdsr,0.16824699352451436,0.25828032430257575,47,0.08915356151711379
Kera,-0.0349213691026827,0.8157356703016758,47,-0.028908418131359855
Khdrbs1,0.20617483811285847,0.16440979106618048,47,0.19750231267345053
Khk,0.27220166512488436,0.06417057069752061,47,0.27867715078630895
Khnyn,0.21727567067530068,0.14236326515943729,47,0.2224791859389454
Khsrp,-0.002312673450508788,0.9876907543756683,47,-0.02197039777983349
Kiaa0408L,0.3228492136910268,0.0268710086084747,47,0.22120721554116562
Kif13a,0.1299722479185939,0.3838890603061895,47,0.12430619796484736
Kif13b,-0.11291954559371542,0.4498209121249428,47,-0.15796016311419894
Kif1b,0.11979648473635522,0.4225167319239864,47,0.07400555041628122
Kif1c,0.07897779833487512,0.597714403312969,47,0.06278908418131361
Kif21a,0.07597132284921371,0.6117739623929813,47,0.08048103607770583
Kif2a,0.23762719703977797,0.10775755082494334,47,0.1414199814986124
Kif5b,0.02197039777983349,0.8834610290483199,47,0.1910268270120259
Kifbp,0.09377890841813136,0.5306672767419909,47,0.10187326549491212
Klc1,0.5637141535615171,3.691657626578912e-05,47,0.541049953746531
Klc2,-0.10314523589269195,0.49023792144027767,47,-0.12453746530989825
Klc4,0.14246068455134137,0.3394532582163113,47,0.14766419981498613
Klhdc3,0.29290009250693805,0.04571579379784877,47,0.26537927844588344
Klhl21,0.14835800185013878,0.3196270058554821,47,0.10083256244218315
Klhl22,-0.29555966697502317,0.043695245903274005,47,-0.3495605920444034
Klhl24,-0.12164662349676227,0.4153345521679069,47,-0.08649398704902868
Klhl30,0.3078168362627197,0.035302883182250853,47,0.258672525439408
Klhl31,-0.26063829787234044,0.07681792295316427,47,-0.3080481036077706
Klhl33,0.4347826086956522,0.002258549123941512,47,0.3899167437557817
Klhl40,0.5336493987049029,0.0001121338935530882,47,0.4237974098057355
Klhl41,0.14292321924144313,0.3378712871135978,47,0.21554116558741904
Klkb1,-0.0589731729879741,0.693761275033921,47,-0.05469472710453284
Kpna1,0.2841119333950046,0.052939337252847864,47,0.44784921369102687
Kpna2,0.17321924144310824,0.24426949082785998,47,0.13783533765032377
Kpna3,0.5405874190564293,8.758670029712975e-05,47,0.4625346901017577
Kpna4,0.004278445883441258,0.9772300098932729,47,0.02879278445883441
Kpna6,0.04058741905642923,0.7864893155303909,47,-0.042321924144310824
Kpnb1,0.32816836262719706,0.024322492198073677,47,0.4450740055504163
Kras,-0.16790009250693805,0.2592775064873624,47,-0.18004162812210917
Ksr1,0.2724329324699353,0.06393571339542725,47,0.24444958371877892
Ktn1,-0.2076840797606891,0.16127463783550058,47,-0.24046717364273548
Ky,0.13633209990749307,0.3608459492611192,47,0.0933163737280296
Kyat1,-0.12268732654949122,0.41132540176357607,47,-0.12407493061979649
Kyat3,0.13159111933395007,0.37794258429311944,47,0.054232192414431085
L2hgdh,0.1725254394079556,0.24619289319610782,47,0.1687095282146161
L3hypdh,-0.12257169287696579,0.4117697636925584,47,-0.1895235892691952
LOC100360057,-0.2546253469010176,0.08412924179184968,47,-0.2611008325624422
LOC100360846,0.12199352451433858,0.41399569691355054,47,0.10938945420906568
LOC100364062,0.3171831637372803,0.029826909542737614,47,0.3191489361702128
LOC108351137,0.24826549491211838,0.0924430675294159,47,0.34562904717853843
LOC298139,0.27705827937095284,0.05938091632479069,47,0.34828862164662355
LOC299282,0.5328399629972248,0.00011537275959864717,47,0.5623265494912119
LOC303448,0.020467160037002774,0.8913852168494352,47,0.07562442183163738
LOC306766,0.18085106382978725,0.22378393543984887,47,0.08822849213691025
LOC314140,-0.15194264569842741,0.3079411993218027,47,-0.12176225716928771
LOC679739,0.40819866456304704,0.0043947942549665475,47,0.3465541165587419
LOC681282,-0.10557354301572618,0.4800241707477598,47,-0.07955596669750231
LOC681410,-0.08198427382053654,0.5837985515410381,47,-0.05642923219241443
LOC684270,0.11308973172987975,0.44913376160185975,47,0.2256012950971323
LOC684509,0.04555966697502313,0.7610603427099802,47,0.07527752081406106
LOC685067,0.2687326549491212,0.0677766906419055,47,0.19449583718778907
LOC688286,0.2094125809435708,0.1577378693555627,47,0.2030527289546716
LOC690000,-0.2246762257169288,0.12893580034837612,47,-0.28318686401480114
Lactb,0.15471785383903794,0.299084225277403,47,0.1423450508788159
Lactb2,0.145004625346901,0.33080917407422217,47,0.29579093432007403
Lage3,-0.0889222941720629,0.5522551034134378,47,-0.0923913043478261
Lama2,-0.06972710453283996,0.6414156394805224,47,-0.15622109158186864
Lama4,0.2675763182238668,0.06901388929850187,47,0.16859389454209067
Lama5,0.06914893617021277,0.6441893284376369,47,0.08383441258094358
Lamb1,0.13621646623496764,0.36125727623703646,47,0.04995374653098982
Lamb2,0.20120259019426456,0.17505217369442977,47,0.1751850138760407
Lamc1,-0.0748149861239593,0.6172188796946316,47,-0.14061054579093432
Lamp1,0.06567992599444959,0.6609310284208312,47,0.009135060129509714
Lamp2,0.29729417206290476,0.042417195751037626,47,0.33371877890841817
Lamtor1,0.03295559666975023,0.8259427854169388,47,0.00797872340425532
Lamtor2,-0.0906567992599445,0.5444975711119119,47,-0.11563367252543942
Lamtor3,-0.05695123011254976,0.7037722697365925,47,-0.098927466723424
Lamtor5,0.34019426456984275,0.01929848489015066,47,0.4212534690101758
Lancl1,0.26387604070305276,0.0730937484061148,47,0.3108233117483811
Lancl2,0.14558279370952823,0.32886397417055385,47,0.06325161887141535
Lap3,0.4290009250693802,0.002622291648598239,47,0.5209296947271046
Larp1,0.15333024976873266,0.30349196729350864,47,-0.06001387604070306
Larp1b,0.10661424606845515,0.4756814293891259,47,0.1349444958371878
Larp4b,0.22074468085106386,0.13594551199311056,47,0.26954209065679924
Larp7,0.01607308048103608,0.9146056098779672,47,0.03260869565217391
Lars1,0.26075393154486587,0.07668239269213108,47,0.32666512488436633
Lars2,0.2567067530064755,0.08153924094052159,47,0.3488667900092507
Lasp1,0.21461609620721558,0.14743373123093803,47,0.05434782608695653
Lclat1,0.29116558741905646,0.04707404429910564,47,0.20640610545790933
Lcmt1,0.27890841813135986,0.057633477889007016,47,0.372109158186864
Lcp1,0.34528214616096214,0.017453631846234434,47,0.1998149861239593
Ldb3,0.06510175763182238,0.6637376004761356,47,0.06845513413506013
Ldha,0.5327243293246993,0.00011584234584716915,47,0.4303885291396855
Ldhb,-0.17032839962997226,0.2523512101799532,47,-0.06082331174838113
Ldhd,0.3866790009250694,0.007255704759291714,47,0.29255319148936176
Lemd2,-0.008094357076780759,0.9569362108843623,47,0.013182238667900092
Letm1,0.17506938020351526,0.23919035096580155,47,0.18085106382978725
Lgals1,0.18189176688251618,0.22108533704206743,47,0.12638760407030528
Lgals3,0.3696808510638298,0.0105437273649044,47,0.23600832562442187
Lgalsl,0.016188714153561518,0.9139935581419688,47,0.036540240518038856
Lhpp,0.11436170212765959,0.4440162635044039,47,0.06567992599444959
Lias,-0.058626271970397784,0.6954752337939528,47,-0.1234967622571693
Lig3,-0.20709990749306198,0.1624829245264961,47,-0.10962072155411658
Lima1,-0.16709065679925994,0.2616142736225334,47,-0.03503700277520814
Limch1,-0.01156336725254394,0.9385103441763609,47,-0.006475485661424607
Limd1,-0.09216003700277521,0.5378169867659578,47,-0.00578168362627197
Lims1,0.09678538390379278,0.5175141457745629,47,0.08418131359851988
Lims2,-0.018270120259019428,0.9029853904089717,47,-0.07527752081406106
Lin7c,0.244218316373728,0.09805673612859897,47,0.3563829787234043
Lipe,0.3107076780758557,0.033530781869336154,47,0.178422756706753
Lman1,-0.3307123034227567,0.023177115621290715,47,-0.37881591119333957
Lman2,-0.10060129509713228,0.5010579193921045,47,-0.150786308973173
Lman2l,-0.07123034227567068,0.6342267203751338,47,-0.25913506012950976
Lmcd1,0.11991211840888069,0.42206579677262385,47,0.12395929694727106
Lmna,-0.03619333950046254,0.8091470165657795,47,-0.060476410730804814
Lmnb1,0.21149398704902866,0.15355475385875111,47,0.2870027752081406
Lmnb2,0.22086031452358929,0.1357353681064436,47,0.25450971322849214
Lmo7,-0.07377428307123034,0.6221367602644027,47,-0.19449583718778907
Lmod1,0.4569842738205365,0.0012418699601453138,47,0.47641073080481033
Lmod2,0.026595744680851064,0.8591527461840867,47,-0.04428769657724329
Lmod3,0.021739130434782608,0.8846794214500923,47,0.00578168362627197
Lnpep,0.18397317298797414,0.215755953052968,47,0.24283071230342276
Lnpk,0.40749306197964846,0.004469953016705464,47,0.3681776133209991
Lonp1,0.33961609620721556,0.019518178676114533,47,0.22964847363552268
Lpcat3,0.1141304347826087,0.4449443177141847,47,0.10302960222016652
Lpgat1,-0.11736817761332101,0.4320491735526642,47,-0.2513876040703053
Lpin1,0.20871877890841814,0.15915060675075451,47,0.17946345975948197
Lpl,0.13101295097132284,0.3800600019329171,47,0.053654024051803896
Lpp,-0.07839962997224792,0.6004071295991452,47,-0.09412580943570768
Lrba,0.10592044403330249,0.47857427398687746,47,0.030874190564292324
Lrp1,-0.08649398704902868,0.5632029087340749,47,-0.14465772432932472
Lrpap1,0.1162118408880666,0.4366303892067635,47,0.03885291396854764
Lrpprc,0.33834412580943574,0.02000894297501184,47,0.22860777058279372
Lrrc14b,0.11401480111008326,0.44540874531679175,47,-0.08325624421831637
Lrrc2,0.0524976873265495,0.7259961937989374,47,0.038274745605920445
Lrrc20,0.1663968547641073,0.2636283769246491,47,0.002890841813135985
Lrrc39,0.30411655874190563,0.03768313528321865,47,0.3508325624421832
Lrrc40,0.010753931544865867,0.9428072210285338,47,0.17171600370027754
Lrrc47,-0.010638297872340425,0.9434211947203602,47,0.06406105457909343
Lrrc57,0.026364477335800184,0.8603652928043103,47,0.20594357076780762
Lrrc59,0.0043940795559666975,0.9766147728090515,47,0.011100832562442183
Lrrfip1,0.41905642923219244,0.0033700077528645562,47,0.35418593894542094
Lrrfip2,0.4486586493987049,0.0015614192611078123,47,0.5078630897317299
Lrrn4cl,0.125,0.40249606731316806,47,0.09586031452358927
Lrsam1,-0.04197502312673451,0.7793694424339963,47,-0.051341350601295105
Lsm12,0.1414199814986124,0.34302944201861507,47,0.046831637372802964
Lsm14a,0.08759503920864253,0.5582263969834586,47,0.21404411561082157
Lsm14b,-0.025439407955596672,0.8652186338511004,47,0.0853376503237743
Lsm2,0.04070305272895468,0.7858953247240805,47,-0.005434782608695652
Lsm3,-0.10811748381128584,0.4694455185096089,47,-0.15367715078630897
Lsm4,0.024745605920444034,0.8688618758686694,47,0.030989824236817766
Lsm6,-0.10603607770582796,0.47809148930233164,47,-0.09643848288621648
Lsm7,-0.13425069380203516,0.3682932348564072,47,-0.18200740055504164
Lsm8,0.08337187789084183,0.5774254294081137,47,0.23785846438482888
Lsmem1,0.3567298797409805,0.013841923393817113,47,0.34609158186864014
Lta4h,0.009366327474560593,0.9501769717615748,47,0.05561979648473635
Ltbp4,-0.0660268270120259,0.6592492905239828,47,-0.16616558741905643
Ltn1,0.23485198889916745,0.11205512955291916,47,0.15587419056429233
Luc7l2,0.02312673450508788,0.8773731164378819,47,-0.09759481961147086
Luc7l3,-0.0234736355226642,0.8755480921395252,47,0.008903792784458835
Lum,-0.47490749306197966,0.0007435936234594238,47,-0.4656567992599445
Luzp1,0.03503700277520814,0.8151361740758841,47,-0.0316836262719704
Lxn,0.2743987049028677,0.061967000559255726,47,0.3910730804810361
Ly6e,0.183163737280296,0.21781776596287852,47,0.24629972247918594
Lyar,0.1663968547641073,0.2636283769246491,47,0.03573080481036078
Lyn,-0.10557354301572618,0.4800241707477598,47,-0.08406567992599445
Lynx1,-0.3821692876965772,0.008027029198697808,47,-0.38135985198889916
Lypla1,-0.21207215541165592,0.15240737435687657,47,-0.12176225716928771
Lypla2,-0.02104532839962997,0.8883361689574312,47,0.0027752081406105457
Lyrm1,-0.1778445883441258,0.2317074220240315,47,-0.16269657724329326
Lyrm4,0.20224329324699353,0.17278461645982895,47,0.23115171137835336
Lyrm7,-0.11528677150786311,0.44031474465986814,47,-0.11771507863089732
Lysmd2,0.07076780758556893,0.6364351860521886,47,0.13887604070305276
Lyve1,0.1706753006475486,0.2513720106900174,47,0.12072155411655874
Lzic,0.1502081406105458,0.31356107137254163,47,0.15309898242368178
Lztfl1,-0.35800185013876046,0.013483147429769587,47,-0.37291859389454207
M6pr,-0.1672062904717854,0.2612795915284196,47,-0.17079093432007403
MGC94207,0.19611470860314525,0.18644722485643372,47,0.15148011100832562
Macf1,0.19611470860314525,0.18644722485643372,47,0.13771970397779834
Macrod1,-0.018963922294172063,0.8993198994668237,47,0.01387604070305273
Macroh2a1,-0.0322617946345976,0.8295521858099096,47,0.0030064754856614245
Mad1l1,0.04845050878815912,0.7463880252162522,47,0.03919981498612396
Maea,0.2068746206524904,0.162950660635031,47,0.08591830248451669
Magix,0.23392691951896394,0.11351630177971214,47,0.25890379278445885
Magoh,0.035268270120259015,0.8139374956291402,47,-0.036540240518038856
Maip1,0.1272007170026492,0.39419702801102424,47,0.20878263140753014
Man2a2,0.028908418131359855,0.8470453745561374,47,-0.014454209065679928
Man2c1,-0.14997687326549491,0.3143152832579058,47,-0.22120721554116562
Manf,-0.17287234042553193,0.24522991384976864,47,-0.29174375578168366
Maoa,0.0012719703977798337,0.9932297339051008,47,0.01006012950971323
Maob,-0.07828399629972249,0.6009463101150685,47,-0.14558279370952823
Map1a,0.632631822386679,1.8349162900147382e-06,47,0.5357308048103608
Map1b,0.49988436632747457,0.0003467601333059938,47,0.5922756706753007
Map1s,0.3857539315448659,0.007408464207079375,47,0.2417900092506938
Map2k1,0.17981036077705828,0.22650520705179603,47,0.208950046253469
Map2k2,0.10464847363552267,0.4839018486574667,47,0.11019888991674376
Map2k3,0.013182238667900092,0.9299218985352457,47,0.06648936170212766
Map2k4,0.08811285846438482,0.555893133509144,47,0.09678538390379278
Map2k6,0.057354301572617956,0.7017725645785243,47,0.008441258094357078
Map2k7,-0.3026133209990749,0.038687061600906396,47,-0.24838112858464384
Map3k20,0.2740518038852914,0.06231085360909644,47,0.342622571692877
Map3k7cl,0.37395929694727104,0.009614316043566079,47,0.23172987974098058
Map4,-0.00797872340425532,0.957550842644836,47,-0.14246068455134137
Map4k4,0.5227798334875116,0.00016338563537980562,47,0.4691258094357077
Map4k5,0.04417206290471786,0.7681330139766267,47,0.05920444033302498
Map6,-0.015494912118408883,0.9176665955308388,47,0.2036308973172988
Map7d1,0.3156799259944496,0.030654936947543534,47,0.35811748381128583
Map7d2,0.48947733580018504,0.00047989308384856016,47,0.3519888991674376
Mapk1,0.35696114708603144,0.013776092308940849,47,0.2429463459759482
Mapk12,0.2277983348751156,0.1235653420198788,47,0.21577243293246995
Mapk14,0.3996299722479186,0.005386734031650944,47,0.4054116558741906
Mapk3,0.1341350601295097,0.3687096644542534,47,0.06926456984273821
Mapk9,-0.0709990749306198,0.6353305614169465,47,-0.0190795559666975
Mapkapk2,0.17298797409805736,0.24490948887314337,47,0.16408418131359853
Mapkapk3,-0.3190333024976874,0.028833384182838165,47,-0.3116327474560592
Mapre1,-0.011216466234967623,0.9403516581027183,47,0.1290471785383904
Mapre3,0.19831174838112858,0.18146336152566275,47,0.2185476410730805
Mapt,0.23751156336725257,0.10793406136157155,47,0.3013413506012951
Marchf5,0.015784908959603536,0.916131120642924,47,0.023936862199589442
Marchf7,-0.00786308973172988,0.9581654987911336,47,-0.1332099907493062
Marcks,0.3301341350601295,0.02343337430196154,47,0.34620721554116557
Mark2,0.07296484736355227,0.6259730926786798,47,-0.01722941720629047
Mark3,0.16836262719703976,0.2579485018935239,47,0.22409805735430158
Mars1,-0.11274283071230343,0.4505350323042558,47,0.008903792784458835
Masp1,-0.019195189639222943,0.8980985263380148,47,-0.03249306197964848
Mast2,-0.10245143385753931,0.4931767336635877,47,-0.11667437557816837
Mat2a,0.10453283996299723,0.4843877099563928,47,0.0437095282146161
Mat2b,-0.286308973172988,0.05105238919952712,47,-0.2918593894542091
Matr3,0.12800647548566144,0.39118367266704845,47,0.027173913043478264
Mavs,-0.08024976873265495,0.591809155015914,47,-0.015379278445883443
Mb,0.25219703977798336,0.08723172688815832,47,0.2765957446808511
Mb21d2,-0.2658418131359852,0.07090322192520346,47,-0.2711609620721554
Mbd3,0.14777983348751159,0.321537717547941,47,0.039546716003700286
Mblac1,0.1637372802960222,0.27144467111342296,47,0.14662349676225717
Mbnl1,0.32400555041628126,0.02629882559993784,47,0.3280527289546716
Mboat7,-0.053899322985825435,0.7189767179250072,47,-0.04885395256934406
Mbp,-0.13598519888991675,0.36208078200714,47,-0.006475485661424607
Mcam,-0.07412118408880666,0.6204956410375126,47,-0.05596669750231268
Mcat,0.16165587419056432,0.2776676752913255,47,0.3344125809435708
Mccc1,0.21288159111933397,0.15081165174552116,47,0.1651248843663275
Mccc2,-0.10546095809674189,0.4804952240861463,47,-0.10389985838807302
Mcee,0.5778214616096208,2.1097656721499028e-05,47,0.5623265494912119
Mcfd2,0.07030527289546716,0.638646777999556,47,0.23670212765957446
Mcpt1l1,0.25751618871415355,0.08054906546657681,47,0.2888529139685476
Mcrip1,-0.018617021276595747,0.9011523903681632,47,-0.008788159111933395
Mcrip2,0.24254863992096068,0.10044790012844063,47,0.21345975948196116
Mcts1,0.018963922294172063,0.8993198994668237,47,0.06683626271970398
Mcu,0.23184551341350604,0.11685690776352169,47,0.19345513413506016
Mdga1,-0.09944495837187789,0.5060161934447862,47,0.07065217391304349
Mdh1,0.3987049028677151,0.00550468762656541,47,0.3671369102682701
Mdh2,0.5130666049953747,0.00022630332018038613,47,0.4344357076780759
Mdp1,-0.042437557816836266,0.7770000890369874,47,0.0010407030527289547
Me1,0.5521507863089732,5.731807859970676e-05,47,0.4879740980573543
Me2,0.19657724329324702,0.18538995609089168,47,0.038159111933395
Me3,0.5331868640148012,0.00011397438313739966,47,0.4853145235892692
Meak7,0.06521739130434782,0.6631759197539264,47,0.10684551341350601
Mecp2,0.016651248843663275,0.9115458474552134,47,0.03503700277520814
Mecr,0.4188251618871416,0.003389426386635662,47,0.3181082331174838
Mef2d,-0.045790934320074,0.759883420256125,47,-0.08834412580943572
Memo1,-0.05272895467160037,0.7248364422399164,47,0.000578168362627197
Mesd,0.17055966697502312,0.2516981255277921,47,0.10927382053654025
Metap1,0.06903330249768733,0.6447446427043333,47,0.10487974098057354
Metap1d,0.04544403330249769,0.7616490045130893,47,0.08059666975023128
Metap2,-0.20975948196114708,0.15703495263282705,47,-0.18200740055504164
Mettl1,0.1162118408880666,0.4366303892067635,47,-0.05538852913968548
Mettl13,0.3526827012025902,0.015038148815131661,47,0.19888991674375578
Mettl21c,0.08140610545790936,0.5864633274489922,47,0.021160962072155412
Mettl22,-0.11332099907493062,0.4482009100461478,47,-0.12176225716928771
Mettl26,-0.04590656799259945,0.7592951602253526,47,-0.029949121184088805
Mettl27,0.22120721554116562,0.13510639069685776,47,0.21473172987974098
Mettl7a,0.19750231267345053,0.1832882851339428,47,0.18281683626271975
Mfap2,-0.12129972247918595,0.41667587563294306,47,-0.004509713228492137
Mfap5,-0.17923737395827843,0.2280131719431548,47,-0.2702358926919519
Mff,0.22224791859389453,0.13323251385750695,47,0.2467622571692877
Mfge8,0.2503469010175763,0.08965483590494466,47,0.23115171137835336
Mfn1,0.2687326549491212,0.0677766906419055,47,0.18200740055504164
Mfn2,0.27567067530064754,0.060719165009605135,47,0.22502312673450509
Mgll,0.11574930619796485,0.43847041766734096,47,0.08337187789084183
Mgp,0.00011563367252543941,0.9993845141865848,47,0.035962072155411653
Mgst3,0.6007169287696579,8.036112760579114e-06,47,0.5877659574468086
Mia2,0.00786308973172988,0.9581654987911336,47,0.05989824236817761
Mia3,0.1646092915029738,0.26886517858329173,47,0.16385291396854768
Mib1,-0.009019426456984274,0.9520200769785501,47,-0.02393617021276596
Mib2,0.17946345975948197,0.22741734469206112,47,0.17957909343200743
Micall1,0.027520814061054583,0.8543057955785395,47,-0.011794634597594821
Micos10,0.2068686401480111,0.16296309059404407,47,0.1053422756706753
Micos13,0.384481961147086,0.007623054063029911,47,0.386563367252544
Micu1,-0.020814061054579093,0.8895555990540835,47,-0.030874190564292324
Micu2,-0.19241443108233117,0.19506062254435835,47,-0.0704209065679926
Micu3,0.12557816836262722,0.4003060173329749,47,0.16165587419056432
Mid1,0.18548177279295397,0.21194954023946058,47,0.2079093432007401
Mief1,0.03839037927844589,0.7977975920733222,47,0.027636447733580018
Mief2,0.1299722479185939,0.3838890603061895,47,0.19079555966697503
Mien1,0.1261563367252544,0.3981229032908533,47,0.15217391304347827
Mif,-0.13887604070305276,0.35186870259000613,47,-0.0889222941720629
Mindy1,-0.14801110083256244,0.320772569920565,47,-0.14616096207215543
Mindy2,0.16223404255319152,0.2759297254064105,47,0.16743755781683625
Mink1,0.14743293246993525,0.32268759599100383,47,0.2106845513413506
Minpp1,0.11586493987049029,0.43801000726766254,47,0.03376503237742831
Mios,-0.18200740055504164,0.2207868901461725,47,-0.2431776133209991
Mipep,0.24595282146160963,0.09561950165082732,47,0.3325624421831638
Mix23,0.06672062904717854,0.6558908102320286,47,0.15622109158186864
Mkln1,0.09343200740055506,0.5321954240630902,47,0.07215541165587419
Mknk1,0.333950046253469,0.021785115318858708,47,0.42160037002775214
Mknk2,0.3016882516188714,0.039315701711985195,47,0.43859851988899173
Mkrn2,0.21831637372802962,0.14041479031576026,47,0.1396854764107308
Mlf1,0.39616096207215545,0.005840744397783404,47,0.2777520814061055
Mlf2,-0.20063022181781492,0.1763083972234709,47,-0.17316643064678836
Mlip,0.3330249768732655,0.022175463280140938,47,0.29694727104532836
Mlst8,-0.09632284921369104,0.5195270381551462,47,-0.05180388529139686
Mlxip,0.21993524514338578,0.1374233200493221,47,0.27520814061054577
Mlycd,-0.08325624421831637,0.5779553118205354,47,-0.13552266419981499
Mmaa,0.03839037927844589,0.7977975920733222,47,0.08649398704902868
Mmab,0.1963459759481961,0.18591805368412903,47,0.11956521739130434
Mmgt1,0.122109158186864,0.41354996078567524,47,0.11066142460684553
Mmp2,0.3951202590194265,0.005983288071442499,47,0.37962534690101757
Mmrn2,0.4101526364477336,0.004192406832336362,47,0.46901017576318227
Mms19,-0.0071692876965772446,0.961853928027632,47,0.15159574468085107
Mmut,-0.020699025766794735,0.8901622531516913,47,-0.026133209990749307
Mnat1,0.23450508788159113,0.11260138024016919,47,0.17830712303422758
Mnda,0.22271045328399633,0.13240594607874487,47,0.1540240518038853
Mob1a,-0.2156630338272189,0.1454220677679444,47,-0.12095282146160963
Mob2,0.02983348751156337,0.8422120152537553,47,0.03734967622571692
Mob4,-0.18917668825161885,0.20282547552097285,47,-0.11077705827937095
Mocs2,0.2860777058279371,0.05124841603514018,47,0.38644773358001844
Mocs3,0.2609851988899167,0.0764118972266017,47,0.2027058279370953
Mogs,0.20767807585568918,0.16128702271565884,47,0.15714616096207215
Mon1a,-0.3501387604070305,0.015834209793503893,47,-0.318686401480111
Mon2,-0.12846901017576318,0.3894600198848182,47,-0.20316836262719704
Mospd1,0.47571692876965777,0.0007260871538387915,47,0.4725948196114708
Mpc1,0.2335800185013876,0.11406796369738047,47,0.19495837187789086
Mpc2,-0.00393154486586494,0.9790757982636723,47,-0.024283071230342276
Mpi,-0.17391304347826086,0.242356308290341,47,-0.2446808510638298
Mpp3,0.32134597594819614,0.02763033522549147,47,0.2614477335800185
Mpp7,0.06383163253223852,0.669919085698428,47,-0.03688714153561517
Mprip,0.11725254394079557,0.4325060807150241,47,-0.04567530064754857
Mpst,0.20513413506012948,0.1665973313164787,47,0.2000462534690102
Mpv17,0.03919981498612396,0.7936264803382543,47,0.04324699352451434
Mpz,-0.05758556891766882,0.7006261076820602,47,0.02590194264569843
Mrc1,0.20860314523589274,0.15938695938418393,47,-0.06556429232192415
Mre11,0.12465309898242369,0.40381342195584385,47,0.18813598519888994
Mri1,-0.12488436632747456,0.40293490865162424,47,-0.17680388529139685
Mrm3,-0.10222016651248844,0.4941583598434698,47,-0.11864014801110083
Mrpl1,0.0933163737280296,0.5327052845436624,47,0.1423450508788159
Mrpl10,0.15575855689176688,0.2958056476814156,47,0.18940795559666979
Mrpl12,0.3470166512488437,0.01685986629685539,47,0.3008788159111933
Mrpl13,0.3007631822386679,0.03995269622456165,47,0.34100370027752086
Mrpl14,0.018848288621646624,0.8999306726189984,47,0.05319148936170213
Mrpl15,0.11725254394079557,0.4325060807150241,47,0.06868640148011101
Mrpl16,0.4601063829787234,0.001137987829816025,47,0.3376503237742831
Mrpl17,0.31290471785383905,0.03223370635138919,47,0.18998612395929698
Mrpl18,0.20640610545790933,0.16392652290479692,47,0.24595282146160963
Mrpl19,-0.1011823885248346,0.4985756649230563,47,-0.1071955133285962
Mrpl2,0.11806197964847363,0.4293134105892812,47,-0.02104532839962997
Mrpl20,0.11574930619796485,0.43847041766734096,47,0.12129972247918595
Mrpl21,0.33371877890841817,0.02188215663779274,47,0.2351988899167438
Mrpl22,-0.09111933395004626,0.5424377700206938,47,-0.051572617946345975
Mrpl23,-0.28480573543015725,0.05233747250289201,47,-0.17911655874190563
Mrpl27,-0.05770120259019427,0.7000531260377755,47,0.005319148936170213
Mrpl28,-0.15425531914893617,0.3005488623871983,47,-0.1085800185013876
Mrpl3,0.334990749306198,0.02135289471453137,47,0.23774283071230343
Mrpl30,0.20027752081406106,0.17708572478337084,47,0.12395929694727106
Mrpl32,-0.056313598519889,0.7069397084622404,47,-0.09898242368177614
Mrpl37,0.13517576318223867,0.36497199050863993,47,0.06267345050878816
Mrpl38,0.294981498612396,0.044128179542616525,47,0.36332099907493065
Mrpl39,0.16466234967622573,0.2687087540397693,47,0.08903792784458836
Mrpl4,0.36840888066605,0.010834508459533728,47,0.2822617946345976
Mrpl40,0.424722479185939,0.0029238349390256573,47,0.4499306197964847
Mrpl41,0.1314754856614246,0.37836550509539096,47,0.11170212765957446
Mrpl42,0.15067067530064754,0.3120561028685701,47,0.22953283996299723
Mrpl43,0.23196114708603147,0.11666938365971667,47,0.12476873265494912
Mrpl44,0.26329787234042556,0.07374809931090844,47,0.18697964847363552
Mrpl45,0.14789546716003701,0.3211549999214248,47,0.199468085106383
Mrpl46,0.15830249768732654,0.2878895844371217,47,0.012835337650323776
Mrpl47,-0.05018501387604071,0.7376267176529941,47,-0.09863552266419984
Mrpl48,0.029255319148936174,0.8452322033395947,47,0.007516188714153562
Mrpl49,0.09354764107308049,0.5316858024768572,47,0.10048566142460685
Mrpl50,-0.008672525439407955,0.9538634302045403,47,-0.0017345050878815912
Mrpl53,-0.041281221091581874,0.7829271831009543,47,0.0009250693802035153
Mrpl54,-0.17287234042553193,0.24522991384976864,47,-0.08684088806660499
Mrpl55,0.13344125809435708,0.3712141812945526,47,0.16743755781683625
Mrpl57,0.23681776133209992,0.10899777216671583,47,0.2590194264569843
Mrpl58,0.07296484736355227,0.6259730926786798,47,-0.10487974098057354
Mrps11,0.23612395929694727,0.11006947456675706,47,0.2985661424606846
Mrps12,0.4850832562442184,0.0005487740691816531,47,0.47005087881591123
Mrps14,0.063945420906568,0.6693644075412288,47,0.2217853839037928
Mrps15,0.3378815911193339,0.02018996344267212,47,0.3175300647548566
Mrps16,0.36979648473635524,0.010517628398589452,47,0.3346438482886217
Mrps17,-0.245259019426457,0.09658870988873619,47,-0.16154024051803886
Mrps18a,0.14754856614246067,0.322304015602116,47,0.08730342275670674
Mrps18b,0.26896392229417204,0.0675313791103011,47,0.31336725254394077
Mrps2,0.28295559666975023,0.053954851617767245,47,0.33233117483811286
Mrps21,0.19241443108233117,0.19506062254435835,47,0.2615633672525439
Mrps22,0.3130203515263645,0.03216660637858278,47,0.13135985198889918
Mrps23,0.1824699352451434,0.21959589397477938,47,0.08244680851063829
Mrps24,0.32053654024051803,0.02804655384305854,47,0.4490055504162812
Mrps25,-0.054463459759481955,0.7161579017004726,47,-0.11528677150786311
Mrps26,0.05816373728029602,0.6977628514756187,47,0.042321924144310824
Mrps27,0.2126503237742831,0.15126631169437693,47,0.19819611470860315
Mrps30,0.34401017576318227,0.017900233491774168,47,0.27948658649398705
Mrps31,0.23681776133209992,0.10899777216671583,47,0.2712765957446809
Mrps33,0.13367252543940797,0.37037821147142924,47,0.12546253469010177
Mrps34,0.21727567067530068,0.14236326515943729,47,0.2635291396854764
Mrps35,0.4450740055504163,0.0017201836087223032,47,0.2883903792784459
Mrps36,0.4231036077705828,0.0030456647144995745,47,0.3858695652173913
Mrps5,0.5446345975948196,7.564041353030549e-05,47,0.4280758556891767
Mrps6,0.006591119333950046,0.9649282250179284,47,0.24040240518038855
Mrps7,0.342622571692877,0.018398427623602435,47,0.2962534690101758
Mrps9,0.38413506012950976,0.007682504473854365,47,0.34805735430157264
Mrrf,0.11921831637372803,0.42477549449513496,47,0.06487049028677151
Msi2,-0.14153561517113786,0.34263094362287616,47,-0.11401480111008326
Msn,0.08175300647548567,0.5848638079557877,47,0.012141535615171138
Msra,-0.04532839962997225,0.7622377996199787,47,-0.06290471785383904
Msrb2,-0.10060129509713228,0.5010579193921045,47,-0.1265032377428307
Msrb3,0.3301341350601295,0.02343337430196154,47,0.20617483811285847
Mss51,0.13852913968547642,0.35308475836128567,47,-0.0025439407955596674
Mstn,0.477104532839963,0.0006969346253657609,47,0.4557123034227568
Mt-atp8,0.17807585568917672,0.23109117837463986,47,0.049028677150786314
Mt-co2,0.19472710453283998,0.18964484230816497,47,0.06036077705827937
Mt-nd1,0.2572849213691027,0.08083100497075162,47,0.17911655874190563
Mt-nd2,0.0753931544865865,0.6144938550179151,47,0.06313598519888992
Mt-nd3,0.1015263644773358,0.49710928661858117,47,0.04544403330249769
Mt-nd4,0.1628122109158187,0.27419895984763737,47,0.10522664199814986
Mt-nd5,0.21010638297872342,0.1563343327486953,47,0.06093894542090657
Mt2A,-0.17495374653098983,0.23950567213826432,47,-0.11655874190564293
Mta1,-0.09204440333024977,0.5383294625275986,47,-0.14673913043478262
Mta2,0.33834412580943574,0.02000894297501184,47,0.13667900092506938
Mtap,-0.10834875115633674,0.46849003974391923,47,-0.013529139685476409
Mtarc2,0.30989824236817765,0.03401939466751977,47,0.32354301572617944
Mtch2,0.14558279370952823,0.32886397417055385,47,0.11540240518038854
Mtdh,-0.11910268270120258,0.4252280636234437,47,-0.20027752081406106
Mtfp1,0.4842738205365403,0.0005623917469542857,47,0.42749768732654947
Mtfr1l,-0.31204648621058995,0.032735351449902056,47,-0.31833950046253473
Mtg1,0.2475716928769658,0.09338727801679338,47,0.17761332099907493
Mthfd1,0.13159111933395007,0.37794258429311944,47,0.12823774283071232
Mthfs,0.1898704902867715,0.20114354341976892,47,0.2622571692876966
Mthfsd,-0.09620721554116558,0.5200308704669784,47,-0.15564292321924145
Mtif2,0.24572155411655874,0.09594173155223591,47,0.22375115633672524
Mtif3,-0.1672062904717854,0.2612795915284196,47,-0.03307123034227567
Mtm1,0.17449121184088806,0.24076978827919288,47,0.11574930619796485
Mtmr1,0.3157955596669751,0.030590572747099882,47,0.323427382053654
Mtmr2,0.286837616840974,0.050606577801821095,47,0.4030528173752126
Mtmr6,0.34239130434782605,0.018482589251656432,47,0.34458834412580946
Mtmr9,0.15853376503237745,0.28717685450807,47,0.0927382053654024
Mtor,-0.02971785383903793,0.8428158749120465,47,-0.029139685476410732
Mtpap,0.16246530989824237,0.27523655722012236,47,0.01561054579093432
Mtpn,0.25046253469010177,0.08950187401431235,47,0.13737280296022203
Mtr,0.27162349676225717,0.06476072518466637,47,0.2628353376503238
Mtres1,0.10141073080481036,0.49760198807278555,47,0.22375115633672524
Mtrex,0.04949121184088807,0.7411273599620365,47,0.2476873265494912
Mtrf1,-0.13806660499537465,0.3547101554120364,47,-0.20131822386679005
Mtrr,0.06880203515263644,0.6458558456529878,47,0.20282146160962072
Mtx1,0.0912349676225717,0.5419234068727852,47,0.15922756706753008
Mtx2,0.2156567992599445,0.1454339869098319,47,0.15795559666975023
Mtx3,-0.009597594819611472,0.948948377427092,47,-0.07342738205365404
Mul1,-0.05145698427382053,0.7312225567859777,47,-0.02312673450508788
Mustn1,0.6335568917668825,1.7536333634491426e-06,47,0.5518038852913969
Mvb12b,0.16211840888066603,0.27627674054889906,47,0.06117021276595745
Mvk,0.2801803885291397,0.05645625243019639,47,0.25774745605920446
Mvp,0.3192645698427382,0.028711151816245787,47,0.30758556891766886
Myadm,0.05816373728029602,0.6977628514756187,47,0.05689176688251619
Mybbp1a,0.0551572617946346,0.7126963102722561,47,0.02497687326549491
Mybpc1,0.07365864939870491,0.6226842040881366,47,0.091581868640148
Mybpc2,0.27416743755781686,0.062196066907103546,47,0.2552035152636448
Mybph,0.19079555966697503,0.19891629334927688,47,0.12835337650323775
Mycbp,0.21635060129509714,0.1441120178616311,47,0.18651711378353378
Mydgf,-0.21704440333024977,0.1427989702034175,47,-0.20201202590194264
Myef2,-0.04428769657724329,0.7675429029457128,47,0.0725023126734505
Myg1,-0.07458371877890842,0.6183103197748898,47,-0.10719241443108232
Myh10,0.2145004625346901,0.14765717234414208,47,0.22120721554116562
Myh11,0.24098057354301575,0.1027341987151552,47,0.11632747456059205
Myh14,0.1909111933395005,0.19863911663378428,47,0.31278908418131357
Myh3,0.008556891766882516,0.9544779347495915,47,-0.02555504162812211
Myh4,0.2835337650323774,0.05344514841255003,47,0.3408880666049954
Myh6,0.008441258094357078,0.9550924654424294,47,-0.06036077705827937
Myh7,-0.14858926919518964,0.31886473493757356,47,-0.11320536540240518
Myh7b,0.05030064754856614,0.7370437859690941,47,0.10672987974098058
Myh8,-0.04845190947646366,0.7463809371146456,47,-0.008904050190185446
Myl1,-0.12314986123959297,0.4095507063354225,47,-0.10337650323774283
Myl12a,-0.04185938945420906,0.7799620913173864,47,-0.005434782608695652
Myl2,0.0660268270120259,0.6592492905239828,47,-0.025092506938020356
Myl3,-0.05307585568917669,0.7230979587643589,47,-0.09840425531914894
Myl4,-0.11887141535615171,0.42613401763174413,47,-0.13876040703052728
Myl9,0.1244218316373728,0.4046930421610909,47,-0.0196577243293247
Mylk,0.15379278445883443,0.30201810974300647,47,0.07886216466234967
Mylk2,0.6798103607770584,1.480370630366628e-07,47,0.6081174838112859
Mylpf,0.06278908418131361,0.6750092072655668,47,0.056082331174838115
Myo18a,0.3326780758556892,0.022323350821865994,47,0.33163737280296024
Myo18b,0.02104532839962997,0.8883361689574312,47,-0.10777058279370952
Myo1b,0.2162349676225717,0.14433172571263997,47,0.1774976873265495
Myo1c,-0.0836031452358927,0.5763663282571879,47,-0.050069380203515264
Myo1d,0.21392229417206293,0.14877812970465165,47,0.20120259019426456
Myo1e,0.12049028677150787,0.41981521365263774,47,0.053769657724329324
Myo6,-0.08649398704902868,0.5632029087340749,47,-0.12361239592969474
Myoc,0.10568917668825163,0.4795406148601297,47,0.11343663274745605
Myof,0.11332099907493062,0.4482009100461478,47,0.06475485661424607
Myom1,-0.0012719703977798337,0.9932297339051008,47,-0.022432932469935246
Myom2,0.01399167437557817,0.9256305702228261,47,-0.08707215541165589
Myom3,-0.2508094357076781,0.08904420633387236,47,-0.20120259019426456
Myorg,0.12916281221091583,0.3868829277015138,47,0.14893617021276598
Myot,0.109736355226642,0.4627790712012288,47,0.13922294172062905
Myoz1,0.1320536540240518,0.3762537167774177,47,0.15356151711378355
Myoz2,0.07053654024051803,0.6375405922562165,47,0.013297872340425532
Myoz3,-0.08082793709528216,0.5891335379884639,47,-0.12985661424606845
Mypn,0.21704440333024977,0.1427989702034175,47,0.14188251618871417
N4bp1,0.02983348751156337,0.8422120152537553,47,-0.03665587419056429
N6amt1,0.05561979648473635,0.7103917503486342,47,0.006244218316373728
Naa10,-0.21785383903792782,0.14127831809312522,47,-0.2601757631822387
Naa15,0.03411193339500462,0.8199350439821326,47,0.09759481961147086
Naa16,0.12303422756706754,0.4099939671567277,47,0.12326549491211843
Naa20,-0.1675531914893617,0.26027726189784467,47,-0.08984736355226641
Naa25,0.15182701202590196,0.30831384126012085,47,0.27809898242368175
Naa30,0.04706290471785384,0.7534200108102221,47,-0.0425531914893617
Naa35,0.18848288621646622,0.20451728128765914,47,0.22814523589269195
Naa50,-0.10765494912118409,0.4713595949577569,47,0.008903792784458835
Naca,0.3363783533765033,0.02078784205934479,47,0.3204209065679926
Nadk2,0.04428769657724329,0.7675429029457128,47,-0.11528677150786311
Nadsyn1,-0.2723172987974098,0.06405305617785095,47,-0.21137835337650326
Nae1,0.17287234042553193,0.24522991384976864,47,0.26121646623496764
Naga,0.16535615171137835,0.2666688642170838,47,0.13367252543940797
Nagk,-0.06961147086031452,0.6419699920984941,47,-0.0836031452358927
Nampt,0.2185476410730805,0.13998450005186094,47,0.17009713228492138
Nanp,0.16385291396854768,0.27110167705546573,47,0.10083256244218315
Nans,0.33290934320074006,0.0222246673985761,47,0.260522664199815
Nap1l1,0.001156336725254394,0.9938452002554498,47,0.24502775208140612
Nap1l4,-0.0524976873265495,0.7259961937989374,47,-0.1314754856614246
Napa,0.3967391304347826,0.005762838453267143,47,0.42622571692876965
Napg,0.006591119333950046,0.9649282250179284,47,0.011216466234967623
Naprt,0.24283071230342276,0.10004081930505912,47,0.29290009250693805
Narf,-0.10117946345975948,0.4985881440714257,47,-0.0583950046253469
Nars1,0.2030527289546716,0.17103568880694392,47,0.24098057354301575
Nars2,-0.13691026827012026,0.358793575623098,47,-0.1423450508788159
Nat1,-0.1758788159111933,0.23699102460872612,47,-0.16443108233117484
Naxd,-0.05469472710453284,0.7150034074585047,47,-0.07388991674375579
Naxe,0.23277058279370955,0.11536310287065822,47,0.31880203515263644
Nbas,-0.06845513413506013,0.6475240822393594,47,-0.08660962072155412
Ncam1,0.10106382978723405,0.49908159828648513,47,0.042321924144310824
Ncbp1,0.14858926919518964,0.31886473493757356,47,0.07909343200740057
Ncdn,-0.0034690101757631825,0.9815370161672291,47,0.015494912118408883
Nceh1,0.1311285846438483,0.37963595581838555,47,0.08834412580943572
Nck1,-0.10788621646623497,0.4704020372971443,47,-0.0666049953746531
Nck2,0.30388529139685483,0.03783617681722389,47,0.299722479185939
Nckap1,0.014916743755781685,0.9207287608541542,47,-0.06117021276595745
Nckipsd,0.053769657724329324,0.7196251389675863,47,-0.10800185013876042
Ncl,0.07203977798334875,0.6303694766441762,47,0.2358926919518964
Ncln,0.09528214616096208,0.5240702735059999,47,-0.0012719703977798337
Nde1,0.12407493061979649,0.40601454631515166,47,0.09505087881591119
Ndrg1,-0.07493061979648474,0.6166734656433616,47,0.054925994449583716
Ndrg2,-0.13124421831637373,0.3792121909274003,47,-0.1314754856614246
Ndufa1,0.12187789084181314,0.414441707586095,47,0.2000462534690102
Ndufa11,0.16894079555966696,0.2562936755105039,47,0.07631822386679
Ndufa12,0.21692876965772434,0.14301719317092543,47,0.07169287696577244
Ndufa13,0.1167900092506938,0.43433640995906286,47,0.143154486586494
Ndufa2,0.45686864014801104,0.0012458748275735048,47,0.4148936170212766
Ndufa3,0.21600370027752083,0.1447718854015914,47,0.16882516188714156
Ndufa4,0.3878353376503238,0.00706860084525039,47,0.3648242368177613
Ndufa5,0.1948427382053654,0.18937689266483065,47,0.19588344125809434
Ndufa6,0.3358001850138761,0.02102173136296511,47,0.25948196114708605
Ndufa7,0.37472174858825896,0.009456320360879794,47,0.3685245143385754
Ndufa8,0.5050878815911194,0.0002936069222948172,47,0.38876040703052733
Ndufa9,0.3519888991674376,0.015251803190207266,47,0.27879278445883443
Ndufab1,0.3458603145235893,0.017253772446498606,47,0.3356845513413506
Ndufaf1,0.1722991530308612,0.2468224307762595,47,0.18975485661424607
Ndufaf2,0.22120721554116562,0.13510639069685776,47,0.14592969472710454
Ndufaf3,0.24537465309898243,0.09642665008468572,47,0.29891304347826086
Ndufaf4,-0.006128584643848289,0.9673880274836887,47,-0.037580943570767814
Ndufaf5,0.07180851063829788,0.6314705592348826,47,0.13031914893617022
Ndufaf6,0.17402867715078632,0.24203843735009847,47,0.16685938945420908
Ndufaf7,0.38760407030527294,0.007105683192306956,47,0.2792553191489362
Ndufaf8,0.21253469010175763,0.15149401965016016,47,0.2016651248843663
Ndufb10,0.34401017576318227,0.017900233491774168,47,0.342622571692877
Ndufb11,0.2585568917668825,0.07928987490333589,47,0.3537234042553192
Ndufb2,0.21866327474560596,0.13976972284720166,47,0.16188714153561518
Ndufb3,0.257631822386679,0.08040838538392614,47,0.21369102682701202
Ndufb4,0.10592044403330249,0.47857427398687746,47,0.15506475485661422
Ndufb5,0.27648011100832565,0.05993561735460935,47,0.22710453283996299
Ndufb6,0.2745143385753932,0.06185272058079687,47,0.2777520814061055
Ndufb7,0.1015263644773358,0.49710928661858117,47,0.02127659574468085
Ndufb8,0.038274745605920445,0.7983939237112971,47,0.0074005550416281225
Ndufb9,0.2021276595744681,0.1730355140668985,47,0.17472247918593897
Ndufc2,0.150786308973173,0.3116805806556439,47,-0.010985198889916744
Ndufs1,0.45409343200740054,0.0013455124775383935,47,0.357886216466235
Ndufs2,0.5646392229417206,3.561447276193603e-05,47,0.4860083256244218
Ndufs3,0.5324930619796485,0.00011678674396055014,47,0.4671600370027752
Ndufs4,0.36135522664199815,0.012575107953118581,47,0.3141766882516189
Ndufs5,0.2641073080481036,0.072833296586616,47,0.1916049953746531
Ndufs7,0.37500000000000006,0.00939922071986407,47,0.34146623496762263
Ndufs8,0.49375578168362627,0.00042041031578649035,47,0.42691951896392233
Ndufv1,0.5797872340425533,1.9475032205113063e-05,47,0.4559435707678076
Ndufv2,0.5818686401480111,1.7882655801948532e-05,47,0.5357308048103608
Ndufv3,0.3619438583802655,0.012421237159178177,47,0.2562516262526097
Neb,-0.29509713228492135,0.04404131412654735,47,-0.32388991674375583
Necap2,-0.07724329324699351,0.6058084111536323,47,-0.1675531914893617
Nedd1,0.02197039777983349,0.8834610290483199,47,0.10892691951896391
Nedd4,0.24283071230342276,0.10004081930505912,47,0.17321924144310824
Nedd4l,0.2469935245143386,0.09417981607564455,47,0.11493987049028678
Nedd8,0.12523126734505088,0.40161921571188386,47,0.11378353376503238
Nefh,-0.1692876965772433,0.2553042067926369,47,-0.1270814061054579
Nefm,0.07782146160962072,0.6031051419455361,47,-0.0018501387604070306
Nek7,0.36690564292321926,0.011187011915520951,47,0.27104532839962997
Nek9,0.09747918593894543,0.5145021374860006,47,0.11216466234967623
Nenf,0.07631822386679,0.6101445027050107,47,-0.005203515263644773
Nes,0.4836956521739131,0.0005723039372275209,47,0.44565217391304346
Neu2,0.6389916743755782,1.3397280187587849e-06,47,0.6298566142460684
Nexn,0.05145698427382053,0.7312225567859777,47,0.20420906567992603
Nfatc1,-0.09250693802035152,0.5362809810218949,47,-0.1041859389454209
Nfia,-0.038737280296022206,0.7960092823816767,47,-0.07238667900092507
Nfib,-0.12164662349676227,0.4153345521679069,47,-0.09320074005550416
Nfic,0.12083718778908417,0.41846814165473134,47,0.057932469935245146
Nfix,-0.0929694727104533,0.5342362974588165,47,-0.1574930619796485
Nfkb1,-0.4200971322849214,0.0032838295706536843,47,-0.37985661424606854
Nfs1,0.34320074005550416,0.018189440102554938,47,0.3176456984273821
Nfu1,-0.12326549491211843,0.4091077210308245,47,-0.13956984273820539
Nfx1,0.052960222016651244,0.7236773003466729,47,0.061285846438482894
Ngly1,-0.15067067530064754,0.3120561028685701,47,-0.2678075855689177
Nhlrc1,0.09401017576318225,0.5296497088447164,47,0.051341350601295105
Nhlrc2,-0.07550878815911193,0.6139494649648792,47,-0.09898242368177614
Nhp2,0.06278908418131361,0.6750092072655668,47,0.06614246068455135
Niban1,0.2054291579592785,0.16597506261558498,47,0.19588910418407976
Niban2,0.091581868640148,0.540381729661707,47,0.016419981498612398
Nid1,0.16165587419056432,0.2776676752913255,47,0.07608695652173914
Nid2,-0.0033533765032377435,0.9821523480615156,47,-0.028677150786308978
Nif3l1,-0.16847826086956524,0.2576169652471019,47,-0.38945420906567996
Nipsnap1,-0.04209065679925994,0.7787769174478459,47,0.08152173913043478
Nipsnap2,0.40795559666975023,0.0044205592700055805,47,0.38159111933395007
Nisch,0.2643385753931545,0.07257357907658026,47,0.2261794634597595
Nit1,0.07770582793709528,0.6036453761761009,47,-0.03665587419056429
Nit2,0.5350370027752082,0.00010677366234043619,47,0.3771970397779834
Nle1,-0.0551572617946346,0.7126963102722561,47,-0.005203515263644773
Nln,0.03706166345395371,0.8046566699487115,47,-0.0753953340779339
Nlrx1,0.10834875115633674,0.46849003974391923,47,0.07631822386679
Nmd3,0.13667900092506938,0.3596136726171233,47,0.14465772432932472
Nme1,-0.02197039777983349,0.8834610290483199,47,-0.04821924144310824
Nme2,0.5365402405180388,0.00010123104277811892,47,0.5418593894542091
Nme3,0.041281221091581874,0.7829271831009543,47,0.049722479185938945
Nmi,0.22490749306197966,0.12853207931470648,47,0.19761794634597593
Nmnat3,0.18235430157261795,0.21989322445017934,47,0.13829787234042554
Nmral1,0.028677150786308978,0.8482545907589971,47,0.007284921369102683
Nmt1,0.14731729879740982,0.3230714639280053,47,0.17530064754856617
Nnt,0.16859389454209067,0.2572857143246743,47,0.1305504162812211
Nol3,0.23172987974098058,0.11704466046315631,47,0.1396854764107308
Nolc1,0.2057123034227567,0.16537943617394396,47,0.27092969472710454
Nomo1,0.32134597594819614,0.02763033522549147,47,0.27567067530064754
Nono,0.3543015726179463,0.014549504637059734,47,0.37476873265494914
Nop56,-0.109736355226642,0.4627790712012288,47,-0.0583950046253469
Nop58,0.12095282146160963,0.41801966458968426,47,0.07331174838112858
Nos1,0.29509713228492135,0.04404131412654735,47,0.2723172987974098
Npc2,0.2082562442183164,0.16009755643629267,47,0.20316836262719704
Npepl1,0.055272895467160035,0.7121199316959965,47,0.11690564292321923
Npepps,0.09574468085106384,0.522048631173247,47,0.11239592969472711
Npl,0.1569148936170213,0.2921901542111989,47,0.18281683626271975
Nploc4,-0.19657724329324702,0.18538995609089168,47,-0.22941720629047183
Npm1,-0.022548566142460685,0.8804162191113979,47,0.054463459759481955
Nptn,0.15888066604995374,0.28610991898956506,47,0.09343200740055506
Nqo1,0.6793478260869565,1.5207441591875505e-07,47,0.6868640148011101
Nqo2,0.1880203515263645,0.20565064643395167,47,0.21808510638297873
Nr2f2,0.09019426456984274,0.546561120353786,47,0.09620721554116558
Nr3c1,0.3208834412580943,0.027867539605909403,47,0.44692414431082333
Nr4a1,0.14639222941720628,0.3261527566544802,47,0.012372802960222017
Nrap,0.18351063829787234,0.2169324624637329,47,0.17530064754856617
Nrbf2,-0.06093894542090657,0.6840776316186891,47,-0.1103145235892692
Nrbp1,0.25185741966524544,0.08767265513924528,47,0.29666676315481505
Nrdc,-0.06070767807585569,0.6852143182933335,47,0.09539777983348752
Nsdhl,-0.16096207215541167,0.2797627022146704,47,-0.2494218316373728
Nsf,0.208950046253469,0.15867867032151298,47,0.19507400555041626
Nsfl1c,0.13956984273820539,0.34944429022661533,47,-0.04764107308048104
Nsmaf,-0.09921369102682702,0.5070108325513609,47,-0.1551803885291397
Nsun2,-0.032377428307123035,0.8289503755274562,47,0.021507863089731735
Nsun4,-0.24780296022201667,0.09307171419564182,47,-0.16535615171137835
Nt5c1a,0.3360314523589269,0.02092791120098643,47,0.4226410730804811
Nt5c2,-0.11713691026827013,0.43296325805137553,47,-0.10222016651248844
Nt5c3a,0.012835337650323776,0.9317616492212527,47,-0.0018501387604070306
Nt5c3b,0.35522664199814985,0.014276399976258602,47,0.4066836262719704
Nt5dc3,-0.10834875115633674,0.46849003974391923,47,-0.164199814986124
Nt5e,-0.10430157261794637,0.485360198569069,47,-0.03896854764107308
Ntan1,0.12523126734505088,0.40161921571188386,47,0.059437425944874264
Ntaq1,0.2279139685476411,0.12336972763627904,47,0.2074468085106383
Ntmt1,0.11228029602220167,0.45240710881274215,47,0.08001850138760408
Ntpcr,-0.06059204440333025,0.6857829201347188,47,-0.12800647548566144
Nub1,-0.0349213691026827,0.8157356703016758,47,0.04174375578168363
Nubp1,0.16003700277520816,0.2825721775870201,47,0.17853839037927843
Nubp2,0.164199814986124,0.27007441696896584,47,0.12812210915818686
Nubpl,0.2629509713228492,0.07414292545083913,47,0.112627197039778
Nucb1,-0.05261332099907493,0.7254162419592539,47,-0.02104532839962997
Nucb2,0.2555504162812211,0.082970299860155,47,0.19623034227567068
Nucks1,0.0015032377428307122,0.9919988132358727,47,0.04498149861239592
Nudc,0.15425531914893617,0.3005488623871983,47,0.27717391304347827
Nudcd1,0.17934782608695657,0.22772195194085829,47,0.2215541165587419
Nudcd2,-0.07088344125809436,0.6358827759118159,47,-0.04856614246068455
Nudcd3,0.1265032377428307,0.39681636863522557,47,0.12407493061979649
Nudt12,-0.07770582793709528,0.6036453761761009,47,-0.04174375578168363
Nudt13,0.2784458834412581,0.058066416477162965,47,0.2561285846438483
Nudt14,-0.08950046253469011,0.5496634442585604,47,0.03260869565217391
Nudt15,-0.04509713228492137,0.7634157885027959,47,0.02555504162812211
Nudt16,0.4475023126734505,0.001611147369079004,47,0.4365171137835338
Nudt16l1,0.26237280296022203,0.07480467612139848,47,0.10996762257169289
Nudt18,0.2761332099907493,0.06027042566391524,47,0.1628122109158187
Nudt19,0.21681940398178842,0.14322381463379136,47,0.3359158186864015
Nudt2,-0.09932932469935246,0.5065133889637354,47,-0.15552728954671602
Nudt21,0.2592506938020352,0.07845904241323705,47,0.1696345975948196
Nudt3,0.033880666049953746,0.821135787354028,47,-0.02370490286771508
Nudt4,0.04382516188714154,0.7699041250760579,47,0.037927844588344126
Nudt5,0.1085800185013876,0.4675356021429875,47,0.06845513413506013
Nudt8,0.5666049953746531,3.298618443622992e-05,47,0.4855457909343201
Nudt9,-0.010869565217391304,0.9421932801695434,47,-0.05746993524514339
Nufip2,-0.04324699352451434,0.7728585514685827,47,0.07620259019426458
Numa1,0.39858926919518967,0.0055195889832939694,47,0.41454671600370036
Nup133,-0.06382978723404256,0.6699280823099741,47,-0.07088344125809436
Nup153,0.31209528214616095,0.03270665760856387,47,0.2706984273820537
Nup155,-0.053422756706753005,0.7213608550190921,47,0.006938020351526365
Nup160,0.15043940795559665,0.3128080112119939,47,0.08395004625346902
Nup188,0.1337342083759671,0.37015543508111065,47,0.11517113783533764
Nup205,-0.018038852913968548,0.9042076686715256,47,0.1343663274745606
Nup210,-0.13876040703052728,0.35227376946586136,47,-0.10302960222016652
Nup214,0.16535615171137835,0.2666688642170838,47,0.08314061054579094
Nup35,-0.0918131359851989,0.5393551236642317,47,-0.039546716003700286
Nup37,0.2079093432007401,0.16081046479162742,47,0.2000462534690102
Nup43,-0.18755781683626271,0.20678841368318773,47,-0.10210453283996301
Nup50,0.22294172062904719,0.13199410402595876,47,0.24930619796484738
Nup54,-0.037118408880666046,0.8043634383986406,47,-0.04798797409805736
Nup58,0.016188714153561518,0.9139935581419688,47,-0.2190101757631822
Nup62,0.09909805735430158,0.5075085240366798,47,-0.13344125809435708
Nup85,0.21577243293246995,0.14521303796559357,47,0.1824699352451434
Nup88,0.1608464384828862,0.2801128798516144,47,-0.0009250693802035153
Nup93,0.027636447733580018,0.8537002963685528,47,0.04139685476410731
Nup98,0.12395929694727106,0.4064556003583801,47,-0.012372802960222017
Nutf2,0.30920444033302497,0.03444287183965085,47,0.2441026827012026
Nxf1,0.1517113783533765,0.30868677126287375,47,-0.036077705827937095
Nxn,0.05770120259019427,0.7000531260377755,47,-0.021739130434782608
Nxt1,0.009366327474560593,0.9501769717615748,47,0.042437557816836266
Oard1,-0.10326086956521739,0.489749005755022,47,-0.23704902867715077
Oat,0.12719703977798333,0.3942108110369339,47,0.04151248843663275
Obscn,0.15818686401480114,0.28824638131209906,47,0.15437095282146163
Obsl1,0.019773358001850143,0.8950461198490068,47,0.1267345050878816
Ociad1,0.0836103964037303,0.5763331354689945,47,0.18796796862527848
Ocrl,0.2856151711378353,0.05164229599304667,47,0.25219703977798336
Odr4,0.15390841813135986,0.30165036569484427,47,0.3051572617946346
Oga,0.30573543015726184,0.036626032272859675,47,0.272895467160037
Ogdh,0.4403330249768733,0.00195211552844237,47,0.38876040703052733
Ogfr,0.056544865864939876,0.7057903165546865,47,0.05469472710453284
Ogn,0.17819148936170215,0.23078347883104056,47,0.23473635522664202
Ogt,0.07169287696577244,0.6320213971461639,47,-0.00786308973172988
Ola1,0.037580943570767814,0.8019742892217285,47,0.16581868640148012
Olfml1,0.23381128584643845,0.11369996302938332,47,0.24629972247918594
Olfml3,0.06117021276595745,0.6829416361414562,47,0.014685476410730805
Oma1,-0.01746068455134135,0.9072643179222669,47,-0.03249306197964848
Opa1,0.4414893617021277,0.0018931270974301125,47,0.35557354301572613
Oplah,0.005666049953746532,0.9698481298074779,47,0.05226641998149861
Optn,0.5042784458834413,0.00030135832489543266,47,0.5
Osbp,0.07782146160962072,0.6031051419455361,47,0.07365864939870491
Osbpl11,-0.05874190564292322,0.6949037466400331,47,0.018963922294172063
Osbpl1a,0.27636447733580016,0.060047054151589584,47,0.1759944495837188
Osbpl6,0.3009944495837188,0.039792660017993316,47,0.2494218316373728
Osbpl9,-0.022664199814986127,0.8798074606241172,47,-0.007631822386679
Osgep,-0.016882516188714156,0.9103222947384055,47,0.14303885291396856
Osgepl1,0.26364477335800185,0.07335493586879023,47,0.2325393154486587
Ostc,-0.1238436632747456,0.40689693057684534,47,-0.09377890841813136
Ostf1,0.15471785383903794,0.299084225277403,47,0.19114246068455135
Ostn,0.5786308973172989,2.041503251588219e-05,47,0.6076549491211841
Otub1,0.2615633672525439,0.07573894696108155,47,0.23161424606845513
Otub2,0.38563829787234044,0.007427753676580199,47,0.21681313598519888
Otud4,-0.1666281221091582,0.2629558640250297,47,-0.14616096207215543
Otud6b,0.06093894542090657,0.6840776316186891,47,0.08464384828862165
Otud7b,0.020235892691951897,0.892605273125425,47,-0.0006938020351526364
Otulin,0.22224791859389453,0.13323251385750695,47,0.24444958371877892
Oxa1l,0.004740980573543016,0.9747691436227004,47,0.06487049028677151
Oxct1,0.5322617946345976,0.00011773814808828457,47,0.4184782608695653
Oxnad1,0.21218778908418132,0.15217865699034375,47,0.10915818686401481
Oxr1,0.23230804810360778,0.11610818140697014,47,0.44079555966697503
Oxsm,0.532608695652174,0.00011631367204566582,47,0.3107076780758557
Oxsr1,-0.17680388529139685,0.2344944659633519,47,-0.10141073080481036
P4ha1,0.34551341350601295,0.01737345403748008,47,0.28989361702127664
P4hb,0.15043940795559665,0.3128080112119939,47,0.22860777058279372
Pa2g4,0.21311285846438482,0.15035799888504842,47,0.1288159111933395
Pabpc1,0.05700740055504163,0.7034934796547871,47,-0.052150786308973185
Pabpc4,0.06498612395929695,0.6642994638191007,47,0.06845513413506013
Pabpn1,0.11979648473635522,0.4225167319239864,47,-0.07597132284921371
Pacs1,0.4052960222016652,0.0047112280711772625,47,0.36297409805735437
Pacs2,0.07770582793709528,0.6036453761761009,47,0.09620721554116558
Pacsin2,0.18397317298797414,0.215755953052968,47,0.23473635522664202
Pacsin3,0.2106845513413506,0.15517172785081823,47,0.2224791859389454
Padi2,0.5030064754856615,0.0003139135781072645,47,0.6104301572617947
Paf1,0.08175300647548567,0.5848638079557877,47,0.19183626271970397
Pafah1b1,-0.06822386679000925,0.648637191718587,47,-0.1085800185013876
Pafah1b2,0.12280296022201666,0.41088131496690383,47,0.22432932469935246
Paics,0.25393154486586494,0.08500672569935656,47,0.2341581868640148
Paip1,-0.1414199814986124,0.34302944201861507,47,-0.11366790009250695
Pak2,-0.043478260869565216,0.7716763966092752,47,-0.051341350601295105
Palm,0.06706753006475485,0.6542140821258005,47,0.14685476410730808
Palmd,0.23612395929694727,0.11006947456675706,47,0.2755550416281221
Pals2,0.2431776133209991,0.09954192321672613,47,0.3048103607770583
Pam16,0.4054116558741906,0.0046982511786345165,47,0.42657261794634604
Pank4,-0.19310823311748382,0.19342451066939376,47,-0.23762719703977797
Paox,0.2038621646623497,0.1692996056352191,47,0.24387141535615176
Papln,0.1883672525439408,0.20480021017533925,47,0.10383903792784459
Papss1,0.04081868640148012,0.7853014543202832,47,0.027636447733580018
Pard3,-0.30608233117483813,0.03640271568539139,47,-0.3036540240518039
Park7,-0.055272895467160035,0.7121199316959965,47,-0.08348751156336726
Parp1,0.01757631822386679,0.906652880477869,47,-0.013066604995374653
Parp10,0.5640610545790935,3.6423258051275444e-05,47,0.3636679000925069
Parp3,0.4825393154486587,0.0005926009771089318,47,0.4535152636447734
Pars2,0.2894310823311748,0.04846490808231169,47,0.11887141535615171
Parva,-0.2244449583718779,0.1293404724857165,47,-0.2614477335800185
Parvb,0.424722479185939,0.0029238349390256573,47,0.47641073080481033
Paxx,-0.02948658649398705,0.8440238618371709,47,0.04278445883441258
Pbdc1,0.7214384828862165,1.0589078915287327e-08,47,0.7378584643848289
Pbxip1,0.06429232192414432,0.667674463890014,47,0.11887141535615171
Pc,0.17923219241443109,0.22802683998387674,47,0.22282608695652173
Pcbd2,-0.14014801110083255,0.3474317940885071,47,-0.23947733580018501
Pcbp1,0.07123034227567068,0.6342267203751338,47,0.048334875115633676
Pcbp2,0.24491211840888066,0.0970761524366629,47,0.367368177613321
Pcbp4,0.0024283071230342275,0.9870753428726223,47,0.13852913968547642
Pcca,0.2209759481961147,0.13552546668822235,47,0.11424606845513413
Pccb,0.05330712303422758,0.7219397358055029,47,0.04729417206290471
Pcid2,-0.1669750231267345,0.26194924188438967,47,-0.17876965772432934
Pck2,0.016766882516188714,0.9109340455880182,47,0.04937557816836263
Pcm1,0.22069324399959642,0.13603906738822386,47,0.3706059204440334
Pcmt1,0.09944495837187789,0.5060161934447862,47,0.04648473635522665
Pcmtd1,0.32446808510638303,0.02607281814663621,47,0.296831637372803
Pcna,-0.09077243293246993,0.5439822689569975,47,0.030527289546716
Pcnp,0.2531221091581869,0.08603947669244409,47,0.39153561517113783
Pcnt,0.06579555966697503,0.660370264811038,47,0.03364939870490287
Pcolce,0.1095050878815911,0.4637282860398954,47,0.11355226641998149
Pcyox1,-0.10927382053654025,0.46467854766992694,47,-0.23022664199814988
Pcyt1a,0.1643154486586494,0.2697325708791639,47,0.08522201665124884
Pcyt2,0.2779833487511564,0.058501962014280415,47,0.3286308973172988
Pdap1,0.05914833340623189,0.6928964215048528,47,0.15865398520694066
Pdcd2,0.06833950046253469,0.6480805419763771,47,0.05353839037927845
Pdcd2l,-0.10672987974098058,0.4752001911506662,47,-0.037927844588344126
Pdcd4,0.20143385753931545,0.17454642742906337,47,0.23543015726179464
Pdcd5,-0.04856614246068455,0.7458029375949409,47,0.12326549491211843
Pdcd6,-0.28388066604995377,0.05314119598363077,47,-0.36158649398704906
Pdcd6ip,0.10129509713228493,0.4980949406119028,47,0.1589962997224792
Pdcl,0.03191489361702128,0.8313581952118841,47,-0.07308048103607771
Pdcl3,0.23115171137835336,0.11798685819675366,47,0.24502775208140612
Pde12,0.22421369102682703,0.12974609688062472,47,0.18755781683626271
Pde4a,0.4140841813135985,0.003809789173577684,47,0.41061517113783536
Pde4d,0.6085800185013875,5.668817447296868e-06,47,0.6367946345975949
Pde4dip,0.4369796484736355,0.002132503538489635,47,0.3808973172987974
Pde6d,-0.06706753006475485,0.6542140821258005,47,-0.12187789084181314
Pdf,-0.004047178538390379,0.9784605229740855,47,0.053422756706753005
Pdha1,0.2807585568917669,0.05592758135881122,47,0.1836262719703978
Pdhb,0.4431082331174838,0.001813200642739283,47,0.33175300647548567
Pdhx,0.3436632747456059,0.01802369908818295,47,0.29648473635522665
Pdia3,0.22421369102682703,0.12974609688062472,47,0.13309435707678077
Pdia4,0.04394079555966698,0.7693136253547465,47,-0.0807123034227567
Pdia5,0.0780527289546716,0.6020253045439641,47,0.1299722479185939
Pdia6,0.09921369102682702,0.5070108325513609,47,-0.05064754856614247
Pdk1,-0.16350601295097134,0.27213152043192457,47,-0.15032377428307125
Pdk2,-0.1916049953746531,0.19698178467303568,47,-0.15795559666975023
Pdk3,0.1821230342275671,0.2204887224635546,47,0.1492830712303423
Pdk4,0.3717622571692877,0.01008236482205413,47,0.36135522664199815
Pdlim1,0.12430619796484736,0.40513326712445413,47,0.12476873265494912
Pdlim3,0.4880897317298798,0.0005007526418252757,47,0.21345975948196116
Pdlim4,0.3259713228492137,0.025349465682115234,47,0.4101526364477336
Pdlim5,0.28989361702127664,0.048090791484043244,47,0.2660730804810361
Pdlim7,-0.12268732654949122,0.41132540176357607,47,-0.13818223866790008
Pdp1,0.12245605920444033,0.4122144006568314,47,0.09794172062904717
Pdpk1,-0.07886216466234967,0.5982525242906089,47,-0.07678075855689177
Pdpr,0.39997687326549497,0.00534307317420903,47,0.4291165587419057
Pds5b,0.21299722479185937,0.1505846994939624,47,0.2006244218316374
Pdxdc1,0.08545328399629973,0.5679255734097948,47,0.15864939870490286
Pdxk,-0.1885985198889917,0.20423462718962765,47,-0.035383903792784464
Pdxp,-0.08001850138760408,0.5928809093003955,47,0.20074005550416285
Pea15,0.13182238667900092,0.3770975872602002,47,-0.022432932469935246
Pebp1,0.015032377428307124,0.9201162355083593,47,-0.038159111933395
Pecr,0.6032608695652173,7.185478898980507e-06,47,0.4480804810360778
Pelo,0.24202127659574468,0.10121240008373457,47,0.17969472710453283
Perm1,0.21288159111933397,0.15081165174552116,47,0.19623034227567068
Pex1,0.28249306197964846,0.054365430244032,47,0.2845744680851064
Pex14,-0.03330249768732655,0.8241394123071005,47,0.09169750231267347
Pex19,0.14824236817761333,0.32000857286958007,47,0.13910730804810362
Pex5,-0.2599444958371878,0.07763507039387231,47,-0.17564754856614245
Pfas,0.4576780758556892,0.0012180809558156693,47,0.5498381128584644
Pfdn1,0.09505087881591119,0.5250825466345672,47,0.09539777983348752
Pfdn2,0.08672525439407956,0.5621559185753927,47,0.06533302497687327
Pfdn4,0.31174838112858466,0.03291110099239785,47,0.32458371877890846
Pfdn5,-0.10777058279370952,0.47088068634034297,47,-0.1774976873265495
Pfdn6,-0.20929694727104534,0.15797268591989863,47,-0.2320767807585569
Pfkfb1,0.356845513413506,0.013808974388896776,47,0.4303885291396855
Pfkfb4,0.07319611470860314,0.624875993239355,47,0.10996762257169289
Pfkl,0.19264569842738208,0.1945141660215869,47,0.188945420906568
Pfkm,0.6047641073080482,6.722733177778844e-06,47,0.5556197964847364
Pfkp,0.028561517113783533,0.8488593284699546,47,0.05666049953746531
Pfn1,0.12950971322849214,0.3855981602881507,47,-0.0158418131359852
Pfn2,-0.21172525439407958,0.15309504301239346,47,-0.032839962997224796
Pgam1,-0.07284921369102683,0.626521942749596,47,-0.02960222016651249
Pgam2,0.14211378353376503,0.3406427434922229,47,0.03515263644773358
Pgam5,0.07654949121184089,0.6090592318533266,47,0.05353839037927845
Pggt1b,-0.26896392229417204,0.0675313791103011,47,-0.2871184088806661
Pgk1,0.2777520814061055,0.058720715699591815,47,0.21218778908418132
Pgls,0.22259481961147087,0.13261222735121644,47,0.1687095282146161
Pgm1,0.10580481036077706,0.47905731588959544,47,0.003122109158186864
Pgm2,-0.08198427382053654,0.5837985515410381,47,-0.10800185013876042
Pgm2l1,0.1742599444958372,0.24140354598303346,47,0.07643385753931546
Pgm3,-0.14072617946345978,0.3454264377798596,47,-0.01156336725254394
Pgm5,-0.10198889916743756,0.4951409949284127,47,-0.018617021276595747
Pgp,0.26063829787234044,0.07681792295316427,47,0.29648473635522665
Pgpep1,-0.10777058279370952,0.47088068634034297,47,-0.032839962997224796
Pgrmc2,0.4978029602220167,0.0003703503888822457,47,0.4835800185013876
Phaf1,-0.03411291955980138,0.8199299246715156,47,-0.040819866456304706
Phb1,0.2540471785383904,0.08485998388837857,47,0.2080249768732655
Phb2,0.3124421831637373,0.03250326599498502,47,0.2585568917668825
Phf5a,-0.03885291396854764,0.7954134086328382,47,-0.1015263644773358
Phka1,-0.01942645698427382,0.8968773864164566,47,-0.0043940795559666975
Phkb,0.7006244218316373,4.186667467076202e-08,47,0.6367946345975949
Phkg1,0.5470629047178539,6.920693178046533e-05,47,0.4709759481961147
Phkg2,-0.3664431082331175,0.011297434908383953,47,-0.36655874190564297
Phlda3,0.4266882516188714,0.0027816890400784713,47,0.45524976873265494
Phldb1,-0.19449583718778907,0.19018155108809898,47,-0.16454671600370027
Phospho1,0.4488899167437558,0.0015516390584153444,47,0.4392923219241443
Phospho2,-0.0322617946345976,0.8295521858099096,47,0.035383903792784464
Phpt1,-0.29093432007400555,0.04725759661434204,47,-0.26133209990749307
Phyh,0.33903792784458836,0.019739979272474416,47,0.28919981498612396
Phyhd1,0.1663968547641073,0.2636283769246491,47,0.17807585568917672
Phykpl,0.10979734617637767,0.46252891421894154,47,0.09950565180070878
Pi16,0.5175763182238668,0.0001947758138846293,47,0.4860083256244218
Pi4ka,-0.07776589289480146,0.6033647297294658,47,-0.08660962072155412
Picalm,0.09586031452358927,0.5215438266397787,47,0.150786308973173
Pigk,-0.018501387604070305,0.9017633342725827,47,-0.03919981498612396
Pigs,-0.15090194264569845,0.31130534642915886,47,-0.127890841813136
Pigt,0.022664199814986127,0.8798074606241172,47,-0.06868640148011101
Pik3ap1,0.2502312673450509,0.0898080010667344,47,0.18917668825161885
Pik3ca,-0.02960222016651249,0.8434198238848531,47,-0.043478260869565216
Pik3r1,0.20617483811285847,0.16440979106618048,47,0.10615171137835339
Pin1,0.07446808510638299,0.6188563453180059,47,-0.04845050878815912
Pin4,-0.17611008325624425,0.23636519026475472,47,-0.09932932469935246
Pip4k2b,0.2584412580943571,0.0794290164939196,47,0.20605920444033304
Pip4k2c,0.17617299304866918,0.23619514512766968,47,0.26861702127659576
Pip4p2,0.2215541165587419,0.1344795917178862,47,0.13633209990749307
Pip5k1a,0.16362164662349676,0.271787952230211,47,0.08348751156336726
Pir,0.16385291396854768,0.27110167705546573,47,0.14743293246993525
Pisd,-0.1070767807585569,0.47375802658736266,47,-0.10672987974098058
Pithd1,0.03295559666975023,0.8259427854169388,47,0.08556891766882516
Pitpna,0.03353376503237743,0.8229376611413189,47,0.051572617946345975
Pitpnb,0.24687789084181314,0.0943389470142887,47,0.3027289546716004
Pitpnm1,-0.015263644773358,0.9188913225406975,47,0.018963922294172063
Pitrm1,-0.04741117633735107,0.7516531849481718,47,-0.07204186062968224
Pja1,0.07493061979648474,0.6166734656433616,47,0.3021507863089732
Pja2,0.014338575393154489,0.9237920622398761,47,-0.008672525439407955
Pkia,-0.2185476410730805,0.13998450005186094,47,-0.16362164662349676
Pkig,0.014222941720629047,0.9244048550037023,47,-0.08614708603145237
Pkm,0.45004625346901017,0.001503550671123629,47,0.44021739130434784
Pkn1,0.015379278445883443,0.9182789356166383,47,0.047178538390379283
Pkn2,0.2587881591119334,0.07901216625099057,47,0.2446808510638298
Pla2g12a,0.2256012950971323,0.12732661126629097,47,0.17079093432007403
Pla2g2a,0.16489361702127658,0.26802764372172455,47,0.16616558741905643
Pla2g6,-0.16362164662349676,0.271787952230211,47,-0.22907030527289546
Plaa,0.2622571692876966,0.07493758382052941,47,0.2725485661424607
Plbd1,0.5836031452358927,1.6648132347021987e-05,47,0.5967853839037929
Plbd2,0.13540703052728956,0.36414451280926824,47,0.22976410730804808
Plcb3,-0.03630897317298798,0.8085486884799155,47,-0.07227104532839965
Plcb4,0.05319148936170213,0.722518770485573,47,0.0071692876965772446
Plcd1,0.2541628122109158,0.08471344009444687,47,0.21473172987974098
Plcd3,0.10592044403330249,0.47857427398687746,47,0.07215541165587419
Plcd4,0.244218316373728,0.09805673612859897,47,0.23647086031452358
Plcg1,0.06036077705827937,0.6869206394333146,47,0.10661424606845515
Plcl1,0.3013413506012951,0.03955359134869212,47,0.2738205365402405
Plcl2,-0.09794172062904717,0.5124990353905722,47,-0.07643385753931546
Pld3,0.2628353376503238,0.07427490443023885,47,0.17553191489361705
Plec,0.45062442183163737,0.0014800074728517167,47,0.5082099907493063
Plekha2,-0.10106382978723405,0.49908159828648513,47,-0.23531452358926921
Plekhf1,-0.12314986123959297,0.4095507063354225,47,-0.21658186864014803
Plekhf2,0.15032377428307125,0.3131843973207693,47,0.2062904717853839
Plekhm2,-0.04810360777058279,0.7481441346665015,47,0.02497687326549491
Plekho2,-0.07076780758556893,0.6364351860521886,47,-0.039777983348751156
Plgrkt,0.2010869565217391,0.1753054426669473,47,0.29336262719703976
Plin1,0.2083718778908418,0.15986043410412965,47,0.18154486586493987
Plin2,0.0830249768732655,0.5790157392249443,47,0.07331174838112858
Plin3,0.09794172062904717,0.5124990353905722,47,0.08348751156336726
Plin4,0.12696577243293247,0.3950782166053555,47,0.14222941720629048
Plin5,0.5092506938020352,0.0002565178614839304,47,0.3048103607770583
Plod1,-0.07284921369102683,0.626521942749596,47,-0.08475948196114709
Plod3,0.1847826086956522,0.2137077598862337,47,0.0851063829787234
Plp2,0.1103145235892692,0.4604106210717355,47,0.1604995374653099
Plpbp,0.1341350601295097,0.3687096644542534,47,0.2309204440333025
Plpp3,0.07944033302497687,0.5955640477404166,47,0.047178538390379283
Plpp7,0.1167900092506938,0.43433640995906286,47,0.04290009250693802
Plrg1,-0.3447039777983349,0.01765544860868467,47,-0.28006475485661425
Pls3,0.10742368177613322,0.4723181903368205,47,0.012257169287696578
Pltp,0.15471785383903794,0.299084225277403,47,0.28584643848288627
Plvap,-0.2320767807585569,0.11648208800016216,47,-0.199468085106383
Plxdc2,0.2038621646623497,0.1692996056352191,47,0.2601757631822387
Plxnb2,0.16986586493987052,0.25366080061212687,47,0.2358926919518964
Pm20d2,0.42483811285846435,0.0029152995412303605,47,0.47028214616096203
Pmm2,0.1162118408880666,0.4366303892067635,47,0.18096669750231267
Pmp2,0.035971440972492136,0.8102954969960675,47,0.028080931339816442
Pmpca,-0.18223866790009252,0.2201908339222868,47,-0.11783071230342276
Pmpcb,0.1414199814986124,0.34302944201861507,47,0.06683626271970398
Pnkd,0.25075886801840436,0.08911080681635193,47,0.2505275939874905
Pnkp,0.08001850138760408,0.5928809093003955,47,0.07493061979648474
Pnn,0.037927844588344126,0.8001835993303458,47,0.0077474560592044415
Pno1,0.1053422756706753,0.4809920526695998,47,0.0977104532839963
Pnp,0.02197039777983349,0.8834610290483199,47,0.013182238667900092
Pnpla2,-0.018963922294172063,0.8993198994668237,47,-0.10800185013876042
Pnpla7,-0.1763413506012951,0.23574048602042275,47,-0.21114708603145235
Pnpla8,-0.23647086031452358,0.10953262231695933,47,-0.3191489361702128
Pnpo,0.0999103813548081,0.5040175045480715,47,0.2030527289546716
Pnpt1,0.012025901942645698,0.9360557546530182,47,-0.1335568917668825
Podxl,0.04174375578168363,0.780554863781301,47,0.020582793709528216
Pofut2,-0.1857076780758557,0.21138361097037084,47,-0.20594357076780762
Poglut1,0.2325393154486587,0.11573518676924756,47,0.19623034227567068
Poglut3,-0.015148011100832562,0.9195037559542265,47,-0.04544403330249769
Pogz,0.05955134135060129,0.6909080416212712,47,-0.03584643848288622
Polb,-0.09643848288621648,0.5190234493502606,47,0.05330712303422758
Polr1c,0.07134803853694051,0.6336652566163257,47,0.2314986123959297
Polr2a,0.16061517113783536,0.2808140979949982,47,0.3755781683626272
Polr2b,-0.0693822092741723,0.6430696515913356,47,-0.229250383143411
Polr2c,-0.14118871415356152,0.3438272968777176,47,-0.06059204440333025
Polr2d,-0.1666281221091582,0.2629558640250297,47,-0.06753006475485662
Polr2e,0.0354995374653099,0.812739238038699,47,0.0038159111933395
Polr2g,0.053769657724329324,0.7196251389675863,47,0.017691951896392232
Polr2i,0.0003469010175763182,0.9981535439752702,47,0.0158418131359852
Polr2j,0.16847826086956524,0.2576169652471019,47,0.12870027752081406
Pomgnt2,0.22710453283996299,0.12474394397592944,47,0.20420906567992603
Pomp,-0.143154486586494,0.33708202043805613,47,-0.1551803885291397
Pon2,0.06325161887141535,0.6727491456017615,47,-0.0024283071230342275
Por,0.03804347826086957,0.7995869276627383,47,0.07643385753931546
Postn,0.28746530989824237,0.05008133427222713,47,0.32493061979648474
Ppa2,0.21299722479185937,0.1505846994939624,47,0.24895929694727104
Ppat,0.4374421831637373,0.002106775743025858,47,0.4553654024051804
Ppcdc,0.04775670675300647,0.7499015075880603,47,0.06753006475485662
Ppcs,0.12164662349676227,0.4153345521679069,47,0.050416281221091576
Ppfibp1,0.023011100832562442,0.8779815983347597,47,-0.006244218316373728
Ppia,0.11297409805735432,0.44960058618110027,47,0.1914893617021277
Ppib,0.25508788159111934,0.08354819856846567,47,0.1769195189639223
Ppid,-0.1939176688251619,0.19152804966606252,47,-0.022317298797409804
Ppif,0.15425531914893617,0.3005488623871983,47,0.10904255319148937
Ppig,0.13679463459759483,0.359203482008067,47,0.0037002775208140612
Ppih,0.2663120465973647,0.07038701201172731,47,0.27567864484937793
Ppil1,0.18068283665149037,0.22422228490556775,47,0.012315342146165583
Ppil3,-0.01595744680851064,0.9152177105433311,47,-0.013529139685476409
Ppip5k1,0.3933857539315449,0.006227593948908667,47,0.42680388529139685
Ppl,-0.1910268270120259,0.19836221284837813,47,-0.18061979648473636
Ppm1a,-0.009250693802035153,0.9507913120238624,47,0.0807123034227567
Ppm1b,0.11100832562442184,0.4575771501901077,47,0.24572155411655874
Ppm1f,0.27833024976873266,0.05817505804619863,47,0.34562904717853843
Ppm1g,-0.012719703977798336,0.9323749782132281,47,-0.11563367252543942
Ppm1j,-0.06637372802960222,0.6575692154090023,47,0.04359389454209066
Ppme1,-0.13737280296022203,0.35715679336335837,47,-0.16154024051803886
Ppox,0.02312673450508788,0.8773731164378819,47,0.049259944495837184
Ppp1ca,-0.034574468085106384,0.8175347830549309,47,-0.053769657724329324
Ppp1cb,0.016766882516188714,0.9109340455880182,47,0.052035152636447736
Ppp1cc,0.23219241443108235,0.11629502063317523,47,0.2385522664199815
Ppp1r11,-0.3854070305272896,0.007466463189740798,47,-0.35615171137835344
Ppp1r12a,0.12511563367252546,0.4020575029701556,47,0.08707215541165589
Ppp1r12b,0.1352913968547641,0.36455810990274196,47,0.1563367252543941
Ppp1r12c,0.1267345050878816,0.39594673602774855,47,0.05700740055504163
Ppp1r14b,-0.10915818686401481,0.46515407068393766,47,-0.05978260869565217
Ppp1r18,0.052960222016651244,0.7236773003466729,47,0.0234736355226642
Ppp1r1a,0.4731729879740981,0.0007823883015554708,47,0.3888760407030527
Ppp1r2,-0.10060129509713228,0.5010579193921045,47,-0.08880666049953746
Ppp1r21,0.16801572617946345,0.25894482656161083,47,0.14766419981498613
Ppp1r27,0.009481961147086031,0.9495626601120016,47,0.0190795559666975
Ppp1r3a,0.21519426456984275,0.14632027021168342,47,0.19623034227567068
Ppp1r3c,0.31394542090656796,0.03163395868810548,47,0.18408880666049954
Ppp1r3d,0.01006012950971323,0.9464915433713946,47,0.07816836262719705
Ppp1r9b,-0.1358695652173913,0.3624929606922002,47,-0.18559204440333027
Ppp2ca,-0.04741117633735108,0.7516531849481717,47,-0.08753469010175763
Ppp2cb,0.22132284921369105,0.13489721584323733,47,0.14431082331174838
Ppp2r1a,-0.1614246068455134,0.27836486746219324,47,-0.10811748381128584
Ppp2r2a,0.24664662349676228,0.09465783351460806,47,0.22074468085106386
Ppp2r2d,-0.04428769657724329,0.7675429029457128,47,0.01387604070305273
Ppp2r3a,0.15159574468085107,0.3090599893227429,47,-0.06544865864939871
Ppp2r5a,0.4688945420906568,0.0008859509632459879,47,0.31648936170212766
Ppp2r5b,-0.0589731729879741,0.693761275033921,47,0.0
Ppp2r5c,0.181313598519889,0.22258176221967466,47,0.12858464384828863
Ppp2r5d,0.16581868640148012,0.2653146712812514,47,0.14419518963922295
Ppp2r5e,-0.02162349676225717,0.885288716654371,47,0.14419518963922295
Ppp3ca,0.5246299722479185,0.00015338341891155556,47,0.6962303422756708
Ppp3cb,0.12950971322849214,0.3855981602881507,47,0.03746530989824237
Ppp3cc,0.22305735430157259,0.13178854296108294,47,0.21692876965772434
Ppp3r1,0.47745143385753935,0.0006898126482213524,47,0.45906567992599445
Ppp4r2,-0.21369102682701202,0.14922826593634314,47,-0.23057354301572622
Ppp5c,0.4518963922294173,0.0014293636932889073,47,0.4641535615171138
Ppp6c,0.39141998149861235,0.0065149189409654164,47,0.3229648473635523
Ppp6r1,0.10257003271031805,0.4926737264908417,47,0.08869102682701203
Ppp6r2,0.17345050878815912,0.24363062832239393,47,0.1587650323774283
Ppp6r3,-0.11586493987049029,0.43801000726766254,47,-0.13459759481961148
Ppt1,-0.03734967622571692,0.8031686416536592,47,-0.09574468085106384
Pptc7,0.4332793709528215,0.002348546623855022,47,0.36031452358926924
Ppwd1,0.079209065679926,0.5966387993975537,47,0.02092969472710453
Prdx1,0.01734505087881591,0.9078758084694546,47,0.1589962997224792
Prdx2,0.23230804810360778,0.11610818140697014,47,0.2350832562442183
Prdx3,0.29902867715078635,0.04116985632337859,47,0.3203052728954672
Prdx4,-0.2991443108233118,0.04108777926342848,47,-0.30550416281221093
Prdx5,0.3699121184088807,0.010491584963789661,47,0.35534227567067533
Prdx6,0.0694958371877891,0.642524537559874,47,0.16489361702127658
Preb,0.4005550416281221,0.005270990864946112,47,0.349213691026827
Prelp,-0.09932932469935246,0.5065133889637354,47,-0.12014338575393155
Prep,-0.38413506012950976,0.007682504473854365,47,-0.4175531914893617
Prepl,0.18085106382978725,0.22378393543984887,47,0.11898704902867716
Prkaa1,-0.08395004625346902,0.5747793389886554,47,-0.13124421831637373
Prkaa2,0.2320767807585569,0.11648208800016216,47,0.0862627197039778
Prkab1,0.00578168362627197,0.9692330773506372,47,-0.025439407955596672
Prkab2,0.1604995374653099,0.28116513853756797,47,0.12812210915818686
Prkaca,0.2185476410730805,0.13998450005186094,47,0.051572617946345975
Prkacb,0.2496530989824237,0.09057688166316212,47,0.35279833487511564
Prkag3,0.3208834412580943,0.027867539605909403,47,0.2742830712303423
Prkar1a,0.1854764107308048,0.2119629859119535,47,0.18686401480111012
Prkar2a,0.26850138760407033,0.06802270979402565,47,0.2772895467160037
Prkca,0.45363089731729883,0.0013627918646437818,47,0.37511563367252543
Prkce,-0.04706290471785384,0.7534200108102221,47,0.0024283071230342275
Prkcq,0.208950046253469,0.15867867032151298,47,0.10580481036077706
Prkcsh,0.04116558741905643,0.7835205687098219,47,0.05619796484736356
Prkra,0.2005087881591119,0.17657575034565093,47,0.20906567992599445
Prmt1,0.17819148936170215,0.23078347883104056,47,0.13390379278445885
Prmt3,0.10962072155411658,0.46325354770227134,47,0.19796484736355227
Prmt5,0.15541165587419056,0.2968959137273811,47,0.11517113783533764
Prmt7,0.10626734505087881,0.4771266921873599,47,0.16940333024976872
Prmt9,-0.1653031135957155,0.26682444044696985,47,-0.18374721756109963
Prnp,0.23057354301572622,0.11893479350279242,47,0.33105920444033304
Prob1,0.11921831637372803,0.42477549449513496,47,-0.022432932469935246
Prorp,-0.12800647548566144,0.39118367266704845,47,-0.08938482886216467
Prorsd1,-0.08475948196114709,0.5710841525621138,47,-0.013760407030527291
Pros1,-0.11944958371877891,0.4238711725305806,47,-0.08984736355226641
Prpf19,0.5598982423681776,4.276226870093851e-05,47,0.5910037002775208
Prpf3,-0.00046253469010175765,0.9975380602851271,47,0.10407030527289547
Prpf31,-0.018963922294172063,0.8993198994668237,47,-0.018732654949121186
Prpf4,0.32770582793709535,0.02453575175749904,47,0.3840194264569843
Prpf40a,0.1170212765957447,0.43342070544737127,47,0.19368640148011101
Prpf4b,0.008903792784458835,0.9526345009668193,47,-0.002312673450508788
Prpf6,-0.1337881591119334,0.3699606505457162,47,-0.1746068455134135
Prpf8,-0.1229185938945421,0.410437503399193,47,-0.2458371877890842
Prph,0.0010407030527289547,0.9944606701444944,47,-0.0030064754856614245
Prpsap1,0.2705827937095282,0.0658338996798096,47,0.2332331174838113
Prpsap2,-0.1414199814986124,0.34302944201861507,47,-0.12072155411655874
Prr33,0.29532839962997226,0.04386800164480842,47,0.3122109158186864
Prrc1,0.12974098057354302,0.38474304958514405,47,0.060476410730804814
Prrc2a,-0.17981036077705828,0.22650520705179603,47,-0.2523126734505088
Prss23,0.22664199814986125,0.12553437098505887,47,0.25693802035152635
Prune1,0.08152173913043478,0.5859299365998974,47,0.17402867715078632
Prx,-0.10395467160037004,0.486820844198798,47,0.025670675300647552
Prxl2a,0.4873959296947271,0.0005114855455232412,47,0.482886216466235
Prxl2b,0.12049028677150787,0.41981521365263774,47,0.15494912118408882
Psap,-0.007747680035615908,0.9587789883441874,47,-0.07736116334070212
Psip1,0.1663968547641073,0.2636283769246491,47,0.26364477335800185
Psma1,0.125,0.40249606731316806,47,0.1763413506012951
Psma2,0.1733348751156337,0.24394991765810403,47,0.1332099907493062
Psma4,0.20085568917668825,0.1758127728446405,47,0.2135753931544866
Psma5,0.26179463459759483,0.07547107871917662,47,0.321577243293247
Psma6,0.019773358001850143,0.8950461198490068,47,0.17379740980573544
Psma7,-0.0026595744680851063,0.985844542511974,47,-0.05955134135060129
Psmb1,0.11574930619796485,0.43847041766734096,47,0.23577705827937095
Psmb10,0.26653561517113783,0.07014263135800172,47,0.20756244218316375
Psmb2,0.12546253469010177,0.40074347280491457,47,0.21530989824236818
Psmb3,0.015494912118408883,0.9176665955308388,47,0.06117021276595745
Psmb4,0.19518963922294172,0.188574661535162,47,0.08869102682701203
Psmb5,0.16466234967622573,0.2687087540397693,47,0.15483348751156337
Psmb7,0.09909805735430158,0.5075085240366798,47,0.079209065679926
Psmb8,0.09574468085106384,0.522048631173247,47,0.06544865864939871
Psmb9,-0.08256482903626504,0.5811282711170489,47,-0.11615738202651013
Psmc1,0.06672062904717854,0.6558908102320286,47,0.08915356151711379
Psmc2,0.12222479185938946,0.41310449930132986,47,0.2379740980573543
Psmc3,0.24653098982423685,0.0948175894000671,47,0.20409343200740057
Psmc4,0.10071984046300679,0.5005510164863022,47,0.032839962997224796
Psmc5,-0.09516651248843665,0.5245762892260871,47,-0.10487974098057354
Psmc6,0.13309435707678077,0.37247025501842795,47,0.21762257169287696
Psmd1,0.15101757631822385,0.3109304001991309,47,0.3074699352451434
Psmd10,-0.31024514338575393,0.03380927400165974,47,-0.25589731729879744
Psmd11,0.34493524514338575,0.017574486065164728,47,0.32435245143385755
Psmd12,0.04220629047178539,0.7781845166754507,47,0.11748381128584644
Psmd13,0.07319611470860314,0.624875993239355,47,0.062326549491211844
Psmd14,0.023011100832562442,0.8779815983347597,47,0.04509713228492137
Psmd2,0.21033765032377427,0.1558685271806363,47,0.24306197964847362
Psmd3,0.34562904717853843,0.017333482276548667,47,0.2446808510638298
Psmd4,-0.15067503114041084,0.31204195198914164,47,-0.10684860228222534
Psmd5,0.2694264569842738,0.06704287357091969,47,0.30191951896392233
Psmd6,-0.041049953746531,0.7841140759947635,47,-0.1044172062904718
Psmd7,0.1578399629972248,0.2893184997118573,47,0.2397086031452359
Psmd8,0.12846901017576318,0.3894600198848182,47,0.09343200740055506
Psmd9,-0.2082562442183164,0.16009755643629267,47,-0.20756244218316375
Psme1,0.5129509713228493,0.00022716931169537203,47,0.3467853839037928
Psme2,0.5293709528214616,0.00013024109824554526,47,0.4476179463459759
Psme3,0.10800185013876042,0.4699236479723067,47,0.006244218316373728
Psme3ip1,0.028677150786308978,0.8482545907589971,47,0.00797872340425532
Psme4,0.08984736355226641,0.5481112343904072,47,0.22132284921369105
Psmf1,-0.15309898242368178,0.30423062485246327,47,-0.16824699352451436
Psmg1,0.11066142460684553,0.45899270182648927,47,-0.012257169287696578
Psmg2,0.3922294172062905,0.006395243141794921,47,0.34990749306197966
Psmg3,0.2657261794634598,0.07103061981186527,47,0.17946345975948197
Pspc1,0.30735430157261795,0.03559345776330171,47,0.3027289546716004
Psph,-0.43339500462534697,0.002341512833077049,47,-0.4115402405180389
Pstpip2,-0.006938020351526365,0.9630835835411937,47,-0.2579787234042553
Ptar1,-0.35904255319148937,0.013195536464771129,47,-0.416049953746531
Ptbp1,0.028908418131359855,0.8470453745561374,47,-0.11459296947271046
Ptbp2,-0.26040703052728953,0.07708954936350315,47,-0.2094125809435708
Ptcd2,-0.03769657724329325,0.8013772804333172,47,-0.10846438482886217
Ptcd3,0.011794634597594821,0.9372829774289462,47,-0.04070305272895468
Ptdss2,0.043478260869565216,0.7716763966092752,47,0.1763413506012951
Pter,-0.19438020351526367,0.19045031042161042,47,-0.08603145235892694
Ptges2,0.4177844588344126,0.0034780331752386957,47,0.3362627197039778
Ptges3,0.027405180388529144,0.8549113777137032,47,0.040124884366327475
Ptges3l,0.2719703977798335,0.06440611561485976,47,0.1589962997224792
Ptgfrn,0.1551803885291397,0.2976241983800448,47,0.29209065679925994
Ptgr1,0.10383903792784459,0.4873082355086616,47,0.0038159111933395
Ptgr2,0.2502312673450509,0.0898080010667344,47,0.2807585568917669
Ptk2,-0.13101295097132284,0.3800600019329171,47,-0.0003469010175763182
Ptma,-0.09944495837187789,0.5060161934447862,47,-0.18189176688251618
Ptms,-0.027289546716003702,0.8555170424363796,47,-0.052035152636447736
Ptp4a1,-0.12187789084181314,0.414441707586095,47,-0.052035152636447736
Ptpa,0.2829059583154375,0.05399879401421067,47,0.27625682992666273
Ptpmt1,0.13182238667900092,0.3770975872602002,47,0.16073080481036076
Ptpn1,0.13066604995374653,0.3813338269131192,47,0.12014338575393155
Ptpn11,0.17611008325624425,0.23636519026475472,47,0.26954209065679924
Ptpn12,0.2765957446808511,0.05982434630916275,47,0.1399167437557817
Ptpn23,0.11170212765957446,0.4547531642519207,47,0.1311285846438483
Ptpn3,0.32053654024051803,0.02804655384305854,47,0.19969935245143386
Ptprm,0.10013876040703053,0.5030382393031235,47,0.21369102682701202
Ptrh2,0.17414431082331178,0.2417208499319914,47,0.10753931544865865
Puf60,-0.0158418131359852,0.9158298597897395,47,0.006128584643848289
Pum1,0.08765032377428308,0.5579770687287291,47,0.04000925069380204
Pura,-0.08811285846438482,0.555893133509144,47,-0.06833950046253469
Purb,-0.10800185013876042,0.4699236479723067,47,-0.19553654024051806
Pusl1,-0.20432469935245143,0.16831330990934223,47,-0.272895467160037
Pvalb,0.07215541165587419,0.6298192324654469,47,0.0322617946345976
Pvr,0.050416281221091576,0.7364610004321495,47,0.09863552266419984
Pxdn,-0.04845050878815912,0.7463880252162522,47,0.013413506012950974
Pxn,-0.052035152636447736,0.7283175164294838,47,-0.2074468085106383
Pycard,-0.03804347826086957,0.7995869276627383,47,-0.012835337650323776
Pycr2,0.16547178538390378,0.2663298860689494,47,0.14743293246993525
Pycr3,0.05272895467160037,0.7248364422399164,47,0.06822386679000925
Pygb,-0.14737937619988767,0.3228653504536805,47,-0.19484837104496722
Pygl,0.10592044403330249,0.47857427398687746,47,-0.06810823311748382
Pygm,0.4148936170212766,0.0037349349515574367,47,0.32481498612395926
Pym1,-0.10927382053654025,0.46467854766992694,47,-0.199468085106383
Pyroxd1,-0.027636447733580018,0.8537002963685528,47,-0.11910268270120258
Qars1,-0.16211840888066603,0.27627674054889906,47,-0.1764569842738205
Qdpr,0.1250036137089671,0.40248235738968596,47,0.06394726954769547
Qk,-0.11447733580018501,0.44355263714473164,47,-0.11019888991674376
Qrsl1,0.4551341350601295,0.0013073456736245716,47,0.3413506012950972
R3hcc1,0.2458371877890842,0.09578051179708376,47,0.15090194264569845
RGD1302996,0.5116790009250695,0.00023689543548395726,47,0.5440564292321924
RGD1304567,0.04035615171137835,0.7876776570748508,47,0.025323774283071233
RGD1305178,0.2030527289546716,0.17103568880694392,47,0.2657261794634598
RGD1306502,-0.1725254394079556,0.24619289319610782,47,-0.20397779833487512
RGD1306556,-0.09354764107308049,0.5316858024768572,47,-0.09655411655874191
RGD1307554,0.31093894542090655,0.03339224829338079,47,0.2009713228492137
RGD1307947,-0.1305504162812211,0.38175899721534745,47,-0.06764569842738205
RGD1308601,-0.05804810360777059,0.698335171744235,47,-0.03896854764107308
RGD1309534,0.1763413506012951,0.23574048602042275,47,0.1578399629972248
RGD1311345,-0.13841350601295097,0.3534906802874637,47,-0.1954209065679926
RGD1311703,-0.001156336725254394,0.9938452002554498,47,-0.039084181313598525
RGD1311739,0.11378353376503238,0.4463384008959232,47,0.09597594819611471
RGD1359127,0.016304347826086956,0.9133815556835756,47,-0.052960222016651244
RGD1560212,0.1374385660595548,0.35692444546634966,47,0.2123673788866957
RGD1562987,0.22953283996299723,0.12065559579432797,47,0.050069380203515264
RGD1563861,0.02497687326549491,0.8676471590902455,47,-0.04417206290471786
RGD1564804,0.24248381128584648,0.10054163945377145,47,0.21195652173913046
RGD1564899,-0.16269657724329326,0.2745445383482656,47,0.022895467160037
RGD1565323,-0.0645235892691952,0.6665487380360926,47,-0.082099907493062
RGD1565685,-0.2224791859389454,0.13281874897722554,47,-0.2513876040703053
RGD1565784,0.08730342275670674,0.5595424255082047,47,0.17772895467160038
RT1-A1,0.28862164662349676,0.04912529205758359,47,0.3367252543940795
Rab10,0.06591119333950046,0.6598096854234534,47,0.02393617021276596
Rab11b,0.16709065679925994,0.2616142736225334,47,0.2602913968547641
Rab11fip5,0.13876040703052728,0.35227376946586136,47,0.0551572617946346
Rab12,0.050069380203515264,0.7382097951827036,47,-0.004740980573543016
Rab14,0.17992599444958368,0.2262017223193317,47,0.2742830712303423
Rab15,0.00797872340425532,0.957550842644836,47,0.039777983348751156
Rab18,0.04428769657724329,0.7675429029457128,47,0.03630897317298798
Rab1a,0.07828399629972249,0.6009463101150685,47,-0.021739130434782608
Rab21,0.27162349676225717,0.06476072518466637,47,0.2030527289546716
Rab22a,0.025670675300647552,0.8640048308334375,47,0.09597594819611471
Rab28,-0.008094357076780759,0.9569362108843623,47,-0.04544403330249769
Rab2a,0.15390841813135986,0.30165036569484427,47,0.15124884366327476
Rab33b,-0.30337371005131836,0.038176531620925026,47,-0.31105457909343204
Rab35,0.23820536540240517,0.10687830847390728,47,0.29891304347826086
Rab3a,0.22259481961147087,0.13261222735121644,47,0.055735430157261796
Rab3gap2,-0.012488436632747455,0.9336017522402233,47,0.030642923219241447
Rab4a,-0.005434782608695652,0.9710782863539918,47,-0.04000925069380204
Rab5a,-0.17240980573543013,0.2465144546155045,47,-0.15668362627197038
Rab5b,0.29891304347826086,0.041252067512428416,47,0.31024514338575393
Rab5c,0.056544865864939876,0.7057903165546865,47,0.00393154486586494
Rab6a,0.17079093432007403,0.2510461807854983,47,0.06880203515263644
Rab7a,-0.29370952821461616,0.045092951889301416,47,-0.3373034227567067
Rab8a,0.09655411655874191,0.5185201042322276,47,0.1349444958371878
Rab8b,0.01931082331174838,0.8974879270533871,47,-0.053422756706753005
Rab9a,-0.14095744680851063,0.3446262955694584,47,-0.12049028677150787
Rabac1,-0.013413506012950974,0.9286955984880712,47,-0.010638297872340425
Rabep1,0.2171600370027752,0.14258099424466059,47,0.19599907493061983
Rabep2,-0.12303422756706754,0.4099939671567277,47,0.019888991674375578
Rabgap1,0.08129047178538391,0.5869969356840056,47,0.0551572617946346
Rabgef1,0.025786308973172987,0.8633980454147693,47,0.1885985198889917
Rabggta,0.18154486586493987,0.22198235372472777,47,0.166049953746531
Rabggtb,0.018848288621646624,0.8999306726189984,47,0.21114708603145235
Rabl3,-0.17414431082331178,0.2417208499319914,47,-0.2021276595744681
Rabl6,-0.014801110083256245,0.9213413316425942,47,0.0322617946345976
Rac1,0.4139685476410731,0.0038205894090680074,47,0.39535152636447735
Rack1,0.13563829787234044,0.3633181693868295,47,0.006359851988899168
Rad21,-0.14801110083256244,0.320772569920565,47,-0.184204440333025
Rad23a,0.2797178538390379,0.05688207648556227,47,0.2567067530064755
Rad23b,0.11320536540240518,0.4486672028477922,47,0.14847363552266418
Rad50,-0.07990286771507862,0.5934171085622651,47,-0.09192876965772433
Rae1,0.4021739130434782,0.005073655471600565,47,0.3784690101757632
Raf1,0.2554347826086957,0.08311448031699098,47,0.15772432932469935
Rai14,0.016188714153561518,0.9139935581419688,47,-0.012488436632747455
Rala,-0.0311054579093432,0.8355755494355094,47,-0.0017345050878815912
Raly,0.06568182477954979,0.6609218188071723,47,0.15952126282286785
Ramac,-0.0196577243293247,0.8956564824686472,47,-0.21080018501387607
Ran,0.07007400555041628,0.6397537412479156,47,0.10360777058279372
Ranbp1,-0.1138991674375578,0.445873439752262,47,-0.08256244218316375
Ranbp10,-0.20513413506012948,0.1665973313164787,47,-0.17240980573543013
Ranbp2,0.023358001850138765,0.8761563629980397,47,0.11251156336725254
Ranbp3,0.22166975023126734,0.13427114216484756,47,0.2062904717853839
Rangap1,-0.012604070305272894,0.9329883460030182,47,0.039662349676225714
Rangrf,0.07897779833487512,0.597714403312969,47,0.16385291396854768
Rap1a,0.00971322849213691,0.9483341240587477,47,-0.03630897317298798
Rap1b,-0.048681776133209995,0.7452179915791818,47,-0.10268270120259021
Rap1gds1,0.1261563367252544,0.3981229032908533,47,0.16709065679925994
Rap2c,-0.07169287696577244,0.6320213971461639,47,-0.07319611470860314
Rapgef1,0.03746530989824237,0.8025714097364854,47,-0.032839962997224796
Rapgef2,-0.05538852913968548,0.7115437119896957,47,-0.03630897317298798
Raph1,0.06255781683626273,0.6761403024431636,47,0.08337187789084183
Rarres2,-0.10372340425531915,0.48779588127456597,47,-0.11066142460684553
Rars1,0.21843200740055502,0.1401995224957089,47,0.18489824236817762
Rasa1,0.2031164176501394,0.17089862381212423,47,0.20524976873265496
Rasa4,0.384481961147086,0.007623054063029911,47,0.38644773358001844
Rasip1,0.20536540240518042,0.16610939393108073,47,0.1399167437557817
Rb1cc1,0.11447733580018501,0.44355263714473164,47,0.11713691026827013
Rbbp4,0.245259019426457,0.09658870988873619,47,0.22802960222016652
Rbbp6,-0.03561517113783534,0.8121402678826464,47,-0.21033765032377427
Rbbp7,-0.15760869565217395,0.29003468522842263,47,-0.07180851063829788
Rbbp9,-0.11563367252543942,0.43893109672572705,47,-0.10349213691026828
Rbck1,0.21299722479185937,0.1505846994939624,47,0.08244680851063829
Rbfa,0.3925763182238668,0.006344541329248983,47,0.48242368177613326
Rbfox1,0.020467160037002774,0.8913852168494352,47,0.09227567067530064
Rbks,0.12557816836262722,0.4003060173329749,47,-0.010638297872340425
Rbm10,-0.0437095282146161,0.770494753734595,47,-0.000578168362627197
Rbm14,-0.08926919518963922,0.5506994125197281,47,-0.13124421831637373
Rbm15,0.015148011100832562,0.9195037559542265,47,0.010407030527289547
Rbm17,-0.10696114708603147,0.4742384896025312,47,-0.07527752081406106
Rbm20,0.2678075855689177,0.06876502631879242,47,0.25150323774283073
Rbm22,0.318686401480111,0.029017544035803595,47,0.46542553191489366
Rbm24,0.25521089311349715,0.08339419937791491,47,0.20918736096162946
Rbm25l1,0.21727567067530068,0.14236326515943729,47,0.1925300647548566
Rbm26,-0.02809898242368178,0.8512791355289308,47,0.05666049953746531
Rbm27,0.02370490286771508,0.8743317638555702,47,0.06487049028677151
Rbm3,0.29532839962997226,0.04386800164480842,47,0.219472710453284
Rbm39,0.011621520053423862,0.9382017060848395,47,-0.07331174838112858
Rbm4b,0.14650786308973174,0.3257665890902913,47,0.1746068455134135
Rbm6,0.18559204440333027,0.21167316000979433,47,0.1261563367252544
Rbm8a,0.20582793709528213,0.16513663600162484,47,0.10164199814986126
Rbms1,0.0956290471785384,0.5225536783088136,47,0.022548566142460685
Rbmx,0.22259481961147087,0.13261222735121644,47,0.08753469010175763
Rbmxl1,0.17449121184088806,0.24076978827919288,47,0.17564754856614245
Rbp1,0.5083256244218316,0.00026437216299805204,47,0.46658186864014806
Rbp4,0.1067329652667684,0.4751873535059562,47,0.09141106071872201
Rbx1,0.07828399629972249,0.6009463101150685,47,0.05758556891766882
Rcan1,-0.2469935245143386,0.09417981607564455,47,-0.27567067530064754
Rcc1,0.021160962072155412,0.8877265494725741,47,-0.04451896392229418
Rcc1l,0.014454209065679928,0.9231793131725047,47,0.09655411655874191
Rcc2,0.32493061979648474,0.025848434949301433,47,0.2568223866790009
Rcn1,0.3007631822386679,0.03995269622456165,47,0.2524283071230342
Rcn2,0.05330712303422758,0.7219397358055029,47,0.143154486586494
Rcn3,0.11112395929694727,0.45710582640898234,47,-0.008094357076780759
Rcsd1,0.22860777058279372,0.12220094354667796,47,0.14777983348751159
Rdh11,0.41616558741905646,0.0036199147817784715,47,0.4375578168362627
Rdh13,0.4591813135985199,0.0011679275014062883,47,0.400786308973173
Rdh14,-0.04521276595744681,0.7628267277201265,47,-0.11308973172987975
Rdx,0.0971322849213691,0.5160070402166591,47,0.1540240518038853
Recql,0.11170212765957446,0.4547531642519207,47,0.06278908418131361
Reep1,0.186054579093432,0.21051662422800335,47,0.18640148011100832
Reep5,-0.10060129509713228,0.5010579193921045,47,-0.08903792784458836
Rel,0.19969935245143386,0.17836529694151224,47,0.06810823311748382
Rela,0.04937557816836263,0.7417113062295493,47,0.10719241443108232
Relch,-0.22583256244218317,0.12692668306780563,47,-0.21820074005550416
Renbp,0.20605920444033304,0.1646518135665031,47,0.27913968547641077
Rer1,-0.03503700277520814,0.8151361740758841,47,-0.11424606845513413
Retsat,0.22016651248843666,0.13699987334437144,47,0.15194264569842741
Rexo2,0.3695652173913044,0.01056988195820642,47,0.3001850138760407
Rfesd,0.16593432007400555,0.2649768394664171,47,0.15298334875115635
Rfk,0.0853376503237743,0.5684514419263105,47,0.08580018501387604
Rftn1,0.15194264569842741,0.3079411993218027,47,0.18755781683626271
Rgl2,-0.03434320074005551,0.8187347083387989,47,0.07342738205365404
Rgn,-0.11944958371877891,0.4238711725305806,47,-0.244218316373728
Rheb,0.047178538390379283,0.7528332477443379,47,-0.004047178538390379
Rhoa,0.28873728029602225,0.04903050727846808,47,0.28596207215541164
Rhob,-0.27602555589574884,0.060374631022325244,47,-0.27914775531308655
Rhoc,0.3004162812210916,0.0401937392922179,47,0.325277520814061
Rhog,0.07816836262719705,0.6014857018410968,47,-0.07446808510638299
Rhoq,0.0694958371877891,0.642524537559874,47,-0.02983348751156337
Rhot1,0.04081868640148012,0.7853014543202832,47,-0.0463691026827012
Ric8a,0.09747918593894543,0.5145021374860006,47,0.14558279370952823
Rida,0.00543493972647683,0.971077450590686,47,0.061285846438482894
Rilp,-0.02798334875115634,0.8518842996642725,47,-0.056544865864939876
Rilpl1,0.4377890841813136,0.0020876607160037817,47,0.3951202590194265
Rimoc1,0.057123034227567066,0.7029196777134267,47,0.02197039777983349
Rint1,0.24502775208140612,0.09691346090366947,47,0.2598288621646624
Riok3,0.29671600370027756,0.042839773829041965,47,0.27266419981498613
Riox2,0.0524976873265495,0.7259961937989374,47,0.0818686401480111
Ripk2,0.11713691026827013,0.43296325805137553,47,0.12430619796484736
Ripor1,-0.17102220166512488,0.25039537559761416,47,-0.13297872340425532
Rmc1,0.1904486586493987,0.19974946198453133,47,0.24283071230342276
Rmdn1,0.08198427382053654,0.5837985515410381,47,0.012488436632747455
Rmdn3,-0.10245143385753931,0.4931767336635877,47,-0.14789546716003701
Rmnd1,0.008094357076780759,0.9569362108843623,47,0.006938020351526365
Rmnd5a,-0.014512445439847706,0.9228707321402317,47,-0.002717469863238415
Rnase4,0.20138186241828512,0.17466004084612102,47,0.20704807617567586
Rnaset2,0.1358695652173913,0.3624929606922002,47,0.11806197964847363
Rnf10,-0.09921369102682702,0.5070108325513609,47,-0.10233580018501388
Rnf114,0.1769195189639223,0.23418366652827088,47,0.1267345050878816
Rnf121,0.09019426456984274,0.546561120353786,47,0.12268732654949122
Rnf123,0.18293246993524515,0.21840936058202876,47,0.143154486586494
Rnf126,-0.22317298797409804,0.13158322168062217,47,-0.14731729879740982
Rnf14,0.00393154486586494,0.9790757982636723,47,0.04093432007400555
Rnf181,-0.16732192414431085,0.2609451955667307,47,-0.054463459759481955
Rnf2,-0.03839037927844589,0.7977975920733222,47,-0.014107308048103607
Rnf214,0.08048103607770583,0.590738261236085,47,-0.022317298797409804
Rnf25,0.20952821461609622,0.1575033083691979,47,0.07238667900092507
Rnf31,-0.0698427382053654,0.6408614799621944,47,-0.04995374653098982
Rnf7,0.04486586493987049,0.7645943068716942,47,-0.008094357076780759
Rnh1,0.18501387604070305,0.21312505973758214,47,0.1666281221091582
Rnmt,-0.1305504162812211,0.38175899721534745,47,-0.09077243293246993
Rnpep,0.056082331174838115,0.7080897462701784,47,0.10430157261794637
Rnps1,-0.06382978723404256,0.6699280823099741,47,0.0006938020351526364
Ro60,0.08117483811285846,0.5875307610804442,47,0.02208603145235893
Rock1,0.02624884366327475,0.860971685597658,47,-0.12338112858464385
Rock2,0.34054116558741904,0.019167673415276993,47,0.28584643848288627
Romo1,0.14754856614246067,0.322304015602116,47,0.27948658649398705
Rpa1,0.3474791859389454,0.016704452930563014,47,0.33337187789084183
Rpa2,0.19935245143385755,0.1791362235908975,47,0.2088344125809436
Rpain,0.0912349676225717,0.5419234068727852,47,0.004278445883441258
Rpap2,0.20282146160962072,0.17153407005340282,47,0.22421369102682703
Rpap3,-0.06290471785383904,0.6744439253534182,47,-0.02590194264569843
Rpe,0.2597132284921369,0.07790896767415484,47,0.28977798334875116
Rpia,-0.06741443108233117,0.6525390381995726,47,0.00046253469010175765
Rpl10,0.21820074005550416,0.14063030364888277,47,0.164199814986124
Rpl10a,-0.061054579093432,0.6835095473415387,47,-0.07319611470860314
Rpl11,-0.02035152636447734,0.8919952141094039,47,-0.054232192414431085
Rpl12,0.10638297872340426,0.4766446800558218,47,0.05885753931544866
Rpl13,0.1572617946345976,0.2911111235725066,47,0.10615171137835339
Rpl13a,0.15552728954671602,0.29653220359098703,47,0.03619333950046254
Rpl14,0.057645052205291494,0.7003313387715632,47,0.10534532108128494
Rpl15,-0.12176225716928771,0.4148879927040796,47,-0.17345050878815912
Rpl17,0.35164199814986125,0.015359594959974337,47,0.36655874190564297
Rpl18,0.040124884366327475,0.7888664764003296,47,0.1070767807585569
Rpl18a,0.0469472710453284,0.7540069115045424,47,0.10037002775208143
Rpl19,-0.0393154486586494,0.7930310696291755,47,-0.04555966697502313
Rpl21,-0.2666512488436633,0.07001649749860404,47,-0.17136910268270122
Rpl23,0.0032377428307123037,0.9827676902159354,47,-0.0009250693802035153
Rpl23a,-0.08707215541165589,0.5605871390078185,47,-0.1488205365402405
Rpl24,0.13003382388134457,0.38366187096676513,47,0.12893154486586494
Rpl26,0.08487511563367253,0.5705571620734665,47,-0.02000462534690102
Rpl27,-0.15564292321924145,0.2961687815768854,47,-0.14743293246993525
Rpl27a,-0.08880666049953746,0.5527741298377703,47,-0.07400555041628122
Rpl28,0.17819148936170215,0.23078347883104056,47,0.12546253469010177
Rpl29,0.04290009250693802,0.7746327382295526,47,-0.08684088806660499
Rpl3,0.3148704902867715,0.031108639152350494,47,0.2088344125809436
Rpl30,-0.19438020351526367,0.19045031042161042,47,-0.3770814061054579
Rpl31,0.44763088683386826,0.0016055493421637055,47,0.30025151063398064
Rpl32,0.04093432007400555,0.7847077046376816,47,-0.042321924144310824
Rpl34,0.21600370027752083,0.1447718854015914,47,0.18501387604070305
Rpl35,-0.20282146160962072,0.17153407005340282,47,-0.16258094357076783
Rpl35al1,0.12453746530989825,0.40425309374117624,47,0.032839962997224796
Rpl36,-0.2611008325624422,0.07627693168936005,47,-0.17772895467160038
Rpl39,0.2882747456059204,0.049410538059608766,47,0.20559666975023128
Rpl3l,0.32331174838112864,0.026640901664535085,47,0.32654949121184096
Rpl4,0.18825161887141537,0.20508341393855833,47,0.14222941720629048
Rpl5,0.021739130434782608,0.8846794214500923,47,0.07400555041628122
Rpl6,-0.04081868640148012,0.7853014543202832,47,-0.02162349676225717
Rpl7,0.05885753931544866,0.69433242695911,47,0.11436170212765959
Rpl7a,-0.032377428307123035,0.8289503755274562,47,0.015148011100832562
Rpl8,0.014107308048103607,0.9250176911145279,47,0.09262257169287696
Rpl9,-0.030296022201665124,0.8397974764607533,47,0.1070767807585569
Rplp0,0.07354301572617947,0.6232318495435446,47,-0.03734967622571692
Rplp1,-0.21137835337650326,0.15378498918766711,47,-0.14604532839962997
Rplp2,-0.32089271789304685,0.027862765601781976,47,-0.30747882410004024
Rpn1,0.015032377428307124,0.9201162355083593,47,-0.029139685476410732
Rpn2,0.3152173913043479,0.030913518292176877,47,0.3330249768732655
Rpp30,0.0043940795559666975,0.9766147728090515,47,-0.051225716928769656
Rprd1b,0.40795559666975023,0.0044205592700055805,47,0.4362858464384829
Rprd2,0.07284921369102683,0.626521942749596,47,-0.04821924144310824
Rps10,0.23924606845513416,0.10530952629523924,47,0.13332562442183166
Rps11,-0.24340888066604996,0.0992103926159128,47,-0.40818686401480114
Rps12,0.0021970397779833488,0.988306172955524,47,-0.1754162812210916
Rps13,0.20675300647548567,0.16320356096959615,47,0.12199352451433858
Rps14,-0.1687095282146161,0.2569547490873054,47,-0.2006244218316374
Rps15,0.023242368177613326,0.8767647045448809,47,-0.03330249768732655
Rps15a,0.07747456059204441,0.6047264745240336,47,-0.006244218316373728
Rps16,0.04209065679925994,0.7787769174478459,47,-0.016535615171137837
Rps17,-0.05533231189615241,0.7118238309736441,47,-0.11736817761332101
Rps18,0.06406105457909343,0.6688009127013966,47,0.009366327474560593
Rps19,-0.051572617946345975,0.730641249230115,47,-0.08117483811285846
Rps2,0.03850601295097132,0.7972013744241113,47,-0.049028677150786314
Rps20,-0.1572617946345976,0.2911111235725066,47,-0.21438482886216464
Rps21,-0.03249306197964848,0.8283486622234498,47,0.03688714153561517
Rps23,-0.030296022201665124,0.8397974764607533,47,-0.04336262719703978
Rps24,0.01387644185483446,0.9262413655816701,47,-0.08296955859036437
Rps25,0.11644310823311749,0.4357119892940456,47,-0.07134597594819611
Rps27,0.09401017576318225,0.5296497088447164,47,0.09620721554116558
Rps27a,-0.10383903792784459,0.4873082355086616,47,-0.12314986123959297
Rps27l,0.09458834412580942,0.527109989471078,47,-0.06440795559666974
Rps28,-0.06059204440333025,0.6857829201347188,47,-0.09539777983348752
Rps29,0.02208603145235893,0.8828519325379556,47,-0.0030064754856614245
Rps3,0.03619333950046254,0.8091470165657795,47,0.016882516188714156
Rps3a,0.09944495837187789,0.5060161934447862,47,0.11424606845513413
Rps4x,0.2797178538390379,0.05688207648556227,47,0.19923681776133212
Rps5,0.1764569842738205,0.2354285575402608,47,0.06036077705827937
Rps6,0.004162812210915819,0.9778452600661148,47,0.024167437557816838
Rps6ka2,0.19322386679000922,0.19315277496341912,47,0.22328862164662353
Rps6ka3,0.3361470860314523,0.020881133468241525,47,0.3701433857539315
Rps6ka5,0.13425069380203516,0.3682932348564072,47,0.051572617946345975
Rps6kb1,0.10256706753006474,0.492686299316862,47,0.0753931544865865
Rps6kb2,-0.040124884366327475,0.7888664764003296,47,-0.07770582793709528
Rps7,0.2960222016651249,0.0433513995556254,47,0.23693339500462537
Rps8,-0.13621646623496764,0.36125727623703646,47,-0.05538852913968548
Rpsa,0.2503469010175763,0.08965483590494466,47,0.19576780758556891
Rptor,0.042437557816836266,0.7770000890369874,47,0.05770120259019427
Rpusd4,-0.1103145235892692,0.4604106210717355,47,-0.08672525439407956
Rrad,0.34458834412580946,0.01769604815876052,47,0.35279833487511564
Rraga,0.13101295097132284,0.3800600019329171,47,0.05145698427382053
Rragc,0.09898242368177614,0.5080064632483506,47,0.14523589269195192
Rragd,0.09956059204440333,0.5055192461651371,47,0.11910268270120258
Rras2,-0.1857076780758557,0.21138361097037084,47,-0.22710453283996299
Rrbp1,-0.04532839962997225,0.7622377996199787,47,0.11852451433857539
Rrm1,0.030874190564292324,0.8367813526858259,47,-0.04336262719703978
Rrm2b,0.1914893617021277,0.19725732518045017,47,0.12245605920444033
Rrp12,-0.05689176688251619,0.7040674447966342,47,-0.19114246068455135
Rsu1,-0.1425763182238668,0.3390573358068175,47,-0.13401942645698428
Rtca,0.11216466234967623,0.4528757905742464,47,0.06648936170212766
Rtcb,-0.04116558741905643,0.7835205687098219,47,-0.007516188714153562
Rtf1,0.05989824236817761,0.6891981326799113,47,0.08649398704902868
Rtn2,0.37881591119333957,0.008645628415544499,47,0.22456059204440335
Rtn3,-0.20316836262719704,0.17078689144021791,47,-0.21288159111933397
Rtn4,0.266304347826087,0.07039543946818909,47,0.164199814986124
Rtn4ip1,0.18096669750231267,0.22348297243132909,47,0.17287234042553193
Rtraf,0.059320074005550415,0.6920488286161653,47,-0.014222941720629047
Rufy1,0.3094357076780759,0.034301231998273445,47,0.29729417206290476
Rufy3,0.33286114899284164,0.022245201925921197,47,0.26133965493271566
Ruvbl1,0.2656105457909343,0.07115819894111473,47,0.23531452358926921
Ruvbl2,0.039777983348751156,0.790650595634963,47,0.12002775208140612
Rwdd1,0.07782146160962072,0.6031051419455361,47,0.058279370952821465
Rwdd4,0.2385522664199815,0.10635340569443819,47,0.2246762257169288
Rxra,-0.24109620721554115,0.10256424676994871,47,-0.19530527289546717
Rxrg,-0.008556891766882516,0.9544779347495915,47,0.0114477335800185
Ryr1,0.3722247918593895,0.009982231850762567,47,0.3264338575393155
Ryr3,-0.026595744680851064,0.8591527461840867,47,0.01572617946345976
S100a10,0.0971322849213691,0.5160070402166591,47,0.03561517113783534
S100a11,0.14714810216897375,0.3236336624184871,47,0.025266687877344415
S100a13,0.004740980573543016,0.9747691436227004,47,0.036424606845513414
S100a4,0.11332099907493062,0.4482009100461478,47,0.04798797409805736
S100a6,0.13956984273820539,0.34944429022661533,47,0.15043940795559665
S100a9,0.48022664199814985,0.0006351474107853692,47,0.5455596669750231
Saa4,0.0748149861239593,0.6172188796946316,47,0.009019426456984274
Sacm1l,0.014916743755781685,0.9207287608541542,47,0.03307123034227567
Sacs,0.4087650323774283,0.004335269159278563,47,0.3450508788159112
Sae1,0.11783071230342276,0.43022424891716937,47,0.0797872340425532
Safb,0.10742368177613322,0.4723181903368205,47,0.09412580943570768
Samd4a,0.012604070305272894,0.9329883460030182,47,0.028214616096207214
Samm50,0.16315911193339502,0.2731639478028884,47,0.10187326549491212
Sap18,-0.13575393154486587,0.36290542317058366,47,-0.0035846438482886223
Sar1a,0.15807123034227566,0.2886034661423735,47,0.15679925994449584
Sar1b,0.3693339500462535,0.010622358408220234,47,0.2706984273820537
Saraf,0.06093894542090657,0.6840776316186891,47,0.033880666049953746
Sarnp,0.10274348823350349,0.49193853733220844,47,0.038911855701264965
Sars1,0.14546716003700277,0.3292524398897692,47,0.2860777058279371
Sars2,0.4663506012950972,0.0009531928095289779,47,0.45860314523589274
Sart1,0.04631262469051001,0.7572305068763724,47,0.11690564292321923
Sbds,0.1041859389454209,0.48584682557300374,47,0.14280758556891765
Sbf1,0.12922436477314592,0.3866547803833819,47,0.12754394079555967
Sbk2,0.18848288621646622,0.20451728128765914,47,0.028561517113783533
Sbspon,0.06382978723404256,0.6699280823099741,47,0.12927844588344126
Scamp1,-0.006591119333950046,0.9649282250179284,47,0.04000925069380204
Scamp3,0.047178538390379283,0.7528332477443379,47,-0.0016188714153561518
Scarb2,0.5648704902867716,3.5295594878132485e-05,47,0.5549259944495837
Sccpdh,-0.12685013876040704,0.39551233712647366,47,-0.07874653098982425
Scfd1,-0.0354995374653099,0.812739238038699,47,0.05700740055504163
Scfd2,0.4246769392656629,0.002927202469458541,47,0.3030267990049475
Schip1,0.4030989824236818,0.004963814045519845,47,0.5072849213691026
Scly,0.15529602220166513,0.2972599119893997,47,0.10487974098057354
Scn1b,0.2502312673450509,0.0898080010667344,47,0.2835337650323774
Scn4a,0.4835800185013876,0.0005743051255996989,47,0.49861239592969475
Scn4b,0.07227104532839965,0.6292691866977549,47,0.04151248843663275
Sco1,-0.06290471785383904,0.6744439253534182,47,-0.10753931544865865
Scp2,-0.22028214616096206,0.1367885150199331,47,-0.3066604995374653
Scpep1,-0.05180388529139686,0.7294790827489529,47,-0.008672525439407955
Scrib,0.14535152636447735,0.32964119276603426,47,0.1742599444958372
Scrn1,0.150786308973173,0.3116805806556439,47,0.08556891766882516
Scrn2,0.17934782608695657,0.22772195194085829,47,0.1757631822386679
Scrn3,-0.1662812210915819,0.2639650629176083,47,-0.032377428307123035
Scyl1,-0.06776133209990749,0.6508656855390276,47,-0.10788621646623497
Scyl2,-0.008556891766882516,0.9544779347495915,47,0.05619796484736356
Sdf2,-0.08290934320074006,0.5795462837781931,47,0.005203515263644773
Sdha,0.4188251618871416,0.003389426386635662,47,0.32319611470860315
Sdhaf4,0.023011100832562442,0.8779815983347597,47,-0.004740980573543016
Sdhb,0.29347826086956524,0.04527019723648139,47,0.21635060129509714
Sdhc,0.10811748381128584,0.4694455185096089,47,0.06417668825161887
Sdhd,0.294981498612396,0.044128179542616525,47,0.2541628122109158
Sdr39u1,0.5574699352451434,4.6911523321297834e-05,47,0.5079787234042553
Sec11a,0.13182238667900092,0.3770975872602002,47,0.11713691026827013
Sec13,-0.014569842738205366,0.9225666081509715,47,-0.10904255319148937
Sec16a,-0.022432932469935246,0.8810250458894383,47,-0.050878815911193344
Sec22b,-0.05030064754856614,0.7370437859690941,47,-0.025092506938020356
Sec23a,0.35418593894542094,0.014583953544571118,47,0.3175300647548566
Sec23ip,0.1854764107308048,0.2119629859119535,47,0.16558741905642924
Sec24a,-0.12950971322849214,0.3855981602881507,47,-0.03260869565217391
Sec24b,-0.1589962997224792,0.285754849600573,47,-0.07493061979648474
Sec24c,0.09586031452358927,0.5215438266397787,47,0.09759481961147086
Sec31a,-0.019195189639222943,0.8980985263380148,47,-0.024398704902867715
Sec31b,0.06093894542090657,0.6840776316186891,47,0.0889222941720629
Sec61a2,0.21577243293246995,0.14521303796559357,47,0.1347132284921369
Sec61b,-0.2351988899167438,0.11151090046387518,47,-0.2555504162812211
Sec62,0.04174375578168363,0.780554863781301,47,0.051225716928769656
Sec63,0.13852913968547642,0.35308475836128567,47,0.06810823311748382
Sel1l,0.1496299722479186,0.3154487603547059,47,0.17888529139685477
Selenof,0.046831637372802964,0.7545939495198117,47,-0.09042553191489362
Selenok,0.4261100832562442,0.0028228498526951607,47,0.4042553191489362
Selenoo,0.1912580943570768,0.197809223702864,47,0.11297409805735432
Selenop,0.3004162812210916,0.0401937392922179,47,0.3058510638297872
Selenos,0.07909343200740057,0.5971764949382798,47,-0.04266882516188715
Selenot,0.22953283996299723,0.12065559579432797,47,0.19010175763182238
Selenow,0.09516651248843665,0.5245762892260871,47,0.056082331174838115
Sema3c,0.20871877890841814,0.15915060675075451,47,0.22872340425531917
Sema4d,-0.20016188714153563,0.17734110916143828,47,-0.18617021276595747
Sema7a,0.4425300647548566,0.0018413951639898115,47,0.43570767807585564
Sephs1,0.16443108233117484,0.2693910117130544,47,0.23843663274745605
Sephs2,0.08776595744680853,0.5574557408881813,47,0.14581406105457909
Septin11,-0.13575393154486587,0.36290542317058366,47,-0.26329787234042556
Septin2,0.026480111008325622,0.859758979553501,47,0.07134597594819611
Septin4,-0.1108926919518964,0.458048737442956,47,0.06868640148011101
Septin5,-0.346322849213691,0.017095284228212815,47,-0.30527289546716
Septin7,0.05966697502312674,0.6903379021531417,47,0.06001387604070306
Septin8,-0.012488436632747455,0.9336017522402233,47,-0.12592506938020354
Septin9,0.04740980573543016,0.7516601357267246,47,0.09401017576318225
Serbp1,0.1267345050878816,0.39594673602774855,47,0.06926456984273821
Serf2,0.02971785383903793,0.8428158749120465,47,0.023242368177613326
Sergef,-0.11771507863089732,0.4306800742474704,47,-0.005666049953746532
Serhl2,0.34354764107308045,0.018065014076494836,47,0.23057354301572622
Serpinb1a,0.4714384828862164,0.0008229877306999259,47,0.4187095282146161
Serpinb6a,-0.10800185013876042,0.4699236479723067,47,-0.05469472710453284
Serpinb9,-0.020814061054579093,0.8895555990540835,47,0.022895467160037
Serpine2,0.29567530064754854,0.04360907641268822,47,0.28596207215541164
Serpinf1,0.13933857539315447,0.35025128663857547,47,0.10684551341350601
Serping1,-0.06255781683626273,0.6761403024431636,47,-0.08614708603145237
Serpinh1,0.17888529139685477,0.22894318953203643,47,0.14639222941720628
Sesn1,0.28422756706753005,0.05283864026218595,47,0.2901248843663275
Set,0.2314986123959297,0.11742085225571176,47,0.2540471785383904
Setd3,0.1141304347826087,0.4449443177141847,47,0.10117946345975948
Setd6,0.025092506938020356,0.8670399137302268,47,-0.012141535615171138
Setd7,0.14003237742830713,0.3478337222984347,47,0.19472710453283998
Sf1,0.1299722479185939,0.3838890603061895,47,0.1746068455134135
Sf3a1,-0.17449121184088806,0.24076978827919288,47,-0.29613783533765037
Sf3a2,0.11505550416281221,0.44123851771539635,47,0.017691951896392232
Sf3a3,0.14049491211840887,0.34622772318929135,47,0.05018501387604071
Sf3b1,0.013529139685476409,0.9280825096377574,47,0.016188714153561518
Sf3b2,0.13193802035152638,0.37667551116612524,47,0.09204440333024977
Sf3b3,0.02092969472710453,0.8889458522660548,47,0.05434782608695653
Sf3b5,0.12592506938020354,0.39899531589617626,47,0.07365864939870491
Sf3b6,-0.13482886216466233,0.3662153328264904,47,-0.07620259019426458
Sfpq,0.08637835337650324,0.5637267443201465,47,0.12846901017576318
Sfxn3,0.11551803885291397,0.4393920443236791,47,0.1244218316373728
Sfxn5,0.12153098982423681,0.4157813858776107,47,0.12060592044403332
Sgca,-0.26549491211840887,0.07128595947975705,47,-0.15575855689176688
Sgcb,0.08903792784458836,0.5517363082508526,47,0.18061979648473636
Sgcd,0.17611008325624425,0.23636519026475472,47,0.36840888066605
Sgcg,-0.1326934752368545,0.37392494984583646,47,-0.17449625632454333
Sgpl1,0.24444958371877892,0.09772902916051705,47,0.21137835337650326
Sgta,0.23450508788159113,0.11260138024016919,47,0.13240055504162812
Sgtb,0.2676919518963922,0.06888936860538078,47,0.22756706753006475
Sh2b1,0.2397086031452359,0.10461798281988903,47,0.26422294172062905
Sh3bgr,0.02555504162812211,0.864611693758799,47,0.02092969472710453
Sh3bgrl,-0.026480111008325622,0.859758979553501,47,-0.08290934320074006
Sh3bgrl3,0.16917206290471787,0.255633744199224,47,0.09794172062904717
Sh3bp5,-0.07678075855689177,0.6079747917112882,47,-0.0469472710453284
Sh3gl1,0.08383441258094358,0.5753081134600689,47,0.0748149861239593
Sh3glb1,0.27867715078630895,0.05784962197642965,47,0.3608926919518964
Sh3kbp1,0.13806660499537465,0.3547101554120364,47,0.07828399629972249
Sh3rf2,0.25531914893617025,0.08325885681051805,47,0.24814986123959298
Sharpin,0.10788621646623497,0.4704020372971443,47,0.14673913043478262
Shc1,-0.17136910268270122,0.24942130369116097,47,-0.18166049953746533
Shmt1,-0.17657261794634596,0.23511691141001642,47,-0.22051341350601295
Shmt2,0.47444495837187795,0.0007537664285093969,47,0.43455134135060136
Shoc2,-0.026827012025901948,0.8579405204442166,47,0.09030989824236818
Siah1,0.06672062904717854,0.6558908102320286,47,0.0034690101757631825
Sik3,-0.02948743894152323,0.8440194085650021,47,-0.07585568917668825
Sike1,0.008094357076780759,0.9569362108843623,47,0.03122109158186864
Sil1,0.21831637372802962,0.14041479031576026,47,0.22074468085106386
Sirt2,-0.05874190564292322,0.6949037466400331,47,-0.05920444033302498
Sirt3,-0.20478723404255322,0.1673311880679318,47,-0.18512950971322847
Sirt5,0.08267807585568918,0.5806080334874403,47,0.20478723404255322
Skiv2l,-0.008788413174728492,0.9532476020977256,47,0.09308779744284784
Skp1,0.2177382053654024,0.14149481484423668,47,0.2888529139685476
Slain2,0.0354995374653099,0.812739238038699,47,-0.0463691026827012
Slc12a2,0.23392691951896394,0.11351630177971214,47,0.19183626271970397
Slc16a1,0.04463459759481961,0.765773352236539,47,-0.034574468085106384
Slc16a3,0.13066604995374653,0.3813338269131192,47,0.0645235892691952
Slc25a11,0.24109620721554115,0.10256424676994871,47,0.2598288621646624
Slc25a12,0.2503469010175763,0.08965483590494466,47,0.24572155411655874
Slc25a13,0.004740980573543016,0.9747691436227004,47,-0.0622109158186864
Slc25a20,-0.07724329324699351,0.6058084111536323,47,-0.0469472710453284
Slc25a24,-0.19588344125809434,0.18697747042039736,47,-0.1492830712303423
Slc25a3,0.31336725254394077,0.03196599994917148,47,0.2549722479185939
Slc25a4,0.18177613320999075,0.22138406322290255,47,0.11251156336725254
Slc25a42,0.294981498612396,0.044128179542616525,47,0.24791859389454213
Slc25a46,-0.01561054579093432,0.9170543026320117,47,-0.06001387604070306
Slc25a5,0.294981498612396,0.044128179542616525,47,0.2526595744680851
Slc25a51,-0.15703052728954672,0.2918301892851604,47,-0.18825161887141537
Slc27a1,0.3835568917668825,0.007782480622689098,47,0.2930157261794635
Slc27a4,0.0933163737280296,0.5327052845436624,47,0.10626734505087881
Slc2a4,0.458950046253469,0.0011755214079832317,47,0.3667900092506939
Slc30a9,0.11690564292321923,0.4338784227882954,47,0.17668825161887144
Slc37a4,0.14685476410730808,0.32460981074709616,47,0.1261563367252544
Slc3a2,-0.10395467160037004,0.486820844198798,47,-0.11991211840888069
Slc41a3,0.18686401480111012,0.20850333031840415,47,0.184204440333025
Slc43a1,-0.11343663274745605,0.4477348833238091,47,-0.1927613320999075
Slc43a2,0.4867021276595745,0.0005224251018505962,47,0.3995143385753931
Slc44a2,0.42102220166512483,0.003208860741289168,47,0.4486586493987049
Slc4a1,0.6140148011100832,4.42936755702634e-06,47,0.5771276595744681
Slc4a1ap,-0.015148011100832562,0.9195037559542265,47,0.12153098982423681
Slc9a3r1,0.2975254394079556,0.04224912106249046,47,0.2702358926919519
Slc9a3r2,0.11482423681776134,0.44216336252385174,47,0.13482886216466233
Slirp,-0.18293246993524515,0.21840936058202876,47,-0.1774976873265495
Slk,0.09551341350601295,0.5230589678644451,47,0.0431313598519889
Slmap,0.5121415356151712,0.00023331584432613456,47,0.4731729879740981
Smad2,0.01815448658649399,0.9035965019478164,47,0.1681313598519889
Smad4,0.1954209065679926,0.18804118795601418,47,0.16269657724329326
Smap1,0.029255319148936174,0.8452322033395947,47,0.055272895467160035
Smap2,0.057354301572617956,0.7017725645785243,47,0.11713691026827013
Smarca4,0.10360777058279372,0.48828378133960515,47,0.09921369102682702
Smarca5,0.15506475485661422,0.29798877290199005,47,0.07932469935245143
Smarcc2,-0.014916743755781685,0.9207287608541542,47,0.022548566142460685
Smarce1,0.19831174838112858,0.18146336152566275,47,0.06903330249768733
Smc1a,0.11655874190564293,0.43525319332794504,47,0.12314986123959297
Smc3,0.07446808510638299,0.6188563453180059,47,0.08325624421831637
Smg9,0.02393617021276596,0.8731157224280364,47,0.10846438482886217
Smim26,0.2944033302497688,0.04456460474295761,47,0.1824699352451434
Smoc2,0.23843663274745605,0.10652815343392545,47,0.286308973172988
Smpd2,0.01757631822386679,0.906652880477869,47,0.052960222016651244
Smpd4,0.09597594819611471,0.5210392648900872,47,0.12141535615171138
Smpdl3a,0.2546253469010176,0.08412924179184968,47,0.3305966697502313
Smpdl3b,0.035962072155411653,0.81034399589371,47,-0.043478260869565216
Smpx,0.44646160962072157,0.0016571012551459066,47,0.3548797409805736
Sms,0.06880203515263644,0.6458558456529878,47,0.06729879740980574
Smtn,-0.08707215541165589,0.5605871390078185,47,-0.07053654024051803
Smtnl1,0.039662349676225714,0.7912455381656206,47,0.05642923219241443
Smtnl2,0.5116790009250695,0.00023689543548395726,47,0.5017345050878816
Smu1,0.0780527289546716,0.6020253045439641,47,0.11308973172987975
Smyd1,0.25561562266759646,0.08288908218371328,47,0.13841750750197374
Smyd2,0.014454209065679928,0.9231793131725047,47,0.09285383903792785
Smyd5,0.04220629047178539,0.7781845166754507,47,-0.02775208140610546
Snap29,0.24167437557816834,0.10171772645860026,47,0.19761794634597593
Snapin,-0.14292321924144313,0.3378712871135978,47,-0.122109158186864
Snca,0.14061054579093432,0.3458269376048946,47,0.19553654024051806
Sncg,0.22837650323774283,0.1225896054754768,47,0.2706984273820537
Snd1,0.12476873265494912,0.40337402689586016,47,0.09227567067530064
Snf8,-0.3325624421831638,0.022372830388728667,47,-0.17819148936170215
Snrnp200,-0.21692876965772434,0.14301719317092543,47,-0.1883672525439408
Snrnp40,0.10765494912118409,0.4713595949577569,47,0.14546716003700277
Snrnp70,0.23068917668825162,0.11874474653104747,47,0.1569148936170213
Snrpa,0.013297872340425532,0.9293087282372366,47,-0.07955596669750231
Snrpa1,0.07273358001850139,0.6270709927244593,47,0.012257169287696578
Snrpc,-0.1657030527289547,0.2656527896322306,47,-0.19449583718778907
Snrpd2,-0.14165124884366329,0.34223273130047976,47,-0.09840425531914894
Snrpd3,-0.1352913968547641,0.36455810990274196,47,0.042437557816836266
Snrpf,0.20316836262719704,0.17078689144021791,47,0.16685938945420908
Snrpn,-0.01815448658649399,0.9035965019478164,47,0.03839037927844589
Snta1,-0.352104532839963,0.015216015876984903,47,-0.3699121184088807
Sntb1,0.517345050878816,0.0001962901669472363,47,0.44183626271970394
Sntb2,-0.06082331174838113,0.6846458886952603,47,-0.1320536540240518
Snu13,-0.024398704902867715,0.8706845110729272,47,-0.018963922294172063
Snupn,0.059320074005550415,0.6920488286161653,47,0.011216466234967623
Snw1,-0.032030527289546716,0.8307560959838871,47,0.09875115633672527
Snx1,-0.04070305272895468,0.7858953247240805,47,-0.11690564292321923
Snx12,-0.013760407030527291,0.9268564560333823,47,-0.012372802960222017
Snx15,-0.1196808510638298,0.4229679396716493,47,-0.006938020351526365
Snx17,-0.18559204440333027,0.21167316000979433,47,-0.2082562442183164
Snx18,-0.15807123034227566,0.2886034661423735,47,-0.13933857539315447
Snx2,-0.09216003700277521,0.5378169867659578,47,-0.13506012950971324
Snx27,0.3124421831637373,0.03250326599498502,47,0.40957446808510645
Snx3,0.3718778908418132,0.010057250924308588,47,0.45501850138760414
Snx4,0.0889222941720629,0.5522551034134378,47,0.1118177613320999
Snx5,-0.07897779833487512,0.597714403312969,47,-0.10719241443108232
Snx6,0.09840425531914894,0.5104998691799497,47,0.15390841813135986
Snx9,0.0879972247918594,0.556413773072846,47,0.071577243293247
Sod1,0.2261794634597595,0.1263285628506069,47,0.23693339500462537
Sod2,0.4626503237742831,0.0010591554785106567,47,0.352104532839963
Sod3,0.3955827937095282,0.0059195658182443255,47,0.47224791859389453
Son,0.23647086031452358,0.10953262231695933,47,0.07065217391304349
Sorbs1,0.09007863089731731,0.5470775918299391,47,-0.011216466234967623
Sorbs2,0.1742599444958372,0.24140354598303346,47,0.08475948196114709
Sorbs3,0.12800647548566144,0.39118367266704845,47,0.04821924144310824
Sord,0.12638760407030528,0.39725160217274025,47,0.12153098982423681
Sort1,0.10511100832562442,0.48196096044205905,47,-0.1103145235892692
Sox6,-0.01931082331174838,0.8974879270533871,47,0.06776133209990749
Spag7,0.32446808510638303,0.02607281814663621,47,0.29706290471785385
Spag9,0.3027289546716004,0.0386090650481027,47,0.2746299722479186
Sparc,0.21022201665124884,0.15610130261273872,47,0.2476873265494912
Sparcl1,0.16766882516188716,0.2599437241184987,47,0.22907030527289546
Spart,0.40679925994449584,0.004544949301747499,47,0.3467853839037928
Spast,0.08545328399629973,0.5679255734097948,47,0.02590194264569843
Spata2,0.08013413506012951,0.5923449247089151,47,0.12488436632747456
Spata5,0.2150786308973173,0.1465424635832234,47,0.12870027752081406
Spcs2,0.16061517113783536,0.2808140979949982,47,0.23959296947271044
Spcs3,0.18397849159201357,0.21574245045332321,47,0.17090656799259946
Specc1l,0.08938482886216467,0.5501813123547293,47,0.11736817761332101
Speg,0.18559204440333027,0.21167316000979433,47,0.2675763182238668
Spg7,0.17183163737280294,0.24812652618876996,47,0.17055966697502312
Sppl2a,-0.05353839037927845,0.7207821284210403,47,-0.016998149861239594
Spr,-0.07354301572617947,0.6232318495435446,47,-0.3376503237742831
Spryd4,0.16836262719703976,0.2579485018935239,47,0.14616096207215543
Spryd7,0.10013876040703053,0.5030382393031235,47,0.09805735430157263
Sptan1,0.18686401480111012,0.20850333031840415,47,0.15413968547641071
Sptb,0.2641073080481036,0.072833296586616,47,0.323427382053654
Sptbn1,-0.029024051803885294,0.8464408967363912,47,-0.050069380203515264
Sqor,0.4391766882516189,0.002012728071968196,47,0.42345050878815915
Sqstm1,0.09019426456984274,0.546561120353786,47,0.11170212765957446
Sra1,0.08475948196114709,0.5710841525621138,47,-0.014685476410730805
Src,-0.030758556891766885,0.8373843934624012,47,0.08822849213691025
Srfbp1,0.2609851988899167,0.0764118972266017,47,0.20536540240518042
Sri,-0.1954209065679926,0.18804118795601418,47,-0.23751156336725257
Srl,0.2409297217045633,0.10280900639801331,47,0.2210979735536957
Srm,-0.0977104532839963,0.5135000951537915,47,-0.15945883441258096
Srp19,-0.10788621646623497,0.4704020372971443,47,-0.09505087881591119
Srp54a,-0.08383441258094358,0.5753081134600689,47,-0.10672987974098058
Srp68,-0.03330249768732655,0.8241394123071005,47,0.0034690101757631825
Srp9,-0.18917668825161885,0.20282547552097285,47,-0.047525439407955596
Srpk3,0.1492830712303423,0.3165848282583971,47,0.13216928769657724
Srpra,0.3181082331174838,0.02932665013868805,47,0.3314061054579094
Srrm1,-0.10661424606845515,0.4756814293891259,47,-0.054116558741905636
Srrm2,0.22421369102682703,0.12974609688062472,47,0.272895467160037
Srsf1,-0.13540703052728956,0.36414451280926824,47,-0.037580943570767814
Srsf10,0.17229417206290473,0.24683630026871695,47,0.06406105457909343
Srsf11,0.15159574468085107,0.3090599893227429,47,0.13031914893617022
Srsf2,-0.2799491211840888,0.056668842887701375,47,-0.3236586493987049
Srsf3,0.10834875115633674,0.46849003974391923,47,0.1238436632747456
Srsf4,0.17032839962997226,0.2523512101799532,47,0.03896854764107308
Srsf5,0.14535152636447735,0.32964119276603426,47,0.2524283071230342
Srsf7,-0.125,0.40249606731316806,47,-0.1511332099907493
Ssb,0.11332099907493062,0.4482009100461478,47,0.027520814061054583
Ssbp1,-0.15298334875115635,0.3046003858177819,47,-0.16258094357076783
Sspn,-0.045790934320074,0.759883420256125,47,0.09597594819611471
Ssr1,-0.05666049953746531,0.7052158635338822,47,0.014454209065679928
Ssr3,-0.06637372802960222,0.6575692154090023,47,-0.2351988899167438
Ssr4,0.2599444958371878,0.07763507039387231,47,0.3987049028677151
Ssrp1,0.039777983348751156,0.790650595634963,47,-0.0030064754856614245
Ssu72,0.21184088806660498,0.152865567239833,47,0.19403330249768735
St13,-0.06082331174838113,0.6846458886952603,47,-0.11991211840888069
Stac3,-0.0049722479185938945,0.9735387960879208,47,-0.0316836262719704
Stag1,-0.05099444958371878,0.7335492754755175,47,-0.10915818686401481
Stam,0.20397779833487512,0.16905263999631578,47,0.23022664199814988
Stam2,0.10291396854764107,0.4912165131791858,47,0.041049953746531
Stambp,0.024745605920444034,0.8688618758686694,47,0.005319148936170213
Stard10,0.19322386679000922,0.19315277496341912,47,0.21438482886216464
Stard7,0.26907955596669747,0.06740898828517497,47,0.21877890841813136
Stat1,0.449468085106383,0.0015274265187914552,47,0.399745605920444
Stat2,0.14523589269195192,0.33003023277323196,47,0.07238667900092507
Stat3,0.2574005550416281,0.08068993860693938,47,0.15737742830712304
Stat5a,-0.3512950971322849,0.015468033848449289,47,-0.23126734505087884
Stat5b,-0.06429232192414432,0.667674463890014,47,-0.039662349676225714
Stau1,0.16732192414431085,0.2609451955667307,47,0.10568917668825163
Stbd1,0.2549722479185939,0.0836931641632152,47,0.23774283071230343
Steap3,0.1585383481914837,0.2871627415639553,47,0.15264086040317906
Steap4,-0.07273358001850139,0.6270709927244593,47,-0.12164662349676227
Stim1,-0.07238667900092507,0.6287193395906852,47,-0.16685938945420908
Stim2,0.19761794634597593,0.18302678049828264,47,0.17229417206290473
Stip1,-0.17952646649692083,0.22725148776414325,47,-0.16119799954699365
Stk10,0.12060592044403332,0.4193659162893063,47,0.09308510638297873
Stk11,-0.08684088806660499,0.5616327644213616,47,0.07400555041628122
Stk24,0.1108926919518964,0.458048737442956,47,0.15575855689176688
Stk25,0.1925300647548566,0.1947872584668898,47,0.2098751156336725
Stk3,-0.022895467160037,0.8785901498931178,47,-0.04000925069380204
Stk38,-0.057354301572617956,0.7017725645785243,47,-0.08499074930619796
Stk38l,0.05908880666049954,0.6931902911469393,47,-0.15864939870490286
Stk4,-0.06117021276595745,0.6829416361414562,47,0.03295559666975023
Stmn1,-0.25011563367252543,0.08996136966316082,47,-0.2570536540240518
Stom,-0.22236355226642,0.13302551109871835,47,-0.20235892691951896
Stoml2,0.3256244218316374,0.0255148862977167,47,0.3717622571692877
Ston2,0.28966234967622567,0.048277555693014375,47,0.32712765957446815
Stradb,-0.034574468085106384,0.8175347830549309,47,-0.09111933395004626
Strap,-0.13852913968547642,0.35308475836128567,47,-0.1349444958371878
Strip1,-0.11297409805735432,0.44960058618110027,47,-0.21669750231267348
Strn,-0.09956059204440333,0.5055192461651371,47,-0.16847826086956524
Strn3,-0.04521276595744681,0.7628267277201265,47,-0.02971785383903793
Strn4,0.15182701202590196,0.30831384126012085,47,0.10869565217391305
Stt3b,-0.0017345050878815912,0.9907679109675063,47,0.06799259944495838
Stub1,0.20524976873265496,0.16635323265717505,47,0.06822386679000925
Stx12,-0.06776133209990749,0.6508656855390276,47,0.030296022201665124
Stx16,-0.11540240518038854,0.4398532603416861,47,-0.12419056429232192
Stx17,0.011332099907493063,0.939737852087926,47,0.09204440333024977
Stx18,-0.19831174838112858,0.18146336152566275,47,-0.15668362627197038
Stx4,0.22294172062904719,0.13199410402595876,47,0.19888991674375578
Stx5,0.06764569842738205,0.6514232814043845,47,0.1000231267345051
Stx6,0.2857308048103608,0.05154359730964958,47,0.2257169287696577
Stx7,0.25115633672525445,0.08858836220416523,47,0.22814523589269195
Stxbp1,0.2009713228492137,0.17555897568021958,47,0.12141535615171138
Stxbp3,0.0622109158186864,0.6778382694857052,47,0.020235892691951897
Stxbp6,0.048681776133209995,0.7452179915791818,47,0.052960222016651244
Styxl2,0.082099907493062,0.5832662509774073,47,0.11644310823311749
Sub1,0.18038852913968548,0.22499058734272764,47,0.11147086031452359
Sucla2,0.029024051803885294,0.8464408967363912,47,-0.049259944495837184
Suclg1,0.45941258094357074,0.001160377409065899,47,0.3634366327474561
Suclg2,-0.1196808510638298,0.4229679396716493,47,-0.08464384828862165
Sugp2,0.20351526364477338,0.17004207099722324,47,0.22698889916743756
Sugt1,0.2804116558741906,0.05624430379222545,47,0.3651711378353376
Sult1a1,-0.036540240518038856,0.8073523570938022,47,-0.1578399629972248
Sumf1,0.06348288621646624,0.6716201834809092,47,0.04151248843663275
Sumo1,0.07007400555041628,0.6397537412479156,47,0.10788621646623497
Sumo3,0.321577243293247,0.027512365323218945,47,0.32874653098982426
Sumo4,-0.05180388529139686,0.7294790827489529,47,0.04382516188714154
Sun1,0.053769657724329324,0.7196251389675863,47,0.16026827012025902
Sun2,0.2788008442667157,0.057733936357132705,47,0.2107484606702984
Suox,0.34401017576318227,0.017900233491774168,47,0.19750231267345053
Supt16h,-0.04740980573543016,0.7516601357267246,47,-0.14153561517113786
Supt4h1,0.0830249768732655,0.5790157392249443,47,0.05538852913968548
Supt5h,0.16269657724329326,0.2745445383482656,47,0.07504625346901017
Supt6h,0.038159111933395,0.7989903690153818,47,0.09921369102682702
Supv3l1,0.3064292321924144,0.03618052127421487,47,0.1757631822386679
Surf1,0.3628584643848289,0.012185351821199956,47,0.3003006475485661
Surf4,-0.06914893617021277,0.6441893284376369,47,0.016304347826086956
Susd2,0.07308048103607771,0.6254244427594544,47,0.008903792784458835
Svil,0.1837419056429232,0.21634365154466756,47,0.20871877890841814
Svip,-0.02937095282146161,0.8446279884338493,47,-0.21600370027752083
Swap70,-0.007053654024051803,0.9624687450020984,47,-0.03214616096207216
Swi5,0.16743755781683625,0.260611085701847,47,0.09435707678075857
Syap1,0.00797872340425532,0.957550842644836,47,0.14118871415356152
Sympk,0.1513644773358002,0.3098072895828746,47,0.009019426456984274
Sync,0.1103145235892692,0.4604106210717355,47,0.02162349676225717
Syncrip,0.27277983348751156,0.06358471380619954,47,0.37893154486586494
Syne1,-0.22456059204440335,0.12913801745692102,47,-0.23704902867715077
Synj1,0.04521276595744681,0.7628267277201265,47,0.109736355226642
Synj2bp,-0.03191489361702128,0.8313581952118841,47,-0.06926456984273821
Synm,-0.04209065679925994,0.7787769174478459,47,0.05989824236817761
Synpo,0.3518732654949121,0.01528766206652241,47,0.29648473635522665
Synpo2,0.16581868640148012,0.2653146712812514,47,0.19357076780758556
Synpo2l,-0.16790009250693805,0.2592775064873624,47,-0.2546253469010176
Sypl1,0.27821461609620723,0.05828386271502904,47,0.35441720629047174
Sypl2,0.3563829787234043,0.013941173040080143,47,0.2179694727104533
Szrd1,0.2188945420906568,0.13934090360665186,47,0.0933163737280296
Tab1,0.01746068455134135,0.9072643179222669,47,0.01387604070305273
Tacc1,-0.01734505087881591,0.9078758084694546,47,-0.0013876040703052729
Tacc2,-0.16986586493987052,0.25366080061212687,47,-0.1511332099907493
Taco1,0.5276364477335801,0.00013831104282608422,47,0.5246299722479185
Taf10,0.09528214616096208,0.5240702735059999,47,0.1481267345050879
Tagln,0.3475948196114709,0.016665790001699612,47,0.28203052728954675
Tagln2,0.018212829934470227,0.9032881567012709,47,0.04995519067740405
Taldo1,0.14384828862164661,0.33472109909146275,47,0.2282608695652174
Tamm41,-0.1488205365402405,0.3181036149460534,47,-0.12314986123959297
Tango2,0.1517113783533765,0.30868677126287375,47,0.19576780758556891
Taok1,0.2387835337650324,0.1060045689920155,47,0.26133209990749307
Tapbp,0.10753931544865865,0.4718387630048753,47,0.12604070305272896
Tapt1,0.2712765957446809,0.06511688938572995,47,0.2734736355226642
Tardbp,0.08152173913043478,0.5859299365998974,47,-0.05261332099907493
Tars1,0.06972710453283996,0.6414156394805224,47,-0.009597594819611472
Tars2,0.06683626271970398,0.6553317141705334,47,0.10094819611470862
Tars3,0.10956607214546375,0.4634778802565113,47,0.11997340353658961
Tatdn1,-0.03839037927844589,0.7977975920733222,47,-0.036424606845513414
Tax1bp1,-0.006591119333950046,0.9649282250179284,47,0.033880666049953746
Tax1bp3,0.09875115633672527,0.5090030841635899,47,0.1399167437557817
Tbc1d1,0.5046253469010176,0.0002980139138110449,47,0.4350138760407031
Tbc1d10b,0.10626734505087881,0.4771266921873599,47,0.08290934320074006
Tbc1d13,-0.04798797409805736,0.7487297856618954,47,-0.13008788159111934
Tbc1d15,-0.04440333024976873,0.7669529221038114,47,0.06417668825161887
Tbc1d17,0.1352913968547641,0.36455810990274196,47,0.11563367252543942
Tbc1d22a,0.21160962072155412,0.1533247718428179,47,0.16292784458834414
Tbc1d24,-0.2057123034227567,0.16537943617394396,47,-0.18721091581868637
Tbc1d4,0.050069380203515264,0.7382097951827036,47,0.1343663274745606
Tbc1d9b,0.012488436632747455,0.9336017522402233,47,-0.012835337650323776
Tbca,0.03515263644773358,0.8145367824091706,47,-0.07712765957446809
Tbcb,-0.27520814061054577,0.06117057497232571,47,-0.28677150786308975
Tbcc,0.34690101757631825,0.016898910638140877,47,0.3294403330249769
Tbcd,-0.05585106382978723,0.7092404276698758,47,-0.03619333950046254
Tbce,0.26850138760407033,0.06802270979402565,47,0.3023820536540241
Tbcel,0.37500000000000006,0.00939922071986407,47,0.36840888066605
Tbk1,0.20524976873265496,0.16635323265717505,47,0.16454671600370027
Tbl1xr1,0.14708603145235893,0.3238400623650272,47,0.14118871415356152
Tbl2,0.017691951896392232,0.9060414964834945,47,0.03584643848288622
Tbrg4,0.34123496762257166,0.018908295640564163,47,0.27590194264569845
Tbx15,-0.11944958371877891,0.4238711725305806,47,-0.06429232192414432
Tcaim,0.143154486586494,0.33708202043805613,47,0.12488436632747456
Tcap,0.021507863089731735,0.8858980774026456,47,0.07469935245143385
Tcea1,-0.09042553191489362,0.5455288780038338,47,0.09875115633672527
Tcea3,0.17171600370027754,0.24844979373530215,47,0.12685013876040704
Tceal5,0.3307123034227567,0.023177115621290715,47,0.3496762257169288
Tcerg1,0.09169750231267347,0.5398683086523102,47,0.1769195189639223
Tcf12,0.019773358001850143,0.8950461198490068,47,0.004740980573543016
Tcf25,-0.0006938020351526364,0.9963070975052467,47,0.024283071230342276
Tcof1,0.2615633672525439,0.07573894696108155,47,0.3378815911193339
Tcp1,-0.14546716003700277,0.3292524398897692,47,-0.11043015726179464
Tcp11l2,0.22398242368177615,0.1301526746849506,47,0.035268270120259015
Tdrd3,0.06972710453283996,0.6414156394805224,47,0.03734967622571692
Tdrd7,0.24167437557816834,0.10171772645860026,47,0.2960222016651249
Tecr,-0.14396392229417207,0.33432861567671346,47,-0.19727104532839967
Tefm,0.0010407030527289547,0.9944606701444944,47,-0.06741443108233117
Tep1,-0.026364477335800184,0.8603652928043103,47,-0.025439407955596672
Tes,0.07585568917668825,0.6123175289093814,47,0.06186401480111008
Tex2,-0.025439407955596672,0.8652186338511004,47,0.020582793709528216
Tex264,0.12638760407030528,0.39725160217274025,47,0.1288159111933395
Tf,-0.23693339500462537,0.10881993296875836,47,-0.199468085106383
Tfam,-0.03839037927844589,0.7977975920733222,47,-0.11517113783533764
Tfcp2,0.19310823311748382,0.19342451066939376,47,0.15483348751156337
Tfeb,0.07146160962072157,0.6331236649465549,47,0.057354301572617956
Tfg,0.038274745605920445,0.7983939237112971,47,0.016304347826086956
Tfrc,0.8016882516188714,1.279523072004335e-11,47,0.8191489361702129
Tgfb1i1,-0.04764107308048104,0.7504875779071845,47,-0.06510175763182238
Tgfbi,0.03480573543015726,0.8163352707587711,47,0.02694264569842738
Tgm2,0.13656336725254395,0.3600241473976761,47,-0.0012719703977798337
Tgoln2,0.16743755781683625,0.260611085701847,47,0.13332562442183166
Thap4,0.3141766882516189,0.031501944726491406,47,0.2595975948196115
Thbs1,-0.24109620721554115,0.10256424676994871,47,-0.32735892691951896
Thbs4,-0.00393154486586494,0.9790757982636723,47,-0.055272895467160035
Them4,0.16315911193339502,0.2731639478028884,47,0.16258094357076783
Them6,-0.1706753006475486,0.2513720106900174,47,-0.19657724329324702
Thnsl1,0.397895467160037,0.005609737735754968,47,0.37546253469010177
Thnsl2,0.208950046253469,0.15867867032151298,47,0.13517576318223867
Thoc1,0.040124884366327475,0.7888664764003296,47,0.12592506938020354
Thoc2,0.01757631822386679,0.906652880477869,47,-0.01572617946345976
Thoc3,0.2574005550416281,0.08068993860693938,47,0.21311285846438482
Thoc6,0.05746993524514339,0.7011992539575159,47,0.04949121184088807
Thop1,0.04278569571907292,0.7752180577975694,47,-0.026480876539642425
Thrap3,0.09320074005550416,0.5332153837294895,47,0.19241443108233117
Thtpa,0.37777520814061055,0.008845790752396493,47,0.1977335800185014
Tial1,-0.01815448658649399,0.9035965019478164,47,0.06787696577243293
Tigar,0.08464384828862165,0.5716113668029618,47,0.051919518963922294
Timm10,0.2948658649398705,0.044215184621005404,47,0.2417900092506938
Timm10b,-0.3454655836776496,0.01739001046489872,47,-0.15449105265049032
Timm13,0.2979879740980574,0.041914604525471987,47,0.2948658649398705
Timm17a,0.3175300647548566,0.029638488049743877,47,0.3171831637372803
Timm21,0.0027752883709668916,0.9852287273886895,47,-0.04191841810314577
Timm29,-0.2429463459759482,0.09987430703747224,47,-0.1569148936170213
Timm44,0.39141998149861235,0.0065149189409654164,47,0.31475485661424607
Timm50,0.09551341350601295,0.5230589678644451,47,0.20906567992599445
Timm8a1,0.15159574468085107,0.3090599893227429,47,0.1179463459759482
Timm8b,0.29035615171137835,0.04771902243418439,47,0.3221554116558742
Timm9,0.178422756706753,0.23016892399210617,47,0.0633672525439408
Timmdc1,-0.18697964847363552,0.20821682143864798,47,-0.18015726179463462
Timp2,0.07620259019426458,0.6106874490516317,47,0.07770582793709528
Tinagl1,-0.019195189639222943,0.8980985263380148,47,-0.05642923219241443
Tiprl,0.0589731729879741,0.693761275033921,47,0.0660268270120259
Tjap1,0.1290471785383904,0.38731174356569736,47,0.05955134135060129
Tjp1,0.12927844588344126,0.38645439181651287,47,0.053422756706753005
Tjp2,-0.19796484736355227,0.18224386974512016,47,-0.19819611470860315
Tkfc,-0.11540240518038854,0.4398532603416861,47,-0.06868640148011101
Tkt,0.032839962997224796,0.826544107495031,47,-0.06024514338575394
Tln1,0.23704902867715077,0.10864231560410788,47,0.3869102682701203
Tln2,0.44276133209990753,0.0018300710048975973,47,0.5320305272895468
Tm9sf3,-0.11644310823311749,0.4357119892940456,47,-0.10615171137835339
Tm9sf4,-0.07377428307123034,0.6221367602644027,47,-0.036077705827937095
Tma7,0.09979185938945422,0.5045260970044434,47,0.0507631822386679
Tmbim6,0.32423681776133206,0.02618561828765977,47,0.27682701202590193
Tmcc1,-0.026017576318223868,0.8621847084558933,47,0.04139685476410731
Tmco1,0.055041628122109165,0.7132728474277439,47,-0.01191026827012026
Tmed1,-0.016882516188714156,0.9103222947384055,47,-0.024398704902867715
Tmed10,0.22317298797409804,0.13158322168062217,47,0.21554116558741904
Tmed2,-0.07504625346901017,0.6161282559080578,47,-0.038159111933395
Tmed4,0.07423681776133209,0.6199490061931896,47,0.03688714153561517
Tmed5,0.17738205365402407,0.2329432893122694,47,0.26850138760407033
Tmed7,0.0633672525439408,0.6721845752551251,47,0.0037002775208140612
Tmed9,0.05319148936170213,0.722518770485573,47,-0.016651248843663275
Tmem109,0.27763644773358004,0.05883033835109434,47,0.15240518038852915
Tmem11,-0.09470397779833489,0.5266027671505786,47,-0.0524976873265495
Tmem126a,-0.011216790499324522,0.9403499367964346,47,-0.04301572617946347
Tmem143,-0.0114477335800185,0.9391240806621197,47,-0.001156336725254394
Tmem161a,0.16234967622571692,0.2755829976375975,47,0.1487049028677151
Tmem182,0.3196114708603145,0.028528611713594575,47,0.242368177613321
Tmem199,-0.06683626271970398,0.6553317141705334,47,0.057123034227567066
Tmem201,-0.17876965772432934,0.2292492014043599,47,-0.1175994449583719
Tmem209,0.1643154486586494,0.2697325708791639,47,0.2088344125809436
Tmem233,-0.05030064754856614,0.7370437859690941,47,-0.008903792784458835
Tmem234,0.24653098982423685,0.0948175894000671,47,0.2761332099907493
Tmem263,0.02012025901942646,0.893215393552522,47,0.018617021276595747
Tmem33,-0.1859389454209066,0.2108053431597786,47,-0.1948427382053654
Tmem38a,0.4021739130434782,0.005073655471600565,47,0.3656336725254395
Tmem38b,0.12835337650323775,0.3898905140052615,47,0.04995374653098982
Tmem41b,0.2538159111933395,0.0851536656921851,47,0.17680388529139685
Tmem43,-0.14338575393154487,0.3362939000364355,47,-0.13610083256244218
Tmem63b,-0.006359851988899168,0.9661580873563692,47,-0.07516188714153563
Tmem65,0.21554116558741904,0.14565518447343195,47,0.08464384828862165
Tmf1,0.11632747456059205,0.43617105462596145,47,0.02624884366327475
Tmlhe,0.15009250693802034,0.313938033355603,47,0.17379740980573544
Tmod1,0.24433395004625347,0.0978927767934687,47,0.2351988899167438
Tmod2,-0.03249306197964848,0.8283486622234498,47,0.0026595744680851063
Tmod3,0.13448196114708602,0.36746122467323455,47,0.17876965772432934
Tmod4,-0.12557816836262722,0.4003060173329749,47,-0.17668825161887144
Tmpo,-0.17796022201665126,0.23139915941813324,47,-0.26977335800185015
Tmtc3,-0.02208603145235893,0.8828519325379556,47,-0.10603607770582796
Tmx1,0.0507631822386679,0.7347135237110055,47,0.028561517113783533
Tmx2,-0.23496762257169287,0.11187349544005094,47,-0.22745143385753933
Tmx3,0.13159111933395007,0.37794258429311944,47,0.11783071230342276
Tmx4,0.052035152636447736,0.7283175164294838,47,0.03191489361702128
Tnc,0.17796022201665126,0.23139915941813324,47,0.15437095282146163
Tnfaip3,0.20316836262719704,0.17078689144021791,47,0.08233117483811286
Tnks1bp1,0.11066142460684553,0.45899270182648927,47,-0.0058973172987974104
Tnmd,-0.04151248843663275,0.7817407781828503,47,-0.038737280296022206
Tnnc1,-0.10834875115633674,0.46849003974391923,47,-0.060129509713228495
Tnnc2,0.13332562442183166,0.3716325900669842,47,0.06995837187789085
Tnni1,0.09898242368177614,0.5080064632483506,47,0.008209990749306199
Tnni2,0.0524976873265495,0.7259961937989374,47,0.03353376503237743
Tnnt1,-0.033880666049953746,0.821135787354028,47,-0.06880203515263644
Tnnt2,-0.2467622571692877,0.09449828610663633,47,-0.2797178538390379
Tnnt3,0.071577243293247,0.6325724324670909,47,0.08233117483811286
Tnpo1,-0.15159574468085107,0.3090599893227429,47,-0.00023126734505087883
Tnpo2,-0.125,0.40249606731316806,47,0.11355226641998149
Tnpo3,-0.24040240518038855,0.10358720658017825,47,-0.20409343200740057
Tnrc6b,-0.1746068455134135,0.24045333441691183,47,-0.1290471785383904
Tns1,0.11574930619796485,0.43847041766734096,47,0.18385753931544865
Tns2,0.15309898242368178,0.30423062485246327,47,0.26248843663274746
Tollip,0.25150323774283073,0.08813433720384703,47,0.34990749306197966
Tom1,0.20964384828862165,0.15726900283645986,47,0.08036540240518038
Tom1l2,0.3523358001850139,0.015144655488950975,47,0.3406567992599445
Tomm20,0.01792321924144311,0.9048188902333094,47,0.09493524514338575
Tomm22,0.2098751156336725,0.15680115763360122,47,0.18536077705827939
Tomm34,0.1525208140610546,0.30608231082935294,47,0.03191489361702128
Tomm40,0.1525830418954506,0.30588266933869224,47,0.10095111449392072
Tomm6,0.13124421831637373,0.3792121909274003,47,0.13344125809435708
Tomm70,-0.14569842738205366,0.32847579563415874,47,-0.1349444958371878
Top1,0.11239592969472711,0.4519386919753475,47,0.02162349676225717
Top2b,-0.1916049953746531,0.19698178467303568,47,-0.1599213691026827
Top3b,0.21635060129509714,0.1441120178616311,47,0.18755781683626271
Tor1aip1,0.02960222016651249,0.8434198238848531,47,0.07053654024051803
Tor1aip2,-0.024514338575393157,0.870076891787659,47,0.04660037002775208
Tor1b,0.10117946345975948,0.4985881440714257,47,0.08129047178538391
Tor3a,0.3315217391304348,0.022822305789145455,47,0.2706984273820537
Tp53i3,0.434204440333025,0.002292795812311813,47,0.42518501387604074
Tpd52,0.01931082331174838,0.8974879270533871,47,0.004509713228492137
Tpd52l1,0.35071692876965777,0.015650211684193272,47,0.2808741905642923
Tpd52l2,-0.046831637372802964,0.7545939495198117,47,0.004740980573543016
Tpi1,0.25115633672525445,0.08858836220416523,47,0.19692414431082333
Tpk1,-0.09609158186864016,0.5205349461054969,47,-0.1610777058279371
Tpm1,0.1261563367252544,0.3981229032908533,47,0.062326549491211844
Tpm2,0.25751618871415355,0.08054906546657681,47,0.24560592044403332
Tpm3,0.10545790934320073,0.4805079834013998,47,0.07724329324699351
Tpm4,-0.26364477335800185,0.07335493586879023,47,-0.2246762257169288
Tpmt,0.3374190564292322,0.020372362387535103,47,0.25948196114708605
Tpp1,-0.10256706753006474,0.492686299316862,47,-0.08903792784458836
Tpp2,-0.009481961147086031,0.9495626601120016,47,0.12974098057354302
Tppp,0.17217853839037928,0.24715843020441522,47,0.109736355226642
Tppp3,0.5558510638297873,4.9879084771552735e-05,47,0.5080943570767807
Tpr,-0.08244680851063829,0.5816706625306974,47,-0.05180388529139686
Tprg1l,0.2476873265494912,0.09322939259687531,47,0.13760407030527289
Tpsab1,0.19195189639222943,0.19615679705694178,47,0.11829324699352453
Tpt1,-0.054463459759481955,0.7161579017004726,47,-0.024167437557816838
Tra2b,0.13922294172062905,0.3506552128027354,47,0.05469472710453284
Trabd,-0.03133672525439408,0.8343701194773958,47,-0.01792321924144311
Traf2,0.2358926919518964,0.11042849041449047,47,0.2779833487511564
Traf6,0.24861239592969472,0.09197374826461535,47,0.1925300647548566
Trafd1,0.20952821461609622,0.1575033083691979,47,0.2458371877890842
Trak1,0.4539777983348751,0.0013498139227754368,47,0.4993061979648474
Trak2,0.5322617946345976,0.00011773814808828457,47,0.346322849213691
Trap1,0.21045328399629973,0.1556360063268115,47,0.07377428307123034
Trappc1,-0.2870027752081406,0.05046794560702522,47,-0.079209065679926
Trappc10,0.15922756706753008,0.28504557442022044,47,0.1490518038852914
Trappc11,0.08244680851063829,0.5816706625306974,47,-0.017113783533765033
Trappc12,0.08290934320074006,0.5795462837781931,47,0.03896854764107308
Trappc13,0.15275208140610547,0.3053407721019416,47,0.1234967622571693
Trappc2l,0.04336262719703978,0.772267410197867,47,0.051341350601295105
Trappc3,0.006244218316373728,0.9667730478729227,47,0.0010407030527289547
Trappc4,0.017923737395827845,0.9048161512282299,47,0.1505550416281221
Trappc5,0.20420906567992603,0.16855949224906716,47,-0.06498612395929695
Trappc6b,-0.02312673450508788,0.8773731164378819,47,0.048681776133209995
Trappc8,0.05168825161887142,0.7300600911183337,47,0.015032377428307124
Trappc9,-0.32261794634597596,0.02698668229725161,47,-0.26237280296022203
Trdn,0.12072155411655874,0.4189168922555767,47,0.1444264569842738
Trex1,-0.0074005550416281225,0.960624360183667,47,0.0021970397779833488
Triap1,0.026827012025901948,0.8579405204442166,47,0.09990749306197964
Trim16,0.07550878815911193,0.6139494649648792,47,0.05538852913968548
Trim21,0.06174838112858465,0.6801046859956658,47,0.0879972247918594
Trim25,-0.24780296022201667,0.09307171419564182,47,-0.20259019426456987
Trim28,0.11840888066604996,0.42794918560570666,47,0.11216466234967623
Trim3,-0.0016188714153561518,0.9913833596246676,47,-0.09840425531914894
Trim32,-0.1444264569842738,0.33276155022296877,47,-0.025786308973172987
Trim35,-0.07435245143385755,0.6194025742053445,47,-0.052844588344125816
Trim5,0.14327012025901945,0.33668781693659144,47,0.03734967622571692
Trim54,-0.01734505087881591,0.9078758084694546,47,0.0026595744680851063
Trim55,0.36690564292321926,0.011187011915520951,47,0.3543015726179463
Trim63,0.27046716003700283,0.0659540102520297,47,0.25450971322849214
Trim7,0.12453746530989825,0.40425309374117624,47,0.1643154486586494
Trim72,0.060476410730804814,0.686351693940956,47,0.10129509713228493
Triobp,-0.2261794634597595,0.1263285628506069,47,-0.20235892691951896
Trip10,0.06729879740980574,0.6530971986059967,47,0.16616558741905643
Trip11,0.14246068455134137,0.3394532582163113,47,0.13795097132284923
Trip12,0.13691026827012026,0.358793575623098,47,-0.014801110083256245
Trip4,-0.023358001850138765,0.8761563629980397,47,-0.0551572617946346
Trmt1,-0.0003469010175763182,0.9981535439752702,47,0.02624884366327475
Trmt10c,-0.04509713228492137,0.7634157885027959,47,-0.07261794634597596
Trmt112,0.009366327474560593,0.9501769717615748,47,-0.06648936170212766
Trmu,0.051919518963922294,0.7288982244200553,47,0.06544865864939871
Trnt1,0.021160962072155412,0.8877265494725741,47,0.04590656799259945
Tsc1,0.18073543015726182,0.22408517836637126,47,0.2173913043478261
Tsc2,-0.0694958371877891,0.642524537559874,47,-0.03850601295097132
Tsc22d1,0.14373265494912119,0.33511386926597647,47,0.13135985198889918
Tsc22d2,0.16269657724329326,0.2745445383482656,47,-0.020698427382053654
Tsc22d3,0.034574468085106384,0.8175347830549309,47,0.010753931544865867
Tsc22d4,-0.1502081406105458,0.31356107137254163,47,-0.11690564292321923
Tsen15,-0.011100832562442183,0.9409654983553778,47,-0.08198427382053654
Tsen34,0.034227567067530065,0.8193348250299017,47,0.24791859389454213
Tsfm,0.10198889916743756,0.4951409949284127,47,0.1435013876040703
Tsg101,0.04567530064754857,0.7604718145209608,47,-0.03295559666975023
Tsn,0.2009713228492137,0.17555897568021958,47,0.12835337650323775
Tsnax,-0.03688714153561517,0.8055586768616462,47,0.02197039777983349
Tspan8,0.4653098982423682,0.0009819916905162483,47,0.5154949121184089
Tsr2,0.1290471785383904,0.38731174356569736,47,0.024283071230342276
Tssc4,0.032724329324699354,0.8271455278761035,47,0.013644773358001851
Tst,0.15703052728954672,0.2918301892851604,47,0.19449583718778907
Ttc1,-0.013760407030527291,0.9268564560333823,47,-0.009597594819611472
Ttc19,0.44692414431082333,0.0016365354370427526,47,0.3969703977798335
Ttc27,0.20120259019426456,0.17505217369442977,47,0.23531452358926921
Ttc37,-0.011794634597594821,0.9372829774289462,47,-0.10777058279370952
Ttc38,0.09481961147086032,0.5260957857811448,47,0.13193802035152638
Ttc39b,0.2476873265494912,0.09322939259687531,47,0.3198427382053654
Ttc9,0.7128815911193339,1.890610159702185e-08,47,0.7094125809435708
Ttc9c,0.023011100832562442,0.8779815983347597,47,-0.027289546716003702
Ttf2,0.18061979648473636,0.224386701279907,47,0.10592044403330249
Ttl,0.24803422756706753,0.09275697779970919,47,0.18281683626271975
Ttll12,0.11540240518038854,0.4398532603416861,47,0.1273126734505088
Tuba1c,0.07227104532839965,0.6292691866977549,47,-0.02312673450508788
Tuba4a,0.4473866790009251,0.0016161967893891394,47,0.34736355226641996
Tuba8,0.16894079555966696,0.2562936755105039,47,-0.035383903792784464
Tubb2a,0.060129509713228495,0.688059044360124,47,0.0780527289546716
Tubb2b,-0.0906567992599445,0.5444975711119119,47,-0.07308048103607771
Tubb3,0.034574468085106384,0.8175347830549309,47,0.005434782608695652
Tubb4b,0.15830249768732654,0.2878895844371217,47,0.16408418131359853
Tubb5,0.4184782608695653,0.0034187388413199145,47,0.43859851988899173
Tubb6,0.46080018501387604,0.0011159847408586956,47,0.3023820536540241
Tubg1,0.12280296022201666,0.41088131496690383,47,0.09944495837187789
Tubgcp2,-0.1314754856614246,0.37836550509539096,47,-0.041281221091581874
Tufm,0.4472710453283996,0.001621260272617702,47,0.39847363552266424
Twf1,-0.0660268270120259,0.6592492905239828,47,-0.06995837187789085
Twf2,0.07354301572617947,0.6232318495435446,47,0.16859389454209067
Txlna,-0.16489361702127658,0.26802764372172455,47,-0.1440795559666975
Txlnb,0.10626734505087881,0.4771266921873599,47,0.16350601295097134
Txn1,0.08637835337650324,0.5637267443201465,47,-0.02393617021276596
Txn2,0.23785846438482888,0.1074051922872721,47,0.11378353376503238
Txndc12,-0.04301572617946347,0.774041215799022,47,-0.004740980573543016
Txndc17,-0.24456521739130435,0.09756549306910067,47,-0.40518038852913973
Txndc5,-0.14824236817761333,0.32000857286958007,47,-0.2541628122109158
Txndc9,0.028445883441258094,0.8494641521389255,47,0.15795559666975023
Txnip,0.2635291396854764,0.07348580588306629,47,0.21241905642923217
Txnl1,-0.0068223866790009255,0.9636984432921027,47,0.21195652173913046
Txnrd1,0.012604070305272894,0.9329883460030182,47,-0.019888991674375578
Txnrd2,0.10279833487511564,0.4917061889143102,47,0.11783071230342276
Txnrd3,0.17009713228492138,0.25300543509272544,47,0.1608464384828862
Tymp,0.13448196114708602,0.36746122467323455,47,0.2614477335800185
Tyw5,-0.05885753931544866,0.69433242695911,47,-0.11748381128584644
U2af1,0.05770120259019427,0.7000531260377755,47,0.13309435707678077
U2af2,0.04740980573543016,0.7516601357267246,47,-0.030874190564292324
U2surp,0.010522664199814985,0.9440352008936291,47,-0.0988667900092507
Uaca,-0.08788159111933395,0.556934642267649,47,-0.04324699352451434
Uap1,-0.12430619796484736,0.40513326712445413,47,-0.2346207215541166
Uap1l1,0.05920444033302498,0.6926194755803731,47,0.08429694727104534
Uba1,0.03804347826086957,0.7995869276627383,47,0.049144310823311756
Uba2,-0.07469935245143385,0.6177644978194009,47,-0.02382053654024052
Uba3,0.1778445883441258,0.2317074220240315,47,0.07053654024051803
Uba5,0.030758556891766885,0.8373843934624012,47,0.12222479185938946
Uba6,0.2816836262719704,0.05508999983077502,47,0.31822386679000925
Ubac1,-0.023358677122304678,0.8761528106405198,47,-0.06446763611725176
Ubald2,0.36979648473635524,0.010517628398589452,47,0.3451665124884366
Ubap2,0.2393617021276596,0.10513631276799631,47,0.27636447733580016
Ubap2l,0.24306197964847362,0.09970800839464274,47,0.20709990749306198
Ube2d1,0.49271507863089725,0.00043423217782291275,47,0.4964153561517114
Ube2d3,-0.06880203515263644,0.6458558456529878,47,-0.01734505087881591
Ube2e1,0.14974560592044403,0.31507064677035307,47,0.1754162812210916
Ube2f,-0.030296898049721903,0.8397929057041319,47,-0.016998641272172214
Ube2g1,0.026711378353376503,0.8585465930347933,47,-0.0037002775208140612
Ube2g2,0.026480111008325622,0.859758979553501,47,-0.06972710453283996
Ube2h,0.014107308048103607,0.9250176911145279,47,0.0158418131359852
Ube2i,0.08256244218316375,0.5811392382027076,47,0.08938482886216467
Ube2j2,0.02104532839962997,0.8883361689574312,47,0.029255319148936174
Ube2k,-0.04463459759481961,0.765773352236539,47,-0.061285846438482894
Ube2l3,-0.09227567067530064,0.5373047477994621,47,-0.11574930619796485
Ube2m,0.006475485661424607,0.9655431462870433,47,0.05538852913968548
Ube2n,0.22236355226642,0.13302551109871835,47,0.15980573543015725
Ube2o,-0.12037465309898242,0.4202647842419196,47,-0.03318686401480111
Ube2r2,0.44137372802960223,0.0018989539281003562,47,0.36274283071230345
Ube2v1,-0.09794172062904717,0.5124990353905722,47,-0.1320536540240518
Ube2v2,0.13066604995374653,0.3813338269131192,47,0.11470860314523591
Ube2z,-0.14298516961252342,0.33765975117504765,47,-0.17206787899994733
Ube3a,-0.06140148011100833,0.6818063340817241,47,0.005087881591119335
Ube3c,-0.0398936170212766,0.7900557709504129,47,-0.13864477335800185
Ube4a,0.06845513413506013,0.6475240822393594,47,0.12627197039777985
Ube4b,0.19172062904717854,0.19670651654508134,47,0.3824005550416281
Ubfd1,-0.11725254394079557,0.4325060807150241,47,-0.13714153561517115
Ubl4a,0.03630897317298798,0.8085486884799155,47,-0.014454209065679928
Ubl5,-0.10835188348316574,0.46847710571016327,47,-0.17264107308048107
Ubl7,-0.11204902867715079,0.4533447371296638,47,-0.17275670675300647
Ublcp1,-0.0469472710453284,0.7540069115045424,47,-0.08672525439407956
Ubqln1,-0.22814523589269195,0.12297919977700644,47,-0.2614477335800185
Ubqln4,0.030758556891766885,0.8373843934624012,47,0.05989824236817761
Ubr1,0.03162672372747687,0.832859098096646,47,0.023589951153218585
Ubr2,0.04775670675300647,0.7499015075880603,47,0.04532839962997225
Ubr3,0.14361702127659576,0.3355069261692622,47,0.23219241443108235
Ubr4,-0.08013413506012951,0.5923449247089151,47,-0.0425531914893617
Ubtd1,-0.34204440333024977,0.018609441833516385,47,-0.3312904717853839
Ubtf,0.1288159111933395,0.3881702149253331,47,0.12546253469010177
Ubxn1,0.2350832562442183,0.11169208579511777,47,0.2767113783533765
Ubxn2a,0.13806660499537465,0.3547101554120364,47,0.048681776133209995
Ubxn4,-0.028445883441258094,0.8494641521389255,47,0.028330249768732656
Ubxn6,0.04301572617946347,0.774041215799022,47,0.04798797409805736
Uchl1,0.020467160037002774,0.8913852168494352,47,0.017691951896392232
Uchl3,-0.0013876040703052729,0.992614271447295,47,-0.004740980573543016
Uchl5,0.19287696577243296,0.193968795649413,47,0.20478723404255322
Uckl1,0.1604995374653099,0.28116513853756797,47,0.05781683626271971
Ucp3,0.06914893617021277,0.6441893284376369,47,0.07654949121184089
Ufc1,0.16535615171137835,0.2666688642170838,47,0.11112395929694727
Ufd1,-0.008556891766882516,0.9544779347495915,47,-0.0660268270120259
Ufl1,-0.04764107308048104,0.7504875779071845,47,0.018732654949121186
Ufm1,-0.10661424606845515,0.4756814293891259,47,-0.03249306197964848
Ufsp2,-0.16061517113783536,0.2808140979949982,47,-0.1265032377428307
Ugdh,-0.2326549491211841,0.11554903105364608,47,-0.03896854764107308
Uggt1,0.036540240518038856,0.8073523570938022,47,-0.003122109158186864
Ugp2,0.08805758727047036,0.5561419628981402,47,0.1344858489764373
Uhrf1bp1,0.3830943570767808,0.007863270368259444,47,0.4012488436632748
Umps,0.25832562442183166,0.07956834981539998,47,0.21704440333024977
Unc45b,0.43825161887141534,0.002062413079719642,47,0.43200740055504167
Upf1,0.10279833487511564,0.4917061889143102,47,0.15714616096207215
Upf2,-0.04197502312673451,0.7793694424339963,47,0.03445883441258094
Upf3b,0.027867715078630898,0.8524895480740938,47,-0.032030527289546716
Upp1,0.36043015726179467,0.012820218398823881,47,0.2698889916743756
Uprt,0.283418131359852,0.05354677703361797,47,0.2731267345050879
Uqcc1,0.487627197039778,0.0005078851203941989,47,0.3990518038852914
Uqcc2,0.4277289546716004,0.002708932214563527,47,0.41662812210915817
Uqcc3,0.18640148011100832,0.20965212635782984,47,0.17969472710453283
Uqcr10,0.4480804810360778,0.0015861100367016306,47,0.4321230342275671
Uqcr11,0.2273358001850139,0.12435013935946444,47,0.22745143385753933
Uqcrb,0.2525439407955597,0.08678313271250139,47,0.24074930619796484
Uqcrc1,0.41836262719703976,0.0034285590706951458,47,0.37962534690101757
Uqcrc2,0.1563367252543941,0.2939942998323997,47,0.11355226641998149
Uqcrfs1,0.31787696577243296,0.02945105648038774,47,0.3218085106382979
Uqcrh,0.12002775208140612,0.4216151343234255,47,0.07747456059204441
Uqcrq,0.038159111933395,0.7989903690153818,47,0.047525439407955596
Urgcp,-0.0988667900092507,0.5085046500146732,47,-0.07631822386679
Urod,-0.18408880666049954,0.21546252077762573,47,-0.09169750231267347
Uros,0.14049491211840887,0.34622772318929135,47,0.007284921369102683
Use1,-0.058279370952821465,0.6971906972623598,47,-0.1370259019426457
Usf2,0.31047641073080484,0.03366979004041666,47,0.2902405180388529
Uso1,0.14512025901942646,0.33041955988489835,47,0.2106845513413506
Usp10,0.17402867715078632,0.24203843735009847,47,0.16894079555966696
Usp13,0.49965309898242377,0.00034931250586042197,47,0.5656799259944496
Usp14,0.09979185938945422,0.5045260970044434,47,0.14569842738205366
Usp15,-0.04486586493987049,0.7645943068716942,47,-0.057123034227567066
Usp19,-0.02879278445883441,0.8476499393423419,47,-0.04290009250693802
Usp2,0.29209065679925994,0.04634562003986191,47,0.2706984273820537
Usp24,0.17032839962997226,0.2523512101799532,47,0.15830249768732654
Usp25,0.13425069380203516,0.3682932348564072,47,-0.0030064754856614245
Usp28,0.18882978723404256,0.20367014301773026,47,0.16003700277520816
Usp39,0.06533302497687327,0.6626144219200962,47,0.06140148011100833
Usp4,0.052382053654024055,0.726576297462565,47,-0.1015263644773358
Usp45,0.1854764107308048,0.2119629859119535,47,0.06059204440333025
Usp47,0.34805735430157264,0.0165118964234438,47,0.3362627197039778
Usp5,0.06082331174838113,0.6846458886952603,47,0.061285846438482894
Usp7,0.08522448039177496,0.5689663237518434,47,0.04642826170596697
Usp9x,-0.07701202590194264,0.606891184179538,47,-0.10869565217391305
Utrn,-0.059032696390774936,0.6934673352847367,47,-0.2815679925994449
Vac14,0.22802960222016652,0.12317434693793389,47,0.17379740980573544
Vamp2,0.41963459759481964,0.0033218886281492334,47,0.2944033302497688
Vamp3,0.109736355226642,0.4627790712012288,47,0.125
Vamp5,0.4167437557816836,0.003568669727576276,47,0.41026827012025896
Vamp7,0.32435245143385755,0.02612916739000683,47,0.31012950971322845
Vamp8,-0.2009713228492137,0.17555897568021958,47,-0.328399629972248
Vapa,0.342622571692877,0.018398427623602435,47,0.3734967622571693
Vapb,0.30319148936170215,0.03829836870782758,47,0.29845050878815915
Vars1,0.052382053654024055,0.726576297462565,47,0.11493987049028678
Vars2,0.15413968547641071,0.30091574201613874,47,0.25011563367252543
Vasp,-0.16859389454209067,0.2572857143246743,47,-0.1608464384828862
Vat1,-0.048681776133209995,0.7452179915791818,47,-0.009135060129509714
Vbp1,0.02624884366327475,0.860971685597658,47,0.017113783533765033
Vcan,-0.02139222941720629,0.8865075033510822,47,-0.14535152636447735
Vcl,0.6885985198889918,8.796070529574504e-08,47,0.6208371877890843
Vcp,0.04671600370027753,0.7551811245483233,47,-0.007631822386679
Vcpip1,-0.07967160037002775,0.5944901501831769,47,-0.08233117483811286
Vdac1,0.11910268270120258,0.4252280636234437,47,0.11864014801110083
Vdac2,0.029429620433794754,0.844321469209853,47,-0.05781850772847692
Vdac3,0.013124801254364262,0.93022648668528,47,-0.09852273716932466
Vezf1,0.1472016651248844,0.3234556193928758,47,0.10198889916743756
Vim,0.036077705827937095,0.8097454524790633,47,0.018963922294172063
Vkorc1,0.16535615171137835,0.2666688642170838,47,0.0671831637372803
Vkorc1l1,0.29891304347826086,0.041252067512428416,47,0.2724329324699353
Vldlr,0.06810823311748382,0.6491940312061939,47,0.11609620721554118
Vmp1,-0.12823774283071232,0.3903212875618658,47,-0.04521276595744681
Vps11,-0.22224791859389453,0.13323251385750695,47,-0.17934782608695657
Vps13a,-0.12893154486586494,0.38774083933258535,47,-0.09516651248843665
Vps13d,0.02879278445883441,0.8476499393423419,47,-0.0025439407955596674
Vps18,0.2790240518038853,0.05752564933671258,47,0.23172987974098058
Vps25,0.016419981498612398,0.9127696028509469,47,0.07967160037002775
Vps26a,0.08522201665124884,0.5689775352642823,47,0.025439407955596672
Vps26b,-0.08603145235892694,0.5652996105866848,47,-0.13910730804810362
Vps28,0.24387141535615176,0.09854988595252658,47,0.19357076780758556
Vps29,0.08857539315448658,0.5538128756608135,47,0.13020351526364476
Vps33a,0.1880203515263645,0.20565064643395167,47,0.1733348751156337
Vps35,0.018732654949121186,0.9005415030348579,47,0.12072155411655874
Vps35l,0.2062904717853839,0.16416802755202212,47,0.07747456059204441
Vps36,0.23566142460684553,0.11078839918765478,47,0.22421369102682703
Vps37a,0.030411655874190566,0.8391940683950125,47,-0.005550416281221091
Vps37b,-0.2282608695652174,0.12278428600554357,47,-0.1910268270120259
Vps41,-0.17611008325624425,0.23636519026475472,47,0.0018501387604070306
Vps45,0.2524283071230342,0.08693246372874404,47,0.17865402405180392
Vps4a,0.026017576318223868,0.8621847084558933,47,-0.04324699352451434
Vps4b,0.007053654024051803,0.9624687450020984,47,-0.03769657724329325
Vps50,-0.12546253469010177,0.40074347280491457,47,-0.1196808510638298
Vps52,0.05758556891766882,0.7006261076820602,47,0.024283071230342276
Vps53,0.10129509713228493,0.4980949406119028,47,0.05538852913968548
Vta1,0.283418131359852,0.05354677703361797,47,0.2279139685476411
Vti1a,-0.1425763182238668,0.3390573358068175,47,-0.01191026827012026
Vti1b,-0.08880666049953746,0.5527741298377703,47,-0.07990286771507862
Vtn,-0.11112395929694727,0.45710582640898234,47,-0.1273126734505088
Vwa1,-0.029255319148936174,0.8452322033395947,47,-0.0862627197039778
Vwa5a,0.03584747479165569,0.810937280902971,47,-0.04463459759481961
Vwa8,-0.10164199814986126,0.4966168364134363,47,-0.1175994449583719
Vwf,0.22710453283996299,0.12474394397592944,47,0.22606382978723405
Wars1,0.2062904717853839,0.16416802755202212,47,0.1628122109158187
Wars2,-0.09192876965772433,0.5388421748914507,47,-0.19021739130434784
Wasf2,0.016419981498612398,0.9127696028509469,47,0.063945420906568
Washc1,0.1608464384828862,0.2801128798516144,47,0.0671831637372803
Washc2c,0.45779370952821463,0.0012141558903245987,47,0.47583256244218325
Washc5,0.004162812210915819,0.9778452600661148,47,0.0
Wbp11,-0.09597594819611471,0.5210392648900872,47,-0.08082793709528216
Wbp2,0.02393617021276596,0.8731157224280364,47,-0.0507631822386679
Wdfy1,-0.0551572617946346,0.7126963102722561,47,-0.18119796484736353
Wdr1,-0.053654024051803896,0.720203556305802,47,-0.17298797409805736
Wdr12,0.1517113783533765,0.30868677126287375,47,0.1933395004625347
Wdr13,-0.1883672525439408,0.20480021017533925,47,-0.25531914893617025
Wdr26,-0.004220751064178815,0.9775369841518612,47,0.0874190564292322
Wdr37,-0.1440795559666975,0.3339364190523701,47,0.03804347826086957
Wdr4,0.03896854764107308,0.7948176501615339,47,-0.10326086956521739
Wdr41,0.3922294172062905,0.006395243141794921,47,0.42957909343200745
Wdr44,-0.07354301572617947,0.6232318495435446,47,-0.16096207215541167
Wdr45,0.1866327474560592,0.20907717606954182,47,0.20524976873265496
Wdr45b,-0.19368640148011101,0.19206854179946486,47,-0.16292784458834414
Wdr48,-0.03584643848288622,0.8109426464834877,47,-0.14396392229417207
Wdr5,0.035962072155411653,0.81034399589371,47,0.04567530064754857
Wdr53,0.05481036077705829,0.7144263963122259,47,0.08822849213691025
Wdr61,0.19322386679000922,0.19315277496341912,47,0.24433395004625347
Wdr7,-0.17298797409805736,0.24490948887314337,47,-0.08926919518963922
Wdr77,-0.12407493061979649,0.40601454631515166,47,-0.14292321924144313
Wdr82,0.10383903792784459,0.4873082355086616,47,0.22930157261794637
Wdsub1,-0.01006012950971323,0.9464915433713946,47,-0.0010407030527289547
Wdtc1,0.06764569842738205,0.6514232814043845,47,0.008209990749306199
Wfs1,0.2393617021276596,0.10513631276799631,47,0.26006012950971324
Wipf3,-0.013644773358001851,0.9274694620362365,47,-0.030527289546716
Wipi1,0.1733348751156337,0.24394991765810403,47,0.22213228492136913
Wipi2,0.0017345050878815912,0.9907679109675063,47,-0.054116558741905636
Wls,0.17090656799259946,0.25072063576965514,47,0.2074468085106383
Wnk1,0.09840425531914894,0.5104998691799497,47,0.024167437557816838
Wnk2,0.25393154486586494,0.08500672569935656,47,0.26792321924144313
Wrnip1,0.06556429232192415,0.6614919759866396,47,-0.002890841813135985
Wtap,0.10927382053654025,0.46467854766992694,47,0.16339037927844588
Wwp1,0.12552398027852338,0.4005109825446794,47,0.22393108043239113
Xdh,0.16489361702127658,0.26802764372172455,47,0.20467160037002777
Xirp1,0.09383943804331804,0.5304008559938748,47,0.09355034550467566
Xirp2,0.4476179463459759,0.001606111978062187,47,0.35730804810360783
Xpnpep1,0.08730342275670674,0.5595424255082047,47,0.030296022201665124
Xpnpep3,0.41454671600370036,0.003766855727662554,47,0.41234967622571694
Xpo1,-0.14616096207215543,0.3269259538200528,47,-0.14835800185013878
Xpo5,-0.3790471785383904,0.00860168283550408,47,-0.32203977798334876
Xpo7,0.19599907493061983,0.18671221328880877,47,0.07227104532839965
Xrcc1,-0.04879740980573543,0.7446331874733364,47,-0.024051803885291396
Xrcc4,0.14743293246993525,0.32268759599100383,47,0.18293246993524515
Xrcc6,0.22016651248843666,0.13699987334437144,47,0.2132284921369103
Xrn1,-0.04024051803885292,0.7882720071746665,47,-0.053654024051803896
Xrn2,0.21924144310823315,0.13869951060591068,47,0.2658418131359852
Xylb,0.10592044403330249,0.47857427398687746,47,0.014338575393154489
Yap1,0.13980111008325624,0.3486384353305805,47,0.23334875115633674
Yars1,0.2512719703977799,0.08843681863034682,47,0.2779833487511564
Yars2,0.09643848288621648,0.5190234493502606,47,-0.004740980573543016
Ybx1,0.08637835337650324,0.5637267443201465,47,0.06209528214616096
Ybx2,0.04706290471785384,0.7534200108102221,47,0.032724329324699354
Ybx3,-0.1314754856614246,0.37836550509539096,47,-0.04798797409805736
Yipf3,0.1267345050878816,0.39594673602774855,47,0.05955134135060129
Ykt6,-0.006128584643848289,0.9673880274836887,47,0.028330249768732656
Yod1,0.28318686401480114,0.053750501977398765,47,0.21473172987974098
Yrdc,0.15356151711378355,0.30275446225045066,47,0.17703515263644773
Ythdc1,-0.026133209990749307,0.8615781575945575,47,0.004047178538390379
Ythdc2,0.11783071230342276,0.43022424891716937,47,0.2760175763182239
Ythdf1,0.15483348751156337,0.2987187863488211,47,0.15437095282146163
Ythdf3,0.1419981498612396,0.34103981114817766,47,0.12372802960222017
Ywhab,-0.19414893617021275,0.19098863946631134,47,-0.09435707678075857
Ywhae,0.3543015726179463,0.014549504637059734,47,0.27162349676225717
Ywhag,0.0431313598519889,0.7734498201071328,47,-0.1053422756706753
Ywhah,0.23011100832562442,0.11969728545492031,47,0.24098057354301575
Ywhaq,-0.028677150786308978,0.8482545907589971,47,-0.0349213691026827
Ywhaz,0.17807585568917672,0.23109117837463986,47,0.19438020351526367
Zadh2,0.2567067530064755,0.08153924094052159,47,0.32400555041628126
Zbtb16,-0.009135324221099353,0.9514042773807436,47,-0.038159111933395
Zbtb20,0.2098751156336725,0.15680115763360122,47,0.26422294172062905
Zbtb8os,-0.07967390364984119,0.5944794591289732,47,-0.1352913968547641
Zc3h14,0.3450508788159112,0.01753412283224575,47,0.3738436632747456
Zc3h15,0.14072617946345978,0.3454264377798596,47,0.2572849213691027
Zc3h18,0.08707215541165589,0.5605871390078185,47,0.0851063829787234
Zc3h4,0.0035846438482886223,0.9809216948867021,47,0.06082331174838113
Zc3hav1,-0.12002775208140612,0.4216151343234255,47,-0.03503700277520814
Zc3hc1,0.11933395004625348,0.42432319742827795,47,0.17969472710453283
Zfand1,-0.2309204440333025,0.1183653427545709,47,-0.15656799259944498
Zfand2b,0.07180851063829788,0.6314705592348826,47,0.20975948196114708
Zfand6,0.0583950046253469,0.6966187093885127,47,0.09192876965772433
Zfp207,-0.15645235892691953,0.2936328945534391,47,-0.1423450508788159
Zfp326,0.22872340425531917,0.12200696185123236,47,0.23196114708603147
Zfp330,0.11540240518038854,0.4398532603416861,47,0.10777058279370952
Zfp422,0.091581868640148,0.540381729661707,47,0.2351988899167438
Zfp428,-0.06972710453283996,0.6414156394805224,47,-0.06174838112858465
Zfp512,0.10742368177613322,0.4723181903368205,47,0.08811285846438482
Zfp598,-0.2701202590194265,0.06631538905697344,47,-0.3659805735430157
Zfp638,-0.09227567067530064,0.5373047477994621,47,-0.1599213691026827
Zfp706,0.13401942645698428,0.3691263769757228,47,0.10869565217391305
Zfp830,0.17865402405180392,0.22955549439575546,47,0.03156799259944496
Zfp91,0.03896854764107308,0.7948176501615339,47,0.11991211840888069
Zfr,0.1909111933395005,0.19863911663378428,47,0.01006012950971323
Zfyve16,-0.08221554116558742,0.5827341691397379,47,0.07620259019426458
Zfyve19,0.09227567067530064,0.5373047477994621,47,0.0425531914893617
Zfyve9,0.14280758556891765,0.3382663502211425,47,0.13841350601295097
Zmat2,-0.05400092506938021,0.7184687697978309,47,-0.03156799259944496
Zmpste24,0.00196577243293247,0.989537029930578,47,-0.009135060129509714
Znfx1,0.02393617021276596,0.8731157224280364,47,0.02000462534690102
Znrd2,0.20316836262719704,0.17078689144021791,47,0.2754394079555967
Zpr1,-0.06140148011100833,0.6818063340817241,47,-0.055272895467160035
Zranb2,0.07944033302497687,0.5955640477404166,47,0.1601526364477336
Zw10,0.21022201665124884,0.15610130261273872,47,0.158418131359852
Zwint,0.260522664199815,0.07695364178817839,47,0.1746068455134135
Zyg11b,0.14049491211840887,0.34622772318929135,47,0.15413968547641071
Zyx,-0.16500925069380204,0.2676875187485064,47,-0.19137372802960223
Zzef1,0.4263413506012951,0.0028063215083426814,47,0.40518038852913973
mrpl11,0.5226641998149861,0.00016403002257199355,47,0.4410268270120259
mrpl24,0.32192414431082333,0.027336197659097897,47,0.2592506938020352
mrpl9,0.23728029602220166,0.1082877457515009,47,0.1322849213691027
