gene,rho,p,n,rho_after_channel
A2m,-0.11990396158463384,0.4068765010018678,50,-0.1020408163265306
Aaas,-0.1363265306122449,0.345164731242489,50,-0.09608643457382952
Aacs,0.2716446578631453,0.056353864888385126,50,0.2779831932773109
Aagab,-0.09522208883553422,0.5106738528670569,50,-0.0968547418967587
Aak1,-0.06458583433373348,0.6558822035933572,50,-0.033373349339735896
Aamdc,-0.026074429771908762,0.8573557532345867,50,-0.01474189675870348
Aamp,0.18415366146458584,0.2004716349922025,50,0.22641056422569028
Aar2,0.06871548619447777,0.6353833869583805,50,0.15380552220888358
Aars1,0.104921968787515,0.46835972181301216,50,0.09531812725090036
Aars2,0.1925090036014406,0.18044647770914118,50,0.12797118847539016
Aarsd1,-0.14900360144057623,0.30172332345075,50,-0.08801920768307324
Aasdhppt,0.011668667466986795,0.9358986792620421,50,0.0168547418967587
Aatf,0.18386554621848739,0.2011890846586736,50,0.01781512605042017
Abca1,0.1634093637454982,0.25683852020425263,50,0.3319567827130852
Abca2,0.2179591836734694,0.12836788335815674,50,0.16043217286914768
Abca3,0.2624249699879952,0.06560616800260535,50,0.35106842737094834
Abca5,0.20710684273709484,0.14898508167637284,50,-0.016950780312124852
Abca8,0.16567024423128734,0.25022519621083134,50,0.11145258103241296
Abca8a,0.260984393757503,0.06715555301123285,50,0.32638655462184873
Abcb10,0.2905642256902761,0.040655141635754725,50,0.23102040816326527
Abcb1a,0.33791116446578623,0.016393998799187747,50,0.28912364945978386
Abcb6,0.31073229291716686,0.028068983340383623,50,0.33301320528211287
Abcb7,0.04043314366456346,0.7804074268428064,50,0.027034813925570226
Abcb8,-0.14329275616990186,0.32083653088008596,50,-0.2814953541112482
Abcc1,-0.03270108043217287,0.8216344458929444,50,-0.05133253301320528
Abcc10,0.1975030012004802,0.16918731906012222,50,0.2068187274909964
Abcc3,0.08168067226890756,0.5728189102509789,50,0.03385354141656663
Abcc4,0.08139255702280913,0.5741779613902226,50,-0.06612244897959184
Abcc5,-0.018391356542617046,0.8991240812196292,50,-0.0251140456182473
Abcd1,0.03183673469387755,0.8262751004534171,50,0.002929171668667467
Abcd2,0.23418967587034814,0.1016430158945107,50,0.22785114045618246
Abcd3,0.24705882352941175,0.08368209233442486,50,0.30583433373349334
Abce1,0.1512124849939976,0.2945317147227276,50,0.013205282112845136
Abcf1,-0.0017767106842737094,0.990229763041263,50,-0.04499399759903961
Abcf2,0.0024489795918367346,0.9865332099197339,50,-0.003601440576230492
Abcf3,0.23750870375882524,0.09674917307777756,50,0.28072702834090024
Abcg1,0.07313325330132053,0.6137504230402822,50,0.00849939975990396
Abcg3l1,-0.21411764705882352,0.13540486646628255,50,-0.24504201680672266
Abcg3l3,0.027034813925570226,0.8521594188868581,50,0.09925570228091235
Abhd1,0.08350540216086433,0.564246113106247,50,0.14208883553421367
Abhd10,0.3566386554621849,0.011014564094642656,50,0.3231212484993997
Abhd11,0.13997599039615843,0.33228105975625033,50,0.0857142857142857
Abhd12,0.2906602641056423,0.04058573968288238,50,0.2004801920768307
Abhd13,0.07831932773109243,0.5887656367420658,50,-0.04153661464585834
Abhd14b,-0.017238895558223288,0.9054155682735919,50,0.06228091236494597
Abhd16a,-0.11116446578631452,0.44215658726836515,50,-0.20182472989195677
Abhd17a,-0.01915966386554622,0.8949331404691206,50,0.043073229291716676
Abhd17b,-0.022761650946559478,0.875324796113862,50,-0.07332533013205282
Abhd17c,0.05920768307322929,0.6829572528858294,50,-0.09070828331332531
Abhd4,-0.011284513805522207,0.938004823056494,50,-0.05094837935174069
Abhd5,0.20432172869147658,0.15465053780915824,50,0.18098439375750297
Abhd6,0.2790396158463385,0.049718930824860084,50,0.20902761104441775
Abi1,0.23342136854741896,0.10280261105904424,50,0.26376950780312125
Abi2,-0.0052340936374549825,0.971222757835147,50,0.04739495798319327
Abi3,0.017623049219687877,0.9033177478414802,50,0.09522208883553422
Abi3bp,0.32408163265306117,0.0216762305310712,50,0.36393757503001195
Abitram,0.07169267707082833,0.6207701220760165,50,0.12729891956782713
Abl1,0.22372148859543817,0.11833341800187742,50,0.052100840336134456
Abl2,-0.2556062424969988,0.07319921366245032,50,-0.25983193277310923
Ablim2,0.341656662665066,0.015168110506443485,50,0.38506602641056425
Ablim3,0.09781512605042017,0.4991760633201894,50,0.12134453781512604
Abr,0.17426170468187277,0.22614969415113215,50,0.2925810324129652
Abracl,0.08571634375444866,0.5539397237913316,50,0.10876350540216086
Abraxas1,-0.20144057623049216,0.16067647907755725,50,-0.10021608643457382
Abraxas2,-0.11145258103241296,0.44096716713420075,50,-0.08177671068427371
Acaa1a,-0.03625450180072028,0.802621267065429,50,-0.1714765906362545
Acaa2,0.19759903961584632,0.16897591791597658,50,0.16792316926770706
Acaca,0.46314525810324125,0.000706743089599205,50,0.42501800720288113
Acacb,0.4284753901560624,0.0019068112250361451,50,0.4783193277310924
Acad10,0.18914765906362543,0.18832209156309074,50,0.16638655462184873
Acad11,0.3301320528211284,0.019211177954621312,50,0.2613685474189676
Acad8,-0.2673229291716686,0.060550572952562436,50,-0.3806482593037215
Acad9,-0.022905162064825933,0.8745450103974277,50,-0.10809123649459784
Acadl,0.21450180072028813,0.13468845325314263,50,0.25637454981992797
Acadm,0.22641056422569028,0.11385971662902702,50,0.2582953181272509
Acads,0.04979591836734694,0.7312843187919351,50,-0.04249699879951981
Acadsb,0.2457142857142857,0.08543317609766217,50,0.19202881152460982
Acadvl,0.0993517406962785,0.4924259650145456,50,0.14554621848739496
Acap1,0.2710684273709484,0.056899486809126626,50,0.1900120048019208
Acap2,-0.1280672268907563,0.3754424025932204,50,-0.1630252100840336
Acap3,-0.007058823529411764,0.9611969970014109,50,0.0012965186074429772
Acat1,0.28614645858343335,0.04395449159571091,50,0.28576230492196875
Acat2,-0.027611044417767107,0.849044583975611,50,-0.06785114045618247
Acbd3,0.01133280511263299,0.9377400399041275,50,0.028476073863522723
Acbd4,0.05315726290516206,0.7138943092418598,50,0.06871548619447777
Acbd5,-0.05018007202881152,0.7292899173439517,50,-0.04777911164465786
Acbd6,-0.18405762304921966,0.2007105836695977,50,-0.07812725090036014
Accs,-0.052965186074429765,0.7148842537631441,50,0.031644657863145256
Acd,-0.012244897959183673,0.9327402823164229,50,0.0912845138055222
Ace,0.2665546218487395,0.06132225833747569,50,0.19490996398559424
Ace2,0.5039615846338535,0.00019057462368742258,50,0.40177671068427373
Acer2,-0.013397358943577431,0.9264266116519362,50,0.04614645858343337
Acin1,-0.041970802919708027,0.7722756434957092,50,-0.12331628614085387
Ackr3,-0.2351500600240096,0.10020773345907025,50,-0.272797118847539
Acly,0.050660264105642255,0.7267994090773101,50,0.02645858343337335
Aco1,0.2814405762304922,0.04770651873692008,50,0.2816326530612245
Aco2,0.17013205282112842,0.23751425451013153,50,0.07620648259303721
Acot1,0.1944297719087635,0.17605394141698905,50,0.1607202881152461
Acot11,0.196734693877551,0.17088544731158203,50,0.14477791116446578
Acot13,0.12240096038415366,0.3971038054741006,50,0.16811524609843936
Acot2,0.004369747899159664,0.9759734341266462,50,0.0050420168067226885
Acot3,0.04835534213685474,0.7387789011788352,50,-0.0658343337334934
Acot7,0.3299399759903961,0.01928561956640226,50,0.2893157262905162
Acot8,0.0966626650660264,0.5042696916034142,50,-0.051236494597839126
Acot9,-0.12451380552220888,0.3889427365299787,50,-0.09723889555822329
Acox1,0.1922735240295868,0.18099036313130903,50,0.19693149901232157
Acox3,-0.10521008403361343,0.46713231871253486,50,-0.09992797118847539
Acoxl,0.2016326530612245,0.16026948296871257,50,0.2351500600240096
Acp1,-0.13546218487394956,0.3482606980309426,50,-0.03375750300120048
Acp2,-0.18607442977190874,0.1957348230578232,50,-0.2051860744297719
Acp3,0.16283313325330132,0.25854267247479906,50,0.07947178871548619
Acp5,0.6780792316926769,6.303268389740502e-08,50,0.5898199279711884
Acp6,0.022424969987995196,0.8771546533520387,50,0.010516206482593037
Acsbg1,0.7209123649459783,3.543723876122841e-09,50,0.7442496998799519
Acsf2,0.3486674669867947,0.01308270366303706,50,0.3028571428571428
Acsf3,0.04643457382953182,0.7488090704314575,50,0.05978391356542617
Acsl1,0.2227611044417767,0.11996310790398233,50,0.3425210084033613
Acsl3,0.0640096038415366,0.658763007862284,50,0.046626650660264106
Acsl4,-0.041440576230492195,0.7750770169950753,50,-0.07899159663865546
Acsl5,-0.14934332161139235,0.3006099717184374,50,-0.14425316338283684
Acsm1,0.015606242496998797,0.914338267712406,50,0.010516206482593037
Acsm5,0.1342169080076661,0.35275104971780236,50,0.13469387755102039
Acss1,0.29421368547418963,0.03808542312926573,50,0.33925570228091234
Acss2,0.21824729891956784,0.12785142419425916,50,0.19174069627851137
Acss3,-0.012917166866746698,0.9290567848678867,50,-0.07793517406962785
Acta1,-0.027803121248499398,0.8480068101944223,50,-0.00552220888355342
Acta2,-0.09791116446578632,0.498752792431235,50,-0.08993997599039616
Actb,0.10453781512605041,0.4699989452938897,50,0.10674669867947177
Actg2,0.18799519807923168,0.1910779964419356,50,0.14343337334933973
Actl6a,0.1264345738295318,0.38161008759856646,50,-0.01282112845138055
Actn1,-0.14410564225690276,0.31807018558063355,50,-0.24321728691476588
Actn2,0.06977190876350539,0.6301818992433754,50,0.04336134453781513
Actn3,-0.07001368582296143,0.6289939464399824,50,-0.13388076548313887
Actn4,0.11327731092436974,0.43347553824281454,50,0.22967587034813922
Actr10,0.07543817527010806,0.6025900840195814,50,0.12422569027611044
Actr1a,0.104921968787515,0.46835972181301216,50,0.18069627851140455
Actr1b,0.16091236494597838,0.2642778990888745,50,0.025978391356542615
Actr2,-0.031164465786314523,0.8298885741693174,50,-0.14343337334933973
Actr3,0.14986794717887153,0.2988958515111014,50,0.12259303721488594
Actr3b,0.21786314525810324,0.12854038488388028,50,0.19481392557022806
Actr5,0.23707082833133256,0.09738415683508361,50,0.20605042016806724
Actr6,-0.006386554621848738,0.964890088733286,50,-0.06938775510204082
Actr8,-0.18309723889555823,0.20311114537837996,50,-0.11116446578631452
Acvr1,0.013781512605042016,0.9243230321819229,50,0.026266506602641054
Acvrl1,0.36067226890756304,0.010079813866289438,50,0.3734453781512605
Acy1,-0.196734693877551,0.17088544731158203,50,-0.1897238895558223
Acy3,0.09771908763505403,0.499599518922039,50,-0.020984393757503002
Acyp1,0.3098679471788715,0.02853211059959872,50,0.3958223289315726
Acyp2,0.10031212484993997,0.4882313531546813,50,0.042977190876350546
Ada,0.2333253301320528,0.10294827389637884,50,0.0968547418967587
Adal,0.04163265306122449,0.7740618781921108,50,-0.0059063625450180065
Adam10,0.19452581032412963,0.1758363595790261,50,0.17397358943577432
Adam15,0.14324129651860742,0.3210121648083788,50,0.0846578631452581
Adam17,-0.02645858343337335,0.8552764883233676,50,0.16600240096038413
Adam8,-0.11308523409363744,0.43426075769016703,50,-0.14535414165666266
Adam9,-0.025690276110444176,0.8594359770665877,50,-0.09349339735894358
Adamts15,0.048931572629051616,0.7357781389841229,50,0.1011764705882353
Adamtsl3,-0.08657863145258103,0.5499444767025348,50,-0.10271308523409363
Adamtsl4,0.003217286914765906,0.9823089250466962,50,0.008403361344537815
Adamtsl5,0.03202881152460984,0.8252433300244186,50,-0.053829531812725095
Adap1,-0.007923169267707083,0.9564499314163795,50,-0.015894357743097238
Adap2,0.020888355342136854,0.8855140703887638,50,0.027226890756302524
Adar,0.25406962785114046,0.07500285778726268,50,0.2595438175270108
Adarb1,0.06861944777911164,0.6358571194886568,50,0.027226890756302524
Adat1,0.055078031212484994,0.704020745069616,50,0.010612244897959183
Adat2,0.047202881152460976,0.7447919572730598,50,0.022328931572629048
Adck1,0.22861944777911164,0.1102823328119331,50,0.0821608643457383
Adck5,-0.019639855942376952,0.8923152365382944,50,-0.08648259303721488
Adcy6,0.074093637454982,0.6090895470834801,50,0.05978391356542617
Adcy7,0.22352941176470587,0.11865800351067342,50,0.27145258103241293
Adcy9,0.42232893157262896,0.002249729682944232,50,0.3315726290516206
Add1,0.1296998799519808,0.3693347337560166,50,0.13018007202881152
Add2,0.2797118847539015,0.049148630346944396,50,0.18463385354141656
Add3,-0.09483793517406962,0.5123885537518271,50,-0.06737094837935174
Adgb,0.021848739495798315,0.8802879301101031,50,-0.002352941176470588
Adgra2,0.294405762304922,0.0379539678699677,50,0.3538535414165666
Adgre5,-0.3165906362545018,0.02509254733582267,50,-0.4666026410564225
Adgrf5,0.47889555822328933,0.00043449241335141394,50,0.45085234093637455
Adgrg3,-0.008595438175270108,0.9527587947505248,50,0.09214885954381752
Adgrg6,0.2615606242496999,0.06653233616844036,50,0.2645378151260504
Adgrl2,0.17819927971188473,0.21566898765633302,50,0.1900120048019208
Adgrl3,0.24830732292917165,0.08208140132577338,50,0.25810324129651857
Adgrl4,-0.01733535019347673,0.9048887795723116,50,-0.09954381752701079
Adh1,0.0019687875150060023,0.9891735809208646,50,-0.06986794717887154
Adh7,0.25493397358943576,0.07398403378165042,50,0.34809123649459783
Adhfe1,0.47006002400960384,0.000572465139907548,50,0.49070828331332533
Adi1,0.059737328644556935,0.6802725802755868,50,0.1320048019207683
Adipoq,0.20278511404561822,0.15784334162852423,50,0.16043217286914768
Adk,-0.09032412965186075,0.5327517460057927,50,0.03558223289315726
Adm,0.33316526216715114,0.018067476930087086,50,0.38448979591836735
Adnp,0.012917166866746698,0.9290567848678867,50,0.037406962785114045
Adnp2,0.07687875150060022,0.5956601487472962,50,0.1592797118847539
Ado,0.17205282112845138,0.23218075434077384,50,0.18645858343337332
Adpgk,-0.10280912364945978,0.4774132891049011,50,-0.02069627851140456
Adprh,-0.031260504201680674,0.8293721484376042,50,-0.018583433373349337
Adprm,-0.06545018007202881,0.6515702862833339,50,-0.1226890756302521
Adprs,0.015894357743097238,0.9127628822867415,50,-0.15937575030012002
Adrb1,0.4362545018007203,0.0015398502177233439,50,0.46545018007202876
Adrb2,0.43490996398559423,0.0015983764364259287,50,0.32427370948379347
Adrm1,-0.0331812725090036,0.8190589030020377,50,-0.02809123649459784
Adsl,-0.17512605042016804,0.22381945017363192,50,-0.12825930372148858
Adss,0.10895558223289314,0.4513343099177775,50,0.06890756302521008
Adss1,-0.19414165666266506,0.17670785313176487,50,-0.2599279711884754
Aebp1,0.4978151260504201,0.00023463622911595305,50,0.5441056422569027
Aebp2,-0.11183673469387755,0.4393840392524576,50,-0.07486194477791117
Afap1,0.1707082833133253,0.23590548137435993,50,0.19116446578631452
Afap1l1,0.20211284513805522,0.15925529490958068,50,0.19193277310924367
Afap1l2,0.19904439488077855,0.16581752193038218,50,0.13695406856453085
Afdn,0.04172869147659064,0.7735544489391231,50,-0.06141656662665066
Aff1,0.10415366146458584,0.471641233220701,50,0.23620648259303723
Aff4,-0.16984393757503002,0.23832144880306985,50,-0.13824729891956783
Afg3l1,0.23217286914765903,0.10470864900474017,50,0.10789915966386554
Afg3l2,0.09291716686674668,0.5210054483879641,50,0.09906362545018006
Afmid,0.39217286914765903,0.0048512980442652915,50,0.43404561824729887
Aftph,-0.11702280912364946,0.4183234943590506,50,-0.16398559423769507
Aga,0.003985594237695078,0.9780851204760453,50,0.08533013205282113
Agap1,-0.18021608643457382,0.21043410218481773,50,-0.1624489795918367
Agap2,0.2611764705882353,0.06694729922761217,50,0.23438175270108041
Agap3,0.14247298919567825,0.32364166037575187,50,0.07438175270108043
Ager,0.2917166866746699,0.03982871656032797,50,0.2186314525810324
Agfg1,-0.060168067226890755,0.6780921362007896,50,0.04633853541416567
Agfg2,0.09099639855942376,0.5296939968421751,50,0.022232893157262904
Agk,0.10828331332533012,0.45414809957987456,50,0.05805522208883554
Agl,-0.00744297719087635,0.9590870158850027,50,0.0035054021608643456
Ago1,-0.10540216086434574,0.4663150106107136,50,-0.04739495798319327
Ago2,0.11145258103241296,0.44096716713420075,50,0.018007202881152456
Ago3,0.13584960026965562,0.34687092226569055,50,0.12134453781512604
Agpat1,-0.28316926770708284,0.04629903510453985,50,-0.324657863145258
Agpat2,0.1373829531812725,0.34140393033004296,50,0.03289315726290516
Agpat3,0.35097238895558225,0.012453053585615728,50,0.2622328931572629
Agpat4,0.1343097238895558,0.3524151462832098,50,0.14391356542617048
Agpat5,-0.05728691476590636,0.6927256711507918,50,-0.1196158463385354
Agps,-0.059305145398736187,0.6824629420519474,50,-0.023193277310924368
Agr2,-0.08993997599039616,0.5345029055740002,50,-0.10213685474189677
Agrn,0.2984393757503001,0.035278582448279555,50,0.26002400960384153
Agt,0.6002881152460984,4.065349290898635e-06,50,0.5977911164465786
Agtpbp1,-0.18088835534213688,0.20870909358909023,50,-0.08657863145258103
Ahctf1,0.18482593037214884,0.1988046228303781,50,0.22103241296518605
Ahcy,-0.01757545199671048,0.9035776358063221,50,0.06141656662665066
Ahcyl1,0.10540216086434574,0.4663150106107136,50,0.0010084033613445378
Ahcyl2,-0.06468187274909963,0.6554025496506848,50,-0.011764705882352943
Ahdc1,0.002929171668667467,0.9838929817466395,50,-0.030300120048019206
Ahi1,0.07735894357743096,0.5933580179930509,50,-0.13853541416566625
Ahnak,0.07092436974789915,0.6245277341281963,50,0.025690276110444176
Ahr,-0.28278511404561824,0.046608847008105025,50,-0.35481392557022806
Ahsa1,-0.019255702280912366,0.8944094701222107,50,-0.05517406962785113
Ahsa2,-0.07025210084033613,0.6278234226869991,50,0.03423769507803121
Ahsp,0.506266506602641,0.00017609514252074515,50,0.46535414165666267
Aida,-0.030204081632653063,0.8350567113874385,50,-0.012436974789915966
Aif1,0.4175270108043217,0.0025546030944353293,50,0.5464105642256902
Aif1l,0.2217046818727491,0.12177536258445004,50,0.19798319327731093
Aifm1,-0.014357743097238897,0.9211686280160256,50,0.0617046818727491
Aifm2,0.3596158463385354,0.010317764116596588,50,0.33128451380552215
Aig1,0.27289315726290514,0.05518614900433462,50,0.2777911164465786
Aimp1,0.17118847539015608,0.23457055177168173,50,0.12854741896758703
Aimp2,-0.03414165666266506,0.8139135104843961,50,-0.08350540216086433
Aip,-0.24187274909963982,0.09059456847961314,50,-0.25963985594237693
Ajuba,0.32062424969987996,0.023200857587224566,50,0.22343337334933971
Ak2,-0.17426170468187277,0.22614969415113215,50,-0.19231692677070825
Ak3,0.22199279711884753,0.12127906856008518,50,0.0319327731092437
Ak4,0.1156782713085234,0.42372761683341886,50,0.11202881152460985
Ak6,0.11951980792316927,0.4083922236223843,50,0.15879951980792315
Ak7,-0.14900360144057623,0.30172332345075,50,-0.1119327731092437
Ak8,0.10463385354141658,0.46958885190595157,50,0.09080432172869149
Ak9,-0.1185594237695078,0.41219574557510047,50,-0.08292917166866745
Akap1,0.11980792316926771,0.40725512665571495,50,0.11135654261704682
Akap10,-0.06919567827130851,0.6330168945594253,50,-0.13584633853541417
Akap11,0.06919567827130851,0.6330168945594253,50,0.0728451380552221
Akap12,0.23716686674669865,0.09724461160477188,50,0.33310924369747896
Akap13,0.047490996398559415,0.7432872647025576,50,0.2293877551020408
Akap14,-0.03721488595438175,0.7975014454969093,50,0.022040816326530613
Akap17a,0.2848019207683073,0.04500100829696284,50,0.2403361344537815
Akap2,0.38237695078031214,0.006136075004708876,50,0.26837935174069627
Akap5,0.3090036014405762,0.029001592982218577,50,0.13747899159663865
Akap7,0.009267707082833133,0.949068639160811,50,0.09301320528211285
Akap8,0.11154861944777912,0.44057108869439926,50,0.15361344537815122
Akap8l,0.28297719087635054,0.0464537305475929,50,0.27529411764705874
Akap9,-0.00907563025210084,0.9501228647604613,50,0.11183673469387755
Akip1,0.10905162064825931,0.45093312121714724,50,0.2138295318127251
Akna,0.20884054845271557,0.1455367441812284,50,0.1371941703677646
Akr1a1,-0.12921968787515006,0.3711248650349302,50,0.006194477791116446
Akr1b1,-0.15011164738174038,0.2981017579389089,50,-0.16077216744531883
Akr1b8,-0.030684273709483793,0.8324717662389532,50,-0.004657863145258102
Akr1c13,0.20965689458371028,0.1439336788097981,50,0.09800720288115244
Akr1c14,0.17291716686674669,0.229807744460712,50,0.19846338535414165
Akr1c15,0.2230492196878751,0.11947242414860526,50,0.14967587034813923
Akr1c19,0.40667466986794715,0.003381864944531874,50,0.4094597839135654
Akr1e2,0.05094837935174069,0.725306443038003,50,-0.03010804321728691
Akr7a2,0.2634813925570228,0.06448819232933928,50,0.30650660264105645
Akr7a3,0.07985594237695079,0.5814510819245352,50,0.1537094837935174
Akt1,0.1673469387755102,0.2453956975273267,50,-0.11231692677070829
Akt1s1,0.15726290516206481,0.2754072633602049,50,0.21210084033613444
Akt2,0.16513805522208885,0.25177144303044197,50,0.18444177671068426
Akt3,0.21843937575030012,0.1275079883441574,50,0.10290516206482593
Aktip,0.013493397358943579,0.9259006695282543,50,0.0398079231692677
Alad,-0.1296998799519808,0.3693347337560166,50,-0.1956782713085234
Alas1,0.2978631452581032,0.035650956209985984,50,0.3309003601440576
Alb,-0.11904247404329313,0.4102801288033813,50,-0.05724026989092594
Alcam,0.11990396158463384,0.4068765010018678,50,0.09791116446578632
Aldh16a1,-0.0346218487394958,0.8113437127687082,50,-0.14256902761104442
Aldh18a1,0.32379351740696277,0.021799971786013,50,0.1985594237695078
Aldh1a1,0.3708523409363745,0.008018939527592797,50,0.37104441776710684
Aldh1a2,0.41627851140456185,0.002639631477956688,50,0.4166626650660264
Aldh1a3,0.6215126050420168,1.4589790606223223e-06,50,0.67875150060024
Aldh1a7,-0.05450180072028812,0.7069778323592292,50,-0.11980792316926771
Aldh1b1,-0.2027377580077117,0.15794250093862647,50,0.11378482556746483
Aldh1l1,0.21820451877883176,0.1279280103940168,50,0.20720288115246097
Aldh2,-0.08686674669867947,0.5486126204499956,50,-0.09839135654261706
Aldh3a1,0.3125570228091236,0.02711184828085644,50,0.2287154861944778
Aldh3a2,0.08014405762304923,0.5800841984627959,50,0.08100840336134453
Aldh3b1,-0.02127250900360144,0.8834230228517642,50,0.03903961584633854
Aldh5a1,0.07947178871548619,0.5832758585435145,50,0.0019687875150060023
Aldh6a1,-0.0059063625450180065,0.9675284624934394,50,0.04816326530612245
Aldh7a1,-0.0019687875150060023,0.9891735809208646,50,0.036638655462184866
Aldh9a1,0.34367346938775506,0.014541015909691098,50,0.40379351740696273
Aldoa,0.21152460984393756,0.14031539485321917,50,0.1832893157262905
Aldoc,0.20605042016806724,0.15111570419875842,50,0.2532052821128451
Alg1,-0.007347115178952742,0.9596135168326357,50,0.02895558223289316
Alg11,0.12355342136854741,0.3926399851500462,50,0.0670828331332533
Alg14,0.0993517406962785,0.4924259650145456,50,0.06621848739495799
Alg2,-0.08744297719087635,0.5459535436144716,50,-0.06794717887154862
Alg5,0.07611044417767106,0.5993517372477795,50,0.08763505402160864
Alg6,-0.0453781512605042,0.7543433771682858,50,-0.12489795918367347
Alg9,0.00014405762304921967,0.9992077995790674,50,-0.04854741896758703
Alkbh3,0.04998799519807923,0.7302868972991754,50,0.052292917166866744
Alkbh5,-0.07207683073229292,0.618894895331404,50,-0.04172869147659064
Alkbh6,-0.20921968787515002,0.14479058670076012,50,0.058439375750300115
Alms1,0.35174069627851134,0.01224902803399332,50,0.37997599039615837
Alox12,0.09704681872749099,0.5025688713042594,50,0.09003601440576231
Alox15,0.14266506602641055,0.3229830159785232,50,0.14900360144057623
Alox5,0.09858343337334932,0.4957950768954383,50,0.07294117647058823
Alox5ap,0.030300120048019206,0.8345395833742012,50,0.07687875150060022
Alpk1,0.09373574398245589,0.517324357292372,50,-0.021848739495798315
Alpl,0.1630252100840336,0.2579737805941781,50,0.14247298919567825
Als2,0.15563025210084033,0.28048500819768996,50,0.08725090036014405
Als2cl,-0.06641056422569028,0.6467924718812164,50,-0.03673469387755102
Alyref,-0.1914091575379453,0.1829968855064277,50,-0.18828331332533013
Amacr,0.03241296518607443,0.8231806675615939,50,0.16052821128451378
Ambra1,0.25051620648259304,0.07930840728140401,50,0.26357743097238895
Amdhd2,0.24705882352941175,0.08368209233442486,50,0.21690276110444176
Amer1,0.16859543817527012,0.24184094814296855,50,0.27183673469387754
Amfr,-0.05478991596638655,0.7054987502780329,50,0.04816326530612245
Amot,0.18895558223289313,0.18877942614349424,50,0.15630252100840333
Amotl1,0.12307322929171667,0.3944963190419882,50,0.08148859543817527
Amotl2,0.2915246098439376,0.039965487569900295,50,0.39294117647058824
Ampd2,0.22717887154861943,0.11260551053865726,50,0.19577430972388954
Ampd3,0.4783193277310924,0.00044247800150930153,50,0.3627851140456182
Amph,0.07582232893157262,0.6007386654540318,50,0.02914765906362545
Amt,0.3089075630252101,0.029054152815764886,50,0.322641056422569
Amz2,-0.11395231581473762,0.4307224008094169,50,-0.10766164857001341
Anapc1,-0.06333733493397359,0.662130151953696,50,0.05411764705882353
Anapc11,0.07726476028062067,0.593809239210399,50,-0.004321832458207496
Anapc2,-0.1560181517412906,0.27927305472749425,50,-0.2469627851140456
Anapc4,-0.007058823529411764,0.9611969970014109,50,-0.04240096038415366
Anapc5,-0.04509003601440576,0.7558548692341351,50,0.05267707082833133
Anapc7,-0.19951980792316923,0.16478810671305233,50,-0.22189675870348136
Angel2,0.09752701080432173,0.5004469838467484,50,0.10626650660264104
Angpt1,0.09791116446578632,0.498752792431235,50,0.01944777911164466
Angpt2,0.2107563025210084,0.14179552839739834,50,0.19894357743097235
Angptl2,-0.014165666266506602,0.9222199650398092,50,-0.11020408163265305
Ank1,-0.057382953181272504,0.692236057246644,50,-0.05267707082833133
Ank2,0.3806482593037215,0.006391231425979759,50,0.29939975990396156
Ank3,0.4062522510715046,0.0034183646638138066,50,0.44672268907563023
Ankef1,-0.08581032412965187,0.553503616234848,50,-0.008691476590636255
Ankfy1,-0.1201920768307323,0.40574184486393966,50,-0.07726290516206481
Ankib1,0.11164465786314526,0.4401752078504042,50,0.039519807923169274
Ankle2,-0.2003841536614646,0.1629284828227884,50,-0.1702280912364946
Ankmy2,0.025210084033613446,0.8620375844447012,50,-0.14650660264105642
Ankrd10,0.09339735894357742,0.5188444715693142,50,0.23034813925570227
Ankrd11,0.012773415932035485,0.9298443042564748,50,-0.057094837935174066
Ankrd12,0.29382953181272503,0.0383494583391168,50,0.23054021608643455
Ankrd13a,-0.12057623049219686,0.40423182076389974,50,-0.13911164465786313
Ankrd13c,-0.03923169267707083,0.7867774768856767,50,-0.055750300120048016
Ankrd17,0.00773109243697479,0.957504711384272,50,-0.009171668667466985
Ankrd26,0.08187274909963986,0.5719136983199204,50,0.03932773109243697
Ankrd27,0.012340936374549819,0.9322139811947295,50,0.19644657863145257
Ankrd28,-0.08926770708283314,0.5375741872301489,50,-0.16062424969987996
Ankrd40,0.16782713085234094,0.2440243098877604,50,0.2594477791116447
Ankrd42,-0.17599039615846337,0.22150588501706894,50,-0.20797118847539015
Ankrd44,0.027418967587034812,0.8500826111544155,50,0.09157262905162064
Ankrd45,-0.0418448282736511,0.772940952915076,50,-0.05817920440802696
Ankrd49,0.03174069627851141,0.826791094735132,50,0.015894357743097238
Ankrd50,0.18693877551020407,0.19362938157961015,50,0.08004801920768306
Ankrd52,-0.07178871548619448,0.6203010909885867,50,-0.19126050420168067
Ankrd54,0.10569027611044417,0.46509049118211554,50,0.07543817527010806
Ankrd65,-0.1533253301320528,0.2877577691664223,50,-0.11750300120048018
Anks1a,0.14765906362545017,0.30615576738241074,50,0.1992316926770708
Anks3,-0.03510204081632653,0.8087758819260071,50,-0.19183673469387755
Anks6,0.1036734693877551,0.47369839364716887,50,0.14612244897959184
Ankzf1,0.11414165666266506,0.42995190594090166,50,0.07370948379351741
Ano1,0.37671068427370946,0.007007174971331138,50,0.330516206482593
Ano10,-0.11289315726290516,0.43504677226945127,50,-0.13747899159663865
Ano6,0.023673469387755098,0.8703723399762501,50,-0.02895558223289316
Anp32b,0.01935174069627851,0.8938858443371016,50,-0.07130852340936374
Anp32e,0.06593037214885954,0.6491796319767822,50,-0.014069627851140454
Anpep,0.08168067226890756,0.5728189102509789,50,0.08513805522208882
Antxr1,0.39649459783913565,0.0043638931555879685,50,0.3106362545018007
Antxr2,0.07025210084033613,0.6278234226869991,50,0.1078031212484994
Anxa1,0.26905808070374,0.0588364531683708,50,0.33474189675870347
Anxa11,0.012148859543817525,0.933266611913471,50,-0.18300120048019208
Anxa2,0.015702280912364946,0.913813102725811,50,-0.051236494597839126
Anxa3,0.030588235294117645,0.832988615863935,50,0.04182472989195678
Anxa4,-0.041825734123319205,0.7730418088955463,50,0.18262143153959004
Anxa5,0.060072028811524604,0.6785780674684071,50,0.03827130852340937
Anxa6,-0.2288170184817635,0.1099665962016636,50,0.021848739495798315
Anxa7,0.42693877551020404,0.0019878713574718564,50,0.3021848739495798
Anxa8,0.41464585834333734,0.002754596320702028,50,0.4084033613445378
Anxa9,0.05142857142857142,0.7228204140977085,50,0.021176470588235297
Aoah,0.664249699879952,1.4453144931161487e-07,50,0.6757743097238894
Aoc3,0.36585834333733486,0.00897908854008053,50,0.446530612244898
Aopep,0.3282112845138055,0.019966645298370965,50,0.2496518607442977
Aox1,0.6864345738295319,3.735336429696338e-08,50,0.6312124849939976
Aox3,0.3139975990396158,0.026375619719312734,50,0.31918367346938775
Ap1ar,-0.3106362545018007,0.028120130113926316,50,-0.22496998799519805
Ap1b1,0.11817810755165163,0.41371153915077796,50,0.17138055222088835
Ap1g2,-0.027130852340936373,0.8516401233148821,50,0.08715486194477791
Ap1m1,0.17099639855942375,0.2351039005315283,50,0.13334933973589436
Ap1m2,0.18588235294117647,0.19620489704511831,50,0.21815126050420167
Ap1s1,0.19539015606242494,0.17388685586237718,50,0.165906362545018
Ap1s2,-0.07178871548619448,0.6203010909885867,50,-0.057767106842737094
Ap2a1,-0.15611044417767103,0.2789852048598166,50,-0.08504201680672267
Ap2a2,0.28806722689075626,0.04249405805208297,50,0.24475390156062424
Ap2b1,-0.22496998799519805,0.1162400240790686,50,-0.1543817527010804
Ap2m1,-0.15418967587034815,0.28501618282802504,50,-0.1438175270108043
Ap2s1,0.010324129651860744,0.9432719892746785,50,-0.08533013205282113
Ap3b1,-0.033373349339735896,0.818029213335407,50,-0.18348139255702278
Ap3d1,-0.009555822328931571,0.9474874631857075,50,-0.021176470588235297
Ap3m1,0.16398953160865107,0.25513036828148006,50,0.11846622971553214
Ap3m2,0.005330132052821128,0.9706949629545814,50,0.03490996398559423
Ap3s1,0.36345738295318125,0.009475039630692735,50,0.3195678271308523
Ap3s2,0.1811764705882353,0.20797285026518827,50,0.169171668667467
Ap4b1,-0.08043217286914765,0.5787187754727622,50,-0.05056422569027611
Ap4e1,0.022473528782678977,0.8768906973810364,50,-0.01940022570128698
Ap4m1,-0.17387755102040817,0.2271907201899618,50,-0.10127250900360144
Ap5b1,0.19635054021608642,0.17173913175018168,50,0.10799519807923168
Ap5m1,0.06765906362545018,0.6406023554342575,50,0.21603841536614646
Ap5s1,0.2517647058823529,0.07777400941386876,50,0.1985594237695078
Apaf1,-0.047587034813925566,0.7427859111260962,50,0.03788715486194477
Apba1,-0.17051620648259302,0.23644090751166094,50,-0.2560864345738295
Apba3,0.0446109150408307,0.7583704055826159,50,0.14420168067226888
Apbb1,-0.016950780312124852,0.9069893539372285,50,-0.017046818727490996
Apbb1ip,0.48696278511404556,0.0003355647752623832,50,0.5363265306122449
Apbb2,0.015894357743097238,0.9127628822867415,50,-0.010612244897959183
Apc,0.30967587034813926,0.02863588851634096,50,0.20653061224489797
Apeh,-0.2582953181272509,0.07012566452363979,50,-0.2659783913565426
Apex1,0.06093637454981993,0.6742093668352068,50,0.06525810324129651
Api5,0.009267707082833133,0.949068639160811,50,0.026362545018007204
Apip,0.16667466986794718,0.24732441964392568,50,-0.04163265306122449
Aplf,-0.014549819927971188,0.9201174243821219,50,-0.08139255702280913
Aplp2,0.23102040816326527,0.10649207519975618,50,0.28825930372148856
Apmap,0.04609954622087995,0.7505628463871932,50,0.07342313142888067
Apoa1,-0.1824249699879952,0.20480353968454698,50,-0.22362545018007202
Apob,0.24528800218359872,0.08599430187238372,50,0.19702753973361503
Apobec3,0.13575030012004802,0.3472268155866828,50,0.1524609843937575
Apobr,0.6539735894357742,2.6052311687531557e-07,50,0.670204081632653
Apoc1,-0.21968787515006,0.12529257145179043,50,0.0563265306122449
Apoc4,-0.12585834333733492,0.38380120751963126,50,-0.2221848739495798
Apod,0.1833853541416567,0.20238886097880235,50,0.09349339735894358
Apoe,0.5406482593037215,5.052441782809104e-05,50,0.5277791116446579
Apol11a,0.14871548619447778,0.30266963261683894,50,0.2225690276110444
Apol2,0.1804081632653061,0.20994022653012503,50,0.1745498199279712
Apom,0.0993517406962785,0.4924259650145456,50,0.18002400960384152
Apoo,-0.17522208883553422,0.22356156432386154,50,-0.026170468187274906
Apool,-0.062472989195678265,0.6664690684682278,50,0.05671068427370948
App,0.32206482593037217,0.022554983750327585,50,0.30516206482593033
Appbp2,0.1497719087635054,0.29920916650742924,50,0.13238895558223288
Appl1,0.16388955582232892,0.2554241739435841,50,0.24043217286914764
Appl2,-0.036638655462184866,0.8005723408637344,50,-0.016470588235294115
Aprt,-0.10588235294117646,0.46427510774287944,50,-0.081968787515006
Aptx,0.19951980792316923,0.16478810671305233,50,0.24590636254501802
Aqp1,0.10895558223289314,0.4513343099177775,50,0.07466986794717888
Aqp4,0.15803121248499397,0.2730388902522867,50,0.08849939975990395
Aqp5,0.26424969987995195,0.06368472258328754,50,0.3402160864345738
Aqr,-0.037695078031212484,0.7949446802314588,50,-0.16936374549819924
Araf,-0.07803121248499399,0.5901416818413918,50,-0.11318127250900359
Arap1,0.03827130852340937,0.7918793770772163,50,-0.04192076830732293
Arap2,0.459015606242497,0.0007998462075167793,50,0.4109963985594237
Arap3,0.24369747899159666,0.08811342474320644,50,0.2048019207683073
Arcn1,0.01906362545018007,0.8954568551591776,50,0.07726290516206481
Arf1,-0.32955582232893155,0.019435235173088344,50,-0.29776710684273705
Arf2,0.019543817527010805,0.8928387273266257,50,0.0683313325330132
Arf4,-0.002352941176470588,0.9870612735896643,50,0.00744297719087635
Arf5,-0.0008643664916414991,0.9952467098183468,50,-0.04230492196878751
Arf6,-0.1926050420168067,0.18022499631510366,50,-0.19990396158463383
Arfgap1,0.14352941176470588,0.3200295984361328,50,-0.0012004801920768309
Arfgap2,-0.21532329714002682,0.13316595968774594,50,-0.42377968270756833
Arfgap3,0.15294117647058825,0.2889817627244347,50,0.10012004801920767
Arfgef1,-0.23246098439375748,0.10426640092561322,50,-0.2238175270108043
Arfgef2,0.1660984393757503,0.24898576972633313,50,0.10136854741896759
Arfip1,-0.12480192076830732,0.38783757676343483,50,-0.2824009603841537
Arfip2,0.1865546218487395,0.1945631364729314,50,0.1975030012004802
Arfrp1,-0.13315726290516205,0.3565998277358196,50,-0.0923409363745498
Arg1,0.42521008403361343,0.0020827113807377383,50,0.3248499399759904
Arglu1,0.07169267707082833,0.6207701220760165,50,0.01282112845138055
Arhgap1,0.049028788220331694,0.7352722649708066,50,0.035006002400960384
Arhgap10,-0.21325842163221656,0.13701755941491173,50,-0.11308523409363744
Arhgap12,0.1512124849939976,0.2945317147227276,50,0.03270108043217287
Arhgap15,0.24744297719087635,0.08318698684260013,50,0.22621848739495798
Arhgap17,0.0003361344537815126,0.9981515336582548,50,-0.15150060024009604
Arhgap18,0.2863934308972167,0.04376444163113478,50,0.1185594237695078
Arhgap21,0.5611044417767107,2.2480309250718256e-05,50,0.5998079231692677
Arhgap22,0.052965186074429765,0.7148842537631441,50,0.07755102040816325
Arhgap23,0.10972388955582232,0.44813028042727127,50,0.13546218487394956
Arhgap24,-0.10300120048019207,0.476586425301399,50,-0.04979591836734694
Arhgap25,0.39255702280912363,0.004806121749176104,50,0.32801920768307324
Arhgap26,0.2226650660264106,0.1201270082880347,50,0.2792316926770708
Arhgap27,0.3456902761104441,0.013936187816211107,50,0.3055462184873949
Arhgap28,0.23923743674210823,0.09427352816635796,50,0.1815169632447148
Arhgap29,0.3081392557022809,0.029477495776839762,50,0.18914765906362543
Arhgap30,0.42693877551020404,0.0019878713574718564,50,0.4414405762304921
Arhgap31,0.6401440576230493,5.562752626250955e-07,50,0.6438895558223289
Arhgap32,0.10348139255702281,0.47452259340535535,50,0.04902761104441777
Arhgap35,-0.26261704681872744,0.06540175708718113,50,-0.23783913565426168
Arhgap39,-0.08475390156062423,0.5584152018580083,50,-0.09099639855942376
Arhgap4,0.44710684273709483,0.0011331371519825357,50,0.46468187274909956
Arhgap42,-0.0823529411764706,0.5696535539896701,50,-0.028763505402160862
Arhgap44,0.07169267707082833,0.6207701220760165,50,0.011284513805522207
Arhgap45,0.527875150060024,8.161942273065656e-05,50,0.5147178871548619
Arhgap5,0.21517406962785113,0.1334415625322423,50,0.1537094837935174
Arhgap6,0.08581032412965187,0.553503616234848,50,0.01752701080432173
Arhgap8,0.3563505402160864,0.011084095606365977,50,0.3333013205282113
Arhgap9,0.47063625450180074,0.0005623878252534215,50,0.507611044417767
Arhgdia,0.16523409363745495,0.25149193248189927,50,0.166578631452581
Arhgdib,0.20057623049219686,0.1625173225858125,50,0.317358943577431
Arhgef1,-0.1543817527010804,0.28440927241544345,50,-0.18981992797118846
Arhgef10,0.3366626650660264,0.016820919561932608,50,0.3857382953181272
Arhgef10l,0.1367106842737095,0.3437942183463451,50,0.1289315726290516
Arhgef11,0.10319575502986565,0.47574967026575504,50,0.12043506450204887
Arhgef12,0.3015126050420168,0.033346467555828714,50,0.27606242496998795
Arhgef15,0.4245378151260504,0.0021206650778008806,50,0.3661464585834333
Arhgef16,0.23524609843937574,0.10006507018810001,50,0.17647058823529413
Arhgef18,0.2917166866746699,0.03982871656032797,50,0.16849939975990394
Arhgef2,0.06977190876350539,0.6301818992433754,50,0.08504201680672267
Arhgef25,0.016470588235294115,0.9096131131071888,50,-0.07054021608643457
Arhgef26,0.24442363569195724,0.08714093237415865,50,0.27256356703095275
Arhgef28,0.3812244897959184,0.006305171055769193,50,0.3335894357743097
Arhgef3,0.18050420168067227,0.2096935936237541,50,0.17551020408163265
Arhgef37,-0.0722689075630252,0.6179581811053432,50,-0.15447779111644658
Arhgef38,0.23169267707082833,0.10544893201554384,50,0.20201680672268904
Arhgef40,0.3000792336815405,0.034236417802929145,50,0.2714590987360775
Arhgef5,-0.12797118847539016,0.3758035482394883,50,-0.19433373349339736
Arhgef6,-0.13824729891956783,0.3383458798635399,50,-0.24993997599039616
Arhgef7,0.42463385354141653,0.002115205803853168,50,0.3793997599039616
Arid1a,-0.11539015606242496,0.4248907663746203,50,-0.13603841536614644
Arid1b,-0.1845378151260504,0.19951785106414455,50,-0.314093637454982
Arid2,0.0012004801920768309,0.9933984017153108,50,-0.02069627851140456
Arid3a,0.3079471788715486,0.02958413045603965,50,0.28854741896758695
Arid4a,-0.04643457382953182,0.7488090704314575,50,-0.022136854741896757
Arid4b,0.21450180072028813,0.13468845325314263,50,0.36364945978391355
Arid5b,0.08869147659063625,0.5402135277453415,50,0.2051860744297719
Arih1,0.09647058823529413,0.5051212028634926,50,0.10789915966386554
Arih2,-0.17191289111536484,0.23256650199158763,50,-0.24331332533013206
Arl1,-0.07361344537815126,0.6114180800534645,50,0.06074429771908763
Arl11,0.15399759903961585,0.2856239407910244,50,0.07889555822328932
Arl13b,0.014261704681872748,0.9216942799647057,50,-0.16830732292917167
Arl14ep,-0.08619447779111644,0.55172268105076,50,-0.17349339735894356
Arl15,-0.1208643457382953,0.40310144275949744,50,-0.009555822328931571
Arl2,0.09325777948520939,0.5194721492914937,50,-0.14300463400602137
Arl2bp,0.005762443277609994,0.9683192827581191,50,-0.1126557660772754
Arl3,-0.037791116446578635,0.7944335820847725,50,-0.016566626650660263
Arl5a,-0.048931572629051616,0.7357781389841229,50,0.10031212484993997
Arl6,0.0670828331332533,0.6434563570547525,50,0.07025210084033613
Arl6ip1,0.12182765496080462,0.3993353804476815,50,0.033374150649491216
Arl6ip4,0.11030012004801922,0.4457354930536335,50,0.22842737094837934
Arl6ip5,0.057382953181272504,0.692236057246644,50,-0.027899159663865542
Arl6ip6,-0.1558223289315726,0.2798844517690455,50,-0.07745498199279711
Arl8a,0.025979015109891722,0.8578723425407051,50,0.09945016689941916
Arl8b,0.35183673469387755,0.012223727585738045,50,0.19202881152460982
Armc1,0.02991596638655462,0.8366085090060389,50,0.0036974789915966387
Armc10,0.03442977190876351,0.8123713972775561,50,0.003889555822328931
Armc3,-0.057094837935174066,0.6937052717869107,50,-0.027418967587034812
Armc6,-0.062088835534213675,0.6684009605193323,50,-0.018679471788715485
Armc7,-0.12528211284513804,0.3859997674322132,50,-0.007827130852340937
Armc8,0.13056422569027612,0.3661256266302638,50,0.03683073229291716
Armc9,0.0670828331332533,0.6434563570547525,50,0.21286914765906362
Armh3,-0.021080432172869146,0.8844684492089908,50,0.06237695078031212
Armt1,-0.05133253301320528,0.7233173942330269,50,0.011044682948752488
Arnt,0.3076590636254502,0.02974468461162774,50,0.2615606242496999
Arntl,-0.08581032412965187,0.553503616234848,50,-0.15495798319327728
Arpc1a,-0.10376950780312125,0.47328657978140226,50,-0.27846338535414167
Arpc1b,0.46372148859543816,0.000694558214440971,50,0.47572629051620646
Arpc2,0.05027611044417767,0.7287915934144177,50,0.039615846338535404
Arpc3,0.25618247298919566,0.0725317724718203,50,0.19183673469387755
Arpc4,0.21363745498199277,0.1363043866361783,50,0.2843217286914766
Arpc5,0.3227370948379351,0.022258793874184682,50,0.30122448979591837
Arpc5l,0.06573829531812725,0.6501354755460494,50,-0.12134453781512604
Arpin,0.11519807923169266,0.425667201852284,50,0.16216086434573826
Arrb1,-0.07294117647058823,0.6146844227987611,50,-0.05651860744297719
Arrb2,0.39735894357743096,0.0042717428863625504,50,0.4253061224489796
Arrdc1,-0.0728451380552221,0.6151516497621463,50,-0.11279711884753903
Arsa,-0.15601440576230494,0.2792847421484152,50,-0.1251860744297719
Arsb,0.34320151754232187,0.014685742756317928,50,0.13652188531871012
Arsk,0.18915220058754806,0.18831128778927705,50,0.19231692677070825
Arsl,-0.1733013205282113,0.22875845435870845,50,0.17051620648259302
Art4,0.17647058823529413,0.22022776592241,50,0.20854741896758705
Arvcf,0.32446578631452583,0.02151216338093011,50,0.3168787515006002
As3mt,0.07025210084033613,0.6278234226869991,50,0.08523409363745497
Asah1,0.16504201680672267,0.25205116328891125,50,0.22199279711884753
Asap1,0.11817527010804323,0.4137228304092187,50,0.1417046818727491
Asap2,0.020984393757503002,0.8849912355548427,50,0.15140456182472986
Asap3,-0.22804321728691473,0.11120716442916802,50,-0.2965186074429772
Asb6,0.012244897959183673,0.9327402823164229,50,0.04691476590636255
Ascc1,0.020312124849939977,0.8886520854497547,50,0.21459783913565425
Ascc2,0.23351740696278508,0.1026571069985649,50,0.11154861944777912
Ascc3,0.014453781512605042,0.9206430094148257,50,-0.01282112845138055
Asf1a,0.19222088835534215,0.18111209634198486,50,0.3026650660264106
Ash2l,0.07409541647793517,0.6090809274061888,50,0.08686674669867947
Asl,0.1171188475390156,0.4179389954272032,50,0.15418967587034815
Asmtl,-0.22439375750300117,0.11720267705189423,50,-0.10962785114045617
Asns,-0.09003601440576231,0.5340648521199438,50,-0.11817527010804323
Asnsd1,0.08067420588653991,0.5775728748427944,50,0.027226890756302524
Aspa,0.284609843937575,0.04515215768518725,50,0.14487394957983193
Asph,-0.014549819927971188,0.9201174243821219,50,0.01262905162064826
Aspn,0.0790876350540216,0.5851032158998725,50,0.08254501800720286
Aspscr1,-0.05939975990396158,0.6819832009828575,50,0.03510204081632653
Asrgl1,0.16148859543817526,0.26254848530198116,50,0.1504441776710684
Ass1,0.5764705882352941,1.1801117900657944e-05,50,0.5831932773109243
Asxl2,-0.04854741896758703,0.7377782164483431,50,-0.06948379351740695
Atad1,0.10530612244897959,0.466723568539095,50,0.08984393757503001
Atad2,0.17157262905162063,0.2335063452041421,50,0.13085234093637454
Atad2b,0.15265306122448982,0.2899019838203246,50,0.22247298919567823
Atad3a,0.054405762304921966,0.7074710981749527,50,0.10943577430972388
Atat1,0.09032412965186075,0.5327517460057927,50,0.07025210084033613
Ate1,0.10876611686488864,0.4521263513881105,50,0.012389253046861486
Atf1,-0.02857142857142857,0.8438582830868868,50,0.06775510204081632
Atf2,0.14199279711884752,0.3252919760709843,50,0.036350540216086434
Atf7,-0.17983193277310922,0.21142429431040186,50,-0.0036974789915966387
Atf7ip,0.1702280912364946,0.23724560582753182,50,0.30516206482593033
Atg10,-0.058343337334933965,0.6873467957767785,50,-0.12297719087635053
Atg101,-0.018391356542617046,0.8991240812196292,50,0.09896758703481391
Atg12,0.026938775510204082,0.8526787765291988,50,0.021464585834333732
Atg13,0.04605042016806723,0.7508201127549528,50,0.08811524609843938
Atg14,-0.07524609843937576,0.6035167253438533,50,-0.01935174069627851
Atg16l1,-0.08936374549819928,0.5371349077517865,50,-0.046626650660264106
Atg16l2,-0.05478991596638655,0.7054987502780329,50,0.015510204081632653
Atg2a,-0.06237695078031212,0.6669518412899765,50,-0.004465786314525811
Atg3,0.04086532691038421,0.7781194692415434,50,0.06626809769251493
Atg4b,-0.019543817527010805,0.8928387273266257,50,0.017334933973589435
Atg5,0.10972388955582232,0.44813028042727127,50,0.04950780312124849
Atg7,0.28259303721488593,0.04676438529507331,50,0.34924369747899153
Atg9a,0.06333733493397359,0.662130151953696,50,0.0033133253301320525
Atic,-0.03414165666266506,0.8139135104843961,50,-0.010228091236494596
Atl2,0.23649459783913568,0.09822468547370182,50,0.12758703481392558
Atl3,-0.0022569027611044415,0.9875893427487413,50,0.03250900360144057
Atm,0.26482593037214885,0.06308739069885357,50,0.2697238895558223
Atox1,-0.10665322099643164,0.4610104677998554,50,-0.0712124849939976
Atp10b,-0.03807923169267707,0.7929008011218845,50,-0.0757262905162065
Atp11a,-0.2093157262905162,0.14460203159540103,50,-0.2697238895558223
Atp11b,0.12326530612244897,0.3937531693775406,50,0.23303721488595439
Atp11c,0.18981992797118846,0.18672765401983396,50,0.21891956782713082
Atp13a1,-0.013973589435774309,0.9232714336848591,50,-0.11222088835534214
Atp13a2,0.028283313325330132,0.8454134955287829,50,0.06881152460984392
Atp13a4,0.1797358943577431,0.21167235114533764,50,0.21229291716686674
Atp1a1,0.0036974789915966387,0.9796689836275797,50,0.07697478991596637
Atp1a2,0.2799039615846338,0.04898666726176534,50,0.30429771908763503
Atp1b1,0.272124849939976,0.05590240851341342,50,0.216422569027611
Atp1b3,-0.19135654261704682,0.18311953804371303,50,-0.17647058823529413
Atp2a2,0.14266506602641055,0.3229830159785232,50,0.18828331332533013
Atp2a3,0.21277310924369747,0.1379347666731362,50,0.31937575030012
Atp2b1,-0.016278511404561824,0.910662885715317,50,0.10357743097238895
Atp2b2,0.10645858343337333,0.46183358680346137,50,-0.07399759903961585
Atp2b4,0.05642256902761104,0.697137769951935,50,0.17551020408163265
Atp2c1,-0.03692677070828331,0.7990365169421094,50,-0.035390156062424974
Atp5f1a,0.06842737094837935,0.6368050173218915,50,0.07985594237695079
Atp5f1b,-0.1483313325330132,0.3039343481184082,50,-0.11001200480192078
Atp5f1c,-0.17762304921968786,0.2171812073420406,50,-0.09349339735894358
Atp5f1d,0.023289315726290515,0.8724582456414803,50,-0.015510204081632653
Atp5f1e,0.08187274909963986,0.5719136983199204,50,0.06842737094837935
Atp5if1,-0.026554621848739496,0.8547568235322907,50,0.07687875150060022
Atp5mc3,0.010516206482593037,0.942218356661114,50,0.07495798319327732
Atp5me,0.01935174069627851,0.8938858443371016,50,0.006386554621848738
Atp5mf,0.2990299657693016,0.03490027011037588,50,0.27919708061389426
Atp5mg,-0.11327731092436974,0.43347553824281454,50,-0.15169267707082834
Atp5mk,-0.12902761104441776,0.37184237491477784,50,-0.043745498199279705
Atp5pb,0.02069627851140456,0.8865598846501891,50,-0.039711884753901555
Atp5pd,0.17608643457382953,0.22124985036515865,50,0.21930372148859542
Atp5pf,0.10290516206482593,0.476999762222001,50,0.05690276110444177
Atp5po,-0.03308523409363745,0.8195738612852521,50,-0.12115246098439375
Atp6ap2,-0.37056422569027603,0.008071808129013801,50,-0.3501080432172869
Atp6v0a1,0.02770708283313325,0.84852566530385,50,0.01637454981992797
Atp6v0a2,0.05334933973589436,0.712904830878288,50,-0.1185594237695078
Atp6v0c,0.13959183673469386,0.3336228844020166,50,0.16859543817527012
Atp6v0d1,-0.2188235294117647,0.12682320195311297,50,-0.2012484993997599
Atp6v1a,0.2002881152460984,0.1631343475702773,50,0.13863145258103243
Atp6v1b2,0.443937575030012,0.0012406019681347517,50,0.3812244897959184
Atp6v1c1,-0.1722970540005388,0.23150852715325484,50,-0.23309083057932425
Atp6v1c2,0.30823529411764705,0.029424298593631684,50,0.3402160864345738
Atp6v1d,-0.241968787515006,0.09046263982568438,50,-0.16283313325330132
Atp6v1e1,0.28268907563025214,0.04668656337270081,50,0.2645378151260504
Atp6v1f,0.19731092436974787,0.169610697501005,50,0.2430252100840336
Atp6v1g1,0.1491956782713085,0.30109351137594936,50,0.19721488595438177
Atp6v1h,0.21767106842737097,0.12888591119229822,50,0.2058583433373349
Atp7a,0.057190876350540217,0.6932154093903193,50,0.057190876350540217
Atp7b,-0.07303721488595438,0.6142173471740465,50,-0.15841536614645857
Atp8a1,-0.009651860744297719,0.9469604487315959,50,0.08974789915966387
Atp9a,0.03289315726290516,0.8206040037107419,50,0.1543817527010804
Atp9b,-0.03884753901560624,0.7888171864728192,50,-0.034717887154861946
Atpaf1,-0.09061224489795917,0.5314402237750233,50,-0.14093637454981991
Atpaf2,-0.08312124849939975,0.5660459322469298,50,-0.052004801920768305
Atr,0.22957983193277312,0.10875403545139357,50,0.10463385354141658
Atraid,-0.15034813925570228,0.29733245851278994,50,-0.2270828331332533
Atrip,-0.15812725090036014,0.2727437949549611,50,-0.16216086434573826
Atrn,0.358079231692677,0.010672506703973838,50,0.398031212484994
Atrnl1,0.16024009603841535,0.2663051405168559,50,0.2893157262905162
Atrx,0.23832504988982,0.09557391772922429,50,0.23136209759604126
Atxn1,0.06679471788715485,0.6448852734231328,50,-0.07495798319327732
Atxn10,-0.08648259303721488,0.5503887713278364,50,0.059495798319327726
Atxn2,0.06929171668667466,0.6325440312455953,50,0.13584633853541417
Atxn2l,0.05349468176047945,0.7121564162701329,50,0.0949842733592714
Atxn3,0.21565426170468185,0.1325562359361283,50,0.21315726290516207
Atxn7,-0.03289315726290516,0.8206040037107419,50,-0.03308523409363745
Atxn7l3b,0.08129847057494766,0.5746220909411117,50,0.02914835891257722
Auh,0.10362793827568641,0.4738936982403405,50,0.09186074429771908
Aup1,-0.03884753901560624,0.7888171864728192,50,-0.03385354141656663
Aurkaip1,0.0912845138055222,0.5283861828190868,50,0.11827130852340936
Aurkb,-0.1406482593037215,0.3299410030562696,50,-0.14496998799519806
Aven,-0.1332533013205282,0.356249950777137,50,-0.20220888355342137
Avil,0.658967587034814,1.9620674268808215e-07,50,0.6222809123649461
Avl9,0.08888355342136854,0.5393330505492828,50,0.028763505402160862
Axl,0.3124684867284019,0.027157650582333995,50,0.127875150060024
Azgp1,0.09656662665066026,0.5046953555630573,50,0.018583433373349337
Azi2,0.08062424969987995,0.5778093067048342,50,0.11366146458583432
B2m,0.4020648259303721,0.0037993921036369492,50,0.4738055222088835
B3galt6,-0.14429771908763506,0.31741874303886103,50,-0.02261704681872749
B3gat3,0.16513805522208885,0.25177144303044197,50,0.16821128451380551
B3glct,-0.15515006002400963,0.2819901046888301,50,-0.15879951980792315
B3gnt2,0.25762304921968787,0.07088426428959156,50,0.17080432172869148
B4galt1,0.341656662665066,0.015168110506443485,50,0.19193277310924367
B4galt4,-0.01262905162064826,0.9306352509000534,50,-0.014357743097238897
B4galt7,0.09647058823529413,0.5051212028634926,50,0.2934453781512605
B9d1,0.09291716686674668,0.5210054483879641,50,0.11587034813925569
B9d2,-0.02415366146458583,0.8677661870492,50,-0.023097238895558224
Babam1,0.11913565426170468,0.40991119738674603,50,0.06545018007202881
Babam2,-0.1491956782713085,0.30109351137594936,50,-0.0848499399759904
Bach1,-0.13219687875150057,0.36011011987871283,50,-0.12
Bad,-0.050372148859543824,0.7282933804348101,50,0.07274909963985594
Bag1,0.39908763505402156,0.00409255369014447,50,0.23466986794717884
Bag2,-0.06285714285714285,0.6645393163266287,50,-0.06698679471788715
Bag3,-0.1790199044910838,0.21352809674460052,50,-0.1173109243697479
Bag4,0.02914765906362545,0.840749631753519,50,0.0035054021608643456
Bag5,0.30698679471788715,0.030122133614299818,50,0.3341656662665066
Bag6,0.11932773109243697,0.409151304348638,50,0.02665066026410564
Bahd1,-0.07015606242496998,0.6282948246159517,50,-0.21162064825930374
Baiap2,0.09416566626650659,0.5153962594066313,50,-0.16667466986794718
Baiap2l1,-0.09205282112845137,0.5249064828882124,50,0.02809123649459784
Banf1,-0.10857142857142857,0.4529410186652569,50,-0.1288355342136855
Bank1,0.2388955582232893,0.09475917576214749,50,0.23822328931572626
Banp,0.18060457639242658,0.20943604200642307,50,0.07846526929678942
Bap1,0.01013205282112845,0.944325718014386,50,0.02857142857142857
Basp1,-0.018679471788715485,0.8975521529759434,50,-0.08475390156062423
Bax,-0.05094837935174069,0.725306443038003,50,-0.14765906362545017
Baz1a,0.2643457382953181,0.06358485434077281,50,0.15399759903961585
Baz1b,0.08917166866746698,0.538013641370765,50,-0.02261704681872749
Baz2a,0.012244897959183673,0.9327402823164229,50,-0.01944777911164466
Baz2b,-0.08388955582232892,0.5624489664943948,50,-0.13277310924369748
Bbs1,0.022713085234093634,0.875588710609917,50,-0.019927971188475387
Bbs2,0.15207683073229292,0.29174815062300696,50,0.15447779111644658
Bbs4,0.05824729891956783,0.6878351565517051,50,0.049411764705882356
Bbs5,0.12921968787515006,0.3711248650349302,50,0.027899159663865542
Bbs7,-0.1512124849939976,0.2945317147227276,50,-0.24148859543817527
Bbs9,0.16763505402160866,0.24457223816359275,50,0.18914765906362543
Bbx,-0.060840336134453776,0.6746942563131716,50,-0.010324129651860744
Bcam,0.35270108043217285,0.011998033765704554,50,0.26818727490996397
Bcap29,0.037118847539015606,0.7980130520295956,50,0.06679471788715485
Bcap31,-0.09262905162064825,0.5223041850809608,50,-0.11241296518607442
Bcar1,0.1901080432172869,0.1860472881292368,50,0.21114045618247296
Bcar3,0.04403361344537814,0.7614047126017045,50,-0.0059063625450180065
Bcas2,-0.018583433373349337,0.8980760861000697,50,-0.09791116446578632
Bcat1,0.672140987972559,9.050009800237661e-08,50,0.5824249699879952
Bcat2,-0.05459783913565427,0.7064846856496607,50,0.0013925570228091237
Bccip,0.15294117647058825,0.2889817627244347,50,0.17963985594237694
Bche,-0.046530612244897955,0.7483065676552072,50,0.03346938775510204
Bckdha,0.12480192076830732,0.38783757676343483,50,0.21478991596638655
Bckdhb,-0.05527010804321728,0.7030360089502817,50,-0.016758703481392558
Bckdk,-0.1460264105642257,0.31159391297394856,50,-0.17224489795918366
Bcl10,0.061224489795918366,0.672755485105491,50,0.006866746698679471
Bcl2l1,0.025018007202881155,0.863078634916133,50,0.17915966386554621
Bcl2l11,0.2557022809123649,0.07308763687243035,50,0.2932533013205282
Bcl2l13,-0.042017815565906204,0.7720273972915851,50,-0.18766356940749884
Bcl2l14,0.23563025210084032,0.09949598473376198,50,0.35990396158463384
Bcl2l2,0.16821128451380551,0.24293095927614597,50,0.19548619447779111
Bcl6,0.18213685474189675,0.205531882566014,50,-0.03231692677070828
Bcl7a,-0.06468187274909963,0.6554025496506848,50,0.022905162064825933
Bcl7c,0.04441776710684273,0.7593851958109286,50,0.18165666266506603
Bcl9l,0.22208883553421366,0.12111397811759446,50,0.21094837935174068
Bclaf1,-0.0021608643457382954,0.9881174171729694,50,-0.1407442977190876
Bclaf3,-0.09589435774309724,0.5076801308216784,50,-0.09829531812725088
Bco2,0.3375270108043217,0.016524366273427647,50,0.3866986794717887
Bcor,0.2614645858343337,0.06663588413265582,50,0.3350300120048019
Bcr,0.19951980792316923,0.16478810671305233,50,0.1870348139255702
Bcs1l,-0.015222088835534215,0.9164392876278163,50,-0.033565426170468184
Bdh1,0.15543817527010806,0.28108641153206376,50,0.0954141656662665
Bdh2,0.2533973589435774,0.0758029201498346,50,0.21997599039615845
Becn1,0.1061704681872749,0.4630534786101985,50,0.024537815126050418
Bend7,-0.05046818727490996,0.7277952785933703,50,-0.06641056422569028
Bet1,0.1944297719087635,0.17605394141698905,50,0.11030012004801922
Bet1l,0.13747899159663865,0.3410633035393226,50,0.1274909963985594
Bgn,-0.026938775510204082,0.8526787765291988,50,-0.058727490996398554
Bhlhe40,0.5122208883553421,0.00014320314740173343,50,0.4565186074429772
Bicc1,0.08158463385354141,0.5732717630013678,50,0.07937575030012005
Bicd1,-0.05805522208883554,0.6888122562563272,50,0.10895558223289314
Bicd2,0.29795918367346935,0.03558866945339984,50,0.39428571428571424
Bicdl2,-0.21315726290516207,0.13720836565864944,50,-0.12595438175270107
Bicra,-0.030684273709483793,0.8324717662389532,50,0.027611044417767107
Bicral,0.01157262905162065,0.9364251750505506,50,-0.04192076830732293
Bid,0.2154621848739496,0.132909836508595,50,0.2512845138055222
Bin1,0.03423769507803121,0.8133993948322712,50,-0.07687875150060022
Bin2,0.16436974789915965,0.25401507934189005,50,0.20451380552220885
Bin3,-0.06996398559423768,0.629238068862309,50,-0.11078031212484994
Birc2,-0.18482593037214884,0.1988046228303781,50,-0.1119327731092437
Birc3,0.2353421368547419,0.09992256378115114,50,0.07063625450180072
Birc6,0.07620648259303721,0.5988897401951788,50,-0.015894357743097238
Bles03,-0.10837935174069627,0.4537455442625736,50,-0.1011764705882353
Blmh,0.06852340936374549,0.6363309963298318,50,-0.09224489795918367
Blnk,0.42597839135654264,0.002040075263396219,50,0.22141656662665066
Bloc1s1,0.18444177671068426,0.19975599554355383,50,0.216422569027611
Bloc1s2,0.15630252100840333,0.27838676526196915,50,0.15649459783913564
Bloc1s3,-0.11030012004801922,0.4457354930536335,50,-0.15313325330132052
Bloc1s4,-0.13863145258103243,0.3369922306980507,50,-0.11020408163265305
Bloc1s5,0.057190876350540217,0.6932154093903193,50,0.17896758703481394
Bloc1s6,-0.0060984393757503004,0.966473070114678,50,-0.08014405762304923
Blvra,0.34549819927971187,0.013992848579108864,50,0.2927731092436974
Blvrb,0.31937575030012,0.023773124256054087,50,0.3424249699879952
Blzf1,0.09435774309723889,0.5145360102171661,50,0.06919567827130851
Bmi1,0.06055222088835534,0.6761497090336853,50,-0.05930372148859543
Bmp1,0.019735894357743092,0.8917917911858331,50,0.06324129651860745
Bmp2k,0.08696487313126416,0.5481593685166396,50,0.07025210084033613
Bmper,0.16945978391356542,0.23940062178526056,50,0.1558223289315726
Bmpr1a,0.13224807322114937,0.35992247105949826,50,0.14353285797313559
Bmpr2,0.46189675870348135,0.0007338056139319426,50,0.49157262905162064
Bms1,0.08360144057623049,0.5637965755719512,50,0.07486194477791117
Bnip1,-0.09800720288115244,0.4983297063593493,50,-0.12547418967587035
Bnip2,0.04528211284513805,0.754847106935656,50,-0.036638655462184866
Bnip3l,0.16989603596820133,0.23817534932221493,50,0.08595644555768242
Bod1,0.25387755102040815,0.07523076263416291,50,0.17445378151260504
Bod1l1,-0.09032412965186075,0.5327517460057927,50,-0.00936374549819928
Bola1,0.06631452581032413,0.647269623377497,50,0.07812725090036014
Bola2,0.16581032412965185,0.2498192714884368,50,0.19327731092436973
Bola3,0.07034813925570228,0.6273521677638412,50,-0.11250900360144059
Bop1,0.27519807923169265,0.05308170904588875,50,0.23716686674669865
Borcs5,0.09848739495798318,0.4962170518882712,50,0.020216086434573826
Borcs6,-0.014357743097238897,0.9211686280160256,50,-0.09656662665066026
Borcs7,-0.061992797118847545,0.6688842666153456,50,-0.0027370948379351738
Borcs8,0.09253301320528211,0.5227374550597651,50,0.018007202881152456
Bpgm,-0.11990396158463384,0.4068765010018678,50,-0.322641056422569
Bphl,-0.21820451877883176,0.1279280103940168,50,-0.24321728691476588
Bpifa1,-0.049411764705882356,0.7332804803454832,50,-0.10645858343337333
Bpifb1,0.09397358943577432,0.5162572310332108,50,0.08436974789915966
Bpnt1,0.22333733493397356,0.1189832644934566,50,0.2715486194477791
Bpnt2,-0.14448979591836733,0.3167681481614198,50,-0.12
Bptf,0.15092436974789916,0.29546338699281394,50,0.16456182472989198
Braf,0.04211284513805522,0.7715256708960064,50,0.09599039615846339
Brap,-0.07418967587034814,0.6086242993514357,50,0.06064825930372149
Brat1,0.03010804321728691,0.8355739084710629,50,0.02885954381752701
Brcc3,-0.06909963985594238,0.6334899031407717,50,-0.06890756302521008
Brd1,0.08974789915966387,0.535379538886014,50,0.04172869147659064
Brd2,0.02357743097238895,0.8708937350965249,50,-0.03894357743097239
Brd3,-0.05450180072028812,0.7069778323592292,50,-0.13219687875150057
Brd4,-0.14756302521008402,0.30647396149497136,50,-0.0966626650660264
Brd7,0.20096038415366146,0.1616972769979981,50,0.30045618247298916
Brd8,0.2518607442977191,0.07765695534272622,50,0.23409363745498196
Brd9,0.1226890756302521,0.3959850809429432,50,0.13776710684273707
Brf1,-0.08677070828331333,0.5490564011370141,50,-0.09915966386554621
Bri3,-0.02799519807923169,0.846969291513827,50,0.06794717887154862
Bri3bp,0.2322689075630252,0.10456107303396187,50,0.10069627851140456
Brix1,0.004705995343381495,0.9741252207995141,50,-0.06785114045618247
Brk1,-0.045474189675870344,0.7538397485818784,50,0.08542617046818726
Brms1l,-0.019735894357743092,0.8917917911858331,50,0.026266506602641054
Brox,0.05277310924369748,0.7158746629666642,50,-0.050372148859543824
Brpf1,-0.17138055222088835,0.23403803343160617,50,-0.05488595438175269
Brpf3,-0.09675870348139255,0.5038442110912843,50,-0.012340936374549819
Bsdc1,0.14482940771059785,0.3156199034023282,50,0.22247298919567823
Bsg,0.07803121248499399,0.5901416818413918,50,0.19423769507803118
Bspry,0.2322689075630252,0.10456107303396187,50,0.21843937575030012
Bst1,-0.10424969987995197,0.4712303742641664,50,-0.1063625450180072
Bst2,0.08456182472989196,0.5593104161522781,50,0.017334933973589435
Btaf1,0.19577430972388954,0.17302544682865212,50,0.18175270108043215
Btbd1,0.18559423769507805,0.19691150882321412,50,0.16273709483793514
Btbd10,-0.03510204081632653,0.8087758819260071,50,-0.06602641056422569
Btbd2,-0.21709483793517406,0.12992668276272548,50,-0.11990396158463384
Btbd8,0.306218487394958,0.030558375378706912,50,0.41358943577430973
Btbd9,0.049603841536614644,0.7322821803116044,50,0.010708283313325332
Btd,0.25541416566626646,0.07342277199396578,50,0.08945978391356542
Btf3,0.14468187274909963,0.31611840101944727,50,0.20086434573829529
Btf3l4,0.09647058823529413,0.5051212028634926,50,-0.04124849939975991
Btk,0.3806482593037215,0.006391231425979759,50,0.33791116446578623
Btnl10,-0.14871548619447778,0.30266963261683894,50,-0.1020408163265306
Bub3,0.19481392557022806,0.17518477928606702,50,0.16878751500600236
Bud13,-0.0846578631452581,0.5588627246986755,50,-0.08244897959183674
Bud23,-0.2415846338535414,0.09099125374567163,50,-0.07649459783913565
Bud31,0.2016326530612245,0.16026948296871257,50,0.13939975990396156
Bysl,0.2457142857142857,0.08543317609766217,50,0.30525810324129654
Bzw1,0.12288410289503314,0.3952288555877027,50,0.18425412380157954
Bzw2,0.17051620648259302,0.23644090751166094,50,0.20864345738295315
C1d,0.036495474091529964,0.8013358600675333,50,0.11904247404329313
C1galt1,-0.042881152460984395,0.7674726631844364,50,-0.24744297719087635
C1galt1c1,-0.18684273709483792,0.19386252101312867,50,-0.15975990396158463
C1qa,0.3865066026410564,0.0055621819803920326,50,0.4256902761104442
C1qb,0.2737575030012005,0.054389229756980594,50,0.3243697478991596
C1qbp,-0.20873949579831932,0.1457360990896696,50,-0.0821608643457383
C1qc,0.3200480192076831,0.023463525030267905,50,0.2790396158463385
C1qtnf2,0.17474189675870347,0.22485305313737894,50,0.19126050420168067
C1qtnf5,0.3574069627851141,0.010830978181957815,50,0.34376950780312115
C1qtnf7,-0.1962545018007203,0.17195303492805075,50,-0.12710684273709483
C1r,-0.08340936374549819,0.5646958176738254,50,0.04854741896758703
C1rl,0.07707082833133252,0.5947388231105694,50,0.013877551020408161
C1s,-0.08388955582232892,0.5624489664943948,50,0.18261704681872748
C2,-0.030204081632653063,0.8350567113874385,50,0.11126050420168068
C2cd2,0.4522929171668667,0.000975154335041521,50,0.4354861944777911
C2cd2l,-0.0009123649459783913,0.994982761888243,50,0.0672749099639856
C2cd3,0.08705882352941177,0.5477255738990336,50,0.053829531812725095
C2cd5,0.03529411764705882,0.8077493060967326,50,-0.007250900360144057
C3,0.16216086434573826,0.2605404212723197,50,0.1348859543817527
C4a,-0.0168547418967587,0.9075140280511814,50,0.1264345738295318
C4b,0.17166866746698678,0.23324081228599539,50,0.2816326530612245
C4bpa,0.010708283313325332,0.9411648219534628,50,-0.06573829531812725
C4bpb,0.25301320528211285,0.07626311693617806,50,0.21286914765906362
C5,0.06285714285714285,0.6645393163266287,50,0.08734693877551021
C5ar1,0.3064105642256902,0.030448825425729534,50,0.42693877551020404
C6,-0.0024489795918367346,0.9865332099197339,50,-0.07975990396158462
C7,0.12585834333733492,0.38380120751963126,50,0.11452581032412965
C8g,-0.08811524609843938,0.5428591297156519,50,-0.07668667466986795
C9,-0.26607442977190876,0.06180855253617046,50,-0.30189675870348137
Ca13,0.27145258103241293,0.05653526828293976,50,0.2230492196878751
Ca3,0.3496278511404562,0.012817112684592505,50,0.302280912364946
Ca4,0.18588235294117647,0.19620489704511831,50,0.21325330132052822
Ca5b,0.5371908763505402,5.763843599921299e-05,50,0.4970468187274909
Ca8,0.18012004801920767,0.21068134503679994,50,0.18012004801920767
Caap1,-0.2068187274909964,0.1495639456140291,50,-0.11375750300120048
Cab39,-0.16091236494597838,0.2642778990888745,50,-0.0857142857142857
Cab39l,-4.801920768307323e-05,0.9997359331556768,50,-0.020600240096038412
Cabcoco1,0.012340936374549819,0.9322139811947295,50,0.030204081632653063
Cabin1,0.09704681872749099,0.5025688713042594,50,-0.05978391356542617
Cachd1,0.01262905162064826,0.9306352509000534,50,0.1707082833133253
Cacna2d1,0.18252100840336133,0.20456116308193023,50,0.15841536614645857
Cacnb2,0.004657863145258102,0.9743897755876302,50,-0.1316206482593037
Cactin,-0.1524609843937575,0.290516524621238,50,-0.1296998799519808
Cacul1,0.2306362545018007,0.10709170281268111,50,0.23303721488595439
Cacybp,-0.13690276110444177,0.343110225487278,50,-0.08801920768307324
Cad,0.1289315726290516,0.3722014419914515,50,-0.008979591836734692
Cadm1,0.2684753901560624,0.059407675588626196,50,0.2215126050420168
Cadm3,0.0387515006002401,0.7893273335649745,50,-0.008979591836734692
Cadps2,0.008019207683073229,0.9559225690117515,50,-0.014357743097238897
Calca,-0.09618247298919569,0.5063998437393995,50,0.08264105642256904
Calcoco1,0.37056422569027603,0.008071808129013801,50,0.3576950780312125
Calcrl,0.2745258103241296,0.05368868521199539,50,0.3624969987995198
Cald1,0.12048019207683074,0.4046090211786621,50,-0.16830732292917167
Calhm2,-0.05815126050420167,0.6883236434371746,50,0.006194477791116446
Calml3,-0.027418967587034812,0.8500826111544155,50,0.018103241296518604
Calr,-0.1262424969987995,0.38233963362892504,50,0.06276110444177671
Calu,0.31649459783913564,0.025139117762908367,50,0.28566626650660265
Camk1,-0.14881152460984393,0.30235398408797354,50,-0.0760144057623049
Camk1d,0.11462184873949578,0.42800131405067154,50,0.056038415366146455
Camk2d,0.006002400960384154,0.9670007593072917,50,-0.08292917166866745
Camk2g,0.1345018007202881,0.3517206373748113,50,0.11510204081632652
Camk4,0.5584153661464586,2.5082014466971537e-05,50,0.5795438175270108
Camkk1,-0.1466986794717887,0.3093472534468792,50,-0.14554621848739496
Camkk2,0.11356542617046818,0.43229920121020293,50,0.026554621848739496
Camkmt,0.15937575030012002,0.26892678323880426,50,0.21152460984393756
Camlg,0.08542617046818726,0.5552872740683678,50,0.0846578631452581
Camp,0.17138055222088835,0.23403803343160617,50,0.032989195678271306
Camsap1,0.2550300120048019,0.07387151060810099,50,0.19894357743097235
Camsap2,0.23121248499399757,0.1061932294210943,50,0.23447779111644657
Camsap3,0.1171188475390156,0.4179389954272032,50,0.1404561824729892
Cand1,-0.14502148915318486,0.31497163975517195,50,-0.1106389109301119
Cand2,0.09704681872749099,0.5025688713042594,50,0.037791116446578635
Cant1,0.2138295318127251,0.13594404412591776,50,0.2329411764705882
Canx,0.02857142857142857,0.8438582830868868,50,0.12835534213685473
Cap1,0.2860504201680672,0.04402857695351495,50,0.3915966386554621
Cap2,0.015126050420168066,0.9169646314960526,50,0.05546218487394958
Capg,0.5691716686674669,1.6092110054680387e-05,50,0.46189675870348135
Capn1,-0.010996662588105739,0.9395832594460418,50,-0.05983336936585044
Capn15,0.11788715486194477,0.4148702689124056,50,0.3076590636254502
Capn2,0.01157262905162065,0.9364251750505506,50,0.010036014405762305
Capn5,0.35164465786314525,0.012274373387445947,50,0.28777911164465786
Capn7,0.12201680672268907,0.3985983062754067,50,0.03884753901560624
Capns1,0.1992316926770708,0.16541140693479003,50,0.07342136854741896
Caprin1,-0.09454981992797118,0.5136764843567919,50,-0.09522208883553422
Caps2,-0.20153661464585834,0.16047288659639827,50,-0.15563025210084033
Capsl,-0.0956062424969988,0.5089620611971777,50,-0.058439375750300115
Capza1,0.2204561824729892,0.12394375224677465,50,0.16859543817527012
Capza2,0.00897980744094224,0.9506488259247043,50,-0.030876350540216087
Capzb,-0.14717887154861942,0.30774885909918787,50,-0.09867947178871549
Car2,0.35222934534391087,0.012120763549056146,50,0.39443924235240413
Card10,0.38641056422569026,0.005574976147117345,50,0.40830732292917166
Card11,0.3478991596638655,0.013298555980172624,50,0.22909963985594234
Card19,-0.3095798319327731,0.028687895385105175,50,-0.4167587034813925
Card6,0.16148859543817526,0.26254848530198116,50,0.1433373349339736
Card9,0.41551020408163264,0.002693192708589271,50,0.4257863145258103
Carhsp1,0.35971188475390153,0.010295934106236849,50,0.39918367346938777
Carm1,-0.01666266506602641,0.9085634932990514,50,-0.02895558223289316
Carmil1,0.06890756302521008,0.634436355469756,50,0.007154861944777911
Carnmt1,-0.033949579831932766,0.8149419745024977,50,-0.0885954381752701
Cars,-0.002352941176470588,0.9870612735896643,50,0.09378151260504201
Cars2,-0.008403361344537815,0.9538133084615882,50,-0.23457382953181274
Casc3,-0.13493721341736734,0.350149388669516,50,-0.08744297719087635
Casd1,-0.3717166866746698,0.00786213069751659,50,-0.2792316926770708
Caskin1,0.3471308523409364,0.01351744897648338,50,0.3319567827130852
Caskin2,0.14554621848739496,0.3132050313657808,50,0.09983193277310923
Casp1,0.37728691476590637,0.006913932581918617,50,0.401968787515006
Casp12,0.2751020408163265,0.05316807849876855,50,0.0631452581032413
Casp2,0.049603841536614644,0.7322821803116044,50,-0.04
Casp3,0.2868187274909964,0.0434387426837425,50,0.157358943577431
Casp4,0.2809603841536614,0.04810360649368589,50,0.16513805522208885
Casp6,0.20710684273709484,0.14898508167637284,50,0.17503001200480192
Casp7,-0.03884753901560624,0.7888171864728192,50,-0.03078031212484994
Casp8,0.19846338535414165,0.16708193665449922,50,0.253781512605042
Casp9,0.02050469399616223,0.8876032089730542,50,0.030204081632653063
Casq2,-0.12163265306122449,0.4000960817516467,50,-0.044129651860744294
Cass4,0.0050420168067226885,0.9722783839866403,50,0.16926770708283315
Cast,0.19394957983193276,0.17714476680649793,50,0.013205282112845136
Castor1,-0.13402160864345739,0.3534584842362665,50,-0.17262905162064823
Castor2,0.07255702280912364,0.6165542371589667,50,0.09579831932773109
Casz1,0.3808403361344537,0.006362431632148173,50,0.42156062424969987
Cat,0.2604081632653061,0.06778341347587771,50,0.28912364945978386
Catip,-0.20250186084734453,0.15843712921980868,50,-0.2614645858343337
Cav1,0.3372388955582233,0.0166227194554297,50,0.23073229291716685
Cav2,0.08849939975990395,0.5410947006606597,50,0.07236494597839135
Cavin1,0.12931572629051621,0.3707664223103757,50,0.16187274909963983
Cavin2,0.5045979496760485,0.00018647246458635913,50,0.4862905162064826
Cavin3,-0.25935174069627853,0.06894662692349268,50,-0.1280672268907563
Cavin4,0.3300360144057623,0.01924836830927378,50,0.33243697478991596
Cbfa2t2,-0.28989195678271307,0.041143687200047324,50,-0.3723889555822329
Cbfa2t3,0.2279471788715486,0.11136187760668476,50,0.3020888355342137
Cbfb,0.4143577430972389,0.0027753375448420514,50,0.3438655462184874
Cbl,0.24533013205282111,0.08593871739789644,50,0.2703001200480192
Cblb,0.17896758703481394,0.213664140543336,50,0.1582232893157263
Cbll1,-0.009651860744297719,0.9469604487315959,50,-0.07025210084033613
Cbr1,-0.1208643457382953,0.40310144275949744,50,-0.05430972388955582
Cbr3,0.362016806722689,0.009783822288778533,50,0.20345738295318128
Cbr4,0.043745498199279705,0.76292038453804,50,0.20460984393757503
Cbs,0.3854501800720288,0.005704338411400677,50,0.38957983193277307
Cbwd1,-0.03260504201680672,0.8221497788717119,50,-0.03692677070828331
Cbx1,0.1032893157262905,0.4753475552493741,50,0.06525810324129651
Cbx3,0.30669867947178864,0.030285113069052825,50,0.3381032412965186
Cbx4,-0.08542617046818726,0.5552872740683678,50,-0.04028811524609843
Cbx5,-0.05142857142857142,0.7228204140977085,50,-0.012148859543817525
Cbx6,0.19020408163265307,0.1858208942912215,50,0.09416566626650659
Cbx7,0.1065546218487395,0.46142734267882113,50,0.07025210084033613
Cbx8,-0.006770708283313325,0.9627796563599009,50,-0.019543817527010805
Cc2d1a,-0.07947178871548619,0.5832758585435145,50,-0.081968787515006
Cc2d1b,0.2238175270108043,0.11817137831176083,50,0.29498199279711884
Cc2d2a,0.20489795918367346,0.15346556701536493,50,0.2231452581032413
Ccar1,-0.0722689075630252,0.6179581811053432,50,-0.1185594237695078
Ccar2,-0.5305642256902761,7.389858127906669e-05,50,-0.3820888355342137
Ccbe1,0.0885954381752701,0.5406540272994341,50,0.1183673469387755
Ccdc102a,0.100984393757503,0.485306266644739,50,0.161968787515006
Ccdc103,-0.07188475390156063,0.6198322093991521,50,-0.09358943577430971
Ccdc113,-0.13248499399759903,0.3590548333678273,50,-0.1811764705882353
Ccdc115,0.05459783913565427,0.7064846856496607,50,0.15543817527010806
Ccdc117,-0.08475390156062423,0.5584152018580083,50,0.03788715486194477
Ccdc12,-0.0974309723889556,0.5008709929602794,50,-0.16120048019207683
Ccdc120,0.2801920768307323,0.048744536162260536,50,0.2811524609843938
Ccdc124,0.03010804321728691,0.8355739084710629,50,0.07322929171668667
Ccdc127,0.09195678271308522,0.5253408232325502,50,0.046530612244897955
Ccdc13,-0.19375750300120048,0.17758245915537443,50,-0.1897238895558223
Ccdc134,-0.11198348102822088,0.43878012111915204,50,0.013589435774309724
Ccdc137,-0.19884753901560623,0.1662451438859902,50,-0.20566626650660264
Ccdc138,0.3065619823688517,0.030362695340980014,50,0.2925810324129652
Ccdc141,0.3460744297719087,0.013823454378405781,50,0.3090036014405762
Ccdc146,0.1499639855942377,0.298582748649281,50,0.07178871548619448
Ccdc149,0.08264105642256904,0.5682994514330523,50,-0.006194477791116446
Ccdc15,-0.05008403361344538,0.7297883520350384,50,-0.06746698679471788
Ccdc153,-0.09282112845138055,0.5214381816304657,50,-0.13690276110444177
Ccdc162,-0.019255702280912366,0.8944094701222107,50,-0.017430972388955582
Ccdc17,-0.033373349339735896,0.818029213335407,50,0.016950780312124852
Ccdc170,-0.07198079231692676,0.6193634774620391,50,-0.07947178871548619
Ccdc174,-0.08638655462184873,0.5508332370123856,50,-0.18761104441776708
Ccdc181,-0.045570228091236495,0.7533362213710718,50,-0.14900360144057623
Ccdc186,0.060168067226890755,0.6780921362007896,50,0.11366146458583432
Ccdc187,-0.03827130852340937,0.7918793770772163,50,-0.03558223289315726
Ccdc22,-0.16523409363745495,0.25149193248189927,50,-0.1359423769507803
Ccdc25,-0.0656422569027611,0.6506136065722468,50,0.06055222088835534
Ccdc28a,-0.09752701080432173,0.5004469838467484,50,-0.06545018007202881
Ccdc33,0.21066026410564226,0.14198135857415425,50,0.12595438175270107
Ccdc39,-0.08413167185310592,0.5613176767473446,50,-0.05219687875150059
Ccdc40,-0.12163265306122449,0.4000960817516467,50,-0.10722689075630251
Ccdc43,0.11635054021608643,0.42102062780062893,50,0.06535414165666266
Ccdc47,-0.09695078031212485,0.5029938008354746,50,-0.04009603841536614
Ccdc50,0.1483313325330132,0.3039343481184082,50,0.1940456182472989
Ccdc51,-0.07322929171668667,0.6132836505495756,50,0.06093637454981993
Ccdc57,-0.1829051620648259,0.2035936769976229,50,-0.1316206482593037
Ccdc59,-0.196062424969988,0.17238142027048695,50,-0.027418967587034812
Ccdc6,0.10924632047135613,0.4501203867686751,50,0.03289315726290516
Ccdc61,-0.00552220888355342,0.9696394107021206,50,0.08340936374549819
Ccdc65,-0.0656422569027611,0.6506136065722468,50,-0.10645858343337333
Ccdc66,0.2217046818727491,0.12177536258445004,50,0.09253301320528211
Ccdc68,0.16619447779111643,0.24870835467986022,50,0.1670588235294118
Ccdc78,-0.15342136854741897,0.28745230071007893,50,-0.19903961584633853
Ccdc8,0.1341176470588235,0.3531104950117525,50,0.19884753901560623
Ccdc80,-0.10501800720288115,0.46795039543871175,50,-0.12403361344537814
Ccdc82,0.1562064825930372,0.27868587923533067,50,0.1481392557022809
Ccdc85a,0.24244897959183673,0.08980524017376208,50,0.2773109243697479
Ccdc86,-0.027322929171668665,0.8506017192354086,50,0.047587034813925566
Ccdc88a,0.04821244208933695,0.7395236621252945,50,-0.029004297830636967
Ccdc88b,0.5290276110444178,7.822437264676523e-05,50,0.37478991596638656
Ccdc88c,-0.2179591836734694,0.12836788335815674,50,-0.17282112845138053
Ccdc9,-0.22996398559423767,0.1081472791846759,50,-0.24187274909963982
Ccdc90b,0.07879951980792316,0.586475422108195,50,0.09090036014405761
Ccdc91,-0.003217286914765906,0.9823089250466962,50,0.08705882352941177
Ccdc92,0.1183673469387755,0.4129588830475173,50,0.13027611044417767
Ccdc93,0.055750300120048016,0.7005762816306201,50,-0.09061224489795917
Ccdc96,0.06093637454981993,0.6742093668352068,50,0.04643457382953182
Ccdc97,0.04835534213685474,0.7387789011788352,50,0.12691476590636253
Cchcr1,-0.14737094837935172,0.3071109860724217,50,-0.17301320528211284
Ccl21,0.30785114045618245,0.02963756813262493,50,0.4043697478991596
Ccl5,0.5822328931572629,9.189372243309008e-06,50,0.6037454981992797
Ccl6,0.5214050759024109,0.00010331294883919419,50,0.549579831932773
Ccl9,-0.2430252100840336,0.08902128291887536,50,-0.2322689075630252
Ccm2,0.04028811524609843,0.7811756142878552,50,0.0656422569027611
Ccm2l,0.13085234093637454,0.3650596792576869,50,0.38535414165666265
Ccn1,0.10732292917166866,0.4581843586731788,50,0.13776710684273707
Ccn2,0.42213685474189677,0.0022612752542305508,50,0.4628571428571428
Ccn3,-0.01906362545018007,0.8954568551591776,50,-0.11385354141656662
Ccn5,0.23140456182472988,0.10589502793518658,50,0.3473229291716686
Ccnc,0.02069627851140456,0.8865598846501891,50,0.034717887154861946
Ccnd1,0.30698679471788715,0.030122133614299818,50,0.3043937575030012
Ccnd3,-0.029627851140456178,0.8381609225627791,50,0.1296998799519808
Ccnh,0.0008163265306122449,0.995510886501963,50,0.04729891956782713
Ccnk,0.16389349088735758,0.2554126053960633,50,0.15236494597839134
Ccnl1,-0.03404561824729892,0.8144277037768815,50,-0.10693877551020407
Ccnt1,0.010036014405762305,0.9448526178752373,50,-0.021368547418967588
Ccnt2,0.03135654261704682,0.8288557940899515,50,-0.022521008403361343
Ccny,-0.022040816326530613,0.8792433004330112,50,0.10050420168067226
Ccp110,-0.2186314525810324,0.1271652478428133,50,-0.1733013205282113
Ccpg1,0.2053781512605042,0.15248320921458572,50,0.2226650660264106
Ccpg1os,-0.023385354141656663,0.8719366881451378,50,-0.11894357743097239
Ccrl2,0.2675150060024009,0.060358874319939276,50,0.23265306122448978
Ccs,0.23927971188475392,0.0942136096647424,50,0.16897959183673472
Ccsap,-0.10972388955582232,0.44813028042727127,50,-0.2297719087635054
Ccser1,-0.23707082833133256,0.09738415683508361,50,-0.21315726290516207
Ccser2,0.041152460984393756,0.7766004229514096,50,0.02674669867947179
Cct2,0.014550169275965235,0.9201155125829171,50,0.03572714832118197
Cct3,-0.06756302521008403,0.6410776665565249,50,0.06967587034813925
Cct4,0.17762304921968786,0.2171812073420406,50,0.007635054021608643
Cct5,0.012244897959183673,0.9327402823164229,50,0.20547418967587033
Cct6a,0.16388955582232892,0.2554241739435841,50,0.13037214885954382
Cct6b,-0.11519807923169266,0.425667201852284,50,-0.03903961584633854
Cct7,0.03510204081632653,0.8087758819260071,50,0.06641056422569028
Cct8,0.03654261704681872,0.8010844484336721,50,-0.04825930372148859
Ccz1b,-0.060264105642256906,0.6776063345498441,50,0.04441776710684273
Cd109,0.47515006002400956,0.0004888172137947013,50,0.47111644657863144
Cd14,-0.06977190876350539,0.6301818992433754,50,-0.074093637454982
Cd151,0.13680672268907562,0.34345211659771546,50,0.1237454981992797
Cd163,0.32965186074429764,0.019397739529201857,50,0.3149579831932772
Cd177,0.4545018007202881,0.0009140861611741745,50,0.41070828331332526
Cd1d1,0.2512425269037957,0.07841289119924141,50,0.2213205282112845
Cd200,0.02674669867947179,0.8537176771711391,50,-0.05046818727490996
Cd22,0.2984393757503001,0.035278582448279555,50,0.21162064825930374
Cd226,0.03798319327731092,0.7934116423266137,50,0.17224489795918366
Cd248,0.10348139255702281,0.47452259340535535,50,0.24360144057623048
Cd274,-0.1506362545018007,0.2963969682274755,50,-0.1287394957983193
Cd276,-0.050372148859543824,0.7282933804348101,50,0.06746698679471788
Cd2ap,-0.01637454981992797,0.9101379804213003,50,-0.11769507803121249
Cd2bp2,-0.022713630585912723,0.8755857469992085,50,0.0947921919166844
Cd300lg,0.4571908763505402,0.0008443857778621333,50,0.500984393757503
Cd320,0.24177671068427373,0.09072664694883203,50,0.23409363745498196
Cd34,0.014165666266506602,0.9222199650398092,50,0.022136854741896757
Cd36,-0.01781512605042017,0.9022690817725499,50,0.10770708283313324
Cd38,-0.08273709483793518,0.5678484153969561,50,-0.07438175270108043
Cd4,0.2342857142857143,0.1014987784337142,50,-0.03375750300120048
Cd40,-0.044129651860744294,0.7608996852480964,50,-0.04835534213685474
Cd44,0.44307322929171666,0.0012714494260024542,50,0.3462665066026411
Cd47,-0.2807683073229292,0.04826319257201224,50,-0.1644657863145258
Cd48,0.055750300120048016,0.7005762816306201,50,0.12067226890756304
Cd5,0.2811524609843938,0.04794444995099113,50,0.316110444177671
Cd55,-0.041344537815126044,0.7755847261464184,50,0.053637454981992794
Cd59,0.048931572629051616,0.7357781389841229,50,0.19539015606242494
Cd5l,0.028478125281431912,0.8443618591076433,50,-0.007923930305963348
Cd63,0.2662248794255817,0.06165585970719804,50,0.17100050426307656
Cd68,0.5741656662665066,1.3025813795195795e-05,50,0.6121008403361343
Cd74,0.5670588235294117,1.757951999024894e-05,50,0.48744297719087637
Cd81,0.15466986794717885,0.28350049578454267,50,-0.015702280912364946
Cd82,-0.18060024009603842,0.20944716392870089,50,-0.08369747899159663
Cd84,0.207875150060024,0.14744954283139192,50,0.22036014405762305
Cd8a,0.42828331332533015,0.001916780373340757,50,0.401968787515006
Cd9,-0.009747899159663865,0.9464334567508218,50,0.04153661464585834
Cd93,0.41858343337334936,0.0024845593969809415,50,0.456422569027611
Cd99,0.1987515006002401,0.16645405540819508,50,0.037310924369747894
Cd99l2,0.21507803121248498,0.13361915827681067,50,0.22141656662665066
Cdadc1,0.3315726290516206,0.018660578327404264,50,0.1669627851140456
Cdan1,0.10981992797118847,0.4477306584374778,50,0.012917166866746698
Cdc123,-0.13143172709015463,0.3629217993887106,50,-0.14237695078031212
Cdc14a,-0.04710684273709483,0.7452937314362832,50,-0.0712124849939976
Cdc16,0.21507803121248498,0.13361915827681067,50,0.21939975990396157
Cdc23,-0.17589435774309725,0.2217621251769668,50,-0.11913565426170468
Cdc26,0.2064345738295318,0.15033834674407667,50,0.1773349339735894
Cdc27,0.14362545018007203,0.3197024999729488,50,0.13440576230492196
Cdc37,0.13190876350540215,0.3611672898636801,50,0.06256902761104441
Cdc37l1,-0.03154937694491472,0.82781922908966,50,-0.12629354850095237
Cdc40,0.030876350540216087,0.8314382775692926,50,0.06391356542617047
Cdc42,0.15030372882432735,0.29747682592867186,50,0.16398953160865107
Cdc42bpa,0.33915966386554625,0.015976329291186753,50,0.3134213685474189
Cdc42bpb,0.0728451380552221,0.6151516497621463,50,0.039711884753901555
Cdc42bpg,0.6490756302521008,3.423167252572478e-07,50,0.6060504201680672
Cdc42ep1,0.30420168067226894,0.03172856606378051,50,0.302280912364946
Cdc42ep2,0.17781512605042016,0.21667631577638835,50,0.13296518607442975
Cdc42ep3,0.17723889555822328,0.21819344740912328,50,0.26521008403361346
Cdc42ep4,-0.050372148859543824,0.7282933804348101,50,-0.09944777911164465
Cdc42ep5,-0.10338535414165667,0.4749349791129629,50,-0.1343097238895558
Cdc42se1,-0.1771428571428571,0.21844701956592896,50,-0.12076830732292916
Cdc42se2,-0.03078031212484994,0.831954986737294,50,-0.05959183673469387
Cdc5l,0.17051620648259302,0.23644090751166094,50,0.23735894357743095
Cdc73,-0.07092436974789915,0.6245277341281963,50,0.04816326530612245
Cdcp1,-0.0018727490996398558,0.98970166979651,50,0.0017767106842737094
Cdh1,0.05402160864345738,0.7094453488485954,50,0.0385594237695078
Cdh11,0.09253523496628716,0.5227274297351546,50,0.14967587034813923
Cdh13,-0.10530612244897959,0.466723568539095,50,-0.1634093637454982
Cdh3,0.12710684273709483,0.3790631974221934,50,0.0642016806722689
Cdh5,0.2989195678271308,0.034970731355128126,50,0.2791356542617046
Cdipt,0.14468187274909963,0.31611840101944727,50,0.24408163265306118
Cdk10,0.04240197845108021,0.7699997072881762,50,0.07947369687037116
Cdk11b,-0.12835534213685473,0.37436021185850976,50,-0.11452581032412965
Cdk12,-0.11788715486194477,0.4148702689124056,50,-0.10156062424969987
Cdk13,-0.21363745498199277,0.1363043866361783,50,-0.15015606242496998
Cdk14,-0.024537815126050418,0.8656822648557904,50,0.11740696278511403
Cdk16,0.39063625450180073,0.0050357438036644905,50,0.38679471788715486
Cdk17,0.25138055222088834,0.07824361760042567,50,0.20902761104441775
Cdk18,0.23659063625450177,0.09808420909056412,50,0.1474669867947179
Cdk19,0.021464585834333732,0.8823777930570346,50,0.07985594237695079
Cdk2,-0.4234813925570228,0.002181547797764153,50,-0.4348139255702281
Cdk20,-0.07851140456182472,0.5878490710968568,50,-0.023385354141656663
Cdk4,0.009939975990396158,0.9453795410999993,50,-0.04220888355342137
Cdk5,0.07735894357743096,0.5933580179930509,50,-0.018967587034813924
Cdk5rap1,-0.05901560624249699,0.6839318162727875,50,0.023865546218487393
Cdk5rap2,0.06439375750300119,0.6568419236628033,50,0.10626650660264104
Cdk5rap3,-0.06967587034813925,0.6306540338400889,50,-0.021848739495798315
Cdk6,0.025018007202881155,0.863078634916133,50,-0.1065546218487395
Cdk7,-0.1438175270108043,0.31904893860101285,50,-0.07370948379351741
Cdk9,0.03385354141656663,0.8154563224539221,50,0.19135654261704682
Cdkal1,0.04643457382953182,0.7488090704314575,50,0.06055222088835534
Cdkl5,0.06545018007202881,0.6515702862833339,50,0.0059063625450180065
Cdkn1b,0.2266986794717887,0.11338814714015619,50,0.21767106842737097
Cdkn1c,0.6661704681872749,1.2913172524099223e-07,50,0.6965186074429772
Cdkn2aip,0.19740696278511405,0.1693989122306849,50,0.1657142857142857
Cdkn2aipnl,0.1727250900360144,0.23033363070140092,50,0.05968787515006002
Cdkn2b,0.32052821128451375,0.023244463040057353,50,0.3146698679471789
Cdkn2c,0.3939015606242497,0.0046508937185804605,50,0.4117647058823529
Cdnf,0.1828091236494598,0.2038352455799765,50,0.12336134453781511
Cdo1,0.32897959183673464,0.019661498880913477,50,0.26549819927971186
Cdr2,0.1938535414165666,0.177363515611989,50,0.3387755102040816
Cdr2l,0.4224249699879952,0.002243976528421662,50,0.49214885954381754
Cds2,0.14084371777691762,0.32926258824816934,50,0.05820067710386094
Cdv3,0.038848471763220704,0.7888122322341845,50,0.17244111508247906
Cdyl,-0.03423769507803121,0.8133993948322712,50,-0.008211284513805522
Cdyl2,0.0809123649459784,0.5764463261595072,50,0.1365186074429772
Ceacam1,0.36067226890756304,0.010079813866289438,50,0.2643457382953181
Ceacam4,0.1741656662665066,0.22640964109625428,50,0.0060984393757503004
Cebpa,0.07793517406962785,0.5906006820717689,50,0.09887154861944776
Cebpb,0.0546938775510204,0.7059916582285432,50,0.04057623049219687
Cebpz,-0.1558223289315726,0.2798844517690455,50,-0.20211284513805522
Celf1,0.26674669867947176,0.061128601688198586,50,0.04883553421368547
Celf2,0.28624249699879956,0.043880508173314646,50,0.30593037214885954
Celsr1,0.07591836734693877,0.6002762000240179,50,0.07764705882352942
Cemip2,0.11865546218487394,0.4118144807009118,50,0.09310924369747899
Cenpb,-0.15082833133253298,0.29577436862597856,50,0.006002400960384154
Cenpc,0.09397358943577432,0.5162572310332108,50,0.05258103241296518
Cenpv,0.1836734693877551,0.20166839087231644,50,0.16715486194477788
Cep104,-0.12316926770708284,0.3941246415594056,50,-0.0453781512605042
Cep112,-0.27558223289315725,0.052737365541917464,50,-0.3554861944777911
Cep120,0.1474669867947179,0.30679236772595225,50,0.11798319327731092
Cep126,-0.008787515006002401,0.9517043611276746,50,0.07918367346938776
Cep131,0.013733823144970486,0.9245841463928892,50,0.03654261704681872
Cep135,0.06007347116908419,0.6785707685284379,50,0.07659247523156616
Cep162,0.22602641056422568,0.1144908001659129,50,0.2592557022809123
Cep164,0.19068427370948376,0.18469188312177381,50,0.13018007202881152
Cep170,0.1251860744297719,0.3863669167136145,50,0.05891956782713085
Cep170b,-0.053829531812725095,0.710433184072419,50,-0.10626650660264104
Cep19,0.07322929171668667,0.6132836505495756,50,0.03923169267707083
Cep250,0.10290516206482593,0.476999762222001,50,-0.0712124849939976
Cep290,-0.02415366146458583,0.8677661870492,50,-0.016086434573829533
Cep350,-0.002064825930372149,0.9886454966383466,50,0.06180072028811524
Cep41,0.0041776710684273705,0.9770292578143899,50,0.062088835534213675
Cep43,0.037406962785114045,0.7964784852993401,50,0.12460984393757503
Cep44,0.24667466986794717,0.0841795052253147,50,0.2033613445378151
Cep57,0.03606242496998799,0.8036462240386789,50,-0.009171668667466985
Cep63,0.03212484993997599,0.8247275542956559,50,-0.009747899159663865
Cep68,0.18463385354141656,0.19927990749063137,50,0.12854741896758703
Cep70,0.11068427370948379,0.44414289895062775,50,0.15466986794717885
Cep76,0.07668667466986795,0.5965821041440148,50,0.02175270108043217
Cep78,-0.18021608643457382,0.21043410218481773,50,-0.1373829531812725
Cep83,0.08561824729891956,0.554395105333952,50,0.04691476590636255
Cep89,0.017911164465786316,0.901744810543093,50,0.01310924369747899
Cep95,0.1894357743097239,0.18763757449467522,50,0.19164465786314525
Cep97,-0.18261704681872748,0.20431898856696412,50,-0.2099879951980792
Cept1,-0.060264105642256906,0.6776063345498441,50,0.08014405762304923
Cerk,0.10559423769507804,0.46549847184380333,50,0.11577430972388955
Cers2,-0.14237695078031212,0.3239713001458587,50,-0.1361344537815126
Cers4,0.14420168067226888,0.3177443583562677,50,0.06132052821128451
Cers5,0.19097238895558222,0.18401684048726744,50,-0.07851140456182472
Cert1,0.14516206482593036,0.3144977424473507,50,0.21085234093637453
Ces1d,0.6948859543817527,2.1614270433505025e-08,50,0.6853781512605043
Ces2c,-0.0013925570228091237,0.9923421752307796,50,-0.024537815126050418
Cetn2,-0.2451439411016585,0.08618458287650645,50,-0.23001752749793228
Cetn3,-0.09435774309723889,0.5145360102171661,50,-0.17176470588235296
Cfap107,0.016758703481392558,0.9080387412450949,50,0.0019687875150060023
Cfap119,-0.14352941176470588,0.3200295984361328,50,-0.15236494597839134
Cfap126,-0.058439375750300115,0.6868585612891065,50,-0.05402160864345738
Cfap157,0.025210689339543724,0.862034304071138,50,0.024682465372429473
Cfap161,-0.20489795918367346,0.15346556701536493,50,-0.26300120048019204
Cfap20,-0.061992797118847545,0.6688842666153456,50,-0.03078031212484994
Cfap206,0.008691476590636255,0.9522315678165846,50,-0.03452581032412965
Cfap210,-0.09608643457382952,0.5068264233318739,50,-0.0974309723889556
Cfap251,-0.10127250900360144,0.484055476875917,50,-0.06333733493397359
Cfap276,-0.06487394957983193,0.6544436547826313,50,-0.09579831932773109
Cfap298,-0.024345738295318126,0.866724113819169,50,0.04768307322929172
Cfap300,-0.06746698679471788,0.641553120220504,50,-0.146218487394958
Cfap36,-0.08062424969987995,0.5778093067048342,50,0.04873949579831932
Cfap410,-0.08360144057623049,0.5637965755719512,50,0.0575750300120048
Cfap418,-0.010900360144057623,0.9401113869310186,50,-0.018775510204081632
Cfap43,-0.0504693990397342,0.7277889945035679,50,-0.04076830732292917
Cfap44,-0.045474189675870344,0.7538397485818784,50,-0.0319327731092437
Cfap45,-0.08993997599039616,0.5345029055740002,50,-0.026074429771908762
Cfap52,-0.12115246098439375,0.40197290080277515,50,-0.0036974789915966387
Cfap53,-0.11097238895558223,0.44295052060652196,50,-0.09973589435774309
Cfap57,0.08792316926770707,0.5437423838810355,50,0.05152460984393757
Cfap65,-0.20701080432172866,0.1491778520201904,50,-0.192124849939976
Cfap70,-0.18732292917166865,0.19269881749080636,50,-0.14583433373349342
Cfap73,-0.10482593037214885,0.468769240075497,50,-0.05238895558223289
Cfap74,0.04797118847539015,0.7407815550065097,50,0.06132052821128451
Cfap77,0.018679471788715485,0.8975521529759434,50,-0.05459783913565427
Cfap91,-0.1007923169267707,0.486141066886281,50,-0.043073229291716676
Cfap95,-0.09512605042016806,0.5111022556233562,50,-0.08340936374549819
Cfap97,-0.03683073229291716,0.7995483749133704,50,-0.08648259303721488
Cfap97d2,-0.16715486194477788,0.2459457154471918,50,-0.15860744297719087
Cfap99,0.04614645858343337,0.7503171978784031,50,0.010900360144057623
Cfb,-0.16417767106842737,0.2545780871956436,50,0.03587034813925571
Cfd,0.037310924369747894,0.79698992318548,50,0.00936374549819928
Cfdp1,0.28412965186074424,0.04553184487054502,50,0.2799039615846338
Cfh,-0.11001200480192078,0.4469320031335666,50,-0.01714285714285714
Cfi,0.011956782713085232,0.9343193556460773,50,0.04096038415366146
Cfl1,-0.027034813925570226,0.8521594188868581,50,0.16801920768307324
Cfl2,0.06852340936374549,0.6363309963298318,50,0.14036014405762304
Cflar,0.2002881152460984,0.1631343475702773,50,0.40004801920768307
Cfp,-0.37114045618247293,0.007966371355677694,50,-0.35164465786314525
Cggbp1,-0.004465786314525811,0.9754455374575086,50,0.08081632653061224
Cgn,0.28758703481392556,0.042855387528070145,50,0.3473229291716686
Cgnl1,0.24168067226890755,0.0908588753364803,50,0.21056422569027608
Chac2,-0.14986794717887153,0.2988958515111014,50,-0.14429771908763506
Chad,-0.009843937575030014,0.9459064874660708,50,-0.02175270108043217
Champ1,0.17551441816387106,0.2227778578033813,50,0.18751500600240098
Chchd10,-0.36739495798319327,0.0086735967512815,50,-0.36067226890756304
Chchd2,0.042881152460984395,0.7674726631844364,50,0.03587034813925571
Chchd3,0.12960384153661464,0.36969234346578317,50,0.20201680672268904
Chchd4,-0.09647058823529413,0.5051212028634926,50,-0.1569747899159664
Chchd5,0.264921968787515,0.06298827274997591,50,0.2213205282112845
Chchd6,0.33118847539015606,0.01880608147504176,50,0.3976470588235294
Chchd7,0.012340936374549819,0.9322139811947295,50,0.09973589435774309
Chd1,-0.12451380552220888,0.3889427365299787,50,-0.17695078031212486
Chd1l,-0.15178871548619446,0.2926740966598977,50,-0.16849939975990394
Chd2,0.050372148859543824,0.7282933804348101,50,0.14861944777911165
Chd3,0.6159423769507802,1.9231561684439777e-06,50,0.5778151260504201
Chd4,-0.20019207683073229,0.16334040217235238,50,-0.16081632653061223
Chd6,0.0026410564225690276,0.9854770999432609,50,0.16936374549819924
Chd8,-0.15563025210084033,0.28048500819768996,50,-0.258391356542617
Chdh,0.28345738295318124,0.04606777957921462,50,0.32206482593037217
Chek2,0.3201440576230492,0.023419574390619178,50,0.28220888355342133
Cherp,-0.1119327731092437,0.43898875164931767,50,-0.02991596638655462
Chfr,-0.013973589435774309,0.9232714336848591,50,0.016566626650660263
Chga,-0.3020888355342137,0.03299414053081359,50,-0.29315726290516203
Chi3l1,0.4897478991596639,0.0003064725498575033,50,0.4642016806722689
Chia,0.5726290516206483,1.3906353703040039e-05,50,0.6011524609843937
Chid1,0.1431452581032413,0.3213401105572278,50,0.12979591836734694
Chit1,0.27183673469387754,0.056172930963631885,50,0.3573109243697478
Chkb,-0.19097238895558222,0.18401684048726744,50,-0.20739495798319327
Chm,0.2668427370948379,0.06103195745107548,50,0.25205282112845134
Chmp1a,0.03294196740367047,0.8203421977143965,50,0.10439626404603439
Chmp2a,0.32129651860744296,0.022897540802460457,50,0.20278511404561822
Chmp2b,0.12345738295318126,0.3930108411216804,50,0.04528211284513805
Chmp3,0.05162064825930372,0.7218267936141908,50,-0.18818727490996395
Chmp4b,0.039711884753901555,0.7842298323116963,50,0.03490996398559423
Chmp4bl1,0.1144297719087635,0.4287809515377118,50,-0.2687635054021609
Chmp4c,-0.03990396158463385,0.7832113995200589,50,0.04701080432172868
Chmp5,0.07361344537815126,0.6114180800534645,50,0.04816326530612245
Chmp6,-0.007539196621539742,0.9585585692717846,50,-0.03711973877993772
Chmp7,0.06516206482593037,0.6530063475185934,50,0.012148859543817525
Chn1,0.024537815126050418,0.8656822648557904,50,0.09925570228091235
Chn2,-0.05133253301320528,0.7233173942330269,50,-0.028475390156062427
Chordc1,-0.13258103241296518,0.3587034899006478,50,-0.15188475390156062
Chp1,0.19827130852340935,0.16750148046407168,50,0.2363985594237695
Chpt1,-0.07783913565426169,0.5910598413289536,50,-0.14967587034813923
Chrac1,-0.09531812725090036,0.5102456319369316,50,0.008403361344537815
Chrdl1,-0.0640096038415366,0.658763007862284,50,-0.10722689075630251
Chst12,-0.2814405762304922,0.04770651873692008,50,-0.26021608643457383
Chst14,-0.0033133253301320525,0.9817809208576903,50,-0.05402160864345738
Chst3,-0.12144057623049219,0.400846196407491,50,-0.11154861944777912
Chtopl1,-0.0019687875150060023,0.9891735809208646,50,-0.037695078031212484
Chuk,0.0821608643457383,0.5705571163870861,50,-0.019255702280912366
Churc1,0.1074189675870348,0.4577798580777655,50,0.08715486194477791
Ciao1,0.07092436974789915,0.6245277341281963,50,0.010996398559423769
Ciao2a,-0.157358943577431,0.27511047664298194,50,-0.1804081632653061
Ciao2b,0.22909963985594234,0.10951614352954013,50,0.16811524609843936
Ciao3,-0.1634093637454982,0.25683852020425263,50,-0.08782713085234094
Ciapin1,0.020600240096038412,0.8870828636422363,50,0.15937575030012002
Cib1,0.14583433373349342,0.3122377242238597,50,0.15975990396158463
Cibar1,0.18578631452581032,0.1964402341388477,50,0.20086434573829529
Cibar2,0.184921968787515,0.19856728162786028,50,0.20941176470588235
Cic,0.04470588235294118,0.7578715994253096,50,0.006290516206482593
Cir1,0.11740696278511403,0.41678670881830054,50,0.07745498199279711
Cirbp,0.08369747899159663,0.5633472052035943,50,0.07716686674669868
Cisd1,-0.06477791116446578,0.6549230333249496,50,-0.020216086434573826
Cisd2,0.06746698679471788,0.641553120220504,50,0.024921968787515004
Cisd3,-0.08907563025210084,0.5384532700520441,50,-0.1287394957983193
Ciz1,-0.12115246098439375,0.40197290080277515,50,-0.08811524609843938
Ckap4,0.02809123649459784,0.8464506283680964,50,-0.02415366146458583
Ckap5,-0.0672749099639856,0.6425044545261664,50,-0.05584633853541416
Ckb,0.2460984393757503,0.08492996552875735,50,0.2791356542617046
Ckm,0.0760144057623049,0.5998138905729673,50,0.08206482593037215
Ckmt1,0.6044177671068427,3.3498073925741255e-06,50,0.6780792316926769
Ckmt2,-0.02040816326530612,0.8881289642599213,50,0.018967587034813924
Clasp1,0.05978391356542617,0.680036637231636,50,-0.002352941176470588
Clasp2,0.07380552220888356,0.6104862086059221,50,0.011956782713085232
Clasrp,0.20432172869147658,0.15465053780915824,50,0.18933973589435774
Clca1,-0.030876350540216087,0.8314382775692926,50,-0.08888355342136854
Clcc1,-0.042881152460984395,0.7674726631844364,50,0.03154861944777911
Clcn3,0.07342136854741896,0.6123505611049063,50,0.05152460984393757
Clcn5,-0.01579831932773109,0.9132879741771157,50,-0.10146458583433372
Clcn6,0.2675150060024009,0.060358874319939276,50,0.1836734693877551
Clcn7,0.10434573829531814,0.4708197065636108,50,0.02991596638655462
Cldn18,0.24667466986794717,0.0841795052253147,50,0.2569507803121248
Cldn3,-0.33301320528211287,0.018123404367257717,50,-0.22717887154861943
Cldn5,-0.037310924369747894,0.79698992318548,50,0.08004801920768306
Cldn7,-0.2188235294117647,0.12682320195311297,50,-0.29939975990396156
Clec10a,0.5760864345738295,1.1997552023565867e-05,50,0.3884273709483793
Clec11a,-0.02069627851140456,0.8865598846501891,50,-0.029243697478991592
Clec14a,0.4128211284513805,0.0028883066727181943,50,0.436062424969988
Clec16a,-0.19174069627851137,0.18222537961031418,50,-0.031068427370948382
Clec1a,0.34597839135654257,0.01385156439604828,50,0.1900120048019208
Clec1b,0.20845138055222087,0.14630559905963705,50,0.2763505402160864
Clec2g,0.20422569027611043,0.15484868543635935,50,0.17262905162064823
Clec2l,0.12096038415366145,0.4027250580268724,50,0.1140456182472989
Clec3b,0.3536614645858343,0.011751466464385055,50,0.3743097238895558
Clec4f,0.06429926290599818,0.6573142713105393,50,0.0011524886555219988
Clic1,0.44364945978391357,0.0012508092957214292,50,0.42146458583433366
Clic2,0.009843937575030014,0.9459064874660708,50,-0.07966386554621849
Clic3,0.3780552220888355,0.006791289044267979,50,0.29267707082833133
Clic4,0.1332533013205282,0.356249950777137,50,-0.07476590636254501
Clic5,0.17963985594237694,0.21192061160405878,50,0.1820408163265306
Clic6,-0.21190876350540214,0.13957965765679406,50,-0.1607202881152461
Clint1,-0.20326530612244897,0.15684044021551885,50,-0.015126050420168066
Clip1,0.3936134453781513,0.004683781789332122,50,0.4226170468187274
Clip2,0.26482593037214885,0.06308739069885357,50,0.03529411764705882
Clk3,0.022521008403361343,0.8766326204036273,50,0.20057623049219686
Clmn,0.2322689075630252,0.10456107303396187,50,0.2231452581032413
Clns1a,0.0998823501452399,0.49010614397029695,50,0.07745498199279711
Clock,0.0024489795918367346,0.9865332099197339,50,0.011380552220888355
Clp1,-0.018487394957983194,0.8986000622543062,50,0.006962785114045618
Clpb,0.06554621848739495,0.6510918768730238,50,-0.006194477791116446
Clpp,0.04969987995198079,0.7317831946429013,50,0.16840336134453782
Clptm1,0.004561824729891957,0.9749176512032458,50,-0.020888355342136854
Clptm1l,0.1714765906362545,0.23377208557308898,50,0.08273709483793518
Clpx,0.29939975990396156,0.03466510430822522,50,0.2485954381752701
Clstn1,0.29728691476590635,0.03602657024268206,50,0.3278271308523409
Clta,-0.06660264105642257,0.6458385908198062,50,-0.19635054021608642
Cltb,-0.04451380552220888,0.7588805641932979,50,-0.2101800720288115
Cltc,0.06391356542617047,0.6592436204488078,50,0.0860984393757503
Clu,0.08629051620648259,0.5512778736291126,50,0.09522208883553422
Cluap1,-0.1440096038415366,0.3183962247026039,50,-0.1392076830732293
Cluh,0.17781512605042016,0.21667631577638835,50,0.1086674669867947
Clybl,-0.0017767106842737094,0.990229763041263,50,-0.035966386554621844
Cma1,0.18050420168067227,0.2096935936237541,50,0.12921968787515006
Cmahp,0.08388955582232892,0.5624489664943948,50,0.047587034813925566
Cmas,-0.1365186074429772,0.34447905366250436,50,0.09426170468187275
Cmbl,0.0251140456182473,0.8625580807865763,50,-0.012725090036014405
Cmc1,-0.0563265306122449,0.6976286191683302,50,-0.0030252100840336134
Cmc2,0.18482593037214884,0.1988046228303781,50,0.20240096038415364
Cmc4,0.028667466986794718,0.8433400096067155,50,-0.0018727490996398558
Cmip,0.07745498199279711,0.5928980657558349,50,0.18396158463385354
Cmklr1,0.21930372148859542,0.12597112130797775,50,0.1863625450180072
Cmpk1,0.2242016806722689,0.11752490441786206,50,0.2211284513805522
Cmpk2,0.2703961584633853,0.057541415912901996,50,0.196734693877551
Cmss1,0.03759903961584634,0.7954558636185503,50,0.008019207683073229
Cmtr1,0.028667466986794718,0.8433400096067155,50,-0.022521008403361343
Cmtr2,-0.10665066026410563,0.46102129193702235,50,-0.0956062424969988
Cnbp,-0.23121248499399757,0.1061932294210943,50,-0.25512605042016806
Cndp1,0.44364945978391357,0.0012508092957214292,50,0.39169267707082833
Cndp2,0.616998799519808,1.8257459422849583e-06,50,0.66953181272509
Cnksr1,0.3512605042016807,0.012376205132905344,50,0.3153421368547419
Cnksr3,0.17858343337334934,0.21466493029252487,50,0.20797118847539015
Cnn1,-0.0844657863145258,0.5597582760881983,50,-0.054405762304921966
Cnn2,0.08653268988544341,0.5501569910471301,50,0.18963240419401556
Cnn3,0.07956782713085234,0.5828194220937315,50,-0.01819927971188475
Cnnm3,0.11817527010804323,0.4137228304092187,50,0.08139255702280913
Cnnm4,0.32600240096038413,0.020866323406262897,50,0.2622328931572629
Cnot1,-0.1636014405762305,0.25627215129069014,50,-0.13776710684273707
Cnot10,-0.19788715486194475,0.16834286590706912,50,-0.04220888355342137
Cnot11,-0.006290516206482593,0.9654177346041684,50,-0.08917166866746698
Cnot2,-0.16830732292917167,0.2426581435006279,50,0.03423769507803121
Cnot3,0.10396408080021363,0.47245283341271127,50,0.12317222505891363
Cnot4,0.10453781512605041,0.4699989452938897,50,0.07188475390156063
Cnot6,0.10261704681872749,0.47824091238180755,50,-0.08552220888355341
Cnot6l,-0.2035534213685474,0.15624094928301424,50,-0.25253301320528215
Cnot7,0.05411894644888719,0.7089449289872665,50,0.16292917166866747
Cnot8,-0.04777911164465786,0.7417835210455958,50,-0.07217286914765905
Cnot9,-0.056806722689075634,0.6951756021337345,50,-0.049411764705882356
Cnp,-0.014166006390791236,0.9222181032447337,50,-0.0538308242850067
Cnpy2,-0.23774309723889556,0.09641058822420075,50,-0.13296518607442975
Cnpy3,0.35164465786314525,0.012274373387445947,50,0.4368307322929172
Cnpy4,0.1590876350540216,0.26980446374366224,50,0.1032893157262905
Cnrip1,0.21430972388955583,0.13504630439439766,50,0.312172869147659
Cnst,0.06391356542617047,0.6592436204488078,50,0.045570228091236495
Cntfr,0.4064825930372149,0.0033984188194992617,50,0.4395198079231693
Cntn1,0.3228331332533013,0.022216749567644037,50,0.3478031212484994
Cntrl,0.25368547418967585,0.07545921458032613,50,0.23159663865546215
Cntrob,0.026362545018007204,0.8557962139030558,50,-0.06813925570228091
Coa3,-0.013925904587557488,0.9235324906813954,50,0.001008427573581749
Coa4,0.07130852340936374,0.6226477383132251,50,0.04643457382953182
Coa5,-0.07015606242496998,0.6282948246159517,50,-0.22208883553421366
Coa7,0.0008163265306122449,0.995510886501963,50,0.07015606242496998
Coasy,-0.13824729891956783,0.3383458798635399,50,-0.07015606242496998
Cobl,-0.12672268907563025,0.38051732071102834,50,-0.08081632653061224
Cobll1,0.09973589435774309,0.49074587836538336,50,-0.04854741896758703
Cog1,0.09675870348139255,0.5038442110912843,50,0.08533013205282113
Cog2,-0.09992797118847539,0.4899069551923151,50,0.06064825930372149
Cog3,0.0546938775510204,0.7059916582285432,50,0.04
Cog4,0.058727490996398554,0.6853946173145391,50,0.16926770708283315
Cog5,0.09253301320528211,0.5227374550597651,50,-0.07342136854741896
Cog6,-0.05392557022809123,0.7099392074557783,50,-0.09829531812725088
Cog7,0.1298919567827131,0.3686201394238035,50,0.1745498199279712
Cog8,0.10914765906362545,0.4505321280735541,50,0.03606242496998799
Coil,0.020312124849939977,0.8886520854497547,50,0.01771908763505402
Col12a1,0.4585354141656662,0.0008113577169141682,50,0.5260504201680671
Col13a1,0.1237454981992797,0.3918988897737798,50,0.10376950780312125
Col14a1,0.07082833133253301,0.6249981037249486,50,0.053061224489795916
Col15a1,0.5506362545018008,3.424943469693775e-05,50,0.459015606242497
Col18a1,0.0182953181272509,0.8996481427769628,50,-0.0007202881152460984
Col1a1,0.28854741896758695,0.042135227115656974,50,0.1624489795918367
Col1a2,0.16494597839135652,0.2523310932857104,50,0.08369747899159663
Col3a1,0.4591116446578631,0.0007975615896708569,50,0.5210564225690276
Col4a1,-0.010516206482593037,0.942218356661114,50,0.05046818727490996
Col4a2,-0.032989195678271306,0.8200888949242326,50,0.06074429771908763
Col4a3,0.3441536614645858,0.01439501348853874,50,0.4010084033613445
Col4a4,0.35193277310924365,0.01219847197880308,50,0.2816326530612245
Col4a5,0.18953181272509,0.18740979783080922,50,0.08581032412965187
Col4a6,-0.08561824729891956,0.554395105333952,50,-0.07630252100840335
Col5a1,-0.034333733493397356,0.8128853570276434,50,-0.09503001200480192
Col5a2,-0.004561824729891957,0.9749176512032458,50,0.07255702280912364
Col6a1,0.2876830732292917,0.04278292115341629,50,0.17963985594237694
Col6a2,0.3758463385354141,0.0071490881553408075,50,0.22352941176470587
Col6a3,0.09416566626650659,0.5153962594066313,50,0.033565426170468184
Col6a5,0.1832893157262905,0.20262942078247467,50,0.14429771908763506
Col6a6,0.017238895558223288,0.9054155682735919,50,-0.14180072028811525
Colec12,0.2556062424969988,0.07319921366245032,50,0.21104441776710686
Colgalt1,0.07034813925570228,0.6273521677638412,50,0.017046818727490996
Colgalt2,0.4027370948379352,0.003735810220357353,50,0.2751020408163265
Commd1,-0.1479471788715486,0.3052024577818456,50,-0.1433373349339736
Commd10,-0.0019687875150060023,0.9891735809208646,50,-0.016182472989195677
Commd2,-0.19827130852340935,0.16750148046407168,50,-0.07025210084033613
Commd3,-0.08667675096738366,0.5494907312495355,50,-0.1356575188270686
Commd4,0.24955582232893156,0.08050485284382873,50,0.2154621848739496
Commd5,0.13757503001200477,0.34072288754853114,50,0.020024009603841535
Commd6,-0.057190876350540217,0.6932154093903193,50,-0.07505402160864347
Commd7,0.33483793517406957,0.017461855621273312,50,0.20557022809123648
Commd8,-0.0251140456182473,0.8625580807865763,50,-0.008595438175270108
Commd9,0.08139255702280913,0.5741779613902226,50,-0.022232893157262904
Comt,0.2035534213685474,0.15624094928301424,50,0.22458583433373347
Comtd1,-0.06602641056422569,0.6487019197630061,50,-0.15563025210084033
Cop1,-0.13142857142857142,0.36293342288441993,50,-0.11980792316926771
Copa,-0.09138055222088834,0.5279505989977,50,-0.23649459783913568
Copb1,0.26991596638655463,0.05800349623208217,50,0.13584633853541417
Cope,0.15294117647058825,0.2889817627244347,50,0.11596638655462185
Copg2,0.2037454981992797,0.1558422248019367,50,0.05661464585834333
Coprs,0.081968787515006,0.5714613394113613,50,-0.057094837935174066
Cops2,0.027899159663865542,0.8474880188601623,50,-0.0811044417767107
Cops3,-0.028283313325330132,0.8454134955287829,50,-0.123937575030012
Cops4,0.022425508422032225,0.8771517264588895,50,-0.002064825930372149
Cops5,0.08897959183673469,0.5388930731522071,50,0.10789915966386554
Cops6,0.17599039615846337,0.22150588501706894,50,0.1592797118847539
Cops7a,-0.0811044417767107,0.5755384891432878,50,0.08273709483793518
Cops7b,0.08436974789915966,0.5602063043756321,50,0.20605042016806724
Cops8,-0.13824729891956783,0.3383458798635399,50,0.2351500600240096
Copz1,0.015078393243079484,0.9172253361205975,50,-0.014645858343337334
Copz2,-0.0956062424969988,0.5089620611971777,50,-0.18194477791116445
Coq10a,0.0027370948379351738,0.9849490540846748,50,0.021464585834333732
Coq10b,0.13891956782713086,0.3359792098334063,50,0.2252581032412965
Coq3,-0.22180072028811523,0.12160976069916528,50,-0.31889555822328935
Coq4,-0.0009123649459783913,0.994982761888243,50,0.1470828331332533
Coq5,-0.036638655462184866,0.8005723408637344,50,-0.15169267707082834
Coq6,-0.18434573829531814,0.19999434098642774,50,-0.15351740696278512
Coq7,0.06919567827130851,0.6330168945594253,50,0.08254501800720286
Coq8a,0.0846578631452581,0.5588627246986755,50,0.2063385354141657
Coq8b,-0.0036974789915966387,0.9796689836275797,50,-0.027611044417767107
Coq9,0.16014405762304923,0.26659559008003886,50,0.135078031212485
Coro1a,0.5362304921968788,5.977139788721288e-05,50,0.6002881152460984
Coro1b,0.0006242496998799519,0.9965671412191432,50,0.010228091236494596
Coro1c,-0.06967587034813925,0.6306540338400889,50,-0.03788715486194477
Coro2a,0.2028811524609844,0.15764238599027935,50,0.19375750300120048
Coro2b,0.06890756302521008,0.634436355469756,50,0.012340936374549819
Coro6,0.13767106842737095,0.34038268238000846,50,0.1822328931572629
Coro7,0.19270108043217285,0.18000371055003092,50,0.16811524609843936
Cotl1,0.5920288115246098,5.939865485859997e-06,50,0.3889075630252101
Cox15,0.2103721488595438,0.14253993581962382,50,0.24024009603841537
Cox16,0.2327490996398559,0.1038255908478191,50,0.17637454981992798
Cox17,-0.0027370948379351738,0.9849490540846748,50,0.01935174069627851
Cox19,0.02280912364945978,0.8750668341977711,50,0.00312124849939976
Cox4i1,0.08897959183673469,0.5388930731522071,50,0.10108043217286913
Cox4i2,0.2619447779111645,0.06611942684446491,50,0.341656662665066
Cox5a,0.07587216982186491,0.6004986411095533,50,0.15597013138064383
Cox5b,-0.1630252100840336,0.2579737805941781,50,-0.12297719087635053
Cox6a1,-0.18857142857142856,0.1896964732717917,50,-0.14256902761104442
Cox6a2,0.1533253301320528,0.2877577691664223,50,0.21478991596638655
Cox6b1,-0.14468187274909963,0.31611840101944727,50,-0.0809123649459784
Cox6c,-0.10146458583433372,0.48322255856282165,50,-0.08629051620648259
Cox7a2,0.09531812725090036,0.5102456319369316,50,0.0019687875150060023
Cox7a2l,0.08158463385354141,0.5732717630013678,50,-0.1287394957983193
Cox7b,0.029723889555822326,0.8376433832914365,50,0.03519807923169268
Cox7c,-0.02396158463385354,0.8688084828221523,50,-0.16091236494597838
Cox8a,0.19788715486194475,0.16834286590706912,50,0.21152460984393756
Cp,-0.10665066026410563,0.46102129193702235,50,-0.07342136854741896
Cpb2,0.11078031212484994,0.4437452424938912,50,0.029627851140456178
Cpd,0.06717887154861946,0.6429803348437266,50,0.13767106842737095
Cpe,-0.08292917166866745,0.5669468413550871,50,-0.12585834333733492
Cpeb2,0.11327731092436974,0.43347553824281454,50,0.055750300120048016
Cpeb3,0.031068427370948382,0.830405071075181,50,0.18569027611044414
Cpeb4,0.21805522208883552,0.12819555612917174,50,0.09378151260504201
Cplane1,0.06650660264105641,0.6463154609741191,50,0.025690276110444176
Cplx2,-0.1253781512605042,0.385632824538144,50,-0.11971188475390157
Cpm,0.23870348139255704,0.0950328764021107,50,0.3484753901560623
Cpn1,0.13930372148859543,0.3346314710461996,50,0.14304921968787515
Cpne1,-0.06160864345738295,0.6708188182068404,50,-0.1512124849939976
Cpne2,0.043169267707082834,0.7659543651497859,50,0.015606242496998797
Cpne3,-0.027226890756302524,0.8511208900266356,50,0.060168067226890755
Cpne7,0.37757503001200476,0.006867717384689351,50,0.3309003601440576
Cpne8,0.15207683073229292,0.29174815062300696,50,0.13152460984393755
Cpox,0.06823529411764705,0.6377534911177856,50,0.04192076830732293
Cpped1,0.3462665066026411,0.013767380621415198,50,0.4395198079231693
Cpq,0.487923169267707,0.00032526199348620566,50,0.441344537815126
Cpsf1,-0.09464585834333733,0.513246992952907,50,-0.1298919567827131
Cpsf2,0.007154861944777911,0.960669476486913,50,0.038463385354141656
Cpsf3,0.06516206482593037,0.6530063475185934,50,-0.1545738295318127
Cpsf4,-0.2000960384153661,0.16354664670532781,50,-0.12038415366146459
Cpsf6,-0.011188475390156062,0.9385314251981255,50,0.01944777911164466
Cpsf7,-0.08129651860744297,0.5746313067554828,50,-0.17282112845138053
Cpt1a,0.45968787515005993,0.0007839765625199879,50,0.41109243697478987
Cpt1b,0.1440096038415366,0.3183962247026039,50,0.1470828331332533
Cpt2,0.06545018007202881,0.6515702862833339,50,-0.07169267707082833
Cptp,-0.016182861537954733,0.9111857048976244,50,0.006002545080843745
Cpxm2,0.5585114045618247,2.4984515366582814e-05,50,0.5988475390156063
Cr1l,-0.05891956782713085,0.6844192893342099,50,0.008307322929171669
Cr2,0.20691476590636257,0.14937080663844932,50,0.20220888355342137
Crabp2,-0.060456182472989194,0.6766351207927777,50,-0.0468187274909964
Cracd,0.200672268907563,0.16231202694319816,50,0.18895558223289313
Cracdl,0.21623049219687873,0.13149966682156122,50,0.26127250900360144
Cracr2a,-0.2584873949579832,0.06991011073366599,50,-0.27394957983193274
Cracr2b,0.1144297719087635,0.4287809515377118,50,0.21834333733493394
Crat,0.29680672268907565,0.036342072013086896,50,0.23265306122448978
Crb3,0.14698679471788717,0.308387580548175,50,-0.026938775510204082
Crbn,0.28576230492196875,0.04425144564007885,50,0.07793517406962785
Creb1,0.25656662665066027,0.07208949809828978,50,0.09157262905162064
Crebbp,-0.0468187274909964,0.7467996811509177,50,0.02770708283313325
Crebrf,0.2125810324129652,0.13829904171656549,50,0.24331332533013206
Creg1,0.2557022809123649,0.07308763687243035,50,0.30650660264105645
Creld1,-0.20182472989195677,0.15986324196287502,50,-0.2712605042016807
Creld2,0.4628571428571428,0.000712907336701926,50,0.49762304921968786
Crim1,0.34651492242694765,0.013695148090864724,50,0.3762395256672859
Crip1,0.4615126050420168,0.0007423179959860936,50,0.35500600240096036
Crip2,0.10242496998799519,0.47906929437855533,50,0.09983193277310923
Cript,0.08849939975990395,0.5410947006606597,50,0.12998799519807921
Crispld2,0.49051620648259303,0.00029885984543986965,50,0.3503001200480192
Crk,-0.14237695078031212,0.3239713001458587,50,-0.20460984393757503
Crkl,-0.19433373349339736,0.17627171757519425,50,-0.0860984393757503
Crlf1,0.40398559423769503,0.003620209760044238,50,0.469483793517407
Crlf3,-0.15899159663865545,0.27009744625198934,50,-0.23217286914765903
Crmp1,0.39376695730334954,0.004666233275223683,50,0.3425210084033613
Crocc,0.046195586942173454,0.750059971965078,50,0.008019207683073229
Crot,0.22737094837935176,0.11229361302028644,50,0.0588235294117647
Crppa,-0.030396158463385354,0.8340225246421047,50,-0.12297719087635053
Crtc1,0.19990396158463383,0.16395970586873604,50,0.1332533013205282
Crtc2,0.11097238895558223,0.44295052060652196,50,0.05315726290516206
Crtc3,0.07726290516206481,0.5938181283942283,50,0.21286914765906362
Cry1,0.08561824729891956,0.554395105333952,50,0.11951980792316927
Cry2,-0.32446578631452583,0.02151216338093011,50,-0.21190876350540214
Cryab,0.22545018007202883,0.11544241852753642,50,0.23399759903961587
Crybg1,0.1373829531812725,0.34140393033004296,50,0.08436974789915966
Crybg3,0.031068427370948382,0.830405071075181,50,-0.05219687875150059
Cryl1,-0.27346938775510204,0.05465383001388119,50,-0.11433373349339734
Crym,0.05488595438175269,0.7050059619801472,50,0.18818727490996395
Cryz,0.03923169267707083,0.7867774768856767,50,0.025210084033613446
Cryzl1,-0.08139451129624119,0.57416873802617,50,0.029723889555822326
Cs,0.16465786314525807,0.2531721419877248,50,0.032989195678271306
Csad,0.08533013205282113,0.5557336129768138,50,0.05939975990396158
Csde1,-0.13219687875150057,0.36011011987871283,50,-0.184921968787515
Cse1l,-0.02280912364945978,0.8750668341977711,50,-0.05248499399759904
Csf1r,-0.03414165666266506,0.8139135104843961,50,-0.0182953181272509
Csf2ra,0.24974789915966386,0.08026443511528941,50,0.13478991596638654
Csgalnact2,0.047202881152460976,0.7447919572730598,50,-0.23111644657863145
Csk,0.31390156062424973,0.02642417570970003,50,0.23563025210084032
Csnk1a1,-0.1563985594237695,0.278087862926572,50,-0.2167106842737095
Csnk1d,-0.1264345738295318,0.38161008759856646,50,-0.02261704681872749
Csnk1e,0.03241296518607443,0.8231806675615939,50,0.005618247298919568
Csnk1g1,0.18684273709483792,0.19386252101312867,50,0.211812725090036
Csnk1g2,0.03750300120048019,0.79596713204242,50,0.07812725090036014
Csnk1g3,0.03078031212484994,0.831954986737294,50,0.12259303721488594
Csnk2a1,0.07543817527010806,0.6025900840195814,50,0.04825930372148859
Csnk2a2,0.06650819949574868,0.64630753078393,50,0.04364945978391356
Csnk2b,-0.04,0.782702317866487,50,-0.06103241296518607
Cspg4,0.12816326530612243,0.3750814646200839,50,0.060072028811524604
Cspp1,0.004369747899159664,0.9759734341266462,50,-0.00907563025210084
Csrp1,0.06737094837935174,0.6420287162643779,50,0.25224489795918364
Csrp2,-0.10943577430972388,0.4493303227931961,50,-0.1320048019207683
Csrp3,0.13037214885954382,0.3668373016971429,50,0.17589435774309725
Cst3,-0.010996398559423769,0.9395847073576459,50,0.011956782713085232
Cst7,0.2123889555822329,0.13866403405411998,50,0.22458583433373347
Cstb,0.07294117647058823,0.6146844227987611,50,0.16110444177671068
Cstf1,0.1300840336134454,0.36790637879392674,50,0.04989195678271309
Cstf2,-0.05162064825930372,0.7218267936141908,50,-0.030588235294117645
Cstf2t,0.018583433373349337,0.8980760861000697,50,0.048643457382953184
Cstf3,0.024345738295318126,0.866724113819169,50,0.044801920768307316
Ctbp1,-0.12182472989195677,0.3993467848954373,50,-0.4697719087635054
Ctbp2,0.21575030012004803,0.132379700412982,50,0.2256422569027611
Ctbs,0.1495798319327731,0.2998364329090326,50,0.06343337334933974
Ctc1,-0.09099639855942376,0.5296939968421751,50,-0.04739495798319327
Ctcf,0.014645858343337334,0.9195918731388897,50,-0.05315726290516206
Ctdp1,0.18098439375750297,0.20846347621627592,50,0.13824729891956783
Ctdsp1,-0.13478991596638654,0.3506804491743964,50,-0.17042016806722687
Ctdspl2,0.07063625450180072,0.625939286598539,50,0.05795918367346939
Ctf1,0.21334933973589434,0.13684623827952497,50,0.10501800720288115
Ctif,-0.05085234093637454,0.7258039863695547,50,-0.13315726290516205
Ctla2a,-0.014645858343337334,0.9195918731388897,50,-0.15265306122448982
Ctnna1,0.06304921968787515,0.6635752461203878,50,0.0050420168067226885
Ctnnal1,0.21623049219687873,0.13149966682156122,50,0.21805522208883552
Ctnnb1,-0.1766626650660264,0.21971795555549883,50,-0.15764705882352942
Ctnnbip1,0.025210084033613446,0.8620375844447012,50,0.051813969137843204
Ctnnbl1,0.13085234093637454,0.3650596792576869,50,0.0956062424969988
Ctnnd1,-0.12201680672268907,0.3985983062754067,50,-0.1402641056422569
Ctps1,0.3938055222088835,0.004661833846189999,50,0.3472268907563025
Ctps2,0.24734693877551017,0.08331054726193414,50,0.25762304921968787
Ctr9,-0.17316142049218033,0.22914019889037437,50,-0.20437465491256776
Ctsa,0.5984633853541417,4.424616754198312e-06,50,0.571764705882353
Ctsb,0.18549819927971187,0.19714744653217037,50,0.24600240096038412
Ctsc,0.3628811524609844,0.009597527854965166,50,0.3328211284513805
Ctsd,0.603361344537815,3.520792918509855e-06,50,0.5739735894357744
Ctse,0.47140456182472984,0.0005492002089233446,50,0.38689075630252096
Ctsf,0.491188475390156,0.00029233979204947903,50,0.5152941176470588
Ctsh,0.03289315726290516,0.8206040037107419,50,0.07495798319327732
Ctsk,0.4722689075630252,0.000534697946531228,50,0.43740696278511404
Ctsl,0.0710204081632653,0.6240575126328836,50,0.16043217286914768
Ctss,0.7535654261704682,2.6947485276234964e-10,50,0.6989195678271308
Ctsw,0.27980792316926767,0.04906759450112534,50,0.31793517406962785
Ctsz,0.6972869147659063,1.8440211167328076e-08,50,0.6755822328931572
Cttn,0.1497719087635054,0.29920916650742924,50,0.030396158463385354
Cttnbp2,-0.004898076785968495,0.9730694882002043,50,-0.18165666266506603
Cttnbp2nl,-0.03942376950780312,0.7857581521904028,50,-0.06429771908763504
Ctu1,-0.20873949579831932,0.1457360990896696,50,-0.1510204081632653
Ctu2,0.12777911164465786,0.3765264623849276,50,-0.032220888355342134
Cuedc1,0.5789675870348139,1.059497951672877e-05,50,0.5913565426170468
Cul1,0.062472989195678265,0.6664690684682278,50,-0.09253301320528211
Cul2,0.11558223289315725,0.4241151327669407,50,0.14842737094837935
Cul3,0.0007202881152460984,0.9960390130202849,50,0.041152460984393756
Cul4a,-0.055654261704681865,0.7010679848872847,50,0.08014405762304923
Cul4b,0.26991596638655463,0.05800349623208217,50,0.16974789915966385
Cul5,-0.16129651860744296,0.26312411362537597,50,-0.13661464585834332
Cul9,0.04883553421368547,0.7362779963744167,50,0.11807923169267706
Cuta,-0.061224489795918366,0.672755485105491,50,-0.07947178871548619
Cutc,-0.1630252100840336,0.2579737805941781,50,0.027226890756302524
Cux1,0.18261704681872748,0.20431898856696412,50,0.14247298919567825
Cwc15,-0.020312124849939977,0.8886520854497547,50,-0.03097238895558223
Cwc22,0.04691476590636255,0.7462975935678408,50,0.009939975990396158
Cwc25,0.04355342136854741,0.763931322092937,50,0.010228091236494596
Cwc27,0.0642016806722689,0.6578021921982875,50,0.19020408163265307
Cwf19l1,0.23659063625450177,0.09808420909056412,50,0.28653061224489795
Cwf19l2,-0.17426170468187277,0.22614969415113215,50,-0.23092436974789915
Cxadr,0.24024009603841537,0.09286036141846472,50,0.18665066026410562
Cxcl12,0.33839135654261704,0.016232270570402805,50,0.3605762304921969
Cxcl16,-0.21440576230492195,0.13486729000197917,50,-0.12979591836734694
Cxcl17,0.21171668667466984,0.13994716603568735,50,0.2496518607442977
Cxcr4,0.07063625450180072,0.625939286598539,50,0.03241296518607443
Cxxc1,0.006866911572485243,0.9622511814713284,50,-0.05618382195669745
Cxxc5,0.11260504201680673,0.43622728373592484,50,0.04979591836734694
Cyb5a,-0.04883553421368547,0.7362779963744167,50,-0.01714285714285714
Cyb5b,-0.16869147659063624,0.24156896690038057,50,-0.1820408163265306
Cyb5d1,0.03721488595438175,0.7975014454969093,50,0.08974789915966387
Cyb5r1,0.11078031212484994,0.4437452424938912,50,0.0902280912364946
Cyb5r2,0.06746698679471788,0.641553120220504,50,-0.02444177671068427
Cyb5r3,0.11990396158463384,0.4068765010018678,50,0.09522208883553422
Cyb5r4,0.146218487394958,0.3109509499223817,50,0.08379351740696277
Cyba,0.3820888355342137,0.006177974014374648,50,0.2946938775510204
Cybb,0.5458343337334933,4.135237484383718e-05,50,0.47553421368547416
Cybc1,0.19827130852340935,0.16750148046407168,50,-0.07783913565426169
Cybrd1,0.2775990396158463,0.0509591032388871,50,0.2698199279711884
Cyc1,-0.22410564225690274,0.11768627035254718,50,-0.2188235294117647
Cycs,0.05094837935174069,0.725306443038003,50,0.005330132052821128
Cyfip1,0.04489903720471121,0.7568573745269886,50,0.007923169267707083
Cyfip2,0.3085234093637455,0.029265186587074263,50,0.3361824729891957
Cygb,0.11462184873949578,0.42800131405067154,50,0.010804321728691477
Cyld,0.2557022809123649,0.07308763687243035,50,0.3284033613445378
Cyp20a1,0.1400720288115246,0.33194613184789457,50,0.14785114045618247
Cyp27a1,0.0695798319327731,0.6311263144969435,50,-0.0251140456182473
Cyp2c23,-0.2640576230492197,0.0638848354221752,50,-0.23783913565426168
Cyp2d4,0.08072028811524609,0.5773548167040339,50,0.1210564225690276
Cyp2e1,0.2068187274909964,0.1495639456140291,50,0.2988235294117647
Cyp2f4,0.08369747899159663,0.5633472052035943,50,0.08129651860744297
Cyp2s1,0.20883553421368548,0.14554663141453617,50,0.19058823529411767
Cyp2t1,-0.08340936374549819,0.5646958176738254,50,-0.19462184873949578
Cyp2u1,0.04979591836734694,0.7312843187919351,50,0.10501800720288115
Cyp4b1,0.41070828331332526,0.003050267675330662,50,0.45661464585834327
Cyp51,0.05142857142857142,0.7228204140977085,50,0.09570228091236495
Cyria,0.23620648259303723,0.09864704831462266,50,0.13296518607442975
Cyrib,0.6146938775510205,2.044499595505598e-06,50,0.6028811524609845
Cys1,0.20873949579831932,0.1457360990896696,50,0.27558223289315725
Cystm1,-0.07649459783913565,0.5975046881375029,50,-0.10165666266506602
Cyth1,0.13747899159663865,0.3410633035393226,50,0.15495798319327728
Cyth2,0.052004801920768305,0.7198409170174129,50,0.11020408163265305
Cyth3,0.1660984393757503,0.24898576972633313,50,0.1926050420168067
Cyth4,0.48158463385354144,0.00039892102371041476,50,0.4651620648259303
Cytip,0.10088835534213686,0.4857235727911205,50,0.07274909963985594
Cyyr1,0.2573349339735894,0.0712113664567031,50,0.30103241296518607
Czib,0.07495798319327732,0.6049078490522588,50,-0.010708283313325332
D2hgdh,0.16081632653061223,0.2645668724181824,50,0.13133253301320527
Daam1,0.06266506602641056,0.6655039242284221,50,-0.021848739495798315
Dab2,0.37536614645858346,0.007229002943971306,50,0.4657382953181272
Dab2ip,0.17262905162064823,0.23059688426227976,50,0.1754141656662665
Dach1,-0.38804321728691477,0.005360935631472499,50,-0.3158223289315726
Dact3,0.11942376950780313,0.4087716624167726,50,0.032220888355342134
Dad1,0.16763505402160866,0.24457223816359275,50,0.16148859543817526
Dag1,0.2647298919567827,0.06318663343431952,50,0.3172629051620648
Daglb,-0.17445378151260504,0.22563041913284682,50,-0.2263145258103241
Dalrd3,0.0588235294117647,0.6849068897400697,50,0.07956782713085234
Dap,0.10031212484993997,0.4882313531546813,50,0.24129651860744294
Dap3,-0.27308523409363744,0.05500824637701231,50,-0.1872268907563025
Dapk1,0.07361344537815126,0.6114180800534645,50,0.02665066026410564
Dapk2,0.09243697478991596,0.5231709037211599,50,0.008115246098439374
Dapk3,0.23620648259303723,0.09864704831462266,50,-0.07793517406962785
Dars1,0.07879951980792316,0.586475422108195,50,0.1365186074429772
Dars2,0.3731182022252471,0.007613519031723669,50,0.24129651860744294
Daxx,0.01666266506602641,0.9085634932990514,50,0.00849939975990396
Dazap1,-0.10943577430972388,0.4493303227931961,50,-0.08936374549819928
Dazap2,0.002160916229103748,0.9881171318870152,50,0.026747340880239726
Dbi,0.22093637454981993,0.12310632967456595,50,0.09848739495798318
Dbn1,0.11106842737094838,0.4425534553303118,50,0.14180072028811525
Dbndd2,0.2712605042016807,0.056717141979143786,50,0.24773109243697478
Dbnl,0.26334365778677676,0.06463308325920547,50,0.1940456182472989
Dbp,0.573781512605042,1.3240987311186766e-05,50,0.45133253301320525
Dbr1,0.03577430972388955,0.8051842722231624,50,0.047202881152460976
Dbt,0.10991596638655461,0.44733123264647084,50,0.008691476590636255
Dcaf1,-0.08677070828331333,0.5490564011370141,50,-0.08504201680672267
Dcaf10,-0.027515006002400956,0.8495635659967954,50,0.04201680672268907
Dcaf11,-0.19683073229291717,0.17067250790848454,50,-0.18809123649459786
Dcaf13,0.03587034813925571,0.8046715080721824,50,0.025306122448979586
Dcaf5,-0.2833613445378151,0.04614475987043599,50,-0.13363745498199278
Dcaf6,0.08100840336134453,0.575992325891534,50,0.3426170468187274
Dcaf7,0.0027370948379351738,0.9849490540846748,50,-0.11827130852340936
Dcaf8,0.05294371878601613,0.7149949228889896,50,0.08499603834474742
Dcakd,-0.18319327731092436,0.20287018223037157,50,-0.15025210084033613
Dcbld1,0.03558223289315726,0.8062100437659906,50,0.032220888355342134
Dcdc2b,-0.2578151260504202,0.07066685971576522,50,-0.2639615846338535
Dcdc5,-0.14410564225690276,0.31807018558063355,50,-0.09214885954381752
Dchs1,0.3581752701080432,0.010650031680204631,50,0.4324129651860744
Dck,-0.0760144057623049,0.5998138905729673,50,-0.019639855942376952
Dclk1,0.19769507803121247,0.16876470872480315,50,0.12489795918367347
Dclk2,0.038463385354141656,0.7908582988725211,50,0.1076110444177671
Dclre1c,0.18924369747899158,0.18809372129698163,50,0.14208883553421367
Dcn,-0.1061704681872749,0.4630534786101985,50,-0.11539015606242496
Dcp1a,-0.08340936374549819,0.5646958176738254,50,-0.18319327731092436
Dcp1b,0.15956782713085235,0.26834271856772207,50,0.08398559423769507
Dcp2,0.020641912910232662,0.8868559276900161,50,0.01044124732289158
Dcps,-0.4069627851140456,0.0033571673909182135,50,-0.33483793517406957
Dctn1,-0.06112845138055222,0.6732399810589117,50,-0.24619447779111645
Dctn2,0.3055462184873949,0.030944384516682726,50,0.2934453781512605
Dctn3,-0.1142376950780312,0.42956138814340417,50,-0.012148859543817525
Dctn4,-0.013397358943577431,0.9264266116519362,50,0.10722689075630251
Dctn5,-0.21488595438175268,0.13397488090915924,50,-0.1987515006002401
Dctn6,0.13258103241296518,0.3587034899006478,50,0.0588235294117647
Dcun1d1,-0.013781512605042016,0.9243230321819229,50,0.018775510204081632
Dcun1d2,0.04441776710684273,0.7593851958109286,50,-0.0014885954381752698
Dcun1d3,0.15466986794717885,0.28350049578454267,50,0.18761104441776708
Dcun1d5,0.03404561824729892,0.8144277037768815,50,0.13584633853541417
Dcxr,0.22429771908763504,0.11736370668289967,50,0.1388235294117647
Dda1,0.1185594237695078,0.41219574557510047,50,0.1466986794717887
Ddah1,0.22842737094837934,0.1105899540138992,50,0.21104441776710686
Ddah2,0.20384153661464588,0.15564314316445846,50,0.20278511404561822
Ddb1,-0.17781512605042016,0.21667631577638835,50,-0.16283313325330132
Ddb2,-0.027515006002400956,0.8495635659967954,50,0.01915966386554622
Ddc,0.11058823529411764,0.4445407523127833,50,0.2494597839135654
Ddhd1,0.5171188475390156,0.00012045803921570869,50,0.46919567827130854
Ddhd2,-0.16974789915966385,0.23859092977027574,50,-0.07294117647058823
Ddi2,0.16907563025210082,0.24048312706659133,50,0.22487394957983195
Ddo,-0.07947178871548619,0.5832758585435145,50,-0.19462184873949578
Ddost,0.11030012004801922,0.4457354930536335,50,0.031644657863145256
Ddr2,-0.31476590636254503,0.025989852434777416,50,-0.3696998799519808
Ddrgk1,-0.35020408163265304,0.012659985935854776,50,-0.23918367346938774
Ddt,-0.06890756302521008,0.634436355469756,50,-0.056038415366146455
Ddx1,-0.007154861944777911,0.960669476486913,50,-0.0722689075630252
Ddx10,0.08552220888355341,0.5548411048111002,50,0.09723889555822329
Ddx17,-0.06132052821128451,0.6722711206715749,50,0.00014405762304921967
Ddx18,-0.06372148859543818,0.660205254292198,50,-0.12825930372148858
Ddx19a,-0.06823529411764705,0.6377534911177856,50,-0.12240096038415366
Ddx20,-0.03241296518607443,0.8231806675615939,50,0.05911164465786314
Ddx21,0.31150060024009607,0.0276625973159976,50,0.2848019207683073
Ddx23,-0.39649459783913565,0.0043638931555879685,50,-0.3729651860744298
Ddx24,-0.06439375750300119,0.6568419236628033,50,-0.1799279711884754
Ddx27,0.015126050420168066,0.9169646314960526,50,0.035006002400960384
Ddx3,0.8024901488047114,2.4267038264243924e-12,50,0.8025410617693608
Ddx31,-0.020216086434573826,0.8891752536029512,50,0.01474189675870348
Ddx39a,0.1345018007202881,0.3517206373748113,50,0.09733493397358943
Ddx39b,0.13747899159663865,0.3410633035393226,50,0.007154861944777911
Ddx3x,0.746938775510204,4.690424779350984e-10,50,0.737046818727491
Ddx41,-0.07769694352644141,0.5917399530117017,50,-0.045715383335705954
Ddx42,-0.09522208883553422,0.5106738528670569,50,-0.11145258103241296
Ddx46,-0.06535414165666266,0.6520488346379696,50,0.0468187274909964
Ddx47,0.020792316926770707,0.8860369534931125,50,-0.027803121248499398
Ddx49,0.09714285714285714,0.5021441256454877,50,-0.047587034813925566
Ddx5,-0.09474189675870348,0.5128176827143776,50,-0.04182472989195678
Ddx50,0.15274909963985592,0.2895950314476938,50,0.07178871548619448
Ddx51,-0.007154861944777911,0.960669476486913,50,0.033661464585834334
Ddx52,0.00744297719087635,0.9590870158850027,50,-0.10453781512605041
Ddx54,0.03135654261704682,0.8288557940899515,50,-0.0251140456182473
Ddx55,-0.11923169267707083,0.40953114935851703,50,-0.11135654261704682
Ddx56,0.11558223289315725,0.4241151327669407,50,0.0005282112845138055
Ddx58,0.08547624195121492,0.5550546339316036,50,0.254267809624541
Ddx59,-0.11106842737094838,0.4425534553303118,50,0.12672268907563025
Ddx6,0.04163265306122449,0.7740618781921108,50,0.13085234093637454
Deaf1,-0.14160864345738294,0.32661603830870695,50,-0.29939975990396156
Decr1,0.021080432172869146,0.8844684492089908,50,0.08600240096038414
Decr2,-0.04528211284513805,0.754847106935656,50,0.14698679471788717
Def6,0.28230492196878754,0.046998485421003475,50,0.20566626650660264
Defb4,0.27346938775510204,0.05465383001388119,50,0.24168067226890755
Degs1,-0.05277310924369748,0.7158746629666642,50,-0.06439375750300119
Dek,0.20115246098439374,0.16128839041737666,50,0.28585834333733495
Dennd10,0.14986794717887153,0.2988958515111014,50,0.030396158463385354
Dennd11,0.09954381752701079,0.49158554857421144,50,0.08648259303721488
Dennd1a,0.19106842737094837,0.18379221989363928,50,0.16273709483793514
Dennd1b,-0.04211284513805522,0.7715256708960064,50,0.14593037214885954
Dennd1c,0.5288355342136853,7.878108598325454e-05,50,0.5061704681872748
Dennd2a,0.015702280912364946,0.913813102725811,50,-0.015510204081632653
Dennd2b,-0.020888355342136854,0.8855140703887638,50,0.05219687875150059
Dennd2d,0.11817527010804323,0.4137228304092187,50,0.17915966386554621
Dennd3,0.2735654261704682,0.05456551467087865,50,0.2444657863145258
Dennd4a,0.2737575030012005,0.054389229756980594,50,0.1721488595438175
Dennd4b,0.07639855942376951,0.5979662154937561,50,-0.0910924369747899
Dennd4c,0.15164829892243634,0.29312605978242157,50,0.24417767106842736
Dennd5a,0.016758703481392558,0.9080387412450949,50,-0.12182472989195677
Dennd5b,0.16869147659063624,0.24156896690038057,50,0.22439375750300117
Dennd6a,0.11932773109243697,0.409151304348638,50,0.009459783913565426
Denr,-0.1057863145258103,0.46468270311916715,50,0.03481392557022809
Depdc5,0.3528931572629051,0.011948368172662375,50,0.2689555822328931
Depdc7,-0.1757983193277311,0.22201857089035187,50,-0.14900360144057623
Deptor,0.16648259303721488,0.2478773657410322,50,0.11683073229291716
Dera,-0.0050420168067226885,0.9722783839866403,50,0.023097238895558224
Derl1,0.07659063625450178,0.5970433176389746,50,0.023097238895558224
Des,-0.1373829531812725,0.34140393033004296,50,-0.1291236494597839
Det1,-0.11356542617046818,0.43229920121020293,50,-0.2103721488595438
Dffa,0.05594237695078031,0.6995932396929486,50,0.006674669867947179
Dffb,-0.20720288115246097,0.14879249552402982,50,-0.12633853541416568
Dgcr8,0.012533013205282113,0.9311614652647521,50,0.029051620648259304
Dgka,0.2773109243697479,0.051210122579555546,50,0.3027611044417767
Dgkd,0.0656422569027611,0.6506136065722468,50,0.1504441776710684
Dgkh,0.15860744297719087,0.2712714884666112,50,0.13815126050420168
Dgkq,-0.12134453781512604,0.4012215602729833,50,-0.18559423769507805
Dgkz,-0.0017767106842737094,0.990229763041263,50,-0.009171668667466985
Dglucy,0.5349819927971188,6.265238413319138e-05,50,0.5217286914765906
Dguok,0.13959183673469386,0.3336228844020166,50,0.09839135654261706
Dhcr24,0.17944777911164464,0.21241774359650503,50,0.23409363745498196
Dhcr7,0.1756062424969988,0.22253207915886813,50,-0.05046818727490996
Dhfr,0.18357743097238896,0.2019083460799354,50,0.12076830732292916
Dhodh,0.0912386852288249,0.5285941015380843,50,0.17460203131158283
Dhps,0.056038415366146455,0.6991019013727332,50,0.11683073229291716
Dhrs1,-0.16907563025210082,0.24048312706659133,50,-0.1630252100840336
Dhrs11,-0.10415366146458584,0.471641233220701,50,-0.12777911164465786
Dhrs13,0.34953181272509,0.01284346223667613,50,0.3112124849939976
Dhrs3,-0.007827130852340937,0.9569773122816055,50,0.13104441776710685
Dhrs4,0.12038704414140212,0.40497506361789454,50,0.04389060963112945
Dhrs7,-0.22487394957983195,0.11640004710052373,50,-0.12355342136854741
Dhrs7b,-0.01310924369747899,0.928004623947973,50,0.0857142857142857
Dhrs9,0.08321728691476589,0.565595727377284,50,0.14180072028811525
Dhrsx,0.12316926770708284,0.3941246415594056,50,0.09695078031212485
Dhtkd1,-0.025402160864345734,0.8609967659831832,50,0.07159663865546219
Dhx15,-0.1065546218487395,0.46142734267882113,50,-0.07207683073229292
Dhx16,0.17819927971188473,0.21566898765633302,50,0.009843937575030014
Dhx29,0.09157262905162064,0.5270799633389929,50,0.12460984393757503
Dhx30,0.03894357743097239,0.7883071270565795,50,0.045474189675870344
Dhx32,0.24840336134453783,0.08195927416030117,50,0.2276590636254502
Dhx33,0.1733973589435774,0.2284966487553357,50,0.018775510204081632
Dhx34,-0.08917166866746698,0.538013641370765,50,-0.14016806722689074
Dhx35,0.1406482593037215,0.3299410030562696,50,0.19529411764705884
Dhx36,0.026266506602641054,0.8563160000574715,50,0.10530612244897959
Dhx37,0.0821608643457383,0.5705571163870861,50,-0.03721488595438175
Dhx38,-0.15034813925570228,0.29733245851278994,50,-0.11212484993997598
Dhx40,0.09282112845138055,0.5214381816304657,50,0.12854741896758703
Dhx57,-0.18213685474189675,0.205531882566014,50,-0.21776710684273706
Dhx58,0.23246098439375748,0.10426640092561322,50,0.20086434573829529
Dhx8,-0.07428571428571429,0.6081592049242734,50,-0.22324129651860744
Dhx9,0.1771428571428571,0.21844701956592896,50,0.16811524609843936
Diablo,0.3909243697478992,0.005000699908686236,50,0.3879471788715486
Diaph1,-0.010612499702931738,0.9416901793614462,50,0.07399937575664167
Dicer1,-0.1636014405762305,0.25627215129069014,50,-0.1574549819927971
Dido1,0.05392557022809123,0.7099392074557783,50,0.04019207683073229
Dimt1,-0.007635054021608643,0.9580321285011986,50,-0.10261704681872749
Dip2a,0.1696518607442977,0.23886061889913693,50,0.37392557022809125
Dip2b,0.04470588235294118,0.7578715994253096,50,0.015990396158463382
Dip2c,0.1983673469387755,0.1672916128784593,50,0.1563985594237695
Dipk1a,0.2107563025210084,0.14179552839739834,50,0.21402160864345737
Dipk2a,-0.07025210084033613,0.6278234226869991,50,-0.06794717887154862
Dis3,0.3357983193277311,0.01712198379568566,50,0.32168067226890756
Dis3l,-0.20418257346998078,0.1549377052570728,50,-0.26391990211453775
Dis3l2,0.16504201680672267,0.25205116328891125,50,0.046530612244897955
Dkc1,0.3574069627851141,0.010830978181957815,50,0.3738295318127251
Dkk3,0.10434573829531814,0.4708197065636108,50,-0.07697478991596637
Dlat,0.13699879951980792,0.342768545038711,50,0.2163265306122449
Dlc1,0.2564705882352941,0.07219986568361518,50,0.28633853541416565
Dld,0.0114765906362545,0.9369516977605437,50,0.013973589435774309
Dlg1,0.028475390156062427,0.8443766220421096,50,0.03346938775510204
Dlg2,-0.11366146458583432,0.4319074870573528,50,-0.10463385354141658
Dlg3,0.2539735894357743,0.07511674187585671,50,0.2405282112845138
Dlg4,0.15520180561029584,0.28182766070707976,50,0.2198799519807923
Dlg5,0.16581032412965185,0.2498192714884368,50,0.2163265306122449
Dlgap4,0.16725090036014406,0.24567060196477944,50,0.09339735894357742
Dlk1,0.7931332533013205,6.576646762818661e-12,50,0.815222088835534
Dll4,0.25253301320528215,0.07684146241703783,50,0.13344537815126048
Dlst,-0.03884753901560624,0.7888171864728192,50,0.038463385354141656
Dmac2,0.060072028811524604,0.6785780674684071,50,0.12259303721488594
Dmac2l,0.040097001140036205,0.782188224446046,50,0.049605032548092697
Dmap1,-0.07380552220888356,0.6104862086059221,50,-0.027034813925570226
Dmd,0.16638655462184873,0.2481541527175963,50,0.18665066026410562
Dmpk,0.23616413366071626,0.09870924794836382,50,0.2051860744297719
Dmtn,0.15140456182472986,0.2939116603628428,50,0.21104441776710686
Dmwd,0.15294117647058825,0.2889817627244347,50,0.11971188475390157
Dmxl1,-0.1061704681872749,0.4630534786101985,50,-0.22804321728691473
Dmxl2,-0.14804321728691477,0.30488511216865344,50,-0.15130852340936377
Dnaaf1,0.010612244897959183,0.9416915769578321,50,0.0003361344537815126
Dnaaf10,-0.2689555822328931,0.058936613027340504,50,-0.2575270108043217
Dnaaf2,-0.09272509003601441,0.5218710938996306,50,-0.07620648259303721
Dnaaf3,-0.05171668667466986,0.7213301536391761,50,0.01310924369747899
Dnaaf5,-0.09339735894357742,0.5188444715693142,50,0.09157262905162064
Dnaaf9,0.17195678271308523,0.23244545784641193,50,0.16216086434573826
Dnah1,-0.01013205282112845,0.944325718014386,50,0.021176470588235297
Dnah11,-0.08398559423769507,0.56200009841794,50,-0.07361344537815126
Dnah12,-0.13344537815126048,0.3555508257709776,50,-0.09858343337334932
Dnah2,-0.06669867947178872,0.6453618615817179,50,-0.06823529411764705
Dnah5,-0.05939975990396158,0.6819832009828575,50,-0.049219687875150055
Dnah6,-0.08523409363745497,0.55618012140731,50,-0.09416566626650659
Dnah7,-0.0722689075630252,0.6179581811053432,50,-0.04460984393757503
Dnah9,-0.2263145258103241,0.11401723829594788,50,-0.19846338535414165
Dnai1,-0.2067226890756302,0.1497572690297217,50,-0.19308523409363745
Dnai2,-0.04057623049219687,0.7796497270001826,50,0.018583433373349337
Dnai3,-0.17848739495798316,0.21491563817128004,50,-0.2287154861944778
Dnai4,0.1020408163265306,0.4807283315014337,50,0.10665066026410563
Dnaja1,-0.15169267707082834,0.29298316946994507,50,-0.11683073229291716
Dnaja2,0.2028811524609844,0.15764238599027935,50,0.3009363745498199
Dnaja3,0.06285714285714285,0.6645393163266287,50,0.04451380552220888
Dnaja4,0.07735894357743096,0.5933580179930509,50,0.1630252100840336
Dnajb1,-0.0385594237695078,0.7903478899673712,50,-0.08907563025210084
Dnajb11,0.015510204081632653,0.9148634689164352,50,0.06938775510204082
Dnajb12,-0.002689140196217997,0.9852127212282308,50,0.0670828331332533
Dnajb13,-0.08513805522208882,0.5566267992305423,50,-0.062472989195678265
Dnajb14,0.157358943577431,0.27511047664298194,50,0.07851140456182472
Dnajb2,0.1512124849939976,0.2945317147227276,50,0.20384153661464588
Dnajb4,0.25013205282112844,0.07978529425792658,50,0.20614645858343336
Dnajb6,-0.15841536614645857,0.2718597771294079,50,-0.1400720288115246
Dnajb9,-0.1367106842737095,0.3437942183463451,50,-0.10953181272509004
Dnajc1,0.05623049219687875,0.6981195909304553,50,0.1320048019207683
Dnajc10,-0.17118847539015608,0.23457055177168173,50,-0.20240096038415364
Dnajc11,-0.09013205282112843,0.533626974294006,50,-0.15572629051620648
Dnajc13,-0.08638655462184873,0.5508332370123856,50,-0.04969987995198079
Dnajc15,-0.10713085234093636,0.45899394197797694,50,-0.10953181272509004
Dnajc16,0.08254501800720286,0.5687506533002326,50,0.15918367346938775
Dnajc17,-0.2572388955582233,0.0713206663483974,50,-0.28124849939975993
Dnajc19,-0.22809671307206225,0.1111210566096348,50,-0.0038896492123867456
Dnajc2,0.18098439375750297,0.20846347621627592,50,0.21959183673469387
Dnajc21,-0.08917166866746698,0.538013641370765,50,-0.05671068427370948
Dnajc24,0.06545018007202881,0.6515702862833339,50,0.1078031212484994
Dnajc25,-0.006866746698679471,0.9622520871612624,50,-0.01666266506602641
Dnajc27,0.07207683073229292,0.618894895331404,50,0.1224969987995198
Dnajc3,0.12355342136854741,0.3926399851500462,50,0.2510924369747899
Dnajc5,-0.07217286914765905,0.6184264631612333,50,-0.10905162064825931
Dnajc7,-0.1074189675870348,0.4577798580777655,50,-0.12451380552220888
Dnajc8,-0.08936374549819928,0.5371349077517865,50,-0.2804801920768307
Dnajc9,0.018391356542617046,0.8991240812196292,50,0.08993997599039616
Dnal1,-0.02578631452581032,0.8589158319594371,50,-0.021464585834333732
Dnal4,-0.1076110444177671,0.45697143942352847,50,-0.04220888355342137
Dnali1,-0.05920768307322929,0.6829572528858294,50,-0.07697478991596637
Dnase1l1,-0.060072028811524604,0.6785780674684071,50,-0.00014405762304921967
Dnase2,0.1474669867947179,0.30679236772595225,50,0.1695558223289316
Dnlz,-0.11529411764705881,0.42527888391361923,50,-0.08129651860744297
Dnm1,0.032220888355342134,0.8242118518362515,50,0.01205282112845138
Dnm1l,-0.08590842519703566,0.5530485608000816,50,-0.12216379748533188
Dnm2,-0.01935174069627851,0.8938858443371016,50,-0.1479471788715486
Dnm3,0.31649459783913564,0.025139117762908367,50,0.2430252100840336
Dnmbp,0.3030492196878751,0.032413787490994744,50,0.21210084033613444
Dnmt1,0.3655702280912365,0.009037392169429372,50,0.3380072028811525
Dnmt3a,-0.013589435774309724,0.9253747587611171,50,-0.11222088835534214
Dnpep,-0.030300120048019206,0.8345395833742012,50,-0.011860744297719087
Dnph1,-0.012533013205282113,0.9311614652647521,50,0.10521008403361343
Dnttip1,-0.06679471788715485,0.6448852734231328,50,-0.0588235294117647
Dnttip2,0.0059063625450180065,0.9675284624934394,50,0.018103241296518604
Dock1,-0.3720048019207683,0.007810455421587376,50,-0.3260984393757503
Dock10,0.32206482593037217,0.022554983750327585,50,0.21190876350540214
Dock11,0.3114045618247298,0.027713125325241124,50,0.2799039615846338
Dock4,0.18828331332533013,0.1903863413266607,50,0.18684273709483792
Dock5,0.25406962785114046,0.07500285778726268,50,0.2113325330132053
Dock6,0.29690276110444175,0.0362787899252501,50,0.2179591836734694
Dock7,0.0683313325330132,0.6372791823046574,50,0.1741656662665066
Dock8,0.20057623049219686,0.1625173225858125,50,0.3706602641056423
Dock9,0.27788715486194476,0.05070908254256318,50,0.2677070828331332
Dohh,0.14948379351740695,0.30015038431657165,50,0.22084033613445375
Dok1,0.1394957983193277,0.3339588687271776,50,0.05450180072028812
Dok2,0.19635054021608642,0.17173913175018168,50,0.1210564225690276
Dok3,0.507611044417767,0.00016811851630244988,50,0.5116446578631452
Dop1a,-0.0034093637454981987,0.9812529243973734,50,0.023865546218487393
Dop1b,-0.12326530612244897,0.3937531693775406,50,-0.13728691476590635
Dpagt1,0.16427370948379352,0.2542964782888672,50,0.11846338535414166
Dpcd,-0.05315726290516206,0.7138943092418598,50,-0.07697478991596637
Dpep1,-0.22612244897959183,0.1143327799675179,50,-0.11097238895558223
Dpep2,0.022905162064825933,0.8745450103974277,50,-0.19490996398559424
Dpf2,-0.03932773109243697,0.7862677701948961,50,0.14036014405762304
Dph1,0.14055222088835534,0.33027466269230854,50,0.07236494597839135
Dph2,0.19202881152460982,0.18155682148109725,50,0.12316926770708284
Dph3,-0.0008643664916414992,0.9952467098183468,50,-0.0024010180323374977
Dph6,-0.14929171668667465,0.3007789235494369,50,-0.1479471788715486
Dpm1,0.34223289315726285,0.014986631127805537,50,0.4442256902761105
Dpm3,0.04124849939975991,0.7760925281983944,50,-0.1481392557022809
Dpp3,0.2803841536614646,0.048583656591702315,50,0.2215126050420168
Dpp4,-0.062472989195678265,0.6664690684682278,50,-0.01983193277310924
Dpp7,0.4739015606242497,0.000508243672277743,50,0.2125810324129652
Dpp8,-0.1296998799519808,0.3693347337560166,50,-0.10232893157262904
Dpp9,0.0030252100840336134,0.9833649557151009,50,0.08955582232893158
Dpt,-0.09762304921968785,0.500023159132414,50,-0.19279711884753903
Dpy19l1,0.03692677070828331,0.7990365169421094,50,0.03894357743097239
Dpy19l3,0.08283313325330133,0.5673975453262576,50,0.18482593037214884
Dpy30,0.14237695078031212,0.3239713001458587,50,0.022040816326530613
Dpyd,0.02645858343337335,0.8552764883233676,50,0.039711884753901555
Dpysl2,0.1264345738295318,0.38161008759856646,50,0.03721488595438175
Dpysl3,0.5587995198079231,2.469410753703753e-05,50,0.562641056422569
Dpysl5,0.1404561824729892,0.33060853374883825,50,0.10722689075630251
Dr1,0.018103241296518604,0.9006963927911024,50,0.02770708283313325
Dram1,0.13584633853541417,0.3468826088006764,50,0.09733493397358943
Dram2,-0.06103241296518607,0.67372460835961,50,0.00907563025210084
Drap1,-0.04854741896758703,0.7377782164483431,50,-0.08849939975990395
Drc1,-0.09042016806722687,0.5323143957826949,50,-0.10521008403361343
Drc3,0.13824729891956783,0.3383458798635399,50,0.1971188475390156
Drc7,-0.2089315726290516,0.14535734642271567,50,-0.1950060024009604
Drg1,-0.07418967587034814,0.6086242993514357,50,-0.020600240096038412
Drg2,-0.09848739495798318,0.4962170518882712,50,-0.0059063625450180065
Drosha,-0.09714285714285714,0.5021441256454877,50,-0.026362545018007204
Dsc2,0.018871548619447776,0.8965044166938532,50,0.066890756302521
Dsg2,0.03279711884753902,0.8211191874364518,50,0.03903961584633854
Dsp,0.12201680672268907,0.3985983062754067,50,0.18175270108043215
Dst,-0.15236494597839134,0.2908241130624517,50,-0.04777911164465786
Dstn,0.10127250900360144,0.484055476875917,50,0.06391356542617047
Dstyk,0.06477791116446578,0.6549230333249496,50,0.1733973589435774
Dtd1,0.13152460984393755,0.36257977813401376,50,0.1289315726290516
Dtd2,0.021848739495798315,0.8802879301101031,50,0.02578631452581032
Dtna,0.17176470588235296,0.23297548677972918,50,0.1117406962785114
Dtnb,0.0009123649459783913,0.994982761888243,50,0.11414165666266506
Dtnbp1,0.19106842737094837,0.18379221989363928,50,0.12729891956782713
Dtwd1,0.033949579831932766,0.8149419745024977,50,0.18895558223289313
Dtx2,-0.09800720288115244,0.4983297063593493,50,0.042977190876350546
Dtx3,0.1524609843937575,0.290516524621238,50,0.1870348139255702
Dtx3l,0.005138055222088836,0.9717505649203921,50,0.05930372148859543
Dtymk,0.17685474189675868,0.21920896593046252,50,0.25541416566626646
Dus1l,-0.06890756302521008,0.634436355469756,50,0.055078031212484994
Dus2,0.0914765906362545,0.5275151924652707,50,0.06823529411764705
Dus3l,0.01666266506602641,0.9085634932990514,50,0.003889555822328931
Dusp12,0.07678271308523409,0.5961210477982914,50,0.1836734693877551
Dusp14,0.02175270108043217,0.8808103207234205,50,0.06228091236494597
Dusp16,0.011956782713085232,0.9343193556460773,50,0.09983193277310923
Dusp22,-0.09118847539015605,0.5288219438120456,50,0.08292917166866745
Dusp23,-0.2716446578631453,0.056353864888385126,50,-0.21891956782713082
Dusp3,0.34271308523409366,0.014836816061990447,50,0.474765906362545
Dusp7,-0.028667466986794718,0.8433400096067155,50,0.07812725090036014
Dusp9,0.3914045618247299,0.00494276768252461,50,0.25051620648259304
Dut,0.23236494597839136,0.10441365704086776,50,0.22016806722689078
Dvl1,0.05690276110444177,0.6946853683372957,50,-0.07803121248499399
Dvl2,0.11327731092436974,0.43347553824281454,50,0.15803121248499397
Dvl3,-0.06948546185584717,0.6315905330184508,50,-0.06703642346286293
Dxo,-0.023289315726290515,0.8724582456414803,50,-0.14612244897959184
Dydc2,0.09205282112845137,0.5249064828882124,50,0.1078031212484994
Dym,-0.04028811524609843,0.7811756142878552,50,-0.02578631452581032
Dync1h1,-0.08264105642256904,0.5682994514330523,50,-0.1702280912364946
Dync1i2,0.03692677070828331,0.7990365169421094,50,0.17608643457382953
Dync1li1,0.029388460715810968,0.8394512629674833,50,-0.1249939975990396
Dync1li2,-0.11222088835534214,0.4378040765238864,50,-0.14141656662665067
Dync2h1,-0.044225690276110445,0.7603947565343314,50,0.049315726290516206
Dync2i1,-0.009555822328931571,0.9474874631857075,50,-0.07255702280912364
Dync2i2,0.13210084033613445,0.36046230064293405,50,0.08206482593037215
Dync2li1,-0.10933973589435773,0.4497307287809592,50,-0.11097238895558223
Dynll1,0.08331332533013207,0.5651456891418459,50,0.09435774309723889
Dynll2,-0.02674669867947179,0.8537176771711391,50,0.1997118847539016
Dynlrb1,-0.16494597839135652,0.2523310932857104,50,-0.026170468187274906
Dynlrb2,-0.04163265306122449,0.7740618781921108,50,-0.0534453781512605
Dynlt1,0.08187274909963986,0.5719136983199204,50,0.06074429771908763
Dynlt2b,0.018967587034813924,0.8959806139736753,50,0.024921968787515004
Dynlt3,0.0658343337334934,0.6496574839593189,50,0.0974309723889556
Dynlt4,-0.052100840336134456,0.7193447331983341,50,-0.11318127250900359
Dyrk1a,0.08168067226890756,0.5728189102509789,50,0.0033133253301320525
Dyrk1b,0.1320048019207683,0.3608146906490368,50,0.2368787515006002
Dysf,0.37565426170468186,0.00718096146351641,50,0.316110444177671
Dzank1,-0.19126050420168067,0.18334356873794166,50,-0.21123649459783914
Dzip1,0.23774309723889556,0.09641058822420075,50,0.2049939975990396
Dzip1l,-0.15313325330132052,0.288369341983597,50,-0.2279471788715486
E2f4,0.22458583433373347,0.11688112171841193,50,0.13498199279711884
Ebag9,0.15793517406962787,0.27333419692148697,50,0.04230492196878751
Ebf1,-0.07975990396158462,0.5819070336441934,50,0.037310924369747894
Ebna1bp2,0.10424969987995197,0.4712303742641664,50,0.16062424969987996
Ebpl,0.135078031212485,0.3496421518419177,50,0.09090036014405761
Ece1,0.4132052821128451,0.0028596899594762293,50,0.39927971188475386
Ech1,0.2773109243697479,0.051210122579555546,50,0.27202881152460984
Echdc1,-0.10362793827568641,0.4738936982403405,50,-0.18396158463385354
Echdc2,0.11980792316926771,0.40725512665571495,50,0.1208643457382953
Echdc3,0.09445604939215715,0.5140960083162557,50,0.2829839852912975
Echs1,-0.20720288115246097,0.14879249552402982,50,-0.07332533013205282
Eci1,0.043745498199279705,0.76292038453804,50,0.11250900360144059
Eci3,0.13238895558223288,0.35940638620830506,50,-0.030300120048019206
Ecm1,0.12998799519807921,0.368263154877228,50,0.1648499399759904
Ecm2,-0.0728451380552221,0.6151516497621463,50,-0.0331812725090036
Ecscr,-0.06641056422569028,0.6467924718812164,50,-0.04
Ecsit,-0.1201920768307323,0.40574184486393966,50,-0.15217286914765904
Edc3,0.008595438175270108,0.9527587947505248,50,0.032220888355342134
Edc4,-0.006194477791116446,0.9659453951391317,50,-0.0722689075630252
Edem3,-0.3045858343337335,0.03150284892281799,50,-0.21815126050420167
Edf1,-0.16369747899159662,0.2559892820645514,50,-0.22506602641056422
Ednrb,0.2093157262905162,0.14460203159540103,50,0.16062424969987996
Eea1,0.045474189675870344,0.7538397485818784,50,-0.14477791116446578
Eed,-0.13930372148859543,0.3346314710461996,50,-0.1307563025210084
Eef1a1,-0.07169267707082833,0.6207701220760165,50,0.07539196621539741
Eef1a2,-0.022713085234093634,0.875588710609917,50,0.020600240096038412
Eef1akmt1,0.0695798319327731,0.6311263144969435,50,0.3439615846338535
Eef1akmt2,0.07851328965743616,0.5878400788330842,50,0.05872890107097519
Eef1b2,0.07447779111644658,0.6072294765845787,50,0.04067226890756302
Eef1d,0.15812725090036014,0.2727437949549611,50,0.20489795918367346
Eef1e1,-0.04701080432172868,0.7457956102653991,50,0.049411764705882356
Eef1g,-0.014550169275965235,0.9201155125829171,50,0.05661600520251819
Eef2,0.14247298919567825,0.32364166037575187,50,0.06112845138055222
Eef2k,-0.15889555822328932,0.27039063996061596,50,-0.1032893157262905
Eefsec,0.2266986794717887,0.11338814714015619,50,0.22103241296518605
Eepd1,0.15889555822328932,0.27039063996061596,50,0.11644657863145258
Efcab1,-0.12547418967587035,0.38526608807851537,50,-0.16139255702280914
Efcab10,-0.09243697478991596,0.5231709037211599,50,-0.19020408163265307
Efcab14,0.157358943577431,0.27511047664298194,50,0.17906362545018004
Efcab2,-0.22429771908763504,0.11736370668289967,50,-0.14698679471788717
Efcab6,-0.2179591836734694,0.12836788335815674,50,-0.19356542617046818
Efcab7,0.13690276110444177,0.343110225487278,50,0.06593037214885954
Efcc1,0.09781512605042017,0.4991760633201894,50,0.08427370948379351
Efemp1,-0.18415366146458584,0.2004716349922025,50,-0.19327731092436973
Efemp2,-0.020024009603841535,0.8902217299271966,50,0.03865546218487395
Efhb,-0.14948379351740695,0.30015038431657165,50,-0.19116446578631452
Efhc1,-0.05171668667466986,0.7213301536391761,50,-0.05978391356542617
Efhc2,-0.22804321728691473,0.11120716442916802,50,-0.19596638655462184
Efhd1,0.17887154861944776,0.21391403181490395,50,0.15207683073229292
Efhd2,0.29267707082833133,0.03915061742090661,50,0.11884753901560624
Efl1,-0.022905162064825933,0.8745450103974277,50,0.04028811524609843
Efna1,0.4803956879100865,0.00041431030450553904,50,0.29776710684273705
Efna5,0.2471548619447779,0.08355809990352847,50,0.33925570228091234
Efnb1,0.6245858343337335,1.2498495030134113e-06,50,0.620360144057623
Efnb2,0.4468187274909964,0.0011425503136123448,50,0.3953421368547419
Efr3a,0.0021608643457382954,0.9881174171729694,50,-0.074093637454982
Efs,0.1483313325330132,0.3039343481184082,50,-0.09551020408163265
Eftud2,-0.04240096038415366,0.7700050788477624,50,-0.029819927971188476
Egfl6,0.5544777911164467,2.939443773662547e-05,50,0.3716206482593037
Egflam,0.3412725090036014,0.015290134861134397,50,0.3439615846338535
Egfr,-0.34348139255702276,0.014599769816461945,50,-0.4289555822328931
Egln1,0.10770708283313324,0.4565675215331526,50,-0.07265306122448979
Ehbp1,0.1460264105642257,0.31159391297394856,50,0.03884753901560624
Ehbp1l1,0.29939975990396156,0.03466510430822522,50,0.2733733493397359
Ehd1,0.37133253301320523,0.007931492120532142,50,0.32168067226890756
Ehd2,-0.12595438175270107,0.38343550393189074,50,-0.1183673469387755
Ehd3,0.09493397358943578,0.511959606175683,50,0.09925570228091235
Ehd4,0.44240096038415366,0.0012959138575580529,50,0.433469387755102
Ehhadh,0.3820888355342137,0.006177974014374648,50,0.4043697478991596
Ehmt1,-0.1727250900360144,0.23033363070140092,50,-0.08350540216086433
Ehmt2,-0.056567984841871435,0.6963947881082906,50,-0.037791116446578635
Ei24,-0.02857142857142857,0.8438582830868868,50,0.05219687875150059
Eif1,-0.018007202881152456,0.9012205808095002,50,0.03010804321728691
Eif1a,-0.0453781512605042,0.7543433771682858,50,0.15150060024009604
Eif1ad,-0.10088835534213686,0.4857235727911205,50,-0.10818727490996398
Eif1ax,0.23174626048121524,0.10536612696422025,50,0.2643520853603585
Eif2a,0.19318127250900358,0.1789002137798842,50,0.31851140456182475
Eif2ak1,0.1558223289315726,0.2798844517690455,50,0.14199279711884752
Eif2ak2,0.0792797118847539,0.5841892151915156,50,0.1226890756302521
Eif2ak3,-0.34232893157262906,0.014956565331996833,50,-0.12595438175270107
Eif2ak4,-0.23674037798847725,0.09786549040438279,50,-0.25037816041215427
Eif2b1,0.4132052821128451,0.0028596899594762293,50,0.34367346938775506
Eif2b2,-0.30669867947178864,0.030285113069052825,50,-0.3773829531812725
Eif2b3,0.14160864345738294,0.32661603830870695,50,0.11039615846338535
Eif2b4,0.13699879951980792,0.342768545038711,50,0.07851140456182472
Eif2b5,-0.06396312038147094,0.6589956116650091,50,-0.06660264105642257
Eif2d,-0.011764705882352943,0.9353722106171002,50,0.06938775510204082
Eif2s1,-0.22324129651860744,0.11914614852584336,50,-0.12691476590636253
Eif2s2,0.17522208883553422,0.22356156432386154,50,0.21719087635054019
Eif2s3,0.30122448979591837,0.03352379645168875,50,0.3363745498199279
Eif2s3y,0.8472810288004932,8.667655242451051e-15,50,0.8300335778325443
Eif3a,0.09743331175225567,0.5008606624929246,50,0.053014478154011946
Eif3b,-0.11759903961584633,0.41601952687275934,50,-0.23466986794717884
Eif3c,-0.018007202881152456,0.9012205808095002,50,-0.045570228091236495
Eif3d,-0.09944777911164465,0.4920056635658296,50,-0.047202881152460976
Eif3el1,0.18060024009603842,0.20944716392870089,50,0.12096038415366145
Eif3f,0.038463385354141656,0.7908582988725211,50,-0.03923169267707083
Eif3g,-0.10146458583433372,0.48322255856282165,50,0.028667466986794718
Eif3h,-0.15226890756302522,0.2911319135391638,50,-0.15217286914765904
Eif3i,0.017911164465786316,0.901744810543093,50,0.07975990396158462
Eif3j,-0.020312124849939977,0.8886520854497547,50,0.07975990396158462
Eif3k,-0.06333733493397359,0.662130151953696,50,-0.04701080432172868
Eif3l,-0.03346938775510204,0.8175144823680135,50,-0.022521008403361343
Eif3m,0.2693397358943577,0.058561928734627115,50,0.16312124849939974
Eif4a1,0.2984393757503001,0.035278582448279555,50,0.38180072028811524
Eif4a2,-0.04,0.782702317866487,50,-0.03788715486194477
Eif4a3,-0.05939975990396158,0.6819832009828575,50,-0.04220888355342137
Eif4b,-0.13728691476590635,0.34174476789816005,50,-0.07860744297719087
Eif4e,-0.18828331332533013,0.1903863413266607,50,-0.12355342136854741
Eif4e2,-0.06477791116446578,0.6549230333249496,50,0.053637454981992794
Eif4e3,0.11356542617046818,0.43229920121020293,50,-0.0009123649459783913
Eif4ebp1,0.1670148143293963,0.2463472732764538,50,0.32811524609843934
Eif4ebp2,0.0012965186074429772,0.992870286960601,50,-0.07034813925570228
Eif4enif1,-0.2669515943142528,0.06092256176237422,50,-0.35482244481883535
Eif4g1,0.2893157262905162,0.041566263619672326,50,0.3230252100840336
Eif4g2,0.027611044417767107,0.849044583975611,50,0.08148859543817527
Eif4g3,0.4015846338535414,0.003845388683426421,50,0.4569987995198079
Eif4h,-0.29939975990396156,0.03466510430822522,50,-0.22996398559423767
Eif5a,0.0168547418967587,0.9075140280511814,50,0.13363745498199278
Eif5b,0.19289315726290512,0.17956172563520612,50,-0.16331332533013204
Eif6,0.04528211284513805,0.754847106935656,50,0.03375750300120048
Eipr1,-0.021368547418967588,0.8829003832753773,50,0.02482593037214886
Elac2,-0.016182472989195677,0.9111878287690884,50,-0.0346218487394958
Elavl1,-0.03990396158463385,0.7832113995200589,50,0.039615846338535404
Elf1,0.008307322929171669,0.9543405947926975,50,0.05901560624249699
Elf2,-0.21517406962785113,0.1334415625322423,50,-0.23092436974789915
Elf3,0.13699879951980792,0.342768545038711,50,0.008691476590636255
Elk3,-0.0999783908665334,0.48968686388445964,50,-0.07188475390156063
Ell,-0.07687875150060022,0.5956601487472962,50,-0.016950780312124852
Elmo1,0.19452581032412963,0.1758363595790261,50,0.21402160864345737
Elmo2,-0.07889555822328932,0.5860178595409992,50,-0.07217286914765905
Elmo3,0.47975990396158463,0.00042275804708244213,50,0.5045378151260504
Elmod2,0.02040816326530612,0.8881289642599213,50,0.05258103241296518
Eloa,-0.057478991596638655,0.6917465678560473,50,-0.01906362545018007
Elob,-0.0168547418967587,0.9075140280511814,50,-0.048643457382953184
Eloc,-0.057382953181272504,0.692236057246644,50,-0.025306122448979586
Elovl1,0.08475390156062423,0.5584152018580083,50,0.06746698679471788
Elovl5,0.13238895558223288,0.35940638620830506,50,0.0860984393757503
Elp1,0.12902761104441776,0.37184237491477784,50,0.13939975990396156
Elp2,-0.07274909963985594,0.6156190279117519,50,-0.057478991596638655
Elp3,0.05901560624249699,0.6839318162727875,50,0.0008163265306122449
Elp5,0.24475390156062424,0.0867014140275496,50,0.23668667466986795
Elp6,0.26012004801920763,0.06809909216699352,50,0.22535414165666265
Emb,-0.337046818727491,0.016688564374540034,50,-0.28134453781512603
Emc1,-0.10463385354141658,0.46958885190595157,50,-0.052965186074429765
Emc10,-0.27097238895558223,0.05699083615940131,50,-0.24043217286914764
Emc2,0.06938775510204082,0.6320713133581387,50,0.11260504201680673
Emc3,-0.3126530612244898,0.027062237809797777,50,-0.2166146458583433
Emc4,-0.050660264105642255,0.7267994090773101,50,-0.100984393757503
Emc7,0.04057623049219687,0.7796497270001826,50,0.05815126050420167
Emc8,-0.11865546218487394,0.4118144807009118,50,-0.1266266506602641
Emcn,0.49435774309723884,0.00026330543268607927,50,0.5303721488595439
Emd,-0.06036014405762304,0.6771206626893103,50,-0.008211284513805522
Emg1,0.19923647632336552,0.16540104412719564,50,0.241398352971212
Emilin1,0.21853541416566627,0.1273365312209356,50,0.22122448979591836
Emilin2,0.2925810324129652,0.039217997254965914,50,0.2265066026410564
Eml1,0.16369747899159662,0.2559892820645514,50,0.24369747899159666
Eml2,0.12355342136854741,0.3926399851500462,50,0.13219687875150057
Eml3,-0.0658343337334934,0.6496574839593189,50,-0.06410564225690277
Eml4,0.21459783913565425,0.13450979405872054,50,0.21190876350540214
Eml6,0.08360144057623049,0.5637965755719512,50,0.04
Emp2,0.06352941176470588,0.6611674319092691,50,0.11490996398559422
Emsy,0.0168547418967587,0.9075140280511814,50,0.0007202881152460984
Enah,-0.1057863145258103,0.46468270311916715,50,-0.1007923169267707
Endog,-0.11414165666266506,0.42995190594090166,50,-0.2166146458583433
Eng,0.413109243697479,0.002866820545420913,50,0.3968787515006002
Engase,4.801920768307323e-05,0.9997359331556768,50,-0.14573829531812724
Enkd1,-0.14612244897959184,0.31127232542051414,50,-0.09205282112845137
Enkur,-0.11068427370948379,0.44414289895062775,50,-0.15399759903961585
Eno1,0.13027611044417767,0.3671934521667329,50,0.04998799519807923
Eno2,0.02665066026410564,0.8542372197436355,50,0.0823529411764706
Eno3,0.18751500600240098,0.19223473077865696,50,0.07966386554621849
Enoph1,-0.17503001200480192,0.22407754193573215,50,-0.1824249699879952
Enpep,0.4919567827130852,0.00028504641204179734,50,0.6048019207683073
Enpp1,0.00312124849939976,0.982836936740475,50,-0.028763505402160862
Enpp2,0.501656662665066,0.00020612918274510715,50,0.5275870348139255
Enpp3,0.36163265306122444,0.00986761610568803,50,0.38160864345738293
Enpp4,0.4880192076830732,0.00032424764030675434,50,0.4955102040816326
Enpp5,-0.13296518607442975,0.3573002104093525,50,-0.32811524609843934
Enpp6,0.23207683073229293,0.10485638505300567,50,0.23438175270108041
Ensa,0.19846338535414165,0.16708193665449922,50,0.1415126050420168
Entpd1,-0.13805522208883553,0.33902397036873677,50,-0.1528451380552221
Entpd2,-0.13887821744141376,0.3361244821230567,50,-0.22737640766236103
Entpd4,0.06074429771908763,0.6751792766208208,50,0.16369747899159662
Entpd5,0.08648259303721488,0.5503887713278364,50,0.12355342136854741
Entr1,0.06151260504201681,0.6713027870504038,50,-0.006770708283313325
Eny2,-0.04211284513805522,0.7715256708960064,50,0.011380552220888355
Eogt,0.1078031212484994,0.45616379804590335,50,0.18146458583433375
Ep300,-0.06237695078031212,0.6669518412899765,50,-0.07947178871548619
Ep400,-0.10828331332533012,0.45414809957987456,50,-0.03414165666266506
Epb41,0.11250900360144059,0.4366211844911016,50,0.13747899159663865
Epb41l1,0.022232893157262904,0.8781988742686199,50,-0.22036014405762305
Epb41l2,0.16004801920768308,0.2668862506154647,50,0.2775990396158463
Epb41l3,0.29911164465786316,0.03484821431436646,50,0.3195678271308523
Epb41l4a,0.3023769507803121,0.03281913735533106,50,0.29498199279711884
Epb41l4b,0.20509496032226904,0.15306198776106097,50,0.3159259526949679
Epb41l5,0.21834333733493394,0.12767961930458543,50,0.26905162064825927
Epb42,-0.0050420168067226885,0.9722783839866403,50,-0.2063385354141657
Epc1,-0.032220888355342134,0.8242118518362515,50,-0.07178871548619448
Epc2,-0.18626650660264102,0.19526554894028708,50,-0.10713085234093636
Epcam,0.00849939975990396,0.9532860417065242,50,0.05248499399759904
Epdr1,0.48657863145258107,0.0003397679827406819,50,0.579639855942377
Epg5,-0.10847539015606242,0.45334318393026024,50,-0.0385594237695078
Epha2,0.29286914765906363,0.039016143301081725,50,0.3129411764705882
Epha4,0.16388955582232892,0.2554241739435841,50,0.21978391356542618
Ephb3,0.07956782713085234,0.5828194220937315,50,0.14420168067226888
Ephb4,0.42012004801920766,0.002385713961472941,50,0.5034813925570227
Ephx1,0.01579831932773109,0.9132879741771157,50,0.03827130852340937
Ephx2,0.20393757503001197,0.15544424848919466,50,0.12192076830732293
Epm2a,0.11980792316926771,0.40725512665571495,50,0.18569027611044414
Epm2aip1,0.021656662665066023,0.8813327615638011,50,0.0011044417767106843
Epn1,-0.39524609843937575,0.00450007796195735,50,-0.31111644657863136
Epn2,0.1787755102040816,0.21416412716384056,50,0.2632893157262905
Epn3,0.2848019207683073,0.04500100829696284,50,0.24984393757502998
Eprs,-0.08350540216086433,0.564246113106247,50,0.1228811524609844
Eps15,-0.04518607442977191,0.7553509376892313,50,0.074093637454982
Eps15l1,0.14948379351740695,0.30015038431657165,50,0.05891956782713085
Eps8,0.24273709483793518,0.08941259155974239,50,0.14352941176470588
Eps8l1,0.19548619447779111,0.1736712133588322,50,0.15294117647058825
Eps8l2,0.34405762304921966,0.014424113408960337,50,0.3030492196878751
Epsti1,0.5184633853541416,0.00011481921041961786,50,0.4809123649459784
Eral1,-0.05018007202881152,0.7292899173439517,50,-0.1762785114045618
Erap1,0.22516206482593037,0.11592048023608921,50,0.2502280912364946
Erbb2,-0.22516206482593037,0.11592048023608921,50,-0.13939975990396156
Erbb3,0.22074429771908766,0.12344078378367741,50,0.17051620648259302
Erbin,0.08542617046818726,0.5552872740683678,50,0.2159423769507803
Erc1,0.003217286914765906,0.9823089250466962,50,-0.03990396158463385
Ercc1,0.04201680672268907,0.7720327241636067,50,0.07370948379351741
Ercc2,0.14804321728691477,0.30488511216865344,50,0.06967587034813925
Ercc3,-0.22717887154861943,0.11260551053865726,50,-0.27222088835534214
Ercc4,0.03784004418963896,0.7941732308000865,50,-0.008931787080295493
Ercc5,0.10943840191394313,0.4493193704664004,50,0.13171668667466988
Ercc6l,0.22612244897959183,0.1143327799675179,50,0.19596638655462184
Ercc8,0.01474189675870348,0.9190663559060632,50,-0.031164465786314523
Erf,0.02175270108043217,0.8808103207234205,50,-0.07034813925570228
Erg,0.16686674669867946,0.24677231048219184,50,0.16600240096038413
Erg28,-0.02770708283313325,0.84852566530385,50,0.05642256902761104
Ergic1,-0.15764705882352942,0.27422138532177265,50,-0.16312124849939974
Ergic2,-0.006962785114045618,0.9617245339673098,50,-0.04739495798319327
Ergic3,0.05478991596638655,0.7054987502780329,50,-0.059495798319327726
Erh,0.2004801920768307,0.16272280785347154,50,0.14496998799519806
Eri1,0.14717887154861942,0.30774885909918787,50,0.21719087635054019
Eri3,-0.06362545018007203,0.6606862752131101,50,-0.061896758703481394
Erich3,-0.008307322929171669,0.9543405947926975,50,0.054405762304921966
Erich5,-0.10376950780312125,0.47328657978140226,50,-0.16465786314525807
Erlec1,0.30506602641056424,0.03122257937359735,50,0.26108043217286914
Erlin1,-0.1059783913565426,0.4638677051409739,50,0.00907563025210084
Erlin2,0.02895558223289316,0.8417855841374466,50,0.08014405762304923
Ermp1,-0.0885954381752701,0.5406540272994341,50,-0.0468187274909964
Ero1a,-0.21815126050420167,0.12802340310515242,50,-0.13546218487394956
Ero1b,-0.1904921968787515,0.18514289624587627,50,-0.22391356542617047
Erp29,0.42146458583433366,0.0023020996882051822,50,0.11126050420168068
Erp44,0.027226890756302524,0.8511208900266356,50,0.2048019207683073
Errfi1,0.12566626650660262,0.3845332346500207,50,0.16139255702280914
Esam,0.17925570228091237,0.21291569069366897,50,0.1975030012004802
Esco1,-0.09282112845138055,0.5214381816304657,50,0.03212484993997599
Esd,0.07716686674669868,0.5942783968149362,50,0.15515006002400963
Esf1,-0.10617301738996412,0.4630426775598551,50,-0.1470828331332533
Esm1,0.683937575030012,4.3754095564542036e-08,50,0.6483073229291717
Esrp1,0.06285714285714285,0.6645393163266287,50,0.03404561824729892
Esrp2,-0.05959183673469387,0.6810096619651588,50,0.0710204081632653
Esrra,-0.07380552220888356,0.6104862086059221,50,-0.1433373349339736
Ess2,-0.23995198079231692,0.09326473978932293,50,-0.23476590636254502
Esyt1,0.0809123649459784,0.5764463261595072,50,-0.008307322929171669
Esyt2,-0.0398079231692677,0.7837205710688705,50,-0.07995198079231693
Esyt3,0.24801920768307323,0.08244864037247976,50,0.18165666266506603
Etf1,0.3213925570228091,0.0228544833199072,50,0.09512605042016806
Etfa,0.08072028811524609,0.5773548167040339,50,0.2643457382953181
Etfb,0.2800960384153661,0.048825138194323596,50,0.12182472989195677
Etfdh,0.04153661464585834,0.7745694009438486,50,0.012436974789915966
Etfrf1,-0.08014405762304923,0.5800841984627959,50,-0.1140456182472989
Ethe1,0.37210084033613444,0.0077932959202605175,50,0.3953421368547419
Etl4,0.25349339735894355,0.07568821446651765,50,0.18060024009603842
Etnk1,-0.19731092436974787,0.169610697501005,50,-0.19932773109243698
Ets1,0.07140456182472989,0.622178110780469,50,0.030492196878751498
Etv6,-0.04124849939975991,0.7760925281983944,50,-0.15351740696278512
Eva1b,0.1710924369747899,0.23483712233002998,50,0.12355342136854741
Evi5,0.013205282112845136,0.9274785890832614,50,0.02857142857142857
Evi5l,-0.07668667466986795,0.5965821041440148,50,0.0007202881152460984
Evl,0.46967587034813923,0.0005792734681065043,50,0.45478991596638657
Evpl,0.01531812725090036,0.9159139790947153,50,0.09118847539015605
Ewsr1,0.24417767106842736,0.08746939221873495,50,0.28230492196878754
Exd2,0.17243697478991593,0.23112401246788994,50,0.13863145258103243
Exoc1,0.1156782713085234,0.42372761683341886,50,0.165906362545018
Exoc2,0.06919567827130851,0.6330168945594253,50,0.11923169267707083
Exoc3,0.022905162064825933,0.8745450103974277,50,-0.10175270108043216
Exoc3l1,-0.40888355342136856,0.0031965420499084824,50,-0.34194477791116445
Exoc3l4,0.1388235294117647,0.33631667236623025,50,0.2682833133253301
Exoc4,-0.04297822277884121,0.7669610291064551,50,-0.07039784870813542
Exoc5,0.059495798319327726,0.6814963672758616,50,0.09118847539015605
Exoc6,-0.15222454325019735,0.29127417153933644,50,-0.06381752701080431
Exoc6b,-0.005618247298919568,0.9691116537775033,50,0.11222088835534214
Exoc7,0.0823529411764706,0.5696535539896701,50,0.10271308523409363
Exoc8,-0.06434728326664495,0.6570742166227019,50,-0.13416888764701937
Exog,0.0910924369747899,0.5292578818589984,50,0.1007923169267707
Exosc1,-0.033661464585834334,0.8164852492044423,50,-0.10607442977190876
Exosc10,0.02645858343337335,0.8552764883233676,50,0.1169267707082833
Exosc2,0.18209320757247582,0.20564237949439018,50,0.11923169267707083
Exosc3,0.018679471788715485,0.8975521529759434,50,-0.08340936374549819
Exosc4,0.05325330132052821,0.7133995116982279,50,-0.09839135654261706
Exosc5,-0.04825930372148859,0.7392794043763776,50,-0.050756302521008406
Exosc6,-0.03279711884753902,0.8211191874364518,50,0.08965186074429772
Exosc7,-0.037022809123649456,0.7985247425794066,50,0.11817527010804323
Exosc8,-0.020024009603841535,0.8902217299271966,50,-0.18261704681872748
Exosc9,0.14631452581032411,0.3106297864850381,50,-0.08081632653061224
Exph5,0.17656662665066022,0.21997275812295494,50,0.17819927971188473
Ext1,0.07668667466986795,0.5965821041440148,50,0.019543817527010805
Ext2,0.20528211284513803,0.15267930910684924,50,0.11683073229291716
Extl3,-0.14660264105642254,0.309667568589861,50,-0.07457382953181273
Eya3,-0.06612244897959184,0.6482243474823959,50,0.019735894357743092
Eya4,0.22103241296518605,0.12293935979895941,50,0.22756302521008404
Ezh1,-0.09138055222088834,0.5279505989977,50,-0.0857142857142857
Ezr,-0.10933973589435773,0.4497307287809592,50,-0.043073229291716676
F10,0.11300004854504096,0.4346092549165379,50,0.20607021177508322
F11,0.08129651860744297,0.5746313067554828,50,0.05315726290516206
F11r,0.18424969987995196,0.2002328874502069,50,0.21114045618247296
F13a1,-0.004945978391356542,0.9728062148102008,50,0.027130852340936373
F2,0.002064825930372149,0.9886454966383466,50,0.02674669867947179
F2r,0.12115246098439375,0.40197290080277515,50,0.19279711884753903
F3,-0.09579831932773109,0.5081072585030242,50,-0.05334933973589436
F5,-0.029051620648259304,0.8412675746780208,50,-0.01579831932773109
F8,0.1495798319327731,0.2998364329090326,50,0.13891956782713086
F8a1,-0.05238895558223289,0.7178568695076138,50,-0.1361344537815126
FAM120C,0.0528704170720717,0.7153728548846161,50,0.22343337334933971
Fabp3,-0.14247298919567825,0.32364166037575187,50,-0.03452581032412965
Fabp4,0.6462905162064825,3.989471322283544e-07,50,0.5944297719087634
Fabp5,0.3917887154861945,0.004896845837755651,50,0.47716686674669867
Fadd,0.1771428571428571,0.21844701956592896,50,0.165906362545018
Fads1,0.3452100840336134,0.014078208803906147,50,0.3260984393757503
Fads2,0.27702280912364946,0.05146214333689354,50,0.2749099639855942
Fads3,0.04950780312124849,0.7327812756088922,50,0.25387755102040815
Faf1,0.05786314525810324,0.689789858987514,50,-0.12979591836734694
Faf2,0.06391356542617047,0.6592436204488078,50,0.01771908763505402
Fah,0.44384153661464587,0.0012439961068129615,50,0.38737094837935176
Fahd1,-0.02444177671068427,0.8662031611964573,50,-0.01474189675870348
Fahd2a,-0.07812725090036014,0.5896828407810075,50,-0.12076830732292916
Faim,0.3728691476590636,0.007657193166743712,50,0.2696278511404562
Fam102a,-0.2415846338535414,0.09099125374567163,50,-0.1367106842737095
Fam102b,-0.08072028811524609,0.5773548167040339,50,0.05142857142857142
Fam104a,0.003601440576230492,0.9801969555584257,50,-0.09253301320528211
Fam104b,0.28451380552220884,0.04522788763937883,50,0.3001680672268907
Fam107a,0.27683073229291716,0.051630714887658205,50,0.24388955582232894
Fam107b,0.015702280912364946,0.913813102725811,50,0.17042016806722687
Fam110b,0.1736854741896759,0.22771247189348967,50,0.23745498199279708
Fam114a1,-0.01906362545018007,0.8954568551591776,50,-0.08100840336134453
Fam117a,0.02674669867947179,0.8537176771711391,50,0.03759903961584634
Fam117b,0.16667466986794718,0.24732441964392568,50,0.14573829531812724
Fam118b,0.027130852340936373,0.8516401233148821,50,-0.053061224489795916
Fam120a,0.0319327731092437,0.8257591788134112,50,-0.018487394957983194
Fam120b,-0.0387515006002401,0.7893273335649745,50,0.03519807923169268
Fam126a,0.2988235294117647,0.03503212327075406,50,0.3104441776710684
Fam126b,-0.09234315352370015,0.5235945181906778,50,0.0672749099639856
Fam133b,-0.05046818727490996,0.7277952785933703,50,0.01752701080432173
Fam135a,0.35462184873949576,0.011509263135750614,50,0.21027611044417766
Fam136a,0.18895558223289313,0.18877942614349424,50,0.030876350540216087
Fam13a,0.24773109243697478,0.0828171679382903,50,0.22516206482593037
Fam13c,-0.05056422569027611,0.7272972880782103,50,-0.037791116446578635
Fam151a,-0.12960384153661464,0.36969234346578317,50,-0.10290516206482593
Fam151b,0.06996398559423768,0.629238068862309,50,-0.01157262905162065
Fam161a,0.09925570228091235,0.4928464528193353,50,-0.04777911164465786
Fam162a,0.1773349339735894,0.21794008015588454,50,0.2010564225690276
Fam168a,-0.29920768307322926,0.034787088999689665,50,-0.28528211284513805
Fam171a1,0.3568307322929172,0.01096841848005881,50,0.33099639855942375
Fam171a2,0.11913565426170468,0.40991119738674603,50,0.1413205282112845
Fam172a,0.15486194477791115,0.28289570390531826,50,0.16168067226890756
Fam177a1,-0.14967587034813923,0.29952269363966594,50,-0.17042016806722687
Fam183a,0.04364945978391356,0.7634258044868907,50,0.0182953181272509
Fam184a,-0.3225527624642194,0.022339679764086014,50,-0.2797118847539015
Fam189a2,0.0656422569027611,0.6506136065722468,50,-0.018103241296518604
Fam193a,-0.12153661464585833,0.40047103688202323,50,-0.1296998799519808
Fam20b,-0.056806722689075634,0.6951756021337345,50,0.06477791116446578
Fam210a,0.07678271308523409,0.5961210477982914,50,0.15294117647058825
Fam210b,-0.09915966386554621,0.49326712687897634,50,-0.006866746698679471
Fam216b,-0.04460984393757503,0.7583760319995217,50,-0.09051620648259305
Fam219a,0.23217286914765903,0.10470864900474017,50,0.24360144057623048
Fam219b,0.026554621848739496,0.8547568235322907,50,-0.06151260504201681
Fam221a,0.08657863145258103,0.5499444767025348,50,0.011284513805522207
Fam222b,0.12854741896758703,0.3736397902834093,50,-0.07361344537815126
Fam241a,0.18194477791116445,0.2060184559270741,50,0.1582232893157263
Fam241b,0.07274909963985594,0.6156190279117519,50,-0.11010804321728691
Fam32a,-0.28585834333733495,0.04417705387559503,50,-0.19846338535414165
Fam3b,0.469483793517407,0.0005827049222695692,50,0.34972388955582234
Fam3c,-0.007058823529411764,0.9611969970014109,50,-0.02665066026410564
Fam43a,0.06785114045618247,0.6396521614613111,50,0.1568787515006002
Fam50a,0.12931572629051621,0.3707664223103757,50,0.11202881152460985
Fam53b,0.18578631452581032,0.1964402341388477,50,0.018391356542617046
Fam76a,0.19375750300120048,0.17758245915537443,50,0.13872749099639856
Fam76b,-0.018967587034813924,0.8959806139736753,50,0.06103241296518607
Fam81b,-0.31476590636254503,0.025989852434777416,50,-0.3138055222088835
Fam83h,0.0387515006002401,0.7893273335649745,50,-0.03932773109243697
Fam89b,0.14535414165666266,0.3138509628970513,50,0.18463385354141656
Fam8a1,-0.09176470588235294,0.5262100377727071,50,0.16830732292917167
Fam91a1,-0.0954141656662665,0.5098175929424354,50,-0.1406482593037215
Fam98a,0.10376950780312125,0.47328657978140226,50,0.07524609843937576
Fam98c,-0.24533013205282111,0.08593871739789644,50,-0.25138055222088834
Fank1,-0.04211284513805522,0.7715256708960064,50,-0.104921968787515
Far1,-0.24399145244613651,0.08771871027035022,50,-0.3017119259435299
Farp1,0.35414165666266506,0.011629823216863056,50,0.3097719087635054
Farp2,0.006770708283313325,0.9627796563599009,50,-0.11183673469387755
Fars2,-0.2790396158463385,0.049718930824860084,50,-0.16139255702280914
Farsa,0.04230492196878751,0.7705118480395501,50,-0.039615846338535404
Farsb,0.01819927971188475,0.90017224670718,50,0.023673469387755098
Fas,-0.23255702280912363,0.10411930458831185,50,-0.13642256902761105
Fasn,0.4431692677070828,0.0012679884089073187,50,0.4197358943577431
Fastkd2,0.17387755102040817,0.2271907201899618,50,0.1845378151260504
Fat1,0.23539580789036824,0.0998429924137927,50,0.16283313325330132
Fau,-0.17464585834333732,0.22511196898944325,50,-0.10501800720288115
Fbf1,0.06775510204081632,0.6401271870153562,50,0.2028811524609844
Fbh1,-0.17853970088461635,0.21477906844235356,50,-0.28086434573829533
Fbl,0.3023769507803121,0.03281913735533106,50,0.32725090036014404
Fblim1,0.11433373349339734,0.4291710699856449,50,0.11490996398559422
Fbln1,0.09618247298919569,0.5063998437393995,50,0.05555822328931572
Fbln2,0.0857142857142857,0.5539492757656787,50,0.01906362545018007
Fbln5,0.1253781512605042,0.385632824538144,50,0.016086434573829533
Fbn1,0.021368547418967588,0.8829003832753773,50,-0.07150060024009604
Fbp1,0.556782713085234,2.6794012788961724e-05,50,0.5188475390156062
Fbp2,0.061992797118847545,0.6688842666153456,50,0.12441776710684273
Fbxl15,0.07466986794717888,0.6063003632626257,50,-0.015510204081632653
Fbxl17,-0.06737094837935174,0.6420287162643779,50,-0.05594237695078031
Fbxl18,-0.19106842737094837,0.18379221989363928,50,-0.12921968787515006
Fbxl20,0.2113325330132053,0.14068434480472383,50,0.10319327731092437
Fbxl3,-0.11183673469387755,0.4393840392524576,50,-0.13104441776710685
Fbxl4,-0.08427370948379351,0.5606545008835909,50,-0.13123649459783912
Fbxl8,-0.13829863866263986,0.33816477764139724,50,-0.1291236494597839
Fbxo10,0.1183673469387755,0.4129588830475173,50,0.15495798319327728
Fbxo11,0.1603361344537815,0.26601490190582555,50,0.07774309723889555
Fbxo21,0.11289315726290516,0.43504677226945127,50,0.14391356542617048
Fbxo22,0.13863145258103243,0.3369922306980507,50,0.11327731092436974
Fbxo28,-0.2276590636254502,0.11182700408126085,50,-0.0642016806722689
Fbxo3,0.1119327731092437,0.43898875164931767,50,0.13603841536614644
Fbxo30,-0.24465786314525811,0.08682904301195563,50,-0.15515006002400963
Fbxo38,-0.11587034813925569,0.4229531870434041,50,-0.19577430972388954
Fbxo4,-0.21556339894326051,0.132723420163154,50,-0.20489795918367346
Fbxo40,-0.03683073229291716,0.7995483749133704,50,-0.02175270108043217
Fbxo42,0.0995942279813594,0.4913651053515098,50,0.09676102670320115
Fbxo45,-0.08283512211564367,0.5673882099998597,50,-0.008211284513805522
Fbxo6,0.11222088835534214,0.4378040765238864,50,0.07322929171668667
Fbxo7,-0.20912364945978393,0.14497932415054846,50,0.03385354141656663
Fbxo9,0.03135654261704682,0.8288557940899515,50,0.08225690276110444
Fbxw11,0.09579831932773109,0.5081072585030242,50,0.17685474189675868
Fbxw17,0.09791116446578632,0.498752792431235,50,0.07342136854741896
Fbxw2,0.03644657863145258,0.8015966387938372,50,0.06785114045618247
Fbxw5,0.05594237695078031,0.6995932396929486,50,0.00936374549819928
Fbxw8,0.0050420168067226885,0.9722783839866403,50,0.00475390156062425
Fbxw9,0.17887154861944776,0.21391403181490395,50,0.0844657863145258
Fcer1g,0.2719327731092437,0.056082639792556024,50,0.43049219687875145
Fcgbp,-0.2138295318127251,0.13594404412591776,50,-0.23476590636254502
Fcgr1a,0.31111644657863136,0.02786517191913719,50,0.362016806722689
Fcgr2b,0.5884753901560623,6.970041111394262e-06,50,0.586266506602641
Fcgr3a,0.6011524609843937,3.9047877516268675e-06,50,0.5624489795918367
Fcgrt,0.0712124849939976,0.6231175145698026,50,-0.01503001200480192
Fcho2,0.050660264105642255,0.7267994090773101,50,-0.16581032412965185
Fchsd1,-0.026362545018007204,0.8557962139030558,50,-0.0722689075630252
Fchsd2,0.10588235294117646,0.46427510774287944,50,0.046626650660264106
Fcna,0.013877551020408161,0.9237972168124924,50,0.03759903961584634
Fcnb,0.8028331332533013,2.337273098056826e-12,50,0.7083313325330132
Fcsk,0.26540216086434576,0.06249455113255758,50,0.35462184873949576
Fdft1,0.09483793517406962,0.5123885537518271,50,0.19865546218487393
Fdps,0.1950060024009604,0.17475136273908423,50,0.12115246098439375
Fdx1,-0.24638655462184872,0.08455408313793081,50,-0.28758703481392556
Fdx2,0.013877551020408161,0.9237972168124924,50,-0.018967587034813924
Fdxr,0.2896038415366146,0.04135453280523868,50,0.2471548619447779
Fech,0.1594717887154862,0.2686346453491613,50,0.05623049219687875
Fem1a,0.11250900360144059,0.4366211844911016,50,0.2217046818727491
Fem1b,0.0902280912364946,0.5331892722160607,50,0.005714285714285714
Fen1,0.1900120048019208,0.18627387932021158,50,0.07803121248499399
Fer,0.11250900360144059,0.4366211844911016,50,0.07649459783913565
Fermt2,0.1264345738295318,0.38161008759856646,50,0.13555822328931572
Fermt3,0.23054021608643455,0.10724201363945662,50,0.27615846338535416
Fes,0.512124849939976,0.0001436858660196023,50,0.4998319327731093
Fetub,-0.04009603841536614,0.7821933263092732,50,0.09791116446578632
Fez2,0.19481392557022806,0.17518477928606702,50,0.1543817527010804
Fgd2,0.4783193277310924,0.00044247800150930153,50,0.3381992797118847
Fgd3,0.3999519807923169,0.00400546139204348,50,0.31803121248499394
Fgd4,-0.03654261704681872,0.8010844484336721,50,-0.07082833133253301
Fgd5,0.4182953181272509,0.0025034914889802916,50,0.4294357743097239
Fgd6,-0.08869147659063625,0.5402135277453415,50,-0.046530612244897955
Fgf1,0.09349339735894358,0.5184128148804314,50,-0.007346938775510203
Fgf2,-0.20364945978391355,0.15604149348152205,50,-0.23015606242497
Fgfbp1,0.23918367346938774,0.09434977204710765,50,0.20364945978391355
Fgfr1,0.26055847686926525,0.06761918290660969,50,0.2566626650660264
Fgfr1op2,0.1251860744297719,0.3863669167136145,50,0.09339735894357742
Fgfr2,0.3825690276110444,0.006108280162309339,50,0.32869147659063624
Fgfr3,0.07534213685474188,0.603053327134776,50,0.24629051620648257
Fgg,-0.36470588235294116,0.009214270856045623,50,-0.29911164465786316
Fggy,-0.03644657863145258,0.8015966387938372,50,0.006962785114045618
Fgl1,0.0041776710684273705,0.9770292578143899,50,-0.08513805522208882
Fgl2,0.043937575030012,0.7619098383988592,50,-0.0346218487394958
Fgr,0.6904681872749099,2.8835740602728986e-08,50,0.6815366146458584
Fh,0.12076830732292916,0.40347803149755296,50,0.11519807923169266
Fhad1,-0.11116446578631452,0.44215658726836515,50,-0.08168067226890756
Fhip1a,0.3536614645858343,0.011751466464385055,50,0.3500120048019208
Fhip1b,-0.11260504201680673,0.43622728373592484,50,-0.0875390156062425
Fhip2a,0.1787755102040816,0.21416412716384056,50,0.26818727490996397
Fhl1,0.35106842737094834,0.012427392102103297,50,0.48878751500600237
Fhl2,-0.11375750300120048,0.431515972119501,50,-0.1309483793517407
Fhl3,0.010036014405762305,0.9448526178752373,50,0.01282112845138055
Fhl4,-0.16648259303721488,0.2478773657410322,50,-0.1510204081632653
Fhod1,-0.04326530612244897,0.765448458884893,50,-0.07697478991596637
Fibp,0.22362545018007202,0.1184956263697056,50,0.21248499399759901
Fig4,-0.13330452115537786,0.35606343782333616,50,-0.0004321832458207496
Filip1,-0.10309723889555823,0.4761732784367937,50,-0.013973589435774309
Filip1l,0.27942376950780307,0.04939239054387864,50,0.2664585834333733
Fip1l1,0.04096038415366146,0.7776164897616292,50,0.11481392557022808
Fis1,-0.1996158463385354,0.16458072099769272,50,-0.22352941176470587
Fiz1,-0.03202881152460984,0.8252433300244186,50,0.025498199279711888
Fkbp10,0.0811044417767107,0.5755384891432878,50,0.2864345738295318
Fkbp14,-0.01157262905162065,0.9364251750505506,50,0.0331812725090036
Fkbp15,-0.03452581032412965,0.8118575157889591,50,-0.1348859543817527
Fkbp1a,0.11615846338535413,0.4217930485541134,50,0.09349339735894358
Fkbp2,0.011236764391339488,0.938266641515586,50,0.07236668349465218
Fkbp3,-0.14516206482593036,0.3144977424473507,50,-0.24100840336134452
Fkbp4,0.18415366146458584,0.2004716349922025,50,0.14285714285714285
Fkbp5,0.3554861944777911,0.01129495976188057,50,0.28720288115246095
Fkbp7,0.13599366135159585,0.346355004915294,50,0.10915027975006264
Fkbp8,0.10876350540216086,0.4521372736654675,50,0.1007923169267707
Fkbp9,0.2138295318127251,0.13594404412591776,50,0.26108043217286914
Fkbpl,-0.19424235881610355,0.17647909872634027,50,-0.14482940771059785
Flad1,0.10184873949579833,0.4815589851045538,50,0.10108043217286913
Flcn,-0.0823529411764706,0.5696535539896701,50,-0.03202881152460984
Fli1,0.12163265306122449,0.4000960817516467,50,0.20451380552220885
Flii,-0.12115246098439375,0.40197290080277515,50,-0.0331812725090036
Flna,0.09310924369747899,0.5201405194399773,50,0.12470588235294117
Flnb,0.33906362545018,0.01600813289296646,50,0.410516206482593
Flnc,0.10252100840336134,0.4786550085874231,50,0.10905162064825931
Flot1,0.0022569027611044415,0.9875893427487413,50,-0.030204081632653063
Flot2,0.07899159663865546,0.585560457424426,50,0.07073229291716686
Flrt3,0.35327731092436976,0.011849566194139523,50,0.4258823529411764
Flt1,0.2035534213685474,0.15624094928301424,50,0.08062424969987995
Flt4,0.026074429771908762,0.8573557532345867,50,0.09464585834333733
Flvcr2,0.40494597839135654,0.003533441253730952,50,0.413109243697479
Flywch1,0.13546218487394956,0.3482606980309426,50,0.07543817527010806
Fmc1,-0.00744297719087635,0.9590870158850027,50,-0.014357743097238897
Fmn1,0.11553698771608038,0.42429776701290234,50,0.05046818727490996
Fmnl1,0.7051620648259302,1.0833091240962668e-08,50,0.7106362545018007
Fmnl2,0.044274772516303455,0.7601367413605894,50,-0.07697663811674016
Fmnl3,0.20297719087635052,0.1574416181089488,50,0.20240096038415364
Fmo1,0.3415606242496999,0.015198538491402167,50,0.3922689075630252
Fmo2,0.1936614645858343,0.1778015975058732,50,0.2430252100840336
Fmo3,0.13056422569027612,0.3661256266302638,50,0.11990396158463384
Fmo4,-0.1210564225690276,0.40234887735594355,50,-0.04345738295318128
Fmo5,0.2919087635054021,0.03969233032162217,50,0.3610564225690276
Fmod,-0.1328691476590636,0.3576507160616057,50,-0.07524609843937576
Fmr1,0.2059543817527011,0.1513105061052847,50,0.022232893157262904
Fn1,0.14516206482593036,0.3144977424473507,50,0.18309723889555823
Fn3k,0.09051620648259305,0.531877221666068,50,0.025978391356542615
Fn3krp,0.21421368547418965,0.1352254965194922,50,0.24398559423769509
Fnbp1,-0.023673469387755098,0.8703723399762501,50,0.08715486194477791
Fnbp1l,0.23121248499399757,0.1061932294210943,50,0.2121968787515006
Fnbp4,-0.018103241296518604,0.9006963927911024,50,-0.033565426170468184
Fndc3a,-0.08984393757503001,0.534941134536109,50,-0.13843937575030013
Fndc3b,-0.01935174069627851,0.8938858443371016,50,0.06477791116446578
Fnta,-0.21027611044417766,0.14272649075983895,50,-0.10108043217286913
Fntb,0.06775510204081632,0.6401271870153562,50,0.2028811524609844
Focad,0.2527250900360144,0.07660971022308191,50,0.25531812725090036
Folr2,0.19490996398559424,0.1749679740279985,50,0.11577430972388955
Fosl2,-0.15361344537815122,0.2868419996620879,50,-0.018007202881152456
Foxf1,0.2395678271308523,0.0938060376520109,50,0.26521008403361346
Foxj2,-0.02857142857142857,0.8438582830868868,50,0.09387755102040815
Foxj3,0.39130852340936373,0.004954306889655004,50,0.3204321728691476
Foxk1,-0.026842737094837935,0.8531981960284638,50,0.004849939975990396
Foxk2,-0.25704681872749097,0.07153966551719536,50,-0.2615606242496999
Foxn3,0.22122448979591836,0.12260593393679703,50,0.3006482593037215
Foxo1,0.301704681872749,0.033228680538931604,50,0.23611044417767107
Foxo3,-0.012917166866746698,0.9290567848678867,50,-0.11721488595438176
Foxp1,0.060840336134453776,0.6746942563131716,50,-0.0751500600240096
Foxp4,0.3522208883553421,0.012122973568062655,50,0.2430252100840336
Fpgs,-0.19241758511152707,0.18065748654768676,50,-0.1582232893157263
Fpgt,0.03577430972388955,0.8051842722231624,50,0.10809123649459784
Fra10ac1,0.04643457382953182,0.7488090704314575,50,0.04470588235294118
Fras1,0.3506842737094838,0.012530310804366491,50,0.35971188475390153
Frem2,0.18617046818727492,0.1955000860451825,50,0.20960384153661463
Frg1,0.3603928066538584,0.010142295488602111,50,0.3494357743097239
Frk,-0.0468187274909964,0.7467996811509177,50,-0.11068427370948379
Frmd4b,0.005618247298919568,0.9691116537775033,50,-0.04153661464585834
Frmd6,0.30698679471788715,0.030122133614299818,50,0.24897959183673468
Frmd8,0.13200797141791562,0.36080305759851533,50,0.15899159663865545
Frs2,-0.016950780312124852,0.9069893539372285,50,-0.0005282112845138055
Fry,-0.0010084033613445378,0.9944546394031878,50,-0.01819927971188475
Fryl,0.09858343337334932,0.4957950768954383,50,0.14516206482593036
Frzb,0.06074429771908763,0.6751792766208208,50,-0.03010804321728691
Fscn1,0.25935174069627853,0.06894662692349268,50,0.2930612244897959
Fsd1l,0.09214885954381752,0.5244723206491533,50,-0.018007202881152456
Fst,0.3357022809123649,0.01715571616188136,50,0.5021368547418967
Fstl1,0.17781512605042016,0.21667631577638835,50,0.13373349339735893
Fstl3,0.4345258103241297,0.0016154583163301062,50,0.47553421368547416
Fth1,-0.4814885954381752,0.0004001446394377712,50,-0.5418007202881152
Fto,-0.06180072028811524,0.6698512773118432,50,-0.018007202881152456
Ftsj1,-0.003985594237695078,0.9780851204760453,50,0.08312124849939975
Ftsj3,-0.1051140456182473,0.46754126104211324,50,0.09723889555822329
Fubp1,0.39611044417767105,0.004405405691123651,50,0.21440576230492195
Fubp3,-0.019255702280912366,0.8944094701222107,50,0.0018727490996398558
Fuca1,0.41944777911164466,0.0024285216859734463,50,0.38266506602641054
Fuca2,-0.09887154861944776,0.49453026557183105,50,-0.03625450180072028
Fundc1,-0.08677070828331333,0.5490564011370141,50,0.002352941176470588
Fundc2,0.11001200480192078,0.4469320031335666,50,0.16139255702280914
Fuom,0.08369747899159663,0.5633472052035943,50,0.23860744297719086
Furin,-0.1367106842737095,0.3437942183463451,50,-0.1398799519807923
Fus,-0.19884753901560623,0.1662451438859902,50,-0.3176470588235294
Fut11,0.1761867032129256,0.22098275733856004,50,0.07620648259303721
Fut8,0.06602641056422569,0.6487019197630061,50,0.002352941176470588
Fxn,0.03692677070828331,0.7990365169421094,50,0.03212484993997599
Fxr1,0.06285714285714285,0.6645393163266287,50,0.01666266506602641
Fxr2,0.04086434573829532,0.7781246614190953,50,0.018391356542617046
Fxyd2,-0.007250900360144057,0.9601419726471438,50,0.04470588235294118
Fyb1,0.2776950780312125,0.05087565218314387,50,0.29382953181272503
Fyco1,0.24062424969987994,0.09232331168907343,50,0.19846338535414165
Fyn,0.16110444177671068,0.2637005848294606,50,0.18559423769507805
Fyttd1,-0.045474189675870344,0.7538397485818784,50,0.0658343337334934
Fzd1,-0.02040816326530612,0.8881289642599213,50,0.13747899159663865
Fzd2,0.24600240096038412,0.08505555002909099,50,0.2703001200480192
Fzd4,0.37277310924369744,0.007674092420772151,50,0.2921968787515006
Fzd6,0.2093157262905162,0.14460203159540103,50,0.1714765906362545
Fzd7,0.19202881152460982,0.18155682148109725,50,0.14160864345738294
G3bp1,0.10434573829531814,0.4708197065636108,50,0.16100840336134453
G3bp2,-0.021656662665066023,0.8813327615638011,50,-0.04326530612244897
G4,0.17887154861944776,0.21391403181490395,50,0.18069627851140455
G6pc3,0.0751500600240096,0.6039802784986892,50,0.0683313325330132
G6pd,0.41810324129651855,0.002516183751040863,50,0.40004801920768307
Gaa,0.5241296518607442,9.360572595714403e-05,50,0.4523889555822329
Gab1,-0.12192076830732293,0.3989724432787403,50,-0.1670588235294118
Gab2,-0.15649459783913564,0.27778917221580823,50,-0.1431452581032413
Gabarap,0.14535414165666266,0.3138509628970513,50,0.25983193277310923
Gabarapl1,0.010516206482593037,0.942218356661114,50,0.035390156062424974
Gabarapl2,0.19769507803121247,0.16876470872480315,50,0.09589435774309724
Gabpa,0.18088835534213688,0.20870909358909023,50,0.29478991596638654
Gabpb1,-0.2869147659063625,0.043365470010532536,50,-0.20393757503001197
Gabpb2,-0.07659063625450178,0.5970433176389746,50,-0.08830732292917168
Gadd45gip1,0.04317030422142821,0.765948904535998,50,0.04211284513805522
Gak,0.02444177671068427,0.8662031611964573,50,-0.00312124849939976
Galc,0.16888355342136854,0.24102563002513044,50,0.15764705882352942
Gale,0.03270108043217287,0.8216344458929444,50,0.06381752701080431
Galk1,-0.056038415366146455,0.6991019013727332,50,-0.08100840336134453
Galk2,0.17099639855942375,0.2351039005315283,50,0.01771908763505402
Galm,0.06055222088835534,0.6761497090336853,50,-0.03654261704681872
Galns,0.03558223289315726,0.8062100437659906,50,0.09723889555822329
Galnt1,-0.035390156062424974,0.8072361382587281,50,-0.005330132052821128
Galnt10,0.12009603841536615,0.40611986004781697,50,0.13623049219687874
Galnt11,-0.014549819927971188,0.9201174243821219,50,-0.01666266506602641
Galnt12,-0.0728451380552221,0.6151516497621463,50,-0.09157262905162064
Galnt18,0.14429771908763506,0.31741874303886103,50,0.14583433373349342
Galnt2,-0.027899159663865542,0.8474880188601623,50,-0.02665066026410564
Galnt3,0.06871548619447777,0.6353833869583805,50,0.11673469387755102
Galnt7,0.24235876018414698,0.0899284687320979,50,0.27663865546218486
Galt,-0.009843937575030014,0.9459064874660708,50,0.06804321728691476
Gamt,0.2630972388955582,0.06489295399449564,50,0.25301320528211285
Gan,0.3494357743097239,0.012869858179957597,50,0.19308523409363745
Ganab,-0.06996398559423768,0.629238068862309,50,-0.04701080432172868
Ganc,-0.06852340936374549,0.6363309963298318,50,0.0059063625450180065
Gapdh,0.2961344537815126,0.036787601628564245,50,0.3513565426170468
Gapvd1,0.14660264105642254,0.309667568589861,50,0.13939975990396156
Gar1,-0.2134453781512605,0.1366654425633772,50,-0.14890756302521005
Garre1,0.29334933973589433,0.03868161915139682,50,0.31150060024009607
Gars1,0.2572388955582233,0.0713206663483974,50,0.1280672268907563
Gart,0.08024009603841536,0.5796288950060168,50,0.023001200480192076
Gas1,-0.0914765906362545,0.5275151924652707,50,-0.09339735894357742
Gas2l1,0.07505402160864347,0.6044439864509824,50,0.15217286914765904
Gas2l2,0.21008907782953104,0.14309032295883967,50,0.2405282112845138
Gas6,0.22208883553421366,0.12111397811759446,50,0.21046818727490996
Gas7,0.23399759903961587,0.10193196483607757,50,0.1707082833133253
Gas8,-0.08350540216086433,0.564246113106247,50,-0.04153661464585834
Gask1b,0.11346938775510206,0.4326911145065585,50,0.2558943577430972
Gata2,0.3044897959183674,0.0315591528067007,50,0.3466506602641056
Gata6,-0.0887875150060024,0.5397732021211107,50,-0.06429771908763504
Gatad1,-0.07649459783913565,0.5975046881375029,50,-0.04163265306122449
Gatad2a,-0.16475390156062425,0.2528915826071131,50,-0.04067226890756302
Gatad2b,0.09339735894357742,0.5188444715693142,50,0.05478991596638655
Gatb,0.23966386554621846,0.09367048501769663,50,0.21229291716686674
Gatc,0.39409363745498194,0.004629080956845648,50,0.29459783913565424
Gatd1,0.01531812725090036,0.9159139790947153,50,-0.05162064825930372
Gatd3a,-0.24129651860744294,0.09138929013326061,50,-0.3425210084033613
Gatm,0.14967587034813923,0.29952269363966594,50,0.21959183673469387
Gba,-0.1373829531812725,0.34140393033004296,50,-0.15524609843937573
Gba2,0.0036974789915966387,0.9796689836275797,50,0.10127250900360144
Gbe1,0.17685474189675868,0.21920896593046252,50,0.2903721488595438
Gbf1,-0.011188475390156062,0.9385314251981255,50,0.10319327731092437
Gbp1,0.5387274909963985,5.437038248765508e-05,50,0.5450660264105642
Gbp2,0.16158463385354138,0.26226098716524576,50,0.3907322929171668
Gbp5,0.28864345738295316,0.042063759660892736,50,0.35942376950780314
Gbp6,0.6339975990396158,7.70029720552085e-07,50,0.599327731092437
Gca,0.135078031212485,0.3496421518419177,50,0.21190876350540214
Gcat,-0.08187274909963986,0.5719136983199204,50,-0.0013925570228091237
Gcc1,-0.10924369747899158,0.45013133056791826,50,-0.0846578631452581
Gcc2,0.04451380552220888,0.7588805641932979,50,-0.17819927971188473
Gcdh,-0.07870348139255702,0.5869331449844367,50,-0.10031212484993997
Gcfc2,-0.026074429771908762,0.8573557532345867,50,-0.02357743097238895
Gch1,0.3649939975990396,0.009154981831268179,50,0.41589435774309724
Gchfr,0.18828331332533013,0.1903863413266607,50,0.1078031212484994
Gckr,0.30929171668667466,0.028844388706608777,50,0.2868187274909964
Gclc,-0.03615846338535413,0.8031337045668979,50,-0.046530612244897955
Gclm,-0.21430972388955583,0.13504630439439766,50,-0.17493397358943577
Gcn1,0.041152460984393756,0.7766004229514096,50,-0.011956782713085232
Gcnt2,-0.029051620648259304,0.8412675746780208,50,0.1262424969987995
Gcsh,0.021368547418967588,0.8829003832753773,50,-0.043169267707082834
Gda,0.12888664797587687,0.37236947707431856,50,0.28067226890756297
Gdap1,0.12316926770708284,0.3941246415594056,50,0.24120048019207685
Gdap2,-0.05267707082833133,0.7163700413625802,50,-0.11058823529411764
Gde1,0.3030492196878751,0.032413787490994744,50,0.22689075630252098
Gdi1,0.28672268907563025,0.04351211659293054,50,0.35606242496998797
Gdi2,-0.17944777911164464,0.21241774359650503,50,-0.1863625450180072
Gdpd1,0.0027370948379351738,0.9849490540846748,50,0.09887154861944776
Gemin2,0.05258103241296518,0.7168655353747643,50,0.13133253301320527
Gemin4,-0.1624489795918367,0.25968298059851147,50,0.050756302521008406
Gemin5,-0.03212484993997599,0.8247275542956559,50,-0.013493397358943579
Gemin6,0.09762304921968785,0.500023159132414,50,0.15361344537815122
Gemin7,-0.3048739495798319,0.03133443758720933,50,-0.3212004801920768
Gemin8,0.03154861944777911,0.8278233003860368,50,-0.06448979591836734
Get1,-0.13565426170468187,0.34757123273775026,50,0.07755102040816325
Get3,-0.2809603841536614,0.04810360649368589,50,-0.22487394957983195
Get4,-0.1117406962785114,0.4397795246779216,50,0.06785114045618247
Gfap,0.17475868111151893,0.22480782432887222,50,0.20184411561190274
Gfer,-0.11644657863145258,0.4206347190939244,50,-0.11807923169267706
Gfm1,-0.14660264105642254,0.309667568589861,50,-0.026938775510204082
Gfm2,0.2242016806722689,0.11752490441786206,50,0.3284033613445378
Gfod1,0.0021608643457382954,0.9881174171729694,50,0.16888355342136854
Gfod2,-0.11462184873949578,0.42800131405067154,50,-0.22900360144057622
Gfpt1,0.6031692677070828,3.5527379465655674e-06,50,0.4674669867947179
Gfpt2,-0.066890756302521,0.6444088265071674,50,-0.09195678271308522
Gfra2,0.3264825930372149,0.020667885083333816,50,0.2790396158463385
Gfus,0.22391356542617047,0.11800950720387052,50,0.22439375750300117
Gga1,-0.1413205282112845,0.3276113067205466,50,-0.14852340936374547
Gga2,-0.046242496998799516,0.7498143857365437,50,0.017238895558223288
Gga3,-0.03558223289315726,0.8062100437659906,50,0.051908763505402154
Ggact,-0.12192076830732293,0.3989724432787403,50,-0.07505402160864347
Ggct,0.2731812725090036,0.05491946883029323,50,0.12422569027611044
Ggcx,-0.1736854741896759,0.22771247189348967,50,-0.24465786314525811
Ggh,-0.1288355342136855,0.3725607171065508,50,0.019543817527010805
Ggnbp2,-0.19145258103241294,0.1828957038502644,50,-0.23668667466986795
Ggps1,0.11222088835534214,0.4378040765238864,50,0.12470588235294117
Ggt1,0.05315726290516206,0.7138943092418598,50,0.10021608643457382
Ghdc,0.10751500600240095,0.4573755516331073,50,-0.024057623049219684
Gid4,0.017046818727490996,0.9064647191231057,50,0.12364945978391356
Gid8,-0.14852340936374547,0.30330156609218906,50,-0.14861944777911165
Gigyf1,-0.07188475390156063,0.6198322093991521,50,-0.09973589435774309
Gigyf2,-0.14036014405762304,0.33094261620940163,50,-0.18674669867947177
Gimap1,-0.10175270108043216,0.4819745953318132,50,-0.047587034813925566
Gimap4,0.005426170468187274,0.9701671805023571,50,-0.11020408163265305
Gimap5,0.22496998799519805,0.1162400240790686,50,0.2507082833133253
Gimap6,0.28845138055222086,0.0422067940156438,50,0.31831932773109245
Gimap7,0.34655462184873953,0.013683634670417959,50,0.36345738295318125
Gimap8,0.05488595438175269,0.7050059619801472,50,-0.0060984393757503004
Gimap9,-0.21171668667466984,0.13994716603568735,50,-0.13565426170468187
Ginm1,0.13546218487394956,0.3482606980309426,50,0.19990396158463383
Gipc1,0.02885954381752701,0.842303659919981,50,0.04470588235294118
Gipc2,0.21767106842737097,0.12888591119229822,50,0.28902761104441776
Gipc3,0.012340936374549819,0.9322139811947295,50,0.21891956782713082
Git1,0.14285714285714285,0.3223252185211161,50,0.23755102040816325
Git2,-0.03404561824729892,0.8144277037768815,50,-0.029435774309723887
Gja1,-0.09570228091236495,0.5085345686643504,50,-0.05478991596638655
Gja5,0.2155582232893157,0.13273294793798618,50,0.24292917166866745
Gk,0.36489795918367346,0.00917470810293276,50,0.3186074429771909
Gkap1,0.25291716686674665,0.07637851017130462,50,0.22833133253301321
Gla,0.1345018007202881,0.3517206373748113,50,0.02280912364945978
Glb1,0.3784393757503001,0.006730680216354468,50,0.3389675870348139
Glb1l,0.15130852340936377,0.2942215814967604,50,0.25762304921968787
Glcci1,-0.021080938323923226,0.884465694098068,50,-0.016278902259248232
Glce,0.021944777911164462,0.8797655899409523,50,-0.005618247298919568
Gle1,-0.10751500600240095,0.4573755516331073,50,-0.12566626650660262
Glg1,-0.05397488536694695,0.709685599329776,50,0.12269202145244613
Gli2,0.16427370948379352,0.2542964782888672,50,0.21296518607442977
Glipr2,0.11563302843737389,0.42391014725966164,50,0.1504441776710684
Glmn,0.06352941176470588,0.6611674319092691,50,-0.004081632653061224
Glmp,-0.0710204081632653,0.6240575126328836,50,-0.13248499399759903
Glo1,0.30737094837935175,0.029905963501806535,50,0.2230492196878751
Glod4,-0.01771908763505402,0.9027933942784894,50,0.05162064825930372
Glod5,0.26088835534213684,0.06725987333467791,50,0.34972388955582234
Glrx,0.1603361344537815,0.26601490190582555,50,0.2741416566626651
Glrx2,0.1142376950780312,0.42956138814340417,50,0.062472989195678265
Glrx3,0.07457382953181273,0.6067648429716034,50,-0.01042016806722689
Glrx5,0.459015606242497,0.0007998462075167793,50,0.4394237695078031
Gls,0.04437081323759695,0.7596319499517706,50,0.08206482593037215
Gls2,0.1574549819927971,0.2748139014076708,50,0.10501800720288115
Glt8d1,-0.007923359506713742,0.9564488867650367,50,0.1493877551020408
Gltp,-0.29920768307322926,0.034787088999689665,50,-0.3389675870348139
Glud1,-0.14900360144057623,0.30172332345075,50,-0.018007202881152456
Glul,0.022328931572629048,0.8776767380459473,50,0.0014885954381752698
Glyctk,-0.04845138055222088,0.7382785051392184,50,-0.029339735894357743
Glyr1,-0.23582232893157262,0.09921238116874942,50,-0.18569027611044414
Gm2a,0.4967587034813925,0.0002430799371028161,50,0.5107803121248499
Gmds,-0.04124849939975991,0.7760925281983944,50,-0.07726290516206481
Gmeb1,-0.18559423769507805,0.19691150882321412,50,-0.14842737094837935
Gmeb2,0.08974789915966387,0.535379538886014,50,0.08292917166866745
Gmfb,-0.1156782713085234,0.42372761683341886,50,-0.03923169267707083
Gmfg,0.2670348139255702,0.06083903662830923,50,0.26953181272509
Gmip,0.2003841536614646,0.1629284828227884,50,0.21430972388955583
Gmppa,0.19222088835534215,0.18111209634198486,50,0.14266506602641055
Gmppb,0.2140747677632113,0.13548500912383887,50,0.14304921968787515
Gmpr,0.30391356542617043,0.031898733665627316,50,0.3701800720288115
Gmpr2,-0.14458583433373348,0.31644316861916943,50,0.03174069627851141
Gmps,0.08993997599039616,0.5345029055740002,50,0.13498199279711884
Gna11,0.29623760482980044,0.03671894971940292,50,0.25656662665066027
Gna12,0.17474189675870347,0.22485305313737894,50,0.22727490996398558
Gna13,-0.1288355342136855,0.3725607171065508,50,-0.16168067226890756
Gna14,-0.008115246098439374,0.9553952252908573,50,-0.02588235294117647
Gnai1,0.19980792316926768,0.1641665206512962,50,0.06861944777911164
Gnai2,0.24638655462184872,0.08455408313793081,50,0.09358943577430971
Gnai3,-0.01781512605042017,0.9022690817725499,50,-0.05767106842737095
Gnao1,-0.0067228504905449925,0.9630425601617956,50,0.023433935995613973
Gnaq,0.3793997599039616,0.006581213132657358,50,0.33099639855942375
Gnas,0.04192076830732293,0.7725398717258881,50,0.010900360144057623
Gnb1,0.382953181272509,0.006053019645729558,50,0.375750300120048
Gnb1l,-0.18012004801920767,0.21068134503679994,50,-0.23582232893157262
Gnb2,0.05690276110444177,0.6946853683372957,50,0.003985594237695078
Gnb4,-0.207875150060024,0.14744954283139192,50,-0.27135654261704684
Gnb5,0.01666266506602641,0.9085634932990514,50,0.09819927971188475
Gne,-0.009939975990396158,0.9453795410999993,50,-0.02645858343337335
Gng10,-0.04710684273709483,0.7452937314362832,50,0.030204081632653063
Gng11,0.09253301320528211,0.5227374550597651,50,0.12259303721488594
Gng12,0.11865546218487394,0.4118144807009118,50,-0.11903961584633853
Gng13,-0.08561824729891956,0.554395105333952,50,-0.045474189675870344
Gng2,0.35394957983193276,0.011678350098987208,50,0.30650660264105645
Gng5,-0.044225690276110445,0.7603947565343314,50,0.06333733493397359
Gng8,0.28758703481392556,0.042855387528070145,50,0.11558223289315725
Gngt2,0.1011764705882353,0.48447221858957024,50,0.19807923169267705
Gnl1,0.1832893157262905,0.20262942078247467,50,0.19827130852340935
Gnl2,0.0009123649459783913,0.994982761888243,50,0.10837935174069627
Gnl3,0.09963985594237695,0.4911656201405194,50,0.09301320528211285
Gnl3l,0.09032412965186075,0.5327517460057927,50,0.08965186074429772
Gnmt,-0.06573987372540067,0.6501276185476275,50,-0.07467166080569618
Gnpat,0.11068427370948379,0.44414289895062775,50,0.08254501800720286
Gnpda1,0.3093877551020408,0.028792145390705046,50,0.31668667466986794
Gnpda2,0.326578631452581,0.02062838917974594,50,0.24619447779111645
Gnpnat1,0.26991596638655463,0.05800349623208217,50,0.33906362545018
Gnptab,-0.10943577430972388,0.4493303227931961,50,-0.1011764705882353
Gnptg,-0.1878031212484994,0.1915400934948433,50,-0.14679471788715487
Golga1,-0.07582232893157262,0.6007386654540318,50,-0.10184873949579833
Golga2,0.09723889555822329,0.5017195639649017,50,-0.08619447779111644
Golga3,0.20192076830732295,0.15966040442903714,50,0.20902761104441775
Golga4,0.16081632653061223,0.2645668724181824,50,0.11827130852340936
Golga5,-0.0724609843937575,0.6170220679508197,50,-0.06545018007202881
Golga7,0.13584633853541417,0.3468826088006764,50,0.20192076830732295
Golgb1,-0.1707082833133253,0.23590548137435993,50,-0.08984393757503001
Golim4,-0.01503001200480192,0.9174900104787418,50,-0.10540216086434574
Golm1,0.07620648259303721,0.5988897401951788,50,0.031068427370948382
Golm2,0.2570049701814057,0.07158745045396955,50,0.36428245586624514
Golph3,-0.07466986794717888,0.6063003632626257,50,-0.0823529411764706
Golph3l,-0.2227611044417767,0.11996310790398233,50,-0.06909963985594238
Golt1b,-0.0010084033613445378,0.9944546394031878,50,-0.08264105642256904
Gon4l,0.15937575030012002,0.26892678323880426,50,0.12921968787515006
Gon7,-0.09858343337334932,0.4957950768954383,50,-0.037022809123649456
Gopc,-0.058439375750300115,0.6868585612891065,50,-0.0860984393757503
Gorab,-0.004081632653061224,0.9775571843853882,50,0.03241296518607443
Gorasp1,-0.04912364945978391,0.7347787492963292,50,0.0012965186074429772
Gorasp2,-0.0011044417767106843,0.9939265192708577,50,-0.027611044417767107
Gosr1,-0.2665546218487395,0.06132225833747569,50,-0.23207683073229293
Gosr2,0.1400720288115246,0.33194613184789457,50,0.2342857142857143
Got1,-0.11049219687875149,0.4449388025026449,50,-0.11471788715486195
Got2,-0.015702280912364946,0.913813102725811,50,-0.022713085234093634
Gp1ba,0.44307322929171666,0.0012714494260024542,50,0.389483793517407
Gp1bb,0.35241296518607446,0.012072864332498342,50,0.35798319327731093
Gp9,0.08629051620648259,0.5512778736291126,50,0.09973589435774309
Gpaa1,0.1359423769507803,0.34653861240552086,50,0.18665066026410562
Gpalpp1,0.0728451380552221,0.6151516497621463,50,0.081968787515006
Gpam,-0.06429771908763504,0.6573219894558269,50,-0.062953181272509
Gpat4,0.048931572629051616,0.7357781389841229,50,-0.11375750300120048
Gpatch1,0.008403361344537815,0.9538133084615882,50,0.010516206482593037
Gpatch11,0.14487394957983193,0.31546950168112314,50,0.0993517406962785
Gpatch2,-0.13786314525810325,0.3397029045981778,50,0.013781512605042016
Gpatch2l,-0.10261704681872749,0.47824091238180755,50,0.027515006002400956
Gpatch8,-0.2409123649459784,0.09192211186939131,50,-0.2582953181272509
Gpbp1,0.03577430972388955,0.8051842722231624,50,-0.059495798319327726
Gpbp1l1,-0.1975030012004802,0.16918731906012222,50,-0.295078031212485
Gpc1,0.1824249699879952,0.20480353968454698,50,0.1169267707082833
Gpc3,0.14439375750300118,0.3170933396375836,50,0.11433373349339734
Gpc4,0.19817527010804323,0.16771153948561557,50,0.1837695078031212
Gpc6,0.16283313325330132,0.25854267247479906,50,0.1707082833133253
Gpcpd1,0.14554621848739496,0.3132050313657808,50,0.09791116446578632
Gpd1,0.6709723889555822,9.708292447816652e-08,50,0.5784873949579831
Gpd1l,0.019255702280912366,0.8944094701222107,50,0.07294117647058823
Gpd2,0.25325938205095927,0.0759679563684468,50,0.15294117647058825
Gphn,0.023193277310924368,0.8729798568310736,50,0.12739495798319328
Gpi,-0.1897238895558223,0.18695483765758172,50,-0.18588235294117647
Gpihbp1,0.3589435774309723,0.010471693826756329,50,0.25512605042016806
Gpkow,-0.07380729431405468,0.6104776139807586,50,-0.07265306122448979
Gpld1,-0.12134453781512604,0.4012215602729833,50,-0.14593037214885954
Gpm6a,0.04441776710684273,0.7593851958109286,50,0.10770708283313324
Gpn1,0.05267707082833133,0.7163700413625802,50,0.23236494597839136
Gpn3,0.021176470588235297,0.8839457115687899,50,-0.023001200480192076
Gpnmb,0.39841536614645856,0.004161438001960019,50,0.2906602641056423
Gpr107,-0.06477791116446578,0.6549230333249496,50,-0.03385354141656663
Gpr108,0.08081632653061224,0.5769004898096026,50,0.05786314525810324
Gpr155,0.06804321728691476,0.6387025395929358,50,0.060840336134453776
Gpr180,0.2385114045618247,0.09530718986055638,50,0.20393757503001197
Gpr182,0.30420168067226894,0.03172856606378051,50,0.21229291716686674
Gpr50,0.5193277310924369,0.00011132260406812743,50,0.48187274909963984
Gpr89b,0.1967874379303813,0.1707684776958377,50,0.11951980792316927
Gprasp1,0.03937669573033496,0.7860079332699685,50,0.12134453781512604
Gprasp2,-0.10607442977190876,0.4634604954009728,50,-0.003985594237695078
Gprc5a,0.22064825930372148,0.12360826820453572,50,0.18530612244897962
Gprc5b,0.22362545018007202,0.1184956263697056,50,0.11481392557022808
Gprc5c,-0.09138055222088834,0.5279505989977,50,-0.013301320528211284
Gprin3,-0.22516206482593037,0.11592048023608921,50,-0.10924369747899158
Gps1,-0.08379351740696277,0.5628980021336466,50,-0.11270108043217285
Gps2,0.022328931572629048,0.8776767380459473,50,-0.08283313325330133
Gpsm1,0.20864345738295315,0.14592574953262727,50,0.09013205282112843
Gpsm3,-0.0546938775510204,0.7059916582285432,50,-0.03519807923169268
Gpt,0.7001680672268907,1.520924657772841e-08,50,0.6324609843937575
Gpx1,0.4752460984393757,0.0004873510032414819,50,0.5432412965186074
Gpx2,0.18645858343337332,0.19479707421420067,50,0.19270108043217285
Gpx3,0.6123889555822329,2.287410552334596e-06,50,0.5006962785114045
Gpx4,0.25099639855942374,0.07871545786542912,50,0.20921968787515002
Gpx7,0.1237454981992797,0.3918988897737798,50,0.2349579831932773
Gpx8,0.3085234093637455,0.029265186587074263,50,0.3786314525810324
Gramd1b,0.295078031212485,0.03749681355924513,50,0.28220888355342133
Gramd2b,-0.07918367346938776,0.5846461351085563,50,0.008595438175270108
Gramd4,0.0346218487394958,0.8113437127687082,50,0.08955582232893158
Grap,-0.020600240096038412,0.8870828636422363,50,0.08436974789915966
Grap2,0.34367346938775506,0.014541015909691098,50,0.43049219687875145
Grb10,0.06439375750300119,0.6568419236628033,50,0.12960384153661464
Grb14,0.07697478991596637,0.5951994071363427,50,0.04028811524609843
Grb2,0.14804321728691477,0.30488511216865344,50,0.17887154861944776
Grb7,0.007923169267707083,0.9564499314163795,50,-0.0848499399759904
Grcc10,0.19289315726290512,0.17956172563520612,50,0.20950780312124848
Grem2,0.48379351740696275,0.0003716954430980927,50,0.5348859543817527
Grhl2,-0.14304921968787515,0.3216682680999299,50,-0.12633853541416568
Grhpr,0.19183673469387755,0.18200233075512198,50,0.11116446578631452
Gripap1,0.14967587034813923,0.29952269363966594,50,0.1433373349339736
Grk2,0.16278902259248237,0.25867343792993164,50,0.1957309899961528
Grk3,0.11942376950780313,0.4087716624167726,50,0.10530612244897959
Grk5,0.14737094837935172,0.3071109860724217,50,-0.02156062424969988
Grk6,0.23457382953181274,0.10106701288347972,50,0.20057623049219686
Grn,0.31975990396158466,0.023595793011100246,50,0.2572388955582233
Grpel1,-0.07044417767106842,0.6268810600035023,50,-0.25368547418967585
Grsf1,-0.09349564217922214,0.5184027274047629,50,-0.104921968787515
Grtp1,0.30334461820551945,0.0322369925070981,50,0.30973132617153715
Grwd1,0.3363745498199279,0.016920770443908866,50,0.3139975990396158
Gsdmd,-0.2615606242496999,0.06653233616844036,50,-0.02770708283313325
Gsdme,0.27346938775510204,0.05465383001388119,50,0.27519807923169265
Gse1,0.08365146824663841,0.5635624717846076,50,0.15918367346938775
Gsk3a,0.04528211284513805,0.754847106935656,50,0.07668667466986795
Gsk3b,-0.11846338535414166,0.4125772130443906,50,-0.1787755102040816
Gsn,0.16139255702280914,0.26283619411461034,50,0.11097238895558223
Gspt1,0.18424969987995196,0.2002328874502069,50,0.1793517406962785
Gspt2,-0.04883553421368547,0.7362779963744167,50,0.03587034813925571
Gsr,0.09522208883553422,0.5106738528670569,50,0.08734693877551021
Gss,-0.061992797118847545,0.6688842666153456,50,0.03884753901560624
Gsta1,0.4368307322929172,0.0015153579580454721,50,0.42953181272509
Gsta3,0.1086674669867947,0.45253904854968563,50,0.17032412965186072
Gsta4,0.2331332533013205,0.10324007630273536,50,0.35606242496998797
Gsta6,0.07255702280912364,0.6165542371589667,50,-0.02559423769507803
Gstk1,0.34751500600240093,0.013407620268342555,50,0.31707082833133254
Gstm1,-0.06765906362545018,0.6406023554342575,50,-0.031068427370948382
Gstm2,0.2395678271308523,0.0938060376520109,50,0.25531812725090036
Gstm4,0.17839135654261706,0.21516655032541745,50,0.08456182472989196
Gsto1,0.24475390156062424,0.0867014140275496,50,0.11702280912364946
Gstp1,0.31284513805522207,0.02696324444776453,50,0.46602641056422567
Gstt1,0.13066026410564224,0.3657701021061027,50,0.11913565426170468
Gstt2,-0.24917166866746698,0.08098738708796176,50,-0.11490996398559422
Gstt3,0.29968787515006,0.03448279069653633,50,0.31812725090036015
Gstz1,0.3563505402160864,0.011084095606365977,50,0.33186074429771906
Gtdc1,-0.07745498199279711,0.5928980657558349,50,-0.06468187274909963
Gtf2a1,0.07553421368547418,0.6021269961462214,50,0.0631452581032413
Gtf2a2,-0.10156062424969987,0.48280638215732524,50,-0.18309723889555823
Gtf2b,-0.06031357297231794,0.6773561591603633,50,-0.04096038415366146
Gtf2e1,0.001680672268907563,0.9907578604310985,50,0.10693877551020407
Gtf2e2,-0.05959326756261669,0.6810024117597506,50,-0.11102307381528588
Gtf2f1,-0.0024489795918367346,0.9865332099197339,50,0.12345738295318126
Gtf2f2,0.3269627851140456,0.020471042110184846,50,0.25579831932773106
Gtf2h1,0.04076830732292917,0.7786329249781234,50,0.07265306122448979
Gtf2h2,0.08408163265306122,0.5615513980361976,50,0.10895558223289314
Gtf2h3,0.1634093637454982,0.25683852020425263,50,0.02069627851140456
Gtf2h4,0.14429771908763506,0.31741874303886103,50,0.08600240096038414
Gtf2i,0.11548619447779111,0.4245028493031674,50,-0.1065546218487395
Gtf3c1,-0.05728691476590636,0.6927256711507918,50,-0.14372148859543818
Gtf3c2,-0.10021608643457382,0.4886499728762951,50,-0.02396158463385354
Gtf3c3,-0.1956782713085234,0.17324050891322648,50,-0.2674189675870348
Gtf3c4,0.1479471788715486,0.3052024577818456,50,0.21478991596638655
Gtf3c5,-0.0024489795918367346,0.9865332099197339,50,0.18617046818727492
Gtpbp1,-0.05104441776710684,0.7248090119713183,50,-0.10559423769507804
Gtpbp2,0.11635054021608643,0.42102062780062893,50,0.1504441776710684
Gtpbp3,-0.17118847539015608,0.23457055177168173,50,-0.045954381752701084
Gtpbp4,0.027034813925570226,0.8521594188868581,50,-0.02348139255702281
Gucy1a1,0.27183673469387754,0.056172930963631885,50,0.2998799519807923
Gucy1a2,0.18357743097238896,0.2019083460799354,50,0.13421368547418966
Gucy1b1,0.27702280912364946,0.05146214333689354,50,0.27058823529411763
Guf1,0.2543638503458345,0.07465481304469393,50,0.23524609843937574
Guk1,0.1962545018007203,0.17195303492805075,50,0.03750300120048019
Gulp1,0.006002400960384154,0.9670007593072917,50,-0.012917166866746698
Gusb,0.3504921968787515,0.012582043568730598,50,0.15524609843937573
Gvin1,0.2548379351740696,0.07409669257354344,50,0.23399759903961587
Gxylt1,-0.22919567827130852,0.10936339581106655,50,-0.2668427370948379
Gyg1,0.24667466986794717,0.0841795052253147,50,0.283937575030012
Gypc,0.12,0.4064980787798141,50,0.01906362545018007
Gys1,0.057478991596638655,0.6917465678560473,50,0.11990396158463384
Gzma,0.4731332533013205,0.0005205419670326728,50,0.45872749099639853
Gzmb,0.418391356542617,0.002497166645276846,50,0.4386554621848739
Gzmk,0.42559423769507804,0.002061295427621383,50,0.44307322929171666
Gzmm,0.44845138055222084,0.0010901202683069816,50,0.38180072028811524
H1f10,-0.07188475390156063,0.6198322093991521,50,-0.12566626650660262
H1f2,-0.06410564225690277,0.6582825317229156,50,-0.04057623049219687
H1f5,-0.24600240096038412,0.08505555002909099,50,-0.1558223289315726
H2ax,-0.14506602641056424,0.3148214502116727,50,-0.19519807923169266
H2az2,0.003889555822328931,0.9786130658625282,50,-0.037310924369747894
H3f3b,0.005810324129651861,0.9680561794495712,50,0.17531812725090035
H4f3,-0.07630252100840335,0.5984278995617137,50,-0.04614645858343337
H6pd,-0.01531812725090036,0.9159139790947153,50,0.11231692677070829
Habp4,0.06132052821128451,0.6722711206715749,50,-0.04576230492196878
Hacd3,-0.09262905162064825,0.5223041850809608,50,-4.801920768307323e-05
Hace1,0.10703481392557021,0.4593990245177137,50,0.09090036014405761
Hacl1,0.09503001200480192,0.5115308400961797,50,0.19577430972388954
Hadh,0.011668667466986795,0.9358986792620421,50,0.1472749099639856
Hadha,0.1908763505402161,0.1842416578459936,50,0.20259303721488592
Hadhb,0.47428571428571425,0.0005021933827483024,50,0.47188475390156065
Hagh,0.3209123649459784,0.02307045361925039,50,0.2293877551020408
Hamp,-0.11884753901560624,0.4110525589818973,50,-0.021080432172869146
Hars1,-0.3047779111644658,0.03139049140509917,50,-0.18549819927971187
Hars2,0.2288115246098439,0.10997536656785271,50,0.03346938775510204
Hat1,-0.1474669867947179,0.30679236772595225,50,-0.22372148859543817
Haus1,0.07697478991596637,0.5951994071363427,50,0.13238895558223288
Haus3,0.013013205282112843,0.9285306892833678,50,0.03385354141656663
Haus5,0.05104441776710684,0.7248090119713183,50,0.062088835534213675
Haus7,0.18415366146458584,0.2004716349922025,50,-0.002352941176470588
Haus8,-0.2901800720288115,0.04093372413883782,50,-0.04969987995198079
Hax1,0.02857142857142857,0.8438582830868868,50,0.14506602641056424
Hba-a1,0.1820408163265306,0.2057750680662858,50,-0.018967587034813924
Hba-a2,0.07054021608643457,0.6264100995628384,50,-0.11414165666266506
Hbb,0.3053541416566627,0.031055414230742026,50,0.16792316926770706
Hbb-b1,0.1440096038415366,0.3183962247026039,50,0.041152460984393756
Hbb-bs,0.16158463385354138,0.26226098716524576,50,0.05901560624249699
Hbp1,-0.1996158463385354,0.16458072099769272,50,-0.19798319327731093
Hbq1b,0.19140915753794532,0.1829968855064276,50,0.07683257703479993
Hbs1l,0.4397118847539015,0.0013980312748055551,50,0.2460984393757503
Hccs,-0.07668667466986795,0.5965821041440148,50,-0.11222088835534214
Hcfc1,-0.07889555822328932,0.5860178595409992,50,-0.006482593037214886
Hcfc2,-0.1119327731092437,0.43898875164931767,50,-0.1287394957983193
Hck,0.5870348139255701,7.43294020511016e-06,50,0.6772148859543817
Hcls1,0.7412725090036015,7.434327688783623e-10,50,0.6725090036014405
Hdac1,0.012436974789915966,0.9316877087702358,50,0.07937575030012005
Hdac2,-0.056806722689075634,0.6951756021337345,50,0.051236494597839126
Hdac3,0.0588235294117647,0.6849068897400697,50,0.06036014405762304
Hdac4,0.22612244897959183,0.1143327799675179,50,0.2805762304921969
Hdac5,0.057767106842737094,0.6902788485450984,50,0.02857142857142857
Hdac7,0.2198799519807923,0.12495433270331179,50,0.24484993997599036
Hddc2,-0.04691476590636255,0.7462975935678408,50,0.08965186074429772
Hddc3,0.04989195678271309,0.7307855529477288,50,0.03270108043217287
Hdgf,0.02127250900360144,0.8834230228517642,50,-0.04854741896758703
Hdgfl2,-0.16581430531322758,0.24980774129503608,50,-0.15169267707082834
Hdgfl3,0.09176470588235294,0.5262100377727071,50,0.14986794717887153
Hdhd2,0.026842737094837935,0.8531981960284638,50,0.10405762304921969
Hdhd3,-0.17743097238895558,0.21768691775872978,50,-0.15899159663865545
Hdhd5,0.14756302521008402,0.30647396149497136,50,0.13459783913565426
Hdlbp,0.14214026751437983,0.32478458937401755,50,0.1356575188270686
Heatr1,0.4368307322929172,0.0015153579580454721,50,0.4068667466986795
Heatr3,0.05987995198079231,0.6795503181579453,50,0.11298919567827131
Heatr5a,-0.008403361344537815,0.9538133084615882,50,0.06151260504201681
Heatr5b,-0.05286914765906363,0.715379400371927,50,-0.14160864345738294
Heatr6,0.062184873949579826,0.6679177874859943,50,0.11490996398559422
Hebp1,0.05046818727490996,0.7277952785933703,50,0.08542617046818726
Hebp2,0.01157262905162065,0.9364251750505506,50,0.08187274909963986
Heca,0.1185594237695078,0.41219574557510047,50,0.07044417767106842
Hectd1,-0.11183941994628062,0.4393729842471143,50,-0.08398559423769507
Hectd3,-0.47178871548619444,0.0005427115349583026,50,-0.3730612244897959
Hectd4,-0.16062424969987996,0.2651454515822582,50,0.06352941176470588
Hecw2,0.1696518607442977,0.23886061889913693,50,0.15294117647058825
Heg1,0.37190876350540214,0.007827647684001082,50,0.43039615846338536
Helb,0.1274909963985594,0.37761239010583864,50,0.11558223289315725
Helz,-0.05594237695078031,0.6995932396929486,50,-0.16619447779111643
Helz2,0.34136854741896755,0.015259550598312344,50,0.3030492196878751
Heph,0.08494597839135654,0.5575206625370219,50,0.11337334933973588
Herc1,0.11903961584633853,0.4102914483734615,50,0.13248499399759903
Herc2,0.15102403423402863,0.29514088806455246,50,0.23870921277499405
Herc3,0.2154621848739496,0.132909836508595,50,0.17234093637454984
Herc4,0.20643953042037805,0.15032833612151725,50,0.16283313325330132
Herc6,0.4900360144057623,0.00030359742911999145,50,0.4871548619447779
Hes1,0.28134453781512603,0.04778572213045924,50,0.2542617046818727
Hexa,0.44451380552220887,0.0012204104119227874,50,0.36643457382953176
Hexb,0.037791116446578635,0.7944335820847725,50,0.06967587034813925
Hexd,0.0319327731092437,0.8257591788134112,50,-0.007058823529411764
Hexim1,0.16897959183673472,0.2407542743235882,50,0.12153661464585833
Hexim2,-0.192124849939976,0.18133436092825214,50,-0.188859543817527
Hey1,0.05920768307322929,0.6829572528858294,50,-0.03903961584633854
Hfe,0.18521897810218976,0.19783454766751576,50,0.013829863866263987
Hgd,0.246578631452581,0.08430421976111704,50,0.26674669867947176
Hgf,-0.02348139255702281,0.8714151845581424,50,0.039615846338535404
Hgfac,0.018775510204081632,0.8970282631008979,50,0.04211284513805522
Hgh1,-0.16465786314525807,0.2531721419877248,50,-0.029819927971188476
Hgs,0.17042016806722687,0.23670893236518237,50,0.34223289315726285
Hhip,0.13968787515006,0.3332871113242811,50,0.1506362545018007
Hibadh,0.029339735894357743,0.8397139463561469,50,0.08475390156062423
Hibch,0.08677070828331333,0.5490564011370141,50,0.13181272509003603
Hic1,0.010708283313325332,0.9411648219534628,50,-0.04691476590636255
Hid1,-0.010804581145518738,0.9406366691127914,50,-0.01637454981992797
Hif1an,-0.00936374549819928,0.9485415586230677,50,-0.012725090036014405
Higd1b,0.3299399759903961,0.01928561956640226,50,0.2672268907563025
Hikeshi,0.13968787515006,0.3332871113242811,50,0.18319327731092436
Hint1,0.15409363745498197,0.2853199558610227,50,0.16129651860744296
Hint2,-0.07611044417767106,0.5993517372477795,50,-0.085906362545018
Hint3,0.07975990396158462,0.5819070336441934,50,0.011764705882352943
Hip1,0.16792316926770706,0.2437506590418641,50,0.16379351740696277
Hip1r,0.23438175270108041,0.10135469884540192,50,0.27875150060024007
Hipk1,-0.13565426170468187,0.34757123273775026,50,-0.08417767106842736
Hira,-0.10012004801920767,0.4890687798561021,50,-0.12797118847539016
Hirip3,0.1061704681872749,0.4630534786101985,50,0.11721488595438176
Hist1h2ah,-0.06324129651860745,0.6626117149647571,50,-0.14372148859543818
Hist1h2ail1,-0.14341979280052763,0.32040320995169297,50,-0.01729106678104151
Hist1h2bo,0.029819927971188476,0.837125912035467,50,-0.022232893157262904
Hist1h2bq,-0.02040816326530612,0.8881289642599213,50,0.2512845138055222
Hivep2,0.04192076830732293,0.7725398717258881,50,0.08456182472989196
Hk1,-0.17166866746698678,0.23324081228599539,50,-0.21440576230492195
Hk2,0.5133733493397359,0.00013752470121647717,50,0.4863865546218487
Hk3,0.4495078031212485,0.0010573532260728306,50,0.362016806722689
Hlcs,0.03145258103241296,0.8283395113361828,50,0.026266506602641054
Hltf,-0.09695078031212485,0.5029938008354746,50,-0.18914765906362543
Hm13,0.10828331332533012,0.45414809957987456,50,0.04
Hmbox1,0.20086434573829529,0.16190200422615256,50,0.19462184873949578
Hmbs,0.13190876350540215,0.3611672898636801,50,0.166578631452581
Hmces,-0.006962785114045618,0.9617245339673098,50,0.1894357743097239
Hmcn1,0.09915966386554621,0.49326712687897634,50,0.14948379351740695
Hmg20a,0.2285234093637455,0.11043606149412413,50,0.1884753901560624
Hmg20b,0.045474189675870344,0.7538397485818784,50,-0.05671068427370948
Hmga1,-0.12614645858343337,0.3827047169409153,50,-0.05786314525810324
Hmgb1,0.3362785114045618,0.01695416579500534,50,0.40753901560624245
Hmgb3,0.3598079231692677,0.010274143905942609,50,0.22573829531812722
Hmgcl,0.0617046818727491,0.6703349815701655,50,-0.005138055222088836
Hmgcs1,0.30084033613445377,0.03376144920578216,50,0.32638655462184873
Hmgcs2,0.3889169008780279,0.00524937411877319,50,0.34146458583433376
Hmgn1,0.03615846338535413,0.8031337045668979,50,0.05699879951980792
Hmgn2,0.13699879951980792,0.342768545038711,50,0.2715486194477791
Hmgn3,0.03865546218487395,0.7898375681306562,50,0.13334933973589436
Hmgn5b,0.016278511404561824,0.910662885715317,50,-0.00773109243697479
Hmgxb4,-0.10088835534213686,0.4857235727911205,50,-0.10521008403361343
Hmox1,0.6500360144057623,3.245968721116579e-07,50,0.5955822328931571
Hmox2,-0.2192076830732293,0.12614119105491198,50,-0.19394957983193276
Hnrnpa1,0.044129651860744294,0.7608996852480964,50,0.07793517406962785
Hnrnpa2b1,0.09138055222088834,0.5279505989977,50,0.2093157262905162
Hnrnpa3,0.35698336104793915,0.010931868773439343,50,0.3551020408163265
Hnrnpab,-0.06573987372540067,0.6501276185476275,50,-0.05988138972649718
Hnrnpd,0.169171668667467,0.24021218821931498,50,0.2691476590636255
Hnrnpdl,0.23284513805522208,0.10367897324465024,50,0.021080432172869146
Hnrnpf,-0.008115246098439374,0.9553952252908573,50,0.06362545018007203
Hnrnph1,0.015414165666266506,0.9153887061173894,50,-0.02885954381752701
Hnrnph2,0.033134048846257466,0.8193121069992427,50,0.18626650660264102
Hnrnph3,0.15486194477791115,0.28289570390531826,50,0.16648259303721488
Hnrnpk,0.04566626650660264,0.7528327957303838,50,-0.026362545018007204
Hnrnpl,-0.012436974789915966,0.9316877087702358,50,-0.05478991596638655
Hnrnpll,-0.016278511404561824,0.910662885715317,50,0.13018007202881152
Hnrnpm,0.17445378151260504,0.22563041913284682,50,0.24081632653061225
Hnrnpr,0.23735894357743095,0.0969659855514645,50,0.2736614645858343
Hnrnpu,-0.2297719087635054,0.10845033220088963,50,0.025978391356542615
Hnrnpul1,0.01752701080432173,0.9038421422420411,50,0.12729891956782713
Hnrnpul2,-0.042785114045618244,0.7679789549507468,50,-0.07044417767106842
Hoga1,0.015126050420168066,0.9169646314960526,50,0.06948379351740695
Homer1,-0.008979591836734692,0.9506500093767046,50,-0.08177671068427371
Homer3,-0.09858343337334932,0.4957950768954383,50,-0.0811044417767107
Hook1,0.3097719087635054,0.02858396028430741,50,0.23111644657863145
Hook2,-0.0480672268907563,0.7402807314813461,50,-0.10396158463385353
Hopx,0.4086914765906362,0.003212293598380079,50,0.1900120048019208
Hp,0.1962545018007203,0.17195303492805075,50,0.13171668667466988
Hp1bp3,-0.18127250900360142,0.20772784158109786,50,-0.1427611044417767
Hpcal1,-0.12326530612244897,0.3937531693775406,50,-0.16744297719087634
Hpf1,-0.09906362545018006,0.49368798709204953,50,-0.06333733493397359
Hpgd,0.2675150060024009,0.060358874319939276,50,0.1657142857142857
Hpgds,0.2367827130852341,0.09780372256105378,50,0.2910444177671068
Hprt1,-0.014069627851140454,0.9227456830202393,50,0.027803121248499398
Hps1,0.0910924369747899,0.5292578818589984,50,0.08206482593037215
Hps3,0.0563265306122449,0.6976286191683302,50,-0.01531812725090036
Hps6,0.11193546066757414,0.43897769268767245,50,-0.04437081323759695
Hpse,0.31851140456182475,0.02417621542284746,50,0.3070828331332533
Hpx,0.04998799519807923,0.7302868972991754,50,-0.11346938775510206
Hras,-0.1415126050420168,0.32694758287613956,50,-0.07178871548619448
Hrc,-0.10242496998799519,0.47906929437855533,50,-0.08801920768307324
Hrct1,0.17406962785114044,0.22666979438928456,50,0.06621848739495799
Hs1bp3,-0.13843937575030013,0.3376686332513916,50,-0.066890756302521
Hs2st1,-0.010996398559423769,0.9395847073576459,50,0.10213685474189677
Hs6st1,0.14900360144057623,0.30172332345075,50,0.11721488595438176
Hsbp1,-0.06343337334933974,0.6616487242123059,50,-0.015894357743097238
Hscb,-0.08629051620648259,0.5512778736291126,50,-0.028475390156062427
Hsd11b1,0.1507322929171669,0.29608556236980277,50,0.12240096038415366
Hsd17b10,0.10271308523409363,0.47782700585620214,50,0.14967587034813923
Hsd17b11,-0.081968787515006,0.5714613394113613,50,-0.035966386554621844
Hsd17b12,-0.16177671068427368,0.2616866228296657,50,-0.11231692677070829
Hsd17b4,0.1144297719087635,0.4287809515377118,50,0.07418967587034814
Hsd17b7,0.02799519807923169,0.846969291513827,50,0.012533013205282113
Hsd17b8,-0.06890756302521008,0.634436355469756,50,0.13478991596638654
Hsd3b7,-0.05334933973589436,0.712904830878288,50,-0.02674669867947179
Hsdl1,0.06967587034813925,0.6306540338400889,50,-0.09627851140456183
Hsdl2,0.07063625450180072,0.625939286598539,50,0.22362545018007202
Hsf1,-0.3262905162064826,0.020747068411933283,50,-0.36144057623049214
Hsp90aa1,-0.25983193277310923,0.06841594028483546,50,-0.123937575030012
Hsp90ab1,-0.021848739495798315,0.8802879301101031,50,0.14458583433373348
Hsp90b1,0.2747178871548619,0.053514693714948984,50,0.29334933973589433
Hspa12a,0.16533013205282113,0.25121263161471996,50,0.11289315726290516
Hspa12b,0.4128211284513805,0.0028883066727181943,50,0.42828331332533015
Hspa13,-0.16897959183673472,0.2407542743235882,50,-0.16869147659063624
Hspa14,-0.043745498199279705,0.76292038453804,50,0.05699879951980792
Hspa1b,-0.294405762304922,0.0379539678699677,50,-0.24917166866746698
Hspa1l,-0.09531812725090036,0.5102456319369316,50,-0.23966386554621846
Hspa2,-0.11025474804493789,0.4459238005355492,50,-0.2353421368547419
Hspa4,-0.0005282112845138055,0.9970952708744708,50,0.055366146458583426
Hspa4l,0.22016806722689078,0.12444826771332106,50,0.23505402160864344
Hspa5,0.02069627851140456,0.8865598846501891,50,0.2893157262905162
Hspa8,-0.0912845138055222,0.5283861828190868,50,-0.012148859543817525
Hspa9,-0.08148859543817527,0.5737247800932863,50,-0.11087635054021608
Hspb1,-0.11135654261704682,0.44136344309390074,50,-0.1576508440032801
Hspb11,-0.1567827130852341,0.27689436969542974,50,-0.23803121248499398
Hspb2,0.06228240775883469,0.6674272274296202,50,0.09119066486817816
Hspb6,0.07178871548619448,0.6203010909885867,50,-0.04201680672268907
Hspb7,-0.033949579831932766,0.8149419745024977,50,-0.07178871548619448
Hspb8,0.09061224489795917,0.5314402237750233,50,0.05546218487394958
Hspbap1,-0.15591836734693876,0.27958449111394346,50,-0.10924369747899158
Hspbp1,0.07025210084033613,0.6278234226869991,50,0.11500600240096039
Hspd1,-0.26780312124849937,0.06007224000518943,50,-0.04499399759903961
Hspe1,0.1237454981992797,0.3918988897737798,50,0.10943577430972388
Hsph1,-0.007058823529411764,0.9611969970014109,50,-0.026554621848739496
Htatip2,0.013493397358943579,0.9259006695282543,50,0.0830252100840336
Htatsf1,0.09138055222088834,0.5279505989977,50,0.1274909963985594
Htra1,0.25594852224717723,0.0728021708795901,50,0.19154861944777912
Htra2,-0.09579831932773109,0.5081072585030242,50,-0.1563985594237695
Htt,-0.08936374549819928,0.5371349077517865,50,-0.17445378151260504
Hus1,0.01915966386554622,0.8949331404691206,50,0.0954141656662665
Hvcn1,0.36576230492196876,0.008998486845228169,50,0.3745018007202881
Hyal1,0.6427370948379352,4.839190822841123e-07,50,0.6159423769507802
Hyal2,0.1644657863145258,0.2537338903275896,50,0.14285714285714285
Hydin,-0.03644657863145258,0.8015966387938372,50,0.003793517406962785
Hyi,0.24869147659063626,0.081593748751205,50,0.2657863145258103
Hykk,0.31649459783913564,0.025139117762908367,50,0.16139255702280914
Hyls1,-0.07831932773109243,0.5887656367420658,50,-0.2188235294117647
Hyou1,0.04873949579831932,0.7367779618754439,50,0.1673469387755102
Hypk,-0.021464585834333732,0.8823777930570346,50,0.0631452581032413
Iah1,-0.08168067226890756,0.5728189102509789,50,-0.03942376950780312
Iars1,0.11932773109243697,0.409151304348638,50,0.2329411764705882
Iars2,-0.18789915966386553,0.19130894556269004,50,-0.11087635054021608
Iba57,-0.11385354141656662,0.4311246564679394,50,0.010900360144057623
Ibtk,0.2451380552220888,0.08619236415237395,50,0.07697478991596637
Ica1,0.1330612244897959,0.35694991429029194,50,0.02914765906362545
Icam1,0.24004801920768307,0.0931297952628104,50,0.2809603841536614
Icam2,-0.08504201680672267,0.5570736463170085,50,-0.057190876350540217
Icam4,0.2896038415366146,0.04135453280523868,50,0.16667466986794718
Ice2,-0.18232893157262903,0.20504611842965187,50,-0.13795918367346938
Icoslg,0.3968787515006002,0.0043227243003096235,50,0.3932292917166867
Id1,0.009747899159663865,0.9464334567508218,50,-0.06938775510204082
Ide,-0.1249939975990396,0.3871018342489888,50,-0.10463385354141658
Idh1,0.31102040816326526,0.027916008601080844,50,0.2611764705882353
Idh2,-0.035966386554621844,0.8041588252755482,50,-0.04076830732292917
Idh3a,-0.009555822328931571,0.9474874631857075,50,0.030492196878751498
Idh3b,0.016758703481392558,0.9080387412450949,50,0.03097238895558223
Idh3g,0.12134453781512604,0.4012215602729833,50,0.06746698679471788
Idi1,0.34463385354141657,0.01425026467779509,50,0.37815126050420167
Idnk,-0.123937575030012,0.3911586168237426,50,-0.09570228091236495
Ids,-0.07860744297719087,0.5873910280279689,50,-0.20316926770708282
Idua,0.07274909963985594,0.6156190279117519,50,0.07380552220888356
Ifi30,0.4981992797118847,0.00023163245006125308,50,0.3914045618247299
Ifi35,0.07198079231692676,0.6193634774620391,50,0.08024009603841536
Ifi44,0.1431452581032413,0.3213401105572278,50,0.19721488595438177
Ifi44l,0.15207683073229292,0.29174815062300696,50,0.1741656662665066
Ifi47,0.40456182472989194,0.0035679263539483007,50,0.5940456182472988
Ifih1,0.15486194477791115,0.28289570390531826,50,0.14641056422569024
Ifit1bl,0.773157262905162,4.703850349506162e-11,50,0.7636494597839135
Ifit2,0.16417767106842737,0.2545780871956436,50,0.2428331332533013
Ifit3,0.11270108043217285,0.43583358139829165,50,0.10156062424969987
Ifitm3,0.08456182472989196,0.5593104161522781,50,0.05690276110444177
Ifnar2,0.3103481392557023,0.02827403726032926,50,0.15764705882352942
Ifngr1,0.5177911164465786,0.00011760778454190712,50,0.41042016806722686
Ifrd1,-0.3292677070828331,0.01954809016368689,50,-0.2166146458583433
Ifrd2,0.06458583433373348,0.6558822035933572,50,0.0695798319327731
Ift122,0.07169267707082833,0.6207701220760165,50,0.019639855942376952
Ift140,0.23246098439375748,0.10426640092561322,50,0.28777911164465786
Ift20,-0.12566626650660262,0.3845332346500207,50,-0.08667466986794717
Ift22,-0.1249939975990396,0.3871018342489888,50,-0.07054021608643457
Ift27,-0.007539015606242497,0.9585595634091832,50,0.035390156062424974
Ift43,0.21248499399759901,0.13848144817973826,50,0.23034813925570227
Ift46,-0.03078031212484994,0.831954986737294,50,-0.1032893157262905
Ift52,0.09387755102040815,0.5166879874808273,50,0.0887875150060024
Ift57,-0.3209123649459784,0.02307045361925039,50,-0.2868187274909964
Ift74,0.08840336134453781,0.5415355477060978,50,0.02175270108043217
Ift80,-0.0805282112845138,0.5782639596738539,50,-0.10165666266506602
Ift81,0.05018007202881152,0.7292899173439517,50,0.033373349339735896
Ift88,-0.09320528211284512,0.5197083239625223,50,-0.11231692677070829
Iftap,-0.25935174069627853,0.06894662692349268,50,-0.07630252100840335
Igbp1,-0.05555822328931572,0.7015598094284042,50,-0.049315726290516206
Igf1,-0.06775510204081632,0.6401271870153562,50,-0.10261704681872749
Igf1r,0.29939975990396156,0.03466510430822522,50,0.32340936374549817
Igf2bp2,0.35722346285117285,0.010874584149145196,50,0.3467550242301814
Igf2r,-0.052004801920768305,0.7198409170174129,50,0.023385354141656663
Igfals,0.01915966386554622,0.8949331404691206,50,0.11490996398559422
Igfbp3,-0.22074429771908766,0.12344078378367741,50,-0.2213205282112845
Igfbp4,0.23563025210084032,0.09949598473376198,50,0.18463385354141656
Igfbp5,0.23447779111644657,0.10121077702889567,50,0.2188235294117647
Igfbp6,0.2163265306122449,0.13132418827587233,50,0.2542617046818727
Igfbp7,0.4873469387755101,0.00033140871356776287,50,0.44979591836734695
Ighmbp2,-0.1363265306122449,0.345164731242489,50,-0.19884753901560623
Igsf5,-0.03558223289315726,0.8062100437659906,50,-0.07342136854741896
Igsf8,0.3513565426170468,0.012350679518673344,50,0.24148859543817527
Igtp,0.38266506602641054,0.006094423954742181,50,0.4211764705882352
Ikbip,0.03932773109243697,0.7862677701948961,50,0.014645858343337334
Ikbkb,-0.16859543817527012,0.24184094814296855,50,-0.23870348139255704
Ikbke,0.06132052821128451,0.6722711206715749,50,0.0757262905162065
Ikbkg,-0.21824729891956784,0.12785142419425916,50,-0.28268907563025214
Ikzf1,0.5330612244897959,6.73338499327371e-05,50,0.53046818727491
Ikzf2,0.36806722689075627,0.008542798174549213,50,0.2786554621848739
Ikzf3,0.4858103241296518,0.0003483177331589525,50,0.46448979591836737
Ikzf5,0.20316926770708282,0.1570406453007557,50,0.1201920768307323
Il16,0.3746938775510204,0.007342187050680924,50,0.39515006002400954
Il18,0.5644657863145258,1.9577987319924577e-05,50,0.475438175270108
Il1r1,0.06765906362545018,0.6406023554342575,50,0.14228091236494594
Il1rap,0.08225690276110444,0.5701052525423822,50,-0.100984393757503
Il1rn,0.5730132052821129,1.3681211512226192e-05,50,0.5730132052821129
Il33,0.384969987995198,0.005769996785306707,50,0.3706602641056423
Il3ra,-0.054981992797118844,0.7045132935167626,50,0.15380552220888358
Il4r,0.272797118847539,0.05527527429234335,50,0.241968787515006
Il6r,0.09032412965186075,0.5327517460057927,50,0.11750300120048018
Il6st,0.20384153661464588,0.15564314316445846,50,0.23054021608643455
Ilf2,-0.05661464585834333,0.6961564398746369,50,-0.03174069627851141
Ilf3,-0.012244897959183673,0.9327402823164229,50,0.18521008403361344
Ilk,0.2872989195678271,0.043073389682342096,50,0.25330132052821125
Ilkap,-0.03654261704681872,0.8010844484336721,50,-0.045954381752701084
Ilrun,0.05157386733460945,0.7220687512603957,50,0.10175514421046314
Ilvbl,0.15087997315208837,0.2956071210807347,50,0.07222262241271192
Immt,0.05258103241296518,0.7168655353747643,50,-0.0809123649459784
Imp4,0.10588235294117646,0.46427510774287944,50,0.1696518607442977
Impa1,-0.12144057623049219,0.400846196407491,50,-0.15178871548619446
Impa2,0.21190876350540214,0.13957965765679406,50,0.18626650660264102
Impact,0.1820408163265306,0.2057750680662858,50,0.12835534213685473
Impdh1,0.14535414165666266,0.3138509628970513,50,0.18684273709483792
Impdh2,-0.12653061224489795,0.38124562497025516,50,-0.16888355342136854
Inf2,0.47351740696278505,0.000514359657730927,50,0.43702280912364944
Ing1,0.09915966386554621,0.49326712687897634,50,-0.08581032412965187
Ing2,-0.10924369747899158,0.45013133056791826,50,0.036350540216086434
Ing3,0.16436974789915965,0.25401507934189005,50,0.11270108043217285
Ing4,0.16648259303721488,0.2478773657410322,50,0.0956062424969988
Ing5,0.013013205282112843,0.9285306892833678,50,-0.06881152460984392
Inhca,0.016278511404561824,0.910662885715317,50,-0.017430972388955582
Inip,-0.022857691667852977,0.8748029337507243,50,-0.1514081971192026
Inka1,-0.1512124849939976,0.2945317147227276,50,-0.16638655462184873
Inmt,0.6621368547418968,1.6344743274359765e-07,50,0.6357262905162064
Ino80,0.2173829531812725,0.12940551017090873,50,0.19039615846338534
Ino80b,-0.009267707082833133,0.949068639160811,50,-0.011188475390156062
Ino80c,-0.10252100840336134,0.4786550085874231,50,-0.11577430972388955
Ino80e,0.09445378151260504,0.5141061568152153,50,0.09647058823529413
Inpp1,-0.04528211284513805,0.754847106935656,50,-0.004945978391356542
Inpp4a,-0.10463385354141658,0.46958885190595157,50,-0.01781512605042017
Inpp4b,0.07606425126445192,0.5995740059714254,50,0.013829863866263985
Inpp5a,0.026554621848739496,0.8547568235322907,50,0.06372148859543818
Inpp5b,0.0027370948379351738,0.9849490540846748,50,-0.0017767106842737094
Inpp5d,0.15390156062424967,0.28592813762721164,50,0.28989195678271307
Inpp5e,-0.09954381752701079,0.49158554857421144,50,-0.1341176470588235
Inpp5f,0.20240096038415364,0.15864904332820887,50,0.2903721488595438
Inpp5k,-0.08830732292917168,0.5419765683126397,50,0.03452581032412965
Inppl1,0.26108043217286914,0.06705136167727228,50,0.26837935174069627
Insc,0.22742442802300775,0.11220688939986566,50,0.16148859543817526
Insr,0.32859543817527015,0.019813575504473914,50,0.32878751500600234
Ints1,0.1223049219687875,0.39747712348528214,50,0.1786794717887155
Ints10,-0.10424969987995197,0.4712303742641664,50,-0.11202881152460985
Ints11,0.16878751500600236,0.24129719420588902,50,0.09512605042016806
Ints12,-0.06900360144057623,0.6339630568306114,50,0.12326530612244897
Ints13,0.05286914765906363,0.715379400371927,50,0.04230492196878751
Ints14,-0.10809123649459784,0.45495379483915,50,-0.060072028811524604
Ints2,0.019352205340640225,0.893883311086934,50,-0.008883553421368545
Ints3,-0.26588235294117646,0.062003933445958136,50,-0.24331332533013206
Ints4,-0.066890756302521,0.6444088265071674,50,-0.24811524609843938
Ints5,-0.0563265306122449,0.6976286191683302,50,0.2287154861944778
Ints6,0.2502280912364946,0.07966586147433821,50,0.18751500600240098
Ints6l,-0.09042016806722687,0.5323143957826949,50,-0.1398799519807923
Ints7,0.24110444177671067,0.09165539972196869,50,0.27529411764705874
Intu,0.01935174069627851,0.8938858443371016,50,-0.1119327731092437
Ip6k1,-0.012340936374549819,0.9322139811947295,50,-0.10405762304921969
Ipcef1,0.4060024009603841,0.0034401163386930727,50,0.45575030012004797
Ipo11,0.10569027611044417,0.46509049118211554,50,0.05978391356542617
Ipo13,0.20825930372148857,0.14668618066996592,50,0.2835534213685474
Ipo4,0.16533410170676008,0.2512010914988195,50,0.22064825930372148
Ipo5,0.003985594237695078,0.9780851204760453,50,0.07870348139255702
Ipo7,0.018968042455466228,0.8959781301702202,50,0.15347307262701282
Ipo9,0.1456422569027611,0.3128823836245549,50,0.09848739495798318
Ipp,-0.2033613445378151,0.15664042257044777,50,-0.21651860744297718
Iqcb1,-0.09771908763505403,0.499599518922039,50,-0.1345018007202881
Iqce,0.10185118493175666,0.4815484048450428,50,0.16523409363745495
Iqcg,-0.2287154861944778,0.11012876786922554,50,-0.19721488595438177
Iqgap1,-0.22804321728691473,0.11120716442916802,50,-0.09915966386554621
Iqgap2,0.12835534213685473,0.37436021185850976,50,0.13853541416566625
Iqsec1,0.018679471788715485,0.8975521529759434,50,-0.02588235294117647
Iqsec2,0.10050420168067226,0.4873946758828289,50,-0.05651860744297719
Iqub,0.1859783913565426,0.19596976003793506,50,0.20845138055222087
Irag1,0.07159663865546219,0.6212393025069451,50,0.09983193277310923
Irag2,0.15966769915044357,0.26803936272340356,50,0.21647578579554877
Irak1,-0.008403361344537815,0.9538133084615882,50,0.03385354141656663
Irak1bp1,0.007827130852340937,0.9569773122816055,50,0.017430972388955582
Irak2,-0.030204081632653063,0.8350567113874385,50,-0.08600240096038414
Irak4,-0.010324129651860744,0.9432719892746785,50,-0.09752701080432173
Ireb2,0.15793517406962787,0.27333419692148697,50,0.11846338535414166
Irf2,-0.18430214416222632,0.20010259801250402,50,-0.14420168067226888
Irf2bp1,0.3178391356542617,0.024493683073181304,50,0.34501800720288117
Irf2bp2,0.22352941176470587,0.11865800351067342,50,0.31111644657863136
Irf2bpl,0.11913565426170468,0.40991119738674603,50,-0.033277310924369745
Irf3,-0.03947273645162846,0.7854983483253226,50,0.004561824729891957
Irf5,0.4897478991596639,0.0003064725498575033,50,0.4723649459783913
Irf6,-0.0168547418967587,0.9075140280511814,50,0.0426890756302521
Irf7,0.4671788715486195,0.0006253351395243695,50,0.4968547418967587
Irf8,0.4962785114045618,0.00024700841985620135,50,0.5197118847539015
Irf9,0.4163365268073221,0.002635625575194312,50,0.39505402160864345
Irgm,0.20422569027611043,0.15484868543635935,50,0.13786314525810325
Irgq,0.2672268907563025,0.06064660530958629,50,0.3239855942376951
Irs1,0.19164465786314525,0.18244862470010928,50,0.16254501800720286
Irs2,0.3149579831932772,0.025894152051300145,50,0.3097719087635054
Irx1,0.19058823529411767,0.1849172911700519,50,0.11346938775510206
Irx2,0.00974813321129024,0.9464321724660292,50,0.05781651421868694
Isca1,0.1288355342136855,0.3725607171065508,50,-0.013013205282112843
Isca2,-0.030204081632653063,0.8350567113874385,50,0.01579831932773109
Iscu,0.1144297719087635,0.4287809515377118,50,0.052965186074429765
Isg15,0.22996398559423767,0.1081472791846759,50,0.16168067226890756
Isg20,-0.015126050420168066,0.9169646314960526,50,0.010036014405762305
Isg20l2,0.11030012004801922,0.4457354930536335,50,0.10300120048019207
Islr,0.1850704699325743,0.19820068350827702,50,0.1802684338678993
Isoc2b,0.17080432172869148,0.23563808001589995,50,0.037406962785114045
Ist1,0.1393070662362216,0.3346197513960458,50,0.005618382195669744
Isy1,0.09656662665066026,0.5046953555630573,50,0.01915966386554622
Isyna1,-0.00475390156062425,0.9738619108344221,50,-0.17675870348139258
Itch,0.20307322929171667,0.15724103790548746,50,0.3025690276110444
Itfg1,-0.1038655462184874,0.47287495671406327,50,-0.05699879951980792
Itfg2,0.1287394957983193,0.37292020022027506,50,0.19327731092436973
Itga1,0.14804321728691477,0.30488511216865344,50,0.20096038415366146
Itga2,0.257719087635054,0.07077549571908068,50,0.09579831932773109
Itga2b,0.4289555822328931,0.0018820897338943474,50,0.4495078031212485
Itga3,0.20662665066026412,0.14995077696823111,50,0.2508043217286915
Itga4,0.6208403361344538,1.508868050495454e-06,50,0.634765906362545
Itga5,0.07995198079231693,0.5809952920613815,50,0.16100840336134453
Itga6,0.358079231692677,0.010672506703973838,50,0.389483793517407
Itga7,-0.3202400960384153,0.0233756929552702,50,-0.2000960384153661
Itga8,0.25195678271308525,0.07754004025193062,50,0.19817527010804323
Itga9,0.13296518607442975,0.3573002104093525,50,0.10895558223289314
Itgal,0.6186314525810324,1.6841856137094446e-06,50,0.5613925570228091
Itgam,0.36220888355342135,0.009742156096236418,50,0.38285714285714284
Itgav,0.04269010061496071,0.7684799375929174,50,0.12461283587831613
Itgax,0.596734693877551,4.791918904287438e-06,50,0.6303481392557022
Itgb1,0.18540216086434572,0.19738358456431077,50,0.1936614645858343
Itgb1bp1,0.13238895558223288,0.35940638620830506,50,0.06372148859543818
Itgb2,0.6854741896758704,3.970346218865334e-08,50,0.6348619447779111
Itgb3,0.07851140456182472,0.5878490710968568,50,0.12979591836734694
Itgb4,0.12134453781512604,0.4012215602729833,50,0.16830732292917167
Itgb5,-0.1208643457382953,0.40310144275949744,50,0.01310924369747899
Itgb6,0.03414165666266506,0.8139135104843961,50,0.15130852340936377
Itih1,-0.049603841536614644,0.7322821803116044,50,0.002064825930372149
Itih3,0.1836734693877551,0.20166839087231644,50,0.12998799519807921
Itih4,0.08273709483793518,0.5678484153969561,50,0.12921968787515006
Itm2b,0.018775510204081632,0.8970282631008979,50,0.032989195678271306
Itm2c,-0.17262905162064823,0.23059688426227976,50,-0.2225690276110444
Itpa,0.1754141656662665,0.2230464101837563,50,0.08734693877551021
Itpk1,-0.008355542752534492,0.9540758477400062,50,-0.027515006002400956
Itpka,0.10319327731092437,0.47576032172168503,50,0.06641056422569028
Itpkb,0.22593037214885953,0.11464898673512433,50,0.1438175270108043
Itpkc,-0.13853541416566625,0.3373303264571293,50,-0.11606242496998799
Itpr1,-0.11270108043217285,0.43583358139829165,50,-0.09627851140456183
Itpr2,0.14112845138055222,0.3282758767462333,50,0.16235294117647062
Itpr3,0.1624489795918367,0.25968298059851147,50,0.0846578631452581
Itprid2,0.13959183673469386,0.3336228844020166,50,0.052292917166866744
Itprip,-0.08763505402160864,0.545068561888412,50,-0.10895558223289314
Itsn1,0.21488595438175268,0.13397488090915924,50,0.2901800720288115
Itsn2,-0.1183673469387755,0.4129588830475173,50,-0.10232893157262904
Ivd,0.05651860744297719,0.6966470434608811,50,0.1735894357743097
Ivns1abp,0.5778151260504201,1.1136751829386179e-05,50,0.478703481392557
Iws1,0.005618247298919568,0.9691116537775033,50,0.03270108043217287
Jade1,-0.1466986794717887,0.3093472534468792,50,-0.272797118847539
Jade2,0.1266266506602641,0.3808813693262309,50,0.15188475390156062
Jade3,0.23466986794717884,0.10092340630840087,50,0.1594717887154862
Jag1,0.222280912364946,0.12078430801452476,50,0.2329411764705882
Jak1,0.025306122448979586,0.861517146105322,50,-0.01915966386554622
Jak2,0.21248499399759901,0.13848144817973826,50,0.12403361344537814
Jak3,0.3254261704681872,0.021106569323306627,50,0.33118847539015606
Jam2,0.29776710684273705,0.03571333297397231,50,0.2930612244897959
Jam3,0.33483793517406957,0.017461855621273312,50,0.32196878751500596
Jcad,0.43740696278511404,0.001491213672627218,50,0.33685474189675874
Jhy,-0.013877551020408161,0.9237972168124924,50,0.0005282112845138055
Jmjd1c,0.1597637398717371,0.26774785952998814,50,-0.016711085505068984
Jmjd6,-0.08629051620648259,0.5512778736291126,50,-0.07687875150060022
Jmjd8,0.0182953181272509,0.8996481427769628,50,0.1280672268907563
Jmy,0.08244897959183674,0.5692020208639987,50,-0.0008163265306122449
Jph1,-0.03692677070828331,0.7990365169421094,50,-0.15879951980792315
Jph2,-0.08792316926770707,0.5437423838810355,50,-0.06448979591836734
Jpt1,0.24379351740696276,0.08798432295075923,50,0.19097238895558222
Jpt2,0.11337334933973588,0.43308322687472733,50,0.06343337334933974
Jtb,-0.07668667466986795,0.5965821041440148,50,0.07995198079231693
Jun,0.07975990396158462,0.5819070336441934,50,0.219015606242497
Junb,0.13868280154781384,0.3368115472499077,50,0.09397358943577432
Jund,-0.023673469387755098,0.8703723399762501,50,-0.07649459783913565
Jup,-0.17743097238895558,0.21768691775872978,50,-0.17042016806722687
Kalrn,-0.06304921968787515,0.6635752461203878,50,0.08926770708283314
Kank1,0.0710204081632653,0.6240575126328836,50,-0.07841536614645858
Kank2,0.32984393757503,0.019322931803632898,50,0.1799279711884754
Kank3,0.18924369747899158,0.18809372129698163,50,0.15303721488595437
Kank4,-0.06362545018007203,0.6606862752131101,50,-0.03097238895558223
Kansl1,-0.2607923169267707,0.06736432275279534,50,-0.37613445378151256
Kansl2,0.16744297719087634,0.24512100210279833,50,0.08955582232893158
Kansl3,-0.00024009603841536613,0.9986796663385688,50,-0.047587034813925566
Kars1,0.1309515234836871,0.36469316577926447,50,0.11683073229291716
Kat14,0.022232893157262904,0.8781988742686199,50,0.14660264105642254
Kat5,-0.12509003601440577,0.3867342723350412,50,0.0003361344537815126
Kat6a,0.0036974789915966387,0.9796689836275797,50,-0.013493397358943579
Kat7,-0.2669387755102041,0.06093543579934507,50,-0.21776710684273706
Kat8,0.03817527010804322,0.7923900459710469,50,0.05930372148859543
Katna1,0.1634093637454982,0.25683852020425263,50,0.10818727490996398
Katnal1,0.07683257703479994,0.5958817255090401,50,0.11884753901560624
Katnb1,0.1607202881152461,0.2648560565756152,50,0.146218487394958
Katnip,0.31918367346938775,0.023862208789931658,50,0.352124849939976
Kazn,0.15591836734693876,0.27958449111394346,50,0.21162064825930374
Kbtbd11,0.30602641056422564,0.030668252888214394,50,0.3456902761104441
Kbtbd2,0.027611044417767107,0.849044583975611,50,-0.01637454981992797
Kbtbd4,-0.18309723889555823,0.20311114537837996,50,-0.09166866746698678
Kcmf1,-0.08456385509892668,0.559300949666082,50,-0.10674926171772513
Kcnab2,0.5015606242496999,0.00020680164982927763,50,0.5052100840336134
Kcne2,0.1249939975990396,0.3871018342489888,50,0.00043217286914765904
Kcnj15,0.26665066026410567,0.06122536861542466,50,0.22343337334933971
Kcnk6,-0.22496998799519805,0.1162400240790686,50,-0.08619447779111644
Kcnq1,0.26050420168067223,0.06767844662711751,50,0.17695078031212486
Kctd1,0.0844657863145258,0.5597582760881983,50,0.029723889555822326
Kctd10,-0.013205282112845136,0.9274785890832614,50,0.1253781512605042
Kctd14,0.20912364945978393,0.14497932415054846,50,0.19903961584633853
Kctd17,-0.028763505402160862,0.8428218018137286,50,-0.13709483793517407
Kctd18,-0.18252100840336133,0.20456116308193023,50,-0.19078031212484994
Kctd20,-0.1367106842737095,0.3437942183463451,50,-0.026074429771908762
Kctd21,0.2873949579831933,0.04300062169297552,50,0.2527250900360144
Kctd3,-0.0561344537815126,0.6986106850585555,50,-0.13354141656662666
Kctd5,-0.15150060024009604,0.29360195131671885,50,-0.1144297719087635
Kctd9,-0.4419207683073229,0.0013136450505765887,50,-0.48379351740696275
Kdm1a,0.1226890756302521,0.3959850809429432,50,-0.03558223289315726
Kdm1b,-0.06593037214885954,0.6491796319767822,50,-0.12633853541416568
Kdm2a,-0.14765906362545017,0.30615576738241074,50,-0.2684753901560624
Kdm2b,-0.15668667466986794,0.2771924256139967,50,-0.0251140456182473
Kdm3a,-0.14516206482593036,0.3144977424473507,50,-0.22362545018007202
Kdm3b,-0.10905162064825931,0.45093312121714724,50,-0.12259303721488594
Kdm4a,0.31015606242496996,0.028377031936135944,50,0.21411764705882352
Kdm5a,-0.05459783913565427,0.7064846856496607,50,-0.003985594237695078
Kdm5b,-0.1076110444177671,0.45697143942352847,50,-0.06372148859543818
Kdm6a,0.6364945978391356,6.753235968970402e-07,50,0.6269867947178872
Kdm8,-0.0035054021608643456,0.9807249358896529,50,0.11116446578631452
Kdr,0.11798319327731092,0.41448758716608036,50,0.12941176470588234
Kdsr,0.09762304921968785,0.500023159132414,50,0.10607442977190876
Keap1,0.07649459783913565,0.5975046881375029,50,0.2543577430972389
Kel,0.062953181272509,0.6640572139268146,50,-0.005330132052821128
Khdc4,-0.07073229291716686,0.6254686212671247,50,-0.06103241296518607
Khdrbs1,0.154765906362545,0.28319799393100126,50,0.2508043217286915
Khdrbs3,0.18770708283313325,0.19177144030035298,50,0.07111644657863145
Khk,0.29920768307322926,0.034787088999689665,50,0.29978391356542616
Khnyn,0.04249699879951981,0.7694984047447928,50,0.04835534213685474
Khsrp,0.04499399759903961,0.7563589013753702,50,0.0846578631452581
Kiaa0408L,0.20758703481392557,0.14802399116700843,50,0.1011764705882353
Kidins220,0.08686674669867947,0.5486126204499956,50,0.11615846338535413
Kif13a,0.22679471788715486,0.11323128882431462,50,0.30045618247298916
Kif13b,0.10175270108043216,0.4819745953318132,50,0.12605042016806722
Kif15,0.14324129651860742,0.3210121648083788,50,0.12595438175270107
Kif16b,0.2159423769507803,0.13202715844231022,50,0.207875150060024
Kif1a,0.4218487394957983,0.002278692149159846,50,0.3668187274909964
Kif1b,-0.023193277310924368,0.8729798568310736,50,0.050756302521008406
Kif1c,0.3999519807923169,0.00400546139204348,50,0.4086914765906362
Kif21a,-0.11058823529411764,0.4445407523127833,50,-0.12547418967587035
Kif26a,0.08475390156062423,0.5584152018580083,50,0.09483793517406962
Kif27,0.08993997599039616,0.5345029055740002,50,0.04028811524609843
Kif2a,-0.2200720288115246,0.12461678374974919,50,-0.15495798319327728
Kif3a,-0.04355342136854741,0.763931322092937,50,0.0028331332533013207
Kif3b,0.21152460984393756,0.14031539485321917,50,0.222280912364946
Kif3c,0.10424969987995197,0.4712303742641664,50,0.04768307322929172
Kif4a,0.2731812725090036,0.05491946883029323,50,0.2733733493397359
Kif5b,0.022521008403361343,0.8766326204036273,50,0.04240096038415366
Kif5c,0.07236494597839135,0.61749004931738,50,0.1022328931572629
Kif7,-0.22199812726992504,0.12126990154286814,50,-0.3522773657045576
Kif9,-0.05488595438175269,0.7050059619801472,50,-0.085906362545018
Kifap3,0.18674669867947177,0.1940958599328091,50,0.27078031212484993
Kifbp,-0.11279711884753903,0.4354400775517007,50,-0.002064825930372149
Kifc3,0.11010804321728691,0.44653296997788217,50,0.14900360144057623
Kin,-0.29863145258103235,0.0351551743666827,50,-0.3047779111644658
Kirrel1,-0.018007202881152456,0.9012205808095002,50,0.011956782713085232
Kit,0.5723409363745497,1.407744909583164e-05,50,0.5158703481392557
Kitlg,-0.29863145258103235,0.0351551743666827,50,-0.2700120048019207
Kiz,0.12172869147659063,0.39972133107122904,50,0.09570228091236495
Klc1,0.10424969987995197,0.4712303742641664,50,0.1926050420168067
Klc2,-0.004465786314525811,0.9754455374575086,50,-0.03010804321728691
Klc3,0.34876350540216083,0.013055934232779677,50,0.34002400960384155
Klc4,0.11817527010804323,0.4137228304092187,50,0.25743097238895557
Klf13,0.15207683073229292,0.29174815062300696,50,0.1863625450180072
Klf3,-0.0809123649459784,0.5764463261595072,50,-0.01013205282112845
Klf4,0.21584633853541413,0.13220334127843666,50,0.21114045618247296
Klf9,0.45152460984393755,0.0009972374569143037,50,0.37392557022809125
Klhdc10,0.014645858343337334,0.9195918731388897,50,0.09339735894357742
Klhdc2,-0.19327731092436973,0.17868010035945792,50,-0.2687635054021609
Klhdc3,0.03567912796053521,0.8056925426416961,50,0.253109243697479
Klhdc7a,-0.008211284513805522,0.9548679004768095,50,0.08187274909963986
Klhl11,0.0902280912364946,0.5331892722160607,50,0.036638655462184866
Klhl18,-0.028283313325330132,0.8454134955287829,50,-0.007250900360144057
Klhl20,-0.049219687875150055,0.7342792173788053,50,-0.18463385354141656
Klhl22,-0.014069965669497735,0.9227438337321439,50,-0.07332533013205282
Klhl24,-0.07918367346938776,0.5846461351085563,50,-0.09618247298919569
Klhl25,-0.08197075562400216,0.5714520709733427,50,-0.1359423769507803
Klhl36,0.24484993997599036,0.08657393175324604,50,0.07006002400960383
Klhl41,0.20403361344537815,0.15524554069615865,50,0.19202881152460982
Klhl5,0.14304921968787515,0.3216682680999299,50,0.15553421368547415
Klhl7,0.036638655462184866,0.8005723408637344,50,-0.003217286914765906
Klhl9,-0.2510984658218555,0.07858987469387592,50,-0.29594237695078035
Klkb1,0.30573829531812724,0.030833684918832198,50,0.294405762304922
Klrg2,0.05286914765906363,0.715379400371927,50,-0.029339735894357743
Kmt2a,0.09474189675870348,0.5128176827143776,50,0.10232893157262904
Kmt2b,-0.16436974789915965,0.25401507934189005,50,-0.19174069627851137
Kmt2c,0.10722689075630251,0.458589053334824,50,0.0575750300120048
Kmt2d,-0.2976710684273709,0.03577579984068027,50,-0.16494597839135652
Kmt2e,0.2698199279711884,0.058096269603604714,50,0.3006482593037215
Kmt5b,0.029627851140456178,0.8381609225627791,50,0.16091236494597838
Kndc1,0.020792316926770707,0.8860369534931125,50,0.060072028811524604
Kng1,-0.07294117647058823,0.6146844227987611,50,0.03673469387755102
Kpna1,0.12902761104441776,0.37184237491477784,50,0.03942376950780312
Kpna2,0.4175270108043217,0.0025546030944353293,50,0.4063865546218487
Kpna3,-0.11145258103241296,0.44096716713420075,50,-0.09848739495798318
Kpna4,-0.006578631452581032,0.9638348418776679,50,-0.011092436974789914
Kpna6,0.05027611044417767,0.7287915934144177,50,0.037022809123649456
Kpnb1,-0.06842737094837935,0.6368050173218915,50,-0.06775510204081632
Kras,0.15591836734693876,0.27958449111394346,50,0.12278511404561823
Krcc1,0.23322929171668666,0.10309409561085904,50,0.207875150060024
Kri1,0.043169267707082834,0.7659543651497859,50,0.0331812725090036
Krit1,-0.03548619447779112,0.8067230507465127,50,-0.013973589435774309
Krt13,0.26761104441776706,0.060263207835077215,50,0.44691476590636253
Krt14,0.08619447779111644,0.55172268105076,50,0.0024489795918367346
Krt15,-0.019927971188475387,0.890745037661987,50,-0.04902761104441777
Krt17,0.19394957983193276,0.17714476680649793,50,0.13296518607442975
Krt18,0.35097238895558225,0.012453053585615728,50,0.46295318127250895
Krt19,0.3271548619447779,0.020392749388143526,50,0.4084993997599039
Krt4,0.2457142857142857,0.08543317609766217,50,0.29738295318127245
Krt5,-0.09493397358943578,0.511959606175683,50,-0.20182472989195677
Krt7,0.4231932773109244,0.002198419092289577,50,0.35942376950780314
Krt76,0.3970708283313325,0.0043022680042829435,50,0.3122689075630252
Krt79,0.17685474189675868,0.21920896593046252,50,0.16840336134453782
Krt8,0.1962545018007203,0.17195303492805075,50,0.2985354141656662
Krt80,0.5466026410564225,4.0131833629470595e-05,50,0.4611284513805522
Ksr1,0.11990396158463384,0.4068765010018678,50,0.0885954381752701
Ktn1,0.2221848739495798,0.12094905796724008,50,0.1497719087635054
Kxd1,-0.2731812725090036,0.05491946883029323,50,-0.32148859543817526
Kyat1,-0.11788715486194477,0.4148702689124056,50,-0.1086674669867947
Kyat3,0.37901560624249697,0.006640649575950833,50,0.375078031212485
Kynu,0.2179591836734694,0.12836788335815674,50,0.16504201680672267
L1cam,-0.08801920768307324,0.5433006702649567,50,-0.06228091236494597
L2hgdh,0.15716686674669866,0.2757042615743796,50,0.08369747899159663
L3hypdh,0.2802881152460984,0.048664042328694083,50,0.3011284513805522
L3mbtl2,-0.050372148859543824,0.7282933804348101,50,-0.15505402160864346
L3mbtl3,0.20950780312124848,0.14422546807816897,50,0.18665066026410562
LOC100294508,0.10501800720288115,0.46795039543871175,50,0.06429771908763504
LOC100360057,0.060072028811524604,0.6785780674684071,50,0.14477791116446578
LOC100360846,-0.0385594237695078,0.7903478899673712,50,-0.02424969987995198
LOC100911374,0.24736281727138254,0.08329010849377094,50,0.29186601695922015
LOC102548514,-0.14641056422569024,0.31030883511378676,50,-0.004081632653061224
LOC102556096,-0.03625450180072028,0.802621267065429,50,0.0050420168067226885
LOC102556347,0.05555822328931572,0.7015598094284042,50,0.023289315726290515
LOC103694328,-0.09627851140456183,0.5059734470588745,50,-0.17186074429771905
LOC108351137,0.10338535414165667,0.4749349791129629,50,0.08408163265306122
LOC108353015,0.027070812707610106,0.8519647602433482,50,0.0373778617472691
LOC24906,0.3591356542617047,0.010427513383244045,50,0.3958223289315726
LOC288913,-0.15198079231692677,0.29205658724165856,50,-0.07274909963985594
LOC288978,0.07082833133253301,0.6249981037249486,50,0.09704681872749099
LOC299282,0.3016086434573829,0.033287530885072386,50,0.3049699879951981
LOC306766,0.04701080432172868,0.7457956102653991,50,0.01503001200480192
LOC314140,0.050372148859543824,0.7282933804348101,50,0.1173109243697479
LOC498154,-0.2353421368547419,0.09992256378115114,50,-0.2634813925570228
LOC498222,0.2945018007202881,0.037888380487594624,50,0.207875150060024
LOC499240,-0.07860744297719087,0.5873910280279689,50,-0.11279711884753903
LOC499331,-0.16398559423769507,0.2551419349962814,50,-0.17042016806722687
LOC500227,-0.1493877551020408,0.3004645478631454,50,-0.1365186074429772
LOC679149,-0.013589435774309724,0.9253747587611171,50,-0.11020408163265305
LOC679739,-0.07975990396158462,0.5819070336441934,50,-0.07159663865546219
LOC679894,0.09051620648259305,0.531877221666068,50,0.04701080432172868
LOC680039,0.1367106842737095,0.3437942183463451,50,0.06573829531812725
LOC681282,-0.014645858343337334,0.9195918731388897,50,0.0695798319327731
LOC681355,-0.11001200480192078,0.4469320031335666,50,-0.15025210084033613
LOC681367,-0.1894357743097239,0.18763757449467522,50,-0.12163265306122449
LOC681410,-0.0041776710684273705,0.9770292578143899,50,0.07159663865546219
LOC683313,-0.1067019099836729,0.4608046871137557,50,-0.10545281063222063
LOC684270,0.19807923169267705,0.1679217900172661,50,0.23121248499399757
LOC685067,0.3998175227448401,0.004018901586648479,50,0.5303848833433532
LOC685619,-0.26511404561824725,0.06279041079231697,50,-0.22439375750300117
LOC685849,0.09973589435774309,0.49074587836538336,50,0.07342136854741896
LOC688286,0.1675390156062425,0.24484651565900284,50,0.21613445378151258
LOC688553,-0.016470588235294115,0.9096131131071888,50,0.033565426170468184
LOC689959,-0.022521008403361343,0.8766326204036273,50,-0.11452581032412965
LOC690000,0.037695078031212484,0.7949446802314588,50,-0.07351740696278511
LOC690035,0.0041776710684273705,0.9770292578143899,50,-0.044129651860744294
LOC690276,0.00043217286914765904,0.9976234017621981,50,0.04057623049219687
LOC691143,0.07649459783913565,0.5975046881375029,50,0.019927971188475387
Lacc1,0.34012004801920764,0.015661240466766816,50,0.294405762304922
Lactb,0.29248499399759903,0.03928547240186591,50,0.23716686674669865
Lactb2,-0.024345738295318126,0.866724113819169,50,0.023385354141656663
Lad1,0.08792316926770707,0.5437423838810355,50,0.11865546218487394
Lage3,-0.06093637454981993,0.6742093668352068,50,-0.10981992797118847
Lama2,0.42079231692677066,0.002343576292490296,50,0.41493397358943573
Lama3,0.12220888355342135,0.39785064632490746,50,0.26357743097238895
Lama4,0.19164465786314525,0.18244862470010928,50,0.17589435774309725
Lama5,0.2872989195678271,0.043073389682342096,50,0.3200480192076831
Lamb1,0.24494597839135654,0.08644659608519722,50,0.19078031212484994
Lamb2,0.26665066026410567,0.06122536861542466,50,0.3228331332533013
Lamb3,0.17186074429771905,0.23271036864627456,50,0.1507322929171669
Lamc1,0.16024009603841535,0.2663051405168559,50,0.1241296518607443
Lamc2,0.21411764705882352,0.13540486646628255,50,0.1287394957983193
Lamc3,0.33647058823529413,0.01688743100376697,50,0.3780552220888355
Lamp1,-0.16221277826472136,0.2603857837835619,50,-0.049412951105505705
Lamp2,0.12096038415366145,0.4027250580268724,50,0.13728691476590635
Lamp3,0.5859783913565426,7.790302286740793e-06,50,0.546890756302521
Lamtor1,0.14180072028811525,0.3259535839553245,50,0.12316926770708284
Lamtor2,-0.011092436974789914,0.9390580533725903,50,-0.07370948379351741
Lamtor3,0.3677791116446578,0.008598644148401606,50,0.2204561824729892
Lamtor4,0.29229291716686673,0.039420709024652265,50,0.2059543817527011
Lamtor5,0.24331332533013206,0.08863131145915563,50,0.2360144057623049
Lancl1,-0.005714285714285714,0.9685839099521202,50,0.0012965186074429772
Lancl2,-0.032220888355342134,0.8242118518362515,50,-0.020792316926770707
Lap3,0.2372629051620648,0.09710522121081268,50,0.1828091236494598
Large1,0.13315726290516205,0.3565998277358196,50,0.1710924369747899
Larp1,-0.010900360144057623,0.9401113869310186,50,0.11241296518607442
Larp4b,0.14218487394957982,0.3246312147655424,50,0.18588235294117647
Larp7,-0.06881152460984392,0.6349097988988524,50,0.06573829531812725
Lars1,0.09791116446578632,0.498752792431235,50,0.08523409363745497
Lars2,0.23130852340936373,0.10604404819123023,50,0.21507803121248498
Las1l,-0.18588235294117647,0.19620489704511831,50,-0.2134453781512605
Lasp1,-0.05133253301320528,0.7233173942330269,50,-0.023001200480192076
Lats1,0.0966626650660264,0.5042696916034142,50,0.016950780312124852
Lats2,0.26424969987995195,0.06368472258328754,50,0.25330132052821125
Lbh,0.1499639855942377,0.298582748649281,50,0.08888355342136854
Lbp,0.10021608643457382,0.4886499728762951,50,0.036638655462184866
Lca5,0.02156062424969988,0.8818552524140807,50,-0.06160864345738295
Lcat,0.09051620648259305,0.531877221666068,50,-0.04701080432172868
Lck,0.6792316926770707,5.870308821562858e-08,50,0.6169027611044418
Lclat1,0.14780667007069634,0.30566713181893296,50,0.28509003601440575
Lcmt1,-0.1332533013205282,0.356249950777137,50,-0.05968787515006002
Lcor,0.059495798319327726,0.6814963672758616,50,0.005714285714285714
Lcp1,0.7240816326530614,2.804319517421542e-09,50,0.5981752701080433
Lcp2,0.6601200480192077,1.8364244334579672e-07,50,0.5490036014405761
Ldah,-0.04076830732292917,0.7786329249781234,50,-0.06929171668667466
Ldb1,-0.18799519807923168,0.1910779964419356,50,-0.046530612244897955
Ldb2,0.046530612244897955,0.7483065676552072,50,0.08600240096038414
Ldb3,-0.0712124849939976,0.6231175145698026,50,-0.0670828331332533
Ldha,0.27500600240096035,0.05325456158884444,50,0.1660984393757503
Ldhb,0.3277310924369748,0.02015938685142309,50,0.2988235294117647
Ldhd,0.0930634589334014,0.5203466248021587,50,0.1895843838333688
Ldlr,0.684033613445378,4.348998532773267e-08,50,0.6484033613445378
Ldlrap1,0.24437561533131047,0.08720498267113579,50,0.22233426979445226
Lemd2,-0.08292917166866745,0.5669468413550871,50,-0.10088835534213686
Lemd3,0.05056422569027611,0.7272972880782103,50,-0.04825930372148859
Leng8,-0.015990396158463382,0.9122378272750652,50,-0.025018007202881155
Leng9,-0.2588715486194478,0.06948058301482493,50,-0.24254501800720288
Leo1,0.03289315726290516,0.8206040037107419,50,0.07006002400960383
Letm1,-0.1975030012004802,0.16918731906012222,50,-0.2130612244897959
Letmd1,0.09531812725090036,0.5102456319369316,50,0.13152460984393755
Lfng,0.044225690276110445,0.7603947565343314,50,-0.03807923169267707
Lgals1,-0.12672268907563025,0.38051732071102834,50,-0.09695078031212485
Lgals3,0.5312012294743479,7.217041499378893e-05,50,0.502328931572629
Lgals3bp,0.30871548619447775,0.02915951063418648,50,0.24273709483793518
Lgals8,0.1624489795918367,0.25968298059851147,50,0.21085234093637453
Lgals9,0.22448979591836735,0.11704181542902396,50,0.35260504201680665
Lgalsl,-0.1353693966631881,0.3485940653047824,50,-0.22593579684295853
Lgi3,0.4448979591836734,0.0012071131200913172,50,0.45949579831932774
Lgmn,0.4933973589435774,0.0002718144835337016,50,0.3014165666266506
Lhb,-0.1936614645858343,0.1778015975058732,50,-0.1607202881152461
Lhfpl6,0.13267707082833133,0.3583523558391349,50,0.31351740696278513
Lhpp,0.2586794717887155,0.06969508384470641,50,0.3064105642256902
Lias,-0.2615606242496999,0.06653233616844036,50,-0.22247298919567823
Lifr,0.07418967587034814,0.6086242993514357,50,-0.04172869147659064
Lig1,0.0993517406962785,0.4924259650145456,50,0.04777911164465786
Lig3,-0.2998799519807923,0.034361689469627824,50,-0.33685474189675874
Lig4,-0.011668667466986795,0.9358986792620421,50,0.0008163265306122449
Lima1,0.3270588235294118,0.020431864081013818,50,0.3061224489795918
Limch1,0.3633613445378151,0.009495360105722337,50,0.18876350540216086
Limd1,-0.3834333733493397,0.005984557481167342,50,-0.4042737094837935
Limd2,0.17656662665066022,0.21997275812295494,50,0.26511404561824725
Limk1,-0.006578631452581032,0.9638348418776679,50,-0.18693877551020407
Limk2,-0.08187274909963986,0.5719136983199204,50,0.027803121248499398
Lims1,-0.06362545018007203,0.6606862752131101,50,-0.10972388955582232
Lims2,0.36432172869147655,0.009293838762510607,50,0.2712605042016807
Lin54,0.0962328027360869,0.5061763641212003,50,0.100984393757503
Lin7a,0.11798319327731092,0.41448758716608036,50,0.19308523409363745
Lin7c,0.027226890756302524,0.8511208900266356,50,-0.10127250900360144
Lin9,-0.001680672268907563,0.9907578604310985,50,0.0035054021608643456
Lipa,0.1762785114045618,0.2207383974025891,50,0.19663865546218487
Lipe,0.6731812725090036,8.499409165129209e-08,50,0.6793277310924369
Lipt1,0.02156062424969988,0.8818552524140807,50,0.01503001200480192
Lix1l,-0.052292917166866744,0.7183527092577802,50,0.1567827130852341
Llgl1,0.10444177671068428,0.4704092302099473,50,0.21565426170468185
Llgl2,0.29181272509003603,0.03976047539358096,50,0.17349339735894356
Llph,0.06698679471788715,0.6439325209967761,50,0.01771908763505402
Lman1,-0.004561824729891957,0.9749176512032458,50,0.17397358943577432
Lman2,0.08782713085234094,0.5441842704398321,50,0.07735894357743096
Lman2l,0.14986794717887153,0.2988958515111014,50,0.22641056422569028
Lmbrd1,-0.1309483793517407,0.3647047810053859,50,-0.09906362545018006
Lmbrd2,0.11980792316926771,0.40725512665571495,50,0.056806722689075634
Lmcd1,0.34146458583433376,0.01522901849855684,50,0.3142857142857143
Lmf2,0.0033133253301320525,0.9817809208576903,50,-0.06775510204081632
Lmna,-0.02674669867947179,0.8537176771711391,50,0.25551020408163266
Lmnb1,-0.0015846338535414166,0.991285961741987,50,0.055078031212484994
Lmnb2,-0.04710684273709483,0.7452937314362832,50,-0.1348859543817527
Lmo2,0.08734693877551021,0.5463962930194103,50,0.09051620648259305
Lmo4,-0.09435774309723889,0.5145360102171661,50,0.006674669867947179
Lmo7,0.1733013205282113,0.22875845435870845,50,0.10415366146458584
Lmod1,-0.05152460984393757,0.7223235471625435,50,-0.10857142857142857
Lmod2,-0.09224489795918367,0.52403833663122,50,0.017623049219687877
Lmtk2,0.14511752987447835,0.31464782591190715,50,0.0975773728341959
Lnpep,0.1491956782713085,0.30109351137594936,50,0.17195678271308523
Lnpk,0.05901560624249699,0.6839318162727875,50,0.01666266506602641
Lnx2,-0.2041296518607443,0.15504701970527107,50,-0.4863865546218487
Lonp1,-0.18021608643457382,0.21043410218481773,50,-0.10933973589435773
Lonp2,0.055078031212484994,0.704020745069616,50,0.1241296518607443
Lox,0.09647058823529413,0.5051212028634926,50,0.20144057623049216
Loxl1,0.22756302521008404,0.11198237554583139,50,0.25493397358943576
Loxl2,0.46535414165666267,0.0006610539315866755,50,0.2758703481392557
Loxl3,0.01781512605042017,0.9022690817725499,50,-0.03558223289315726
Loxl4,0.34088835534213685,0.015412994954532392,50,0.3715246098439376
Lpar3,0.3138055222088835,0.026472806452276558,50,0.21709483793517406
Lpcat1,0.25594852224717723,0.0728021708795901,50,0.18492640885063408
Lpcat2,0.1955389085535658,0.17355293263192983,50,0.26626650660264106
Lpcat3,0.1950060024009604,0.17475136273908423,50,0.1388235294117647
Lpcat4,0.14304921968787515,0.3216682680999299,50,0.21891956782713082
Lpgat1,-0.061992797118847545,0.6688842666153456,50,-0.038367346938775505
Lpin1,0.021176470588235297,0.8839457115687899,50,0.11289315726290516
Lpin2,-0.0028331332533013207,0.984421014611148,50,-0.09330132052821127
Lpin3,0.3419049678048596,0.015089680272123587,50,0.3544297719087635
Lpl,0.21911164465786312,0.12631143390035948,50,0.11721488595438176
Lpo,-0.10847539015606242,0.45334318393026024,50,-0.030396158463385354
Lpp,0.1859783913565426,0.19596976003793506,50,0.4552701080432172
Lpxn,0.5529411764705883,3.1254930942367745e-05,50,0.35106842737094834
Lratd1,-0.07937575030012005,0.5837324562896088,50,-0.045474189675870344
Lrba,0.2518607442977191,0.07765695534272622,50,0.2572388955582233
Lrch1,0.10732292917166866,0.4581843586731788,50,0.025306122448979586
Lrch3,-0.08897959183673469,0.5388930731522071,50,-0.05056422569027611
Lrch4,-0.02482593037214886,0.8641199156786887,50,0.007635054021608643
Lrg1,0.6163265306122448,1.8871885794137255e-06,50,0.6883553421368548
Lrguk,0.06112845138055222,0.6732399810589117,50,0.060840336134453776
Lrig1,0.026362545018007204,0.8557962139030558,50,-0.04691476590636255
Lrp1,-0.05882494179226869,0.6848997179658345,50,-0.037406962785114045
Lrp2,0.5815606242496999,9.46382815237811e-06,50,0.5265306122448979
Lrp4,-0.007058823529411764,0.9611969970014109,50,0.08244897959183674
Lrp5,0.20470588235294118,0.153859812108914,50,0.16187274909963983
Lrpap1,-0.033614252452724966,0.8167382044927929,50,0.03856034959934021
Lrpprc,0.015702280912364946,0.913813102725811,50,-0.041152460984393756
Lrrc1,0.03404561824729892,0.8144277037768815,50,0.100984393757503
Lrrc17,0.1757983193277311,0.22201857089035187,50,0.17551020408163265
Lrrc18,-0.15265306122448982,0.2899019838203246,50,-0.10434573829531814
Lrrc20,0.00552220888355342,0.9696394107021206,50,-0.10943577430972388
Lrrc23,0.12720288115246098,0.3787001846121899,50,0.07534213685474188
Lrrc25,0.05930372148859543,0.6824701629112091,50,0.09003601440576231
Lrrc34,0.10732292917166866,0.4581843586731788,50,0.11759903961584633
Lrrc40,0.049315726290516206,0.7337797943319674,50,0.14612244897959184
Lrrc41,-0.16225690276110444,0.26025439723024896,50,-0.13843937575030013
Lrrc42,-0.31082833133253296,0.028017914222944695,50,-0.32168067226890756
Lrrc45,0.29478991596638654,0.03769217816807125,50,0.2640576230492197
Lrrc46,-0.011188475390156062,0.9385314251981255,50,0.008691476590636255
Lrrc47,-0.09627851140456183,0.5059734470588745,50,-0.09243697478991596
Lrrc57,-0.0018727490996398558,0.98970166979651,50,0.03932773109243697
Lrrc58,0.2985354141656662,0.035216833736793005,50,0.30833133253301315
Lrrc59,0.11174337922498713,0.4397684736404826,50,0.051525846973962695
Lrrc71,0.016566626650660263,0.9090882839930864,50,-0.013685474189675868
Lrrc74b,-0.049315726290516206,0.7337797943319674,50,0.045954381752701084
Lrrc8a,0.2797118847539015,0.049148630346944396,50,0.20345738295318128
Lrrc8b,0.09752701080432173,0.5004469838467484,50,0.1228811524609844
Lrrc8c,-0.11452581032412965,0.428391032869492,50,-0.17512605042016804
Lrrc8d,0.009459783913565426,0.9480144998904445,50,-0.002064825930372149
Lrrfip1,0.23111644657863145,0.10634257172415776,50,0.32581032412965183
Lrrfip2,-0.20797118847539015,0.1472584272135925,50,-0.19222088835534215
Lrrk1,0.024921968787515004,0.8635992466184883,50,-0.13210084033613445
Lrrk2,0.4271308523409364,0.0019775741687530655,50,0.4661224489795918
Lrrn4,0.19154861944777912,0.1826720660912252,50,0.18463385354141656
Lrrn4cl,-0.033373349339735896,0.818029213335407,50,-0.15649459783913564
Lrsam1,-0.3106362545018007,0.028120130113926316,50,-0.26424969987995195
Lrwd1,-0.31918367346938775,0.023862208789931658,50,-0.37459783913565425
Lsamp,-0.049315726290516206,0.7337797943319674,50,0.03481392557022809
Lsg1,0.15466986794717885,0.28350049578454267,50,0.06506602641056422
Lsm12,-0.23899159663865546,0.094622554993456,50,-0.2430252100840336
Lsm14a,0.07774309723889555,0.5915191594695827,50,-0.022328931572629048
Lsm14b,-0.059495798319327726,0.6814963672758616,50,-0.15294117647058825
Lsm2,-0.027322929171668665,0.8506017192354086,50,0.03452581032412965
Lsm3,0.13978391356542613,0.33295154951212763,50,0.11644657863145258
Lsm4,-0.10751500600240095,0.4573755516331073,50,-0.1533253301320528
Lsm5,-0.11769507803121249,0.41563623882851247,50,-0.16763505402160866
Lsm6,0.07899159663865546,0.585560457424426,50,0.12451380552220888
Lsm7,0.07774309723889555,0.5915191594695827,50,-0.00849939975990396
Lsm8,-0.10885954381752701,0.4517356940943246,50,-0.1745498199279712
Lsp1,0.5531332533013206,3.101658985607433e-05,50,0.5569747899159664
Lsr,0.13584633853541417,0.3468826088006764,50,0.039135654261704685
Lss,0.17224489795918366,0.23165196905395388,50,0.13786314525810325
Lta4h,0.4046578631452581,0.0035592774081497722,50,0.5606242496998799
Ltbp1,0.20605042016806724,0.15111570419875842,50,0.157358943577431
Ltbp2,0.11615846338535413,0.4217930485541134,50,0.011668667466986795
Ltbp3,-0.11606521168319463,0.4221683423565114,50,-0.11923169267707083
Ltbp4,-0.022905162064825933,0.8745450103974277,50,-0.03375750300120048
Ltbr,0.2921968787515006,0.03948847069586931,50,0.18482593037214884
Ltn1,0.17675870348139258,0.2194633581735469,50,0.060264105642256906
Ltv1,0.19078031212484994,0.18446667203560543,50,0.24897959183673468
Luc7l,-0.2557022809123649,0.07308763687243035,50,-0.2053781512605042
Luc7l2,0.37046818727490993,0.008089498001245431,50,0.31102040816326526
Luc7l3,0.09099639855942376,0.5296939968421751,50,0.24705882352941175
Lum,-0.07370948379351741,0.6109520680536464,50,-0.03615846338535413
Lurap1,0.11241296518607442,0.43701528359012115,50,0.11932773109243697
Lurap1l,0.0168547418967587,0.9075140280511814,50,-0.06785114045618247
Luzp1,0.46641056422569027,0.0006401571763421303,50,0.3931332533013205
Lxn,-0.11577430972388955,0.42334030156988056,50,-0.04009603841536614
Ly6c,0.24360144057623048,0.08824267438668988,50,0.28950780312124846
Ly6e,0.30583433373349334,0.03077845868460488,50,0.2833613445378151
Ly6g6f,0.19942376950780313,0.1649956828906995,50,0.19164465786314525
Ly75,-0.004945978391356542,0.9728062148102008,50,-0.043073229291716676
Lyar,-0.09186074429771908,0.525775341566126,50,-0.06055222088835534
Lyn,-0.081968787515006,0.5714613394113613,50,0.04220888355342137
Lypd2,-0.051236494597839126,0.7238144873817068,50,0.07831932773109243
Lypla1,-0.020024009603841535,0.8902217299271966,50,0.0954141656662665
Lypla2,0.16398559423769507,0.2551419349962814,50,0.2914285714285714
Lyrm1,0.06641056422569028,0.6467924718812164,50,0.033373349339735896
Lyrm4,-0.047490996398559415,0.7432872647025576,50,0.038463385354141656
Lyrm7,0.13709483793517407,0.3424270752755036,50,0.10156062424969987
Lyrm9,-0.013205282112845136,0.9274785890832614,50,-0.07342136854741896
Lysmd1,-0.12797118847539016,0.3758035482394883,50,-0.17512605042016804
Lysmd2,0.15034813925570228,0.29733245851278994,50,0.17291716686674669
Lyve1,0.4090756302521008,0.0031808586828256658,50,0.26549819927971186
Lyz2,0.2828811524609844,0.04653123610011558,50,0.29863145258103235
Lzic,-0.22016806722689078,0.12444826771332106,50,-0.284609843937575
Lztfl1,0.1733013205282113,0.22875845435870845,50,0.18060024009603842
Lztr1,0.3397440515757559,0.015783963462203898,50,0.3729651860744298
Lzts1,-0.05421368547418968,0.708457986394982,50,-0.1797358943577431
Lzts2,0.02175270108043217,0.8808103207234205,50,0.0811044417767107
M6pr,-0.03721488595438175,0.7975014454969093,50,0.04518607442977191
MGC105649,0.46522125394571356,0.000663725551988256,50,0.4950300120048019
MGC108823,0.4009123649459784,0.003910606475235296,50,0.34108043217286915
MGC94207,0.13392557022809123,0.3538066833286562,50,0.023001200480192076
MGC95208,0.08734693877551021,0.5463962930194103,50,-0.061224489795918366
MGC95210,0.03932773109243697,0.7862677701948961,50,-0.19394957983193276
Mab21l4,0.26665066026410567,0.06122536861542466,50,0.2980552220888355
Macf1,0.06813925570228091,0.6382279436007692,50,0.18665066026410562
Maco1,-0.06314677425047618,0.663085807516171,50,-0.027130852340936373
Macrod1,0.2230492196878751,0.11947242414860526,50,0.13555822328931572
Macroh2a1,-0.30324129651860743,0.03229873897843809,50,-0.27702280912364946
Macroh2a2,0.1330612244897959,0.35694991429029194,50,0.11519807923169266
Mad1l1,-0.08340936374549819,0.5646958176738254,50,0.09272509003601441
Mad2l1,0.03548619447779112,0.8067230507465127,50,0.0387515006002401
Mad2l1bp,-0.23380552220888354,0.10222154647476299,50,-0.21402160864345737
Madd,0.22689075630252098,0.11307459610347816,50,0.10981992797118847
Maea,-0.31929504454795027,0.023810521204175646,50,-0.33867947178871544
Maf1,-0.056806722689075634,0.6951756021337345,50,-0.10876350540216086
Maff,0.11394957983193275,0.43073354017375876,50,0.1504441776710684
Mafg,-0.2611764705882353,0.06694729922761217,50,-0.2703961584633853
Mafk,-0.0007202881152460984,0.9960390130202849,50,-0.013205282112845136
Maged1,0.30573829531812724,0.030833684918832198,50,0.3149579831932772
Maged2,0.13133253301320527,0.3632872766392256,50,0.16369747899159662
Mageh1,-0.1787755102040816,0.21416412716384056,50,-0.2647298919567827
Magi1,0.35394957983193276,0.011678350098987208,50,0.24984393757502998
Magi3,0.18665066026410562,0.19432939839925134,50,0.21373349339735895
Magix,0.058343337334933965,0.6873467957767785,50,-0.028475390156062427
Magoh,0.14986794717887153,0.2988958515111014,50,0.20259303721488592
Magt1,-0.14362545018007203,0.3197024999729488,50,-0.05901560624249699
Maip1,0.07553421368547418,0.6021269961462214,50,0.12595438175270107
Mak,-0.135078031212485,0.3496421518419177,50,-0.19798319327731093
Mak16,-0.1201920768307323,0.40574184486393966,50,-0.02463385354141657
Mal2,-0.016950780312124852,0.9069893539372285,50,0.04566626650660264
Malt1,0.3783433373349339,0.006745788127070189,50,0.3609603841536615
Mamdc2,-0.04979591836734694,0.7312843187919351,50,-0.03798319327731092
Maml1,0.05834473818580119,0.6873396733049149,50,0.04629162766346696
Maml2,-0.003601440576230492,0.9801969555584257,50,-0.04009603841536614
Man1a1,0.37219687875150054,0.007776169128735866,50,0.4474909963985594
Man1a2,0.1925090036014406,0.18044647770914118,50,0.049603841536614644
Man1b1,0.09800720288115244,0.4983297063593493,50,0.05527010804321728
Man1c1,-0.13277629718826361,0.357989786049436,50,-0.14122448979591837
Man2a1,0.36912364945978393,0.008340706974341546,50,0.33128451380552215
Man2a2,-0.026938775510204082,0.8526787765291988,50,0.016950780312124852
Man2b1,-0.06602641056422569,0.6487019197630061,50,0.011956782713085232
Man2b2,0.40678047503861886,0.0033727766653094903,50,0.387563025210084
Man2c1,0.027226890756302524,0.8511208900266356,50,0.15486194477791115
Manba,0.3026650660264106,0.03264490437993948,50,0.26175270108043214
Manbal,0.1630252100840336,0.2579737805941781,50,0.12941176470588234
Manea,-0.05046818727490996,0.7277952785933703,50,-0.06593037214885954
Manf,-0.046530612244897955,0.7483065676552072,50,0.1332533013205282
Maoa,-0.023001200480192076,0.8740232394253051,50,0.011668667466986795
Maob,-0.21411764705882352,0.13540486646628255,50,-0.17522208883553422
Map1a,-0.11951980792316927,0.4083922236223843,50,-0.14775510204081632
Map1b,0.04076830732292917,0.7786329249781234,50,0.16148859543817526
Map1lc3a,0.28941176470588237,0.041495588160300044,50,0.4345258103241297
Map1lc3b,0.2717406962785114,0.05626333929426284,50,0.09454981992797118
Map1s,0.21181781081281406,0.13975359136874754,50,0.12115246098439375
Map2,0.2638655462184874,0.0640854507661199,50,0.25224489795918364
Map2k1,0.3151500600240096,0.02579874685623074,50,0.02578631452581032
Map2k2,-0.15755102040816327,0.27451753763906106,50,-0.2706842737094838
Map2k3,0.022040816326530613,0.8792433004330112,50,0.03673469387755102
Map2k4,-0.11366146458583432,0.4319074870573528,50,-0.16561824729891955
Map2k5,0.0003361344537815126,0.9981515336582548,50,0.0974309723889556
Map2k6,-0.4731332533013205,0.0005205419670326728,50,-0.35193277310924365
Map2k7,0.1241296518607443,0.390419166701422,50,0.13402160864345739
Map3k11,-0.11894357743097239,0.41067190225859995,50,-0.16091236494597838
Map3k2,0.06516206482593037,0.6530063475185934,50,0.052292917166866744
Map3k20,0.020216086434573826,0.8891752536029512,50,0.04989195678271309
Map3k3,0.004369747899159664,0.9759734341266462,50,0.017046818727490996
Map3k4,0.1086674669867947,0.45253904854968563,50,0.03817527010804322
Map3k5,0.2636734693877551,0.06428656945512991,50,0.0617046818727491
Map3k6,0.15860744297719087,0.2712714884666112,50,0.11980792316926771
Map3k7,-0.12460984393757503,0.388574143872945,50,-0.11020408163265305
Map3k8,0.011956782713085232,0.9343193556460773,50,-0.009651860744297719
Map4,0.22208883553421366,0.12111397811759446,50,0.21930372148859542
Map4k1,0.6009603841536615,3.9399512167333895e-06,50,0.5999039615846339
Map4k2,0.3224489795918367,0.022385328935963674,50,0.3314765906362545
Map4k3,0.1599519807923169,0.2671771221430569,50,0.1607202881152461
Map4k4,-0.11318127250900359,0.433868048538726,50,-0.18693877551020407
Map4k5,0.39774309723889556,0.004231338579679778,50,0.42540216086434574
Map6,0.36009603841536614,0.010209011577281163,50,0.05795918367346939
Map7,0.14458583433373348,0.31644316861916943,50,0.18444177671068426
Map7d1,0.3846818727490996,0.005809707660474653,50,0.27683073229291716
Map9,-0.2613685474189676,0.06673956056047745,50,-0.31178871548619447
Mapk1,0.08408163265306122,0.5615513980361976,50,0.11817527010804323
Mapk12,0.5242256902761104,9.327929333665175e-05,50,0.49406962785114045
Mapk13,0.2035534213685474,0.15624094928301424,50,0.20912364945978393
Mapk14,0.10876350540216086,0.4521372736654675,50,0.053733493397358945
Mapk3,0.04969987995198079,0.7317831946429013,50,0.02799519807923169
Mapk7,-0.25512605042016806,0.07375912294772996,50,-0.16024009603841535
Mapk8,-0.04249699879951981,0.7694984047447928,50,-0.13459783913565426
Mapk8ip1,0.237556724119472,0.09667973205874872,50,0.20605042016806724
Mapk8ip3,-0.13334933973589436,0.35590028344525193,50,-0.13133253301320527
Mapk9,0.056038415366146455,0.6991019013727332,50,-0.04182472989195678
Mapkap1,-0.004273709483793517,0.9765013409868725,50,0.0683313325330132
Mapkapk2,0.33262905162064826,0.018265352607474392,50,0.3168787515006002
Mapkapk3,0.4096518607442977,0.0031342151683294733,50,0.3631692677070828
Mapkapk5,-0.07755102040816325,0.5924382718268313,50,-0.07582232893157262
Mapkbp1,0.2550300120048019,0.07387151060810099,50,0.2910444177671068
Mapre1,-0.05402160864345738,0.7094453488485954,50,-0.013397358943577431
Mapre3,0.16235294117647062,0.25996858368021925,50,0.20144057623049216
Mapt,0.42693877551020404,0.0019878713574718564,50,0.44067226890756306
Marchf5,0.028187274909963984,0.8459320296355735,50,0.04883553421368547
Marchf7,0.008691476590636255,0.9522315678165846,50,-0.03250900360144057
Marcks,0.20912364945978393,0.14497932415054846,50,0.2715486194477791
Marcksl1,0.18559423769507805,0.19691150882321412,50,0.15543817527010806
Marf1,-0.16379351740696277,0.255706622957568,50,-0.1558223289315726
Mark2,-0.2586794717887155,0.06969508384470641,50,-0.1537094837935174
Mark3,0.0896059929668354,0.5360276451612093,50,0.007107013375718993
Mark4,0.08744297719087635,0.5459535436144716,50,0.13373349339735893
Mars1,-0.21939975990396157,0.1258012245669263,50,-0.24984393757502998
Marveld2,-0.03308523409363745,0.8195738612852521,50,-0.0887875150060024
Masp1,0.17858343337334934,0.21466493029252487,50,0.19702280912364944
Masp2,0.02914765906362545,0.840749631753519,50,0.0011044417767106843
Mast2,0.3001680672268907,0.03418069751234758,50,0.29939975990396156
Mast3,0.08043217286914765,0.5787187754727622,50,0.16667466986794718
Mat1a,0.3266746698679472,0.020588957010291127,50,0.25599039615846336
Mat2a,0.17819927971188473,0.21566898765633302,50,0.11683073229291716
Mat2b,0.03759903961584634,0.7954558636185503,50,-0.11145258103241296
Matn4,0.04825930372148859,0.7392794043763776,50,0.06765906362545018
Matr3,0.1274909963985594,0.37761239010583864,50,0.1533253301320528
Mau2,-0.010708283313325332,0.9411648219534628,50,-0.028379351740696276
Mavs,0.01531812725090036,0.9159139790947153,50,0.11058823529411764
Max,-0.17551020408163265,0.2227891418042841,50,-0.13805522208883553
Maz,0.21968787515006,0.12529257145179043,50,0.17906362545018004
Mb,0.03241296518607443,0.8231806675615939,50,0.04086434573829532
Mb21d2,0.13536614645858341,0.3486057461205252,50,0.04518607442977191
Mbd1,0.09224489795918367,0.52403833663122,50,0.03010804321728691
Mbd2,0.03260504201680672,0.8221497788717119,50,0.1251860744297719
Mbd3,-0.03625450180072028,0.802621267065429,50,-0.028379351740696276
Mbip,0.22333733493397356,0.1189832644934566,50,0.11654261704681872
Mbl1,-0.03644745373088321,0.8015919713560555,50,0.04912364945978391
Mblac1,0.03346938775510204,0.8175144823680135,50,0.06535414165666266
Mblac2,0.06276110444177671,0.6650215531503693,50,0.11644657863145258
Mbnl1,0.1886674669867947,0.18946691408577307,50,0.2948859543817527
Mbnl2,-0.2169987995198079,0.13010075707772073,50,-0.173109243697479
Mbnl3,-0.14362545018007203,0.3197024999729488,50,-0.326578631452581
Mboat1,0.19539015606242494,0.17388685586237718,50,0.1086674669867947
Mboat2,0.12691476590636253,0.3797898447442348,50,0.07649459783913565
Mboat7,-0.19946370485067128,0.16490934402388474,50,-0.24919314806051765
Mbp,0.08062424969987995,0.5778093067048342,50,0.013397358943577431
Mbtd1,-0.026842737094837935,0.8531981960284638,50,-0.19692677070828332
Mbtps1,0.12566626650660262,0.3845332346500207,50,0.11654261704681872
Mcam,0.2550300120048019,0.07387151060810099,50,0.23034813925570227
Mcat,0.21056422569027608,0.14216736981273853,50,0.07611044417767106
Mcc,0.07438175270108043,0.6076942639520329,50,0.06746698679471788
Mccc1,-0.009459783913565426,0.9480144998904445,50,0.17493397358943577
Mccc2,-0.14237695078031212,0.3239713001458587,50,0.049219687875150055
Mcee,-0.21248499399759901,0.13848144817973826,50,-0.27807923169267706
Mcf2l,0.3427213139358544,0.014834259966490442,50,0.3556782713085234
Mcfd2,0.01714285714285714,0.9059401238286354,50,-0.09416566626650659
Mcm2,0.33138055222088836,0.018733210257326924,50,0.3457863145258103
Mcm3,0.5755102040816326,1.2297871258068622e-05,50,0.5529411764705883
Mcm3ap,0.17387755102040817,0.2271907201899618,50,0.2469627851140456
Mcm4,0.5372517949158385,5.750552146722063e-05,50,0.5159787751493282
Mcm5,0.48062424969987994,0.00041131086605484927,50,0.4447058823529411
Mcm6,0.39793517406962786,0.004211262554081844,50,0.3275390156062425
Mcm7,0.04076830732292917,0.7786329249781234,50,0.13699879951980792
Mcmbp,0.3160144057623049,0.02537305790598307,50,0.32427370948379347
Mcpt1l1,0.12557022809123647,0.38489955810023696,50,-0.00773109243697479
Mcpt8l2,0.1481392557022809,0.304567978685818,50,0.23169267707082833
Mcrip1,0.00312124849939976,0.982836936740475,50,0.0024489795918367346
Mcrs1,-0.0018727490996398558,0.98970166979651,50,0.07236494597839135
Mctp2,0.23668667466986795,0.09794388815352831,50,0.21267707082833132
Mcts1,0.18127250900360142,0.20772784158109786,50,0.21411764705882352
Mcu,-0.08696278511404561,0.5481690113286253,50,-0.015510204081632653
Mcub,0.0974309723889556,0.5008709929602794,50,-0.01915966386554622
Mcur1,-0.0013925570228091237,0.9923421752307796,50,0.05027611044417767
Mdc1,0.04902761104441777,0.7352783898947431,50,-0.09675870348139255
Mdh1,0.06775510204081632,0.6401271870153562,50,0.09253301320528211
Mdh2,0.28816326530612246,0.042422092378983686,50,0.2012484993997599
Mdk,0.4944656535795843,0.00026236460513389727,50,0.533890369670566
Mdm1,-0.028283313325330132,0.8454134955287829,50,0.0251140456182473
Mdn1,0.15226890756302522,0.2911319135391638,50,0.08984393757503001
Mdp1,-0.1038655462184874,0.47287495671406327,50,-0.1926050420168067
Me1,0.19884753901560623,0.1662451438859902,50,0.052965186074429765
Me2,0.3055462184873949,0.030944384516682726,50,0.2859543817527011
Me3,0.037022809123649456,0.7985247425794066,50,-0.04614645858343337
Mea1,0.01531812725090036,0.9159139790947153,50,0.053061224489795916
Meaf6,0.00475390156062425,0.9738619108344221,50,0.1295078031212485
Meak7,-0.35948041980157014,0.01034861500614649,50,-0.33474189675870347
Mecom,0.14573829531812724,0.3125599479084467,50,0.04854741896758703
Mecp2,0.23054021608643455,0.10724201363945662,50,0.17387755102040817
Mecr,-0.010324129651860744,0.9432719892746785,50,-0.0012965186074429772
Med1,-0.17234093637454984,0.23138788719329043,50,-0.062088835534213675
Med10,0.04019207683073229,0.7816844250494279,50,-0.008883553421368545
Med11,0.07130852340936374,0.6226477383132251,50,0.13238895558223288
Med12,-0.1392076830732293,0.3349680890027994,50,-0.05334933973589436
Med13,0.10521008403361343,0.46713231871253486,50,-0.05959183673469387
Med13l,0.03250900360144057,0.8226651861641573,50,0.044225690276110445
Med14,0.22727490996398558,0.11244947922524504,50,0.08388955582232892
Med15,-0.08177671068427371,0.5723662219784476,50,-0.19788715486194475
Med16,0.12854741896758703,0.3736397902834093,50,0.10405762304921969
Med17,0.22477791116446577,0.11656023765017692,50,0.1493877551020408
Med18,0.13623049219687874,0.34550788582018077,50,0.17493397358943577
Med19,0.19452581032412963,0.1758363595790261,50,0.26511404561824725
Med20,0.1460264105642257,0.31159391297394856,50,0.03788715486194477
Med21,-0.1274909963985594,0.37761239010583864,50,-0.06804321728691476
Med22,0.09176470588235294,0.5262100377727071,50,0.08993997599039616
Med23,0.20134453781512604,0.16088026048978854,50,0.16897959183673472
Med24,-0.033565426170468184,0.816999827588431,50,0.05920768307322929
Med25,0.07073229291716686,0.6254686212671247,50,0.16984393757503002
Med26,-0.007250900360144057,0.9601419726471438,50,-0.12364945978391356
Med27,-0.11923169267707083,0.40953114935851703,50,-0.07543817527010806
Med28,0.07534213685474188,0.603053327134776,50,0.11462184873949578
Med29,0.04163265306122449,0.7740618781921108,50,-0.018775510204081632
Med30,-0.07630252100840335,0.5984278995617137,50,-0.002352941176470588
Med31,-0.17397358943577432,0.22693015407298248,50,-0.17800720288115246
Med4,-0.057094837935174066,0.6937052717869107,50,-0.043073229291716676
Med6,0.08321728691476589,0.565595727377284,50,-0.05959183673469387
Med9,-0.03010804321728691,0.8355739084710629,50,0.12336134453781511
Mef2a,0.3798799519807923,0.006507569265562474,50,0.1404561824729892
Mef2c,-0.11270108043217285,0.43583358139829165,50,-0.10713085234093636
Mef2d,-0.020024009603841535,0.8902217299271966,50,0.010804321728691477
Megf6,-0.19289315726290512,0.17956172563520612,50,-0.2998799519807923
Megf9,0.18348139255702278,0.20214850276333848,50,0.24168067226890755
Meis1,0.19183673469387755,0.18200233075512198,50,0.0860984393757503
Memo1,0.2779831932773109,0.05062596375254143,50,0.27289315726290514
Men1,-0.00552220888355342,0.9696394107021206,50,-0.3358943577430972
Mepce,-0.3098679471788715,0.02853211059959872,50,-0.22237695078031214
Mertk,0.06857307500355893,0.6360859160058895,50,0.01858387957029223
Mesd,-0.1675390156062425,0.24484651565900284,50,-0.09339735894357742
Met,0.13517406962785114,0.3492964730528619,50,0.20921968787515002
Metap1,-0.05421368547418968,0.708457986394982,50,-0.03932773109243697
Metap2,0.4182953181272509,0.0025034914889802916,50,0.3486674669867947
Mettl1,0.295078031212485,0.03749681355924513,50,0.19759903961584632
Mettl13,0.1771428571428571,0.21844701956592896,50,0.17723889555822328
Mettl14,0.3160144057623049,0.02537305790598307,50,0.2394717887154862
Mettl18,-0.03241296518607443,0.8231806675615939,50,-0.08398559423769507
Mettl2,0.08648259303721488,0.5503887713278364,50,0.10684273709483794
Mettl25,0.05411764705882353,0.7089516084339997,50,0.06036014405762304
Mettl26,0.146218487394958,0.3109509499223817,50,0.07054021608643457
Mettl27,0.04499399759903961,0.7563589013753702,50,0.054405762304921966
Mettl3,0.0005282112845138055,0.9970952708744708,50,-0.06333733493397359
Mettl5,0.09282112845138055,0.5214381816304657,50,0.14228091236494594
Mettl7a,0.05671068427370948,0.6956659593725275,50,0.1373829531812725
Mex3d,0.21507803121248498,0.13361915827681067,50,0.1874189675870348
Mfap2,-0.19740696278511405,0.1693989122306849,50,-0.21565426170468185
Mfap4,0.19346938775510203,0.17824045890452594,50,0.27270108043217284
Mfap5,-0.06093637454981993,0.6742093668352068,50,-0.05152460984393757
Mff,-0.11327731092436974,0.43347553824281454,50,-0.13517406962785114
Mfge8,0.8446098439375749,1.273059309991965e-14,50,0.8136854741896759
Mfn1,0.10876350540216086,0.4521372736654675,50,0.1063625450180072
Mfn2,0.2876830732292917,0.04278292115341629,50,0.2471548619447779
Mfsd1,-0.023673469387755098,0.8703723399762501,50,-0.1413205282112845
Mfsd10,0.14525810324129654,0.31417424667336896,50,0.11116446578631452
Mfsd6,0.042881152460984395,0.7674726631844364,50,0.07985594237695079
Mga,-0.028187274909963984,0.8459320296355735,50,-0.02175270108043217
Mgat1,0.12869456653328987,0.3730884471611116,50,0.06352941176470588
Mgat2,0.05651860744297719,0.6966470434608811,50,0.06439375750300119
Mgat5,0.22064825930372148,0.12360826820453572,50,0.20393757503001197
Mgll,0.41892962628224656,0.002461978813495105,50,0.467622271978051
Mgmt,0.0757262905162065,0.601201286715933,50,0.10943577430972388
Mgp,-0.3883313325330132,0.005323919018790312,50,-0.45219687875150055
Mgrn1,-0.05786314525810324,0.689789858987514,50,-0.16878751500600236
Mgst1,0.28403361344537814,0.04560809403522811,50,0.3469387755102041
Mgst2,0.1392076830732293,0.3349680890027994,50,0.17887154861944776
Mgst3,-0.07265306122448979,0.6160865570949562,50,0.033949579831932766
Mia2,0.13171668667466988,0.361873115784249,50,0.1413205282112845
Mia3,0.03183673469387755,0.8262751004534171,50,0.0033133253301320525
Mib1,0.36211284513805525,0.00976297001405834,50,0.27942376950780307
Mib2,-0.1020408163265306,0.4807283315014337,50,-0.07860744297719087
Mical1,0.5919327731092437,5.965745712623931e-06,50,0.4690996398559423
Mical2,-0.0021608643457382954,0.9881174171729694,50,0.06621848739495799
Mical3,0.36720288115246097,0.008711284583416858,50,0.22785114045618246
Micall1,-0.13872749099639856,0.3366543459943995,50,-0.19558223289315724
Micall2,-0.05162064825930372,0.7218267936141908,50,0.052965186074429765
Micos10,0.04326530612244897,0.765448458884893,50,0.07044417767106842
Micos13,-0.31707082833133254,0.02486077849819436,50,-0.34751500600240093
Micu1,0.21190876350540214,0.13957965765679406,50,0.02348139255702281
Micu2,0.32888355342136855,0.019699425201616976,50,0.44019207683073225
Mid1,0.06160864345738295,0.6708188182068404,50,-0.018391356542617046
Mid1ip1,-0.057190876350540217,0.6932154093903193,50,0.008115246098439374
Mid2,0.11702280912364946,0.4183234943590506,50,0.05959183673469387
Mideas,-0.08696278511404561,0.5481690113286253,50,-0.11923169267707083
Midn,0.1710924369747899,0.23483712233002998,50,0.05699879951980792
Mief1,0.16801920768307324,0.2434772170134057,50,0.20259303721488592
Mien1,0.06487394957983193,0.6544436547826313,50,0.07332533013205282
Mier1,0.16945978391356542,0.23940062178526056,50,0.2101800720288115
Mier3,-0.21930372148859542,0.12597112130797775,50,-0.21286914765906362
Mif,0.1221128451380552,0.39822437393950577,50,0.07995198079231693
Mif4gd,-0.11231692677070829,0.4374095809590833,50,-0.08081632653061224
Miga2,-0.030012004801920768,0.8360911744142364,50,-0.0910924369747899
Mindy1,0.1262424969987995,0.38233963362892504,50,0.28547418967587035
Mindy2,0.173781512605042,0.22745149278269033,50,0.2186314525810324
Mindy3,0.4544057623049219,0.0009166682305248439,50,0.540360144057623
Mindy4,0.2329411764705882,0.10353251501948034,50,0.1607202881152461
Mink1,0.05027611044417767,0.7287915934144177,50,0.11250900360144059
Minpp1,0.31015606242496996,0.028377031936135944,50,0.24004801920768307
Mios,-0.1822328931572629,0.2052888993719497,50,-0.22535414165666265
Mipep,0.2952701080432173,0.037367034593432956,50,0.358079231692677
Misp,-0.14122448979591837,0.3279434859681821,50,-0.15505402160864346
Misp3,0.3682593037214886,0.008505742183880378,50,0.2567587034813925
Mitd1,-0.10703481392557021,0.4593990245177137,50,-0.06737094837935174
Mitf,-0.0480672268907563,0.7402807314813461,50,-0.15966386554621848
Mix23,0.19154861944777912,0.1826720660912252,50,0.1904921968787515
Mkln1,0.04019207683073229,0.7816844250494279,50,0.03375750300120048
Mknk1,0.2302521008403361,0.1076939171216137,50,0.1721488595438175
Mkrn1,0.15082833133253298,0.29577436862597856,50,0.16091236494597838
Mkrn2,0.14573829531812724,0.3125599479084467,50,0.2632893157262905
Mks1,-0.060072028811524604,0.6785780674684071,50,-0.13046818727490997
Mlf1,-0.014933973589435772,0.9180154243551587,50,0.013493397358943579
Mlf2,0.08744297719087635,0.5459535436144716,50,0.1006002400960384
Mlh1,0.02261704681872749,0.8761106394173841,50,-0.08350540216086433
Mlip,-0.16292917166866747,0.2582581213731985,50,-0.11279711884753903
Mlkl,0.08312124849939975,0.5660459322469298,50,0.22180072028811523
Mllt1,-0.18357743097238896,0.2019083460799354,50,-0.33483793517406957
Mllt10,0.1393070662362216,0.3346197513960458,50,0.09119066486817816
Mllt3,0.0027370948379351738,0.9849490540846748,50,0.0588235294117647
Mllt6,0.013301320528211284,0.9269525849107543,50,-0.0968547418967587
Mlph,0.1709003601440576,0.2353708864141955,50,0.25791116446578627
Mlst8,0.2908523409363745,0.04044722749584214,50,0.24888355342136853
Mlx,0.34597839135654257,0.01385156439604828,50,0.2816326530612245
Mlxip,-0.07851140456182472,0.5878490710968568,50,-0.025306122448979586
Mlycd,0.1020408163265306,0.4807283315014337,50,-0.013301320528211284
Mmaa,-0.07370948379351741,0.6109520680536464,50,-0.18194477791116445
Mmab,-0.07207683073229292,0.618894895331404,50,-0.0803361344537815
Mme,0.22026410564225687,0.1242799238462067,50,0.2163265306122449
Mmgt1,-0.03750300120048019,0.79596713204242,50,-0.05152460984393757
Mmp14,-0.2231452581032413,0.11930920171251218,50,-0.24100840336134452
Mmp15,-0.036638655462184866,0.8005723408637344,50,0.08811524609843938
Mmp19,-0.08974789915966387,0.535379538886014,50,-0.20825930372148857
Mmp2,0.33522208883553417,0.01732522589540323,50,0.25224489795918364
Mmp8,0.5182713085234093,0.00011560972232696889,50,0.4803361344537815
Mmp9,0.3611524609843937,0.009973228313657934,50,0.2735654261704682
Mmrn1,-0.18713534544038457,0.19315281717788046,50,-0.17330548157412057
Mmrn2,0.6087394957983192,2.727449823539524e-06,50,0.5743577430972389
Mms19,-0.09608643457382952,0.5068264233318739,50,-0.035966386554621844
Mmut,-0.07150231700301067,0.6217002411784772,50,-0.035390156062424974
Mnat1,0.07870348139255702,0.5869331449844367,50,0.10559423769507804
Mnda,0.3132292917166867,0.026766165587818774,50,0.322641056422569
Mns1,0.0022569027611044415,0.9875893427487413,50,0.07620648259303721
Mnt,-0.015510204081632653,0.9148634689164352,50,0.019639855942376952
Mob1a,0.18108043217286915,0.20821806179258906,50,0.1890516206482593
Mob2,0.2521129468907714,0.07735022581901553,50,0.17205282112845138
Mob3a,0.4501800720288115,0.0010369635000298917,50,0.3742136854741897
Mob4,0.3406002400960384,0.015505691198651679,50,0.33214885954381757
Mocos,0.13056422569027612,0.3661256266302638,50,0.14285714285714285
Mocs1,0.07274909963985594,0.6156190279117519,50,-0.0035054021608643456
Mocs2,0.08379351740696277,0.5628980021336466,50,0.07015606242496998
Mocs3,0.22074429771908766,0.12344078378367741,50,0.21728691476590636
Mon1a,-0.0848499399759904,0.5579678477607084,50,-0.02127250900360144
Mon1b,-0.09138055222088834,0.5279505989977,50,-0.07063625450180072
Mon2,-0.16417767106842737,0.2545780871956436,50,-0.16840336134453782
Morc2,0.0025450180072028807,0.9860051519629387,50,-0.07543817527010806
Morc3,0.2221848739495798,0.12094905796724008,50,0.16763505402160866
Morf4l1,-0.002929171668667467,0.9838929817466395,50,-0.05008403361344538
Morf4l2,0.07611044417767106,0.5993517372477795,50,0.08043217286914765
Morn5,-0.03548619447779112,0.8067230507465127,50,-0.06372148859543818
Mospd1,-0.1320048019207683,0.3608146906490368,50,-0.16014405762304923
Mospd2,0.23198079231692675,0.10500428127852024,50,0.307563025210084
Mov10,-0.07918367346938776,0.5846461351085563,50,-0.13997599039615843
Mpc1,0.04950780312124849,0.7327812756088922,50,-0.005138055222088836
Mpc2,-0.20921968787515002,0.14479058670076012,50,-0.22285714285714284
Mpdu1,-0.09195678271308522,0.5253408232325502,50,-0.11596638655462185
Mpdz,0.3299399759903961,0.01928561956640226,50,0.2795198079231692
Mpeg1,0.6180552220888355,1.732939322456568e-06,50,0.6060504201680672
Mpg,0.04403361344537814,0.7614047126017045,50,-0.16388955582232892
Mphosph10,0.1251860744297719,0.3863669167136145,50,0.21911164465786312
Mphosph6,-0.046242496998799516,0.7498143857365437,50,0.05171668667466986
Mphosph8,-0.11817527010804323,0.4137228304092187,50,-0.22573829531812722
Mphosph9,0.06785114045618247,0.6396521614613111,50,-0.017046818727490996
Mpi,-0.08072028811524609,0.5773548167040339,50,-0.018967587034813924
Mpig6b,0.06228091236494597,0.667434747686028,50,0.0015846338535414166
Mplkip,0.16792316926770706,0.2437506590418641,50,-0.018967587034813924
Mpnd,-0.12825930372148858,0.3747207343614539,50,-0.02261704681872749
Mpo,-0.09705614029304196,0.502527637091284,50,-0.008404168506324763
Mpp2,0.044129651860744294,0.7608996852480964,50,0.07140456182472989
Mpp7,0.14304921968787515,0.3216682680999299,50,0.10300120048019207
Mpped2,0.12355342136854741,0.3926399851500462,50,0.06458583433373348
Mprip,0.22717887154861943,0.11260551053865726,50,0.27231692677070823
Mpst,0.21190876350540214,0.13957965765679406,50,0.020984393757503002
Mpv17,0.0012965186074429772,0.992870286960601,50,-0.03932773109243697
Mpz,0.04220888355342137,0.7710187121217909,50,0.012725090036014405
Mpzl1,0.19078031212484994,0.18446667203560543,50,0.1400720288115246
Mras,0.1226890756302521,0.3959850809429432,50,0.09253301320528211
Mrc1,0.5267226890756302,8.51487688455489e-05,50,0.5327731092436975
Mrc2,0.27433373349339735,0.05386313373736449,50,0.2932533013205282
Mre11,0.12585834333733492,0.38380120751963126,50,0.13911164465786313
Mrfap1,0.16782713085234094,0.2440243098877604,50,0.09224489795918367
Mrgbp,0.045954381752701084,0.7513231301724004,50,0.06324129651860745
Mri1,0.1504441776710684,0.29702041629622666,50,0.12403361344537814
Mrm3,0.35174069627851134,0.01224902803399332,50,0.3782472989195678
Mroh1,0.02463385354141657,0.8651614250124656,50,0.0017767106842737094
Mrpl1,0.17118847539015608,0.23457055177168173,50,0.07476590636254501
Mrpl10,-0.1962545018007203,0.17195303492805075,50,-0.20441776710684276
Mrpl12,-0.10319327731092437,0.47576032172168503,50,-0.0803361344537815
Mrpl13,-0.049315726290516206,0.7337797943319674,50,-0.05786314525810324
Mrpl14,-0.11654261704681872,0.4202490115882107,50,-0.11078031212484994
Mrpl15,-0.2256422569027611,0.11512454563480966,50,-0.1636014405762305
Mrpl16,-0.04643568874540721,0.7488032362526886,50,-0.03735984058317146
Mrpl17,-0.25253301320528215,0.07684146241703783,50,-0.2611764705882353
Mrpl18,-0.15524609843937573,0.281688661867124,50,-0.24292917166866745
Mrpl19,-0.11039615846338535,0.4453370494422994,50,-0.13142857142857142
Mrpl2,0.13680672268907562,0.34345211659771546,50,0.06938775510204082
Mrpl21,-0.035966386554621844,0.8041588252755482,50,-0.0398079231692677
Mrpl22,0.04518607442977191,0.7553509376892313,50,0.15870348139255702
Mrpl23,-0.04240197845108021,0.7699997072881762,50,-0.0453792408111787
Mrpl27,0.016566626650660263,0.9090882839930864,50,-0.010036014405762305
Mrpl28,0.14525810324129654,0.31417424667336896,50,0.07534213685474188
Mrpl3,0.10146458583433372,0.48322255856282165,50,0.05085234093637454
Mrpl30,-0.028379351740696276,0.8448950262601718,50,-0.016566626650660263
Mrpl32,-0.01983193277310924,0.8912683914876222,50,0.06794717887154862
Mrpl33,-0.1169267707082833,0.41870819488172134,50,-0.02348139255702281
Mrpl35,0.005618247298919568,0.9691116537775033,50,0.011284513805522207
Mrpl37,0.09099639855942376,0.5296939968421751,50,0.25051620648259304
Mrpl38,-0.009843937575030014,0.9459064874660708,50,-0.043073229291716676
Mrpl39,-0.2952701080432173,0.037367034593432956,50,-0.32955582232893155
Mrpl4,0.12960384153661464,0.36969234346578317,50,0.009939975990396158
Mrpl40,0.11241296518607442,0.43701528359012115,50,0.08907563025210084
Mrpl41,-0.1479471788715486,0.3052024577818456,50,-0.2634813925570228
Mrpl42,0.11471788715486195,0.4276117951507361,50,0.10626650660264104
Mrpl43,0.0028331332533013207,0.984421014611148,50,-0.018487394957983194
Mrpl44,0.04835534213685474,0.7387789011788352,50,0.08120048019207683
Mrpl45,0.05531945546505595,0.7027830932604022,50,0.028764196027403217
Mrpl46,-0.004273709483793517,0.9765013409868725,50,0.030300120048019206
Mrpl47,-0.07044417767106842,0.6268810600035023,50,-0.07860744297719087
Mrpl48,-0.20691973402684555,0.14936082046798163,50,-0.08974789915966387
Mrpl49,-0.19721488595438177,0.16982267494431666,50,-0.24465786314525811
Mrpl50,0.02463385354141657,0.8651614250124656,50,0.03404561824729892
Mrpl53,0.1632172869147659,0.2574057299042729,50,0.1956782713085234
Mrpl54,-0.4431692677070828,0.0012679884089073187,50,-0.45258103241296516
Mrpl55,0.100984393757503,0.485306266644739,50,0.0546938775510204
Mrpl57,0.006290516206482593,0.9654177346041684,50,-0.14929171668667465
Mrpl58,0.26665066026410567,0.06122536861542466,50,0.18914765906362543
Mrps10,-0.02280912364945978,0.8750668341977711,50,-0.12720288115246098
Mrps11,-0.043169267707082834,0.7659543651497859,50,-0.03932773109243697
Mrps12,0.21066026410564226,0.14198135857415425,50,0.0830252100840336
Mrps15,0.0030252100840336134,0.9833649557151009,50,0.05546218487394958
Mrps16,-0.018775510204081632,0.8970282631008979,50,-0.09416566626650659
Mrps17,-0.21776710684273706,0.12871306079804817,50,-0.11673469387755102
Mrps18a,-0.100984393757503,0.485306266644739,50,-0.12854741896758703
Mrps18b,-0.09733493397358943,0.501295186368049,50,-0.22391356542617047
Mrps18c,-0.02175270108043217,0.8808103207234205,50,-0.05987995198079231
Mrps2,-0.05939975990396158,0.6819832009828575,50,-0.10319327731092437
Mrps21,-0.2779831932773109,0.05062596375254143,50,-0.1745498199279712
Mrps22,-0.12403361344537814,0.39078878888414914,50,-0.09675870348139255
Mrps23,0.05992941008714394,0.6792999226779484,50,0.08148859543817527
Mrps25,-0.05022929723650045,0.7290344838405386,50,-0.09263127568758064
Mrps26,0.017430972388955582,0.9043665772606416,50,0.013397358943577431
Mrps27,-0.17464585834333732,0.22511196898944325,50,-0.11548619447779111
Mrps28,-0.06352941176470588,0.6611674319092691,50,0.028667466986794718
Mrps30,0.14199279711884752,0.3252919760709843,50,0.1076110444177671
Mrps31,-0.21008403361344538,0.14310014494298942,50,-0.0956062424969988
Mrps34,0.04336134453781513,0.7649426494889897,50,0.06151260504201681
Mrps35,0.10770708283313324,0.4565675215331526,50,0.07380552220888356
Mrps36,-0.15178871548619446,0.2926740966598977,50,-0.08081632653061224
Mrps5,0.011668667466986795,0.9358986792620421,50,-0.011668667466986795
Mrps6,0.2804801920768307,0.04850337884939088,50,0.2595438175270108
Mrps7,0.0006722850490544993,0.996302988159411,50,0.03807923169267707
Mrps9,0.09013205282112843,0.533626974294006,50,0.11971188475390157
Mrrf,0.03279711884753902,0.8211191874364518,50,-0.01637454981992797
Mrtfa,0.1971188475390156,0.17003484463374963,50,0.1210564225690276
Mrto4,0.14641056422569024,0.31030883511378676,50,0.09925570228091235
Msantd3,0.048643457382953184,0.7372780352968975,50,0.09675870348139255
Msh2,0.13690276110444177,0.343110225487278,50,0.05152460984393757
Msh3,-0.04182472989195678,0.7730471133840358,50,-0.06996398559423768
Msh6,0.25579831932773106,0.07297619485931066,50,0.157358943577431
Msi2,0.09675870348139255,0.5038442110912843,50,0.1470828331332533
Msl1,0.07783913565426169,0.5910598413289536,50,0.03183673469387755
Msl2,0.11615846338535413,0.4217930485541134,50,0.11654261704681872
Msl3,0.11587034813925569,0.4229531870434041,50,0.06132052821128451
Msln,0.3023769507803121,0.03281913735533106,50,0.31102040816326526
Msmo1,0.05959183673469387,0.6810096619651588,50,0.02885954381752701
Msn,0.021080938323923226,0.884465694098068,50,-0.01935220534064023
Msr1,0.2360144057623049,0.0989294026324528,50,0.3030492196878751
Msra,0.3189512354157132,0.02397038743957719,50,0.2843217286914766
Msrb1,0.37459783913565425,0.0073584811994608906,50,0.33128451380552215
Msrb2,0.04710684273709483,0.7452937314362832,50,-0.00849939975990396
Msrb3,0.22823529411764704,0.11089823095836396,50,0.23246098439375748
Mst1,-0.08187274909963986,0.5719136983199204,50,-0.08292917166866745
Mst1r,0.05920768307322929,0.6829572528858294,50,-0.0710204081632653
Msto1,0.05824729891956783,0.6878351565517051,50,0.05325330132052821
Mt-atp8,0.015414165666266506,0.9153887061173894,50,0.04441776710684273
Mt-co2,-0.03606242496998799,0.8036462240386789,50,0.09656662665066026
Mt-nd2,-0.045954381752701084,0.7513231301724004,50,0.12480192076830732
Mt-nd3,-0.005330132052821128,0.9706949629545814,50,-0.009267707082833133
Mt-nd4,-0.2715486194477791,0.05644450784995343,50,-0.19270108043217285
Mt-nd5,-0.07447779111644658,0.6072294765845787,50,-0.0830252100840336
Mt1,0.11966673873170088,0.40781210700686943,50,0.17426170468187277
Mt2A,0.2166146458583433,0.13079880735499003,50,0.19039615846338534
Mta1,0.04009603841536614,0.7821933263092732,50,-0.04777911164465786
Mta2,0.04441776710684273,0.7593851958109286,50,0.006194477791116446
Mta3,-0.06996398559423768,0.629238068862309,50,0.02665066026410564
Mtap,0.22391356542617047,0.11800950720387052,50,0.19529411764705884
Mtarc1,-0.07447779111644658,0.6072294765845787,50,-0.08379351740696277
Mtarc2,0.2664585834333733,0.06141927095908513,50,0.2265066026410564
Mtch1,-0.021321040127156975,0.8831589110697642,50,0.10329179575115914
Mtch2,-0.05286914765906363,0.715379400371927,50,-0.07975990396158462
Mtcl1,0.23841536614645856,0.09544457665223652,50,0.09771908763505403
Mtdh,0.06525810324129651,0.6525275217715648,50,0.02895558223289316
Mterf2,-0.058439375750300115,0.6868585612891065,50,-0.04950780312124849
Mtf1,0.12153661464585833,0.40047103688202323,50,0.06977190876350539
Mtf2,-0.039519807923169274,0.7852486230739549,50,-0.07466986794717888
Mtfr1,0.18357743097238896,0.2019083460799354,50,0.15265306122448982
Mtfr1l,-0.046242496998799516,0.7498143857365437,50,-0.03154861944777911
Mtg1,-0.012340936374549819,0.9322139811947295,50,0.0534453781512605
Mthfd1,0.060264105642256906,0.6776063345498441,50,0.11010804321728691
Mthfd1l,0.37815126050420167,0.006776092493418057,50,0.3252340936374549
Mthfr,0.1173109243697479,0.4171706025928586,50,0.05517406962785113
Mthfs,0.11788715486194477,0.4148702689124056,50,0.21440576230492195
Mthfsd,0.16897959183673472,0.2407542743235882,50,0.1210564225690276
Mtif2,-0.0473960959583422,0.743782781226241,50,-0.11909049440393989
Mtif3,-0.21891956782713082,0.12665243925699196,50,-0.17608643457382953
Mtm1,0.2363985594237695,0.09836531740444833,50,0.19577430972388954
Mtmr1,0.06228240775883469,0.6674272274296202,50,0.13138370672950786
Mtmr10,-0.02645858343337335,0.8552764883233676,50,-0.0114765906362545
Mtmr11,0.15150060024009604,0.29360195131671885,50,0.23361344537815126
Mtmr12,0.15841536614645857,0.2718597771294079,50,0.21498199279711883
Mtmr14,-0.045474189675870344,0.7538397485818784,50,-0.07966386554621849
Mtmr2,-0.21599558218908127,0.13192962908737815,50,-0.19016062816112983
Mtmr3,-0.07822328931572628,0.5892241590336227,50,-0.060456182472989194
Mtmr6,0.2041296518607443,0.15504701970527107,50,0.09186074429771908
Mtmr9,0.1971716008155553,0.16991827740257667,50,0.23707082833133256
Mto1,-0.19990396158463383,0.16395970586873604,50,-0.049219687875150055
Mtor,0.013397358943577431,0.9264266116519362,50,0.003985594237695078
Mtpap,-0.27836734693877546,0.0502945930682643,50,-0.3127490996398559
Mtpn,0.17608643457382953,0.22124985036515865,50,0.15563025210084033
Mtr,0.05968787515006002,0.6805230852255368,50,0.1140456182472989
Mtres1,0.11097238895558223,0.44295052060652196,50,0.06352941176470588
Mtrex,0.25157262905162064,0.07800853491691731,50,0.2883553421368547
Mtrf1,0.30132052821128447,0.03346460024550083,50,0.21210084033613444
Mtrf1l,-0.14141656662665067,0.3272793390182778,50,-0.26012004801920763
Mtrfr,-0.2703961584633853,0.057541415912901996,50,-0.2700120048019207
Mtrr,0.05474321113729494,0.7057384433971904,50,-0.0883574635900199
Mtss1,0.00475390156062425,0.9738619108344221,50,0.011188475390156062
Mtss2,0.061898244873660684,0.6693602234957007,50,0.09205282112845137
Mtus1,0.1762785114045618,0.2207383974025891,50,0.18828331332533013
Mtx1,-0.13546218487394956,0.3482606980309426,50,-0.12384153661464585
Mtx2,0.07471968116634294,0.6060595075252247,50,0.1472749099639856
Mtx3,-0.17186074429771905,0.23271036864627456,50,-0.08312124849939975
Muc1,0.08139255702280913,0.5741779613902226,50,0.19126050420168067
Muc5b,-0.0966626650660264,0.5042696916034142,50,-0.1280672268907563
Mul1,0.11923455548588013,0.4095198236238761,50,0.15942759734720982
Mustn1,0.008691476590636255,0.9522315678165846,50,-0.04009603841536614
Mvb12a,0.24677663336364797,0.08404725472554309,50,0.2640576230492197
Mvb12b,0.3256182472989196,0.021026229428190553,50,0.29373349339735894
Mvd,0.15399759903961585,0.2856239407910244,50,0.04797118847539015
Mvk,-0.08360144057623049,0.5637965755719512,50,-0.026362545018007204
Mvp,0.5052100840336134,0.00018260247114079556,50,0.5608163265306122
Mx1,0.6776950780312125,6.454116678670083e-08,50,0.624969987995198
Mx2,0.7805522208883553,2.325455907112779e-11,50,0.7084273709483793
Mxi1,-0.23822328931572626,0.09571981087129511,50,-0.20201680672268904
Mxra7,0.19932773109243698,0.16520344960614303,50,0.23899159663865546
Mxra8,0.20172869147659062,0.16006626811680286,50,0.22103241296518605
Myadm,-0.1065546218487395,0.46142734267882113,50,-0.04460984393757503
Mybbp1a,0.33915966386554625,0.015976329291186753,50,0.32110444177671066
Mybpc3,-0.005714285714285714,0.9685839099521202,50,0.10895558223289314
Mybphl,-0.010612244897959183,0.9416915769578321,50,0.09426170468187275
Mycbp,0.08360144057623049,0.5637965755719512,50,0.03212484993997599
Mycbp2,0.00043217286914765904,0.9976234017621981,50,-0.08849939975990395
Mycbpap,0.25253301320528215,0.07684146241703783,50,0.25051620648259304
Myct1,0.27942376950780307,0.04939239054387864,50,0.18194477791116445
Myd88,-0.3027611044417767,0.03258699744247485,50,-0.3698919567827131
Mydgf,-0.04192076830732293,0.7725398717258881,50,0.08072028811524609
Myef2,-0.20316926770708282,0.1570406453007557,50,-0.19145258103241294
Myg1,-0.07639855942376951,0.5979662154937561,50,-0.06391356542617047
Myh10,-0.06285714285714285,0.6645393163266287,50,-0.16456182472989198
Myh11,-0.03174069627851141,0.826791094735132,50,-0.04816326530612245
Myh14,0.13392557022809123,0.3538066833286562,50,0.034717887154861946
Myh6,0.07322929171668667,0.6132836505495756,50,0.13997599039615843
Myh7,0.14641056422569024,0.31030883511378676,50,0.09032412965186075
Myh8,0.23818701158017005,0.09577186362938589,50,0.3101095583491664
Myl1,0.20991604201303748,0.14342754061736018,50,0.08254574814281637
Myl12a,-0.11846338535414166,0.4125772130443906,50,-0.14448979591836733
Myl12b,0.1440096038415366,0.3183962247026039,50,0.2003841536614646
Myl3,0.11946581175242739,0.4086055324391711,50,0.07617271290106346
Myl4,-0.037310924369747894,0.79698992318548,50,0.07956782713085234
Myl6,0.2508583640186217,0.07888554645803562,50,0.27784580670209524
Myl7,-0.03404561824729892,0.8144277037768815,50,0.09262905162064825
Myl9,0.0805282112845138,0.5782639596738539,50,0.08945978391356542
Mylk,-0.027226890756302524,0.8511208900266356,50,-0.13469387755102039
Mylk3,-0.16859543817527012,0.24184094814296855,50,-0.22842737094837934
Mynn,0.14372148859543818,0.31937561335781484,50,-0.007827130852340937
Myo10,0.35337334933973585,0.011824975583174276,50,0.33771908763505404
Myo18a,0.07015606242496998,0.6282948246159517,50,0.0319327731092437
Myo19,0.02415366146458583,0.8677661870492,50,-0.02895558223289316
Myo1b,0.24206482593037212,0.09033086088388119,50,0.22785114045618246
Myo1c,0.27558223289315725,0.052737365541917464,50,0.2076830732292917
Myo1d,0.01637454981992797,0.9101379804213003,50,0.07006002400960383
Myo1e,-0.25224489795918364,0.07719012781215713,50,-0.2263145258103241
Myo1f,0.7191836734693877,4.020825160501162e-09,50,0.7189915966386554
Myo1g,0.6529171668667467,2.76441673796669e-07,50,0.6595438175270109
Myo5a,0.5015606242496999,0.00020680164982927763,50,0.47466986794717886
Myo5b,0.4042737094837935,0.0035939843420054805,50,0.26569027611044416
Myo5c,0.23236494597839136,0.10441365704086776,50,0.25368547418967585
Myo6,0.026315157634418974,0.8560526798183435,50,0.031260504201680674
Myo9a,0.0561344537815126,0.6986106850585555,50,0.010516206482593037
Myo9b,0.09214885954381752,0.5244723206491533,50,0.04182472989195678
Myof,0.18213685474189675,0.205531882566014,50,0.10895558223289314
Myom1,-0.012725090036014405,0.9301090658978797,50,-0.0011044417767106843
Myom2,0.038367346938775505,0.7913687946434047,50,0.04950780312124849
Myoz2,-0.05085234093637454,0.7258039863695547,50,-0.014453781512605042
Mypn,-0.09090036014405761,0.5301302886436152,50,-0.0034093637454981987
Myrip,0.39476590636254505,0.004553440905181447,50,0.4543097238895558
Mysm1,-0.040384153661464584,0.7806668942253498,50,-0.046242496998799516
Mzb1,0.6467707082833133,3.8859758930444134e-07,50,0.593469387755102
Mzt2b,-0.12931572629051621,0.3707664223103757,50,-0.15236494597839134
N4bp1,-0.01013205282112845,0.944325718014386,50,0.0588235294117647
N4bp2,-0.07505402160864347,0.6044439864509824,50,-0.0934476218185754
N4bp2l2,-0.11635054021608643,0.42102062780062893,50,-0.1065546218487395
N4bp3,0.35154861944777915,0.012299763710034,50,0.26866746698679467
Naa10,0.1632172869147659,0.2574057299042729,50,-0.010900360144057623
Naa15,0.0792797118847539,0.5841892151915156,50,-0.10799519807923168
Naa16,-0.11183673469387755,0.4393840392524576,50,-0.17138055222088835
Naa20,0.21363745498199277,0.1363043866361783,50,0.31111644657863136
Naa25,0.16110444177671068,0.2637005848294606,50,0.08533013205282113
Naa30,-0.1603361344537815,0.26601490190582555,50,-0.06496998799519808
Naa35,0.039519807923169274,0.7852486230739549,50,0.04326530612244897
Naa38,0.21162064825930374,0.14013119034613541,50,0.32110444177671066
Naa50,0.21248499399759901,0.13848144817973826,50,0.4623769507803121
Naa80,-0.027899159663865542,0.8474880188601623,50,-0.05815126050420167
Naaa,0.40523409363745494,0.0035077704247066504,50,0.3564465786314525
Naalad2,-0.13891956782713086,0.3359792098334063,50,-0.014261704681872748
Nab1,0.10809123649459784,0.45495379483915,50,0.23668667466986795
Nab2,-0.13373349339735893,0.3545037109990423,50,-0.12921968787515006
Nabp2,0.0757262905162065,0.601201286715933,50,0.09426170468187275
Naca,0.22007731284405502,0.12460750752197261,50,0.15366515406959985
Nacc1,0.0588235294117647,0.6849068897400697,50,0.08945978391356542
Nacc2,-0.025306122448979586,0.861517146105322,50,-0.0060984393757503004
Nadk,0.4853301320528211,0.00035375975811677377,50,0.4882112845138055
Nadk2,0.14900360144057623,0.30172332345075,50,0.13767106842737095
Nadsyn1,-0.16945978391356542,0.23940062178526056,50,-0.13238895558223288
Nae1,0.04797118847539015,0.7407815550065097,50,0.11222088835534214
Naf1,-0.23284513805522208,0.10367897324465024,50,-0.22727490996398558
Naga,0.30909963985594235,0.028949112412677995,50,0.2573349339735894
Nagk,0.11394957983193275,0.43073354017375876,50,0.03375750300120048
Naglu,0.2776057048988615,0.05095330796502773,50,0.36297719087635055
Nagpa,-0.04509003601440576,0.7558548692341351,50,-0.14324129651860742
Nampt,0.13046818727490997,0.36648135983943264,50,0.15361344537815122
Nanp,-0.05853541416566627,0.6863704532652548,50,-0.07015606242496998
Nans,0.38093637454981993,0.006348074180735548,50,0.3127490996398559
Nap1l1,0.12509003601440577,0.3867342723350412,50,0.10953181272509004
Nap1l4,0.03183673469387755,0.8262751004534171,50,0.11164465786314526
Napa,0.016086820816661237,0.911710697944997,50,0.07486374224828317
Napg,0.21421368547418965,0.1352254965194922,50,0.24292917166866745
Naprt,0.4115726290516207,0.002983066411147076,50,0.4033133253301321
Napsa,-0.045474189675870344,0.7538397485818784,50,-0.028379351740696276
Narf,0.07447779111644658,0.6072294765845787,50,0.06900360144057623
Nars1,-0.14367691905507585,0.31952728866398844,50,0.06093637454981993
Nars2,-0.04432172869147659,0.759889926656588,50,-0.05987995198079231
Nasp,0.04902761104441777,0.7352783898947431,50,0.026362545018007204
Nat1,0.28797118847539016,0.04256612366669378,50,0.2703001200480192
Nat10,0.1874189675870348,0.19246667457475253,50,0.13296518607442975
Nat2,0.043745498199279705,0.76292038453804,50,0.11750300120048018
Nat9,-0.15351740696278512,0.2871470442113454,50,-0.053829531812725095
Natd1,-0.07534213685474188,0.603053327134776,50,0.04220888355342137
Nav1,0.21430972388955583,0.13504630439439766,50,0.2673229291716686
Nav2,0.42607442977190874,0.0020348006338601734,50,0.3212004801920768
Naxd,0.062088835534213675,0.6684009605193323,50,0.01282112845138055
Naxe,-0.18981992797118846,0.18672765401983396,50,-0.15006002400960383
Nbas,-0.0642016806722689,0.6578021921982875,50,-0.04854741896758703
Nbeal1,0.037791116446578635,0.7944335820847725,50,-0.08369747899159663
Nbeal2,0.37354141656662665,0.007539799994595017,50,0.4799519807923169
Nbn,-0.021464585834333732,0.8823777930570346,50,0.0617046818727491
Nbr1,-0.09070828331332531,0.5310034022284797,50,-0.10434573829531814
Ncald,0.1804081632653061,0.20994022653012503,50,0.16945978391356542
Ncam1,0.32110444177671066,0.02298386046764742,50,0.3045858343337335
Ncapd2,0.5077070828331333,0.00016756154463809983,50,0.5103961584633854
Ncapg,0.3504921968787515,0.012582043568730598,50,0.3250420168067227
Ncaph2,0.13728691476590635,0.34174476789816005,50,0.21469387755102037
Ncbp1,-0.10828331332533012,0.45414809957987456,50,-0.07774309723889555
Ncbp2,-0.04019207683073229,0.7816844250494279,50,-0.013973589435774309
Ncbp3,0.03798319327731092,0.7934116423266137,50,-0.2068187274909964
Ncdn,-0.2866266506602641,0.04358559183791318,50,0.024921968787515004
Nceh1,0.20393757503001197,0.15544424848919466,50,0.15351740696278512
Ncf1,0.4830252100840336,0.00038096833901155676,50,0.3565426170468187
Ncf2,0.36921968787515,0.008322542071058193,50,0.32254501800720287
Ncf4,0.6606002400960385,1.7863279866007723e-07,50,0.6165186074429772
Nck1,0.005330132052821128,0.9706949629545814,50,0.13133253301320527
Nck2,0.033565426170468184,0.816999827588431,50,0.03231692677070828
Nckap1,0.4034190497933463,0.0036722707513703956,50,0.4274189675870348
Nckap1l,0.5362304921968788,5.977139788721288e-05,50,0.4925330132052821
Nckap5,0.35106842737094834,0.012427392102103297,50,0.32686674669867943
Nckap5l,0.38871548619447777,0.005274911263542501,50,0.4255084156908513
Nckipsd,-0.18549819927971187,0.19714744653217037,50,-0.20220888355342137
Ncl,0.4095656559561303,0.003141154469572629,50,0.49379336853052974
Ncln,-0.09262905162064825,0.5223041850809608,50,-0.12758703481392558
Ncoa1,0.27558223289315725,0.052737365541917464,50,0.08292917166866745
Ncoa2,0.09224489795918367,0.52403833663122,50,0.10088835534213686
Ncoa3,0.3116926770708283,0.027561772049680865,50,0.32619447779111643
Ncoa4,0.34213685474189676,0.015016748454680989,50,0.3582713085234094
Ncoa5,0.18300120048019208,0.20335231028225528,50,0.2049939975990396
Ncoa6,0.05805522208883554,0.6888122562563272,50,0.04710684273709483
Ncoa7,0.27932773109243697,0.04947386183639134,50,0.2664585834333733
Ncor1,0.23447779111644657,0.10121077702889567,50,0.1901080432172869
Ncor2,-0.15361344537815122,0.2868419996620879,50,-0.11500600240096039
Ncstn,0.17426170468187277,0.22614969415113215,50,-0.03481392557022809
Ndc1,0.11577430972388955,0.42334030156988056,50,0.12009603841536615
Nde1,0.01262905162064826,0.9306352509000534,50,-0.12854741896758703
Ndel1,0.08072028811524609,0.5773548167040339,50,0.07505402160864347
Ndor1,-0.10280912364945978,0.4774132891049011,50,-0.08974789915966387
Ndrg1,0.41816130051189854,0.002512341255728454,50,0.531585392359522
Ndrg2,0.3007442977190876,0.03382107984574307,50,0.20345738295318128
Ndst1,0.41992797118847536,0.002397875971284119,50,0.3037214885954382
Ndufa1,-0.10713085234093636,0.45899394197797694,50,-0.029243697478991592
Ndufa10,-0.2004801920768307,0.16272280785347154,50,-0.2265066026410564
Ndufa11,0.06256902761104441,0.6659864293910166,50,0.13786314525810325
Ndufa12,0.023385354141656663,0.8719366881451378,50,-0.02357743097238895
Ndufa13,-0.029435774309723887,0.8391962043065057,50,0.07793517406962785
Ndufa2,0.03481392557022809,0.8103163429601984,50,-0.05277310924369748
Ndufa4,0.23716686674669865,0.09724461160477188,50,0.06852340936374549
Ndufa4l2,0.13968787515006,0.3332871113242811,50,0.17262905162064823
Ndufa5,0.13805522208883553,0.33902397036873677,50,0.11222088835534214
Ndufa6,0.0005282112845138055,0.9970952708744708,50,0.020888355342136854
Ndufa7,0.104921968787515,0.46835972181301216,50,-0.12192076830732293
Ndufa8,-0.1352701080432173,0.3489510044700825,50,-0.34751500600240093
Ndufa9,-0.05930372148859543,0.6824701629112091,50,-0.08993997599039616
Ndufab1,-0.15755102040816327,0.27451753763906106,50,-0.2037454981992797
Ndufaf1,-0.05027611044417767,0.7287915934144177,50,-0.06765906362545018
Ndufaf2,0.08830732292917168,0.5419765683126397,50,0.005330132052821128
Ndufaf3,0.2270828331332533,0.11276170705793447,50,0.2746218487394958
Ndufaf4,0.12509003601440577,0.3867342723350412,50,0.18684273709483792
Ndufaf5,-0.0008163265306122449,0.995510886501963,50,0.10885954381752701
Ndufaf7,0.06112845138055222,0.6732399810589117,50,0.085906362545018
Ndufaf8,-0.060840336134453776,0.6746942563131716,50,-0.03692677070828331
Ndufb10,-0.07630252100840335,0.5984278995617137,50,-0.12076830732292916
Ndufb11,-0.006194626523430743,0.965944577953113,50,0.11678551709289588
Ndufb2,-0.19558223289315724,0.17345576439951615,50,-0.20950780312124848
Ndufb3,-0.020504201680672268,0.8876058902514381,50,0.0006242496998799519
Ndufb4,-0.31476590636254503,0.025989852434777416,50,-0.33944777911164464
Ndufb5,0.12979591836734694,0.36897733239601205,50,-0.022521008403361343
Ndufb7,-0.05690276110444177,0.6946853683372957,50,-0.18012004801920767
Ndufb8,0.1201920768307323,0.40574184486393966,50,0.13709483793517407
Ndufb9,-0.14016806722689074,0.3316114152758582,50,-0.10645858343337333
Ndufc2,0.09867947178871549,0.49537328744338616,50,0.10194477791116446
Ndufs1,0.05286914765906363,0.715379400371927,50,0.08100840336134453
Ndufs2,-0.1745498199279712,0.2253710909734371,50,-0.1775270108043217
Ndufs3,-0.07274909963985594,0.6156190279117519,50,-0.027899159663865542
Ndufs4,0.19817527010804323,0.16771153948561557,50,0.17262905162064823
Ndufs5,-0.18165666266506603,0.2067498342136332,50,-0.25349339735894355
Ndufs7,-0.23822328931572626,0.09571981087129511,50,-0.21200480192076832
Ndufs8,-0.022713085234093634,0.875588710609917,50,-0.03423769507803121
Ndufv1,-0.3612484993997599,0.009952028236336624,50,-0.3780552220888355
Ndufv2,-0.13229291716686675,0.3597581483895191,50,-0.21046818727490996
Ndufv3,0.030876350540216087,0.8314382775692926,50,-0.005714285714285714
Neb,0.33675870348139253,0.016787747413183715,50,0.2811524609843938
Nebl,0.20394247166674703,0.1554341126073328,50,0.21997599039615845
Necap1,0.12460984393757503,0.388574143872945,50,0.08773109243697479
Necap2,0.1402641056422569,0.33127691005735305,50,0.2844177671068427
Nectin1,0.46391356542617046,0.0006905387878394689,50,0.41551020408163264
Nectin2,0.03865639032063371,0.7898326366968743,50,-0.03903961584633854
Nectin3,0.16475390156062425,0.2528915826071131,50,0.06381752701080431
Nectin4,-0.03183673469387755,0.8262751004534171,50,-0.034333733493397356
Nedd1,-0.10261704681872749,0.47824091238180755,50,-0.11385354141656662
Nedd4,0.17166866746698678,0.23324081228599539,50,0.21402160864345737
Nedd4l,0.08542617046818726,0.5552872740683678,50,0.1226890756302521
Nedd8,-0.010612244897959183,0.9416915769578321,50,0.05728691476590636
Nedd9,0.12941176470588234,0.370408187781487,50,0.09637454981992796
Nefh,0.07006002400960383,0.6287663733935079,50,-0.018487394957983194
Nefl,0.38227518808246397,0.006150845405919055,50,0.267268053814593
Nek1,-0.020120048019207682,0.8896984685014657,50,0.05238895558223289
Nek3,-0.026362545018007204,0.8557962139030558,50,-0.10252100840336134
Nek4,0.23563025210084032,0.09949598473376198,50,0.19846338535414165
Nek5,-0.05987995198079231,0.6795503181579453,50,-0.013589435774309724
Nek6,0.18088835534213688,0.20870909358909023,50,0.14583433373349342
Nek7,0.05286914765906363,0.715379400371927,50,-0.05699879951980792
Nek9,-0.17181685039407132,0.23283151390783105,50,-0.12096038415366145
Nelfa,0.16388955582232892,0.2554241739435841,50,0.15217286914765904
Nelfb,-0.16052821128451378,0.2654350574590323,50,-0.1545738295318127
Nelfcd,0.008595438175270108,0.9527587947505248,50,0.12144057623049219
Nelfe,0.21776710684273706,0.12871306079804817,50,0.30122448979591837
Nell1,0.452063675128504,0.0009816970013183715,50,0.5469867947178871
Nemp1,0.0012965186074429772,0.992870286960601,50,-0.11606242496998799
Nenf,0.12566626650660262,0.3845332346500207,50,0.059495798319327726
Neo1,0.1288355342136855,0.3725607171065508,50,0.17675870348139258
Nepro,0.04345738295318128,0.7644369371593014,50,0.14641056422569024
Nes,0.46535414165666267,0.0006610539315866755,50,0.40897959183673466
Neu1,-0.08619447779111644,0.55172268105076,50,0.005714285714285714
Neu3,0.03721488595438175,0.7975014454969093,50,0.052292917166866744
Neurl4,-0.1408403361344538,0.3292743181105479,50,-0.032989195678271306
Nexn,0.05939975990396158,0.6819832009828575,50,0.2004801920768307
Nf1,-0.11250900360144059,0.4366211844911016,50,-0.10309723889555823
Nf2,0.12955893302493135,0.36985963677969946,50,0.11779394466647762
Nfat5,-0.22909963985594234,0.10951614352954013,50,-0.13642256902761105
Nfatc1,0.003217286914765906,0.9823089250466962,50,-0.018967587034813924
Nfatc2,0.27241296518607444,0.05563293769399261,50,0.3160144057623049
Nfatc2ip,-0.11884753901560624,0.4110525589818973,50,-0.15755102040816327
Nfatc3,0.13709483793517407,0.3424270752755036,50,0.14141656662665067
Nfatc4,0.24705882352941175,0.08368209233442486,50,0.36451380552220886
Nfia,-0.146218487394958,0.3109509499223817,50,-0.2460984393757503
Nfib,0.16264105642256904,0.25911240574436767,50,0.24638655462184872
Nfic,-0.06977190876350539,0.6301818992433754,50,-0.002352941176470588
Nfix,-0.17599039615846337,0.22150588501706894,50,-0.06823529411764705
Nfkb1,-0.09599039615846339,0.5072531857285982,50,-0.11356542617046818
Nfkb2,0.525282112845138,8.975657493819522e-05,50,0.3783433373349339
Nfkbia,0.046626650660264106,0.7478041683875994,50,0.1140456182472989
Nfkbib,0.10463385354141658,0.46958885190595157,50,0.06948379351740695
Nfkbie,0.06343337334933974,0.6616487242123059,50,-0.04096038415366146
Nfrkb,-0.08600240096038414,0.5526128077988495,50,-0.16052821128451378
Nfs1,0.0968547418967587,0.5034189141331943,50,0.07879951980792316
Nfu1,0.14487394957983193,0.31546950168112314,50,0.24504201680672266
Nfx1,0.24465786314525811,0.08682904301195563,50,0.02857142857142857
Nfxl1,0.07169267707082833,0.6207701220760165,50,0.04124849939975991
Nfya,-0.0760144057623049,0.5998138905729673,50,-0.21651860744297718
Nfyb,0.0033133253301320525,0.9817809208576903,50,-0.08581032412965187
Nfyc,-0.1847298919567827,0.19904216476531753,50,-0.15860744297719087
Ngdn,0.048643457382953184,0.7372780352968975,50,0.09551020408163265
Ngef,-0.01819927971188475,0.90017224670718,50,-0.005426170468187274
Ngly1,0.17503001200480192,0.22407754193573215,50,0.07150060024009604
Ngp,0.04220888355342137,0.7710187121217909,50,-0.06890756302521008
Ngrn,0.037310924369747894,0.79698992318548,50,0.14506602641056424
Nhej1,-0.09944777911164465,0.4920056635658296,50,-0.07678271308523409
Nhlrc2,0.1063625450180072,0.4622400242246198,50,0.09733493397358943
Nhlrc3,0.11154861944777912,0.44057108869439926,50,0.09157262905162064
Nhp2,0.0914765906362545,0.5275151924652707,50,0.07956782713085234
Nhsl1,-0.024921968787515004,0.8635992466184883,50,0.00773109243697479
Niban1,0.09858343337334932,0.4957950768954383,50,0.058343337334933965
Niban2,0.382953181272509,0.006053019645729558,50,0.49454981992797115
Nid1,0.2074909963985594,0.14821584138486774,50,0.17205282112845138
Nid2,-0.16830732292917167,0.2426581435006279,50,-0.18895558223289313
Nif3l1,0.28220888355342133,0.04707673058678545,50,0.10693877551020407
Nifk,-0.1407442977190876,0.3296075548569894,50,-0.1402641056422569
Nin,0.08648259303721488,0.5503887713278364,50,0.006194477791116446
Nip7,-0.14199279711884752,0.3252919760709843,50,-0.13498199279711884
Nipa1,-0.11058823529411764,0.4445407523127833,50,-0.07092436974789915
Nipbl,0.3325330132052821,0.018300986550225114,50,0.38641056422569026
Nipsnap1,-0.028091910978348723,0.8464469859921666,50,-0.015606242496998797
Nipsnap2,-0.0006242496998799519,0.9965671412191432,50,0.003217286914765906
Nisch,0.17166866746698678,0.23324081228599539,50,0.13210084033613445
Nit1,0.11913851476458663,0.40989987472861933,50,0.14036351417045012
Nit2,0.11231692677070829,0.4374095809590833,50,-0.0060984393757503004
Nkap,0.037118847539015606,0.7980130520295956,50,0.09983193277310923
Nkapd1,0.2167106842737095,0.13062403165117062,50,0.21248499399759901
Nkd1,0.16667466986794718,0.24732441964392568,50,0.16350540216086432
Nkiras2,0.1472749099639856,0.3074298165312654,50,0.1400720288115246
Nkrf,0.00849939975990396,0.9532860417065242,50,-0.0018727490996398558
Nktr,0.06669867947178872,0.6453618615817179,50,0.05402160864345738
Nkx2-1,0.13181272509003603,0.3615200982533277,50,0.14948379351740695
Nle1,-0.01085260150616549,0.9403733071970619,50,0.09272509003601441
Nln,0.267713510605631,0.06016127271173553,50,0.30440106613974793
Nlrc4,0.13939975990396156,0.33429506428141725,50,0.19740696278511405
Nlrc5,0.5962545018007203,4.898850828608971e-06,50,0.5291236494597839
Nlrp1a,0.05594237695078031,0.6995932396929486,50,-0.0005282112845138055
Nlrx1,-0.21623049219687873,0.13149966682156122,50,0.037695078031212484
Nmd3,0.012005090161687488,0.9340545793685999,50,0.24350540216086433
Nme1,-0.03308523409363745,0.8195738612852521,50,0.1251860744297719
Nme2,0.3007442977190876,0.03382107984574307,50,0.17301320528211284
Nme3,-0.24888355342136853,0.08135077750593399,50,-0.2630972388955582
Nme5,-0.3230252100840336,0.022132861533593836,50,-0.26261704681872744
Nme6,0.016950780312124852,0.9069893539372285,50,0.021368547418967588
Nme7,-0.010036014405762305,0.9448526178752373,50,-0.04816326530612245
Nmi,0.08629051620648259,0.5512778736291126,50,-0.020504201680672268
Nmnat1,0.025978391356542615,0.8578757198291542,50,-0.1210564225690276
Nmnat3,0.20115246098439374,0.16128839041737666,50,0.2580072028811525
Nmral1,0.08619447779111644,0.55172268105076,50,-0.017334933973589435
Nmt1,0.027226890756302524,0.8511208900266356,50,0.0857142857142857
Nmt2,-0.048643457382953184,0.7372780352968975,50,0.0912845138055222
Nnmt,-0.10751500600240095,0.4573755516331073,50,-0.1833853541416567
Nnt,0.1142376950780312,0.42956138814340417,50,0.16542617046818728
Nob1,0.05411764705882353,0.7089516084339997,50,-0.039135654261704685
Noc2l,0.21939975990396157,0.1258012245669263,50,0.16148859543817526
Noc3l,-0.10232893157262904,0.4794837696605121,50,-0.10194477791116446
Noc4l,0.09915966386554621,0.49326712687897634,50,0.18617046818727492
Nod1,0.004850056425321745,0.9733334171364867,50,-0.11644937456836864
Nol10,-0.16907563025210082,0.24048312706659133,50,-0.17195678271308523
Nol11,0.24110444177671067,0.09165539972196869,50,0.21334933973589434
Nol12,0.008691476590636255,0.9522315678165846,50,-0.016758703481392558
Nol3,-0.08148859543817527,0.5737247800932863,50,-0.17675870348139258
Nol4l,0.04163265306122449,0.7740618781921108,50,0.04873949579831932
Nol6,0.10626650660264104,0.4626466548557733,50,0.11452581032412965
Nol7,0.007539015606242497,0.9585595634091832,50,0.030012004801920768
Nol8,0.14093637454981991,0.32894129283283724,50,0.1253781512605042
Nol9,0.03308523409363745,0.8195738612852521,50,0.1438175270108043
Nolc1,-0.3144777911164466,0.026133958003732794,50,-0.2614645858343337
Nom1,0.029435774309723887,0.8391962043065057,50,0.0588235294117647
Nomo1,-0.16619447779111643,0.24870835467986022,50,-0.13363745498199278
Nono,0.29225191489612024,0.039449627230062685,50,0.40850920802190177
Nop10,0.23303721488595439,0.10338621607221886,50,0.2024969987995198
Nop14,0.12182472989195677,0.3993467848954373,50,-0.012436974789915966
Nop16,-0.03606242496998799,0.8036462240386789,50,-0.0617046818727491
Nop2,0.22055222088835533,0.12377592432772774,50,0.2024969987995198
Nop53,-0.15361344537815122,0.2868419996620879,50,-0.16091236494597838
Nop56,0.4273229291716686,0.0019673244032628076,50,0.3213925570228091
Nop58,0.21085234093637453,0.14160987919631185,50,0.1833853541416567
Nop9,0.23783913565426168,0.09627212471063692,50,0.1558223289315726
Nos3,-0.16091236494597838,0.2642778990888745,50,-0.16773109243697476
Nosip,0.241968787515006,0.09046263982568438,50,0.1940456182472989
Nostrin,0.2636734693877551,0.06428656945512991,50,0.2604081632653061
Notch1,0.2252581032412965,0.11576095922209773,50,0.19615846338535411
Notch2,-0.16763505402160866,0.24457223816359275,50,-0.16225690276110444
Notch3,0.21834333733493394,0.12767961930458543,50,0.192124849939976
Nova2,0.3463625450180072,0.013739416747173081,50,0.30429771908763503
Npc1,0.1051140456182473,0.46754126104211324,50,0.05248499399759904
Npc2,0.5193277310924369,0.00011132260406812743,50,0.428859543817527
Npdc1,0.012725090036014405,0.9301090658978797,50,0.20979591836734693
Npepl1,0.2566626650660264,0.07197926434296789,50,0.22208883553421366
Npepps,0.016086434573829533,0.9117128093624184,50,-0.00312124849939976
Nphp1,-0.1142376950780312,0.42956138814340417,50,-0.1051140456182473
Nphp3,-0.1036734693877551,0.47369839364716887,50,0.11222088835534214
Nphp4,-0.0465317294667007,0.7483007226129113,50,-0.06953348221649394
Npl,0.28134453781512603,0.04778572213045924,50,0.22900360144057622
Nploc4,-0.1288355342136855,0.3725607171065508,50,-0.03759903961584634
Npm1,0.24129651860744294,0.09138929013326061,50,0.3503001200480192
Npm3,0.17397358943577432,0.22693015407298248,50,0.1878031212484994
Npnt,0.19222088835534215,0.18111209634198486,50,0.2622328931572629
Nppa,0.26003093716310915,0.06819696473790994,50,0.1733214094872395
Npr1,0.3733493397358943,0.00757318040620301,50,0.3857382953181272
Npr2,-0.25157262905162064,0.07800853491691731,50,-0.2712605042016807
Npr3,0.3671068427370948,0.008730181571607407,50,0.35596638655462187
Nprl2,0.004273709483793517,0.9765013409868725,50,0.04710684273709483
Nptn,0.06285714285714285,0.6645393163266287,50,-0.015510204081632653
Npy,0.5547659063625451,2.9057149251693252e-05,50,0.4896518607442977
Nqo1,-0.07361344537815126,0.6114180800534645,50,0.0823529411764706
Nqo2,-0.15879951980792315,0.27068404488745834,50,-0.142953181272509
Nr1d1,0.6307322929171668,9.125995125292484e-07,50,0.5479471788715485
Nr1d2,0.6782713085234094,6.229089428563892e-08,50,0.5466986794717886
Nr1h2,-0.17848739495798316,0.21491563817128004,50,-0.16945978391356542
Nr2c1,0.045570228091236495,0.7533362213710718,50,-0.06929171668667466
Nr2c2,0.17051620648259302,0.23644090751166094,50,0.042977190876350546
Nr2c2ap,-0.018487394957983194,0.8986000622543062,50,-0.17243697478991593
Nr2f2,0.16859543817527012,0.24184094814296855,50,0.21248499399759901
Nr2f6,-0.3158223289315726,0.025467143301924924,50,-0.32072028811524605
Nr3c1,0.1173109243697479,0.4171706025928586,50,0.18617046818727492
Nr3c2,0.013781512605042016,0.9243230321819229,50,0.057478991596638655
Nradd,-0.0033133253301320525,0.9817809208576903,50,-0.018775510204081632
Nras,0.11106842737094838,0.4425534553303118,50,-0.022521008403361343
Nrbp1,-0.10002400960384153,0.48948777399465654,50,-0.19193277310924367
Nrbp2,0.23034813925570227,0.107543120694918,50,0.1870348139255702
Nrdc,-0.23716686674669865,0.09724461160477188,50,-0.18319327731092436
Nrde2,0.014069627851140454,0.9227456830202393,50,-0.02809123649459784
Nrf1,0.08715486194477791,0.5472823082871631,50,0.05018007202881152
Nrg1,0.0670828331332533,0.6434563570547525,50,-0.06132052821128451
Nrgn,0.33979207193640265,0.015768244431371255,50,0.42617046818727483
Nrip2,-0.0966626650660264,0.5042696916034142,50,-0.028763505402160862
Nrm,0.051908763505402154,0.7203372151545954,50,0.1352701080432173
Nrp1,0.2838415366146458,0.045760904897916524,50,0.21498199279711883
Nrp2,0.21171668667466984,0.13994716603568735,50,0.2758703481392557
Nrxn1,0.02280912364945978,0.8750668341977711,50,0.014645858343337334
Nsa2,0.16782713085234094,0.2440243098877604,50,0.18876350540216086
Nsd1,-0.19577430972388954,0.17302544682865212,50,-0.2943097238895558
Nsd2,0.31284513805522207,0.02696324444776453,50,0.2508043217286915
Nsd3,-0.3212004801920768,0.02294066649073923,50,-0.32072028811524605
Nsdhl,0.24225690276110443,0.09006775172386867,50,0.184921968787515
Nsf,0.22189675870348136,0.12144432938914965,50,0.2989195678271308
Nsfl1c,-0.05786314525810324,0.689789858987514,50,0.006770708283313325
Nsmaf,0.1878031212484994,0.1915400934948433,50,0.13930372148859543
Nsmce1,0.12115246098439375,0.40197290080277515,50,0.08801920768307324
Nsmce2,0.15630252100840333,0.27838676526196915,50,0.04672268907563025
Nsrp1,0.12542918200931089,0.38543793060093945,50,0.08331332533013207
Nsun2,0.3126530612244898,0.027062237809797777,50,0.27683073229291716
Nsun4,0.28806722689075626,0.04249405805208297,50,0.10501800720288115
Nsun5,-0.12979591836734694,0.36897733239601205,50,-0.19356542617046818
Nsun6,-0.06573829531812725,0.6501354755460494,50,-0.2939255702280912
Nt5c,0.05056422569027611,0.7272972880782103,50,-0.049219687875150055
Nt5c2,-0.0823529411764706,0.5696535539896701,50,0.013301320528211284
Nt5c3a,0.02280912364945978,0.8750668341977711,50,0.009939975990396158
Nt5c3b,0.028379351740696276,0.8448950262601718,50,-0.0426890756302521
Nt5dc1,0.10002400960384153,0.48948777399465654,50,-0.04163265306122449
Nt5dc2,0.30036014405762307,0.0340604750293905,50,0.2921968787515006
Nt5dc3,0.08177671068427371,0.5723662219784476,50,-0.06516206482593037
Nt5e,0.1932339312425218,0.1787794994262979,50,0.14670220177582108
Ntan1,0.0027370948379351738,0.9849490540846748,50,0.03279711884753902
Ntaq1,-0.20259303721488592,0.15824581649145983,50,-0.2016326530612245
Nthl1,-0.24398559423769509,0.08772656250449758,50,-0.11145258103241296
Ntmt1,-0.1316206482593037,0.36222634242251806,50,-0.033373349339735896
Ntn1,0.2469627851140456,0.08380622897778386,50,0.27683073229291716
Ntn4,0.10127250900360144,0.484055476875917,50,0.14237695078031212
Ntpcr,-0.0059063625450180065,0.9675284624934394,50,-0.0805282112845138
Nuak1,0.06093637454981993,0.6742093668352068,50,0.2179591836734694
Nub1,0.0887875150060024,0.5397732021211107,50,0.08907563025210084
Nubp1,0.15140456182472986,0.2939116603628428,50,0.306890756302521
Nubp2,0.12355342136854741,0.3926399851500462,50,0.2791356542617046
Nubpl,-0.1709003601440576,0.2353708864141955,50,-0.09368547418967586
Nucb1,-0.040480192076830734,0.7801582650625992,50,-0.10914765906362545
Nucb2,-0.00024009603841536613,0.9986796663385688,50,-0.05527010804321728
Nucks1,-0.06804321728691476,0.6387025395929358,50,0.13728691476590635
Nudc,-0.3025690276110444,0.03270289661586051,50,-0.09973589435774309
Nudcd1,-0.17387755102040817,0.2271907201899618,50,-0.3168787515006002
Nudcd2,-0.014358087833378236,0.9211667412140959,50,-0.026315157634418974
Nudcd3,0.3366626650660264,0.016820919561932608,50,0.2514765906362545
Nudt1,-0.09733493397358943,0.501295186368049,50,-0.12921968787515006
Nudt12,-0.1700881174107883,0.23763722457379655,50,-0.17292131868894656
Nudt13,0.19721488595438177,0.16982267494431666,50,0.32480971941461667
Nudt14,0.1359423769507803,0.34653861240552086,50,0.13575030012004802
Nudt15,-0.11750300120048018,0.41640301689044473,50,-0.0966626650660264
Nudt16,0.08542617046818726,0.5552872740683678,50,0.06256902761104441
Nudt16l1,0.048931572629051616,0.7357781389841229,50,0.10837935174069627
Nudt18,-0.09608643457382952,0.5068264233318739,50,-0.007827130852340937
Nudt19,-0.003889555822328931,0.9786130658625282,50,-0.169171668667467
Nudt2,0.1997118847539016,0.16437352566901103,50,0.18837935174069628
Nudt21,-0.11135654261704682,0.44136344309390074,50,-0.062953181272509
Nudt3,0.11049219687875149,0.4449388025026449,50,0.14948379351740695
Nudt4,0.04096038415366146,0.7776164897616292,50,-0.03903961584633854
Nudt5,-0.12585834333733492,0.38380120751963126,50,0.1721488595438175
Nudt8,-0.035966386554621844,0.8041588252755482,50,-0.1570708283313325
Nudt9,-0.03097238895558223,0.8309216389451998,50,-0.04124849939975991
Nufip1,0.1398799519807923,0.33261619898352446,50,0.14909963985594235
Nufip2,-0.019927971188475387,0.890745037661987,50,0.07025210084033613
Numa1,0.24888355342136853,0.08135077750593399,50,0.39274909963985594
Numb,0.2558943577430972,0.07286488751789306,50,0.20451380552220885
Numbl,-0.3130927514168097,0.026836075200420532,50,-0.11001200480192078
Nup107,0.050660264105642255,0.7267994090773101,50,0.0563265306122449
Nup133,0.085906362545018,0.5530581268698401,50,0.10444177671068428
Nup153,-0.08206482593037215,0.5710091453885509,50,-0.06112845138055222
Nup155,0.1038655462184874,0.47287495671406327,50,0.1320048019207683
Nup160,0.015126050420168066,0.9169646314960526,50,0.20192076830732295
Nup188,0.11323201040503637,0.433660657293045,50,0.09536843624444541
Nup205,0.030204081632653063,0.8350567113874385,50,0.05623049219687875
Nup210,0.052965186074429765,0.7148842537631441,50,-0.030012004801920768
Nup214,0.12547418967587035,0.38526608807851537,50,0.07063625450180072
Nup35,0.13142857142857142,0.36293342288441993,50,0.1392076830732293
Nup37,0.211812725090036,0.13976332183491857,50,0.14304921968787515
Nup43,-0.34502629124689843,0.014132893413845925,50,-0.45863145258103244
Nup50,0.10021608643457382,0.4886499728762951,50,0.1038655462184874
Nup54,0.04989195678271309,0.7307855529477288,50,-0.04220888355342137
Nup58,-0.1983673469387755,0.1672916128784593,50,-0.10357743097238895
Nup62,0.08292917166866745,0.5669468413550871,50,0.05767106842737095
Nup85,-0.1051140456182473,0.46754126104211324,50,-0.12067226890756304
Nup88,-0.1224969987995198,0.39673069234463537,50,0.0014885954381752698
Nup93,0.18665066026410562,0.19432939839925134,50,0.2434093637454982
Nup98,-0.1020408163265306,0.4807283315014337,50,-0.15601440576230494
Nupl2,0.08725090036014405,0.5468392146187665,50,0.057382953181272504
Nutf2,0.2327490996398559,0.1038255908478191,50,0.2864345738295318
Nvl,0.16600240096038413,0.24926339418995225,50,0.032220888355342134
Nxf1,-0.0968547418967587,0.5034189141331943,50,-0.12364945978391356
Nxn,-0.2434093637454982,0.08850161764110702,50,-0.22237695078031214
Nxt1,-0.10396158463385353,0.4724635245370603,50,-0.11049219687875149
Nxt2,0.15217286914765904,0.29143992605739943,50,-0.02991596638655462
Oaf,0.08273709483793518,0.5678484153969561,50,0.09166866746698678
Oard1,0.1063625450180072,0.4622400242246198,50,0.1223049219687875
Oas1a,0.44777911164465783,0.0011114424515170599,50,0.4960864345738295
Oas2,0.4351980792316926,0.001585670845488473,50,0.4343337334933973
Oas3,0.46602641056422567,0.0006476861655209655,50,0.5406482593037215
Oasl,0.46304921968787516,0.000708792491021631,50,0.47274909963985595
Oasl2,0.3847779111644658,0.00579644427910068,50,0.3353181272509004
Oat,0.3789195678271309,0.006655581488051939,50,0.43202881152460976
Obi1,0.1594717887154862,0.2686346453491613,50,0.12240096038415366
Obscn,0.06525810324129651,0.6525275217715648,50,0.02674669867947179
Obsl1,0.12672268907563025,0.38051732071102834,50,0.13248499399759903
Ociad1,0.1328691476590636,0.3576507160616057,50,0.13603841536614644
Ociad2,0.3228331332533013,0.022216749567644037,50,0.09877551020408162
Ocln,-0.1011764705882353,0.48447221858957024,50,0.022424969987995196
Ocrl,0.03567827130852341,0.8056971175229699,50,-0.013493397358943579
Odad1,-0.15486194477791115,0.28289570390531826,50,-0.15591836734693876
Odad2,-0.018103241296518604,0.9006963927911024,50,-0.027418967587034812
Odad3,-0.1208643457382953,0.40310144275949744,50,-0.11913565426170468
Odad4,-0.16542617046818728,0.2509335404001823,50,-0.08177671068427371
Odf2,0.12854741896758703,0.3736397902834093,50,0.08561824729891956
Odf2l,0.11817527010804323,0.4137228304092187,50,0.1438175270108043
Odf3b,-0.16888355342136854,0.24102563002513044,50,-0.17858343337334934
Odr4,-0.11615846338535413,0.4217930485541134,50,-0.1886674669867947
Ofd1,-0.09464585834333733,0.513246992952907,50,-0.04345738295318128
Oga,0.15082833133253298,0.29577436862597856,50,0.18578631452581032
Ogdh,-0.1298919567827131,0.3686201394238035,50,-0.2736614645858343
Ogdhl,0.21575030012004803,0.132379700412982,50,0.28614645858343335
Ogfod1,0.11683073229291716,0.41909309693074415,50,0.14948379351740695
Ogfod2,-0.07582232893157262,0.6007386654540318,50,-0.03414165666266506
Ogfod3,-0.2864345738295318,0.04373284673469937,50,0.05315726290516206
Ogfr,0.11135654261704682,0.44136344309390074,50,0.18060024009603842
Ogfrl1,0.01666266506602641,0.9085634932990514,50,0.0012965186074429772
Ogg1,0.2028811524609844,0.15764238599027935,50,0.18511404561824726
Ogn,-0.2510924369747899,0.07859728817473913,50,-0.26540216086434576
Ogt,0.14871548619447778,0.30266963261683894,50,0.03250900360144057
Ola1,-0.06650660264105641,0.6463154609741191,50,-0.043073229291716676
Olfm4,0.12144057623049219,0.400846196407491,50,0.024729891956782712
Olfml1,-0.21791639661495127,0.12844471474658228,50,-0.1773349339735894
Olfml2a,0.26857142857142857,0.05931322187980089,50,0.34895558223289314
Olfml3,0.16004801920768308,0.2668862506154647,50,0.14775510204081632
Olr1,0.219015606242497,0.12648184993688588,50,0.2706842737094838
Oma1,0.12124849939975989,0.4015971284232332,50,0.1644657863145258
Opa1,-0.12364945978391356,0.3922693346838515,50,-0.015222088835534215
Opcml,0.013493397358943579,0.9259006695282543,50,0.11539015606242496
Ophn1,0.2024969987995198,0.15844733587376408,50,0.47207683073229284
Oplah,0.12422569027611044,0.3900497503252509,50,0.2548379351740696
Optn,0.06410564225690277,0.6582825317229156,50,0.09070828331332531
Orai1,-0.05334933973589436,0.712904830878288,50,0.08264105642256904
Orc2,0.2213205282112845,0.12243947776251775,50,0.10444177671068428
Orc3,0.024921968787515004,0.8635992466184883,50,0.03654261704681872
Orc4,0.12451380552220888,0.3889427365299787,50,0.020984393757503002
Orc5,-0.2230492196878751,0.11947242414860526,50,-0.15495798319327728
Orm1,0.028956277469990223,0.8417818339474394,50,0.03178947874814847
Os9,0.31889555822328935,0.023996361120966606,50,0.30602641056422564
Osbp,0.08926770708283314,0.5375741872301489,50,0.16100840336134453
Osbp2,0.08686674669867947,0.5486126204499956,50,-0.027803121248499398
Osbpl10,-0.07342136854741896,0.6123505611049063,50,0.06919567827130851
Osbpl11,0.2708763505402161,0.057082303605294725,50,0.18088835534213688
Osbpl1a,-0.014117986030144485,0.9224809643887986,50,-0.1364258445974166
Osbpl2,0.1320048019207683,0.3608146906490368,50,0.10271308523409363
Osbpl3,-0.018775510204081632,0.8970282631008979,50,-0.04230492196878751
Osbpl5,0.41753703582349083,0.0025539302765209934,50,0.46013109571715805
Osbpl6,0.13747899159663865,0.3410633035393226,50,0.10905162064825931
Osbpl7,-0.08264105642256904,0.5682994514330523,50,-0.11202881152460985
Osbpl8,0.24801920768307323,0.08244864037247976,50,0.23812725090036013
Osbpl9,-0.06593037214885954,0.6491796319767822,50,-0.21286914765906362
Oscp1,0.07332533013205282,0.6128170298538621,50,0.056038415366146455
Osgep,-0.06967587034813925,0.6306540338400889,50,-0.08427370948379351
Osgepl1,-0.05968787515006002,0.6805230852255368,50,-0.05152460984393757
Ostc,-0.04470588235294118,0.7578715994253096,50,0.045474189675870344
Ostf1,0.03788715486194477,0.7939225693820167,50,0.02127250900360144
Ostm1,0.18108043217286915,0.20821806179258906,50,0.07428571428571429
Otub1,-0.15591836734693876,0.27958449111394346,50,-0.18799519807923168
Otub2,0.025018007202881155,0.863078634916133,50,0.09339735894357742
Otud1,0.284609843937575,0.04515215768518725,50,0.11385354141656662
Otud3,0.1660984393757503,0.24898576972633313,50,0.10713085234093636
Otud4,0.142953181272509,0.3219966374250873,50,0.1171188475390156
Otud6b,-0.020888355342136854,0.8855140703887638,50,0.062184873949579826
Otud7a,0.2074909963985594,0.14821584138486774,50,0.2367827130852341
Otud7b,0.26920214178568025,0.05869591036140373,50,0.29652572699368096
Otulin,0.03759903961584634,0.7954558636185503,50,0.09282112845138055
Otulinl,0.567250900360144,1.7439239489119152e-05,50,0.4688115246098439
Oxa1l,0.035966386554621844,0.8041588252755482,50,-0.00744297719087635
Oxct1,0.056038415366146455,0.6991019013727332,50,0.051908763505402154
Oxnad1,-0.029531812725090034,0.8386785296382456,50,0.1117406962785114
Oxr1,0.002352941176470588,0.9870612735896643,50,0.029339735894357743
Oxsm,0.16106028960919933,0.2638332158259521,50,0.18837935174069628
Oxsr1,0.043841536614645855,0.7624150624431476,50,0.15515006002400963
P2rx4,0.35798319327731093,0.01069502254742765,50,0.2818247298919568
P2rx7,0.4447058823529411,0.0012137454840946964,50,0.43337334933973587
P3h1,0.19462184873949578,0.17561897199130802,50,0.22247298919567823
P3h3,0.024058200684021726,0.8682841727186333,50,-0.012725090036014405
P3h4,0.06737094837935174,0.6420287162643779,50,0.026842737094837935
P4ha1,0.20211769796217055,0.1592450695735477,50,0.2399577421518095
P4ha2,0.2388955582232893,0.09475917576214749,50,0.20460984393757503
P4hb,0.2514765906362545,0.0781260065586608,50,0.14861944777911165
Pa2g4,0.2660808183436415,0.06180206255707836,50,0.28259982240612347
Pabpc1,-0.023193277310924368,0.8729798568310736,50,0.08888355342136854
Pabpc4,-0.015702280912364946,0.913813102725811,50,0.03577430972388955
Pabpn1,0.1644657863145258,0.2537338903275896,50,0.27807923169267706
Pacc1,0.3041056422569028,0.03178520465860404,50,0.2564705882352941
Pacs1,0.010612244897959183,0.9416915769578321,50,0.03270108043217287
Pacs2,0.08283313325330133,0.5673975453262576,50,0.0860984393757503
Pacsin1,-0.016950780312124852,0.9069893539372285,50,-0.01503001200480192
Pacsin2,0.11817527010804323,0.4137228304092187,50,0.07620648259303721
Pacsin3,-0.02261704681872749,0.8761106394173841,50,0.2103721488595438
Padi2,0.23841536614645856,0.09544457665223652,50,0.2568547418967587
Padi4,0.013589435774309724,0.9253747587611171,50,-0.10809123649459784
Paf1,0.016182472989195677,0.9111878287690884,50,-0.1328691476590636
Pafah1b1,0.32129651860744296,0.022897540802460457,50,0.3023769507803121
Pafah1b2,-0.007250900360144057,0.9601419726471438,50,0.01819927971188475
Pafah1b3,-0.14266506602641055,0.3229830159785232,50,0.06852340936374549
Pafah2,0.421656662665066,0.002290369402790228,50,0.428859543817527
Pag1,-0.003889555822328931,0.9786130658625282,50,-0.0966626650660264
Paics,-0.1872268907563025,0.19293115958816123,50,-0.00043217286914765904
Paip1,0.1896804245546623,0.1870577212265687,50,0.1607202881152461
Paip2,0.07937575030012005,0.5837324562896088,50,0.05987995198079231
Paip2b,-0.06765906362545018,0.6406023554342575,50,0.02069627851140456
Pak1,0.43279711884753896,0.0016943565400260562,50,0.32763505402160864
Pak1ip1,0.10415366146458584,0.471641233220701,50,0.08926770708283314
Pak4,0.1063625450180072,0.4622400242246198,50,0.24917166866746698
Pald1,0.13997599039615843,0.33228105975625033,50,0.13863145258103243
Palm,0.1657142857142857,0.2500975243828108,50,0.066890756302521
Palm2,0.16100840336134453,0.26398913656643963,50,0.21690276110444176
Palmd,0.29382953181272503,0.0383494583391168,50,0.3359903961584633
Pals1,0.37776710684273707,0.00683705674000796,50,0.2632893157262905
Pals2,-0.04768307322929172,0.7422846631765018,50,-0.06141656662665066
Pam,0.05767106842737095,0.690767963327466,50,0.01310924369747899
Pam16,0.14948379351740695,0.30015038431657165,50,0.11058823529411764
Pamr1,0.07783913565426169,0.5910598413289536,50,0.1059783913565426
Pan2,-0.1374822925316451,0.34105159960783915,50,-0.1883838748172001
Pan3,-0.11097238895558223,0.44295052060652196,50,-0.04201680672268907
Pank2,-0.06458583433373348,0.6558822035933572,50,0.11635054021608643
Pank4,0.042785114045618244,0.7679789549507468,50,0.08686674669867947
Paox,0.14593037214885954,0.31191571257701484,50,0.2970948379351741
Papln,-0.15418967587034815,0.28501618282802504,50,-0.013973589435774309
Papola,-0.008115246098439374,0.9553952252908573,50,0.012436974789915966
Papolg,-0.06074429771908763,0.6751792766208208,50,-0.3182232893157263
Papss1,0.20240096038415364,0.15864904332820887,50,0.2719327731092437
Papss2,0.022040816326530613,0.8792433004330112,50,-0.023865546218487393
Paqr4,-0.09445378151260504,0.5141061568152153,50,0.058439375750300115
Pard3,0.11635054021608643,0.42102062780062893,50,0.010612244897959183
Pard3b,0.5524609843937575,3.185817097593677e-05,50,0.45488595438175267
Pard6b,0.527875150060024,8.161942273065656e-05,50,0.352124849939976
Pard6g,0.13843937575030013,0.3376686332513916,50,0.0586314525810324
Parg,-0.20614645858343336,0.1509210873915034,50,0.06746698679471788
Park7,0.2169987995198079,0.13010075707772073,50,0.17906362545018004
Parl,0.16369747899159662,0.2559892820645514,50,0.19683073229291717
Parn,0.04192076830732293,0.7725398717258881,50,0.0182953181272509
Parp1,0.5163505402160864,0.00012379256773949768,50,0.5525570228091237
Parp10,0.23879951980792313,0.09489594953093942,50,0.11903961584633853
Parp12,-0.011860744297719087,0.9348457693377733,50,0.13104441776710685
Parp14,0.3022401499106442,0.03290213495639363,50,0.2866266506602641
Parp2,-0.17118847539015608,0.23457055177168173,50,-0.2230492196878751
Parp3,-0.19346938775510203,0.17824045890452594,50,-0.18405762304921966
Parp9,0.3350300120048019,0.017393426862415025,50,0.48264105642256894
Pars2,0.23524609843937574,0.10006507018810001,50,0.17291716686674669
Parva,0.16638655462184873,0.2481541527175963,50,0.20989195678271308
Parvb,0.19375750300120048,0.17758245915537443,50,0.1837695078031212
Parvg,0.6024009603841537,3.683226146742956e-06,50,0.5484273709483793
Patj,0.3738295318127251,0.00748996885731508,50,0.3126530612244898
Patl1,-0.06266506602641056,0.6655039242284221,50,-0.047875150060024005
Patz1,0.06487394957983193,0.6544436547826313,50,-0.06055222088835534
Pawr,0.37709483793517407,0.006944892761225768,50,0.3749819927971188
Paxbp1,0.12293212325567987,0.3950427846613728,50,0.055654261704681865
Paxip1,-0.06285714285714285,0.6645393163266287,50,0.085906362545018
Paxx,0.05901560624249699,0.6839318162727875,50,0.1274909963985594
Pbdc1,0.7322448979591836,1.5118365029412108e-09,50,0.7258103241296519
Pbld1,-0.043169267707082834,0.7659543651497859,50,-0.12
Pbrm1,-0.14016806722689074,0.3316114152758582,50,-0.14861944777911165
Pbx1,0.20345738295318128,0.15644059228611876,50,0.24590636254501802
Pbx2,-0.04336134453781513,0.7649426494889897,50,-0.06352941176470588
Pbx3,-0.13959183673469386,0.3336228844020166,50,-0.20086434573829529
Pbxip1,-0.09954381752701079,0.49158554857421144,50,-0.0846578631452581
Pc,0.3568307322929172,0.01096841848005881,50,0.4641056422569027
Pcbd2,0.3182232893157263,0.024311847498337553,50,0.22756302521008404
Pcbp1,-0.0027370948379351738,0.9849490540846748,50,-0.01819927971188475
Pcbp2,-0.23908763505402159,0.09448608712255584,50,-0.2703961584633853
Pcbp3,0.19990396158463383,0.16395970586873604,50,0.19894357743097235
Pcbp4,-0.07092436974789915,0.6245277341281963,50,-0.07322929171668667
Pcca,0.16821128451380551,0.24293095927614597,50,0.1086674669867947
Pccb,0.030012004801920768,0.8360911744142364,50,0.06794717887154862
Pcdh1,0.3090036014405762,0.029001592982218577,50,0.3349339735894358
Pcdh12,0.5549579831932773,2.8834272103630218e-05,50,0.5335414165666266
Pcdh17,0.5637935174069627,2.0129232005736867e-05,50,0.5381512605042016
Pcdh18,0.3332052821128451,0.018052781703629672,50,0.3769987995198079
Pcdh19,0.22727490996398558,0.11244947922524504,50,0.11116446578631452
Pcdhga7,-0.16110444177671068,0.2637005848294606,50,-0.2277551020408163
Pcdhgb6,0.12701080432172868,0.37942641748072364,50,0.04998799519807923
Pcdhgc3,0.3462665066026411,0.013767380621415198,50,0.3210084033613445
Pcf11,-0.5805042016806723,9.910464630372622e-06,50,-0.5177911164465786
Pcgf2,0.18194477791116445,0.2060184559270741,50,0.1754141656662665
Pcgf5,0.11673469387755102,0.41947820044144807,50,0.0182953181272509
Pcgf6,-0.09330132052821127,0.5192763079677906,50,0.047875150060024005
Pcid2,0.07947178871548619,0.5832758585435145,50,0.030684273709483793
Pcif1,0.13747899159663865,0.3410633035393226,50,0.2037454981992797
Pck2,0.2814405762304922,0.04770651873692008,50,0.27606242496998795
Pcm1,0.4377911164465786,0.0014753086849638342,50,0.38852340936374546
Pcmt1,0.2645378151260504,0.06338549368473971,50,0.13238895558223288
Pcmtd1,0.16945978391356542,0.23940062178526056,50,0.08821128451380551
Pcmtd2,0.054981992797118844,0.7045132935167626,50,0.05930372148859543
Pcna,0.5044417767106842,0.00018747168465722415,50,0.42511404561824734
Pcnp,-0.0617046818727491,0.6703349815701655,50,-0.02463385354141657
Pcnt,0.04768307322929172,0.7422846631765018,50,0.09618247298919569
Pcolce,0.31476590636254503,0.025989852434777416,50,0.1940456182472989
Pcp4l1,0.263679800311304,0.064279932477995,50,0.3501080432172869
Pcsk1n,0.22689075630252098,0.11307459610347816,50,0.2041296518607443
Pcsk5,0.14573829531812724,0.3125599479084467,50,0.13210084033613445
Pcsk6,0.34511404561824727,0.014106760905428171,50,0.3551020408163265
Pctp,0.18420610344093283,0.20034124147561597,50,0.17349339735894356
Pcyox1,0.10156062424969987,0.48280638215732524,50,0.13795918367346938
Pcyox1l,0.23333093238255803,0.10293977252032006,50,0.24864942742887122
Pcyt1a,0.14785114045618247,0.3055200155233698,50,0.0860984393757503
Pcyt1b,-0.09167086847464566,0.5266349433083821,50,0.039519807923169274
Pcyt2,-0.03174069627851141,0.826791094735132,50,0.05728691476590636
Pdap1,-0.13776710684273707,0.34004268805590443,50,-0.352124849939976
Pdcd10,-0.016182472989195677,0.9111878287690884,50,0.029243697478991592
Pdcd11,0.1660984393757503,0.24898576972633313,50,0.2192076830732293
Pdcd2,0.17656662665066022,0.21997275812295494,50,0.12460984393757503
Pdcd2l,-0.1456422569027611,0.3128823836245549,50,-0.10405762304921969
Pdcd4,0.283265306122449,0.04622184501188203,50,0.3021848739495798
Pdcd5,0.06842737094837935,0.6368050173218915,50,-0.12797118847539016
Pdcd6,-0.23438175270108041,0.10135469884540192,50,-0.2567587034813925
Pdcd6ip,-0.05570495588443711,0.7008084226510349,50,-0.2745870152993201
Pdcl,-0.009171668667466985,0.949595741280882,50,0.12566626650660262
Pdcl3,-0.1431452581032413,0.3213401105572278,50,-0.06256902761104441
Pde12,0.39856899336802465,0.004145607393620677,50,0.34511404561824727
Pde1a,0.047490996398559415,0.7432872647025576,50,-0.09099639855942376
Pde1b,0.18002400960384152,0.21092879130741976,50,0.2932533013205282
Pde2a,0.1878031212484994,0.1915400934948433,50,0.1940456182472989
Pde3a,0.4464345738295318,0.0011552100168988018,50,0.31159663865546217
Pde3b,0.17224489795918366,0.23165196905395388,50,0.09714285714285714
Pde4a,0.040384153661464584,0.7806668942253498,50,0.03807923169267707
Pde4b,0.08456182472989196,0.5593104161522781,50,0.08725090036014405
Pde4c,0.013301320528211284,0.9269525849107543,50,-0.1185594237695078
Pde4d,0.011092436974789914,0.9390580533725903,50,-0.11548619447779111
Pde4dip,-0.010516206482593037,0.942218356661114,50,0.050372148859543824
Pde5a,0.1363265306122449,0.345164731242489,50,0.21440576230492195
Pde6d,0.07399759903961585,0.6095549479701945,50,0.03692677070828331
Pde7a,0.04364945978391356,0.7634258044868907,50,0.0034093637454981987
Pde7b,0.04729891956782713,0.7442902879681722,50,-0.015126050420168066
Pde8a,0.24542617046818724,0.0858121132027057,50,0.14929171668667465
Pde8b,0.0670828331332533,0.6434563570547525,50,0.07524609843937576
Pde9a,0.19116446578631452,0.18356779599920445,50,0.2595438175270108
Pdf,0.13133253301320527,0.3632872766392256,50,0.13584633853541417
Pdgfb,0.45863145258103244,0.0008090435814709076,50,0.38967587034813916
Pdgfra,0.3958223289315726,0.004436767080033498,50,0.38180072028811524
Pdgfrb,0.21286914765906362,0.13775289791733092,50,0.196734693877551
Pdha1,0.027899159663865542,0.8474880188601623,50,0.11587034813925569
Pdhb,-0.016470588235294115,0.9096131131071888,50,0.05642256902761104
Pdhx,0.2640576230492197,0.0638848354221752,50,0.28777911164465786
Pdia3,0.05027611044417767,0.7287915934144177,50,0.10674669867947177
Pdia4,0.1262424969987995,0.38233963362892504,50,0.2179591836734694
Pdia5,0.11010804321728691,0.44653296997788217,50,0.12134453781512604
Pdia6,0.07591836734693877,0.6002762000240179,50,0.33387755102040817
Pdk1,0.0575750300120048,0.6912572031570278,50,0.12451380552220888
Pdk2,0.18396158463385354,0.20094973353944637,50,0.12585834333733492
Pdk3,0.029435774309723887,0.8391962043065057,50,0.09656662665066026
Pdk4,0.47783913565426167,0.0004492336901943106,50,0.47150060024009605
Pdlim1,0.0695798319327731,0.6311263144969435,50,0.13229291716686675
Pdlim2,0.31774309723889554,0.024539319818966284,50,0.35903961584633853
Pdlim3,0.464297719087635,0.0006825626550180934,50,0.4679471788715486
Pdlim4,-0.18424969987995196,0.2002328874502069,50,-0.2063385354141657
Pdlim5,0.18665066026410562,0.19432939839925134,50,0.20441776710684276
Pdlim7,0.19702280912364944,0.17024720664232762,50,0.22679471788715486
Pdp1,-0.10818727490996398,0.45455084979964094,50,-0.11087635054021608
Pdp2,-0.15236494597839134,0.2908241130624517,50,-0.08955582232893158
Pdpk1,-0.1829051620648259,0.2035936769976229,50,-0.07563025210084032
Pdpn,0.07313325330132053,0.6137504230402822,50,-0.12355342136854741
Pdpr,-0.15841536614645857,0.2718597771294079,50,-0.20422569027611043
Pdrg1,-0.17503001200480192,0.22407754193573215,50,-0.19539015606242494
Pds5a,0.07620648259303721,0.5988897401951788,50,0.09387755102040815
Pds5b,-0.0060984393757503004,0.966473070114678,50,0.06285714285714285
Pdxdc1,-0.016950780312124852,0.9069893539372285,50,-0.012148859543817525
Pdxk,-0.12509003601440577,0.3867342723350412,50,-0.22208883553421366
Pdxp,-0.3325330132052821,0.018300986550225114,50,-0.19529411764705884
Pdzd11,-0.014069627851140454,0.9227456830202393,50,-0.07217286914765905
Pdzd2,0.3787274909963985,0.006685533003911981,50,0.3603841536614646
Pdzd8,-0.066890756302521,0.6444088265071674,50,0.019735894357743092
Pdzk1ip1,0.27625450180072025,0.05213911560918877,50,0.22448979591836735
Pdzrn3,0.13354141656662666,0.3552015777849331,50,0.02770708283313325
Pea15,0.010036014405762305,0.9448526178752373,50,0.07937575030012005
Peak1,0.21229291716686674,0.13884679942729225,50,0.18386554621848739
Pear1,0.16187274909963983,0.26139975658551357,50,0.08187274909963986
Pebp1,-0.08331332533013207,0.5651456891418459,50,-0.1481392557022809
Pecr,-0.0914765906362545,0.5275151924652707,50,-0.04950780312124849
Peds1,-0.0026410564225690276,0.9854770999432609,50,0.1870348139255702
Pef1,0.06256902761104441,0.6659864293910166,50,0.16600240096038413
Peli1,-0.10837935174069627,0.4537455442625736,50,-0.014069627851140454
Peli2,-0.2657863145258103,0.06210180929795336,50,-0.17858343337334934
Pelo,0.1567827130852341,0.27689436969542974,50,0.19058823529411767
Pelp1,0.012773415932035485,0.9298443042564748,50,-0.01810367596382473
Per1,-0.12432172869147658,0.3896805398051253,50,0.11875150060024009
Per2,-0.2333253301320528,0.10294827389637884,50,-0.2252581032412965
Pes1,0.12672268907563025,0.38051732071102834,50,0.03817527010804322
Pex1,0.03567827130852341,0.8056971175229699,50,0.06593037214885954
Pex11a,0.2837454981992797,0.04583746679749138,50,0.19452581032412963
Pex13,-0.11798319327731092,0.41448758716608036,50,-0.1837695078031212
Pex14,-0.02424969987995198,0.8672451225085609,50,-0.14496998799519806
Pex16,-0.08542822159056816,0.555277743319015,50,-0.053733493397358945
Pex19,0.25915966386554623,0.0691598162890669,50,0.37267707082833135
Pex3,0.024250282126608725,0.8672419636502195,50,-0.012244897959183673
Pex5,-0.15851140456182472,0.2715655271539118,50,-0.03827130852340937
Pex6,0.06496998799519808,0.6539644141900508,50,0.07534213685474188
Pex7,-0.211812725090036,0.13976332183491857,50,-0.08657863145258103
Pf4,0.31630252100840334,0.02523247596137998,50,0.39831932773109247
Pfas,0.23126605687474777,0.1061099937053526,50,0.11615846338535413
Pfdn1,0.01819927971188475,0.90017224670718,50,-0.12585834333733492
Pfdn2,0.17080432172869148,0.23563808001589995,50,0.10108043217286913
Pfdn4,0.13421368547418966,0.3527627156843771,50,0.05651860744297719
Pfdn5,-0.1899159663865546,0.18650066792887424,50,-0.1196158463385354
Pfdn6,-0.019735894357743092,0.8917917911858331,50,0.0712124849939976
Pfkfb1,0.2306362545018007,0.10709170281268111,50,0.1797358943577431
Pfkfb2,0.07812725090036014,0.5896828407810075,50,0.07428571428571429
Pfkfb3,-0.07188475390156063,0.6198322093991521,50,0.0017767106842737094
Pfkfb4,0.009939975990396158,0.9453795410999993,50,0.05152460984393757
Pfkl,0.24408163265306118,0.08759790364339078,50,0.2010564225690276
Pfkm,0.11106842737094838,0.4425534553303118,50,0.0974309723889556
Pfkp,-0.006674669867947179,0.9633072413398381,50,0.15553421368547415
Pfn1,0.08168067226890756,0.5728189102509789,50,0.3624969987995198
Pfn2,0.23659063625450177,0.09808420909056412,50,0.1962545018007203
Pgam1,-0.006866746698679471,0.9622520871612624,50,-0.06765906362545018
Pgam2,0.060168067226890755,0.6780921362007896,50,0.09963985594237695
Pgam5,0.24849939975990393,0.08183728974572672,50,0.11740696278511403
Pgap1,0.0642016806722689,0.6578021921982875,50,0.03615846338535413
Pgap2,0.09358943577430971,0.5179813380142873,50,0.0060984393757503004
Pgghg,0.2226650660264106,0.1201270082880347,50,0.2023049219687875
Pggt1b,-0.49147659063625443,0.0002895851779626445,50,-0.4545018007202881
Pgk1,0.07505402160864347,0.6044439864509824,50,0.1479471788715486
Pgls,0.09551249732638566,0.5093795216750117,50,0.09877551020408162
Pglyrp1,0.12825930372148858,0.3747207343614539,50,0.09176470588235294
Pglyrp2,0.23289874913673728,0.1035971968996521,50,0.18502244957192757
Pgm1,0.09426396794957016,0.5149559080667433,50,0.09176470588235294
Pgm2,-0.23140456182472988,0.10589502793518658,50,-0.222280912364946
Pgm2l1,-0.017046818727490996,0.9064647191231057,50,0.012725090036014405
Pgm3,-0.020504201680672268,0.8876058902514381,50,-0.16811524609843936
Pgm5,0.25114648618250224,0.07853084525822557,50,0.22050949608987577
Pgp,0.07831932773109243,0.5887656367420658,50,0.08897959183673469
Pgpep1,-0.17781512605042016,0.21667631577638835,50,-0.26761104441776706
Pgrmc1,-0.05104441776710684,0.7248090119713183,50,0.06919567827130851
Pgrmc2,0.062184873949579826,0.6679177874859943,50,0.01915966386554622
Pgs1,-0.03750300120048019,0.79596713204242,50,-0.12124849939975989
Phactr2,0.25013205282112844,0.07978529425792658,50,0.33522208883553417
Phactr4,0.3023769507803121,0.03281913735533106,50,0.21027611044417766
Phaf1,0.08350740716469815,0.5642367263574559,50,0.031260504201680674
Phax,-0.11683073229291716,0.41909309693074415,50,-0.139015606242497
Phb1,-0.3420408163265306,0.015046917382601914,50,0.11644657863145258
Phb2,0.1140456182472989,0.4303426233078497,50,0.10972388955582232
Phc1,0.021176470588235297,0.8839457115687899,50,0.06612244897959184
Phc2,-0.24648259303721487,0.08442907903059234,50,-0.1316206482593037
Phc3,-0.044801920768307316,0.7573672666662519,50,0.06852340936374549
Pheta2,0.05430972388955582,0.7079644829143952,50,0.061896758703481394
Phex,0.00936374549819928,0.9485415586230677,50,0.1512124849939976
Phf1,-0.18002400960384152,0.21092879130741976,50,-0.15659063625450179
Phf10,0.18799519807923168,0.1910779964419356,50,0.23207683073229293
Phf11,0.11289315726290516,0.43504677226945127,50,0.05411764705882353
Phf12,-0.13728691476590635,0.34174476789816005,50,-0.12729891956782713
Phf14,0.19817527010804323,0.16771153948561557,50,0.1897238895558223
Phf2,0.15764705882352942,0.27422138532177265,50,0.10501800720288115
Phf20,0.00312124849939976,0.982836936740475,50,-0.10684273709483794
Phf20l1,0.36806722689075627,0.008542798174549213,50,0.3563505402160864
Phf21a,-0.11544094699478688,0.4246855873467144,50,-0.04230492196878751
Phf23,0.17061224489795918,0.23617309052714178,50,0.14141656662665067
Phf24,0.06679471788715485,0.6448852734231328,50,0.06477791116446578
Phf3,0.07639855942376951,0.5979662154937561,50,0.055750300120048016
Phf5a,-0.05997743044779069,0.6790568389681323,50,-0.16888355342136854
Phf8,-0.20941176470588235,0.14441365874954165,50,-0.211812725090036
Phgdh,0.31879951980792315,0.024041219042767063,50,0.30343337334933973
Phip,0.27183673469387754,0.056172930963631885,50,0.2089315726290516
Phka1,0.029531812725090034,0.8386785296382456,50,-0.1223049219687875
Phkb,0.0012004801920768309,0.9933984017153108,50,-0.17349339735894356
Phkg2,-0.02415366146458583,0.8677661870492,50,-0.044225690276110445
Phlda1,-0.05421368547418968,0.708457986394982,50,-0.05142857142857142
Phlda3,0.053637454981992794,0.7114214906008638,50,-0.07783913565426169
Phldb1,0.2123889555822329,0.13866403405411998,50,0.3342617046818727
Phldb2,0.21728691476590636,0.12957905940051512,50,0.2917166866746699
Phldb3,-0.17819927971188473,0.21566898765633302,50,-0.09272509003601441
Phlpp1,0.42565247677279155,0.0020580658212600157,50,0.5100120048019207
Phlpp2,0.10991596638655461,0.44733123264647084,50,0.05162064825930372
Phospho1,0.35462184873949576,0.011509263135750614,50,0.40936374549819926
Phospho2,-0.37181272509003604,0.007844872758844056,50,-0.32811524609843934
Phpt1,0.1673469387755102,0.2453956975273267,50,0.12691476590636253
Phrf1,0.1497719087635054,0.29920916650742924,50,0.05104441776710684
Phyh,0.20960384153661463,0.14403745949618685,50,0.207875150060024
Phyhd1,0.2188235294117647,0.12682320195311297,50,0.28509003601440575
Phyhipl,0.0642016806722689,0.6578021921982875,50,0.09839135654261706
Phykpl,0.35971188475390153,0.010295934106236849,50,0.37181272509003604
Pi16,0.03990396158463385,0.7832113995200589,50,0.019255702280912366
Pi4k2a,0.021464585834333732,0.8823777930570346,50,0.0026410564225690276
Pi4k2b,-0.1504441776710684,0.29702041629622666,50,-0.1363265306122449
Pi4ka,-0.10117889988270216,0.4844616747750108,50,-0.10626905811125764
Pi4kb,-0.09771908763505403,0.499599518922039,50,-0.11250900360144059
Pias1,-0.17704681872749098,0.21870079667364328,50,-0.219015606242497
Pias2,-0.15956782713085235,0.26834271856772207,50,-0.03673469387755102
Pias3,-0.07769694352644142,0.5917399530117017,50,-0.07553421368547418
Pias4,-0.21334933973589434,0.13684623827952497,50,-0.27539015606242495
Pibf1,0.22324129651860744,0.11914614852584336,50,0.2496518607442977
Picalm,0.19899637452013183,0.1659217606353622,50,0.07841536614645858
Pick1,0.2225690276110444,0.1202910783963517,50,0.21603841536614646
Pid1,0.14266506602641055,0.3229830159785232,50,0.10751500600240095
Piezo1,0.1901080432172869,0.1860472881292368,50,0.1280672268907563
Pigk,-0.010612244897959183,0.9416915769578321,50,0.10645858343337333
Pign,-0.033565426170468184,0.816999827588431,50,-0.0712124849939976
Pigo,-0.10789915966386554,0.4557602690455043,50,-4.801920768307323e-05
Pigr,0.6246818727490997,1.24378789242014e-06,50,0.6496518607442977
Pigs,-0.08907563025210084,0.5384532700520441,50,-0.05527010804321728
Pigt,0.03414165666266506,0.8139135104843961,50,0.1309483793517407
Pih1d1,0.19846338535414165,0.16708193665449922,50,0.14506602641056424
Pih1d2,-0.0036974789915966387,0.9796689836275797,50,0.03174069627851141
Pik3ap1,0.31578189161302767,0.025486987993515814,50,0.24274292306932102
Pik3c2a,0.04345738295318128,0.7644369371593014,50,-0.03154861944777911
Pik3c2b,0.06362545018007203,0.6606862752131101,50,0.009555822328931571
Pik3c3,-0.32849939975990394,0.019851749646987354,50,-0.25118847539015604
Pik3ca,0.0387515006002401,0.7893273335649745,50,0.03010804321728691
Pik3cb,-0.146218487394958,0.3109509499223817,50,-0.1078031212484994
Pik3cd,0.5830012004801921,8.884728320252081e-06,50,0.6029771908763506
Pik3cg,0.4597839135654262,0.0007817327155870198,50,0.4168547418967587
Pik3r1,0.21334933973589434,0.13684623827952497,50,0.18396158463385354
Pik3r2,0.10012004801920767,0.4890687798561021,50,0.03241296518607443
Pik3r3,0.08413167185310592,0.5613176767473446,50,0.11308523409363744
Pik3r4,-0.18002400960384152,0.21092879130741976,50,-0.1406482593037215
Pik3r6,-0.06372148859543818,0.660205254292198,50,0.01262905162064826
Pikfyve,-0.06842737094837935,0.6368050173218915,50,-0.11884753901560624
Pin1,-0.02914765906362545,0.840749631753519,50,-0.05901560624249699
Pin4,-0.11020408163265305,0.4461341332583326,50,-0.062088835534213675
Pip4k2b,0.10981992797118847,0.4477306584374778,50,0.09618247298919569
Pip4k2c,0.029819927971188476,0.837125912035467,50,-0.02424969987995198
Pip4p1,0.030876350540216087,0.8314382775692926,50,0.019543817527010805
Pip4p2,0.23159663865546215,0.1055974699468301,50,0.2689555822328931
Pip5k1a,0.2288115246098439,0.10997536656785271,50,0.3538535414165666
Pip5k1c,0.06881152460984392,0.6349097988988524,50,-0.02991596638655462
Pir,0.14804321728691477,0.30488511216865344,50,0.18127250900360142
Pirb,0.2946938775510204,0.0377574857333874,50,0.41848739495798315
Pisd,0.1630252100840336,0.2579737805941781,50,0.10348139255702281
Pithd1,-0.14372148859543818,0.31937561335781484,50,-0.12316926770708284
Pitpna,-0.0993517406962785,0.4924259650145456,50,-0.11971188475390157
Pitpnb,-0.044801920768307316,0.7573672666662519,50,0.05142857142857142
Pitpnm1,0.3072749099639856,0.02995988460655571,50,0.306218487394958
Pitpnm2,0.5552460984393757,2.8502903770423323e-05,50,0.6676110444177672
Pitpnm3,0.32552220888355343,0.02106636706850281,50,0.27750300120048016
Pitrm1,-0.11587034813925569,0.4229531870434041,50,-0.09205282112845137
Pja1,0.12854741896758703,0.3736397902834093,50,0.11539015606242496
Pja2,-0.027130852340936373,0.8516401233148821,50,-0.052965186074429765
Pkd2,0.04566626650660264,0.7528327957303838,50,0.16945978391356542
Pkhd1l1,0.09915966386554621,0.49326712687897634,50,0.0722689075630252
Pkig,0.07332533013205282,0.6128170298538621,50,0.0631452581032413
Pkm,0.1288355342136855,0.3725607171065508,50,0.17301320528211284
Pkn1,0.2225690276110444,0.1202910783963517,50,0.21613445378151258
Pkn2,0.09378151260504201,0.5171189242018245,50,-0.02665066026410564
Pkn3,0.27567827130852335,0.05265156272690195,50,0.3257142857142857
Pknox1,0.25551020408163266,0.07331092533456521,50,0.3807442977190876
Pknox2,0.33406962785114036,0.017737860517992497,50,0.2799039615846338
Pkp1,-0.07054021608643457,0.6264100995628384,50,-0.05959183673469387
Pkp3,0.1433373349339736,0.3206844308645942,50,0.1363265306122449
Pkp4,0.24590636254501802,0.08518127988796845,50,0.24897959183673468
Pla1a,0.1901080432172869,0.1860472881292368,50,0.04240096038415366
Pla2g12a,0.1328691476590636,0.3576507160616057,50,0.10415366146458584
Pla2g15,0.42511404561824734,0.0020880961422403486,50,0.44624249699879953
Pla2g1b,0.30420168067226894,0.03172856606378051,50,0.39831932773109247
Pla2g2a,0.12460984393757503,0.388574143872945,50,0.12998799519807921
Pla2g2d,0.6904681872749099,2.8835740602728986e-08,50,0.6427370948379352
Pla2g4a,0.08581032412965187,0.553503616234848,50,0.10569027611044417
Pla2g6,0.2689555822328931,0.058936613027340504,50,0.3380072028811525
Pla2g7,0.2289075630252101,0.10982212880961802,50,0.12797118847539016
Plaa,0.21891956782713082,0.12665243925699196,50,0.36076830732292914
Plaat3,0.08936374549819928,0.5371349077517865,50,0.15428571428571428
Plac9,0.055366146458583426,0.7025438216408654,50,0.047490996398559415
Plat,0.05805522208883554,0.6888122562563272,50,-0.002352941176470588
Plau,0.2231452581032413,0.11930920171251218,50,0.2946938775510204
Plbd1,0.5517887154861945,3.272070265032639e-05,50,0.549579831932773
Plbd2,0.13190876350540215,0.3611672898636801,50,0.0821608643457383
Plcb1,0.29968787515006,0.03448279069653633,50,0.3551020408163265
Plcb2,0.58031212484994,9.993734836250938e-06,50,0.5615846338535414
Plcb3,0.33915966386554625,0.015976329291186753,50,0.3962064825930372
Plcb4,0.4272268907563025,0.001972443369853825,50,0.4112845138055222
Plcd1,0.5222088835534213,0.00010035761218591687,50,0.5275870348139255
Plcd3,0.10280912364945978,0.4774132891049011,50,0.14372148859543818
Plce1,0.028283313325330132,0.8454134955287829,50,0.0821608643457383
Plcg1,0.013205282112845136,0.9274785890832614,50,0.0811044417767107
Plcg2,0.254453781512605,0.07454868602768906,50,0.2331332533013205
Plch1,-0.36528211284513806,0.009096022768577294,50,-0.40753901560624245
Plcl1,0.2788475390156062,0.049882857098541344,50,0.24062424969987994
Plcl2,0.08849939975990395,0.5410947006606597,50,0.12480192076830732
Pld1,0.09877551020408162,0.49495168363471587,50,0.039711884753901555
Pld2,0.11116446578631452,0.44215658726836515,50,0.11030012004801922
Pld3,0.6088501526401426,2.7130254030771067e-06,50,0.48817498633485995
Pld4,0.6197839135654261,1.5904813717048514e-06,50,0.5155822328931572
Plec,-0.04028811524609843,0.7811756142878552,50,0.050660264105642255
Plek,0.11481392557022808,0.4272224762389707,50,0.13776710684273707
Plekha1,0.3126530612244898,0.027062237809797777,50,0.36941176470588233
Plekha2,0.36220888355342135,0.009742156096236418,50,0.4265546218487395
Plekha3,0.23870348139255704,0.0950328764021107,50,0.27058823529411763
Plekha5,0.15515006002400963,0.2819901046888301,50,0.11875150060024009
Plekha6,-0.016758703481392558,0.9080387412450949,50,0.1078031212484994
Plekha7,-0.024490383929842475,0.8659395167022828,50,-0.014790271079198987
Plekhb2,0.2469627851140456,0.08380622897778386,50,0.21575030012004803
Plekhd1,0.1735894357743097,0.22797365756453536,50,0.2956542617046819
Plekhf1,-0.028667466986794718,0.8433400096067155,50,-0.05920768307322929
Plekhf2,0.12009603841536615,0.40611986004781697,50,0.12941176470588234
Plekhg1,0.21872749099639854,0.12699413811761875,50,0.188859543817527
Plekhg2,0.04825930372148859,0.7392794043763776,50,0.1241296518607443
Plekhg5,0.2932533013205282,0.03874833452522711,50,0.36653061224489797
Plekhh2,-0.10789915966386554,0.4557602690455043,50,-0.0739015606242497
Plekhh3,0.18271308523409363,0.20407701608467974,50,0.17205282112845138
Plekhm1,0.18607442977190874,0.1957348230578232,50,0.20720288115246097
Plekhm2,0.029339735894357743,0.8397139463561469,50,-0.019735894357743092
Plekho1,-0.06977190876350539,0.6301818992433754,50,0.07188475390156063
Plekho2,0.17983193277310922,0.21142429431040186,50,0.23649459783913568
Plet1,0.1632172869147659,0.2574057299042729,50,0.3129411764705882
Plgrkt,-0.07495798319327732,0.6049078490522588,50,-0.02645858343337335
Plin1,0.5267226890756302,8.51487688455489e-05,50,0.46045618247298914
Plin2,-0.2107563025210084,0.14179552839739834,50,-0.20662665066026412
Plin3,0.04605042016806723,0.7508201127549528,50,0.13229291716686675
Plin4,-0.05767106842737095,0.690767963327466,50,-0.0760144057623049
Plod1,-0.009843937575030014,0.9459064874660708,50,0.031068427370948382
Plod2,0.15351740696278512,0.2871470442113454,50,0.12739495798319328
Plod3,0.19481392557022806,0.17518477928606702,50,0.1865546218487395
Plp2,0.06929171668667466,0.6325440312455953,50,0.011380552220888355
Plpbp,0.041440576230492195,0.7750770169950753,50,0.050660264105642255
Plpp1,-0.15966386554621848,0.26805100287556477,50,-0.10012004801920767
Plpp3,0.05286914765906363,0.715379400371927,50,0.14573829531812724
Plpp6,-0.20720288115246097,0.14879249552402982,50,0.1454501800720288
Plrg1,-0.018487394957983194,0.8986000622543062,50,-0.01579831932773109
Pls1,0.0026410564225690276,0.9854770999432609,50,-0.03692677070828331
Pls3,-0.0387515006002401,0.7893273335649745,50,-0.11913565426170468
Plscr1,0.3508763505402161,0.012478760487536466,50,0.3561584633853541
Plscr3,0.17512605042016804,0.22381945017363192,50,0.17013205282112842
Plscr4,0.24244897959183673,0.08980524017376208,50,0.27346938775510204
Pltp,0.47015606242496993,0.0005707743666986432,50,0.5525570228091237
Plvap,0.4492196878751501,0.001066201050997852,50,0.39246098439375754
Plxdc1,0.016182472989195677,0.9111878287690884,50,0.017046818727490996
Plxdc2,0.061896758703481394,0.6693677056031839,50,0.05978391356542617
Plxna1,0.18031212484993997,0.21018706269984688,50,0.306218487394958
Plxna2,0.16417767106842737,0.2545780871956436,50,0.16869147659063624
Plxnb1,0.35971188475390153,0.010295934106236849,50,0.35990396158463384
Plxnb2,-0.27241296518607444,0.05563293769399261,50,-0.4373109243697479
Plxnd1,-0.11241296518607442,0.43701528359012115,50,-0.07803121248499399
Pm20d1,0.2759663865546218,0.05239483197809455,50,0.2952701080432173
Pm20d2,0.33099639855942375,0.018879192595151743,50,0.3146698679471789
Pml,0.09330132052821127,0.5192763079677906,50,0.11366146458583432
Pmm1,-0.014261704681872748,0.9216942799647057,50,-0.04643457382953182
Pmm2,0.07755102040816325,0.5924382718268313,50,0.09973589435774309
Pmpca,0.06093637454981993,0.6742093668352068,50,0.0009123649459783913
Pmpcb,0.08984393757503001,0.534941134536109,50,0.043937575030012
Pmvk,0.07198079231692676,0.6193634774620391,50,-0.08062424969987995
Pnisr,-0.1892962616694883,0.18796881244172156,50,-0.2047588177977418
Pnkd,0.05767106842737095,0.690767963327466,50,0.06487394957983193
Pnkp,-0.036350540216086434,0.8021089117393996,50,-0.09416566626650659
Pnn,-0.0860984393757503,0.552167659149883,50,0.08043217286914765
Pno1,-0.013493397358943579,0.9259006695282543,50,0.06064825930372149
Pnp,0.09944777911164465,0.4920056635658296,50,0.12240096038415366
Pnpla2,-0.07073229291716686,0.6254686212671247,50,0.03721488595438175
Pnpla6,0.11875150060024009,0.4114334184828892,50,-0.13296518607442975
Pnpla7,-0.20192076830732295,0.15966040442903714,50,-0.19394957983193276
Pnpla8,-0.057382953181272504,0.692236057246644,50,-0.12153661464585833
Pnpo,0.131140456182473,0.36399561102301464,50,0.07851140456182472
Pnpt1,0.17685474189675868,0.21920896593046252,50,0.10645858343337333
Poc1a,0.053637454981992794,0.7114214906008638,50,-0.09887154861944776
Poc1b,-0.16513805522208885,0.25177144303044197,50,-0.2198799519807923
Poc5,0.06986794717887154,0.629709910864829,50,0.03798319327731092
Podxl,0.24312124849939976,0.08889114399455066,50,0.33695078031212483
Pof1b,0.07716686674669868,0.5942783968149362,50,-0.01906362545018007
Pofut1,0.11548619447779111,0.4245028493031674,50,0.18837935174069628
Pofut2,0.05267707082833133,0.7163700413625802,50,0.05584633853541416
Poglut1,0.07582232893157262,0.6007386654540318,50,0.0803361344537815
Poglut2,0.05267707082833133,0.7163700413625802,50,0.10290516206482593
Poglut3,0.09330132052821127,0.5192763079677906,50,0.1142376950780312
Pogz,-0.04355342136854741,0.763931322092937,50,0.025402160864345734
Polb,-0.42789915966386555,0.0019368577714905329,50,-0.29382953181272503
Pold1,-0.09090036014405761,0.5301302886436152,50,-0.11394957983193275
Pold2,0.14756302521008402,0.30647396149497136,50,0.14016806722689074
Pold3,0.020888355342136854,0.8855140703887638,50,-0.060264105642256906
Pold4,0.019543817527010805,0.8928387273266257,50,-0.050756302521008406
Poldip3,-0.018583433373349337,0.8980760861000697,50,-0.047490996398559415
Pole3,-0.30468187274909964,0.031446628486301136,50,-0.21651860744297718
Pole4,0.08744297719087635,0.5459535436144716,50,0.2101800720288115
Poli,-0.18770708283313325,0.19177144030035298,50,-0.3044897959183674
Polk,-0.01282112845138055,0.9295829104799347,50,-0.05517406962785113
Poll,0.05805522208883554,0.6888122562563272,50,0.20854741896758705
Polm,-0.036350540216086434,0.8021089117393996,50,0.046626650660264106
Polr1a,-0.08734693877551021,0.5463962930194103,50,-0.12777911164465786
Polr1b,0.04614645858343337,0.7503171978784031,50,0.04355342136854741
Polr1c,-0.2444657863145258,0.08708474152636156,50,-0.13805522208883553
Polr1d,0.2584873949579832,0.06991011073366599,50,0.1289315726290516
Polr1e,-0.006290516206482593,0.9654177346041684,50,-0.06746698679471788
Polr1g,0.08974789915966387,0.535379538886014,50,0.020120048019207682
Polr2a,-0.027034813925570226,0.8521594188868581,50,-0.048931572629051616
Polr2b,0.2469627851140456,0.08380622897778386,50,0.24312124849939976
Polr2c,-0.14031549380980335,0.33109801004866607,50,-0.18329371658864457
Polr2d,-0.14247298919567825,0.32364166037575187,50,0.03154861944777911
Polr2e,0.0724609843937575,0.6170220679508197,50,0.09733493397358943
Polr2g,0.022136854741896757,0.8787210618032605,50,-0.03625450180072028
Polr2h,-0.09474189675870348,0.5128176827143776,50,-0.025402160864345734
Polr2i,-0.22900360144057622,0.10966905449627773,50,-0.15015606242496998
Polr2j,0.06641056422569028,0.6467924718812164,50,0.0022569027611044415
Polr2k,0.08072222624718665,0.577345646411315,50,-0.0011524886555219988
Polr2m,0.038463385354141656,0.7908582988725211,50,-0.22055222088835533
Polr3a,-0.20989195678271308,0.1434745254343839,50,-0.14861944777911165
Polr3b,-0.0009123649459783913,0.994982761888243,50,0.019639855942376952
Polr3c,0.05171668667466986,0.7213301536391761,50,0.08273709483793518
Polr3d,0.22746698679471786,0.1121379118263193,50,0.08561824729891956
Polr3e,-0.033277310924369745,0.8185440202827372,50,0.020792316926770707
Polr3f,-0.0398079231692677,0.7837205710688705,50,-0.019639855942376952
Polr3gl,0.11807923169267706,0.4141051076442624,50,0.19289315726290512
Pom121,0.012436974789915966,0.9316877087702358,50,0.007539015606242497
Pomgnt1,0.003793517406962785,0.9791410203209915,50,-0.005714285714285714
Pomp,-0.07140456182472989,0.622178110780469,50,-0.08542617046818726
Pon1,-0.23524609843937574,0.10006507018810001,50,-0.1721488595438175
Pon2,0.055366146458583426,0.7025438216408654,50,0.02396158463385354
Pon3,0.3478991596638655,0.013298555980172624,50,0.34818727490996393
Pop1,-0.0656422569027611,0.6506136065722468,50,0.12547418967587035
Pop7,0.24917166866746698,0.08098738708796176,50,0.09983193277310923
Por,0.0670828331332533,0.6434563570547525,50,-0.04854741896758703
Postn,-0.20806722689075627,0.14706749503665723,50,-0.15092436974789916
Pot1,0.17301320528211284,0.22954511169934466,50,0.2179591836734694
Pou2f1,0.1466986794717887,0.3093472534468792,50,0.020600240096038412
Ppa2,0.1811764705882353,0.20797285026518827,50,-0.011860744297719087
Ppan,-0.03894357743097239,0.7883071270565795,50,0.006002400960384154
Ppat,0.19308987016058157,0.17910988296551447,50,0.09714285714285714
Ppbp,0.1991356542617047,0.16561955495194555,50,0.18156062424969985
Ppcdc,-0.07418967587034814,0.6086242993514357,50,-0.08974789915966387
Ppcs,-0.08139255702280913,0.5741779613902226,50,-0.14237695078031212
Ppdpf,0.24753901560624247,0.08306357021845677,50,0.1634093637454982
Ppfia1,0.06444332398793844,0.656594210049632,50,0.030204081632653063
Ppfibp1,0.2571428571428571,0.07143009933348297,50,0.004081632653061224
Ppfibp2,0.22324129651860744,0.11914614852584336,50,0.22237695078031214
Pphln1,-0.1479471788715486,0.3052024577818456,50,-0.16158463385354138
Ppia,0.3774789915966386,0.006883092505040769,50,0.33186074429771906
Ppib,0.13776710684273707,0.34004268805590443,50,0.07476590636254501
Ppic,0.445532906080546,0.001185418574287129,50,0.3072749099639856
Ppid,0.030876350540216087,0.8314382775692926,50,0.2101800720288115
Ppie,0.18799519807923168,0.1910779964419356,50,0.12941176470588234
Ppif,-0.0012965186074429772,0.992870286960601,50,-0.04701080432172868
Ppig,-0.14861944777911165,0.3029854932851635,50,-0.21719087635054019
Ppih,0.025210084033613446,0.8620375844447012,50,-0.07812725090036014
Ppil1,0.12941176470588234,0.370408187781487,50,0.03250900360144057
Ppil2,-0.15361344537815122,0.2868419996620879,50,0.003793517406962785
Ppil3,-0.2935414165666266,0.03854847190673578,50,-0.2101800720288115
Ppil4,-0.06516206482593037,0.6530063475185934,50,-0.16283313325330132
Ppil6,-0.07111644657863145,0.6235874393948588,50,-0.07899159663865546
Ppip5k1,0.15975990396158463,0.2677594982536001,50,0.2451380552220888
Ppip5k2,-0.016470588235294115,0.9096131131071888,50,0.04211284513805522
Ppl,0.5024249699879952,0.00020082059495813258,50,0.36979591836734693
Ppm1a,0.17531812725090035,0.22330388434206863,50,0.09599039615846339
Ppm1b,0.16773109243697476,0.24429816958406525,50,0.04019207683073229
Ppm1e,-0.029819927971188476,0.837125912035467,50,-0.033373349339735896
Ppm1f,0.188859543817527,0.18900839058473687,50,0.23111644657863145
Ppm1g,-0.2327490996398559,0.1038255908478191,50,-0.22496998799519805
Ppm1h,0.04441776710684273,0.7593851958109286,50,0.20460984393757503
Ppm1k,0.004081632653061224,0.9775571843853882,50,0.032989195678271306
Ppm1l,0.12192076830732293,0.3989724432787403,50,0.11097238895558223
Ppm1m,0.05978391356542617,0.680036637231636,50,-0.08413167185310592
Ppme1,-0.13210084033613445,0.36046230064293405,50,-0.21162064825930374
Ppox,-0.05085234093637454,0.7258039863695547,50,-0.14986794717887153
Ppp1ca,0.20278511404561822,0.15784334162852423,50,0.2849939975990396
Ppp1cb,0.02665066026410564,0.8542372197436355,50,-0.08014405762304923
Ppp1cc,-0.14890756302521005,0.30203854769914484,50,0.09877551020408162
Ppp1r10,-0.13699879951980792,0.342768545038711,50,-0.22593037214885953
Ppp1r11,0.10521008403361343,0.46713231871253486,50,0.11932773109243697
Ppp1r12a,-0.13786314525810325,0.3397029045981778,50,-0.07668667466986795
Ppp1r12b,-0.08475390156062423,0.5584152018580083,50,-0.14256902761104442
Ppp1r12c,0.23543817527010802,0.09978021413717464,50,0.3093877551020408
Ppp1r13b,0.410516206482593,0.0030653815427548266,50,0.3959183673469388
Ppp1r13l,0.01282112845138055,0.9295829104799347,50,-0.051236494597839126
Ppp1r14a,0.10789915966386554,0.4557602690455043,50,0.04998799519807923
Ppp1r14b,-0.012917166866746698,0.9290567848678867,50,0.15265306122448982
Ppp1r16a,0.13296518607442975,0.3573002104093525,50,0.06429771908763504
Ppp1r16b,0.0453781512605042,0.7543433771682858,50,0.04969987995198079
Ppp1r18,0.1735894357743097,0.22797365756453536,50,0.16984393757503002
Ppp1r1b,0.1543817527010804,0.28440927241544345,50,0.230828331332533
Ppp1r2,0.2023049219687875,0.15885093893336166,50,0.2331332533013205
Ppp1r21,-0.2076830732292917,0.1478323247244826,50,-0.1407442977190876
Ppp1r32,-0.004081632653061224,0.9775571843853882,50,0.11049219687875149
Ppp1r37,0.1886674669867947,0.18946691408577307,50,0.1795438175270108
Ppp1r3d,0.4299159663865546,0.001833500107969359,50,0.4665066026410564
Ppp1r8,-0.07428571428571429,0.6081592049242734,50,-0.1971188475390156
Ppp1r9a,-0.032989195678271306,0.8200888949242326,50,-0.01310924369747899
Ppp1r9b,0.15159663865546216,0.2932924543539565,50,0.13123649459783912
Ppp2ca,0.0003361344537815126,0.9981515336582548,50,-0.006482593037214886
Ppp2cb,0.2134024827141568,0.1367461726744014,50,0.1956349492748593
Ppp2r1a,-0.1038655462184874,0.47287495671406327,50,-0.09963985594237695
Ppp2r1b,0.3252419026604374,0.021183886145581844,50,0.2965186074429772
Ppp2r2a,0.09723889555822329,0.5017195639649017,50,0.06737094837935174
Ppp2r2d,-0.010804321728691477,0.9406380918704026,50,0.066890756302521
Ppp2r3a,0.35020408163265304,0.012659985935854776,50,0.2482112845138055
Ppp2r5a,-0.20172869147659062,0.16006626811680286,50,-0.30833133253301315
Ppp2r5b,0.0993517406962785,0.4924259650145456,50,0.13546218487394956
Ppp2r5c,0.24475390156062424,0.0867014140275496,50,0.302280912364946
Ppp2r5d,0.12120339027239688,0.40177360282320684,50,0.16475390156062425
Ppp2r5e,0.06410564225690277,0.6582825317229156,50,0.033565426170468184
Ppp3ca,-0.042977190876350546,0.7669664674970699,50,-0.03260504201680672
Ppp3cb,0.0017767106842737094,0.990229763041263,50,0.037791116446578635
Ppp3cc,0.4552701080432172,0.0008936633369072368,50,0.43039615846338536
Ppp3r1,0.21824729891956784,0.12785142419425916,50,0.14372148859543818
Ppp4c,0.008211284513805522,0.9548679004768095,50,0.05181272509003601
Ppp4r1,-0.1714765906362545,0.23377208557308898,50,-0.12653061224489795
Ppp4r2,-0.0018727490996398558,0.98970166979651,50,-0.04499399759903961
Ppp4r3a,0.36500276127594644,0.009153183599987456,50,0.35558223289315727
Ppp4r3b,0.1224969987995198,0.39673069234463537,50,0.13459783913565426
Ppp5c,0.1394957983193277,0.3339588687271776,50,0.26521008403361346
Ppp6c,0.009651860744297719,0.9469604487315959,50,-0.023673469387755098
Ppp6r1,0.1775270108043217,0.2174339601700364,50,0.20662665066026412
Ppp6r2,-0.013685474189675868,0.9248488795718957,50,-0.029339735894357743
Ppp6r3,0.16417767106842737,0.2545780871956436,50,0.08725090036014405
Ppt1,0.6489795918367347,3.441375347693412e-07,50,0.5807923169267707
Ppt2,0.15563025210084033,0.28048500819768996,50,0.09474189675870348
Pptc7,0.18559423769507805,0.19691150882321412,50,0.20240096038415364
Ppwd1,0.017911164465786316,0.901744810543093,50,-0.013397358943577431
Pqbp1,-0.01579831932773109,0.9132879741771157,50,0.007058823529411764
Prag1,-0.11625450180072029,0.42140673764264985,50,-0.11721488595438176
Pram1,0.47150060024009605,0.0005475715159388003,50,0.46833133253301323
Prcc,-0.13378472476184536,0.354317715416813,50,-0.18204518721182905
Prcp,0.4853301320528211,0.00035375975811677377,50,0.29920768307322926
Prdm11,0.38737094837935176,0.005448183907873683,50,0.45392557022809127
Prdm16,0.14679471788715487,0.30902715038937484,50,-0.03567827130852341
Prdm2,0.11529411764705881,0.42527888391361923,50,0.08936374549819928
Prdm6,0.31620648259303724,0.025279263904197297,50,0.3002641056422569
Prdx1,0.29728691476590635,0.03602657024268206,50,0.2689555822328931
Prdx2,-0.006290516206482593,0.9654177346041684,50,-0.0670828331332533
Prdx3,0.28259303721488593,0.04676438529507331,50,0.2211284513805522
Prdx4,0.13210084033613445,0.36046230064293405,50,0.04710684273709483
Prdx5,0.5005042016806722,0.0002143315450683316,50,0.6157503001200479
Prdx6,0.4889795918367347,0.0003142605852950711,50,0.40370717195722683
Preb,0.13027611044417767,0.3671934521667329,50,0.001680672268907563
Prelp,-0.09426170468187275,0.5149660444514379,50,-0.08696278511404561
Prep,-0.09224489795918367,0.52403833663122,50,-0.1413205282112845
Prepl,0.2807683073229292,0.04826319257201224,50,0.3142857142857143
Prex1,0.5624489795918367,2.1274869669583384e-05,50,0.5455462184873949
Prex2,0.05258103241296518,0.7168655353747643,50,0.06698679471788715
Prf1,0.4390396158463385,0.0014246572645033187,50,0.39399759903961584
Prg4,0.23707082833133256,0.09738415683508361,50,0.34357743097238896
Prickle1,-0.09963985594237695,0.4911656201405194,50,-0.06890756302521008
Prickle2,0.07726290516206481,0.5938181283942283,50,0.14285714285714285
Prickle3,0.13795918367346938,0.33936333202859625,50,0.13661464585834332
Prim2,-0.027899159663865542,0.8474880188601623,50,-0.016182472989195677
Prkaa1,0.272797118847539,0.05527527429234335,50,0.11414165666266506
Prkaa2,-0.0897020336881289,0.5355889713487273,50,-0.028763505402160862
Prkab1,-0.3239855942376951,0.021717411681416377,50,-0.3430972388955582
Prkab2,0.16177671068427368,0.2616866228296657,50,0.21517406962785113
Prkaca,0.11539015606242496,0.4248907663746203,50,0.07707082833133252
Prkacb,0.17608643457382953,0.22124985036515865,50,0.11587034813925569
Prkag2,0.053733493397358945,0.7109272785152493,50,0.15188475390156062
Prkar1a,-0.26713085234093636,0.060742759833281146,50,-0.28451380552220884
Prkar2a,-0.10376950780312125,0.47328657978140226,50,-0.06977190876350539
Prkar2b,0.33186074429771906,0.018552077755028793,50,0.14285714285714285
Prkca,-0.10156062424969987,0.48280638215732524,50,-0.1504441776710684
Prkcb,0.4025450180072028,0.003753880224197119,50,0.3363745498199279
Prkcd,0.2733733493397359,0.05474226075237167,50,0.2779831932773109
Prkce,0.13969122912139562,0.3332753888627899,50,0.16513805522208885
Prkch,0.2932533013205282,0.03874833452522711,50,0.25099639855942374
Prkci,0.06352941176470588,0.6611674319092691,50,0.033565426170468184
Prkcq,0.4029291716686674,0.003717816802416579,50,0.36787515006002397
Prkcsh,0.1440096038415366,0.3183962247026039,50,0.18405762304921966
Prkcz,0.2909483793517407,0.0403781170650327,50,0.16004801920768308
Prkd1,-0.14900360144057623,0.30172332345075,50,0.11030012004801922
Prkd2,0.04057623049219687,0.7796497270001826,50,0.0331812725090036
Prkd3,0.11279711884753903,0.4354400775517007,50,0.09867947178871549
Prkdc,-0.17810751763879556,0.21590930881175835,50,-0.24197459729897303
Prkra,0.22016806722689078,0.12444826771332106,50,0.34655462184873953
Prkrip1,0.10002400960384153,0.48948777399465654,50,0.23755102040816325
Prkx,0.027226890756302524,0.8511208900266356,50,-0.09416566626650659
Prmt1,-0.03183673469387755,0.8262751004534171,50,-0.023865546218487393
Prmt2,0.11663865546218487,0.419863505348961,50,0.08648259303721488
Prmt3,0.301704681872749,0.033228680538931604,50,0.23054021608643455
Prmt5,0.00849939975990396,0.9532860417065242,50,0.039135654261704685
Prmt7,0.3362785114045618,0.01695416579500534,50,0.22861944777911164
Prmt9,0.09051837981912367,0.5318673305127722,50,-0.032317702715262714
Prnp,0.2693397358943577,0.058561928734627115,50,0.19990396158463383
Prob1,-0.09647058823529413,0.5051212028634926,50,-0.07217286914765905
Proc,0.14160864345738294,0.32661603830870695,50,0.17743097238895558
Procr,-0.014549819927971188,0.9201174243821219,50,-0.003793517406962785
Prodh1,0.16369747899159662,0.2559892820645514,50,0.28893157262905156
Prom1,0.031644657863145256,0.8273071614491647,50,0.013397358943577431
Prorp,-0.2659783913565426,0.06190618122696734,50,-0.16936374549819924
Prorsd1,-0.1454501800720288,0.3135278911255366,50,-0.08436974789915966
Pros1,-0.2099879951980792,0.14328724435735085,50,-0.24024009603841537
Proser2,0.23380552220888354,0.10222154647476299,50,0.03683073229291716
Proz,-0.1080470939006215,0.45513906771496276,50,-0.08537113644348797
Prpf18,0.002929171668667467,0.9838929817466395,50,0.2175750300120048
Prpf19,0.06746698679471788,0.641553120220504,50,0.13056422569027612
Prpf3,0.10521261017702914,0.4671215647041959,50,0.05488727221923519
Prpf31,0.10108043217286913,0.4848891485450005,50,0.047202881152460976
Prpf38a,0.2388955582232893,0.09475917576214749,50,0.23774309723889556
Prpf38b,-0.07553421368547418,0.6021269961462214,50,-0.014069627851140454
Prpf39,-0.0387515006002401,0.7893273335649745,50,-0.16369747899159662
Prpf4,0.1142376950780312,0.42956138814340417,50,0.05334933973589436
Prpf40a,0.04715599415510845,0.7450369157806979,50,0.06525967011893317
Prpf40b,-0.07457382953181273,0.6067648429716034,50,-0.17387755102040817
Prpf4b,0.24586424651135974,0.08523646248138622,50,0.2672333069991635
Prpf6,-0.04902761104441777,0.7352783898947431,50,0.010804321728691477
Prpf8,0.12777911164465786,0.3765264623849276,50,0.10588235294117646
Prph,-0.05997599039615846,0.6790641281788056,50,-0.13747899159663865
Prps2,-0.15543817527010806,0.28108641153206376,50,-0.02357743097238895
Prpsap1,0.10290516206482593,0.476999762222001,50,0.11356542617046818
Prpsap2,-0.047202881152460976,0.7447919572730598,50,-0.08773109243697479
Prr12,-0.018391356542617046,0.8991240812196292,50,-0.12115246098439375
Prr15,0.09531812725090036,0.5102456319369316,50,0.06429771908763504
Prr15l,0.3001680672268907,0.03418069751234758,50,0.1528451380552221
Prr3,0.11462184873949578,0.42800131405067154,50,0.047587034813925566
Prr5l,0.029435774309723887,0.8391962043065057,50,-0.07985594237695079
Prrc1,0.13037214885954382,0.3668373016971429,50,-0.11058823529411764
Prrc2a,0.21315726290516207,0.13720836565864944,50,0.13795918367346938
Prrc2b,-0.03596725012441571,0.804154215642289,50,0.026362545018007204
Prrg3,0.3520288115246098,0.012173261149372209,50,0.3271548619447779
Prrx1,-0.25551020408163266,0.07331092533456521,50,-0.41147659063625447
Prss23,0.4855222088835534,0.0003515737790604818,50,0.5695558223289315
Prss8,0.22036014405762305,0.12411175205513562,50,0.21440576230492195
Prtfdc1,0.029339735894357743,0.8397139463561469,50,-0.014069627851140454
Prtn3,-0.012244897959183673,0.9327402823164229,50,-0.024345738295318126
Prune1,0.3097719087635054,0.02858396028430741,50,0.16600240096038413
Prx,0.2638655462184874,0.0640854507661199,50,0.16264105642256904
Prxl2a,0.014261704681872748,0.9216942799647057,50,-0.1404561824729892
Prxl2b,0.14122448979591837,0.3279434859681821,50,0.031164465786314523
Prxl2c,-0.00475390156062425,0.9738619108344221,50,0.0060984393757503004
Psap,0.5614885954381752,2.2129633141216445e-05,50,0.4210804321728691
Psat1,0.1563985594237695,0.278087862926572,50,0.16773109243697476
Psd3,-0.14967587034813923,0.29952269363966594,50,-0.3633613445378151
Psd4,0.22199279711884753,0.12127906856008518,50,0.13786314525810325
Psen1,-0.009747899159663865,0.9464334567508218,50,0.062472989195678265
Psip1,0.3605762304921969,0.010101248416905096,50,0.3307082833133253
Psma1,0.10156062424969987,0.48280638215732524,50,0.2367827130852341
Psma2,0.19702280912364944,0.17024720664232762,50,0.21200480192076832
Psma4,0.19740696278511405,0.1693989122306849,50,0.3264825930372149
Psma5,0.07899159663865546,0.585560457424426,50,0.2385114045618247
Psma6,0.03577430972388955,0.8051842722231624,50,0.19932773109243698
Psma7,0.07370948379351741,0.6109520680536464,50,0.10703481392557021
Psmb1,0.06861944777911164,0.6358571194886568,50,-0.006866746698679471
Psmb10,0.33454981992797117,0.01756492717420417,50,0.3626890756302521
Psmb2,-0.18809123649459786,0.19084724607050071,50,-0.06160864345738295
Psmb3,0.3217767106842737,0.022682933790855467,50,0.35884753901560623
Psmb4,0.04076830732292917,0.7786329249781234,50,0.03903961584633854
Psmb5,-0.32801920768307324,0.020043554205600177,50,-0.31332533013205277
Psmb7,0.03591922976376896,0.8044105526468777,50,-0.01027635717840449
Psmb8,0.42914765906362545,0.001872281208490171,50,0.37037214885954384
Psmb9,0.002352941176470588,0.9870612735896643,50,-0.1185594237695078
Psmc1,0.21613445378151258,0.131675321304232,50,0.11039615846338535
Psmc2,-0.0860984393757503,0.552167659149883,50,-0.2919087635054021
Psmc3,0.0792797118847539,0.5841892151915156,50,0.024057623049219684
Psmc3ip,0.13805522208883553,0.33902397036873677,50,0.19759903961584632
Psmc4,-0.06813925570228091,0.6382279436007692,50,0.08523409363745497
Psmc5,0.18300559442476405,0.20334127211315697,50,0.0546938775510204
Psmc6,-0.10021608643457382,0.4886499728762951,50,-0.07918367346938776
Psmd1,-0.1295078031212485,0.3700501614870819,50,-0.1793517406962785
Psmd10,-0.16504201680672267,0.25205116328891125,50,-0.07063625450180072
Psmd11,-0.048931572629051616,0.7357781389841229,50,-0.04364945978391356
Psmd12,0.19558223289315724,0.17345576439951615,50,-0.08360144057623049
Psmd13,0.09003601440576231,0.5340648521199438,50,-0.020600240096038412
Psmd14,0.11644657863145258,0.4206347190939244,50,0.02991596638655462
Psmd2,-0.054405762304921966,0.7074710981749527,50,0.07342136854741896
Psmd3,0.12451380552220888,0.3889427365299787,50,0.12432172869147658
Psmd4,-0.025498199279711888,0.8604764442929573,50,-0.06852340936374549
Psmd5,-0.20653061224489797,0.15014446951217347,50,-0.05114045618247299
Psmd6,-0.03548619447779112,0.8067230507465127,50,-0.06055222088835534
Psmd7,-0.20825930372148857,0.14668618066996592,50,-0.22448979591836735
Psmd8,0.1761824729891957,0.22099402117559358,50,0.14516206482593036
Psmd9,-0.010228091236494596,0.9437988417400183,50,-0.06986794717887154
Psme1,0.20720785619072601,0.1487825240797131,50,0.33849552219894036
Psme2,0.31620648259303724,0.025279263904197297,50,0.37056422569027603
Psme3,-0.2920048019207683,0.03962428124657159,50,-0.11231692677070829
Psme3ip1,-0.13402160864345739,0.3534584842362665,50,-0.11106842737094838
Psme4,0.2712605042016807,0.056717141979143786,50,0.2729891956782713
Psmf1,-0.29459783913565424,0.03782288647432172,50,-0.22026410564225687
Psmg1,-0.029531812725090034,0.8386785296382456,50,0.007346938775510203
Psmg2,0.1280672268907563,0.3754424025932204,50,0.1675390156062425
Psmg3,-0.1183673469387755,0.4129588830475173,50,-0.07668667466986795
Psmg4,-0.011380552220888355,0.9374782471699071,50,-0.1144297719087635
Pspc1,0.27539015606242495,0.052909310638790785,50,0.3866986794717887
Psph,0.07966386554621849,0.5823631470805782,50,0.2107563025210084
Pstpip1,0.5982713085234094,4.46409920435981e-06,50,0.6030732292917167
Pstpip2,0.1169267707082833,0.41870819488172134,50,0.11078031212484994
Ptar1,-0.012148859543817525,0.933266611913471,50,0.0012965186074429772
Ptbp1,-0.004369747899159664,0.9759734341266462,50,-0.028379351740696276
Ptbp2,-0.1533253301320528,0.2877577691664223,50,-0.0956062424969988
Ptbp3,-0.0875390156062425,0.545510966529139,50,0.039615846338535404
Ptcd3,0.2535894357743097,0.0755736459783746,50,0.2775990396158463
Ptdss1,-0.16974789915966385,0.23859092977027574,50,-0.11462184873949578
Pten,0.18809123649459786,0.19084724607050071,50,0.17262905162064823
Pter,-0.06074429771908763,0.6751792766208208,50,0.06996398559423768
Ptges2,0.030204081632653063,0.8350567113874385,50,0.09435774309723889
Ptges3,0.0014885954381752698,0.9918140667498937,50,-0.046242496998799516
Ptges3l,0.04643457382953182,0.7488090704314575,50,-0.03673469387755102
Ptgfrn,0.41080432172869147,0.0030427354432798824,50,0.4322208883553421
Ptgr1,0.36470588235294116,0.009214270856045623,50,0.37795918367346937
Ptgr2,0.10108043217286913,0.4848891485450005,50,0.21478991596638655
Ptgs1,0.004273709483793517,0.9765013409868725,50,-0.01781512605042017
Ptk2,0.2107563025210084,0.14179552839739834,50,0.26319327731092435
Ptk2b,0.3439615846338535,0.014453263542435561,50,0.41944777911164466
Ptk7,-0.09416566626650659,0.5153962594066313,50,-0.07130852340936374
Ptma,-0.21286914765906362,0.13775289791733092,50,-0.03078031212484994
Ptms,-0.07150060024009604,0.6217086321267078,50,-0.09330132052821127
Ptp4a1,0.08955582232893158,0.5362568732672314,50,0.050372148859543824
Ptp4a2,0.030876350540216087,0.8314382775692926,50,0.10405762304921969
Ptp4a3,0.22996398559423767,0.1081472791846759,50,0.08821128451380551
Ptpa,0.1144297719087635,0.4287809515377118,50,0.16456182472989198
Ptpmt1,0.260984393757503,0.06715555301123285,50,0.2101800720288115
Ptpn1,0.1700360144057623,0.23778311120927567,50,0.2647298919567827
Ptpn11,0.4054359049405098,0.0034898871835784525,50,0.4552810392918362
Ptpn12,0.27213138378513196,0.05589628584110137,50,0.26881797890050624
Ptpn13,0.11116446578631452,0.44215658726836515,50,0.036638655462184866
Ptpn14,0.09963985594237695,0.4911656201405194,50,0.2327490996398559
Ptpn18,0.30381752701080433,0.03195562426255542,50,0.3834333733493397
Ptpn2,0.031405315862974466,0.8285935901984604,50,-0.10098681844011514
Ptpn21,0.2638655462184874,0.0640854507661199,50,0.302280912364946
Ptpn23,-0.08696278511404561,0.5481690113286253,50,-0.03990396158463385
Ptpn3,0.18012004801920767,0.21068134503679994,50,0.1607202881152461
Ptpn4,-0.02261704681872749,0.8761106394173841,50,0.025978391356542615
Ptpn6,0.6742376950780311,7.972493378277632e-08,50,0.5529411764705883
Ptpn7,0.3359903961584633,0.017054688051114826,50,0.24004801920768307
Ptpn9,-0.04028811524609843,0.7811756142878552,50,0.02799519807923169
Ptpra,0.20375039022416006,0.15583207941940577,50,0.1105428702088184
Ptprb,0.451812725090036,0.0009889043098668833,50,0.24705882352941175
Ptprc,0.6715486194477791,9.378286645305303e-08,50,0.662905162064826
Ptprd,0.15236494597839134,0.2908241130624517,50,0.21094837935174068
Ptpre,0.31553421368547413,0.025608819264917936,50,0.24331332533013206
Ptprf,0.2632893157262905,0.06469032022900352,50,0.30036014405762307
Ptprg,0.47111644657863144,0.0005541125298281477,50,0.4389435774309724
Ptprj,0.19058823529411767,0.1849172911700519,50,0.19270108043217285
Ptprk,0.3600566641293311,0.010217891617394545,50,0.27394957983193274
Ptprm,0.35884753901560623,0.010493844443363896,50,0.2471548619447779
Ptprs,-0.05642256902761104,0.697137769951935,50,0.030204081632653063
Ptpru,0.44345738295318127,0.0012576558175258525,50,0.3883313325330132
Ptrh2,0.06151260504201681,0.6713027870504038,50,0.12182472989195677
Pts,0.20960384153661463,0.14403745949618685,50,0.21815126050420167
Pttg1ip,0.008019207683073229,0.9559225690117515,50,0.12835534213685473
Puf60,0.16158463385354138,0.26226098716524576,50,0.1343097238895558
Pum1,0.022521008403361343,0.8766326204036273,50,0.10991596638655461
Pum2,-0.15851140456182472,0.2715655271539118,50,-0.2580072028811525
Pum3,0.07716686674669868,0.5942783968149362,50,0.12845138055222088
Pura,-0.1532292917166867,0.2880634495883337,50,-0.3247539015606243
Purb,0.08936374549819928,0.5371349077517865,50,0.12307322929171667
Purg,0.20797118847539015,0.1472584272135925,50,0.19068427370948376
Pus1,0.1766626650660264,0.21971795555549883,50,0.11241296518607442
Pus10,0.16052821128451378,0.2654350574590323,50,-0.2068187274909964
Pus3,-0.045954381752701084,0.7513231301724004,50,-0.005714285714285714
Pus7,0.10665066026410563,0.46102129193702235,50,0.10847539015606242
Pusl1,0.27270108043217284,0.05536451570155302,50,0.18424969987995196
Pvalb,0.01978438858646098,0.891527496799982,50,-0.047636197761575946
Pvr,0.19788715486194475,0.16834286590706912,50,0.16763505402160866
Pwp1,-0.08264105642256904,0.5682994514330523,50,0.0006242496998799519
Pwp2,0.1590876350540216,0.26980446374366224,50,0.18828331332533013
Pwwp2b,-0.04326530612244897,0.765448458884893,50,-0.0009123649459783913
Pxdc1,0.2887394957983193,0.041992391552200685,50,0.4121488595438175
Pxdn,0.6247779111644658,1.2377536533797113e-06,50,0.6481152460984393
Pxk,-0.005810324129651861,0.9680561794495712,50,-0.020984393757503002
Pxmp4,0.26012004801920763,0.06809909216699352,50,0.22506602641056422
Pxn,0.3477070828331333,0.013352992838007836,50,0.29229291716686673
Pxylp1,0.1669627851140456,0.24649656967425387,50,0.14573829531812724
Pycard,0.42770708283313325,0.0019469663915005653,50,0.4836974789915966
Pycr2,-0.07975990396158462,0.5819070336441934,50,-0.11827130852340936
Pycr3,-0.022232893157262904,0.8781988742686199,50,-0.02280912364945978
Pygb,-0.10665066026410563,0.46102129193702235,50,-0.16792316926770706
Pygl,0.21478991596638655,0.13415300797608018,50,0.23159663865546215
Pygm,0.10526315801610873,0.46690640618316576,50,0.03323008956755096
Pygo1,-0.05277310924369748,0.7158746629666642,50,0.08427370948379351
Pygo2,0.07582232893157262,0.6007386654540318,50,-0.009267707082833133
Pym1,-0.04,0.782702317866487,50,0.20460984393757503
Pyroxd1,-0.19490996398559424,0.1749679740279985,50,-0.11010804321728691
Pyroxd2,0.3612484993997599,0.009952028236336624,50,0.2661704681872749
Pyurf,0.11356542617046818,0.43229920121020293,50,0.04950780312124849
Qars1,-0.03529411764705882,0.8077493060967326,50,0.04739495798319327
Qdpr,0.11928257584652689,0.409329874203976,50,0.15664241642969834
Qk,0.22986794717887157,0.10829872446284602,50,0.010900360144057623
Qpctl,-0.12038415366146459,0.40498642537179863,50,-0.12451380552220888
Qprt,-0.014453781512605042,0.9206430094148257,50,-0.07735894357743096
Qrich1,-0.29536614645858345,0.037302284053007034,50,-0.26991596638655463
Qrsl1,0.13747899159663865,0.3410633035393226,50,0.12048019207683074
Qsox1,-0.09493397358943578,0.511959606175683,50,-0.12192076830732293
Qsox2,0.11913565426170468,0.40991119738674603,50,0.0739015606242497
Qtrt1,0.039135654261704685,0.7872872720608813,50,0.13824729891956783
Qtrt2,-0.03932773109243697,0.7862677701948961,50,-0.0035054021608643456
R3hcc1,-0.11097238895558223,0.44295052060652196,50,0.058439375750300115
R3hdm1,0.05171668667466986,0.7213301536391761,50,0.043745498199279705
R3hdm2,0.16254501800720286,0.2593975879612429,50,0.13056422569027612
RGD1302996,0.23563025210084032,0.09949598473376198,50,0.24648259303721487
RGD1304567,0.013877551020408161,0.9237972168124924,50,-0.1407442977190876
RGD1304587,0.036638655462184866,0.8005723408637344,50,0.016470588235294115
RGD1304622,0.22621848739495798,0.1141749260431452,50,0.16110444177671068
RGD1304694,0.4699639855942377,0.0005741604260472291,50,0.3966866746698679
RGD1304728,0.21939975990396157,0.1258012245669263,50,0.07169267707082833
RGD1304884,0.23015606242497,0.1078448756128843,50,0.1440096038415366
RGD1305178,-0.06410564225690277,0.6582825317229156,50,-0.24292917166866745
RGD1305350,-0.13171668667466988,0.361873115784249,50,-0.13498199279711884
RGD1305713,0.1224969987995198,0.39673069234463537,50,0.2588715486194478
RGD1306233,-0.20307322929171667,0.15724103790548746,50,-0.17512605042016804
RGD1306556,0.18521008403361344,0.19785646183339173,50,0.07015606242496998
RGD1306746,-0.2838415366146458,0.045760904897916524,50,-0.4332773109243698
RGD1307100,0.1499639855942377,0.298582748649281,50,0.0974309723889556
RGD1307554,0.0468187274909964,0.7467996811509177,50,0.12489795918367347
RGD1307929,0.05671068427370948,0.6956659593725275,50,0.006482593037214886
RGD1307947,0.1288355342136855,0.3725607171065508,50,0.173781512605042
RGD1308117,-0.0050420168067226885,0.9722783839866403,50,0.06861944777911164
RGD1308134,-0.11097238895558223,0.44295052060652196,50,-0.05767106842737095
RGD1308430,-0.1695558223289316,0.2391305162255506,50,-0.14285714285714285
RGD1308601,0.019639855942376952,0.8923152365382944,50,-0.022040816326530613
RGD1308706,-0.018679471788715485,0.8975521529759434,50,0.06448979591836734
RGD1309104,-0.014357743097238897,0.9211686280160256,50,-0.022424969987995196
RGD1309350,0.27529411764705874,0.05299545312696799,50,0.35903961584633853
RGD1309534,-0.13853541416566625,0.3373303264571293,50,-0.09349339735894358
RGD1310352,0.06612244897959184,0.6482243474823959,50,0.15486194477791115
RGD1310429,0.12009603841536615,0.40611986004781697,50,0.027418967587034812
RGD1310553,0.10770708283313324,0.4565675215331526,50,0.0790876350540216
RGD1311164,-0.08436974789915966,0.5602063043756321,50,-0.22016806722689078
RGD1311345,-0.07025210084033613,0.6278234226869991,50,-0.19433373349339736
RGD1311703,-0.1413205282112845,0.3276113067205466,50,-0.1567827130852341
RGD1311739,0.30084033613445377,0.03376144920578216,50,0.28825930372148856
RGD1311745,0.052100840336134456,0.7193447331983341,50,-0.0015846338535414166
RGD1311847,0.00849939975990396,0.9532860417065242,50,-0.07313325330132053
RGD1311899,-0.05171668667466986,0.7213301536391761,50,-0.05555822328931572
RGD1359108,0.15294117647058825,0.2889817627244347,50,0.10569027611044417
RGD1359127,-0.2217046818727491,0.12177536258445004,50,-0.15130852340936377
RGD1359158,0.08705882352941177,0.5477255738990336,50,0.1241296518607443
RGD1359508,0.05286914765906363,0.715379400371927,50,0.032220888355342134
RGD1559575,-0.06324129651860745,0.6626117149647571,50,-0.09656662665066026
RGD1559896,0.05930372148859543,0.6824701629112091,50,0.1700360144057623
RGD1559909,-0.12845138055222088,0.373999897152233,50,-0.09349339735894358
RGD1560065,0.21411764705882352,0.13540486646628255,50,0.31351740696278513
RGD1560146,-0.01935174069627851,0.8938858443371016,50,0.02482593037214886
RGD1560212,-0.13325650079473111,0.3562382984003671,50,-0.024970587536309975
RGD1560341,-0.2230492196878751,0.11947242414860526,50,-0.03375750300120048
RGD1561143,0.30391356542617043,0.031898733665627316,50,0.26175270108043214
RGD1561149,0.18232893157262903,0.20504611842965187,50,0.22016806722689078
RGD1561662,0.06919567827130851,0.6330168945594253,50,-0.0003361344537815126
RGD1562029,-0.0010084033613445378,0.9944546394031878,50,0.05258103241296518
RGD1562608,-0.019255702280912366,0.8944094701222107,50,0.12220888355342135
RGD1562987,0.061224489795918366,0.672755485105491,50,0.010036014405762305
RGD1563231,0.5227851140456182,9.82867571505923e-05,50,0.5670588235294117
RGD1563861,0.06333733493397359,0.662130151953696,50,-0.007539015606242497
RGD1563888,-0.04509003601440576,0.7558548692341351,50,0.1567827130852341
RGD1564149,0.041056422569027605,0.7771084102057593,50,0.0059063625450180065
RGD1564308,-0.06765906362545018,0.6406023554342575,50,0.0060984393757503004
RGD1564664,0.10837935174069627,0.4537455442625736,50,0.11759903961584633
RGD1564804,-0.062184873949579826,0.6679177874859943,50,-0.1460264105642257
RGD1565033,0.14852340936374547,0.30330156609218906,50,-0.13767106842737095
RGD1565355,0.07995198079231693,0.5809952920613815,50,0.21277310924369747
RGD1565617,0.5905882352941176,6.339207135822649e-06,50,0.6315966386554621
RGD1565685,-0.02127250900360144,0.8834230228517642,50,-0.0033133253301320525
RGD1565784,-0.09330132052821127,0.5192763079677906,50,-0.11827130852340936
RGD1566099,0.18924369747899158,0.18809372129698163,50,0.13891956782713086
RGD1566265,-0.016807126226362483,0.9077741750205037,50,0.10478042693120838
RGD1566359,0.12672268907563025,0.38051732071102834,50,0.12566626650660262
RGD1597339,0.030588235294117645,0.832988615863935,50,0.12758703481392558
RT1-A2,0.09214885954381752,0.5244723206491533,50,0.051236494597839126
RT1-Ba,0.5755102040816326,1.2297871258068622e-05,50,0.5101080432172869
RT1-Bb,0.5740696278511405,1.3079302399211272e-05,50,0.42223289315726287
RT1-CE1,0.11558223289315725,0.4241151327669407,50,0.07418967587034814
RT1-CE15,-0.058343337334933965,0.6873467957767785,50,-0.13699879951980792
RT1-CE7,0.02463385354141657,0.8651614250124656,50,-0.0011044417767106843
RT1-DMa,0.2908523409363745,0.04044722749584214,50,0.17186074429771905
RT1-DMb,-0.003889555822328931,0.9786130658625282,50,0.10885954381752701
RT1-Da,0.67875150060024,6.047205705443804e-08,50,0.5107803121248499
RT1-Db1,0.49579831932773105,0.00025099445741304065,50,0.3655702280912365
RT1-M3-1,-0.302280912364946,0.03287738604512776,50,-0.42684273709483794
RT1-S3,0.2905642256902761,0.040655141635754725,50,0.21354141656662667
RT1-T24-4,0.3129411764705882,0.026913861381266398,50,0.23092436974789915
Rab10,-0.0014885954381752698,0.9918140667498937,50,0.03452581032412965
Rab11a,-0.1472749099639856,0.3074298165312654,50,-0.07198079231692676
Rab11b,0.0887875150060024,0.5397732021211107,50,0.05527010804321728
Rab11fip1,-0.06304921968787515,0.6635752461203878,50,-0.09224489795918367
Rab11fip2,0.2064345738295318,0.15033834674407667,50,0.023289315726290515
Rab11fip3,0.1400720288115246,0.33194613184789457,50,0.05402160864345738
Rab11fip5,0.13258103241296518,0.3587034899006478,50,0.1307563025210084
Rab12,0.35471788715486197,0.011485280414252626,50,0.3243697478991596
Rab13,-0.052965186074429765,0.7148842537631441,50,0.018679471788715485
Rab14,0.0887875150060024,0.5397732021211107,50,0.03212484993997599
Rab15,0.02895558223289316,0.8417855841374466,50,0.005618247298919568
Rab18,0.07889555822328932,0.5860178595409992,50,0.08907563025210084
Rab19,-0.039615846338535404,0.7847391830472042,50,0.03673469387755102
Rab1a,-0.042977190876350546,0.7669664674970699,50,-0.045474189675870344
Rab21,-0.022713085234093634,0.875588710609917,50,-0.015990396158463382
Rab22a,-0.08072028811524609,0.5773548167040339,50,0.031644657863145256
Rab23,-0.13939975990396156,0.33429506428141725,50,-0.1022328931572629
Rab24,0.1266266506602641,0.3808813693262309,50,0.13795918367346938
Rab25,0.16581032412965185,0.2498192714884368,50,0.11903961584633853
Rab27a,0.09551020408163265,0.509389735992829,50,0.04797118847539015
Rab27b,-0.008595438175270108,0.9527587947505248,50,-0.03078031212484994
Rab28,0.12816326530612243,0.3750814646200839,50,0.2337094837935174
Rab29,0.06180072028811524,0.6698512773118432,50,0.015894357743097238
Rab2a,0.05911164465786314,0.6834444707314836,50,0.1799279711884754
Rab2b,-0.22026410564225687,0.1242799238462067,50,-0.21939975990396157
Rab31,-0.04230492196878751,0.7705118480395501,50,0.01983193277310924
Rab32,0.037406962785114045,0.7964784852993401,50,-0.08945978391356542
Rab33b,0.20489795918367346,0.15346556701536493,50,0.19222088835534215
Rab34,0.3511644657863145,0.012401775972634437,50,0.32725090036014404
Rab35,-0.03759903961584634,0.7954558636185503,50,-0.041152460984393756
Rab38,-0.02156062424969988,0.8818552524140807,50,0.006962785114045618
Rab3a,-0.011092436974789914,0.9390580533725903,50,-0.07486194477791117
Rab3b,-0.2518607442977191,0.07765695534272622,50,-0.2304441776710684
Rab3d,0.23361344537815126,0.10251176161461086,50,0.2067226890756302
Rab3gap2,-0.11414165666266506,0.42995190594090166,50,-0.012436974789915966
Rab3il1,0.0251140456182473,0.8625580807865763,50,0.29459783913565424
Rab3ip,0.11298919567827131,0.4346536656246409,50,0.005138055222088836
Rab43,0.14141656662665067,0.3272793390182778,50,0.04326530612244897
Rab44,0.15351740696278512,0.2871470442113454,50,0.2231452581032413
Rab4a,0.011668667466986795,0.9358986792620421,50,-0.040384153661464584
Rab4b,0.004273812097560745,0.9765007769310606,50,0.020984393757503002
Rab5a,0.004657863145258102,0.9743897755876302,50,0.07476590636254501
Rab5b,0.3245618247298919,0.021471310550684866,50,0.3723889555822329
Rab5c,-0.0024489795918367346,0.9865332099197339,50,-0.036350540216086434
Rab5if,-0.017911164465786316,0.901744810543093,50,-0.061992797118847545
Rab6a,0.06602641056422569,0.6487019197630061,50,0.09195678271308522
Rab6b,0.2405282112845138,0.09245734713334676,50,0.1156782713085234
Rab7a,-0.30948379351740696,0.02873998098005706,50,-0.26511404561824725
Rab8a,-0.030300120048019206,0.8345395833742012,50,0.05478991596638655
Rab8b,0.08677070828331333,0.5490564011370141,50,0.0848499399759904
Rab9a,-0.026699320519592975,0.85397397289327,50,0.05166990805590295
Rabac1,0.15803121248499397,0.2730388902522867,50,0.2485954381752701
Rabep1,0.31194026276128767,0.027432261906355327,50,0.33224489795918366
Rabep2,-0.213930706681271,0.13575452333848886,50,-0.25873370316468874
Rabepk,-0.06554621848739495,0.6510918768730238,50,-0.022905162064825933
Rabgap1,0.16730293649327682,0.24552162558238264,50,0.23111644657863145
Rabgap1l,0.4836014405762305,0.0003739943176577096,50,0.4343337334933973
Rabgef1,-0.1474669867947179,0.30679236772595225,50,-0.1925090036014406
Rabggta,0.07745498199279711,0.5928980657558349,50,-0.0005282112845138055
Rabggtb,0.04163265306122449,0.7740618781921108,50,-0.13642256902761105
Rabif,0.004849939975990396,0.9733340571673678,50,0.10885954381752701
Rabl2,-0.0114765906362545,0.9369516977605437,50,0.058439375750300115
Rabl3,-0.35702280912364937,0.010922439279601112,50,-0.3641296518607443
Rabl6,0.12504501912413687,0.38690653702457345,50,0.03947273645162846
Rac1,0.2121968787515006,0.1390297443867585,50,0.2698199279711884
Rac2,0.5089555822328932,0.00016047220350807204,50,0.47937575030012003
Rack1,0.231025955071514,0.10648343591292751,50,0.11539292663414014
Rad1,-0.08350540216086433,0.564246113106247,50,-0.17282112845138053
Rad17,-0.1460264105642257,0.31159391297394856,50,0.017238895558223288
Rad18,-0.2318847539015606,0.10515233778100337,50,-0.1051140456182473
Rad21,0.4303001200480192,0.0018143788310670819,50,0.3834333733493397
Rad23a,-0.03452581032412965,0.8118575157889591,50,-0.004945978391356542
Rad23b,0.03548704651794821,0.8067184990618606,50,0.1340248265650791
Rad50,0.19807923169267705,0.1679217900172661,50,0.24619447779111645
Rad54l2,0.05267707082833133,0.7163700413625802,50,-0.11337334933973588
Rad9a,0.08763505402160864,0.545068561888412,50,0.04768307322929172
Radil,-0.003265384523978997,0.9820444909607451,50,0.007491176260892992
Rae1,-0.08081632653061224,0.5769004898096026,50,-0.04633853541416567
Raf1,0.029051620648259304,0.8412675746780208,50,0.030012004801920768
Rai1,-0.00907563025210084,0.9501228647604613,50,-0.14765906362545017
Rai14,0.020984393757503002,0.8849912355548427,50,0.08849939975990395
Rala,-0.15520180561029584,0.28182766070707976,50,-0.0877812192622589
Ralb,-0.07932963578843091,0.5839517568983554,50,0.052534274547544446
Ralbp1,0.27289315726290514,0.05518614900433462,50,0.27740696278511406
Ralgapa1,0.0914765906362545,0.5275151924652707,50,0.10088835534213686
Ralgapa2,-0.029531812725090034,0.8386785296382456,50,0.04028811524609843
Ralgapb,0.12739495798319328,0.3779747809109605,50,0.10857142857142857
Raly,-0.2186314525810324,0.1271652478428133,50,-0.19164465786314525
Ramac,0.13037214885954382,0.3668373016971429,50,0.0760144057623049
Ramp2,0.2293877551020408,0.10905838972532143,50,0.2277551020408163
Ran,-0.004081632653061224,0.9775571843853882,50,0.06036014405762304
Ranbp1,-0.17426170468187277,0.22614969415113215,50,-0.2297719087635054
Ranbp10,0.0030252100840336134,0.9833649557151009,50,-0.08427370948379351
Ranbp2,-0.0014885954381752698,0.9918140667498937,50,0.08148859543817527
Ranbp3,-0.08475390156062423,0.5584152018580083,50,-0.11030012004801922
Ranbp6,-0.02914765906362545,0.840749631753519,50,0.05920768307322929
Ranbp9,-0.24917166866746698,0.08098738708796176,50,-0.07313325330132053
Rangap1,0.07255702280912364,0.6165542371589667,50,0.07322929171668667
Rap1a,0.16106028960919933,0.2638332158259521,50,0.09359168290051564
Rap1b,-0.3784393757503001,0.006730680216354468,50,-0.2788475390156062
Rap1gap,0.4567106842737095,0.000856470875634913,50,0.3467466986794718
Rap1gap2,0.4882112845138055,0.000322227526267835,50,0.39015606242497
Rap1gds1,-0.1288355342136855,0.3725607171065508,50,-0.22621848739495798
Rap2b,0.006386554621848738,0.964890088733286,50,-0.022905162064825933
Rap2c,-0.09416566626650659,0.5153962594066313,50,-0.11030012004801922
Rapgef1,0.2747178871548619,0.053514693714948984,50,0.25013205282112844
Rapgef2,-0.04528211284513805,0.754847106935656,50,-0.08974789915966387
Rapgef3,0.4182953181272509,0.0025034914889802916,50,0.3511644657863145
Rapgef4,0.41800720288115245,0.002522551223738686,50,0.40830732292917166
Rapgef5,0.2467707082833133,0.08405493531897798,50,0.2213205282112845
Rapgef6,0.14160864345738294,0.32661603830870695,50,0.11030012004801922
Raph1,0.07956782713085234,0.5828194220937315,50,0.09070828331332531
Rara,0.006290516206482593,0.9654177346041684,50,-0.012436974789915966
Rarg,-0.010228091236494596,0.9437988417400183,50,0.006962785114045618
Rarres1,-0.0658343337334934,0.6496574839593189,50,-0.05171668667466986
Rarres2,-0.11827130852340936,0.41334075552301486,50,-0.08475390156062423
Rars1,0.19308523409363745,0.17912052242038165,50,0.14458583433373348
Rars2,-0.018487394957983194,0.8986000622543062,50,-0.11250900360144059
Rasa1,-0.039711884753901555,0.7842298323116963,50,-0.06160864345738295
Rasa2,0.3429133953784414,0.014774700033610397,50,0.2758769719155785
Rasa3,0.025402160864345734,0.8609967659831832,50,0.11481392557022808
Rasa4,0.566578631452581,1.793478570851588e-05,50,0.48379351740696275
Rasal2,0.18021608643457382,0.21043410218481773,50,0.17493397358943577
Rasal3,0.5654261704681873,1.8814600980511707e-05,50,0.5491956782713086
Rasgef1a,0.2442737094837935,0.08734102812682971,50,0.2952701080432173
Rasgef1b,-0.0468187274909964,0.7467996811509177,50,-0.06381752701080431
Rasgrp2,0.23217286914765903,0.10470864900474017,50,0.2860504201680672
Rasgrp3,0.2337094837935174,0.1023665748068131,50,0.15918367346938775
Rasip1,0.2923889555822329,0.03935304295921277,50,0.2614645858343337
Rasl11a,0.07783913565426169,0.5910598413289536,50,-0.057094837935174066
Rasl12,0.3041056422569028,0.03178520465860404,50,0.28316926770708284
Rassf1,0.10482593037214885,0.468769240075497,50,0.06132052821128451
Rassf2,0.4119567827130852,0.002953621298029672,50,0.363265306122449
Rassf3,0.002352941176470588,0.9870612735896643,50,-0.00936374549819928
Rassf4,0.26511404561824725,0.06279041079231697,50,0.2035534213685474
Rassf5,0.19663865546218487,0.1710985793248603,50,0.2049939975990396
Rassf7,0.24120048019207685,0.09152226965925123,50,0.27577430972388955
Rassf8,0.3813205282112845,0.006290926270654515,50,0.41358943577430973
Raver1,0.06545175156152018,0.6515624568872568,50,-0.040384153661464584
Raver2,-0.2169987995198079,0.13010075707772073,50,-0.23774309723889556
Rb1,-0.07217286914765905,0.6184264631612333,50,-0.3466506602641056
Rb1cc1,0.044129651860744294,0.7608996852480964,50,-0.20316926770708282
Rbbp4,-0.1280703018448821,0.37543084287728573,50,-0.1371908763505402
Rbbp5,0.08657863145258103,0.5499444767025348,50,0.0728451380552221
Rbbp6,-0.05171668667466986,0.7213301536391761,50,-0.11721488595438176
Rbbp7,0.029340440355164223,0.8397101483708197,50,0.014069627851140454
Rbbp9,-0.015702280912364946,0.913813102725811,50,-0.009555822328931571
Rbck1,-0.04706108341961066,0.745532848044123,50,0.05066269694662167
Rbfa,-0.11097238895558223,0.44295052060652196,50,-0.11356542617046818
Rbfox2,0.24936374549819929,0.08074583655563201,50,0.13767106842737095
Rbis,0.10530612244897959,0.466723568539095,50,0.14948379351740695
Rbks,-0.12921968787515006,0.3711248650349302,50,-0.17166866746698678
Rbl2,-0.13959183673469386,0.3336228844020166,50,0.04576230492196878
Rbm10,-0.08619447779111644,0.55172268105076,50,-0.12902761104441776
Rbm12b,0.045858343337334934,0.7518262499368317,50,-0.005810324129651861
Rbm14,0.06765906362545018,0.6406023554342575,50,-0.15716686674669866
Rbm15,-0.023001200480192076,0.8740232394253051,50,-0.030492196878751498
Rbm15b,0.10569027611044417,0.46509049118211554,50,0.18645858343337332
Rbm17,0.12096038415366145,0.4027250580268724,50,0.06861944777911164
Rbm18,-0.0757262905162065,0.601201286715933,50,-0.10156062424969987
Rbm19,-0.033373349339735896,0.818029213335407,50,0.17925570228091237
Rbm22,-0.03644657863145258,0.8015966387938372,50,0.2428331332533013
Rbm25l1,0.01262905162064826,0.9306352509000534,50,0.03289315726290516
Rbm26,0.3095798319327731,0.028687895385105175,50,0.2781752701080432
Rbm27,0.008115246098439374,0.9553952252908573,50,0.028667466986794718
Rbm28,0.09791351535872315,0.4987424336386644,50,0.16730293649327682
Rbm3,0.007154861944777911,0.960669476486913,50,-0.09464585834333733
Rbm33,0.146890756302521,0.308707259421738,50,0.10482593037214885
Rbm34,0.0011524886555219988,0.9936623079927808,50,-0.07543998657604419
Rbm38,-0.039615846338535404,0.7847391830472042,50,0.11366146458583432
Rbm4,-0.05248499399759904,0.7173611448181693,50,0.08187274909963986
Rbm42,0.028284671565459874,0.8454061625337286,50,0.26238955082117615
Rbm43,-0.11346938775510206,0.4326911145065585,50,-0.06669867947178872
Rbm45,0.09714285714285714,0.5021441256454877,50,0.1119327731092437
Rbm47,0.11827130852340936,0.41334075552301486,50,0.04067226890756302
Rbm48,-0.20297719087635052,0.1574416181089488,50,-0.2093157262905162
Rbm4b,-0.016470588235294115,0.9096131131071888,50,-0.004849939975990396
Rbm5,0.17819927971188473,0.21566898765633302,50,0.1795438175270108
Rbm6,-0.26357743097238895,0.06438731781657149,50,-0.26232893157262904
Rbm7,0.18511404561824726,0.19809320118763882,50,0.2107563025210084
Rbm8a,-0.1775270108043217,0.2174339601700364,50,-0.1925090036014406
Rbms1,0.3045858343337335,0.03150284892281799,50,0.12307322929171667
Rbms2,0.1404561824729892,0.33060853374883825,50,-0.03135654261704682
Rbms3,0.1582232893157263,0.27244891101311197,50,0.14228091236494594
Rbmx,-0.22026410564225687,0.1242799238462067,50,-0.21171668667466984
Rbmx2,0.04633853541416567,0.7493116765230454,50,0.019543817527010805
Rbmxl1,-0.0059063625450180065,0.9675284624934394,50,0.03250900360144057
Rbp1,0.4230012004801921,0.0022097308383753392,50,0.430876350540216
Rbp4,-0.04701080432172868,0.7457956102653991,50,-0.011764705882352943
Rbpj,0.7273469387755102,2.1960733360320537e-09,50,0.7433853541416565
Rbpms,0.10540216086434574,0.4663150106107136,50,0.14420168067226888
Rbpms2,-0.023673469387755098,0.8703723399762501,50,0.007154861944777911
Rbsn,-0.2276590636254502,0.11182700408126085,50,-0.13680672268907562
Rbx1,0.2270828331332533,0.11276170705793447,50,0.13190876350540215
Rc3h1,0.25090036014405764,0.07883376748050859,50,0.16648259303721488
Rc3h2,0.17608643457382953,0.22124985036515865,50,0.12979591836734694
Rcan1,-0.008979591836734692,0.9506500093767046,50,0.11779111644657862
Rcan3,0.17042016806722687,0.23670893236518237,50,0.17810324129651858
Rcbtb1,0.18405762304921966,0.2007105836695977,50,0.1997118847539016
Rcbtb2,0.033565426170468184,0.816999827588431,50,0.030396158463385354
Rcc1,0.3043937575030012,0.03161554023004893,50,0.3319567827130852
Rcc1l,-0.05939975990396158,0.6819832009828575,50,0.0848499399759904
Rcc2,0.3720048019207683,0.007810455421587376,50,0.48043217286914763
Rchy1,0.4293397358943577,0.0018625181644469203,50,0.412436974789916
Rcl1,0.20201680672268904,0.1594577554373011,50,0.16456182472989198
Rcn1,-0.07524609843937576,0.6035167253438533,50,-0.10837935174069627
Rcn2,0.14871548619447778,0.30266963261683894,50,0.09675870348139255
Rcn3,-0.12681872749099637,0.38015347916898345,50,-0.07534213685474188
Rcor1,0.08004801920768306,0.5805396641943295,50,0.15150060024009604
Rcor3,0.07831932773109243,0.5887656367420658,50,0.11298919567827131
Rcsd1,0.024442363569195723,0.8661999780026812,50,0.040337102943269955
Rdh10,-0.08926770708283314,0.5375741872301489,50,-0.007635054021608643
Rdh11,0.09877551020408162,0.49495168363471587,50,0.19462184873949578
Rdh13,-0.09714285714285714,0.5021441256454877,50,-0.06506602641056422
Rdh14,-0.15001560666044683,0.29841454215351376,50,-0.15975990396158463
Rdh16,0.4253061224489796,0.0020773389527526487,50,0.38641056422569026
Rdx,0.25051620648259304,0.07930840728140401,50,0.24993997599039616
Reck,0.06852340936374549,0.6363309963298318,50,0.0974309723889556
Recql,-0.20364945978391355,0.15604149348152205,50,-0.222280912364946
Recql5,-0.131140456182473,0.36399561102301464,50,-0.06909963985594238
Reep1,0.2803841536614646,0.048583656591702315,50,0.28797118847539016
Reep3,0.1328691476590636,0.3576507160616057,50,0.13248499399759903
Reep4,0.1904921968787515,0.18514289624587627,50,0.10981992797118847
Reep5,-0.027322929171668665,0.8506017192354086,50,0.13219687875150057
Reep6,0.1598559423769508,0.2674682046825719,50,0.14103241296518607
Rel,0.2940216086434574,0.03821725302712737,50,0.24360144057623048
Rela,0.008307322929171669,0.9543405947926975,50,-0.014069627851140454
Relb,0.25963985594237693,0.0686278234478324,50,0.15726290516206481
Relch,-0.21613445378151258,0.131675321304232,50,-0.19452581032412963
Rell1,-0.19731092436974787,0.169610697501005,50,-0.11375750300120048
Rem1,0.057190876350540217,0.6932154093903193,50,-0.11356542617046818
Renbp,-0.06977190876350539,0.6301818992433754,50,-0.009459783913565426
Repin1,0.047202881152460976,0.7447919572730598,50,0.08427370948379351
Reps1,0.04009603841536614,0.7821933263092732,50,0.09272509003601441
Reps2,0.1392076830732293,0.3349680890027994,50,0.05584633853541416
Rer1,-0.1996158463385354,0.16458072099769272,50,-0.12816326530612243
Rere,-0.06535571084022669,0.6520410144614409,50,-0.1276830732292917
Rerg,0.2809603841536614,0.04810360649368589,50,0.2994957983193277
Resf1,0.12028811524609842,0.40536403328604576,50,0.029051620648259304
Rest,0.1739777666231751,0.22691882544413242,50,0.006674830129898244
Retnlg,0.34194477791116445,0.015077137981607732,50,0.4167587034813925
Retreg2,0.2059543817527011,0.1513105061052847,50,0.10924369747899158
Retreg3,-0.2572388955582233,0.0713206663483974,50,-0.18386554621848739
Retsat,0.2731812725090036,0.05491946883029323,50,0.1228811524609844
Rex1bd,-0.07707082833133252,0.5947388231105694,50,-0.009843937575030014
Rexo1,-0.08129651860744297,0.5746313067554828,50,-0.013493397358943579
Rexo2,0.2622328931572629,0.06581108856687733,50,0.30199279711884747
Rexo4,0.07784100460838166,0.5910509043508664,50,0.09623280273608689
Rfc1,-0.28893157262905156,0.04184995297661072,50,-0.3125570228091236
Rfc2,0.1634093637454982,0.25683852020425263,50,0.2226650660264106
Rfc3,0.07034813925570228,0.6273521677638412,50,-0.04441776710684273
Rfc4,0.33118847539015606,0.01880608147504176,50,0.30429771908763503
Rfc5,0.2159423769507803,0.13202715844231022,50,0.1793517406962785
Rfesd,0.10607442977190876,0.4634604954009728,50,0.06372148859543818
Rffl,-0.07611044417767106,0.5993517372477795,50,-0.14468187274909963
Rfk,0.07975990396158462,0.5819070336441934,50,0.0050420168067226885
Rflnb,0.14573829531812724,0.3125599479084467,50,0.05104441776710684
Rft1,-0.0923409363745498,0.5236045309500681,50,-0.0875390156062425
Rftn1,-0.08989411513071591,0.5347121494988281,50,-0.12672573174677312
Rftn2,-0.023097238895558224,0.8735015214977571,50,-0.10924369747899158
Rfx1,-0.06746698679471788,0.641553120220504,50,-0.018391356542617046
Rfx2,0.30948379351740696,0.02873998098005706,50,0.1741656662665066
Rfx3,0.1249939975990396,0.3871018342489888,50,0.13469387755102039
Rfx5,0.42953181272509,0.0018528004202207579,50,0.3232172869147659
Rfxank,-0.1997118847539016,0.16437352566901103,50,-0.16629051620648258
Rfxap,-0.07418967587034814,0.6086242993514357,50,-0.074093637454982
Rgcc,0.16475390156062425,0.2528915826071131,50,0.18405762304921966
Rgl1,0.07524609843937576,0.6035167253438533,50,0.05171668667466986
Rgl2,0.15716686674669866,0.2757042615743796,50,0.1119327731092437
Rgmb,0.06343337334933974,0.6616487242123059,50,0.11903961584633853
Rgn,-0.016086434573829533,0.9117128093624184,50,0.04835534213685474
Rgp1,0.074093637454982,0.6090895470834801,50,0.18501800720288114
Rgs10,0.2984393757503001,0.035278582448279555,50,0.20153661464585834
Rgs12,0.18607442977190874,0.1957348230578232,50,0.18549819927971187
Rgs14,0.11279711884753903,0.4354400775517007,50,0.09483793517406962
Rgs18,-0.023865546218487393,0.8693297136232633,50,0.15236494597839134
Rgs19,0.20211284513805522,0.15925529490958068,50,0.15015606242496998
Rgs22,-0.1036734693877551,0.47369839364716887,50,-0.18895558223289313
Rgs3,-0.02348139255702281,0.8714151845581424,50,-0.08993997599039616
Rgs6,0.30525810324129654,0.031111053110413896,50,0.2409123649459784
Rgs7,0.10895558223289314,0.4513343099177775,50,0.104921968787515
Rhbdd1,-0.06324129651860745,0.6626117149647571,50,-0.07668667466986795
Rhbdf1,0.2058583433373349,0.1515054931930771,50,0.24465786314525811
Rhbdf2,0.0013925570228091237,0.9923421752307796,50,0.0534453781512605
Rhd,0.0954141656662665,0.5098175929424354,50,0.06055222088835534
Rheb,-0.049315726290516206,0.7337797943319674,50,-0.031164465786314523
Rhoa,-0.1274909963985594,0.37761239010583864,50,-0.01042016806722689
Rhob,0.17397358943577432,0.22693015407298248,50,0.2099879951980792
Rhoc,-0.2469627851140456,0.08380622897778386,50,-0.14775510204081632
Rhod,0.004849939975990396,0.9733340571673678,50,0.05815126050420167
Rhog,-0.04633964802411371,0.7493058532150094,50,-0.13133568636886112
Rhoj,0.06535414165666266,0.6520488346379696,50,0.02396158463385354
Rhoq,0.27260504201680674,0.05545387333571459,50,0.10252100840336134
Rhot1,0.12101130882980989,0.40252556160805336,50,0.12691476590636253
Rhot2,-0.2833613445378151,0.04614475987043599,50,-0.2747178871548619
Rhpn2,-0.05517406962785113,0.7035283168203037,50,-0.01531812725090036
Ribc1,-0.10319327731092437,0.47576032172168503,50,-0.085906362545018
Ribc2,-0.08014405762304923,0.5800841984627959,50,-0.11932773109243697
Ric1,0.03212484993997599,0.8247275542956559,50,-0.04845138055222088
Ric8a,0.03947273645162846,0.7854983483253226,50,0.023818098880787973
Ric8b,-0.12384153661464585,0.3915286504703151,50,0.00475390156062425
Rictor,-0.18405762304921966,0.2007105836695977,50,-0.2089315726290516
Rida,0.08782713085234094,0.5441842704398321,50,0.11308523409363744
Rif1,0.3200480192076831,0.023463525030267905,50,0.28912364945978386
Rilpl1,0.36134453781512604,0.009930867034735471,50,0.3842016806722689
Rilpl2,0.08062424969987995,0.5778093067048342,50,0.014453781512605042
Rimoc1,-0.006770708283313325,0.9627796563599009,50,0.09272509003601441
Rin1,0.08485197726280717,0.557958359755576,50,0.08494597839135654
Rin2,0.19673941756973454,0.17087496928907878,50,0.21258613658316203
Rin3,0.02674669867947179,0.8537176771711391,50,0.0021608643457382954
Ring1,-0.09474189675870348,0.5128176827143776,50,-0.024921968787515004
Rint1,-0.0710204081632653,0.6240575126328836,50,-0.008883553421368545
Riok1,-0.030588235294117645,0.832988615863935,50,-0.037695078031212484
Riok2,-0.006578631452581032,0.9638348418776679,50,-0.04528211284513805
Riok3,0.395438175270108,0.004478886854026892,50,0.3300360144057623
Riox1,0.01781512605042017,0.9022690817725499,50,-0.05767106842737095
Riox2,0.20432172869147658,0.15465053780915824,50,0.21229291716686674
Ripk1,0.38813925570228086,0.005348571839061085,50,0.3452100840336134
Ripk2,0.055654261704681865,0.7010679848872847,50,0.07370948379351741
Ripk3,0.16686674669867946,0.24677231048219184,50,-0.028475390156062427
Ripor1,0.17013205282112842,0.23751425451013153,50,0.196062424969988
Ripor2,0.025210084033613446,0.8620375844447012,50,0.04220888355342137
Rit1,-0.12489795918367347,0.3874696024077539,50,-0.057190876350540217
Rlf,0.2682833133253301,0.05959694553243552,50,0.16629051620648258
Rliml1,0.03375750300120048,0.8159707474237395,50,0.06593037214885954
Rmc1,-0.2706842737094838,0.05726559320032823,50,-0.22074429771908766
Rmdn1,-0.1507322929171669,0.29608556236980277,50,-0.1221128451380552
Rmdn2,0.33848739495798313,0.01620008834742285,50,0.3785354141656663
Rmdn3,-0.0050420168067226885,0.9722783839866403,50,0.06151260504201681
Rmnd1,-0.09493397358943578,0.511959606175683,50,-0.00907563025210084
Rmnd5a,-0.0003361344537815126,0.9981515336582548,50,0.05085234093637454
Rnase2,0.45665850472366953,0.0008577933974004049,50,0.5757575784133006
Rnase3,0.021080432172869146,0.8844684492089908,50,0.10924369747899158
Rnase4,0.10732292917166866,0.4581843586731788,50,0.14468187274909963
Rnase6,0.17435774309723887,0.22588995351101332,50,0.28230492196878754
Rnaseh1,0.14113183994079812,0.32826414527500186,50,0.007251074457659242
Rnaseh2a,0.18953181272509,0.18740979783080922,50,0.14266506602641055
Rnaseh2b,0.45613445378151257,0.0008711777916851984,50,0.4569987995198079
Rnaseh2c,-0.19174530006247253,0.18221468286209844,50,-0.20739993763331305
Rnasel,-0.22237695078031214,0.12061972816489211,50,-0.2318847539015606
Rnaset2,0.1908763505402161,0.1842416578459936,50,0.2689555822328931
Rnd3,-0.0468187274909964,0.7467996811509177,50,0.005810324129651861
Rnf10,-0.02348139255702281,0.8714151845581424,50,0.0060984393757503004
Rnf114,-0.17186487075471807,0.23269898203197567,50,0.042594059893667206
Rnf115,-0.1859783913565426,0.19596976003793506,50,-0.08081632653061224
Rnf11l1,-0.008691476590636255,0.9522315678165846,50,-0.04403361344537814
Rnf121,-0.13402160864345739,0.3534584842362665,50,-0.15226890756302522
Rnf123,0.41368547418967583,0.0028242716317740725,50,0.40312124849939973
Rnf126,-0.027130852340936373,0.8516401233148821,50,-0.1950060024009604
Rnf13,-0.1169267707082833,0.41870819488172134,50,-0.012340936374549819
Rnf14,0.05027611044417767,0.7287915934144177,50,0.051908763505402154
Rnf146,0.02977262360098497,0.8373807874846807,50,-0.11337607148697663
Rnf149,0.17570228091236492,0.2222752222025812,50,-0.020888355342136854
Rnf166,0.01714285714285714,0.9059401238286354,50,0.003889555822328931
Rnf167,0.230828331332533,0.10679156606568176,50,0.19202881152460982
Rnf169,0.196734693877551,0.17088544731158203,50,0.23073229291716685
Rnf170,-0.02914765906362545,0.840749631753519,50,0.0009123649459783913
Rnf181,0.09877551020408162,0.49495168363471587,50,0.037310924369747894
Rnf185,-0.15178871548619446,0.2926740966598977,50,-0.07755102040816325
Rnf2,0.058727490996398554,0.6853946173145391,50,-0.013685474189675868
Rnf20,-0.13565426170468187,0.34757123273775026,50,-0.17013205282112842
Rnf213,0.3633613445378151,0.009495360105722337,50,0.4236734693877551
Rnf214,0.04898076785968495,0.7355221313009683,50,0.014550169275965235
Rnf216,-0.05450180072028812,0.7069778323592292,50,-0.12240096038415366
Rnf220,-0.034333733493397356,0.8128853570276434,50,-0.04883553421368547
Rnf25,0.13565426170468187,0.34757123273775026,50,0.14352941176470588
Rnf31,0.17262905162064823,0.23059688426227976,50,0.10876350540216086
Rnf39,-0.19135654261704682,0.18311953804371303,50,-0.16494597839135652
Rnf40,0.16100840336134453,0.26398913656643963,50,0.12960384153661464
Rnf41,0.1532292917166867,0.2880634495883337,50,0.19740696278511405
Rnf5,-0.1495798319327731,0.2998364329090326,50,-0.09695078031212485
Rnf6,-0.014933973589435772,0.9180154243551587,50,-0.019927971188475387
Rnf7,-0.18693877551020407,0.19362938157961015,50,-0.17637454981992798
Rnft1,-0.07073229291716686,0.6254686212671247,50,-0.06573829531812725
Rngtt,0.014165666266506602,0.9222199650398092,50,0.16801920768307324
Rnh1,0.066890756302521,0.6444088265071674,50,0.0811044417767107
Rnmt,0.04518607442977191,0.7553509376892313,50,0.06516206482593037
Rnpc3,0.173781512605042,0.22745149278269033,50,0.14583433373349342
Rnpep,-0.01819927971188475,0.90017224670718,50,0.13027611044417767
Rnpepl1,0.2576292348698135,0.07087725471831605,50,0.2679536124088647
Rnps1,0.08926770708283314,0.5375741872301489,50,0.07793517406962785
Ro60,0.10847539015606242,0.45334318393026024,50,0.1505402160864346
Robo2,0.26549819927971186,0.06239617970022955,50,0.29863145258103235
Rock1,0.08254501800720286,0.5687506533002326,50,0.0426890756302521
Rock2,0.11260504201680673,0.43622728373592484,50,0.07505402160864347
Rogdi,0.074093637454982,0.6090895470834801,50,0.023385354141656663
Romo1,0.02396158463385354,0.8688084828221523,50,0.0902280912364946
Ropn1l,0.03817527010804322,0.7923900459710469,50,0.024057623049219684
Ror1,0.20710684273709484,0.14898508167637284,50,0.2240096038415366
Rorc,0.22861944777911164,0.1102823328119331,50,0.1345018007202881
Rp1,-0.18828331332533013,0.1903863413266607,50,-0.13623049219687874
Rp2,-0.22411640414905878,0.11766817960499942,50,-0.25671684801752526
Rp9,-0.006770708283313325,0.9627796563599009,50,-0.04845138055222088
Rpa1,0.039519807923169274,0.7852486230739549,50,0.09608643457382952
Rpa2,0.057478991596638655,0.6917465678560473,50,0.05939975990396158
Rpa3,0.3513565426170468,0.012350679518673344,50,0.2868187274909964
Rpain,-0.13661464585834332,0.3441365307092955,50,-0.19721488595438177
Rpap1,0.06737094837935174,0.6420287162643779,50,0.14737094837935172
Rpap2,-0.14122448979591837,0.3279434859681821,50,-0.17406962785114044
Rpap3,-0.008163461309947492,0.9551304842947054,50,-0.14871548619447778
Rpe,0.008979591836734692,0.9506500093767046,50,0.13046818727490997
Rpf1,-0.21008403361344538,0.14310014494298942,50,-0.2785594237695078
Rpf2,-0.20336622733898602,0.15663025824563728,50,-0.17210497255795182
Rpgr,0.011668667466986795,0.9358986792620421,50,0.03346938775510204
Rpgrip1l,-0.06160864345738295,0.6708188182068404,50,-0.018679471788715485
Rph3al,0.22679471788715486,0.11323128882431462,50,0.23447779111644657
Rpia,0.31476590636254503,0.025989852434777416,50,0.2965186074429772
Rpl10,0.17042425993531554,0.23669750850365084,50,0.22487394957983195
Rpl10a,0.038367346938775505,0.7913687946434047,50,-0.021464585834333732
Rpl11,0.0060984393757503004,0.966473070114678,50,-0.16465786314525807
Rpl12,-0.016566626650660263,0.9090882839930864,50,-0.025306122448979586
Rpl13,0.3079471788715486,0.02958413045603965,50,0.15447779111644658
Rpl13a,0.0968547418967587,0.5034189141331943,50,-0.02444177671068427
Rpl14,-0.26280912364945974,0.0651978549797546,50,-0.20960384153661463
Rpl15,0.21445893064838528,0.13476826128355787,50,0.2252581032412965
Rpl17,0.0387515006002401,0.7893273335649745,50,-0.042881152460984395
Rpl18,0.3327250900360144,0.01822977749373358,50,0.04768307322929172
Rpl18a,0.10540216086434574,0.4663150106107136,50,0.013589435774309724
Rpl19,0.11298919567827131,0.4346536656246409,50,0.17819927971188473
Rpl21,-0.18617046818727492,0.1955000860451825,50,-0.11068427370948379
Rpl22l1,0.20057623049219686,0.1625173225858125,50,0.161968787515006
Rpl23,-0.30564225690276114,0.03088899349901964,50,-0.2640576230492197
Rpl23a,-0.04729891956782713,0.7442902879681722,50,-0.20076830732292916
Rpl24,0.31553421368547413,0.025608819264917936,50,0.12432172869147658
Rpl26,-0.2796158463385354,0.049229774901281255,50,-0.16283313325330132
Rpl27,0.08965186074429772,0.5358181185032675,50,0.07255702280912364
Rpl27a,0.24878751500600238,0.08147219196218929,50,0.11510204081632652
Rpl28,0.0028331332533013207,0.984421014611148,50,-0.07735894357743096
Rpl29,-0.05997599039615846,0.6790641281788056,50,-0.049411764705882356
Rpl3,0.2751020408163265,0.05316807849876855,50,0.02809123649459784
Rpl30,0.18300120048019208,0.20335231028225528,50,0.05392557022809123
Rpl31,0.035966386554621844,0.8041588252755482,50,0.04067226890756302
Rpl32,0.14717887154861942,0.30774885909918787,50,0.08984393757503001
Rpl34,0.18511404561824726,0.19809320118763882,50,-0.09301320528211285
Rpl35,0.07457382953181273,0.6067648429716034,50,-0.020600240096038412
Rpl35al1,0.17608643457382953,0.22124985036515865,50,0.06986794717887154
Rpl36,-0.17800720288115246,0.21617224267686636,50,-0.2012484993997599
Rpl37,0.10136854741896759,0.48363892350131,50,0.07457382953181273
Rpl39,-0.07236494597839135,0.61749004931738,50,-0.06746698679471788
Rpl4,0.541032412965186,4.978583650167983e-05,50,0.48168067226890754
Rpl5,0.23582232893157262,0.09921238116874942,50,0.23841536614645856
Rpl6,0.10530612244897959,0.466723568539095,50,-0.01666266506602641
Rpl7,0.03865546218487395,0.7898375681306562,50,-0.09454981992797118
Rpl7a,0.1874189675870348,0.19246667457475253,50,0.1757983193277311
Rpl7l1,-0.3137094837935174,0.0265215120341917,50,-0.2932533013205282
Rpl8,0.15178871548619446,0.2926740966598977,50,-0.11356542617046818
Rpl9,-0.13968787515006,0.3332871113242811,50,-0.14948379351740695
Rplp0,0.3357983193277311,0.01712198379568566,50,0.34348139255702276
Rplp1,-0.14458583433373348,0.31644316861916943,50,-0.03078031212484994
Rplp2,0.10645858343337333,0.46183358680346137,50,-0.11490996398559422
Rpn1,-0.07476770152698967,0.6058273598299516,50,-0.06357895749629694
Rpn2,-0.039615846338535404,0.7847391830472042,50,-0.16235294117647062
Rpp14,-0.08811524609843938,0.5428591297156519,50,-0.042881152460984395
Rpp21,-0.3637454981992797,0.009414303336417493,50,-0.3999519807923169
Rpp25l,-0.03308523409363745,0.8195738612852521,50,-0.031644657863145256
Rpp30,0.05959326756261669,0.6810024117597506,50,0.16888760839461958
Rpp40,0.3432893157262905,0.014658726230855491,50,0.29939975990396156
Rprd1a,-0.013013205282112843,0.9285306892833678,50,0.12220888355342135
Rprd1b,-0.28941176470588237,0.041495588160300044,50,-0.22986794717887157
Rprd2,0.01771908763505402,0.9027933942784894,50,0.15591836734693876
Rps10,0.19467454206192428,0.1754997806157729,50,0.03039688828939272
Rps11,0.026938775510204082,0.8526787765291988,50,0.008019207683073229
Rps12,0.19058823529411767,0.1849172911700519,50,-0.100984393757503
Rps13,-0.01637454981992797,0.9101379804213003,50,-0.11558223289315725
Rps14,0.0695798319327731,0.6311263144969435,50,0.0007202881152460984
Rps15,-0.0683313325330132,0.6372791823046574,50,0.015222088835534215
Rps15a,0.2948859543817527,0.03762696368169397,50,0.23150060024009603
Rps16,0.19414165666266506,0.17670785313176487,50,-0.05142857142857142
Rps17,0.1431452581032413,0.3213401105572278,50,0.09618247298919569
Rps18,-0.019639855942376952,0.8923152365382944,50,-0.08100840336134453
Rps19,0.23102040816326527,0.10649207519975618,50,0.22016806722689078
Rps2,0.24792912201916997,0.08256373015401874,50,0.1032893157262905
Rps20,-0.042977190876350546,0.7669664674970699,50,0.03202881152460984
Rps21,-0.0034093637454981987,0.9812529243973734,50,0.021080432172869146
Rps23,-0.09464585834333733,0.513246992952907,50,-0.20758703481392557
Rps24,0.013493397358943579,0.9259006695282543,50,-0.09013205282112843
Rps25,0.24024009603841537,0.09286036141846472,50,0.08273709483793518
Rps27,-0.10127250900360144,0.484055476875917,50,-0.13546218487394956
Rps27a,-0.03145258103241296,0.8283395113361828,50,0.03250900360144057
Rps27l,-0.13728691476590635,0.34174476789816005,50,-0.10972388955582232
Rps28,0.31793517406962785,0.024448117553061456,50,0.2535894357743097
Rps29,-0.104921968787515,0.46835972181301216,50,-0.2405282112845138
Rps3,0.32725090036014404,0.020353697952182736,50,0.3230252100840336
Rps3a,0.03102115297780047,0.8306593399740385,50,-0.22713630585912728
Rps4x,0.2434093637454982,0.08850161764110702,50,0.26463385354141655
Rps4y2,0.6842256902761105,4.2966244023781457e-08,50,0.6000960384153661
Rps5,0.2163265306122449,0.13132418827587233,50,0.27394957983193274
Rps6,-0.027418967587034812,0.8500826111544155,50,-0.23198079231692675
Rps6ka1,0.335126050420168,0.017359297942166972,50,0.3466506602641056
Rps6ka3,-0.08696278511404561,0.5481690113286253,50,-0.12326530612244897
Rps6ka4,-0.1664385700016353,0.24800421610129386,50,-0.05968930828391019
Rps6ka5,0.09090036014405761,0.5301302886436152,50,0.0012965186074429772
Rps6kb1,0.18837935174069628,0.19015618682948612,50,0.17503001200480192
Rps6kb2,0.10357743097238895,0.4741103982192555,50,0.06103241296518607
Rps6kc1,0.18194477791116445,0.2060184559270741,50,0.05939975990396158
Rps7,0.04729891956782713,0.7442902879681722,50,-0.06641056422569028
Rps8,0.09013205282112843,0.533626974294006,50,-0.0695798319327731
Rpsa,0.21373349339735895,0.13612412624820766,50,0.00312124849939976
Rptor,0.1590876350540216,0.26980446374366224,50,0.20921968787515002
Rpusd2,0.241968787515006,0.09046263982568438,50,0.3236974789915966
Rpusd4,-0.2541656662665066,0.07488911026326925,50,-0.12364945978391356
Rraga,0.23668667466986795,0.09794388815352831,50,0.3054501800720288
Rragc,0.027322929171668665,0.8506017192354086,50,0.15889555822328932
Rragd,0.03375750300120048,0.8159707474237395,50,0.03692677070828331
Rras,0.31899159663865545,0.023951573494386206,50,0.23265306122448978
Rras2,-0.08225690276110444,0.5701052525423822,50,-0.006770708283313325
Rrbp1,-0.01637454981992797,0.9101379804213003,50,-0.10472989195678271
Rreb1,-0.1006002400960384,0.48697661853049373,50,-0.1479471788715486
Rrm1,0.4096518607442977,0.0031342151683294733,50,0.5812725090036014
Rrm2b,-0.025498199279711888,0.8604764442929573,50,-0.049315726290516206
Rrn3,0.015510204081632653,0.9148634689164352,50,-0.05623049219687875
Rrp1,0.24475390156062424,0.0867014140275496,50,0.22717887154861943
Rrp12,0.4405762304921968,0.0013644509387878828,50,0.4143577430972389
Rrp15,0.1343097238895558,0.3524151462832098,50,0.1799279711884754
Rrp1b,-0.11481392557022808,0.4272224762389707,50,-0.09656662665066026
Rrp7a,0.041440576230492195,0.7750770169950753,50,-0.05517406962785113
Rrp8,0.0028331332533013207,0.984421014611148,50,0.15466986794717885
Rrp9,-0.02857142857142857,0.8438582830868868,50,-0.07831932773109243
Rrs1,-0.03154861944777911,0.8278233003860368,50,-0.032989195678271306
Rsbn1,-0.3131332533013205,0.026815322038896174,50,-0.22074429771908766
Rsbn1l,0.10021608643457382,0.4886499728762951,50,0.09435774309723889
Rsf1,0.30833133253301315,0.02937118139437332,50,0.29939975990396156
Rsl1d1,0.06698679471788715,0.6439325209967761,50,-0.04441776710684273
Rsph1,0.015702657931487233,0.9138110411511844,50,0.06785276959385768
Rsph10b,0.09695078031212485,0.5029938008354746,50,0.06660264105642257
Rsph14,-0.10002400960384153,0.48948777399465654,50,-0.05248499399759904
Rsph3,-0.14016806722689074,0.3316114152758582,50,-0.0792797118847539
Rsph4a,0.13277310924369748,0.3580014312154613,50,0.05786314525810324
Rsph9,-0.061224489795918366,0.672755485105491,50,-0.05584633853541416
Rspry1,0.035006002400960384,0.8092892895049884,50,0.17387755102040817
Rsrc2,0.2372629051620648,0.09710522121081268,50,0.3247539015606243
Rsrp1,0.06535414165666266,0.6520488346379696,50,-0.030492196878751498
Rsu1,0.025498199279711888,0.8604764442929573,50,0.14871548619447778
Rtca,0.13459783913565426,0.3513736979247522,50,0.0251140456182473
Rtcb,0.15870348139255702,0.27097766105026355,50,0.12355342136854741
Rtel1,-0.014069627851140454,0.9227456830202393,50,-0.05238895558223289
Rtf1,0.09214885954381752,0.5244723206491533,50,0.13776710684273707
Rtfdc1,0.3145738295318127,0.026085848699343155,50,0.20902761104441775
Rtkn2,0.23918367346938774,0.09434977204710765,50,0.1657142857142857
Rtn1,0.20873949579831932,0.1457360990896696,50,0.2266986794717887
Rtn2,0.03510204081632653,0.8087758819260071,50,-0.0018727490996398558
Rtn3,-0.12067226890756304,0.40385482418457525,50,-0.1466986794717887
Rtn4,0.013493397358943579,0.9259006695282543,50,0.033373349339735896
Rtn4ip1,-0.04835534213685474,0.7387789011788352,50,-0.0027370948379351738
Rtn4rl2,-0.352124849939976,0.012148095033690154,50,-0.36662665066026406
Rtp4,0.45939975990396154,0.0007907428663708421,50,0.6446578631452581
Rtraf,0.1241296518607443,0.390419166701422,50,0.07495798319327732
Rubcn,0.07428571428571429,0.6081592049242734,50,0.10607442977190876
Rufy1,-0.07034813925570228,0.6273521677638412,50,-0.1140456182472989
Rufy2,0.13402160864345739,0.3534584842362665,50,0.06448979591836734
Rufy3,-0.25214885954381755,0.07730662659160215,50,-0.21152460984393756
Rundc1,-0.27500600240096035,0.05325456158884444,50,0.06660264105642257
Runx1,0.21046818727490996,0.14235356219922915,50,0.20057623049219686
Runx1t1,0.11788715486194477,0.4148702689124056,50,0.08292917166866745
Runx3,0.34175270108043215,0.01513773447333675,50,0.35673469387755097
Rusc2,0.06064825930372149,0.6756644275853204,50,-0.0012965186074429772
Rusf1,-0.07889555822328932,0.5860178595409992,50,-0.07073229291716686
Ruvbl1,0.24398559423769509,0.08772656250449758,50,0.30583433373349334
Ruvbl2,0.02645858343337335,0.8552764883233676,50,0.03683073229291716
Rwdd1,0.07591836734693877,0.6002762000240179,50,0.07582232893157262
Rwdd4,-0.062472989195678265,0.6664690684682278,50,-0.06180072028811524
Rxra,-0.03231692677070828,0.8236962228552467,50,-0.14410564225690276
Rxrb,-0.054981992797118844,0.7045132935167626,50,-0.08331332533013207
Ryk,0.042593037214885957,0.7689918259288934,50,0.044897959183673466
S100a1,0.03558223289315726,0.8062100437659906,50,0.12864345738295319
S100a10,-0.14199279711884752,0.3252919760709843,50,-0.10684273709483794
S100a11,0.3805522208883553,0.006405673860716053,50,0.2945018007202881
S100a13,-0.06717887154861946,0.6429803348437266,50,-0.022232893157262904
S100a16,-0.01042016806722689,0.9427451608408816,50,0.09291716686674668
S100a4,0.4805282112845138,0.0004125687878084831,50,0.44797118847539014
S100a6,-0.05671068427370948,0.6956659593725275,50,-0.026938775510204082
S100a8,0.7327250900360143,1.4568646907554776e-09,50,0.7138055222088835
S100a9,0.7680672268907562,7.524379382785323e-11,50,0.7538535414165666
S100b,0.2634813925570228,0.06448819232933928,50,0.23831932773109243
S100g,0.36259303721488595,0.009659282847875438,50,0.3228331332533013
S1pr1,0.15918367346938775,0.2695116924175515,50,0.06573829531812725
ST7,0.09983193277310923,0.49032632334923687,50,-0.021176470588235297
Saa4,0.0546938775510204,0.7059916582285432,50,0.00849939975990396
Sacm1l,-0.0012965186074429772,0.992870286960601,50,0.1630252100840336
Sae1,-0.008595438175270108,0.9527587947505248,50,0.0026410564225690276
Safb,0.14362545018007203,0.3197024999729488,50,0.11702280912364946
Safb2,-0.007395135539599493,0.9593497734516885,50,-0.23918367346938774
Samd1,0.15025210084033613,0.2976447128541706,50,0.07505402160864347
Samd4a,0.21853541416566627,0.1273365312209356,50,0.27567827130852335
Samd4b,0.1741656662665066,0.22640964109625428,50,0.25406962785114046
Samd9,0.3134213685474189,0.026668078688265224,50,0.3106362545018007
Samhd1,0.37123649459783914,0.007948915151381587,50,0.5369027611044418
Samm50,-0.052004801920768305,0.7198409170174129,50,-0.04614645858343337
Sap130,-0.2004801920768307,0.16272280785347154,50,-0.12566626650660262
Sap18,0.07274909963985594,0.6156190279117519,50,0.050372148859543824
Sap30bp,-0.13997599039615843,0.33228105975625033,50,-0.25474189675870346
Sap30l,-0.004945978391356542,0.9728062148102008,50,-0.05315726290516206
Sar1a,0.003217286914765906,0.9823089250466962,50,-0.03174069627851141
Sar1b,0.032220888355342134,0.8242118518362515,50,0.031644657863145256
Saraf,-0.04672268907563025,0.7473018728218163,50,-0.03231692677070828
Sardh,0.3591356542617047,0.010427513383244045,50,0.33205282112845136
Sarm1,0.13238895558223288,0.35940638620830506,50,0.04576230492196878
Sarnp,0.135078031212485,0.3496421518419177,50,0.1173109243697479
Sars1,-0.02348139255702281,0.8714151845581424,50,-0.026074429771908762
Sars2,-0.18501800720288114,0.19833014109968303,50,-0.13037214885954382
Sart1,-0.12859852581199635,0.3734482441493036,50,-0.020600734717455726
Sart3,-0.139015606242497,0.3356419584156021,50,-0.05114045618247299
Sash1,0.27875150060024007,0.04996498462660882,50,0.17800720288115246
Sash3,0.2460984393757503,0.08492996552875735,50,0.2818247298919568
Sat2,0.05286914765906363,0.715379400371927,50,0.012244897959183673
Sav1,0.01262905162064826,0.9306352509000534,50,0.06093637454981993
Saxo2,-0.135078031212485,0.3496421518419177,50,-0.14410564225690276
Sbds,0.36912364945978393,0.008340706974341546,50,0.34933973589435774
Sbf1,0.23572629051620647,0.09935410477204762,50,0.11779111644657862
Sbf2,0.17656662665066022,0.21997275812295494,50,0.15774309723889554
Sbno1,0.23040169038310626,0.10745910678093598,50,0.16292917166866747
Sbno2,0.37219687875150054,0.007776169128735866,50,0.21728691476590636
Sbsn,-0.06381752701080431,0.6597243693147454,50,-0.010036014405762305
Sbspon,-0.09186074429771908,0.525775341566126,50,-0.08273709483793518
Scaf1,-0.12220888355342135,0.39785064632490746,50,-0.11884753901560624
Scaf11,-0.139015606242497,0.3356419584156021,50,-0.16811524609843936
Scaf4,-0.2089315726290516,0.14535734642271567,50,-0.21296518607442977
Scaf8,-0.2035534213685474,0.15624094928301424,50,-0.19231692677070825
Scai,0.03078031212484994,0.831954986737294,50,0.18626650660264102
Scamp1,-0.16168067226890756,0.2619736996819977,50,-0.1793517406962785
Scamp2,0.0060984393757503004,0.966473070114678,50,0.055750300120048016
Scamp3,-0.24350540216086433,0.08837207198480049,50,-0.25330132052821125
Scamp4,-0.04004898077938946,0.7824427146082542,50,0.031837499108795214
Scamp5,0.2002881152460984,0.1631343475702773,50,0.18674669867947177
Scaper,-0.07831932773109243,0.5887656367420658,50,-0.07812725090036014
Scara3,0.020792316926770707,0.8860369534931125,50,0.039711884753901555
Scarb1,0.1884753901560624,0.18992623083209273,50,0.09330132052821127
Scarb2,-0.05584633853541416,0.7000846998390193,50,0.024057623049219684
Scarf1,0.19222088835534215,0.18111209634198486,50,0.27740696278511406
Scarf2,0.15553421368547415,0.2807856039956614,50,0.18876350540216086
Sccpdh,0.10482593037214885,0.468769240075497,50,0.03606242496998799
Scd2,0.2188235294117647,0.12682320195311297,50,0.23783913565426168
Scel,0.39735894357743096,0.0042717428863625504,50,0.31831932773109245
Scfd1,-0.024345738295318126,0.866724113819169,50,-0.19135654261704682
Scfd2,0.20019207683073229,0.16334040217235238,50,0.19654261704681872
Scgb1a1,0.11241296518607442,0.43701528359012115,50,0.1185594237695078
Scgb3a1,-0.25656662665066027,0.07208949809828978,50,-0.2943097238895558
Scgb3a2,-0.02799519807923169,0.846969291513827,50,-0.0010084033613445378
Schip1,0.25406962785114046,0.07500285778726268,50,0.2064345738295318
Scin,-0.021848739495798315,0.8802879301101031,50,0.0018727490996398558
Sclt1,-0.08629051620648259,0.5512778736291126,50,-0.13872749099639856
Scly,0.11347211220827014,0.4326799938217957,50,0.21469387755102037
Scmh1,-0.16427370948379352,0.2542964782888672,50,-0.27394957983193274
Scnm1,-0.026266506602641054,0.8563160000574715,50,-0.04768307322929172
Sco1,-0.014069627851140454,0.9227456830202393,50,-0.03567827130852341
Scp2,0.18261704681872748,0.20431898856696412,50,0.12432172869147658
Scpep1,0.4756302521008403,0.0004815257770405601,50,0.4425930372148859
Scrib,0.09282112845138055,0.5214381816304657,50,0.004849939975990396
Scrn1,0.005090158228555494,0.9720138012911648,50,0.04225791736913996
Scrn2,-0.09704681872749099,0.5025688713042594,50,-0.1169267707082833
Scrn3,0.015702280912364946,0.913813102725811,50,-0.05690276110444177
Scube1,0.5639991357960782,1.9959130149191005e-05,50,0.5437214885954381
Scube2,0.38176186714166216,0.0062258251425669885,50,0.4266506602641056
Scyl1,-0.1532292917166867,0.2880634495883337,50,-0.1507322929171669
Scyl2,0.034717887154861946,0.8108299884235655,50,-0.04691476590636255
Scyl3,-0.04345738295318128,0.7644369371593014,50,-0.14717887154861942
Sdad1,0.20701080432172866,0.1491778520201904,50,0.042785114045618244
Sdc1,0.07169267707082833,0.6207701220760165,50,0.09675870348139255
Sdc2,0.21008403361344538,0.14310014494298942,50,0.14352941176470588
Sdc3,0.16436974789915965,0.25401507934189005,50,0.10069627851140456
Sdc4,0.2696278511404562,0.05828217448842121,50,0.3016086434573829
Sdcbp,0.11702280912364946,0.4183234943590506,50,0.06458583433373348
Sdccag8,-0.06103241296518607,0.67372460835961,50,-0.1466986794717887
Sde2,0.1702280912364946,0.23724560582753182,50,0.21440576230492195
Sdf2,-0.270204081632653,0.057725891149835805,50,-0.32619447779111643
Sdf2l1,0.5771428571428572,1.1464490200333649e-05,50,0.512124849939976
Sdf4,0.15563025210084033,0.28048500819768996,50,0.02588235294117647
Sdha,-0.011188475390156062,0.9385314251981255,50,-0.03625450180072028
Sdhaf1,0.06842737094837935,0.6368050173218915,50,0.11548619447779111
Sdhaf2,-0.020600240096038412,0.8870828636422363,50,-0.0024489795918367346
Sdhaf4,-0.09416566626650659,0.5153962594066313,50,0.09589435774309724
Sdhb,-0.08388955582232892,0.5624489664943948,50,0.0060984393757503004
Sdhc,-0.021080432172869146,0.8844684492089908,50,-0.11798319327731092
Sdk1,0.1648499399759904,0.25261123304908306,50,0.2533973589435774
Sdr39u1,0.05430972388955582,0.7079644829143952,50,-0.010516206482593037
Sdsl,-0.06977190876350539,0.6301818992433754,50,-0.07860744297719087
Sec11a,0.07178871548619448,0.6203010909885867,50,-0.030684273709483793
Sec11c,0.556782713085234,2.6794012788961724e-05,50,0.567923169267707
Sec13,0.10424969987995197,0.4712303742641664,50,0.07841536614645858
Sec14l1,0.0846578631452581,0.5588627246986755,50,0.26953181272509
Sec14l2,0.02770708283313325,0.84852566530385,50,-0.013781512605042016
Sec14l3,0.13248499399759903,0.3590548333678273,50,0.16629051620648258
Sec16a,-0.03654349445217671,0.8010797694524285,50,0.10161108312852289
Sec22b,-0.02588235294117647,0.8583957461421866,50,0.07563025210084032
Sec23a,0.014837935174069627,0.9185408729045358,50,0.06986794717887154
Sec23b,0.2512845138055222,0.07836136814710598,50,0.20912364945978393
Sec23ip,0.08533013205282113,0.5557336129768138,50,0.05430972388955582
Sec24a,0.045858343337334934,0.7518262499368317,50,0.1733973589435774
Sec24b,-0.03404561824729892,0.8144277037768815,50,-0.027611044417767107
Sec24c,0.07207683073229292,0.618894895331404,50,0.06650660264105641
Sec24d,0.21776710684273706,0.12871306079804817,50,0.14247298919567825
Sec31a,0.042881152460984395,0.7674726631844364,50,0.1644657863145258
Sec61a1,0.020600240096038412,0.8870828636422363,50,0.017911164465786316
Sec61b,0.03817527010804322,0.7923900459710469,50,0.20345738295318128
Sec62,-0.008691476590636255,0.9522315678165846,50,-0.052100840336134456
Sec63,0.16619447779111643,0.24870835467986022,50,0.29978391356542616
Secisbp2,-0.2460984393757503,0.08492996552875735,50,-0.19721488595438177
Secisbp2l,-0.017623049219687877,0.9033177478414802,50,-0.05478991596638655
Sel1l,-0.0449950779260047,0.7563532310072211,50,-0.08379552932857866
Selenof,-0.13046818727490997,0.36648135983943264,50,-0.13978391356542613
Selenoh,0.261656662665066,0.06642891656266885,50,0.35702280912364937
Selenok,-0.05853541416566627,0.6863704532652548,50,0.05046818727490996
Selenom,0.08715486194477791,0.5472823082871631,50,-0.17234093637454984
Selenon,-0.1632172869147659,0.2574057299042729,50,-0.2230492196878751
Selenoo,-0.11164465786314526,0.4401752078504042,50,-0.10703481392557021
Selenop,-0.003793517406962785,0.9791410203209915,50,-0.10569027611044417
Selenos,0.0114765906362545,0.9369516977605437,50,-0.03683073229291716
Selenot,0.027899159663865542,0.8474880188601623,50,-0.014357743097238897
Selenow,-0.2496518607442977,0.08038457328398806,50,-0.1897238895558223
Sell,0.1470828331332533,0.3080681137727109,50,0.15956782713085235
Selp,-0.05824729891956783,0.6878351565517051,50,0.04
Sema3a,0.27942376950780307,0.04939239054387864,50,0.3310924369747899
Sema3b,0.5599654255017511,2.3550372911197473e-05,50,0.6573987372540068
Sema3c,0.3247539015606243,0.02138980107202179,50,0.39409363745498194
Sema3e,0.24849939975990393,0.08183728974572672,50,0.33867947178871544
Sema3f,0.3441536614645858,0.01439501348853874,50,0.4238655462184874
Sema3g,0.6917166866746699,2.6593459297836593e-08,50,0.737046818727491
Sema4a,0.20902761104441775,0.14516824402961276,50,0.39044417767106837
Sema4b,-0.018679471788715485,0.8975521529759434,50,-0.043073229291716676
Sema4c,0.03231692677070828,0.8236962228552467,50,-0.011284513805522207
Sema4d,0.45786314525810323,0.0008277238293841406,50,0.4906122448979591
Sema6a,0.25243697478991595,0.07695754582985757,50,0.22756302521008404
Sema6d,0.24648259303721487,0.08442907903059234,50,0.15274909963985592
Sema7a,0.11827130852340936,0.41334075552301486,50,0.012436974789915966
Senp1,-0.058727490996398554,0.6853946173145391,50,-0.015606242496998797
Senp3,-0.09551020408163265,0.509389735992829,50,-0.2339015606242497
Senp6,0.0966626650660264,0.5042696916034142,50,0.15169267707082834
Senp7,0.3113085234093637,0.02776373036982035,50,0.22535414165666265
Sephs1,-0.009555822328931571,0.9474874631857075,50,0.06141656662665066
Sephs2,-0.23831932773109243,0.09558211695510747,50,-0.27807923169267706
Sepsecs,-0.15140456182472986,0.2939116603628428,50,-0.19519807923169266
Septin1,0.5770468187274909,1.1512030557437566e-05,50,0.5726290516206483
Septin10,0.16177671068427368,0.2616866228296657,50,0.18002400960384152
Septin11,-0.03270108043217287,0.8216344458929444,50,-0.1119327731092437
Septin2,-0.029243697478991592,0.8402317555756762,50,0.11010804321728691
Septin3,-0.18175270108043215,0.20650583894677063,50,-0.09464585834333733
Septin4,-0.018007202881152456,0.9012205808095002,50,-0.015414165666266506
Septin5,0.18127250900360142,0.20772784158109786,50,0.1051140456182473
Septin6,0.12614645858343337,0.3827047169409153,50,0.14631452581032411
Septin7,0.09771908763505403,0.499599518922039,50,-0.10693877551020407
Septin8,0.5107803121248499,0.000150601474290645,50,0.506266506602641
Septin9,-0.006386554621848738,0.964890088733286,50,-0.06352941176470588
Serbp1,-0.02770708283313325,0.84852566530385,50,0.1371908763505402
Serf2,0.17647058823529413,0.22022776592241,50,0.12297719087635053
Sergef,-0.23486194477791117,0.10063666546605211,50,-0.1951020408163265
Serinc1,-0.19145717789859204,0.1828849949825996,50,-0.012965497374622487
Serinc3,0.2270828331332533,0.11276170705793447,50,0.2285234093637455
Serinc5,0.04605042016806723,0.7508201127549528,50,-0.06660264105642257
Serpina1,0.6854741896758704,3.970346218865334e-08,50,0.6625210084033613
Serpina10,-0.10338535414165667,0.4749349791129629,50,-0.07966386554621849
Serpina11,0.07985594237695079,0.5814510819245352,50,0.1793517406962785
Serpinb10,0.4799519807923169,0.0004201896317960633,50,0.5486194477791116
Serpinb1a,0.21296518607442977,0.13757120822163818,50,0.13834333733493398
Serpinb6a,0.10991596638655461,0.44733123264647084,50,0.11635054021608643
Serpinb6b,0.1756062424969988,0.22253207915886813,50,0.18386554621848739
Serpinb8,0.21968787515006,0.12529257145179043,50,0.17858343337334934
Serpinb9,-0.09599039615846339,0.5072531857285982,50,-0.05219687875150059
Serpinc1,-0.08312124849939975,0.5660459322469298,50,-0.0811044417767107
Serpind1,-0.4667947178871549,0.0006327070766874879,50,-0.45152460984393755
Serpine2,-0.23630252100840335,0.09850610498427592,50,-0.22737094837935176
Serpinf1,-0.07495798319327732,0.6049078490522588,50,-0.06112845138055222
Serpinf2,-0.020504201680672268,0.8876058902514381,50,0.0052340936374549825
Serping1,-0.08168067226890756,0.5728189102509789,50,-0.05219687875150059
Serpinh1,0.4429771908763505,0.0012749188827499234,50,0.41147659063625447
Sesn1,0.07947178871548619,0.5832758585435145,50,0.1793517406962785
Sesn2,-0.006866746698679471,0.9622520871612624,50,-0.09704681872749099
Sesn3,0.32148859543817526,0.02281149396023228,50,0.2795198079231692
Sestd1,0.12220888355342135,0.39785064632490746,50,0.17810324129651858
Set,-0.0857142857142857,0.5539492757656787,50,-0.012533013205282113
Setd1b,-0.12067226890756304,0.40385482418457525,50,0.03558223289315726
Setd2,0.009747899159663865,0.9464334567508218,50,0.005714285714285714
Setd3,0.1276830732292917,0.37688823080036193,50,0.03279711884753902
Setd6,0.09925570228091235,0.4928464528193353,50,0.11884753901560624
Setd7,0.3596158463385354,0.010317764116596588,50,0.34703481392557023
Setdb1,0.08225690276110444,0.5701052525423822,50,0.05642256902761104
Setx,0.12182472989195677,0.3993467848954373,50,0.08773109243697479
Sf1,0.1599519807923169,0.2671771221430569,50,0.10165666266506602
Sf3a1,-0.12845138055222088,0.373999897152233,50,-0.30036014405762307
Sf3a2,-0.2680912364945978,0.05978669954114631,50,-0.3139975990396158
Sf3a3,0.00552220888355342,0.9696394107021206,50,0.12854741896758703
Sf3b1,0.3462665066026411,0.013767380621415198,50,0.42770708283313325
Sf3b2,0.03587034813925571,0.8046715080721824,50,0.10338535414165667
Sf3b3,0.06055222088835534,0.6761497090336853,50,0.046530612244897955
Sf3b4,-0.2737575030012005,0.054389229756980594,50,-0.20797118847539015
Sf3b5,-0.13123649459783912,0.3636413393637242,50,-0.19683073229291717
Sf3b6,-0.07870348139255702,0.5869331449844367,50,-0.07582232893157262
Sfi1,-0.10977454443847039,0.4479194777741413,50,-0.12494897840284337
Sfmbt1,0.1352701080432173,0.3489510044700825,50,0.16782713085234094
Sfn,0.18396158463385354,0.20094973353944637,50,0.2773109243697479
Sfpq,-0.08004801920768306,0.5805396641943295,50,0.22247298919567823
Sfr1,0.27519807923169265,0.05308170904588875,50,0.15274909963985592
Sfrp1,0.2582953181272509,0.07012566452363979,50,0.25368547418967585
Sfswap,0.2279471788715486,0.11136187760668476,50,0.2113325330132053
Sft2d2,-0.18319327731092436,0.20287018223037157,50,0.00024009603841536613
Sft2d3,-0.06285714285714285,0.6645393163266287,50,-0.1074189675870348
Sfta2,0.1427611044417767,0.3226540113762471,50,0.26280912364945974
Sftpa1,0.05171668667466986,0.7213301536391761,50,0.13959183673469386
Sftpb,0.03932773109243697,0.7862677701948961,50,0.008691476590636255
Sftpc,0.4117647058823529,0.002968311605237168,50,0.41714285714285715
Sftpd,0.4509483793517407,0.001014092783847791,50,0.5228811524609843
Sfxn1,0.4648739495798319,0.0006707538259385466,50,0.4666026410564225
Sfxn3,-0.2192076830732293,0.12614119105491198,50,-0.15265306122448982
Sfxn5,0.17944777911164464,0.21241774359650503,50,0.11539015606242496
Sgcb,0.16235294117647062,0.25996858368021925,50,0.17925570228091237
Sgcd,0.11971188475390157,0.40763395568289224,50,0.09224489795918367
Sgce,0.09493397358943578,0.511959606175683,50,0.037022809123649456
Sgf29,-0.06352941176470588,0.6611674319092691,50,-0.19433373349339736
Sgip1,-0.09944777911164465,0.4920056635658296,50,-0.0019687875150060023
Sgk3,0.03154861944777911,0.8278233003860368,50,0.03241296518607443
Sgpl1,0.35596638655462187,0.011177391282105747,50,0.3026650660264106
Sgpp1,-0.07303721488595438,0.6142173471740465,50,-0.020888355342136854
Sgsm3,-0.16715486194477788,0.2459457154471918,50,-0.14218487394957982
Sgta,0.0034093637454981987,0.9812529243973734,50,0.025690276110444176
Sgtb,0.05690276110444177,0.6946853683372957,50,-0.007827130852340937
Sh2b1,0.13911164465786313,0.33530491813230173,50,0.10521008403361343
Sh2b2,0.0952723955231519,0.510449520187459,50,0.16350540216086432
Sh2b3,0.05056422569027611,0.7272972880782103,50,0.05459783913565427
Sh2d1a,0.2680912364945978,0.05978669954114631,50,0.3946698679471788
Sh2d1b,0.6195918367346939,1.6057542099615859e-06,50,0.4981992797118847
Sh2d3c,0.3628811524609844,0.009597527854965166,50,0.32340936374549817
Sh2d4a,0.14199279711884752,0.3252919760709843,50,0.09695078031212485
Sh3bgrl,0.08206482593037215,0.5710091453885509,50,-0.030876350540216087
Sh3bgrl3,0.2818247298919568,0.047390772904334216,50,0.26780312124849937
Sh3bp1,0.25935174069627853,0.06894662692349268,50,0.2573349339735894
Sh3bp2,-0.11529411764705881,0.42527888391361923,50,-0.06852340936374549
Sh3bp4,0.1406482593037215,0.3299410030562696,50,0.1590876350540216
Sh3bp5,0.13085234093637454,0.3650596792576869,50,0.15764705882352942
Sh3bp5l,0.016470588235294115,0.9096131131071888,50,0.20403361344537815
Sh3d19,0.34175270108043215,0.01513773447333675,50,0.2288115246098439
Sh3gl1,0.29421368547418963,0.03808542312926573,50,0.39486194477791114
Sh3gl2,-0.0757262905162065,0.601201286715933,50,-0.1431452581032413
Sh3glb1,0.29536614645858345,0.037302284053007034,50,0.2930612244897959
Sh3glb2,-0.06842737094837935,0.6368050173218915,50,-0.1320048019207683
Sh3kbp1,0.3160144057623049,0.02537305790598307,50,0.27875150060024007
Sh3pxd2a,0.23399759903961587,0.10193196483607757,50,0.2556062424969988
Sh3pxd2b,0.157358943577431,0.27511047664298194,50,0.15217286914765904
Sh3rf1,0.04211284513805522,0.7715256708960064,50,0.09003601440576231
Sh3tc1,0.1407442977190876,0.3296075548569894,50,0.08456182472989196
Sh3yl1,0.0534453781512605,0.7124102669661331,50,-0.09867947178871549
Shank3,0.5267226890756302,8.51487688455489e-05,50,0.46055222088835535
Sharpin,-0.1185594237695078,0.41219574557510047,50,-0.008115246098439374
Shb,0.20941176470588235,0.14441365874954165,50,0.3310924369747899
Shc1,0.192124849939976,0.18133436092825214,50,0.1709003601440576
She,0.31793517406962785,0.024448117553061456,50,0.3114045618247298
Shfl,0.16677070828331333,0.247048260461665,50,0.032220888355342134
Shh,-0.03423769507803121,0.8133993948322712,50,-0.056038415366146455
Shmt1,0.2125810324129652,0.13829904171656549,50,0.21815126050420167
Shmt2,0.2809603841536614,0.04810360649368589,50,0.17800720288115246
Shoc2,0.06256902761104441,0.6659864293910166,50,0.17723889555822328
Shpk,-0.1373829531812725,0.34140393033004296,50,-0.08830732292917168
Shprh,0.20921968787515002,0.14479058670076012,50,0.2342857142857143
Shroom2,0.16600240096038413,0.24926339418995225,50,0.12307322929171667
Shroom3,0.1276830732292917,0.37688823080036193,50,-0.003793517406962785
Shroom4,0.7254261704681872,2.5368131498886253e-09,50,0.7046818727490998
Shtn1,0.1210564225690276,0.40234887735594355,50,0.08158463385354141
Siae,-0.04028811524609843,0.7811756142878552,50,-0.06765906362545018
Siah1,0.03880045140257396,0.7890673005323213,50,0.05651860744297719
Sidt2,0.4036974789915966,0.0036466035163654964,50,0.35702280912364937
Sigirr,0.22237695078031214,0.12061972816489211,50,0.13018007202881152
Siglec1,0.6275630252100839,1.074168010731102e-06,50,0.5755102040816326
Sigmar1,0.0821608643457383,0.5705571163870861,50,0.09819927971188475
Sik3,-0.02809123649459784,0.8464506283680964,50,-0.02348139255702281
Sike1,0.10127250900360144,0.484055476875917,50,0.049219687875150055
Sil1,-0.14967587034813923,0.29952269363966594,50,-0.14487394957983193
Sin3a,0.14228432859632012,0.32428941466779054,50,0.20317414589639904
Sin3b,-0.07270282601917943,0.6158442758832878,50,0.015414165666266506
Sipa1,0.24523409363745496,0.08606546767980337,50,0.3917887154861945
Sipa1l1,0.3478031212484994,0.0133257506207552,50,0.28537815126050414
Sipa1l2,0.34511404561824727,0.014106760905428171,50,0.2168067226890756
Sipa1l3,0.11318127250900359,0.433868048538726,50,0.15198079231692677
Sirpa,0.5250900360144057,9.038787954687983e-05,50,0.4909003601440575
Sirt1,-0.01819927971188475,0.90017224670718,50,-0.11558223289315725
Sirt2,0.05824729891956783,0.6878351565517051,50,0.05402160864345738
Sirt3,-0.1408403361344538,0.3292743181105479,50,-0.23265306122448978
Sirt5,-0.23102040816326527,0.10649207519975618,50,-0.13546218487394956
Sirt6,0.0790876350540216,0.5851032158998725,50,-0.02588235294117647
Sirt7,-0.05767245313674669,0.6907609102415516,50,0.013877551020408161
Skap1,0.7138055222088835,5.921302360429037e-09,50,0.5926050420168066
Skap2,0.39937575030011996,0.004063339851439518,50,0.4010084033613445
Ski,0.04355342136854741,0.763931322092937,50,0.08158463385354141
Skiv2l,-0.08821128451380551,0.5424177623569869,50,0.003889555822328931
Skp1,0.1061704681872749,0.4630534786101985,50,0.13440576230492196
Slain2,-0.18184873949579833,0.20626204620255428,50,-0.042977190876350546
Slc11a1,0.5595678271308523,2.393481120196337e-05,50,0.5893397358943577
Slc12a2,0.19154861944777912,0.1826720660912252,50,0.16542617046818728
Slc12a4,0.08907563025210084,0.5384532700520441,50,0.02069627851140456
Slc12a6,0.05671068427370948,0.6956659593725275,50,0.09752701080432173
Slc12a7,0.15591836734693876,0.27958449111394346,50,0.11788715486194477
Slc12a9,0.2155582232893157,0.13273294793798618,50,0.1287394957983193
Slc14a1,0.26280912364945974,0.0651978549797546,50,0.2048019207683073
Slc15a2,0.41061224489795917,0.0030578163649783107,50,0.35058823529411764
Slc15a4,-0.009747899159663865,0.9464334567508218,50,-0.12076830732292916
Slc16a1,0.008691476590636255,0.9522315678165846,50,0.09579831932773109
Slc16a7,0.08926770708283314,0.5375741872301489,50,0.11500600240096039
Slc17a5,-0.07178871548619448,0.6203010909885867,50,-0.05315726290516206
Slc1a1,0.3679711884753902,0.008561378513721915,50,0.3195678271308523
Slc1a4,-0.14420168067226888,0.3177443583562677,50,-0.10770708283313324
Slc22a23,-0.00312124849939976,0.982836936740475,50,0.05901560624249699
Slc23a2,-0.3209123649459784,0.02307045361925039,50,-0.28124849939975993
Slc25a1,0.2689555822328931,0.058936613027340504,50,0.30967587034813926
Slc25a10,0.3338855675768524,0.017804528712580443,50,0.372484993997599
Slc25a11,0.10280912364945978,0.4774132891049011,50,0.05930372148859543
Slc25a12,0.1533253301320528,0.2877577691664223,50,0.1702280912364946
Slc25a13,0.14429771908763506,0.31741874303886103,50,0.1223049219687875
Slc25a20,0.061896758703481394,0.6693677056031839,50,0.10501800720288115
Slc25a23,-0.07159663865546219,0.6212393025069451,50,-0.15611044417767103
Slc25a24,0.11231692677070829,0.4374095809590833,50,0.23879951980792313
Slc25a25,-0.041344537815126044,0.7755847261464184,50,0.015702280912364946
Slc25a3,0.23927971188475392,0.0942136096647424,50,0.16888355342136854
Slc25a35,0.19222088835534215,0.18111209634198486,50,0.1569747899159664
Slc25a4,0.04019207683073229,0.7816844250494279,50,0.05354141656662665
Slc25a40,0.0809123649459784,0.5764463261595072,50,0.16139255702280914
Slc25a42,0.04057623049219687,0.7796497270001826,50,-0.02895558223289316
Slc25a45,0.04989195678271309,0.7307855529477288,50,-0.010708283313325332
Slc25a46,0.06391356542617047,0.6592436204488078,50,0.043073229291716676
Slc25a5,-0.10228336817757741,0.47968047494043525,50,-0.07784100460838166
Slc25a51,-0.14324129651860742,0.3210121648083788,50,-0.11097238895558223
Slc26a11,0.009267707082833133,0.949068639160811,50,-0.007346938775510203
Slc27a1,0.12316926770708284,0.3941246415594056,50,0.1696518607442977
Slc27a2,0.3825690276110444,0.006108280162309339,50,0.5326770708283313
Slc27a3,-0.07399759903961585,0.6095549479701945,50,-0.24542617046818724
Slc27a4,0.04797118847539015,0.7407815550065097,50,0.025978391356542615
Slc27a6,-0.13133253301320527,0.3632872766392256,50,-0.22439375750300117
Slc28a2,0.00475390156062425,0.9738619108344221,50,0.09781512605042017
Slc29a1,0.19231692677070825,0.1808900276550022,50,0.14256902761104442
Slc2a1,0.2921968787515006,0.03948847069586931,50,0.17685474189675868
Slc2a13,-0.05315726290516206,0.7138943092418598,50,-0.044801920768307316
Slc2a3,0.11702280912364946,0.4183234943590506,50,0.20153661464585834
Slc30a1,0.042593037214885957,0.7689918259288934,50,0.021944777911164462
Slc30a9,0.1890516206482593,0.18855065982408345,50,0.1797358943577431
Slc33a1,0.17128451380552218,0.23430418881831377,50,0.18127250900360142
Slc34a2,0.03625450180072028,0.802621267065429,50,0.013877551020408161
Slc35b2,-0.10165666266506602,0.48239039438149667,50,-0.03010804321728691
Slc35b3,0.11231692677070829,0.4374095809590833,50,0.07707082833133252
Slc35e1,0.09618247298919569,0.5063998437393995,50,0.06228091236494597
Slc38a10,0.16984393757503002,0.23832144880306985,50,0.044225690276110445
Slc39a1,0.1371941703677646,0.342074115129981,50,0.05272635599013145
Slc39a10,-0.009844173932583742,0.9459051905843576,50,0.09114264450753141
Slc39a4,0.38160864345738293,0.006248360042971333,50,0.3284033613445378
Slc39a7,0.006482593037214886,0.9643624577499652,50,-0.2012484993997599
Slc39a8,0.4395198079231693,0.0014055930004976459,50,0.2978631452581032
Slc3a2,-0.03423769507803121,0.8133993948322712,50,0.026074429771908762
Slc43a1,0.044897959183673466,0.7568630339178207,50,-0.01205282112845138
Slc43a2,-0.07716686674669868,0.5942783968149362,50,-0.035966386554621844
Slc43a3,0.31985594237695075,0.023551634256843444,50,0.28912364945978386
Slc44a1,0.03447861894436646,0.8121100172062944,50,0.026123076191831976
Slc44a2,0.18809123649459786,0.19084724607050071,50,0.1811764705882353
Slc44a3,0.25157262905162064,0.07800853491691731,50,0.22160864345738293
Slc44a4,0.10693877551020407,0.45980430086891044,50,0.12172869147659063
Slc4a1,0.05402160864345738,0.7094453488485954,50,-0.10021608643457382
Slc4a1ap,-0.1332533013205282,0.356249950777137,50,-0.16081632653061223
Slc4a2,0.12956204379562045,0.3698480470597706,50,0.18170904468730179
Slc4a4,-0.16984393757503002,0.23832144880306985,50,-0.10424969987995197
Slc5a1,0.04729891956782713,0.7442902879681722,50,-0.0007202881152460984
Slc66a2,0.10549819927971187,0.46590664501610946,50,0.11951980792316927
Slc6a14,-0.02588235294117647,0.8583957461421866,50,-0.07505402160864347
Slc6a20,-0.14765906362545017,0.30615576738241074,50,-0.10252100840336134
Slc6a4,0.18021608643457382,0.21043410218481773,50,0.28710684273709486
Slc7a10,0.19769507803121247,0.16876470872480315,50,0.2430252100840336
Slc9a1,0.14180072028811525,0.3259535839553245,50,0.2035534213685474
Slc9a3r1,-0.002352941176470588,0.9870612735896643,50,0.0036974789915966387
Slc9a3r2,0.3631692677070828,0.0095361139605282,50,0.43231692677070827
Slc9a6,0.22387092133514827,0.11808136228791517,50,0.2226650660264106
Slco2a1,0.1971188475390156,0.17003484463374963,50,0.23735894357743095
Slco4c1,-0.03923169267707083,0.7867774768856767,50,-0.07563025210084032
Slfn13,0.4182953181272509,0.0025034914889802916,50,0.5052100840336134
Slfn5,0.07687875150060022,0.5956601487472962,50,0.011380552220888355
Slirp,0.10837935174069627,0.4537455442625736,50,-0.05805522208883554
Slit2,0.3001680672268907,0.03418069751234758,50,0.37767106842737097
Slit3,0.3840096038415366,0.00590329527591647,50,0.30525810324129654
Slk,0.23466986794717884,0.10092340630840087,50,0.15380552220888358
Slmap,0.23745498199279708,0.09682690452495275,50,0.10232893157262904
Slpi,0.27980792316926767,0.04906759450112534,50,0.24388955582232894
Slu7,-0.24273709483793518,0.08941259155974239,50,-0.16533013205282113
Slx9,-0.08456182472989196,0.5593104161522781,50,-0.04825930372148859
Smad1,0.07860744297719087,0.5873910280279689,50,0.0546938775510204
Smad2,-0.2276590636254502,0.11182700408126085,50,-0.2719327731092437
Smad3,0.15380552220888358,0.28623254637859175,50,0.1732052821128451
Smad4,0.12489795918367347,0.3874696024077539,50,0.2444657863145258
Smad5,-0.027803121248499398,0.8480068101944223,50,0.033277310924369745
Smad6,-0.08513805522208882,0.5566267992305423,50,0.10665066026410563
Smap1,0.1481392557022809,0.304567978685818,50,-0.08312124849939975
Smap2,-0.0050420168067226885,0.9722783839866403,50,-0.007058823529411764
Smarca1,0.14055222088835534,0.33027466269230854,50,-0.11779111644657862
Smarca2,0.1775270108043217,0.2174339601700364,50,0.14804321728691477
Smarca4,0.11471788715486195,0.4276117951507361,50,0.14228091236494594
Smarca5,0.2134453781512605,0.1366654425633772,50,0.3122689075630252
Smarcad1,0.053733493397358945,0.7109272785152493,50,0.12096038415366145
Smarcal1,-0.06276110444177671,0.6650215531503693,50,-0.17118847539015608
Smarcb1,0.1991356542617047,0.16561955495194555,50,0.1804081632653061
Smarcc1,0.30871548619447775,0.02915951063418648,50,0.37181272509003604
Smarcc2,-0.3009363745498199,0.033701905640262646,50,-0.34972388955582234
Smarcd1,0.13815126050420168,0.33868481963998615,50,-0.05699879951980792
Smarcd2,0.3504921968787515,0.012582043568730598,50,0.3698919567827131
Smarce1,0.05930372148859543,0.6824701629112091,50,0.08523409363745497
Smc1a,-0.18136854741896757,0.20748303568720763,50,-0.12979591836734694
Smc2,0.3334533843310316,0.017961905170546574,50,0.3411764705882353
Smc3,0.060168067226890755,0.6780921362007896,50,0.01474189675870348
Smc4,0.29315726290516203,0.03881514452976218,50,0.20605042016806724
Smc5,-0.04460984393757503,0.7583760319995217,50,-0.11106842737094838
Smc6,-0.05478991596638655,0.7054987502780329,50,-0.011764705882352943
Smchd1,0.21978391356542618,0.12512336580667024,50,0.20912364945978393
Smcr8,0.08398559423769507,0.56200009841794,50,-0.028763505402160862
Smdt1,-0.09118847539015605,0.5288219438120456,50,-0.06112845138055222
Smg1,-0.2103721488595438,0.14253993581962382,50,-0.2913325330132053
Smg5,0.018967587034813924,0.8959806139736753,50,0.042593037214885957
Smg6,0.03577430972388955,0.8051842722231624,50,0.014069627851140454
Smg7,-0.03759903961584634,0.7954558636185503,50,0.023289315726290515
Smg8,-0.09061224489795917,0.5314402237750233,50,-0.07774309723889555
Smg9,0.03625450180072028,0.802621267065429,50,0.15466986794717885
Smim12,0.048931572629051616,0.7357781389841229,50,0.07668667466986795
Smim15,0.046626650660264106,0.7478041683875994,50,-0.004561824729891957
Smim22,-0.25157262905162064,0.07800853491691731,50,-0.2669387755102041
Smn1,0.07937575030012005,0.5837324562896088,50,0.08974789915966387
Smndc1,-0.029339735894357743,0.8397139463561469,50,0.01282112845138055
Smoc2,0.5757983193277311,1.214685452497899e-05,50,0.5554381752701081
Smpd1,-0.09157262905162064,0.5270799633389929,50,0.051908763505402154
Smpd2,0.24811524609843938,0.08232608432738693,50,0.17743097238895558
Smpd4,0.17570228091236492,0.2222752222025812,50,0.08542617046818726
Smpdl3a,0.6895078031212485,3.068003404243368e-08,50,0.6227611044417766
Smpdl3b,-0.27442977190876344,0.05377585229444818,50,-0.20873949579831932
Smpx,-0.008211284513805522,0.9548679004768095,50,-0.004849939975990396
Sms,0.18309723889555823,0.20311114537837996,50,0.1634093637454982
Smtn,0.15937575030012002,0.26892678323880426,50,0.1288355342136855
Smtnl2,0.1710924369747899,0.23483712233002998,50,0.19078031212484994
Smu1,-0.2674189675870348,0.06045466265755924,50,-0.05987995198079231
Smug1,-0.05402160864345738,0.7094453488485954,50,0.11577430972388955
Smurf2,0.027418967587034812,0.8500826111544155,50,0.14967587034813923
Smyd1,0.21334933973589434,0.13684623827952497,50,0.17810324129651858
Smyd4,0.3963985594237695,0.004374238975668663,50,0.32974789915966385
Smyd5,0.30833133253301315,0.02937118139437332,50,0.12
Snap29,0.0695798319327731,0.6311263144969435,50,0.005714285714285714
Snap47,-0.08081632653061224,0.5769004898096026,50,-0.08705882352941177
Snap91,0.06679471788715485,0.6448852734231328,50,0.07351740696278511
Snapin,0.23399759903961587,0.10193196483607757,50,0.24878751500600238
Snca,-0.005138055222088836,0.9717505649203921,50,-0.2333253301320528
Sncg,0.15313325330132052,0.288369341983597,50,0.11202881152460985
Snd1,0.4628571428571428,0.000712907336701926,50,0.3907322929171668
Sned1,0.08619447779111644,0.55172268105076,50,0.1896278511404562
Snf8,0.1412278806620916,0.3279317539820636,50,0.16561824729891955
Snip1,0.024202261765961977,0.8675024950389567,50,0.1636014405762305
Snrk,-0.081968787515006,0.5714613394113613,50,-0.06794717887154862
Snrnp200,-0.44797118847539014,0.0011053126324187252,50,-0.34098439375750295
Snrnp35,-0.01906362545018007,0.8954568551591776,50,0.049411764705882356
Snrnp40,0.07073229291716686,0.6254686212671247,50,-0.05411764705882353
Snrnp48,-0.09454981992797118,0.5136764843567919,50,-0.22554621848739492
Snrnp70,0.13599366135159585,0.346355004915294,50,0.18127686144148106
Snrpa,-0.31332533013205277,0.026717084500098392,50,-0.32878751500600234
Snrpa1,-0.15034813925570228,0.29733245851278994,50,0.020504201680672268
Snrpb,0.06996398559423768,0.629238068862309,50,0.10146458583433372
Snrpb2,0.3043937575030012,0.03161554023004893,50,0.36028811524609844
Snrpc,0.09224489795918367,0.52403833663122,50,-0.019927971188475387
Snrpd1,0.019255702280912366,0.8944094701222107,50,0.1415126050420168
Snrpd2,0.32581032412965183,0.020946147669805678,50,0.29968787515006
Snrpd3,0.18674669867947177,0.1940958599328091,50,0.21210084033613444
Snrpf,-0.13776710684273707,0.34004268805590443,50,-0.02261704681872749
Snta1,0.0658343337334934,0.6496574839593189,50,0.025690276110444176
Sntb1,-0.14948379351740695,0.30015038431657165,50,-0.07082833133253301
Sntb2,0.19702280912364944,0.17024720664232762,50,0.16629051620648258
Sntg2,-0.1316206482593037,0.36222634242251806,50,-0.024537815126050418
Snu13,0.003889555822328931,0.9786130658625282,50,-0.03798319327731092
Snupn,-0.13853541416566625,0.3373303264571293,50,-0.06621848739495799
Snw1,-0.14660264105642254,0.309667568589861,50,-0.1059783913565426
Snx1,-0.08912578936036791,0.5382236382637203,50,0.04581142405699946
Snx11,-0.15159663865546216,0.2932924543539565,50,-0.07217286914765905
Snx12,-0.05171668667466986,0.7213301536391761,50,0.18837935174069628
Snx13,0.03942376950780312,0.7857581521904028,50,0.006386554621848738
Snx14,0.0857142857142857,0.5539492757656787,50,0.2063385354141657
Snx15,-0.060840336134453776,0.6746942563131716,50,0.03231692677070828
Snx16,0.074093637454982,0.6090895470834801,50,0.030588235294117645
Snx17,0.08600240096038414,0.5526128077988495,50,0.19270108043217285
Snx18,0.24360144057623048,0.08824267438668988,50,0.20509003601440576
Snx19,0.0480672268907563,0.7402807314813461,50,0.1474669867947179
Snx2,0.04249699879951981,0.7694984047447928,50,0.06842737094837935
Snx21,-0.009555822328931571,0.9474874631857075,50,0.1481392557022809
Snx25,0.2342857142857143,0.1014987784337142,50,0.16725090036014406
Snx27,0.06919567827130851,0.6330168945594253,50,-0.05642256902761104
Snx29,0.1632172869147659,0.2574057299042729,50,0.2297719087635054
Snx3,0.1710924369747899,0.23483712233002998,50,0.13565426170468187
Snx30,-0.15879951980792315,0.27068404488745834,50,-0.1481392557022809
Snx32,0.1296998799519808,0.3693347337560166,50,0.008211284513805522
Snx33,0.27481392557022805,0.053427869093642916,50,0.2409123649459784
Snx4,-0.2948859543817527,0.03762696368169397,50,-0.2684753901560624
Snx5,-0.04153661464585834,0.7745694009438486,50,0.044129651860744294
Snx6,0.09176470588235294,0.5262100377727071,50,-0.023001200480192076
Snx7,-0.08542617046818726,0.5552872740683678,50,0.0860984393757503
Snx8,0.10914765906362545,0.4505321280735541,50,0.026266506602641054
Snx9,-0.19490996398559424,0.1749679740279985,50,-0.2569507803121248
Soat1,0.4060984393757503,0.0034317409523287237,50,0.2169987995198079
Sod1,-0.050756302521008406,0.7263016417785191,50,-0.08456182472989196
Sod2,0.1956782713085234,0.17324050891322648,50,0.14535414165666266
Sod3,0.19020408163265307,0.1858208942912215,50,0.1570708283313325
Soga1,0.11990396158463384,0.4068765010018678,50,0.16936374549819924
Son,-0.07956782713085234,0.5828194220937315,50,-0.05594237695078031
Sorbs1,0.4023529411764706,0.003772027088930945,50,0.36720288115246097
Sorbs2,-0.16686674669867946,0.24677231048219184,50,-0.1249939975990396
Sorbs3,0.18713085234093638,0.19316370092803664,50,0.20912364945978393
Sorcs2,0.3350300120048019,0.017393426862415025,50,0.432124849939976
Sord,-0.02069627851140456,0.8865598846501891,50,0.01157262905162065
Sort1,-0.014645858343337334,0.9195918731388897,50,-0.09291716686674668
Sos1,-0.04110542871361796,0.7768491847120595,50,-0.013397680620443237
Sos2,0.026170468187274906,0.8568358465726584,50,0.05901560624249699
Sowahc,0.40164229644941657,0.0038398395547619185,50,0.3806482593037215
Sox13,0.10175270108043216,0.4819745953318132,50,-0.00014405762304921967
Sox17,0.3239855942376951,0.021717411681416377,50,0.32052821128451375
Sox5,0.15236494597839134,0.2908241130624517,50,-0.008787515006002401
Sp1,0.15150060024009604,0.29360195131671885,50,0.15716686674669866
Sp100,0.037791116446578635,0.7944335820847725,50,0.13238895558223288
Sp110,0.316110444177671,0.025326124523780916,50,0.38141656662665063
Sp2,0.3085234093637455,0.029265186587074263,50,0.3395438175270108
Sp3,0.15255702280912364,0.29020914820932153,50,0.16888355342136854
Sp4,0.023193277310924368,0.8729798568310736,50,0.06977190876350539
Spa17,-0.08696278511404561,0.5481690113286253,50,-0.07313325330132053
Spaca9,-0.009939975990396158,0.9453795410999993,50,-0.04835534213685474
Spag1,-0.05584633853541416,0.7000846998390193,50,-0.06775510204081632
Spag17,-0.11298919567827131,0.4346536656246409,50,-0.08629051620648259
Spag6l,-0.049411764705882356,0.7332804803454832,50,-0.037406962785114045
Spag7,-0.2277551020408163,0.11167179733499552,50,-0.30909963985594235
Spag8,0.1732052821128451,0.22902046668956422,50,0.033373349339735896
Spag9,0.09733493397358943,0.501295186368049,50,-0.050756302521008406
Sparc,0.47140456182472984,0.0005492002089233446,50,0.4167587034813925
Sparcl1,0.09339735894357742,0.5188444715693142,50,0.06151260504201681
Spart,-0.08072028811524609,0.5773548167040339,50,-0.09906362545018006
Spast,-0.1140456182472989,0.4303426233078497,50,0.014453781512605042
Spata13,-0.0534453781512605,0.7124102669661331,50,-0.01666266506602641
Spata18,-0.07582232893157262,0.6007386654540318,50,-0.035966386554621844
Spata2,-0.20605042016806724,0.15111570419875842,50,-0.1388235294117647
Spata5,-0.2909483793517407,0.0403781170650327,50,-0.10703481392557021
Spata5l1,0.05171668667466986,0.7213301536391761,50,-0.019639855942376952
Spata6,0.07159663865546219,0.6212393025069451,50,0.11231692677070829
Spata6l,0.08273709483793518,0.5678484153969561,50,-0.03548619447779112
Spata7,0.04192076830732293,0.7725398717258881,50,-0.08725090036014405
Spats2,0.38746698679471786,0.005435644387717828,50,0.3213925570228091
Spats2l,0.10962785114045617,0.4485300985363341,50,0.1086674669867947
Spcs1,0.10626650660264104,0.4626466548557733,50,-0.1799279711884754
Spcs2,-0.044801920768307316,0.7573672666662519,50,-0.1156782713085234
Spcs3,0.20393757503001197,0.15544424848919466,50,0.1343097238895558
Specc1,0.1824249699879952,0.20480353968454698,50,0.18511404561824726
Specc1l,0.10569027611044417,0.46509049118211554,50,0.18300120048019208
Spef1,-0.25935174069627853,0.06894662692349268,50,-0.24254501800720288
Spef2,-0.04633853541416567,0.7493116765230454,50,0.0017767106842737094
Speg,-0.009747899159663865,0.9464334567508218,50,-0.09243697478991596
Spen,-0.1061704681872749,0.4630534786101985,50,-0.07553421368547418
Spg11,0.13181272509003603,0.3615200982533277,50,0.1510204081632653
Spg21,0.11903961584633853,0.4102914483734615,50,0.10002400960384153
Spg7,0.16456182472989198,0.25345291121868224,50,0.11500600240096039
Sphk2,0.051908763505402154,0.7203372151545954,50,-0.1996158463385354
Sphkap,0.1431452581032413,0.3213401105572278,50,0.10319327731092437
Spi1,0.6044177671068427,3.3498073925741255e-06,50,0.5949099639855941
Spice1,0.04710684273709483,0.7452937314362832,50,-0.09887154861944776
Spin1,-0.0792797118847539,0.5841892151915156,50,-0.05286914765906363
Spint1,0.2594477791116447,0.06884022846047824,50,0.32801920768307324
Spint2,0.02357743097238895,0.8708937350965249,50,0.17262905162064823
Spire1,-0.02895558223289316,0.8417855841374466,50,-0.04883553421368547
Spn,0.49358943577430975,0.0002700929795859543,50,0.5531332533013206
Spns2,0.15841536614645857,0.2718597771294079,50,0.17224489795918366
Spock2,0.3469471056727684,0.013570253262578312,50,0.254075728181954
Spon1,0.03587034813925571,0.8046715080721824,50,0.020888355342136854
Spout1,0.18626650660264102,0.19526554894028708,50,0.26050420168067223
Sppl2a,0.12681872749099637,0.38015347916898345,50,0.048643457382953184
Spr,0.013877551020408161,0.9237972168124924,50,0.06333733493397359
Spred1,0.06977190876350539,0.6301818992433754,50,0.07294117647058823
Spred2,0.12067226890756304,0.40385482418457525,50,0.09339735894357742
Spry2,0.18213685474189675,0.205531882566014,50,0.15188475390156062
Spryd3,0.2221848739495798,0.12094905796724008,50,0.20201680672268904
Spryd4,-0.15313325330132052,0.288369341983597,50,-0.19788715486194475
Spryd7,0.25095440473991526,0.07876717278276164,50,0.31208432384322793
Spta1,-0.10905162064825931,0.45093312121714724,50,-0.2279471788715486
Sptan1,0.23755102040816325,0.09668797802947017,50,0.05642256902761104
Sptb,-0.06852340936374549,0.6363309963298318,50,-0.05056422569027611
Sptbn1,0.14458583433373348,0.31644316861916943,50,-0.10943577430972388
Sptbn2,-0.08744297719087635,0.5459535436144716,50,-0.09483793517406962
Sptlc1,-0.12187567532145138,0.3991481826874422,50,-0.12667771138612635
Sptlc2,0.06458583433373348,0.6558822035933572,50,0.023385354141656663
Spty2d1,0.017046818727490996,0.9064647191231057,50,-0.007827130852340937
Sqle,0.2700120048019207,0.05791084210211526,50,0.2395678271308523
Sqor,0.2587755102040816,0.06958776772500153,50,0.21834333733493394
Sqstm1,-0.05997599039615846,0.6790641281788056,50,-0.03289315726290516
Sra1,0.05248499399759904,0.7173611448181693,50,0.014837935174069627
Srbd1,0.303625450180072,0.03206965810542499,50,0.34953181272509
Src,0.19106842737094837,0.18379221989363928,50,0.24763505402160862
Srcap,0.19193277310924367,0.18177947806769923,50,0.12441776710684273
Srd5a3,0.0966626650660264,0.5042696916034142,50,0.21623049219687873
Srek1,-0.16206482593037216,0.2608266558299865,50,-0.21623049219687873
Srf,0.08629051620648259,0.5512778736291126,50,-0.08158463385354141
Srfbp1,0.19308523409363745,0.17912052242038165,50,0.1578391356542617
Srgap1,-0.01771951307865073,0.9027910715193301,50,0.0019687875150060023
Srgap2,0.16888355342136854,0.24102563002513044,50,0.2230492196878751
Srgn,0.27669331804657327,0.05175158747021468,50,0.2624792912951352
Sri,-0.2573349339735894,0.0712113664567031,50,-0.25118847539015604
Srl,-0.020504201680672268,0.8876058902514381,50,0.029723889555822326
Srm,0.2590636254501801,0.06926660740209636,50,0.31774309723889554
Srp14,0.20379841058480677,0.1557325175987221,50,0.23462748212002027
Srp19,-0.14717887154861942,0.30774885909918787,50,-0.0387515006002401
Srp54a,0.0821608643457383,0.5705571163870861,50,-0.02770708283313325
Srp68,-0.08533013205282113,0.5557336129768138,50,-0.08254501800720286
Srp9,-0.04019207683073229,0.7816844250494279,50,0.0022569027611044415
Srpk1,-0.12691476590636253,0.3797898447442348,50,-0.11683073229291716
Srpk2,0.18232893157262903,0.20504611842965187,50,0.28653061224489795
Srpra,0.14554621848739496,0.3132050313657808,50,0.07851140456182472
Srpx,0.3131332533013205,0.026815322038896174,50,0.28451380552220884
Srpx2,0.13402160864345739,0.3534584842362665,50,0.19558223289315724
Srr,0.09070828331332531,0.5310034022284797,50,0.08581032412965187
Srrm1,-0.13123649459783912,0.3636413393637242,50,-0.07486194477791117
Srrm2,-0.18415366146458584,0.2004716349922025,50,-0.0640096038415366
Srsf1,0.1456422569027611,0.3128823836245549,50,0.2742376950780312
Srsf10,0.021080432172869146,0.8844684492089908,50,-0.05584633853541416
Srsf11,0.25253301320528215,0.07684146241703783,50,0.19529411764705884
Srsf2,-0.09858343337334932,0.4957950768954383,50,-0.06228091236494597
Srsf3,0.4274189675870348,0.0019622172455279322,50,0.5017527010804321
Srsf4,-0.20240096038415364,0.15864904332820887,50,-0.3217767106842737
Srsf5,0.38823529411764707,0.0053362329821523636,50,0.2873949579831933
Srsf6,-0.18948834311207532,0.18751287127813998,50,-0.1422843285963201
Srsf7,-0.016182472989195677,0.9111878287690884,50,-0.04009603841536614
Srsf9,-0.21430972388955583,0.13504630439439766,50,-0.23620648259303723
Ss18,-0.08696278511404561,0.5481690113286253,50,-0.1295078031212485
Ss18l1,-0.11903961584633853,0.4102914483734615,50,-0.1736854741896759
Ssb,-0.05104441776710684,0.7248090119713183,50,0.11394957983193275
Ssbp1,-0.13152460984393755,0.36257977813401376,50,-0.17512605042016804
Ssbp3,0.3743097238895558,0.007407552224690417,50,0.34424969987995196
Ssc5d,-0.1065546218487395,0.46142734267882113,50,-0.20735191727266628
Ssh1,0.15390525587283357,0.28591642919373883,50,0.11544094699478688
Ssh2,0.17195678271308523,0.23244545784641193,50,0.14477791116446578
Ssh3,0.08148859543817527,0.5737247800932863,50,0.14448979591836733
Ssna1,0.06285714285714285,0.6645393163266287,50,-0.03279711884753902
Ssr1,0.14804321728691477,0.30488511216865344,50,0.08043217286914765
Ssr2,-0.040480192076830734,0.7801582650625992,50,-0.16878751500600236
Ssr3,0.14554621848739496,0.3132050313657808,50,0.18405762304921966
Ssr4,0.19375750300120048,0.17758245915537443,50,0.1320048019207683
Ssrp1,0.08974789915966387,0.535379538886014,50,0.0966626650660264
Ssu72,0.12902761104441776,0.37184237491477784,50,0.1771428571428571
St13,-0.12979591836734694,0.36897733239601205,50,-0.04028811524609843
St14,0.014357743097238897,0.9211686280160256,50,0.2063385354141657
St3gal1,0.1309483793517407,0.3647047810053859,50,0.1298919567827131
St3gal4,0.13795918367346938,0.33936333202859625,50,0.05171668667466986
St3gal6,-0.07563025210084032,0.6016640636624717,50,-0.014453781512605042
St6gal1,0.23620648259303723,0.09864704831462266,50,0.2647298919567827
St6galnac2,0.059495798319327726,0.6814963672758616,50,0.15774309723889554
Stab1,0.2766452976859265,0.051793881247161895,50,0.20316926770708282
Stag1,0.12979591836734694,0.36897733239601205,50,0.19654261704681872
Stag2,0.3132292917166867,0.026766165587818774,50,0.29690276110444175
Stam,0.12710684273709483,0.3790631974221934,50,0.2227611044417767
Stam2,0.11702280912364946,0.4183234943590506,50,-0.14247298919567825
Stambp,-0.18156062424969985,0.20699403205691955,50,-0.10857142857142857
Stambpl1,-0.24417767106842736,0.08746939221873495,50,-0.222280912364946
Stap1,0.14343337334933973,0.32035690873689926,50,0.12345738295318126
Stap2,0.052965186074429765,0.7148842537631441,50,-0.08888355342136854
Stard10,-0.2820168067226891,0.04723353921193203,50,-0.34405762304921966
Stard13,0.08043217286914765,0.5787187754727622,50,0.01915966386554622
Stard3,0.3728691476590636,0.007657193166743712,50,0.30948379351740696
Stard3nl,0.17810324129651858,0.21592051293100967,50,0.1363265306122449
Stard4,-0.16686674669867946,0.24677231048219184,50,-0.05354141656662665
Stard5,0.2064345738295318,0.15033834674407667,50,0.24129651860744294
Stard7,-0.09032412965186075,0.5327517460057927,50,-0.0182953181272509
Stard8,0.23322929171668666,0.10309409561085904,50,0.1578391356542617
Stard9,0.14804321728691477,0.30488511216865344,50,0.14036014405762304
Stat1,0.3288434297089437,0.01971528867906892,50,0.4720881655181987
Stat2,0.37705587179828065,0.00695118826226681,50,0.4565775890292985
Stat3,0.2824009603841537,0.046920346217979275,50,0.21565426170468185
Stat5a,0.41858343337334936,0.0024845593969809415,50,0.3865066026410564
Stat5b,-0.059495798319327726,0.6814963672758616,50,-0.05171668667466986
Stat6,-0.008211284513805522,0.9548679004768095,50,-0.11980792316926771
Stau1,-0.17896758703481394,0.213664140543336,50,-0.25618247298919566
Stbd1,-0.025690276110444176,0.8594359770665877,50,-0.03385354141656663
Steap3,0.2099879951980792,0.14328724435735085,50,0.2719327731092437
Steap4,0.3538535414165666,0.011702678685953543,50,0.31284513805522207
Steep1,0.05286914765906363,0.715379400371927,50,0.165906362545018
Stfa2,0.6231452581032413,1.3441371572648869e-06,50,0.621032412965186
Stim1,0.1702280912364946,0.23724560582753182,50,0.1822328931572629
Stim2,0.1251860744297719,0.3863669167136145,50,0.16292917166866747
Sting1,0.4156062424969988,0.0026864453978689114,50,0.30103241296518607
Stip1,-0.12672268907563025,0.38051732071102834,50,-0.12720288115246098
Stk10,0.47198079231692674,0.000539493193567725,50,0.5033853541416566
Stk11,0.08024009603841536,0.5796288950060168,50,0.0028331332533013207
Stk11ip,-0.15390156062424967,0.28592813762721164,50,-0.060168067226890755
Stk16,-0.15534213685474188,0.28138743081868106,50,-0.17166866746698678
Stk17b,0.006002400960384154,0.9670007593072917,50,0.0710204081632653
Stk24,-0.1328691476590636,0.3576507160616057,50,-0.12845138055222088
Stk25,0.22957983193277312,0.10875403545139357,50,0.12441776710684273
Stk26,0.03587034813925571,0.8046715080721824,50,0.06256902761104441
Stk3,0.04777911164465786,0.7417835210455958,50,0.16542617046818728
Stk38,-0.052004801920768305,0.7198409170174129,50,-0.2062424969987995
Stk38l,-0.04124849939975991,0.7760925281983944,50,-0.16264105642256904
Stk39,-0.033565426170468184,0.816999827588431,50,0.05430972388955582
Stk4,0.009267707082833133,0.949068639160811,50,-0.04153661464585834
Stmn1,0.45123649459783916,0.0010056334772250257,50,0.5327731092436975
Stmn2,-0.060456182472989194,0.6766351207927777,50,-0.11212484993997598
Stmnd1,-0.15755102040816327,0.27451753763906106,50,-0.11798319327731092
Stn1,0.039711884753901555,0.7842298323116963,50,0.07054021608643457
Stom,-0.004849939975990396,0.9733340571673678,50,0.07034813925570228
Stoml2,-0.11769507803121249,0.41563623882851247,50,-0.1156782713085234
Ston1,-0.04355342136854741,0.763931322092937,50,-0.04336134453781513
Ston2,0.08561824729891956,0.554395105333952,50,0.09915966386554621
Strada,-0.26799519807923167,0.05988175833114965,50,-0.22612244897959183
Strap,-0.0760144057623049,0.5998138905729673,50,0.029339735894357743
Strbp,0.2933083628303487,0.0387100731671317,50,0.20566626650660264
Strip1,0.1499639855942377,0.298582748649281,50,0.13603841536614644
Strn,-0.05354141656662665,0.7119158201457186,50,0.01262905162064826
Strn3,0.25704681872749097,0.07153966551719536,50,0.09723889555822329
Strn4,0.03130927514168097,0.82910992061117,50,0.04581142405699946
Sts,-0.0910924369747899,0.5292578818589984,50,-0.04528211284513805
Stt3b,0.08744297719087635,0.5459535436144716,50,0.00024009603841536613
Stub1,0.20432172869147658,0.15465053780915824,50,0.27519807923169265
Stx11,0.085906362545018,0.5530581268698401,50,0.009555822328931571
Stx12,0.17013205282112842,0.23751425451013153,50,0.062088835534213675
Stx16,-0.17503001200480192,0.22407754193573215,50,-0.12201680672268907
Stx17,0.013301320528211284,0.9269525849107543,50,0.035006002400960384
Stx18,0.014549819927971188,0.9201174243821219,50,0.13171668667466988
Stx2,-0.1506362545018007,0.2963969682274755,50,-0.26142284336090676
Stx3,0.017671492718003983,0.9030532493865762,50,0.03812816635351946
Stx4,0.12614645858343337,0.3827047169409153,50,0.16629051620648258
Stx5,-0.018583433373349337,0.8980760861000697,50,-0.03615846338535413
Stx6,0.14016806722689074,0.3316114152758582,50,0.12115246098439375
Stx7,0.0034093637454981987,0.9812529243973734,50,0.028379351740696276
Stx8,-0.23707082833133256,0.09738415683508361,50,-0.11481392557022808
Stxbp1,-0.058727490996398554,0.6853946173145391,50,-0.029435774309723887
Stxbp2,-0.05224615238366395,0.7185941942243738,50,0.039424716090981714
Stxbp3,-0.13219687875150057,0.36011011987871283,50,-0.11058823529411764
Stxbp4,0.11548619447779111,0.4245028493031674,50,0.021944777911164462
Stxbp5,0.2067226890756302,0.1497572690297217,50,0.34492196878751497
Stxbp6,0.029819927971188476,0.837125912035467,50,-0.09406962785114045
Sub1,0.35692677070828327,0.01094540810840053,50,0.31793517406962785
Sucla2,0.22636798008877929,0.11392954240220508,50,0.20432172869147658
Suclg1,0.2349579831932773,0.10049353099708848,50,0.32552220888355343
Suclg2,0.16081632653061223,0.2645668724181824,50,0.0821608643457383
Suds3,-0.0751500600240096,0.6039802784986892,50,-0.0954141656662665
Sufu,0.15039976954562087,0.29716467812879177,50,0.25090036014405764
Sugp1,0.11087635054021608,0.4433477830200856,50,0.08100840336134453
Sugp2,0.13469387755102039,0.35102696851524634,50,0.027322929171668665
Sugt1,0.16494597839135652,0.2523310932857104,50,0.16811524609843936
Sulf1,0.3176470588235294,0.02458502787533492,50,0.2994957983193277
Sulf2,0.2835534213685474,0.04599090403726174,50,0.24974789915966386
Sult1a1,0.4113904296607068,0.0029971222869668106,50,0.3517971620980902
Sult1c2a,-0.0710204081632653,0.6240575126328836,50,0.010900360144057623
Sult5a1,-0.02991596638655462,0.8366085090060389,50,-0.07063625450180072
Sumf1,0.11884753901560624,0.4110525589818973,50,0.06900360144057623
Sumf2,0.00936374549819928,0.9485415586230677,50,0.00744297719087635
Sumo1,0.06631452581032413,0.647269623377497,50,0.1328691476590636
Sumo2,-0.15879951980792315,0.27068404488745834,50,-0.1992316926770708
Sumo3,0.18588235294117647,0.19620489704511831,50,0.2599279711884754
Sun1,-0.04345738295318128,0.7644369371593014,50,-0.046242496998799516
Sun2,0.12460984393757503,0.388574143872945,50,0.05853541416566627
Suox,0.2967106842737095,0.03640544515924527,50,0.1634093637454982
Supt16h,0.028475390156062427,0.8443766220421096,50,0.11519807923169266
Supt20h,-0.1332533013205282,0.356249950777137,50,-0.14228091236494594
Supt4h1,0.1590876350540216,0.26980446374366224,50,0.1022328931572629
Supt5h,-0.14141656662665067,0.3272793390182778,50,-0.09944777911164465
Supt6h,-0.3048739495798319,0.03133443758720933,50,-0.36297719087635055
Supt7l,0.041152460984393756,0.7766004229514096,50,0.02578631452581032
Supv3l1,0.11346938775510206,0.4326911145065585,50,0.06285714285714285
Surf1,-0.12585834333733492,0.38380120751963126,50,-0.146890756302521
Surf2,0.1262424969987995,0.38233963362892504,50,0.1634093637454982
Surf4,-0.1171188475390156,0.4179389954272032,50,-0.03884753901560624
Surf6,-0.2107563025210084,0.14179552839739834,50,-0.22285714285714284
Susd2,0.7963025210084033,4.719128879382738e-12,50,0.7237935174069627
Susd6,0.19068427370948376,0.18469188312177381,50,0.13968787515006
Suz12,-0.04691476590636255,0.7462975935678408,50,-0.11010804321728691
Svbp,-0.16014405762304923,0.26659559008003886,50,-0.16216086434573826
Svep1,0.20201680672268904,0.1594577554373011,50,0.15918367346938775
Svil,0.24619447779111645,0.08480452628286794,50,0.2064345738295318
Svip,0.1402641056422569,0.33127691005735305,50,-0.01042016806722689
Swap70,0.09320528211284512,0.5197083239625223,50,0.14679471788715487
Swi5,0.1345018007202881,0.3517206373748113,50,-0.021176470588235297
Swsap1,0.0168547418967587,0.9075140280511814,50,-0.13171668667466988
Syap1,0.30909963985594235,0.028949112412677995,50,-0.07543817527010806
Syde1,0.2339015606242497,0.10207667651801311,50,0.27567827130852335
Syde2,0.21517406962785113,0.1334415625322423,50,0.17176470588235296
Syf2,-0.14122448979591837,0.3279434859681821,50,-0.02809123649459784
Syk,0.7789195678271309,2.723065597987452e-11,50,0.6729891956782713
Sympk,-0.3791116446578631,0.006625746831465548,50,-0.33647058823529413
Syn1,-0.04768307322929172,0.7422846631765018,50,-0.05258103241296518
Syn2,-0.18511404561824726,0.19809320118763882,50,-0.1223049219687875
Sync,-0.050756302521008406,0.7263016417785191,50,-0.1291236494597839
Syncrip,0.06160864345738295,0.6708188182068404,50,0.16091236494597838
Syne1,0.24523409363745496,0.08606546767980337,50,0.21421368547418965
Syne3,0.3861224489795918,0.005613513018071633,50,0.3354141656662665
Syngr1,0.04979591836734694,0.7312843187919351,50,0.131140456182473
Synj1,0.06890756302521008,0.634436355469756,50,-0.06362545018007203
Synj2,0.3821848739495798,0.006163980051327615,50,0.3144777911164466
Synj2bp,0.060840336134453776,0.6746942563131716,50,-0.07889555822328932
Synm,0.37478991596638656,0.007325924248779818,50,0.2571428571428571
Synpo,0.11884753901560624,0.4110525589818973,50,0.024537815126050418
Synpo2,-0.05651860744297719,0.6966470434608811,50,-0.07793517406962785
Synpo2l,-0.074093637454982,0.6090895470834801,50,-0.16052821128451378
Sypl1,0.060072028811524604,0.6785780674684071,50,0.13440576230492196
Syt15,0.1762785114045618,0.2207383974025891,50,0.166578631452581
Syt5,0.041056422569027605,0.7771084102057593,50,0.0017767106842737094
Syt7,0.060840336134453776,0.6746942563131716,50,0.17176470588235296
Sytl1,0.05421368547418968,0.708457986394982,50,0.02463385354141657
Sytl2,0.36921968787515,0.008322542071058193,50,0.3279231692677071
Sytl3,-0.19193277310924367,0.18177947806769923,50,-0.19788715486194475
Sytl4,0.09090036014405761,0.5301302886436152,50,0.1361344537815126
Syvn1,-0.1836734693877551,0.20166839087231644,50,-0.10031212484993997
Szrd1,0.19154861944777912,0.1826720660912252,50,0.25791116446578627
Szt2,0.12931572629051621,0.3707664223103757,50,-0.006770708283313325
Tab1,-0.07361344537815126,0.6114180800534645,50,-0.053733493397358945
Tab2,0.2573349339735894,0.0712113664567031,50,0.2051860744297719
Tab3,0.007923169267707083,0.9564499314163795,50,0.08696278511404561
Tacc1,0.232946769497384,0.10352399058351738,50,0.1078031212484994
Tacc2,0.3610564225690276,0.009994467324645751,50,0.33176470588235296
Taco1,0.011764705882352943,0.9353722106171002,50,-0.01771908763505402
Tacstd2,0.1466986794717887,0.3093472534468792,50,0.2270828331332533
Tada1,-0.12557022809123647,0.38489955810023696,50,-0.1985594237695078
Tada2b,-0.09848975968648416,0.49620665948242454,50,-0.13229291716686675
Tada3,-0.11894357743097239,0.41067190225859995,50,-0.16907563025210082
Taf1,0.052100840336134456,0.7193447331983341,50,0.030300120048019206
Taf10,-0.3025690276110444,0.03270289661586051,50,-0.4244417767106843
Taf11,0.06160864345738295,0.6708188182068404,50,0.010324129651860744
Taf12,0.22823529411764704,0.11089823095836396,50,0.16993997599039612
Taf2,0.060168067226890755,0.6780921362007896,50,0.09176470588235294
Taf5,-0.2599279711884754,0.06831019413388995,50,-0.19702280912364944
Taf5l,0.041440576230492195,0.7750770169950753,50,0.030396158463385354
Taf6,-0.10242496998799519,0.47906929437855533,50,-0.07034813925570228
Taf6l,0.009747899159663865,0.9464334567508218,50,0.11250900360144059
Taf7,0.17013205282112842,0.23751425451013153,50,0.14362545018007203
Taf9,0.06938775510204082,0.6320713133581387,50,0.1632172869147659
Tafazzin,0.005138055222088836,0.9717505649203921,50,-0.04326530612244897
Tagln,0.01474189675870348,0.9190663559060632,50,0.007154861944777911
Tagln2,0.06372148859543818,0.660205254292198,50,0.11635054021608643
Tagln3,-0.05555822328931572,0.7015598094284042,50,0.08936374549819928
Tal1,0.09858343337334932,0.4957950768954383,50,0.12777911164465786
Taldo1,0.24043217286914764,0.09259153383449455,50,0.2527250900360144
Tamalin,0.06861944777911164,0.6358571194886568,50,0.07342136854741896
Tamm41,-0.04124849939975991,0.7760925281983944,50,0.031164465786314523
Tanc1,0.26300120048019204,0.06499446083957477,50,0.16312124849939974
Tanc2,0.24840336134453783,0.08195927416030117,50,0.1897238895558223
Tango2,0.2703001200480192,0.05763359411905727,50,0.30737094837935175
Tango6,0.09426170468187275,0.5149660444514379,50,-0.12048019207683074
Tank,0.23054021608643455,0.10724201363945662,50,0.2913325330132053
Taok1,-0.003793517406962785,0.9791410203209915,50,0.004369747899159664
Taok2,0.2351500600240096,0.10020773345907025,50,0.03231692677070828
Taok3,-0.03414165666266506,0.8139135104843961,50,-0.026362545018007204
Tap1,0.24456182472989194,0.08695681881029091,50,0.10088835534213686
Tap2,-0.1237454981992797,0.3918988897737798,50,-0.09771908763505403
Tapbp,0.2037454981992797,0.1558422248019367,50,0.17887154861944776
Tapbpl,-0.0728451380552221,0.6151516497621463,50,-0.013397358943577431
Tapt1,0.1787755102040816,0.21416412716384056,50,0.14122448979591837
Tarbp1,0.08206482593037215,0.5710091453885509,50,0.007539015606242497
Tarbp2,0.250618262215388,0.07918209373342125,50,0.25896758703481393
Tardbp,0.15793517406962787,0.27333419692148697,50,0.1624489795918367
Tars1,-0.1413205282112845,0.3276113067205466,50,-0.10127250900360144
Tars2,0.2620408163265306,0.06601651962094117,50,0.03279711884753902
Tars3,-0.0790876350540216,0.5851032158998725,50,-0.03308523409363745
Tasor,-0.1896278511404562,0.18718221890648912,50,-0.13517406962785114
Tatdn1,0.24216086434573827,0.09019923155101413,50,0.17483793517406962
Tatdn2,-0.004081632653061224,0.9775571843853882,50,-0.023673469387755098
Tax1bp1,0.04341144837890615,0.7646788040853488,50,0.10348139255702281
Tax1bp3,0.14079569741627085,0.3294291804662976,50,0.06631611805316168
Tbc1d1,0.17656662665066022,0.21997275812295494,50,-0.0739015606242497
Tbc1d10a,0.1169267707082833,0.41870819488172134,50,0.1824249699879952
Tbc1d10b,-0.13104756420498062,0.3643384746795892,50,-0.15553421368547415
Tbc1d10c,0.4396158463385354,0.0014018075866772868,50,0.4121488595438175
Tbc1d13,0.2200720288115246,0.12461678374974919,50,0.23649459783913568
Tbc1d15,-0.18607442977190874,0.1957348230578232,50,-0.18607442977190874
Tbc1d17,-0.22909963985594234,0.10951614352954013,50,-0.14881152460984393
Tbc1d2,0.44777911164465783,0.0011114424515170599,50,0.3738295318127251
Tbc1d20,-0.0968547418967587,0.5034189141331943,50,-0.045954381752701084
Tbc1d22a,0.002352941176470588,0.9870612735896643,50,0.09579831932773109
Tbc1d22b,0.023193277310924368,0.8729798568310736,50,-0.05286914765906363
Tbc1d23,-0.09099639855942376,0.5296939968421751,50,-0.22439375750300117
Tbc1d24,-0.051236494597839126,0.7238144873817068,50,-0.03346938775510204
Tbc1d25,-0.20115246098439374,0.16128839041737666,50,-0.17925570228091237
Tbc1d2b,-0.07322929171668667,0.6132836505495756,50,-0.11750300120048018
Tbc1d31,0.1919854018657063,0.18165743866009884,50,0.24331332533013206
Tbc1d32,0.0331812725090036,0.8190589030020377,50,0.021368547418967588
Tbc1d4,0.08523409363745497,0.55618012140731,50,0.02415366146458583
Tbc1d5,0.0588235294117647,0.6849068897400697,50,0.24581032412965184
Tbc1d7,-0.31889555822328935,0.023996361120966606,50,-0.28134453781512603
Tbc1d8,0.0710204081632653,0.6240575126328836,50,0.01531812725090036
Tbc1d8b,0.11951980792316927,0.4083922236223843,50,0.17195678271308523
Tbc1d9,0.12312420469826689,0.3942990139775574,50,0.06429771908763504
Tbc1d9b,0.053830824285006705,0.7104265354179131,50,0.13714615000711786
Tbca,-0.059353165759382945,0.6822194401745435,50,-0.020504201680672268
Tbcb,0.06804321728691476,0.6387025395929358,50,0.12384153661464585
Tbcc,-0.016566626650660263,0.9090882839930864,50,0.011764705882352943
Tbcd,-0.037118847539015606,0.7980130520295956,50,0.002929171668667467
Tbce,-0.2333253301320528,0.10294827389637884,50,-0.03865546218487395
Tbcel,-0.07808110641161543,0.5899032846242902,50,-0.10122692024334888
Tbck,-0.15025210084033613,0.2976447128541706,50,-0.16859543817527012
Tbk1,0.08638655462184873,0.5508332370123856,50,0.062472989195678265
Tbkbp1,0.09704681872749099,0.5025688713042594,50,0.09733493397358943
Tbl1x,0.04998799519807923,0.7302868972991754,50,0.07774309723889555
Tbl1xr1,0.3507803121248499,0.01250451287229117,50,0.3043937575030012
Tbl2,-0.20557022809123648,0.15209156636265833,50,-0.18645858343337332
Tbl3,-0.1289315726290516,0.3722014419914515,50,-0.04950780312124849
Tbp,-0.08600240096038414,0.5526128077988495,50,-0.0561344537815126
Tbpl1,-0.16984393757503002,0.23832144880306985,50,-0.1287394957983193
Tbrg1,0.25656662665066027,0.07208949809828978,50,0.2797118847539015
Tbrg4,-0.03078031212484994,0.831954986737294,50,-0.06861944777911164
Tbx2,0.19318591088187503,0.17888957846331427,50,0.20969987995198078
Tbx21,0.31476590636254503,0.025989852434777416,50,0.32984393757503
Tbx3,0.11615846338535413,0.4217930485541134,50,0.11779111644657862
Tbx4,0.2682833133253301,0.05959694553243552,50,0.18770708283313325
Tbx5,0.0022569027611044415,0.9875893427487413,50,0.03759903961584634
Tbxas1,0.4068667466986795,0.0033653821841088897,50,0.4226170468187274
Tc2n,-0.02885954381752701,0.842303659919981,50,-0.10136854741896759
Tcea1,0.22689075630252098,0.11307459610347816,50,0.24292917166866745
Tcea3,0.1171188475390156,0.4179389954272032,50,0.18895558223289313
Tceal1,0.04835534213685474,0.7387789011788352,50,0.08792316926770707
Tceanc2,-0.015606242496998797,0.914338267712406,50,0.0923409363745498
Tcerg1,0.015702280912364946,0.913813102725811,50,0.014165666266506602
Tcf12,-0.3669147659063625,0.008768081963537889,50,-0.06938775510204082
Tcf20,0.1460299167267666,0.3115821687526251,50,0.13815126050420168
Tcf21,0.4414405762304921,0.0013315926420113598,50,0.5013685474189675
Tcf25,-0.19135654261704682,0.18311953804371303,50,-0.3174549819927971
Tcf4,-0.0012004801920768309,0.9933984017153108,50,0.010228091236494596
Tcf7,0.16888355342136854,0.24102563002513044,50,0.15649459783913564
Tcf7l1,0.19202881152460982,0.18155682148109725,50,0.18424969987995196
Tchp,0.3152460984393757,0.02575115473812277,50,0.31985594237695075
Tcirg1,0.3288434297089437,0.01971528867906892,50,0.28375231106164545
Tcn2,0.39860744297719086,0.004141653616637196,50,0.3467466986794718
Tcof1,0.043841536614645855,0.7624150624431476,50,0.05661464585834333
Tcp1,0.10252100840336134,0.4786550085874231,50,0.21296518607442977
Tcp11l1,0.07553421368547418,0.6021269961462214,50,0.03490996398559423
Tcp11l2,0.48686674669867946,0.0003366111387873484,50,0.4969507803121248
Tcte1,-0.25915966386554623,0.0691598162890669,50,-0.3402160864345738
Tctn1,-0.028475390156062427,0.8443766220421096,50,0.004369747899159664
Tctn3,0.13853541416566625,0.3373303264571293,50,0.04192076830732293
Tdg,0.08379351740696277,0.5628980021336466,50,0.07956782713085234
Tdp1,0.17503001200480192,0.22407754193573215,50,0.1287394957983193
Tdp2,-0.20192076830732295,0.15966040442903714,50,-0.04009603841536614
Tdrd3,-0.07721673991997392,0.5940393576770885,50,-0.15304088938119206
Tdrd7,0.0022569027611044415,0.9875893427487413,50,-0.04
Tdrp,0.1228811524609844,0.3952402897023936,50,0.11625450180072029
Tead1,0.11375750300120048,0.431515972119501,50,0.23418967587034814
Tead3,-0.1332533013205282,0.356249950777137,50,-0.18031212484993997
Tecpr1,0.3684602272425124,0.008467128450783738,50,0.42857142857142855
Tecpr2,0.13997599039615843,0.33228105975625033,50,0.1735894357743097
Tecr,0.03625450180072028,0.802621267065429,50,-0.029627851140456178
Tef,-0.01935174069627851,0.8938858443371016,50,0.09589435774309724
Tek,0.40505174205533584,0.003523998641257906,50,0.3508763505402161
Tekt1,-0.17781512605042016,0.21667631577638835,50,-0.17224489795918366
Tekt2,0.015702280912364946,0.913813102725811,50,0.028379351740696276
Tekt3,-0.1038655462184874,0.47287495671406327,50,-0.10847539015606242
Tekt4,-0.14967587034813923,0.29952269363966594,50,-0.13911164465786313
Telo2,0.08907776899972117,0.5384434777496515,50,0.08168263346012167
Ten1,-0.019735894357743092,0.8917917911858331,50,-0.06765906362545018
Tent2,0.041056422569027605,0.7771084102057593,50,-0.08168067226890756
Tent4b,-0.1630252100840336,0.2579737805941781,50,-0.2567587034813925
Tep1,0.1797358943577431,0.21167235114533764,50,0.044225690276110445
Terf1,0.17387755102040817,0.2271907201899618,50,0.0387515006002401
Terf2,-0.0857142857142857,0.5539492757656787,50,-0.09080432172869149
Terf2ip,0.21296518607442977,0.13757120822163818,50,0.2168067226890756
Tes,-0.10847539015606242,0.45334318393026024,50,-0.14525810324129654
Tesc,0.4482593037214886,0.0010961746352022672,50,0.44009603841536615
Tex10,0.22506602641056422,0.11608016848965921,50,0.246578631452581
Tex2,-0.09819927971188475,0.4974840890824957,50,0.06064825930372149
Tex264,0.02799519807923169,0.846969291513827,50,-0.0588235294117647
Tex9,0.023097238895558224,0.8735015214977571,50,-0.06055222088835534
Tf,-0.049315726290516206,0.7337797943319674,50,-0.04883553421368547
Tfam,-0.24235294117647058,0.08993642129920594,50,-0.08734693877551021
Tfcp2,-0.02396158463385354,0.8688084828221523,50,0.05334933973589436
Tfe3,0.15937575030012002,0.26892678323880426,50,0.10569027611044417
Tfeb,0.0015846338535414166,0.991285961741987,50,-0.031260504201680674
Tfg,0.18761104441776708,0.1920029860410535,50,0.18876350540216086
Tfip11,-0.14036014405762304,0.33094261620940163,50,-0.09531812725090036
Tfpi,0.2899879951980792,0.041073601584066644,50,0.2963265306122449
Tfrc,0.01579831932773109,0.9132879741771157,50,0.1400720288115246
Tgfb1,0.04912364945978391,0.7347787492963292,50,0.1251860744297719
Tgfb1i1,0.28893157262905156,0.04184995297661072,50,0.3686434573829531
Tgfb2,0.3420010085261531,0.015059437508225637,50,0.3726379986187796
Tgfbi,0.35606242496998797,0.01115400428786293,50,0.21267707082833132
Tgfbr1,0.057094837935174066,0.6937052717869107,50,0.009459783913565426
Tgfbr2,0.012148859543817525,0.933266611913471,50,0.0534453781512605
Tgfbr3,0.0488367067777447,0.7362718928016425,50,0.06352941176470588
Tgfbrap1,0.07851140456182472,0.5878490710968568,50,0.017911164465786316
Tgm1,0.24148859543817527,0.09112378227949472,50,0.20172869147659062
Tgm2,0.18713085234093638,0.19316370092803664,50,0.1007923169267707
Tgoln2,-0.07111644657863145,0.6235874393948588,50,0.16206482593037216
Tgs1,-0.05334933973589436,0.712904830878288,50,-0.027611044417767107
Thada,0.2665546218487395,0.06132225833747569,50,0.06813925570228091
Thap11,-0.01310924369747899,0.928004623947973,50,-0.18232893157262903
Thap12,0.10799519807923168,0.45535693461547877,50,-0.02463385354141657
Thbd,0.4133973589435774,0.0028454757959052958,50,0.4543097238895558
Thbs1,0.23572629051620647,0.09935410477204762,50,0.25915966386554623
Thbs3,0.5070950084296795,0.0001711402170734831,50,0.3449302505256049
Thbs4,-0.02127250900360144,0.8834230228517642,50,0.18665066026410562
Them4,-0.08984609477006915,0.5349312892017564,50,-0.08811524609843938
Them5,0.3478031212484994,0.0133257506207552,50,0.23169267707082833
Them6,0.20873949579831932,0.1457360990896696,50,0.21046818727490996
Themis2,0.5454501800720287,4.197534326285597e-05,50,0.6005762304921969
Thg1l,0.1460264105642257,0.31159391297394856,50,0.07466986794717888
Thnsl1,0.2984393757503001,0.035278582448279555,50,0.35414165666266506
Thnsl2,-0.018103241296518604,0.9006963927911024,50,0.010708283313325332
Thoc1,0.04533122045053196,0.7545895206831033,50,0.048116401368043446
Thoc2,0.1491956782713085,0.30109351137594936,50,0.23457382953181274
Thoc3,0.12432172869147658,0.3896805398051253,50,0.004081632653061224
Thoc5,0.22343337334933971,0.1188205495201523,50,0.22621848739495798
Thoc6,0.050372148859543824,0.7282933804348101,50,0.06132052821128451
Thoc7,-0.06405916110276444,0.6585150579266442,50,-0.10713085234093636
Thop1,0.24620038903588704,0.08479681013547193,50,0.3712454081600239
Thra,-0.13311243971279085,0.3567631945728292,50,-0.08038608372265942
Thrap3,-0.1956782713085234,0.17324050891322648,50,-0.11049219687875149
Thsd1,0.2712605042016807,0.056717141979143786,50,0.24849939975990393
Thsd4,0.10713085234093636,0.45899394197797694,50,0.16206482593037216
Thsd7a,0.3523169267707082,0.012097896688856233,50,0.3953421368547419
Thtpa,0.0035054021608643456,0.9807249358896529,50,-0.058439375750300115
Thumpd2,0.1568787515006002,0.2765965253464572,50,0.10588235294117646
Thumpd3,0.20792816160042726,0.1473440276361997,50,0.1266266506602641
Tia1,-0.04096038415366146,0.7776164897616292,50,0.15092436974789916
Tial1,0.10626650660264104,0.4626466548557733,50,0.18031212484993997
Tie1,0.16533013205282113,0.25121263161471996,50,0.10261704681872749
Tifa,0.3076590636254502,0.02974468461162774,50,0.2539735894357743
Tigar,0.11260504201680673,0.43622728373592484,50,0.1296998799519808
Timm10,-0.11865546218487394,0.4118144807009118,50,0.012533013205282113
Timm10b,0.08340936374549819,0.5646958176738254,50,0.014645858343337334
Timm13,0.03827130852340937,0.7918793770772163,50,0.08100840336134453
Timm17b,-0.15236494597839134,0.2908241130624517,50,-0.22516206482593037
Timm21,0.0013925570228091237,0.9923421752307796,50,0.03308523409363745
Timm22,-0.2331332533013205,0.10324007630273536,50,-0.1400720288115246
Timm29,0.26482593037214885,0.06308739069885357,50,0.28720288115246095
Timm44,0.0453781512605042,0.7543433771682858,50,0.04096038415366146
Timm50,0.07399759903961585,0.6095549479701945,50,0.08129651860744297
Timm8a1,-0.12489795918367347,0.3874696024077539,50,-0.026938775510204082
Timm8b,-0.14804321728691477,0.30488511216865344,50,0.06756302521008403
Timm9,-0.2781752701080432,0.05046005772026192,50,-0.32619447779111643
Timp1,0.12460984393757503,0.388574143872945,50,0.146890756302521
Timp2,0.3675870348139256,0.008636050083755736,50,0.329171668667467
Timp3,0.44969987995198074,0.0010514912647768832,50,0.42482593037214883
Tinagl1,0.3628811524609844,0.009597527854965166,50,0.4210804321728691
Tiprl,0.30698679471788715,0.030122133614299818,50,0.40225690276110443
Tjap1,-0.038367346938775505,0.7913687946434047,50,-0.11596638655462185
Tjp1,0.2657863145258103,0.06210180929795336,50,0.27702280912364946
Tjp2,0.18511404561824726,0.19809320118763882,50,0.1938535414165666
Tjp3,0.36211284513805525,0.00976297001405834,50,0.317358943577431
Tk2,0.19932773109243698,0.16520344960614303,50,0.20393757503001197
Tkfc,-0.11202881152460985,0.4385936619436067,50,-0.0846578631452581
Tkt,0.41186074429771913,0.002960958404302209,50,0.43202881152460976
Tlcd3a,-0.10708797553646097,0.45917476903845955,50,-0.2284383406398856
Tle1,-0.006338687605370994,0.9651530736661295,50,0.02175270108043217
Tle3,0.4955102040816326,0.0002534140175632017,50,0.4830252100840336
Tle4,0.038463385354141656,0.7908582988725211,50,0.3804561824729892
Tle5,-0.11951980792316927,0.4083922236223843,50,-0.0974309723889556
Tlk1,-0.009747899159663865,0.9464334567508218,50,0.05661464585834333
Tlk2,0.04528211284513805,0.754847106935656,50,0.020504201680672268
Tln1,0.17848739495798316,0.21491563817128004,50,0.16273709483793514
Tln2,0.24288698415126125,0.08920884978395101,50,0.0934476218185754
Tlnrd1,0.14487394957983193,0.31546950168112314,50,0.16859543817527012
Tlr3,0.007250900360144057,0.9601419726471438,50,-0.1971188475390156
Tlr4,0.17435774309723887,0.22588995351101332,50,0.23543817527010802
Tlr9,0.4262665066026411,0.0020242877008837482,50,0.1899159663865546
Tm2d2,-0.13037214885954382,0.3668373016971429,50,-0.04989195678271309
Tm6sf1,0.09214885954381752,0.5244723206491533,50,0.07063625450180072
Tm9sf1,-0.1287394957983193,0.37292020022027506,50,-0.0534453781512605
Tm9sf2,0.07975990396158462,0.5819070336441934,50,-0.03759903961584634
Tm9sf3,0.1497719087635054,0.29920916650742924,50,0.14650660264105642
Tm9sf4,-0.09051620648259305,0.531877221666068,50,-0.14554621848739496
Tma16,0.2226650660264106,0.1201270082880347,50,0.15025210084033613
Tma7,-0.06650660264105641,0.6463154609741191,50,-0.10569027611044417
Tmbim6,-0.1497719087635054,0.29920916650742924,50,-0.1962545018007203
Tmc4,0.09368547418967586,0.5175500410838324,50,0.12585834333733492
Tmcc2,0.1733973589435774,0.2284966487553357,50,0.23399759903961587
Tmcc3,0.2318847539015606,0.10515233778100337,50,0.1975030012004802
Tmco1,-0.2159423769507803,0.13202715844231022,50,-0.038463385354141656
Tmco4,0.28950780312124846,0.04142501125509681,50,0.10953181272509004
Tmco6,-0.19683073229291717,0.17067250790848454,50,-0.20509003601440576
Tmed1,0.11913565426170468,0.40991119738674603,50,0.06919567827130851
Tmed10,-0.30948379351740696,0.02873998098005706,50,-0.33858343337334934
Tmed2,0.17704681872749098,0.21870079667364328,50,0.15409363745498197
Tmed3,0.029819927971188476,0.837125912035467,50,0.07342136854741896
Tmed4,-0.1493877551020408,0.3004645478631454,50,-0.19740696278511405
Tmed5,0.0956062424969988,0.5089620611971777,50,0.0809123649459784
Tmed7,0.06593037214885954,0.6491796319767822,50,0.07169267707082833
Tmed8,0.08811524609843938,0.5428591297156519,50,0.007923169267707083
Tmed9,-0.23447779111644657,0.10121077702889567,50,-0.31188475390156056
Tmem100,0.2659783913565426,0.06190618122696734,50,0.3642256902761104
Tmem102,0.13911164465786313,0.33530491813230173,50,0.06660264105642257
Tmem106b,0.11759903961584633,0.41601952687275934,50,0.09368547418967586
Tmem107,0.16292917166866747,0.2582581213731985,50,0.1249939975990396
Tmem109,0.10300120048019207,0.476586425301399,50,0.11990396158463384
Tmem11,0.20048500570018105,0.16271250403588736,50,0.12720288115246098
Tmem115,0.015414165666266506,0.9153887061173894,50,-0.010228091236494596
Tmem119,0.24705882352941175,0.08368209233442486,50,0.1352701080432173
Tmem120a,0.21248499399759901,0.13848144817973826,50,0.24667466986794717
Tmem126a,-0.2708763505402161,0.057082303605294725,50,-0.1971188475390156
Tmem128,-0.19663865546218487,0.1710985793248603,50,-0.14247298919567825
Tmem132a,-0.04336134453781513,0.7649426494889897,50,0.03865546218487395
Tmem134,0.049411764705882356,0.7332804803454832,50,0.1636014405762305
Tmem135,0.10588235294117646,0.46427510774287944,50,0.18184873949579833
Tmem150c,0.07956782713085234,0.5828194220937315,50,0.22352941176470587
Tmem163,-0.09848739495798318,0.4962170518882712,50,-0.07668667466986795
Tmem165,0.23466986794717884,0.10092340630840087,50,0.3274429771908764
Tmem167a,-0.19279711884753903,0.17978262034605794,50,-0.33166866746698676
Tmem167b,0.08004801920768306,0.5805396641943295,50,0.07265306122448979
Tmem168,0.0712124849939976,0.6231175145698026,50,0.1413205282112845
Tmem175,0.003985594237695078,0.9780851204760453,50,-0.12557022809123647
Tmem176b,-0.08062424969987995,0.5778093067048342,50,-0.02280912364945978
Tmem179b,-0.020888355342136854,0.8855140703887638,50,0.07697478991596637
Tmem181,0.11298919567827131,0.4346536656246409,50,0.139015606242497
Tmem184b,0.38458583433373345,0.005822997523328523,50,0.410516206482593
Tmem201,0.22641056422569028,0.11385971662902702,50,0.1582232893157263
Tmem209,0.23918941638146152,0.094341625507809,50,0.10319327731092437
Tmem214,-0.15630252100840333,0.27838676526196915,50,-0.06410564225690277
Tmem222,-0.04057623049219687,0.7796497270001826,50,-0.07111644657863145
Tmem223,-0.0041776710684273705,0.9770292578143899,50,0.03827130852340937
Tmem230,-0.11990396158463384,0.4068765010018678,50,-0.19327731092436973
Tmem237,-0.031260504201680674,0.8293721484376042,50,-0.048643457382953184
Tmem245,0.07582232893157262,0.6007386654540318,50,0.04067226890756302
Tmem254,0.006386554621848738,0.964890088733286,50,-0.04451380552220888
Tmem259,-0.09358943577430971,0.5179813380142873,50,-0.1328691476590636
Tmem26,0.12614645858343337,0.3827047169409153,50,0.10981992797118847
Tmem263,0.17743097238895558,0.21768691775872978,50,0.05027611044417767
Tmem30a,-0.01013205282112845,0.944325718014386,50,-0.021464585834333732
Tmem33,-0.11327731092436974,0.43347553824281454,50,-0.11289315726290516
Tmem38b,0.16388955582232892,0.2554241739435841,50,0.01637454981992797
Tmem41b,-0.1594717887154862,0.2686346453491613,50,-0.08331332533013207
Tmem43,-0.2708763505402161,0.057082303605294725,50,-0.02280912364945978
Tmem47,0.24369747899159666,0.08811342474320644,50,0.3028571428571428
Tmem59,0.0757262905162065,0.601201286715933,50,0.11164465786314526
Tmem62,0.1063625450180072,0.4622400242246198,50,0.13085234093637454
Tmem63a,0.04605042016806723,0.7508201127549528,50,0.062953181272509
Tmem63b,0.1824249699879952,0.20480353968454698,50,0.2604081632653061
Tmem65,-0.05767106842737095,0.690767963327466,50,-0.016182472989195677
Tmem67,0.06487394957983193,0.6544436547826313,50,0.1061704681872749
Tmem70,-0.18645858343337332,0.19479707421420067,50,-0.17723889555822328
Tmem87a,0.01474189675870348,0.9190663559060632,50,0.11202881152460985
Tmem87b,0.20384153661464588,0.15564314316445846,50,-0.010036014405762305
Tmem9,-0.027130852340936373,0.8516401233148821,50,0.00849939975990396
Tmem9b,0.18348139255702278,0.20214850276333848,50,0.22295318127250902
Tmf1,0.29642256902761105,0.036596111905832486,50,-0.04028811524609843
Tmlhe,0.17493397358943577,0.22433583965437123,50,0.18818727490996395
Tmod1,0.4569027611044417,0.0008516183289560863,50,0.39207683073229294
Tmod2,0.16475390156062425,0.2528915826071131,50,0.14228091236494594
Tmod3,-0.17445378151260504,0.22563041913284682,50,-0.10943577430972388
Tmpo,0.006386554621848738,0.964890088733286,50,0.09637454981992796
Tmprss2,0.2355342136854742,0.09963802115508529,50,0.33387755102040817
Tmsb10,0.2288115246098439,0.10997536656785271,50,0.11683073229291716
Tmsb4x,0.23793517406962783,0.09613381532054893,50,0.3486674669867947
Tmtc3,0.0739015606242497,0.6100205018611946,50,0.13296518607442975
Tmub1,-0.13277310924369748,0.3580014312154613,50,-0.09723889555822329
Tmx1,-0.07716686674669868,0.5942783968149362,50,-0.057382953181272504
Tmx2,-0.026074429771908762,0.8573557532345867,50,-0.03212484993997599
Tmx3,-0.006002400960384154,0.9670007593072917,50,0.14986794717887153
Tmx4,0.1495798319327731,0.2998364329090326,50,0.2138295318127251
Tnc,0.7179351740696277,4.402320850490396e-09,50,0.6514765906362544
Tnfaip2,0.4025450180072028,0.003753880224197119,50,0.2824009603841537
Tnfaip3,0.1402641056422569,0.33127691005735305,50,0.13315726290516205
Tnfaip8,0.12547418967587035,0.38526608807851537,50,0.18069627851140455
Tnfaip8l1,0.11990396158463384,0.4068765010018678,50,0.029723889555822326
Tnfaip8l2,0.42857142857142855,0.0019018439578946868,50,0.4133973589435774
Tnfaip8l3,-0.11356542617046818,0.43229920121020293,50,-0.1291236494597839
Tnfrsf1a,0.055654261704681865,0.7010679848872847,50,0.0168547418967587
Tnfrsf1b,0.41042016806722686,0.0030729632392365726,50,0.4643937575030011
Tnfsf10,0.40581032412965184,0.003456921164002474,50,0.38602641056422565
Tnfsf12,0.11471788715486195,0.4276117951507361,50,0.011668667466986795
Tnik,0.01714285714285714,0.9059401238286354,50,0.0546938775510204
Tnip1,-0.03279711884753902,0.8211191874364518,50,0.004465786314525811
Tnip2,-0.16869147659063624,0.24156896690038057,50,-0.12633853541416568
Tnk2,-0.15956782713085235,0.26834271856772207,50,0.018967587034813924
Tnks,0.05114045618247299,0.724311693356823,50,0.06112845138055222
Tnks1bp1,0.09858343337334932,0.4957950768954383,50,0.1427611044417767
Tnnc1,0.07707082833133252,0.5947388231105694,50,0.12595438175270107
Tnni3,-0.01915966386554622,0.8949331404691206,50,0.06938775510204082
Tnnt2,0.07159663865546219,0.6212393025069451,50,0.12057623049219686
Tnpo1,0.10165666266506602,0.48239039438149667,50,0.11769507803121249
Tnpo2,0.2010564225690276,0.1614927390874424,50,0.13939975990396156
Tnpo3,0.052292917166866744,0.7183527092577802,50,-0.0030252100840336134
Tnrc6a,-0.07553421368547418,0.6021269961462214,50,-0.09416566626650659
Tnrc6b,0.08782713085234094,0.5441842704398321,50,0.2467707082833133
Tnrc6c,0.13546218487394956,0.3482606980309426,50,0.00849939975990396
Tns1,-0.0914765906362545,0.5275151924652707,50,0.01915966386554622
Tns2,0.4351980792316926,0.001585670845488473,50,0.410516206482593
Tns3,0.008931787080295493,0.9509124123947609,50,0.13541741702383486
Toe1,0.08888568755713415,0.5393232716158707,50,0.1371908763505402
Tollip,0.08417767106842736,0.5611028654808996,50,0.13392557022809123
Tom1,0.21373349339735895,0.13612412624820766,50,0.2318847539015606
Tom1l1,0.16052821128451378,0.2654350574590323,50,0.15294117647058825
Tom1l2,0.09882590221101141,0.49473053955519786,50,0.1385387404658736
Tomm20,0.07409541647793517,0.6090809274061888,50,0.061706163431073685
Tomm22,0.37133253301320523,0.007931492120532142,50,0.2687635054021609
Tomm34,-0.04076830732292917,0.7786329249781234,50,-0.0846578631452581
Tomm40,-0.26905162064825927,0.058842761787715185,50,-0.2428331332533013
Tomm5,0.053061224489795916,0.7143892233249539,50,0.12489795918367347
Tomm70,-0.30132052821128447,0.03346460024550083,50,-0.0981032412965186
Top1,0.03145333622362122,0.8283354518679421,50,0.07880141182131666
Top2a,0.6157503001200479,1.9413779555886404e-06,50,0.6224729891956783
Top2b,0.2279471788715486,0.11136187760668476,50,0.10713085234093636
Top3b,-0.11471788715486195,0.4276117951507361,50,0.04326530612244897
Topors,-0.07457382953181273,0.6067648429716034,50,-0.06112845138055222
Tor1a,-0.10348139255702281,0.47452259340535535,50,-0.1309483793517407
Tor1aip1,-0.0012965186074429772,0.992870286960601,50,-0.043073229291716676
Tor1aip2,0.042593037214885957,0.7689918259288934,50,0.03346938775510204
Tor1b,0.033277310924369745,0.8185440202827372,50,0.033277310924369745
Tor3a,0.21498199279711883,0.13379693103924745,50,0.28585834333733495
Tor4a,0.1634093637454982,0.25683852020425263,50,0.07735894357743096
Tox2,0.06516362939763969,0.6529985458092551,50,0.09656894526061416
Tox4,-0.1345018007202881,0.3517206373748113,50,-0.28566626650660265
Tp53bp1,-0.18876350540216086,0.18923755321110564,50,0.13037214885954382
Tp53bp2,0.2037454981992797,0.1558422248019367,50,0.16350540216086432
Tp53i11,0.283937575030012,0.045684447344095616,50,0.27932773109243697
Tp53i3,0.08744507673773166,0.5459438663586588,50,0.11346938775510206
Tpbg,0.2731812725090036,0.05491946883029323,50,0.1332533013205282
Tpcn1,0.07985594237695079,0.5814510819245352,50,0.06621848739495799
Tpd52,0.2971908763505402,0.0360894890543433,50,0.12729891956782713
Tpd52l2,0.06372148859543818,0.660205254292198,50,0.11212484993997598
Tpi1,0.3200480192076831,0.023463525030267905,50,0.37776710684273707
Tpk1,0.1309483793517407,0.3647047810053859,50,0.11202881152460985
Tpm1,-0.06180072028811524,0.6698512773118432,50,-0.057190876350540217
Tpm2,-0.11116446578631452,0.44215658726836515,50,-0.12960384153661464
Tpm3,0.13757503001200477,0.34072288754853114,50,0.17205282112845138
Tpm4,0.037310924369747894,0.79698992318548,50,-0.060072028811524604
Tpmt,0.018103241296518604,0.9006963927911024,50,0.04153661464585834
Tpp1,0.352797118847539,0.011973178866233744,50,0.4225210084033613
Tpp2,-0.2231452581032413,0.11930920171251218,50,-0.23812725090036013
Tppp,0.1036734693877551,0.47369839364716887,50,0.24100840336134452
Tppp3,-0.0453781512605042,0.7543433771682858,50,0.15178871548619446
Tpr,0.062184873949579826,0.6679177874859943,50,0.22679471788715486
Tprg1l,0.04163265306122449,0.7740618781921108,50,0.03241296518607443
Tprkb,0.06794717887154862,0.6391772789334497,50,-0.07966386554621849
Tprn,0.012436974789915966,0.9316877087702358,50,0.08321728691476589
Tpsab1,0.13939975990396156,0.33429506428141725,50,0.26482593037214885
Tpst2,0.2737575030012005,0.054389229756980594,50,0.2322689075630252
Tpt1,0.25118847539015604,0.07847925830358587,50,0.023001200480192076
Tra2a,0.11827130852340936,0.41334075552301486,50,0.039711884753901555
Tra2b,0.09829531812725088,0.49706155808489233,50,0.0426890756302521
Trabd,-0.053733493397358945,0.7109272785152493,50,-0.01013205282112845
Tradd,0.05171668667466986,0.7213301536391761,50,0.024345738295318126
Traf1,0.375078031212485,0.007277323427875632,50,0.3254261704681872
Traf2,0.15082833133253298,0.29577436862597856,50,0.14593037214885954
Traf3,-0.14809479223457683,0.3047147774609424,50,-0.08340936374549819
Traf3ip1,0.09397358943577432,0.5162572310332108,50,0.12096038415366145
Traf3ip2,-0.0398079231692677,0.7837205710688705,50,-0.15649459783913564
Traf3ip3,0.2560864345738295,0.0726426764293545,50,0.20806722689075627
Traf4,0.10194477791116446,0.48114356379579976,50,0.06756302521008403
Traf5,0.21430972388955583,0.13504630439439766,50,0.1065546218487395
Traf6,-0.05008403361344538,0.7297883520350384,50,0.04499399759903961
Traf7,0.22468187274909962,0.1167205958241254,50,0.2192076830732293
Trafd1,0.15390156062424967,0.28592813762721164,50,0.13891956782713086
Trak1,0.39428571428571424,0.004607357927765776,50,0.3669147659063625
Trak2,0.17344954265606083,0.22835447996851022,50,0.20975293530500377
Tram1,0.16312124849939974,0.25768965011287726,50,0.07198079231692676
Trap1,-0.009171668667466985,0.949595741280882,50,-0.020216086434573826
Trappc1,-0.05824729891956783,0.6878351565517051,50,-0.0728451380552221
Trappc10,0.31198079231692677,0.02741110970511577,50,0.2838415366146458
Trappc11,0.21411764705882352,0.13540486646628255,50,0.19394957983193276
Trappc12,0.008211284513805522,0.9548679004768095,50,-0.013637782423676985
Trappc13,0.16312124849939974,0.25768965011287726,50,0.2948859543817527
Trappc14,-0.17176470588235296,0.23297548677972918,50,-0.14237695078031212
Trappc2,-0.14122448979591837,0.3279434859681821,50,-0.10895558223289314
Trappc2b,-0.1574549819927971,0.2748139014076708,50,-0.1262424969987995
Trappc2l,0.20557022809123648,0.15209156636265833,50,0.22093637454981993
Trappc3,0.07870348139255702,0.5869331449844367,50,-0.03174069627851141
Trappc4,-0.1388235294117647,0.33631667236623025,50,-0.05911164465786314
Trappc5,-0.05238895558223289,0.7178568695076138,50,0.0005282112845138055
Trappc6a,0.07678271308523409,0.5961210477982914,50,0.0954141656662665
Trappc6b,-0.03260504201680672,0.8221497788717119,50,-0.0875390156062425
Trappc8,-0.09282112845138055,0.5214381816304657,50,-0.08388955582232892
Trappc9,-0.1032893157262905,0.4753475552493741,50,-0.07169267707082833
Trarg1,0.08734693877551021,0.5463962930194103,50,0.010036014405762305
Trdmt1,0.055366146458583426,0.7025438216408654,50,0.08686674669867947
Trem2,0.3047779111644658,0.03139049140509917,50,0.26626650660264106
Treml1,0.3099639855942377,0.028480339372860528,50,0.29373349339735894
Trerf1,-0.16504201680672267,0.25205116328891125,50,-0.04460984393757503
Trex1,0.3028571428571428,0.032529175710460545,50,0.24888355342136853
Triap1,0.14477791116446578,0.3157938453706833,50,0.12979591836734694
Tril,0.19116446578631452,0.18356779599920445,50,0.21843937575030012
Trim10,0.13536614645858341,0.3486057461205252,50,0.196734693877551
Trim13,0.017911164465786316,0.901744810543093,50,0.06535414165666266
Trim16,-0.17166866746698678,0.23324081228599539,50,-0.12336134453781511
Trim2,0.1861269178668028,0.19560650692557538,50,0.28614645858343335
Trim21,0.12341232686214738,0.39318489772791393,50,0.008019207683073229
Trim25,0.04220888355342137,0.7710187121217909,50,0.09042016806722687
Trim26,0.1373829531812725,0.34140393033004296,50,0.12729891956782713
Trim27,-0.09301320528211285,0.5205728942864307,50,-0.13997599039615843
Trim28,-0.06141656662665066,0.6717868879292382,50,0.03759903961584634
Trim3,0.13536614645858341,0.3486057461205252,50,0.25301320528211285
Trim32,-0.053733493397358945,0.7109272785152493,50,0.0033133253301320525
Trim33,-0.03270108043217287,0.8216344458929444,50,-0.17061224489795918
Trim34,-0.09013205282112843,0.533626974294006,50,0.0902280912364946
Trim35,-0.0006242496998799519,0.9965671412191432,50,-0.04220888355342137
Trim41,0.02069627851140456,0.8865598846501891,50,-0.007346938775510203
Trim47,0.3049699879951981,0.03127846694067726,50,0.3025690276110444
Trim5,0.4256902761104442,0.0020559720916164615,50,0.32110444177671066
Trim54,-0.15716686674669866,0.2757042615743796,50,-0.13872749099639856
Trim65,0.16350540216086432,0.25655523066197966,50,0.0844657863145258
Trim72,0.11001200480192078,0.4469320031335666,50,0.10405762304921969
Trim8,0.009651860744297719,0.9469604487315959,50,0.03010804321728691
Trio,-0.12691476590636253,0.3797898447442348,50,-0.06871548619447777
Triobp,0.04230492196878751,0.7705118480395501,50,0.03692677070828331
Trip10,-0.16235294117647062,0.25996858368021925,50,-0.054981992797118844
Trip11,-0.10981992797118847,0.4477306584374778,50,-0.015990396158463382
Trip12,-0.03548619447779112,0.8067230507465127,50,-0.3007442977190876
Trip13,0.08081632653061224,0.5769004898096026,50,0.13152460984393755
Trip4,-0.029627851140456178,0.8381609225627791,50,-0.06621848739495799
Trip6,-0.2672268907563025,0.06064660530958629,50,-0.25551020408163266
Trir,-0.1725330132052821,0.2308603448376399,50,-0.1388235294117647
Trit1,0.1499639855942377,0.298582748649281,50,0.07687875150060022
Trmt1,0.1076110444177671,0.45697143942352847,50,0.03452581032412965
Trmt10a,0.127875150060024,0.37616490151731374,50,0.11932773109243697
Trmt10c,0.04009603841536614,0.7821933263092732,50,0.034333733493397356
Trmt11,-0.24778506093722974,0.08274803874616794,50,-0.2902350597489567
Trmt112,0.2003841536614646,0.1629284828227884,50,0.104921968787515
Trmt13,0.33733493397358943,0.016589879908282267,50,0.3734453781512605
Trmt1l,0.08014405762304923,0.5800841984627959,50,0.127875150060024
Trmt2a,0.013685474189675868,0.9248488795718957,50,0.0059063625450180065
Trmt44,0.14036014405762304,0.33094261620940163,50,0.1904921968787515
Trmt5,0.11481392557022808,0.4272224762389707,50,0.07553421368547418
Trmt6,0.32878751500600234,0.019737413360211908,50,0.28134453781512603
Trmt61a,0.13997599039615843,0.33228105975625033,50,0.15111644657863144
Trmu,0.09474417155603765,0.5128075161288761,50,0.1766626650660264
Trnau1ap,-0.11980792316926771,0.40725512665571495,50,-0.12720288115246098
Trnt1,0.3283073229291717,0.019928284465336205,50,0.33397358943577427
Trpc4ap,0.11951980792316927,0.4083922236223843,50,0.044897959183673466
Trpc6,0.1499639855942377,0.298582748649281,50,0.10040816326530612
Trpm4,0.081968787515006,0.5714613394113613,50,0.09080432172869149
Trpm6,0.09848739495798318,0.4962170518882712,50,0.10396158463385353
Trpm7,-0.10146458583433372,0.48322255856282165,50,-0.13872749099639856
Trps1,0.16840336134453782,0.242385536409115,50,0.11106842737094838
Trpv2,0.4197358943577431,0.002410092890049076,50,0.3262905162064826
Trrap,0.04922205153581726,0.7342669244626604,50,0.015943142546235446
Trub1,0.3758463385354141,0.0071490881553408075,50,0.42472989195678273
Trub2,-0.02415366146458583,0.8677661870492,50,-0.1771428571428571
Tsc1,-0.006002400960384154,0.9670007593072917,50,-0.014357743097238897
Tsc2,0.19519807923169266,0.174318721786419,50,0.15159663865546216
Tsc22d1,0.1006002400960384,0.48697661853049373,50,0.13747899159663865
Tsc22d2,0.009843937575030014,0.9459064874660708,50,-0.009459783913565426
Tsc22d3,0.34050420168067225,0.015536695310073985,50,0.2736614645858343
Tsc22d4,0.005426170468187274,0.9701671805023571,50,0.011956782713085232
Tsen34,-0.07697478991596637,0.5951994071363427,50,0.013877551020408161
Tsfm,0.02857142857142857,0.8438582830868868,50,-0.07639855942376951
Tsg101,-0.07466986794717888,0.6063003632626257,50,-0.11971188475390157
Tsga10,-0.09186074429771908,0.525775341566126,50,-0.09608643457382952
Tsn,0.022232893157262904,0.8781988742686199,50,0.13747899159663865
Tsnax,-0.1562064825930372,0.27868587923533067,50,-0.11894357743097239
Tspan1,-0.07150060024009604,0.6217086321267078,50,-0.009651860744297719
Tspan13,0.06410564225690277,0.6582825317229156,50,0.08014405762304923
Tspan14,0.4776470588235293,0.0004519619536217156,50,0.41061224489795917
Tspan15,0.2677070828331332,0.060167663098360476,50,0.1894357743097239
Tspan2,0.046626650660264106,0.7478041683875994,50,-0.04777911164465786
Tspan31,0.15860744297719087,0.2712714884666112,50,0.06823529411764705
Tspan6,0.2122499940586348,0.13892854207317595,50,0.13728691476590635
Tspan7,0.4289555822328931,0.0018820897338943474,50,0.3693157262905162
Tspan8,0.3130372148859543,0.026864553940853356,50,0.30669867947178864
Tspan9,0.10991596638655461,0.44733123264647084,50,-0.021176470588235297
Tspo,0.11702280912364946,0.4183234943590506,50,0.1568787515006002
Tsr1,0.4969146919725685,0.00024181604624547458,50,0.466085620437355
Tsr2,0.3158223289315726,0.025467143301924924,50,0.24043217286914764
Tssc4,-0.037022809123649456,0.7985247425794066,50,-0.10271308523409363
Tst,0.029435774309723887,0.8391962043065057,50,0.07351740696278511
Tstd1,0.08062424969987995,0.5778093067048342,50,0.139015606242497
Tstd3,-0.14785114045618247,0.3055200155233698,50,-0.11932773109243697
Ttc1,-0.1224969987995198,0.39673069234463537,50,-0.12979591836734694
Ttc12,0.031260504201680674,0.8293721484376042,50,0.013493397358943579
Ttc13,-0.18837935174069628,0.19015618682948612,50,-0.20979591836734693
Ttc14,0.04057623049219687,0.7796497270001826,50,0.03759903961584634
Ttc17,0.4115726290516207,0.002983066411147076,50,0.36921968787515
Ttc21a,-0.06852340936374549,0.6363309963298318,50,-0.05546218487394958
Ttc21b,0.026074429771908762,0.8573557532345867,50,0.06929171668667466
Ttc26,-0.0887875150060024,0.5397732021211107,50,-0.058439375750300115
Ttc27,0.11073495165140539,0.4439330374303265,50,0.2424548009054405
Ttc28,0.09243697478991596,0.5231709037211599,50,0.1950060024009604
Ttc29,0.10242496998799519,0.47906929437855533,50,0.04249699879951981
Ttc30b,-0.07188475390156063,0.6198322093991521,50,-0.08350540216086433
Ttc33,-0.07678271308523409,0.5961210477982914,50,-0.04076830732292917
Ttc34,-0.05421368547418968,0.708457986394982,50,0.062184873949579826
Ttc37,-0.007827130852340937,0.9569773122816055,50,-0.12009603841536615
Ttc38,-0.08043217286914765,0.5787187754727622,50,0.011284513805522207
Ttc39a,-0.08705882352941177,0.5477255738990336,50,-0.07620648259303721
Ttc39b,0.16917573055850008,0.2402007336055575,50,0.1573627218393996
Ttc39c,0.29680672268907565,0.036342072013086896,50,0.2912364945978392
Ttc4,0.03414165666266506,0.8139135104843961,50,0.0974309723889556
Ttc5,-0.07937575030012005,0.5837324562896088,50,-0.06554621848739495
Ttc7a,0.07274909963985594,0.6156190279117519,50,0.1051140456182473
Ttc7b,0.11740696278511403,0.41678670881830054,50,0.19231692677070825
Ttc8,0.18232893157262903,0.20504611842965187,50,0.1493877551020408
Ttc9,0.01964032750452073,0.8923126662367218,50,0.011380825473279739
Ttc9c,-0.1512124849939976,0.2945317147227276,50,-0.30036014405762307
Ttf1,0.07932963578843091,0.5839517568983554,50,0.08984609477006915
Ttf2,0.21939975990396157,0.1258012245669263,50,0.22295318127250902
Ttl,0.13478991596638654,0.3506804491743964,50,0.2010564225690276
Ttll12,0.06237695078031212,0.6669518412899765,50,-0.08427370948379351
Ttpal,0.17474189675870347,0.22485305313737894,50,0.09570228091236495
Ttyh3,0.3009363745498199,0.033701905640262646,50,0.2467707082833133
Tuba1b,-0.15659063625450179,0.2774906931161745,50,-0.1696518607442977
Tuba1c,0.18415366146458584,0.2004716349922025,50,0.16427370948379352
Tuba4a,-0.00475390156062425,0.9738619108344221,50,-0.03788715486194477
Tuba8,0.0710204081632653,0.6240575126328836,50,0.012340936374549819
Tubb1,0.2799039615846338,0.04898666726176534,50,0.24062424969987994
Tubb2a,0.29459783913565424,0.03782288647432172,50,0.26031212484994
Tubb2b,0.18319327731092436,0.20287018223037157,50,0.1086674669867947
Tubb3,0.16533013205282113,0.25121263161471996,50,0.18789915966386553
Tubb4a,0.20797118847539015,0.1472584272135925,50,0.19136113717729858
Tubb4b,0.11529688591284663,0.42526769378812074,50,0.08658071024609017
Tubb5,-0.36134453781512604,0.009930867034735471,50,-0.36240096038415365
Tubb6,0.1433373349339736,0.3206844308645942,50,0.3123649459783914
Tubg1,0.06093783766072569,0.6742019807301034,50,0.0751500600240096
Tubgcp2,-0.07755288244450116,0.5924293586990692,50,-0.016326922619894983
Tubgcp3,0.03673469387755102,0.8000603162887563,50,0.14285714285714285
Tubgcp4,0.16465786314525807,0.2531721419877248,50,0.14909963985594235
Tubgcp5,0.08436974789915966,0.5602063043756321,50,0.19337334933973588
Tubgcp6,0.26501800720288116,0.06288927948276712,50,0.10136854741896759
Tufm,0.052292917166866744,0.7183527092577802,50,0.027418967587034812
Tuft1,-0.11913565426170468,0.40991119738674603,50,-0.0848499399759904
Tulp3,0.012340936374549819,0.9322139811947295,50,-0.18184873949579833
Tusc3,-0.008115246098439374,0.9553952252908573,50,0.0015846338535414166
Tut1,-0.0670828331332533,0.6434563570547525,50,0.03683073229291716
Tut4,0.18895558223289313,0.18877942614349424,50,0.08657863145258103
Tut7,0.03894357743097239,0.7883071270565795,50,0.11923169267707083
Tvp23b,0.04768307322929172,0.7422846631765018,50,0.13018007202881152
Twf1,0.11222088835534214,0.4378040765238864,50,-0.03183673469387755
Twf2,0.19126050420168067,0.18334356873794166,50,0.18665066026410562
Twsg1,0.07332533013205282,0.6128170298538621,50,0.04019207683073229
Txlna,0.11116446578631452,0.44215658726836515,50,0.04845138055222088
Txlng,0.11740696278511403,0.41678670881830054,50,-0.029723889555822326
Txn1,0.18540216086434572,0.19738358456431077,50,0.13363745498199278
Txn2,-0.05114045618247299,0.724311693356823,50,-0.1975030012004802
Txndc12,0.18770708283313325,0.19177144030035298,50,0.13536614645858341
Txndc15,-0.07140456182472989,0.622178110780469,50,-0.08657863145258103
Txndc16,0.24878751500600238,0.08147219196218929,50,0.27788715486194476
Txndc17,0.09771908763505403,0.499599518922039,50,0.16120048019207683
Txndc5,0.5432412965186074,4.572776974835436e-05,50,0.3635534213685474
Txndc9,-0.11865546218487394,0.4118144807009118,50,-0.006482593037214886
Txnip,0.7333013205282112,1.3933852512172635e-09,50,0.6031692677070828
Txnl1,0.08129651860744297,0.5746313067554828,50,0.1320048019207683
Txnl4a,-0.05987995198079231,0.6795503181579453,50,-0.12672268907563025
Txnl4b,0.11903961584633853,0.4102914483734615,50,0.17512605042016804
Txnrd1,0.3254261704681872,0.021106569323306627,50,0.1006002400960384
Txnrd2,-0.19270108043217285,0.18000371055003092,50,-0.19346938775510203
Txnrd3,0.12048019207683074,0.4046090211786621,50,0.06861944777911164
Tyk2,0.14900360144057623,0.30172332345075,50,0.009171668667466985
Tymp,-0.09858343337334932,0.4957950768954383,50,-0.06516206482593037
Tyms,-0.1563985594237695,0.278087862926572,50,-0.1373829531812725
Tysnd1,0.013589435774309724,0.9253747587611171,50,0.15303721488595437
Tyw1,0.09099639855942376,0.5296939968421751,50,0.09454981992797118
Tyw3,-0.029627851140456178,0.8381609225627791,50,0.005138055222088836
Tyw5,-0.08705882352941177,0.5477255738990336,50,-0.1655222088835534
U2af1,-0.07726290516206481,0.5938181283942283,50,-0.06477791116446578
U2af2,0.07990588011619192,0.581214061602512,50,0.16091236494597838
U2surp,-0.21939975990396157,0.1258012245669263,50,-0.21373349339735895
Uaca,0.04432279287695021,0.7598843332763026,50,0.03735984058317146
Uap1,0.11759903961584633,0.41601952687275934,50,0.02424969987995198
Uap1l1,0.06381905929953068,0.659716697918619,50,-0.00033614252452724965
Uba1,-0.21171668667466984,0.13994716603568735,50,-0.21229291716686674
Uba2,-0.006482593037214886,0.9643624577499652,50,-0.0035054021608643456
Uba3,0.1173109243697479,0.4171706025928586,50,0.029531812725090034
Uba5,0.11875150060024009,0.4114334184828892,50,0.131140456182473
Uba52,0.08936374549819928,0.5371349077517865,50,-0.15092436974789916
Uba6,0.34828331332533013,0.013190251857888819,50,0.23860744297719086
Uba7,-0.26837935174069627,0.05950225010467339,50,-0.24024009603841537
Ubac1,0.11394957983193275,0.43073354017375876,50,0.02588235294117647
Ubac2,-0.02175270108043217,0.8808103207234205,50,-0.023865546218487393
Ubald1,0.11759903961584633,0.41601952687275934,50,0.2266986794717887
Ubald2,0.00552220888355342,0.9696394107021206,50,0.08360144057623049
Ubap1,-0.08120048019207683,0.5750848160521908,50,0.008883553421368545
Ubap2,0.08014405762304923,0.5800841984627959,50,0.17915966386554621
Ubap2l,-0.1775270108043217,0.2174339601700364,50,-0.08734693877551021
Ubash3a,0.27846338535414167,0.05021202600369,50,0.17512605042016804
Ubash3b,-0.019543817527010805,0.8928387273266257,50,0.013301320528211284
Ube2a,-0.1404561824729892,0.33060853374883825,50,-0.23543817527010802
Ube2b,0.00552220888355342,0.9696394107021206,50,0.1427611044417767
Ube2d1,0.01915966386554622,0.8949331404691206,50,-0.061992797118847545
Ube2d2,-0.5325810324129652,6.85532205709945e-05,50,-0.5038655462184873
Ube2e1,0.24705882352941175,0.08368209233442486,50,0.1201920768307323
Ube2e2,-0.03625450180072028,0.802621267065429,50,-0.1224969987995198
Ube2f,0.10972388955582232,0.44813028042727127,50,-0.019255702280912366
Ube2g1,0.19020408163265307,0.1858208942912215,50,0.07591836734693877
Ube2g2,-0.1956782713085234,0.17324050891322648,50,-0.12777911164465786
Ube2h,0.13911164465786313,0.33530491813230173,50,0.09848739495798318
Ube2i,-0.009939975990396158,0.9453795410999993,50,0.02885954381752701
Ube2j1,0.1309483793517407,0.3647047810053859,50,0.1558223289315726
Ube2j2,0.012244897959183673,0.9327402823164229,50,0.043841536614645855
Ube2k,0.1702280912364946,0.23724560582753182,50,0.1562064825930372
Ube2l3,0.19558223289315724,0.17345576439951615,50,0.021176470588235297
Ube2l6,-0.08081632653061224,0.5769004898096026,50,-0.0695798319327731
Ube2m,-0.07687875150060022,0.5956601487472962,50,-0.07966386554621849
Ube2n,0.06352941176470588,0.6611674319092691,50,0.2803841536614646
Ube2o,0.3808494802893738,0.006361063391283604,50,0.3257701266275516
Ube2q1,0.043073229291716676,0.7664603680863299,50,0.043841536614645855
Ube2q2,-0.22084033613445375,0.12327347097156957,50,-0.1757983193277311
Ube2q2l,0.10002400960384153,0.48948777399465654,50,-0.12038415366146459
Ube2r2,-0.05430972388955582,0.7079644829143952,50,-0.011284513805522207
Ube2s,-0.11039615846338535,0.4453370494422994,50,-0.06775510204081632
Ube2v1,0.01906362545018007,0.8954568551591776,50,-0.09503001200480192
Ube2v2,-0.13498199279711884,0.3499880408101115,50,-0.074093637454982
Ube2z,0.053061224489795916,0.7143892233249539,50,0.03683073229291716
Ube3a,-0.09714285714285714,0.5021441256454877,50,-0.11145258103241296
Ube3b,-0.07803121248499399,0.5901416818413918,50,0.07399759903961585
Ube3c,-0.07150060024009604,0.6217086321267078,50,-0.05286914765906363
Ube4a,-0.0012004801920768309,0.9933984017153108,50,-0.05546218487394958
Ube4b,-0.045954381752701084,0.7513231301724004,50,-0.14189675870348137
Ubfd1,0.04153661464585834,0.7745694009438486,50,0.12201680672268907
Ubl3,0.03827130852340937,0.7918793770772163,50,-0.07764705882352942
Ubl4a,-0.28259303721488593,0.04676438529507331,50,-0.326578631452581
Ubl5,-0.13815126050420168,0.33868481963998615,50,-0.007635054021608643
Ubl7,-0.2002881152460984,0.1631343475702773,50,-0.09877551020408162
Ublcp1,-0.11010804321728691,0.44653296997788217,50,-0.0453781512605042
Ubn1,-0.314093637454982,0.02632713839401871,50,-0.3461704681872749
Ubn2,0.1352701080432173,0.3489510044700825,50,0.08139255702280913
Ubox5,-0.023385354141656663,0.8719366881451378,50,-0.09915966386554621
Ubp1,0.13834333733493398,0.33800715106040335,50,0.17099639855942375
Ubqln1,-0.2636734693877551,0.06428656945512991,50,-0.2706842737094838
Ubqln2,0.02665066026410564,0.8542372197436355,50,-0.045474189675870344
Ubqln4,-0.19183673469387755,0.18200233075512198,50,-0.1545738295318127
Ubr1,0.019639855942376952,0.8923152365382944,50,0.11030012004801922
Ubr2,-0.06228091236494597,0.667434747686028,50,-0.16331332533013204
Ubr3,0.020504201680672268,0.8876058902514381,50,0.013397358943577431
Ubr4,-0.18050420168067227,0.2096935936237541,50,-0.17896758703481394
Ubr5,-0.4286674669867947,0.0018968881981231774,50,-0.312172869147659
Ubr7,0.2221848739495798,0.12094905796724008,50,0.13584633853541417
Ubtd1,0.03423769507803121,0.8133993948322712,50,0.14352941176470588
Ubtf,0.038367346938775505,0.7913687946434047,50,-0.19865546218487393
Ubxn1,-0.08388955582232892,0.5624489664943948,50,0.0385594237695078
Ubxn10,0.06938775510204082,0.6320713133581387,50,0.062472989195678265
Ubxn11,-0.2163265306122449,0.13132418827587233,50,-0.20720288115246097
Ubxn2a,0.09138055222088834,0.5279505989977,50,0.08398559423769507
Ubxn2b,-0.18382194055575882,0.2012978270371838,50,-0.15111644657863144
Ubxn4,0.15860744297719087,0.2712714884666112,50,0.13728691476590635
Ubxn6,-0.04220888355342137,0.7710187121217909,50,-0.0022569027611044415
Uchl1,0.27875150060024007,0.04996498462660882,50,0.301704681872749
Uchl3,0.07054021608643457,0.6264100995628384,50,0.058439375750300115
Uchl5,-0.061896758703481394,0.6693677056031839,50,0.026842737094837935
Uck1,-0.07524609843937576,0.6035167253438533,50,-0.08773109243697479
Uck2,0.1634093637454982,0.25683852020425263,50,0.17118847539015608
Uckl1,0.1710924369747899,0.23483712233002998,50,0.207875150060024
Uevld,-0.05286914765906363,0.715379400371927,50,-0.028475390156062427
Ufc1,0.24878751500600238,0.08147219196218929,50,0.1634093637454982
Ufd1,0.2940216086434574,0.03821725302712737,50,0.37315726290516205
Ufl1,0.11202881152460985,0.4385936619436067,50,0.06458583433373348
Ufm1,0.03884753901560624,0.7888171864728192,50,0.048931572629051616
Ufsp1,-0.15034813925570228,0.29733245851278994,50,-0.11471788715486195
Ufsp2,-0.32206482593037217,0.022554983750327585,50,-0.35539015606242497
Ugdh,-0.0453781512605042,0.7543433771682858,50,-0.010900360144057623
Uggt1,0.4253061224489796,0.0020773389527526487,50,0.27250900360144054
Uggt2,-0.23783913565426168,0.09627212471063692,50,-0.25349339735894355
Ugp2,-0.09397358943577432,0.5162572310332108,50,-0.17810324129651858
Uhrf1bp1,0.1962545018007203,0.17195303492805075,50,0.17291716686674669
Uhrf1bp1l,0.12480192076830732,0.38783757676343483,50,0.16456182472989198
Uhrf2,-0.10396158463385353,0.4724635245370603,50,-0.16283313325330132
Uimc1,-0.013205282112845136,0.9274785890832614,50,0.02559423769507803
Ulk1,0.2107563025210084,0.14179552839739834,50,0.23812725090036013
Ulk3,-0.06737094837935174,0.6420287162643779,50,0.060840336134453776
Umps,0.11663865546218487,0.419863505348961,50,0.16427370948379352
Unc119,-0.0006242496998799519,0.9965671412191432,50,0.12182472989195677
Unc119b,0.006290516206482593,0.9654177346041684,50,0.020312124849939977
Unc13b,0.30381752701080433,0.03195562426255542,50,0.2256422569027611
Unc13d,0.09800720288115244,0.4983297063593493,50,0.05824729891956783
Unc45a,0.04701080432172868,0.7457956102653991,50,0.08830732292917168
Unc45b,0.10924369747899158,0.45013133056791826,50,0.07918367346938776
Unc5b,0.39274909963985594,0.00478367211937052,50,0.3696998799519808
Unc93b1,0.4036014405762305,0.003655439001185989,50,0.3306122448979592
Unk,-0.045954381752701084,0.7513231301724004,50,-0.06948379351740695
Unkl,0.015222088835534215,0.9164392876278163,50,0.03385354141656663
Upf1,0.14324129651860742,0.3210121648083788,50,0.060168067226890755
Upf2,-0.21844462058206554,0.12749862027347453,50,-0.2263145258103241
Upf3a,0.046242496998799516,0.7498143857365437,50,-0.031644657863145256
Upf3b,0.11548619447779111,0.4245028493031674,50,-0.12451380552220888
Upk1b,0.2604081632653061,0.06778341347587771,50,0.3596158463385354
Upk3b,0.07044417767106842,0.6268810600035023,50,0.07774309723889555
Upp1,0.2893157262905162,0.041566263619672326,50,0.318703481392557
Uprt,-0.11980792316926771,0.40725512665571495,50,-0.19731092436974787
Uqcc1,-0.08283313325330133,0.5673975453262576,50,-0.2287154861944778
Uqcc2,-0.03346938775510204,0.8175144823680135,50,-0.05181272509003601
Uqcc3,-0.1241296518607443,0.390419166701422,50,-0.04067226890756302
Uqcr10,0.018583433373349337,0.8980760861000697,50,-0.0346218487394958
Uqcr11,-0.2592557022809123,0.06905315616461093,50,-0.22506602641056422
Uqcrb,0.022905162064825933,0.8745450103974277,50,0.07774309723889555
Uqcrc1,-0.08667466986794717,0.5495003532633628,50,-0.09781512605042017
Uqcrc2,-0.15111644657863144,0.29484206004482166,50,-0.09503001200480192
Uqcrfs1,0.07851140456182472,0.5878490710968568,50,0.11106842737094838
Uqcrh,-0.06996566546231467,0.6292298168818174,50,-0.09868184112907116
Uqcrq,-0.023193277310924368,0.8729798568310736,50,0.16984393757503002
Urb1,-0.19202881152460982,0.18155682148109725,50,-0.1975030012004802
Urb2,-0.07015606242496998,0.6282948246159517,50,-0.05824729891956783
Urgcp,-0.007923169267707083,0.9564499314163795,50,-0.026842737094837935
Uri1,0.11759903961584633,0.41601952687275934,50,0.09647058823529413
Urod,0.3047779111644658,0.03139049140509917,50,0.3399279711884754
Uros,-0.12172869147659063,0.39972133107122904,50,-0.08427370948379351
Use1,0.006674669867947179,0.9633072413398381,50,-0.16600240096038413
Usf1,0.0168547418967587,0.9075140280511814,50,0.043937575030012
Usf2,-0.11154861944777912,0.44057108869439926,50,-0.12864345738295319
Ushbp1,0.314093637454982,0.02632713839401871,50,0.23121248499399757
Uso1,-0.19490996398559424,0.1749679740279985,50,-0.19635054021608642
Usp10,-0.01714285714285714,0.9059401238286354,50,0.0022569027611044415
Usp11,0.30381752701080433,0.03195562426255542,50,0.184921968787515
Usp12,-0.07505402160864347,0.6044439864509824,50,-0.10453781512605041
Usp13,-0.0026410564225690276,0.9854770999432609,50,0.029627851140456178
Usp14,0.11548619447779111,0.4245028493031674,50,0.051908763505402154
Usp15,0.16619846819840162,0.2486968325835189,50,0.1624489795918367
Usp16,-0.013973589435774309,0.9232714336848591,50,0.08993997599039616
Usp19,0.14448979591836733,0.3167681481614198,50,0.16725090036014406
Usp2,-0.3196638655462184,0.023640021304316503,50,-0.23505402160864344
Usp20,-0.04979591836734694,0.7312843187919351,50,0.1142376950780312
Usp22,-0.11366146458583432,0.4319074870573528,50,-0.0617046818727491
Usp24,-0.0033133253301320525,0.9817809208576903,50,0.10463385354141658
Usp25,-0.045954381752701084,0.7513231301724004,50,0.00907563025210084
Usp28,0.008307322929171669,0.9543405947926975,50,-0.060264105642256906
Usp3,0.07322929171668667,0.6132836505495756,50,0.03202881152460984
Usp30,-0.04969987995198079,0.7317831946429013,50,-0.13815126050420168
Usp31,0.04086434573829532,0.7781246614190953,50,0.044129651860744294
Usp32,0.052965186074429765,0.7148842537631441,50,0.07198079231692676
Usp33,0.09061224489795917,0.5314402237750233,50,0.04355342136854741
Usp34,0.11971188475390157,0.40763395568289224,50,0.11462184873949578
Usp36,-0.07524609843937576,0.6035167253438533,50,0.060264105642256906
Usp38,-0.2028811524609844,0.15764238599027935,50,-0.25138055222088834
Usp39,0.10732292917166866,0.4581843586731788,50,-0.0007202881152460984
Usp4,-0.14093637454981991,0.32894129283283724,50,-0.03817527010804322
Usp40,0.07687875150060022,0.5956601487472962,50,0.10252100840336134
Usp43,0.09061224489795917,0.5314402237750233,50,0.1636014405762305
Usp45,0.021368547418967588,0.8829003832753773,50,0.046626650660264106
Usp46,0.29286914765906363,0.039016143301081725,50,0.2693397358943577
Usp47,-0.2704921968787515,0.05744935642717709,50,-0.16513805522208885
Usp48,0.30881152460984396,0.029106792003132178,50,0.28297719087635054
Usp5,-0.1298919567827131,0.3686201394238035,50,-0.1224969987995198
Usp53,-0.021464585834333732,0.8823777930570346,50,-0.006290516206482593
Usp54,0.2163265306122449,0.13132418827587233,50,0.23447779111644657
Usp6nl,0.47351740696278505,0.000514359657730927,50,0.2835534213685474
Usp7,-0.25743097238895557,0.07110219955316295,50,-0.19068427370948376
Usp8,0.1307563025210084,0.3654147863032189,50,0.17800720288115246
Usp9x,0.00936374549819928,0.9485415586230677,50,-0.11865546218487394
Utp11,-0.0954141656662665,0.5098175929424354,50,-0.22756302521008404
Utp14a,-0.07044417767106842,0.6268810600035023,50,-0.07466986794717888
Utp15,-0.008307322929171669,0.9543405947926975,50,-0.03519807923169268
Utp18,0.055078031212484994,0.704020745069616,50,-0.04912364945978391
Utp20,0.27846338535414167,0.05021202600369,50,0.3158223289315726
Utp23,0.08177671068427371,0.5723662219784476,50,0.0912845138055222
Utp25,-0.03807923169267707,0.7929008011218845,50,-0.15726290516206481
Utp3,-0.05987995198079231,0.6795503181579453,50,-0.09214885954381752
Utp4,0.052004801920768305,0.7198409170174129,50,-0.15169267707082834
Utp6,0.13555822328931572,0.3479158602278951,50,0.05968787515006002
Utrn,0.1822328931572629,0.2052888993719497,50,0.0012004801920768309
Uvrag,0.021176470588235297,0.8839457115687899,50,-0.027418967587034812
Uvssa,0.23764705882352938,0.096549205963177,50,0.19106842737094837
Uxs1,-0.05555822328931572,0.7015598094284042,50,-0.022713085234093634
Vac14,0.16715486194477788,0.2459457154471918,50,0.14160864345738294
Vamp2,0.295078031212485,0.03749681355924513,50,0.2442737094837935
Vamp3,0.2086004466494818,0.14601074362092623,50,0.19011260780048303
Vamp4,-0.24600240096038412,0.08505555002909099,50,-0.24417767106842736
Vamp5,0.3871788715486194,0.005473338809805915,50,0.23447779111644657
Vamp7,-0.07178871548619448,0.6203010909885867,50,-0.0012965186074429772
Vamp8,0.2731812725090036,0.05491946883029323,50,0.13334933973589436
Vangl1,-0.016182472989195677,0.9111878287690884,50,-0.011188475390156062
Vangl2,0.21853541416566627,0.1273365312209356,50,0.28509003601440575
Vapa,-0.0060984393757503004,0.966473070114678,50,0.043937575030012
Vapb,0.18434573829531814,0.19999434098642774,50,0.18789915966386553
Vars1,0.4716926770708283,0.0005443271892097115,50,0.48100840336134454
Vars2,-0.030396158463385354,0.8340225246421047,50,0.1117406962785114
Vash1,0.11774592430583089,0.4154333938142215,50,-0.039711884753901555
Vasn,0.12845138055222088,0.373999897152233,50,0.14468187274909963
Vasp,0.32408163265306117,0.0216762305310712,50,0.4125330132052821
Vat1,0.08024009603841536,0.5796288950060168,50,0.09310924369747899
Vav1,0.5729171668667467,1.3737179429929816e-05,50,0.5074189675870349
Vav2,0.05690276110444177,0.6946853683372957,50,0.13795918367346938
Vav3,-0.13863145258103243,0.3369922306980507,50,-0.08417767106842736
Vbp1,0.2738120964077682,0.05433920888902492,50,0.2363985594237695
Vcam1,0.28845138055222086,0.0422067940156438,50,0.3137094837935174
Vcan,0.3041056422569028,0.03178520465860404,50,0.32581032412965183
Vcl,0.19884753901560623,0.1662451438859902,50,0.3374309723889556
Vcp,0.009843937575030014,0.9459064874660708,50,0.1929891956782713
Vcpip1,0.23908763505402159,0.09448608712255584,50,0.16475390156062425
Vdac1,0.1483313325330132,0.3039343481184082,50,0.2023049219687875
Vdac2,0.06573829531812725,0.6501354755460494,50,-0.07313325330132053
Vdac3,-0.05594237695078031,0.6995932396929486,50,-0.01752701080432173
Vegfa,0.09214885954381752,0.5244723206491533,50,-0.0956062424969988
Veph1,0.15169267707082834,0.29298316946994507,50,0.25743097238895557
Vezf1,0.07294117647058823,0.6146844227987611,50,0.13747899159663865
Vgll4,0.26521008403361346,0.06269166657372456,50,0.1878031212484994
Vhl,0.1603361344537815,0.26601490190582555,50,0.2558943577430972
Vil1,0.5103961584633854,0.00015263232430103008,50,0.4620888355342137
Vill,0.055654261704681865,0.7010679848872847,50,-0.02857142857142857
Vim,0.35951980792316923,0.010339633995929241,50,0.4486434573829532
Vipas39,-0.00907563025210084,0.9501228647604613,50,-0.16504201680672267
Virma,0.24600240096038412,0.08505555002909099,50,-0.027418967587034812
Vkorc1,-0.08456182472989196,0.5593104161522781,50,-0.055654261704681865
Vkorc1l1,-0.05142857142857142,0.7228204140977085,50,-0.1745498199279712
Vldlr,0.23620648259303723,0.09864704831462266,50,0.29315726290516203
Vma21,-0.15399759903961585,0.2856239407910244,50,-0.15399759903961585
Vmac,0.015606242496998797,0.914338267712406,50,0.10837935174069627
Vmp1,-0.06823529411764705,0.6377534911177856,50,-0.04845138055222088
Vnn1,-0.08955582232893158,0.5362568732672314,50,-0.06861944777911164
Vps11,-0.04441776710684273,0.7593851958109286,50,-0.08379351740696277
Vps13a,-0.044225690276110445,0.7603947565343314,50,-0.043745498199279705
Vps13b,-0.04499399759903961,0.7563589013753702,50,0.027226890756302524
Vps13d,0.16926770708283315,0.23994145774678127,50,0.17166866746698678
Vps16,0.031164465786314523,0.8298885741693174,50,-0.07870348139255702
Vps18,0.10588235294117646,0.46427510774287944,50,0.16945978391356542
Vps25,0.23543817527010802,0.09978021413717464,50,0.2978631452581032
Vps26a,0.060168067226890755,0.6780921362007896,50,0.06372148859543818
Vps26b,-0.08168067226890756,0.5728189102509789,50,0.008115246098439374
Vps26c,0.1568787515006002,0.2765965253464572,50,0.14180072028811525
Vps28,0.0028331332533013207,0.984421014611148,50,-0.06362545018007203
Vps29,0.31390156062424973,0.02642417570970003,50,0.27615846338535416
Vps33a,-0.12355342136854741,0.3926399851500462,50,-0.0843237532956929
Vps33b,-0.11971188475390157,0.40763395568289224,50,-0.14477791116446578
Vps35,-0.030396158463385354,0.8340225246421047,50,-0.08648259303721488
Vps35l,-0.21114045618247296,0.14105401658427008,50,-0.16984393757503002
Vps36,0.030396158463385354,0.8340225246421047,50,0.1388235294117647
Vps37a,0.049315726290516206,0.7337797943319674,50,0.02895558223289316
Vps37b,0.3425210084033613,0.014896588053970101,50,0.23649459783913568
Vps39,0.057767106842737094,0.6902788485450984,50,-0.04460984393757503
Vps41,0.23774309723889556,0.09641058822420075,50,0.18617046818727492
Vps45,-0.1348859543817527,0.3503341399301123,50,-0.1427611044417767
Vps4a,0.2767893587678667,0.05166708385465268,50,0.2266986794717887
Vps4b,-0.031644657863145256,0.8273071614491647,50,-0.009747899159663865
Vps50,-0.09608643457382952,0.5068264233318739,50,-0.1660984393757503
Vps52,-0.23207683073229293,0.10485638505300567,50,-0.1570708283313325
Vps53,0.039615846338535404,0.7847391830472042,50,0.04566626650660264
Vps54,-0.1067012413570784,0.46080751268168735,50,-0.18021608643457382
Vps72,-0.13277310924369748,0.3580014312154613,50,-0.14228091236494594
Vps8,-0.004561824729891957,0.9749176512032458,50,0.04470588235294118
Vrk1,0.08081632653061224,0.5769004898096026,50,-0.16581032412965185
Vrk2,-0.23860744297719086,0.09516995647791031,50,-0.23620648259303723
Vrk3,0.14660264105642254,0.309667568589861,50,0.2820168067226891
Vsig10,0.2970948379351741,0.03615249854156786,50,0.29776710684273705
Vsir,0.16206482593037216,0.2608266558299865,50,0.16801920768307324
Vsnl1,0.15870348139255702,0.27097766105026355,50,0.23486194477791117
Vta1,0.14319671544860837,0.3211643710141102,50,0.018151696324471483
Vti1a,0.08773109243697479,0.5446263298171021,50,0.02280912364945978
Vti1b,-0.14535414165666266,0.3138509628970513,50,-0.1886674669867947
Vtn,-0.06545018007202881,0.6515702862833339,50,-0.09858343337334932
Vwa1,0.22957983193277312,0.10875403545139357,50,0.33656662665066023
Vwa3a,-0.07447779111644658,0.6072294765845787,50,-0.08657863145258103
Vwa3b,-0.100984393757503,0.485306266644739,50,-0.0670828331332533
Vwa8,0.02444177671068427,0.8662031611964573,50,0.09647058823529413
Vwf,0.4346218487394958,0.0016111726674460202,50,0.4245378151260504
Wac,-0.1533253301320528,0.2877577691664223,50,-0.1727250900360144
Wapl,-0.04845138055222088,0.7382785051392184,50,-0.09771908763505403
Wars1,0.3858343337334934,0.005652282349230074,50,0.4530612244897959
Wars2,-0.1486230162016911,0.302973753308263,50,-0.07740882136256091
Was,0.5556302521008403,2.806652828891947e-05,50,0.5182713085234093
Wasf2,0.04979591836734694,0.7312843187919351,50,0.013013205282112843
Washc1,0.03231692677070828,0.8236962228552467,50,0.16523409363745495
Washc2c,0.03423851714113271,0.8133949944757827,50,0.021705203012330976
Washc3,-0.04777911164465786,0.7417835210455958,50,0.07236494597839135
Washc4,0.07452759972375592,0.6069884834651078,50,-0.14209224715373311
Washc5,0.0006242496998799519,0.9965671412191432,50,-0.027034813925570226
Wasl,0.5838655462184873,8.553181393901711e-06,50,0.5359423769507803
Wbp11,0.16417767106842737,0.2545780871956436,50,0.03174069627851141
Wbp2,0.06929171668667466,0.6325440312455953,50,0.025402160864345734
Wbp4,-0.046003505499586456,0.75106582345428,50,0.013877551020408161
Wdfy1,0.08533013205282113,0.5557336129768138,50,0.06362545018007203
Wdfy2,0.10732292917166866,0.4581843586731788,50,0.18607442977190874
Wdfy3,0.0034093637454981987,0.9812529243973734,50,0.0821608643457383
Wdfy4,0.5759903961584634,1.2047130154683557e-05,50,0.37968787515006
Wdhd1,0.14765906362545017,0.30615576738241074,50,0.07054021608643457
Wdr1,0.24081632653061225,0.09205569415993373,50,0.15611044417767103
Wdr11,-0.10809123649459784,0.45495379483915,50,-0.12297719087635053
Wdr12,-0.1570708283313325,0.2760014713003756,50,-0.12192076830732293
Wdr13,-0.05195803021978345,0.7200826050716032,50,0.08456182472989196
Wdr18,-0.25195678271308525,0.07754004025193062,50,-0.24801920768307323
Wdr19,0.020600240096038412,0.8870828636422363,50,0.029339735894357743
Wdr20,0.045858343337334934,0.7518262499368317,50,-0.07255702280912364
Wdr24,-0.05478991596638655,0.7054987502780329,50,-0.05142857142857142
Wdr25,-0.2790396158463385,0.049718930824860084,50,-0.18540216086434572
Wdr26,-0.11001200480192078,0.4469320031335666,50,-0.2053781512605042
Wdr3,-0.09435774309723889,0.5145360102171661,50,0.07726290516206481
Wdr33,-0.33176470588235296,0.01858818507162248,50,-0.22036014405762305
Wdr35,-0.00312124849939976,0.982836936740475,50,-0.06516206482593037
Wdr36,0.20326530612244897,0.15684044021551885,50,0.14698679471788717
Wdr37,0.23937575030012,0.09407759987306169,50,0.3095798319327731
Wdr4,0.04201680672268907,0.7720327241636067,50,-0.03078031212484994
Wdr41,0.19068427370948376,0.18469188312177381,50,0.0848499399759904
Wdr43,0.196062424969988,0.17238142027048695,50,0.127875150060024
Wdr44,0.030012004801920768,0.8360911744142364,50,-0.0830252100840336
Wdr45,-0.1343097238895558,0.3524151462832098,50,-0.17474189675870347
Wdr45b,0.002064825930372149,0.9886454966383466,50,0.11337334933973588
Wdr46,0.08331332533013207,0.5651456891418459,50,0.16984393757503002
Wdr47,-0.012533013205282113,0.9311614652647521,50,-0.033661464585834334
Wdr48,-0.029388460715810968,0.8394512629674833,50,-0.07217460205206516
Wdr5,-0.2067226890756302,0.1497572690297217,50,-0.03375750300120048
Wdr53,-0.23803121248499398,0.09599565995196808,50,-0.24725090036014405
Wdr54,0.004561824729891957,0.9749176512032458,50,-0.014165666266506602
Wdr55,0.03375750300120048,0.8159707474237395,50,0.06554621848739495
Wdr59,-0.01983193277310924,0.8912683914876222,50,-0.02588235294117647
Wdr6,0.0030252100840336134,0.9833649557151009,50,0.08254501800720286
Wdr61,0.08725090036014405,0.5468392146187665,50,-0.020312124849939977
Wdr62,-0.09349339735894358,0.5184128148804314,50,0.12710684273709483
Wdr7,-0.0803361344537815,0.5791737539630479,50,0.039519807923169274
Wdr70,-0.1274909963985594,0.37761239010583864,50,-0.17675870348139258
Wdr73,0.1491956782713085,0.30109351137594936,50,0.07265306122448979
Wdr74,0.09791116446578632,0.498752792431235,50,0.16129651860744296
Wdr75,-0.11030012004801922,0.4457354930536335,50,-0.11375750300120048
Wdr76,0.10300120048019207,0.476586425301399,50,0.11596638655462185
Wdr77,-0.10847539015606242,0.45334318393026024,50,-0.14842737094837935
Wdr81,-0.023385354141656663,0.8719366881451378,50,0.014165666266506602
Wdr82,0.029627851140456178,0.8381609225627791,50,0.008211284513805522
Wdr83,0.0534453781512605,0.7124102669661331,50,0.008979591836734692
Wdr89,0.16417767106842737,0.2545780871956436,50,0.18876350540216086
Wdr90,-0.14093637454981991,0.32894129283283724,50,-0.01262905162064826
Wdr91,0.03567827130852341,0.8056971175229699,50,0.06669867947178872
Wdr93,-0.1795438175270108,0.21216907573751145,50,-0.2773109243697479
Wdsub1,0.06996398559423768,0.629238068862309,50,0.06602641056422569
Wdtc1,0.15169267707082834,0.29298316946994507,50,0.11673469387755102
Wee1,-0.10674669867947177,0.46061543466418853,50,0.019927971188475387
Wfdc1,0.5425690276110444,4.692947737298412e-05,50,0.44201680672268906
Wfdc2,-0.03097238895558223,0.8309216389451998,50,0.04691476590636255
Wfdc8,0.033373349339735896,0.818029213335407,50,0.07025210084033613
Wfs1,-0.22842737094837934,0.1105899540138992,50,-0.15956782713085235
Whamm,-0.16168067226890756,0.2619736996819977,50,-0.15534213685474188
Wif1,0.5004081632653061,0.00021502828844863458,50,0.4010084033613445
Wipf1,0.25579831932773106,0.07297619485931066,50,0.23399759903961587
Wipf2,0.12710684273709483,0.3790631974221934,50,0.06237695078031212
Wipf3,0.21363745498199277,0.1363043866361783,50,0.13133253301320527
Wipi1,0.13603841536614644,0.3461948264268146,50,0.05315726290516206
Wipi2,0.074093637454982,0.6090895470834801,50,0.10338535414165667
Wiz,0.0852841605086279,0.5559473259098339,50,0.10257149034145789
Wls,0.17887154861944776,0.21391403181490395,50,0.2353421368547419
Wnk1,0.07092607267524967,0.6245193949968878,50,0.13983529020333585
Wnk2,0.05459783913565427,0.7064846856496607,50,0.027130852340936373
Wnk3,0.06909963985594238,0.6334899031407717,50,0.05623049219687875
Wnk4,-0.07534213685474188,0.603053327134776,50,-0.06439375750300119
Wnt2b,-0.09032412965186075,0.5327517460057927,50,-0.030876350540216087
Wnt3a,0.2967106842737095,0.03640544515924527,50,0.3592316926770708
Wrap73,-0.014837935174069627,0.9185408729045358,50,-0.19539015606242494
Wrn,0.12307322929171667,0.3944963190419882,50,0.22208883553421366
Wrnip1,0.02482593037214886,0.8641199156786887,50,0.07582232893157262
Wtap,-0.17963985594237694,0.21192061160405878,50,-0.20316926770708282
Wwc1,0.24730485733076224,0.08336473344125372,50,0.23659063625450177
Wwc2,0.38689075630252096,0.005511261454070348,50,0.37459783913565425
Wwc3,0.36297719087635055,0.009577018732835329,50,0.46775510204081633
Wwp1,0.3582713085234094,0.01062759741624829,50,0.29498199279711884
Wwp2,-0.19759903961584632,0.16897591791597658,50,-0.15409363745498197
Wwtr1,0.1648499399759904,0.25261123304908306,50,-0.062472989195678265
Xab2,0.012533013205282113,0.9311614652647521,50,0.1634093637454982
Xaf1,0.3158223289315726,0.025467143301924924,50,0.3910204081632653
Xdh,0.34924369747899153,0.012922789501538192,50,0.3323409363745498
Xiap,0.03606242496998799,0.8036462240386789,50,-0.0022569027611044415
Xpa,-0.04754015704028246,0.7430306160518476,50,-0.07879951980792316
Xpc,0.35798319327731093,0.01069502254742765,50,0.4777430972388956
Xpnpep1,-0.13066026410564224,0.3657701021061027,50,-0.06352941176470588
Xpnpep2,0.21584633853541413,0.13220334127843666,50,0.1828091236494598
Xpnpep3,-0.06237695078031212,0.6669518412899765,50,-0.03202881152460984
Xpo1,0.06986794717887154,0.629709910864829,50,0.06535414165666266
Xpo4,-0.014069965669497735,0.9227438337321439,50,-0.09647058823529413
Xpo5,-0.1208643457382953,0.40310144275949744,50,-0.10031212484993997
Xpo6,0.042785114045618244,0.7679789549507468,50,0.11087635054021608
Xpo7,0.058727490996398554,0.6853946173145391,50,-0.06996398559423768
Xpot,0.14141656662665067,0.3272793390182778,50,0.23937575030012
Xpr1,-0.2669387755102041,0.06093543579934507,50,-0.14410564225690276
Xrcc1,-0.24360144057623048,0.08824267438668988,50,-0.28489795918367344
Xrcc4,-0.31246098439375747,0.02716153472904693,50,-0.3130372148859543
Xrcc5,0.1741656662665066,0.22640964109625428,50,0.08744297719087635
Xrcc6,-0.07860744297719087,0.5873910280279689,50,-0.09474189675870348
Xrn1,-0.16235294117647062,0.25996858368021925,50,-0.2599279711884754
Xrn2,0.21719087635054019,0.1297527835673774,50,0.21478991596638655
Xxylt1,0.1295078031212485,0.3700501614870819,50,0.19769507803121247
Xylb,0.08292917166866745,0.5669468413550871,50,-0.06554621848739495
Yaf2,0.24581032412965184,0.08530715520947134,50,0.15015606242496998
Yap1,-0.1185594237695078,0.41219574557510047,50,-0.23466986794717884
Yars1,0.25301320528211285,0.07626311693617806,50,0.2664585834333733
Yars2,-0.039135654261704685,0.7872872720608813,50,-0.09925570228091235
Ybx1,0.16504201680672267,0.25205116328891125,50,0.24120048019207685
Ybx2,-0.08081632653061224,0.5769004898096026,50,-0.043073229291716676
Ybx3,0.17570228091236492,0.2222752222025812,50,0.08283313325330133
Ydjc,0.25791116446578627,0.07055835617440333,50,0.4263625450180072
Yeats2,-0.0018727490996398558,0.98970166979651,50,-0.06977190876350539
Yeats4,-0.030204081632653063,0.8350567113874385,50,0.049219687875150055
Yes1,0.2138295318127251,0.13594404412591776,50,0.19577430972388954
Yif1b,0.0588235294117647,0.6849068897400697,50,-0.08600240096038414
Yipf1,0.20076830732292916,0.1621069208489155,50,0.1607202881152461
Yipf2,0.15447779111644658,0.28410613501662496,50,0.1407442977190876
Yipf3,-0.19688347865167477,0.17055563893495868,50,-0.15274909963985592
Yipf4,-0.14304921968787515,0.3216682680999299,50,-0.03625450180072028
Yipf5,0.17954812845819806,0.21215791841933238,50,-0.01157290691586674
Yipf6,0.008595438175270108,0.9527587947505248,50,0.028283313325330132
Yju2,-0.014502148915318484,0.9203783071378089,50,0.016615044783775484
Yju2b,-0.04067226890756302,0.7791412802385701,50,-0.03654261704681872
Ykt6,0.06362545018007203,0.6606862752131101,50,0.05459783913565427
Ylpm1,0.1007923169267707,0.486141066886281,50,-0.06813925570228091
Yod1,-0.13603841536614644,0.3461948264268146,50,-0.003793517406962785
Ypel3,0.13853541416566625,0.3373303264571293,50,0.0902280912364946
Ypel5,0.07630252100840335,0.5984278995617137,50,0.11875150060024009
Yrdc,0.1228811524609844,0.3952402897023936,50,0.15428571428571428
Ythdc1,0.20182472989195677,0.15986324196287502,50,0.2434093637454982
Ythdc2,0.1721488595438175,0.23191625808984315,50,0.24120048019207685
Ythdf1,0.13056422569027612,0.3661256266302638,50,0.1433373349339736
Ythdf2,0.0760144057623049,0.5998138905729673,50,0.06362545018007203
Ythdf3,0.0114765906362545,0.9369516977605437,50,0.029627851140456178
Ywhab,0.035006002400960384,0.8092892895049884,50,-0.13498199279711884
Ywhae,-0.0722689075630252,0.6179581811053432,50,-0.08782713085234094
Ywhag,-0.16254501800720286,0.2593975879612429,50,-0.07524609843937576
Ywhah,-0.09733493397358943,0.501295186368049,50,-0.25656662665066027
Ywhaq,0.22026410564225687,0.1242799238462067,50,0.0885954381752701
Ywhaz,-0.06852340936374549,0.6363309963298318,50,0.0968547418967587
Yy1,-0.03375750300120048,0.8159707474237395,50,0.06890756302521008
Zadh2,-0.2923889555822329,0.03935304295921277,50,-0.2966146458583433
Zap70,0.6528211284513805,2.7793300163424475e-07,50,0.5936614645858344
Zbbx,0.12816326530612243,0.3750814646200839,50,0.08869147659063625
Zbtb1,-0.1820408163265306,0.2057750680662858,50,-0.20201680672268904
Zbtb11,0.09387755102040815,0.5166879874808273,50,-0.0182953181272509
Zbtb16,-0.01282112845138055,0.9295829104799347,50,-0.03827130852340937
Zbtb17,-0.08504201680672267,0.5570736463170085,50,-0.07822328931572628
Zbtb2,-0.15159663865546216,0.2932924543539565,50,-0.11020408163265305
Zbtb20,0.029531812725090034,0.8386785296382456,50,0.004849939975990396
Zbtb21,-0.21719087635054019,0.1297527835673774,50,-0.2076830732292917
Zbtb24,0.0586314525810324,0.685882471881642,50,0.1479471788715486
Zbtb4,0.13498199279711884,0.3499880408101115,50,0.042785114045618244
Zbtb44,0.18501800720288114,0.19833014109968303,50,0.16744297719087634
Zbtb45,0.058343337334933965,0.6873467957767785,50,-0.0013925570228091237
Zbtb47,-0.06775510204081632,0.6401271870153562,50,-0.04153661464585834
Zbtb7a,-0.0724609843937575,0.6170220679508197,50,0.14266506602641055
Zbtb7b,0.16062424969987996,0.2651454515822582,50,0.26213685474189674
Zbtb8os,0.11779111644657862,0.4152531528207722,50,0.1253781512605042
Zc2hc1a,-0.09781512605042017,0.4991760633201894,50,-0.05651860744297719
Zc3h10,0.2012484993997599,0.1610842309105939,50,0.2159423769507803
Zc3h11a,-0.04969987995198079,0.7317831946429013,50,-0.038463385354141656
Zc3h12a,-0.001680672268907563,0.9907578604310985,50,-0.05968787515006002
Zc3h12c,0.1169267707082833,0.41870819488172134,50,0.05114045618247299
Zc3h13,-0.3508763505402161,0.012478760487536466,50,-0.2912364945978392
Zc3h14,-0.1820408163265306,0.2057750680662858,50,-0.06151260504201681
Zc3h15,-0.016470588235294115,0.9096131131071888,50,-0.24773109243697478
Zc3h18,-0.2276590636254502,0.11182700408126085,50,-0.1363265306122449
Zc3h3,0.19903961584633853,0.16582789373281348,50,0.2622328931572629
Zc3h4,0.14573829531812724,0.3125599479084467,50,0.1524609843937575
Zc3h6,0.09090036014405761,0.5301302886436152,50,0.10559423769507804
Zc3h7a,-0.004081632653061224,0.9775571843853882,50,-0.0024489795918367346
Zc3h7b,0.14823529411764705,0.30425105733518204,50,0.21498199279711883
Zc3h8,-0.08273709483793518,0.5678484153969561,50,-0.023865546218487393
Zc3hav1,0.08504201680672267,0.5570736463170085,50,0.006194477791116446
Zc3hc1,0.24254501800720288,0.08967420824424917,50,0.19423769507803118
Zc4h2,-0.22727490996398558,0.11244947922524504,50,-0.13478991596638654
Zcchc14,0.2285234093637455,0.11043606149412413,50,0.2607923169267707
Zcchc17,0.2502280912364946,0.07966586147433821,50,0.16974789915966385
Zcchc2,0.08821128451380551,0.5424177623569869,50,0.02156062424969988
Zcchc24,-0.10837935174069627,0.4537455442625736,50,-0.09944777911164465
Zcchc7,0.04729891956782713,0.7442902879681722,50,0.022328931572629048
Zcchc8,-0.08696278511404561,0.5481690113286253,50,0.08148859543817527
Zcchc9,0.05171668667466986,0.7213301536391761,50,0.01752701080432173
Zcrb1,-0.09944777911164465,0.4920056635658296,50,-0.0809123649459784
Zdhhc17,0.06612244897959184,0.6482243474823959,50,0.1140456182472989
Zdhhc18,-0.3847779111644658,0.00579644427910068,50,-0.24494597839135654
Zdhhc20,0.2984393757503001,0.035278582448279555,50,0.22698679471788716
Zdhhc3,-0.0468187274909964,0.7467996811509177,50,-0.11673469387755102
Zdhhc5,0.06516206482593037,0.6530063475185934,50,-0.023673469387755098
Zdhhc7,-0.1655222088835534,0.2506546588094049,50,-0.14737094837935172
Zeb1,0.08086628732912692,0.5766642058613737,50,0.07063795051136919
Zeb2,0.02588235294117647,0.8583957461421866,50,0.03250900360144057
Zer1,-0.060840336134453776,0.6746942563131716,50,-0.039135654261704685
Zfand1,0.06448979591836734,0.6563619949863286,50,-0.010516206482593037
Zfand2b,-0.2347235228413138,0.10084324452861838,50,-0.27577430972388955
Zfand3,-0.02809123649459784,0.8464506283680964,50,-0.0670828331332533
Zfand5,0.05930372148859543,0.6824701629112091,50,0.07111644657863145
Zfand6,0.253781512605042,0.07534492016728635,50,0.11615846338535413
Zfc3h1,0.02156062424969988,0.8818552524140807,50,0.08725090036014405
Zfhx3,0.0724164425662697,0.6172390951473861,50,0.06381905929953068
Zfp106,0.2749099639855942,0.0533411584193756,50,0.37728691476590637
Zfp131,0.18713085234093638,0.19316370092803664,50,0.10040816326530612
Zfp143,0.10406012152150715,0.47204158731117135,50,0.017430972388955582
Zfp146,-0.09032412965186075,0.5327517460057927,50,-0.11490996398559422
Zfp148,0.17157262905162063,0.2335063452041421,50,0.1454501800720288
Zfp161,0.022713085234093634,0.875588710609917,50,0.06996398559423768
Zfp17,0.1330612244897959,0.35694991429029194,50,0.06650660264105641
Zfp207,0.154765906362545,0.28319799393100126,50,0.1512124849939976
Zfp219,-0.022040816326530613,0.8792433004330112,50,-0.02348139255702281
Zfp24,-0.1833461390703035,0.2024870636703922,50,-0.11721770033871665
Zfp260,0.18098439375750297,0.20846347621627592,50,0.17234093637454984
Zfp263,0.12076830732292916,0.40347803149755296,50,-0.0010084033613445378
Zfp266,-0.1929891956782713,0.1793410263493826,50,-0.22429771908763504
Zfp276,0.13843937575030013,0.3376686332513916,50,0.053733493397358945
Zfp277,-0.31563025210084034,0.02556152077993111,50,-0.21325330132052822
Zfp280c,0.1512124849939976,0.2945317147227276,50,-0.0710204081632653
Zfp280d,0.2995029893537794,0.03459969134024079,50,0.32773896141406844
Zfp281,0.07591836734693877,0.6002762000240179,50,0.2217046818727491
Zfp318,0.06160864345738295,0.6708188182068404,50,0.023865546218487393
Zfp326,-0.19394957983193276,0.17714476680649793,50,-0.031068427370948382
Zfp329,-0.2198799519807923,0.12495433270331179,50,-0.21046818727490996
Zfp330,0.08955582232893158,0.5362568732672314,50,0.08715486194477791
Zfp335,0.18828331332533013,0.1903863413266607,50,0.0672749099639856
Zfp346,0.22842737094837934,0.1105899540138992,50,0.20528211284513803
Zfp354c,-0.2673229291716686,0.060550572952562436,50,-0.10645858343337333
Zfp358,0.18569027611044414,0.19667577137847217,50,0.22093637454981993
Zfp362,-0.09310924369747899,0.5201405194399773,50,0.011668667466986795
Zfp366,-0.01915966386554622,0.8949331404691206,50,-0.104921968787515
Zfp36l1,0.12216379748533188,0.3980260705009262,50,0.08024202264071917
Zfp36l2,0.03385354141656663,0.8154563224539221,50,-0.03154861944777911
Zfp37,-0.32168067226890756,0.022725719278411882,50,-0.19058823529411767
Zfp384,-0.17565847924581132,0.222392345259801,50,-0.21599558218908127
Zfp385a,-0.028283313325330132,0.8454134955287829,50,-0.05795918367346939
Zfp385b,0.00744297719087635,0.9590870158850027,50,0.0024489795918367346
Zfp407,-0.08677070828331333,0.5490564011370141,50,-0.036350540216086434
Zfp41,-0.03615846338535413,0.8031337045668979,50,-0.02665066026410564
Zfp414,0.1298919567827131,0.3686201394238035,50,0.19058823529411767
Zfp422,0.06737094837935174,0.6420287162643779,50,0.13133253301320527
Zfp444,0.19807923169267705,0.1679217900172661,50,0.1975030012004802
Zfp451,-0.25791116446578627,0.07055835617440333,50,-0.12931572629051621
Zfp458,-0.06919567827130851,0.6330168945594253,50,-0.07265306122448979
Zfp46,-0.12576230492196877,0.3841671177743801,50,-0.12710684273709483
Zfp467,-0.0983456986045439,0.4968399780004499,50,0.026603279798299472
Zfp503,0.06804321728691476,0.6387025395929358,50,0.1640816326530612
Zfp511,0.23418967587034814,0.1016430158945107,50,0.17118847539015608
Zfp512,-0.029051620648259304,0.8412675746780208,50,-0.017911164465786316
Zfp512b,0.002064825930372149,0.9886454966383466,50,0.1598559423769508
Zfp513,0.16283313325330132,0.25854267247479906,50,0.10280912364945978
Zfp516,0.2372629051620648,0.09710522121081268,50,0.2804801920768307
Zfp521,-0.12566626650660262,0.3845332346500207,50,-0.2154621848739496
Zfp524,0.2557022809123649,0.07308763687243035,50,0.17464585834333732
Zfp526,-0.08869147659063625,0.5402135277453415,50,-0.06266506602641056
Zfp532,-0.0012004801920768309,0.9933984017153108,50,0.00014405762304921967
Zfp574,0.021944777911164462,0.8797655899409523,50,0.012725090036014405
Zfp579,-0.06496998799519808,0.6539644141900508,50,-0.028667466986794718
Zfp592,-0.06237695078031212,0.6669518412899765,50,-0.006578631452581032
Zfp593,-0.11875150060024009,0.4114334184828892,50,-0.03644657863145258
Zfp598,0.26031212484994,0.06788850994530415,50,0.3551020408163265
Zfp608,-0.014357743097238897,0.9211686280160256,50,-0.11971188475390157
Zfp609,-0.05258103241296518,0.7168655353747643,50,-0.2107563025210084
Zfp61,-0.05478991596638655,0.7054987502780329,50,0.04
Zfp62,0.253781512605042,0.07534492016728635,50,0.30506602641056424
Zfp622,0.037791116446578635,0.7944335820847725,50,-0.04163265306122449
Zfp629,0.04633853541416567,0.7493116765230454,50,0.06237695078031212
Zfp637,-0.18232893157262903,0.20504611842965187,50,-0.13680672268907562
Zfp638,-0.1502557084636806,0.2976329793795022,50,-0.20173353507699654
Zfp639,0.06919567827130851,0.6330168945594253,50,0.06496998799519808
Zfp644,-0.03884753901560624,0.7888171864728192,50,0.024057623049219684
Zfp646,0.1036734693877551,0.47369839364716887,50,0.34424969987995196
Zfp647,-0.09493397358943578,0.511959606175683,50,-0.08475390156062423
Zfp652,-0.25815745883692776,0.07028069919967124,50,-0.25969411037762374
Zfp655,-0.006866746698679471,0.9622520871612624,50,-0.05181272509003601
Zfp668,-0.2580072028811525,0.07044998498975262,50,-0.27183673469387754
Zfp672,-0.022089365897504976,0.8789792907308636,50,0.08725299529514464
Zfp687,-0.07985594237695079,0.5814510819245352,50,-0.11663865546218487
Zfp691,-0.19423769507803118,0.1764896881235277,50,-0.11087635054021608
Zfp697,-0.05421368547418968,0.708457986394982,50,-0.10108043217286913
Zfp703,-0.1237454981992797,0.3918988897737798,50,-0.15082833133253298
Zfp771,-0.05258103241296518,0.7168655353747643,50,0.16619447779111643
Zfp787,0.10319327731092437,0.47576032172168503,50,0.07236494597839135
Zfp790,0.24303104523320151,0.08901337163591726,50,0.2589738049679225
Zfp800,-0.0036974789915966387,0.9796689836275797,50,-0.01983193277310924
Zfp830,-0.0588235294117647,0.6849068897400697,50,-0.037022809123649456
Zfp866,-0.032989195678271306,0.8200888949242326,50,0.022328931572629048
Zfp91,0.2037023698635133,0.15593168800184656,50,0.15270474685666485
Zfpl1,-0.08686674669867947,0.5486126204499956,50,0.08139255702280913
Zfpm1,-0.07178871548619448,0.6203010909885867,50,-0.06948379351740695
Zfr,-0.12633853541416568,0.3819747571664328,50,-0.1406482593037215
Zfr2,-0.08696278511404561,0.5481690113286253,50,-0.05334933973589436
Zfx,-0.12633853541416568,0.3819747571664328,50,-0.08120048019207683
Zfyve1,-0.23774309723889556,0.09641058822420075,50,-0.1985594237695078
Zfyve16,0.245432063265539,0.08580434968176097,50,0.32686674669867943
Zfyve19,0.11010804321728691,0.44653296997788217,50,0.09723889555822329
Zfyve21,0.028763505402160862,0.8428218018137286,50,-0.09771908763505403
Zfyve26,0.08158463385354141,0.5732717630013678,50,0.13872749099639856
Zfyve27,-0.2200720288115246,0.12461678374974919,50,-0.10252100840336134
Zfyve9,0.0561344537815126,0.6986106850585555,50,0.09070828331332531
Zgpat,-0.08993997599039616,0.5345029055740002,50,-0.11510204081632652
Zhx1,-0.09570228091236495,0.5085345686643504,50,-0.2874909963985594
Zhx2,0.00024009603841536613,0.9986796663385688,50,0.043841536614645855
Zhx3,0.17656662665066022,0.21997275812295494,50,0.34953181272509
Zkscan1,0.044897959183673466,0.7568630339178207,50,0.0030252100840336134
Zkscan3,-0.13440576230492196,0.352067786837127,50,-0.07294117647058823
Zmat1,0.18645858343337332,0.19479707421420067,50,0.2970948379351741
Zmat2,-0.11827130852340936,0.41334075552301486,50,-0.19539015606242494
Zmat3,0.14372148859543818,0.31937561335781484,50,0.27260504201680674
Zmat5,0.022713085234093634,0.875588710609917,50,-0.07342136854741896
Zmiz1,-0.1837695078031212,0.201428637084075,50,-0.19308523409363745
Zmiz2,-0.12336134453781511,0.39338190254787236,50,0.08725090036014405
Zmpste24,-0.07952171723101792,0.5830385459180736,50,-0.08178063772570111
Zmym2,0.05094837935174069,0.725306443038003,50,0.10751500600240095
Zmym3,-0.08292917166866745,0.5669468413550871,50,0.041056422569027605
Zmym4,-0.161968787515006,0.26111310092664197,50,-0.19683073229291717
Zmym5,-0.17685474189675868,0.21920896593046252,50,-0.3160144057623049
Zmynd10,0.12528211284513804,0.3859997674322132,50,0.10847539015606242
Zmynd11,0.13978391356542613,0.33295154951212763,50,0.0561344537815126
Zmynd8,-0.04509003601440576,0.7558548692341351,50,0.06852340936374549
Znf48,0.05584633853541416,0.7000846998390193,50,0.01714285714285714
Znf740,0.13296518607442975,0.3573002104093525,50,0.09944777911164465
Znf768,0.10713085234093636,0.45899394197797694,50,0.07294117647058823
Znfx1,0.5588955582232893,2.45979976439315e-05,50,0.4933013205282113
Znhit1,0.20835534213685472,0.14649579831228954,50,0.2058583433373349
Znhit3,0.17397358943577432,0.22693015407298248,50,0.02914765906362545
Znhit6,-0.04518607442977191,0.7553509376892313,50,0.044129651860744294
Znrd2,-0.16648259303721488,0.2478773657410322,50,-0.13219687875150057
Znrf1,0.14698679471788717,0.308387580548175,50,0.10338535414165667
Znrf2,-0.053733493397358945,0.7109272785152493,50,-0.044897959183673466
Zpr1,-0.3618247298919568,0.00982564213860322,50,-0.33647058823529413
Zranb2,0.07707082833133252,0.5947388231105694,50,0.08974789915966387
Zrsr1,0.2594477791116447,0.06884022846047824,50,0.23783913565426168
Zscan21,0.23073229291716685,0.10694155365446155,50,0.18751500600240098
Zscan22,0.03010804321728691,0.8355739084710629,50,0.10799519807923168
Zscan26,0.06996398559423768,0.629238068862309,50,0.09704681872749099
Zswim8,0.05046818727490996,0.7277952785933703,50,-0.03759903961584634
Zup1,-0.0885954381752701,0.5406540272994341,50,-0.1287394957983193
Zw10,0.17032412965186072,0.236977165124819,50,0.20921968787515002
Zwint,-0.07025210084033613,0.6278234226869991,50,-0.03606242496998799
Zyg11b,0.16849939975990394,0.242113137967862,50,0.19894357743097235
Zyx,-0.16388955582232892,0.2554241739435841,50,-0.07313325330132053
Zzef1,-0.020024009603841535,0.8902217299271966,50,0.043745498199279705
Zzz3,0.2226650660264106,0.1201270082880347,50,0.19222088835534215
mrpl11,-0.03279711884753902,0.8211191874364518,50,-0.018007202881152456
mrpl24,0.165906362545018,0.249541228100709,50,0.20845138055222087
mrpl9,0.19462184873949578,0.17561897199130802,50,0.08014405762304923
rnf141,0.033565426170468184,0.816999827588431,50,0.04211284513805522
