gene,rho,p,n,rho_after_channel
A2m,0.25282112845138055,0.07649404123192986,50,0.20566626650660264
Aaas,-0.12595438175270107,0.38343550393189074,50,-0.20364945978391355
Aacs,0.596734693877551,4.791918904287438e-06,50,0.6000960384153661
Aadat,0.25935174069627853,0.06894662692349268,50,0.22324129651860744
Aagab,0.09752701080432173,0.5004469838467484,50,0.15803121248499397
Aak1,0.04326530612244897,0.765448458884893,50,0.03942376950780312
Aamdc,0.034717887154861946,0.8108299884235655,50,0.06237695078031212
Aamp,0.010516206482593037,0.942218356661114,50,-0.009171668667466985
Aar2,-0.00936374549819928,0.9485415586230677,50,-0.1361344537815126
Aars1,0.06631452581032413,0.647269623377497,50,0.12614645858343337
Aars2,0.1657142857142857,0.2500975243828108,50,0.14593037214885954
Aarsd1,-0.09483793517406962,0.5123885537518271,50,-0.09157262905162064
Aasdhppt,-0.17282112845138053,0.2300705841144467,50,-0.11548619447779111
Aass,-0.15524609843937573,0.281688661867124,50,-0.13699879951980792
Aatk,0.19932773109243698,0.16520344960614303,50,0.21527010804321725
Abat,0.48657863145258107,0.0003397679827406819,50,0.5402641056422569
Abca1,0.1938535414165666,0.177363515611989,50,0.20902761104441775
Abca2,-0.0017767106842737094,0.990229763041263,50,-0.06612244897959184
Abca3,0.2715486194477791,0.05644450784995343,50,0.1884753901560624
Abca5,0.18549819927971187,0.19714744653217037,50,0.2353421368547419
Abca7,0.062953181272509,0.6640572139268146,50,0.01935174069627851
Abca8,0.15553421368547415,0.2807856039956614,50,0.07534213685474188
Abca8a,-0.02857142857142857,0.8438582830868868,50,-0.07841536614645858
Abcb10,-0.15198079231692677,0.29205658724165856,50,-0.18300120048019208
Abcb1a,0.2539735894357743,0.07511674187585671,50,0.31006002400960386
Abcb6,0.11078031212484994,0.4437452424938912,50,0.07630252100840335
Abcb7,0.18108043217286915,0.20821806179258906,50,0.18050420168067227
Abcb8,0.14698679471788717,0.308387580548175,50,0.07486194477791117
Abcb9,0.0586314525810324,0.685882471881642,50,0.0710204081632653
Abcc1,-0.02885954381752701,0.842303659919981,50,-0.09416566626650659
Abcc3,-0.23111644657863145,0.10634257172415776,50,-0.14698679471788717
Abcc4,0.2747178871548619,0.053514693714948984,50,0.1569747899159664
Abcc5,-0.29075630252100837,0.04051643500235814,50,-0.2781752701080432
Abcc8,0.1660984393757503,0.24898576972633313,50,0.261656662665066
Abcd1,-0.016758703481392558,0.9080387412450949,50,-0.09224489795918367
Abcd2,-0.004561824729891957,0.9749176512032458,50,0.05555822328931572
Abcd3,0.0751500600240096,0.6039802784986892,50,-0.0008163265306122449
Abce1,-0.08830732292917168,0.5419765683126397,50,-0.026266506602641054
Abcf1,0.15937575030012002,0.26892678323880426,50,0.18857142857142856
Abcf2,-0.2327490996398559,0.1038255908478191,50,-0.30881152460984396
Abcf3,0.019735894357743092,0.8917917911858331,50,-0.01752701080432173
Abcg1,0.15649459783913564,0.27778917221580823,50,0.15486194477791115
Abcg2,0.1363265306122449,0.345164731242489,50,0.23140456182472988
Abcg3l3,0.28086434573829533,0.0481833457900355,50,0.29997599039615847
Abcg4,0.3350300120048019,0.017393426862415025,50,0.26012004801920763
Abhd1,-0.07582232893157262,0.6007386654540318,50,-0.03202881152460984
Abhd10,0.008979591836734692,0.9506500093767046,50,0.013301320528211284
Abhd11,-0.049411764705882356,0.7332804803454832,50,-0.11183673469387755
Abhd12,0.05248499399759904,0.7173611448181693,50,0.04816326530612245
Abhd13,0.004945978391356542,0.9728062148102008,50,-0.043745498199279705
Abhd14b,0.4176230492196878,0.0025481640282159963,50,0.22823529411764704
Abhd16a,-0.15318495046313232,0.28820465477578794,50,-0.17628274393421905
Abhd17a,-0.14535414165666266,0.3138509628970513,50,-0.13018007202881152
Abhd17b,-0.01262905162064826,0.9306352509000534,50,-0.035966386554621844
Abhd17c,-0.04019207683073229,0.7816844250494279,50,-0.17685474189675868
Abhd18,0.08705882352941177,0.5477255738990336,50,0.09368547418967586
Abhd2,0.13603841536614644,0.3461948264268146,50,0.026554621848739496
Abhd3,0.07111815411783667,0.6235790829516471,50,0.043169267707082834
Abhd4,0.17032821921402208,0.23696573884704217,50,0.26261704681872744
Abhd5,-0.2535894357743097,0.0755736459783746,50,-0.12595438175270107
Abhd6,-0.3212004801920768,0.02294066649073923,50,-0.24897959183673468
Abi1,0.2866266506602641,0.04358559183791318,50,0.20307322929171667
Abi2,0.060456182472989194,0.6766351207927777,50,0.006194477791116446
Abi3,-0.11250900360144059,0.4366211844911016,50,-0.20403361344537815
Abitram,-0.062088835534213675,0.6684009605193323,50,-0.06256902761104441
Abl1,0.07591836734693877,0.6002762000240179,50,0.03884753901560624
Abl2,-0.047490996398559415,0.7432872647025576,50,-0.20489795918367346
Ablim2,0.0457634036963527,0.7523237139212043,50,-0.07121419483913018
Ablim3,0.2051860744297719,0.15287559475182988,50,0.36653061224489797
Abr,-0.27500600240096035,0.05325456158884444,50,-0.0060984393757503004
Abracl,-0.01042016806722689,0.9427451608408816,50,-0.0546938775510204
Abraxas2,0.09906362545018006,0.49368798709204953,50,0.16936374549819924
Acaa1a,-0.019543817527010805,0.8928387273266257,50,-0.008307322929171669
Acaa2,0.26319327731092435,0.06479157382599329,50,0.22660264105642255
Acaca,-0.022328931572629048,0.8776767380459473,50,-0.09224489795918367
Acacb,-0.08677070828331333,0.5490564011370141,50,-0.003601440576230492
Acad10,-0.026362545018007204,0.8557962139030558,50,-0.0672749099639856
Acad11,0.409171668667467,0.0031730424889899332,50,0.35951980792316923
Acad8,0.026074429771908762,0.8573557532345867,50,0.07505402160864347
Acad9,-0.027130852340936373,0.8516401233148821,50,-0.029723889555822326
Acadl,0.2842256902761104,0.04545569974930865,50,-0.04998799519807923
Acadm,-0.13863145258103243,0.3369922306980507,50,0.07486194477791117
Acads,-0.03289315726290516,0.8206040037107419,50,-0.055654261704681865
Acadsb,-0.11020408163265305,0.4461341332583326,50,-0.15937575030012002
Acadvl,0.18799519807923168,0.1910779964419356,50,0.11481392557022808
Acan,0.018871548619447776,0.8965044166938532,50,0.042977190876350546
Acap2,-0.19779111644657865,0.16855369141305213,50,-0.14228091236494594
Acap3,-0.027034813925570226,0.8521594188868581,50,-0.06641056422569028
Acat1,0.12345738295318126,0.3930108411216804,50,0.22957983193277312
Acat2,-0.08254501800720286,0.5687506533002326,50,-0.0182953181272509
Acbd3,0.12681872749099637,0.38015347916898345,50,0.07649459783913565
Acbd4,-0.011284513805522207,0.938004823056494,50,-0.21334933973589434
Acbd5,0.0024490383929842473,0.9865328866055293,50,0.021945304815564726
Acbd6,0.24993997599039616,0.08002458253254541,50,0.2965186074429772
Accs,-0.10194477791116446,0.48114356379579976,50,-0.18175270108043215
Ace,0.7149579831932773,5.4540230375561665e-09,50,0.5792557022809123
Ache,0.37728691476590637,0.006913932581918617,50,0.2281392557022809
Acin1,0.00038416288517399965,0.9978874168754117,50,-0.05488595438175269
Acly,0.306218487394958,0.030558375378706912,50,0.4666026410564225
Aco1,0.022761650946559478,0.875324796113862,50,-0.016470983701835234
Aco2,0.12297719087635053,0.39486820177361,50,0.31995198079231685
Acot1,-0.003889555822328931,0.9786130658625282,50,-0.033565426170468184
Acot11,0.06228091236494597,0.667434747686028,50,0.14285714285714285
Acot13,-0.2123889555822329,0.13866403405411998,50,-0.13421368547418966
Acot2,-0.0026411198355712475,0.9854767512789201,50,-0.0989219429323049
Acot3,0.06324129651860745,0.6626117149647571,50,-0.013685474189675868
Acot7,-0.17435774309723887,0.22588995351101332,50,-0.07812725090036014
Acot8,0.1415126050420168,0.32694758287613956,50,0.23486194477791117
Acot9,-0.0563265306122449,0.6976286191683302,50,-0.045954381752701084
Acox1,-0.08581032412965187,0.553503616234848,50,-0.09531812725090036
Acox3,0.003217286914765906,0.9823089250466962,50,-0.05430972388955582
Acp1,-0.09800720288115244,0.4983297063593493,50,-0.13334933973589436
Acp2,-0.05690276110444177,0.6946853683372957,50,-0.05920768307322929
Acp6,0.011380552220888355,0.9374782471699071,50,0.01637454981992797
Acsbg1,-0.15006002400960383,0.29826985792038846,50,-0.14756302521008402
Acsf2,0.21027611044417766,0.14272649075983895,50,0.12240096038415366
Acsf3,-0.0114765906362545,0.9369516977605437,50,-0.1288355342136855
Acsl1,0.021176470588235297,0.8839457115687899,50,0.07322929171668667
Acsl3,0.07582232893157262,0.6007386654540318,50,0.05920768307322929
Acsl4,-0.05997599039615846,0.6790641281788056,50,-0.06151260504201681
Acsl5,0.1241296518607443,0.390419166701422,50,0.30919567827130856
Acsl6,0.15774309723889554,0.2739254444402557,50,0.1592797118847539
Acss1,0.24216086434573827,0.09019923155101413,50,0.12528211284513804
Acss2,-0.06641056422569028,0.6467924718812164,50,-0.09723889555822329
Acss3,0.22679471788715486,0.11323128882431462,50,0.135078031212485
Acta2,0.14256902761104442,0.32331223231580125,50,0.05104441776710684
Actb,-0.31198828312193444,0.027407201778161416,50,-0.08773109243697479
Actl6a,-0.02348139255702281,0.8714151845581424,50,-0.09378151260504201
Actl6b,0.2700665082773217,0.057858312266258635,50,0.15390525587283357
Actn1,-0.2978631452581032,0.035650956209985984,50,-0.33647058823529413
Actn2,0.14160864345738294,0.32661603830870695,50,0.09195678271308522
Actn3,0.15399759903961585,0.2856239407910244,50,0.10127250900360144
Actn4,-0.0846578631452581,0.5588627246986755,50,0.0114765906362545
Actr10,-0.03903961584633854,0.7877971555185405,50,-0.02857142857142857
Actr1a,0.1503517491849741,0.2973207255118661,50,0.1833897573099381
Actr1b,0.1241296518607443,0.390419166701422,50,0.0968547418967587
Actr2,-0.14141656662665067,0.3272793390182778,50,-0.2099879951980792
Actr3,0.10540216086434574,0.4663150106107136,50,0.1065546218487395
Actr3b,0.14420168067226888,0.3177443583562677,50,0.13699879951980792
Actr5,-0.11481392557022808,0.4272224762389707,50,-0.1427611044417767
Actr6,0.10463385354141658,0.46958885190595157,50,0.22016806722689078
Actr8,0.07399759903961585,0.6095549479701945,50,-0.030012004801920768
Acvr1,-0.0974309723889556,0.5008709929602794,50,-0.007154861944777911
Acvr1b,-0.12101130882980987,0.4025255616080534,50,-0.15875531229815534
Acvr2a,0.08100840336134453,0.575992325891534,50,0.1006002400960384
Acy1,0.18406204235899254,0.20069958377660663,50,0.08494801798410066
Acy3,-0.23697478991596638,0.09752385700345662,50,-0.19356542617046818
Acyp1,-0.09464585834333733,0.513246992952907,50,-0.1874189675870348
Acyp2,0.12960384153661464,0.36969234346578317,50,0.11116446578631452
Ada,0.2740456182472989,0.05412566526309257,50,0.2041296518607443
Adal,0.44336134453781506,0.0012610916224391486,50,0.4851380552220888
Adam10,0.3619207683073229,0.009804712977804423,50,0.2736614645858343
Adam11,0.15486194477791115,0.28289570390531826,50,0.09301320528211285
Adam15,0.12710684273709483,0.3790631974221934,50,0.18098439375750297
Adam17,0.14487394957983193,0.31546950168112314,50,0.05584633853541416
Adam22,-0.07553421368547418,0.6021269961462214,50,0.003793517406962785
Adam23,-0.1822328931572629,0.2052888993719497,50,-0.021080432172869146
Adam9,-0.022424969987995196,0.8771546533520387,50,-0.1775270108043217
Adamts3,0.02665066026410564,0.8542372197436355,50,-0.004849939975990396
Adamts4,0.11894357743097239,0.41067190225859995,50,0.31198079231692677
Adap1,0.24705882352941175,0.08368209233442486,50,0.17493397358943577
Adap2,0.42136854741896757,0.00230798478218505,50,0.314093637454982
Adar,-0.07092436974789915,0.6245277341281963,50,-0.14948379351740695
Adarb1,0.12672268907563025,0.38051732071102834,50,0.2002881152460984
Adat1,-0.05085234093637454,0.7258039863695547,50,-0.05968787515006002
Adat2,0.05354141656662665,0.7119158201457186,50,0.08388955582232892
Adck1,-0.11356542617046818,0.43229920121020293,50,-0.13843937575030013
Adck5,-0.06669867947178872,0.6453618615817179,50,-0.011380552220888355
Adcy1,0.4537334933973589,0.0009349266604966169,50,0.3989915966386554
Adcy2,0.3426252732145608,0.014864116665991564,50,0.2649763500487662
Adcy3,-0.06266506602641056,0.6655039242284221,50,0.004369747899159664
Adcy5,0.2910444177671068,0.040309103611665925,50,0.2582953181272509
Adcy6,0.25138055222088834,0.07824361760042567,50,0.2482112845138055
Adcy8,0.19308523409363745,0.17912052242038165,50,0.2003841536614646
Adcy9,0.09070828331332531,0.5310034022284797,50,0.18645858343337332
Adcyap1,0.139015606242497,0.3356419584156021,50,0.18031212484993997
Adcyap1r1,-0.03812816635351946,0.792640544183079,50,-0.0956062424969988
Add1,-0.043073229291716676,0.7664603680863299,50,0.03750300120048019
Add2,0.2342857142857143,0.1014987784337142,50,0.16840336134453782
Add3,0.10943840191394313,0.4493193704664004,50,-0.1479507311526366
Adgra1,-0.14343337334933973,0.32035690873689926,50,-0.06112845138055222
Adgrb1,0.18050420168067227,0.2096935936237541,50,0.1074189675870348
Adgrb2,0.15236494597839134,0.2908241130624517,50,0.03683073229291716
Adgrb3,-0.014069627851140454,0.9227456830202393,50,-0.09618247298919569
Adgrf5,0.2016326530612245,0.16026948296871257,50,0.15294117647058825
Adgrg1,-0.04729891956782713,0.7442902879681722,50,0.05690276110444177
Adgrg6,0.08206482593037215,0.5710091453885509,50,0.17301320528211284
Adgrl1,0.2533973589435774,0.0758029201498346,50,0.23246098439375748
Adgrl2,0.31851140456182475,0.02417621542284746,50,0.2532052821128451
Adgrl3,0.1224969987995198,0.39673069234463537,50,0.21114045618247296
Adh1,0.07627281680081643,0.5985707278719918,50,0.07074928157909484
Adhfe1,0.11519807923169266,0.425667201852284,50,0.16379351740696277
Adi1,0.2510924369747899,0.07859728817473913,50,0.34050420168067225
Adipor1,0.034717887154861946,0.8108299884235655,50,-0.062472989195678265
Adk,0.29421368547418963,0.03808542312926573,50,0.2557022809123649
Adnp,-0.20393757503001197,0.15544424848919466,50,-0.20345738295318128
Adnp2,-0.10929434083200289,0.4499200592690852,50,-0.03687963697670396
Ado,-0.2502280912364946,0.07966586147433821,50,-0.31092436974789917
Adora1,0.14785114045618247,0.3055200155233698,50,0.0830252100840336
Adora2a,0.24235294117647058,0.08993642129920594,50,0.19154861944777912
Adpgk,0.4906122448979591,0.00029792040971802776,50,0.5197118847539015
Adprh,0.10424969987995197,0.4712303742641664,50,0.1406482593037215
Adprm,-0.16331332533013204,0.2571220199431806,50,-0.03010804321728691
Adprs,0.027803121248499398,0.8480068101944223,50,0.16974789915966385
Adra1a,-0.044897959183673466,0.7568630339178207,50,-0.09166866746698678
Adra1b,0.25531812725090036,0.07353475374583883,50,0.09454981992797118
Adra2a,-0.003985594237695078,0.9780851204760453,50,-0.031164465786314523
Adrb1,0.37555822328931565,0.007196944372079503,50,0.22919567827130852
Adrm1,-0.2535894357743097,0.0755736459783746,50,-0.29027611044417767
Adsl,-0.08120048019207683,0.5750848160521908,50,-0.026074429771908762
Adss,-0.1226890756302521,0.3959850809429432,50,-0.09157262905162064
Adss1,0.13142857142857142,0.36293342288441993,50,0.10175270108043216
Aebp1,0.14180072028811525,0.3259535839553245,50,0.12557022809123647
Afap1,0.013685474189675868,0.9248488795718957,50,-0.004369747899159664
Afap1l1,0.08292917166866745,0.5669468413550871,50,0.05728691476590636
Afap1l2,0.2327490996398559,0.1038255908478191,50,0.2747178871548619
Afdn,0.08725090036014405,0.5468392146187665,50,0.272797118847539
Aff4,0.016758703481392558,0.9080387412450949,50,0.08801920768307324
Afg3l1,0.029723889555822326,0.8376433832914365,50,-0.0887875150060024
Afg3l2,-0.16225690276110444,0.26025439723024896,50,-0.219015606242497
Afmid,0.004657863145258102,0.9743897755876302,50,-0.14765906362545017
Aftph,0.07370948379351741,0.6109520680536464,50,-0.05392557022809123
Agap1,0.13747899159663865,0.3410633035393226,50,0.028763505402160862
Agap2,0.0005282112845138055,0.9970952708744708,50,0.12557022809123647
Agap3,0.04057623049219687,0.7796497270001826,50,0.17042016806722687
Agbl4,0.39486194477791114,0.004542724143757326,50,0.1078031212484994
Agfg1,0.05671068427370948,0.6956659593725275,50,0.06160864345738295
Agfg2,-0.24878751500600238,0.08147219196218929,50,-0.3014165666266506
Agk,-0.1569747899159664,0.2762988925528917,50,-0.1392076830732293
Agl,0.14593037214885954,0.31191571257701484,50,0.10271308523409363
Ago1,-0.03692677070828331,0.7990365169421094,50,-0.1185594237695078
Ago2,-0.11020408163265305,0.4461341332583326,50,-0.10540216086434574
Ago3,-0.20297719087635052,0.1574416181089488,50,-0.16581032412965185
Agpat1,-0.021705203012330976,0.8810686999243289,50,0.0473000552370487
Agpat3,-0.09157262905162064,0.5270799633389929,50,-0.2231452581032413
Agpat4,-0.054166966809533944,0.7086980980344724,50,-0.04273812097560746
Agpat5,-0.05584633853541416,0.7000846998390193,50,-0.22948379351740697
Agps,0.02804389061770197,0.846706315527329,50,0.05690276110444177
Agrn,0.05661464585834333,0.6961564398746369,50,0.06439375750300119
Agt,0.3353181272509004,0.017291210647721617,50,0.3751740696278511
Agtpbp1,-0.030492196878751498,0.83350553540182,50,0.10050420168067226
Ahctf1,-0.018103241296518604,0.9006963927911024,50,0.01310924369747899
Ahcy,0.08129651860744297,0.5746313067554828,50,0.055654261704681865
Ahcyl1,-0.05901560624249699,0.6839318162727875,50,-0.10588235294117646
Ahcyl2,0.02175270108043217,0.8808103207234205,50,-0.07457382953181273
Ahdc1,-0.16417767106842737,0.2545780871956436,50,-0.2139255702280912
Ahi1,0.49070828331332533,0.00029698365177905863,50,0.362016806722689
Ahnak,0.22362545018007202,0.1184956263697056,50,0.23476590636254502
Ahsa1,-0.04845138055222088,0.7382785051392184,50,-0.19039615846338534
Ahsa2,-0.31092436974789917,0.027966922672772194,50,-0.31985594237695075
Ahsp,0.2630972388955582,0.06489295399449564,50,0.34924369747899153
Aida,-0.026938775510204082,0.8526787765291988,50,0.18386554621848739
Aif1,0.4969507803121248,0.00024152449311413073,50,0.4456662665066026
Aif1l,-0.03606242496998799,0.8036462240386789,50,-0.12451380552220888
Aifm1,-0.16148859543817526,0.26254848530198116,50,-0.029723889555822326
Aifm2,-0.13268025646697013,0.35834071214859375,50,-0.15664241642969834
Aifm3,0.13363745498199278,0.3548525395175443,50,0.17205282112845138
Aig1,-0.3890996398559423,0.005226298462322721,50,-0.35471788715486197
Aimp1,-0.045858343337334934,0.7518262499368317,50,-0.11750300120048018
Aimp2,-0.27058823529411763,0.057357415557705946,50,-0.2289075630252101
Aip,-0.26069627851140453,0.06746890137077693,50,-0.04201680672268907
Ajap1,0.09454981992797118,0.5136764843567919,50,0.0027370948379351738
Ajm1,0.45575030012004797,0.000881107911741144,50,0.2512845138055222
Ak2,0.18232893157262903,0.20504611842965187,50,0.32446578631452583
Ak3,0.07524609843937576,0.6035167253438533,50,0.1506362545018007
Ak4,-0.038367346938775505,0.7913687946434047,50,-0.05315726290516206
Ak5,0.11923169267707083,0.40953114935851703,50,0.07524609843937576
Akain1,0.030684273709483793,0.8324717662389532,50,0.09368547418967586
Akap1,0.005570361835022995,0.969374795658302,50,0.018487838848998732
Akap10,-0.25047420113344776,0.0793604430254271,50,-0.1870348139255702
Akap11,0.3347979544291407,0.017476127747827558,50,0.235635909693602
Akap12,0.2731812725090036,0.05491946883029323,50,0.24744297719087635
Akap13,-0.13344537815126048,0.3555508257709776,50,-0.10857142857142857
Akap17a,-0.10453781512605041,0.4699989452938897,50,-0.06458583433373348
Akap2,-0.21891956782713082,0.12665243925699196,50,-0.0809123649459784
Akap5,0.3520288115246098,0.012173261149372209,50,0.18770708283313325
Akap6,0.3870828331332533,0.005485954276504262,50,0.42031212484993996
Akap7,0.01579831932773109,0.9132879741771157,50,0.05786314525810324
Akap8,-0.05555822328931572,0.7015598094284042,50,-0.1532292917166867
Akap8l,-0.10280912364945978,0.4774132891049011,50,-0.09829531812725088
Akap9,-0.2542617046818727,0.07477549919875907,50,-0.2735654261704682
Akr1a1,-0.028283313325330132,0.8454134955287829,50,0.017911164465786316
Akr1b1,0.11433373349339734,0.4291710699856449,50,0.08331332533013207
Akr1b7,0.048931572629051616,0.7357781389841229,50,-0.0114765906362545
Akr1b8,-0.09915966386554621,0.49326712687897634,50,-0.16782713085234094
Akr1c13,-0.15889555822328932,0.27039063996061596,50,-0.16331332533013204
Akr1c14,0.2810564225690276,0.04802397458123708,50,0.28797118847539016
Akr1c15,0.18424969987995196,0.2002328874502069,50,0.16177671068427368
Akr1c19,0.006770708283313325,0.9627796563599009,50,-0.0024489795918367346
Akr1e2,-0.39495798319327724,0.004532029507026643,50,-0.2622328931572629
Akr7a2,-0.13152460984393755,0.36257977813401376,50,-0.09090036014405761
Akr7a3,-0.0008163265306122449,0.995510886501963,50,0.006866746698679471
Akt1,-0.16465786314525807,0.2531721419877248,50,-0.1171188475390156
Akt1s1,0.26482593037214885,0.06308739069885357,50,0.3659543817527011
Akt2,-0.0968547418967587,0.5034189141331943,50,0.004561824729891957
Akt3,-0.020792316926770707,0.8860369534931125,50,-0.017430972388955582
Aktip,0.054405762304921966,0.7074710981749527,50,-0.12777911164465786
Alad,0.0790876350540216,0.5851032158998725,50,0.008883553421368545
Alas1,0.01503001200480192,0.9174900104787418,50,0.020120048019207682
Alb,-0.31006002400960386,0.02842864651479007,50,-0.2936374549819928
Alcam,0.06132052821128451,0.6722711206715749,50,0.057767106842737094
Aldh16a1,-0.013013205282112843,0.9285306892833678,50,0.0060984393757503004
Aldh18a1,0.023001200480192076,0.8740232394253051,50,-0.01771908763505402
Aldh1a1,0.2409123649459784,0.09192211186939131,50,0.2663625450180072
Aldh1a2,0.1367106842737095,0.3437942183463451,50,0.17819927971188473
Aldh1a3,-0.10088835534213686,0.4857235727911205,50,-0.048931572629051616
Aldh1b1,0.03490996398559423,0.8098027765851797,50,0.04845138055222088
Aldh1l1,0.1173109243697479,0.4171706025928586,50,0.081968787515006
Aldh2,0.19270108043217285,0.18000371055003092,50,0.22160864345738293
Aldh3a1,0.08619447779111644,0.55172268105076,50,0.009459783913565426
Aldh3a2,0.10924369747899158,0.45013133056791826,50,0.13767106842737095
Aldh3b1,-0.10069627851140456,0.48655874883215866,50,-0.1603361344537815
Aldh5a1,0.2048548585190353,0.15355396799667498,50,0.24038992539763027
Aldh6a1,0.10271308523409363,0.47782700585620214,50,-0.0966626650660264
Aldh7a1,0.20489795918367346,0.15346556701536493,50,0.2974789915966386
Aldh9a1,0.29382953181272503,0.0383494583391168,50,0.08513805522208882
Aldoa,-0.039711884753901555,0.7842298323116963,50,-0.09483793517406962
Aldob,0.04980070137747874,0.7312594761057368,50,0.0601738465052853
Aldoc,-0.057094837935174066,0.6937052717869107,50,-0.043073229291716676
Alg1,0.1570708283313325,0.2760014713003756,50,0.26799519807923167
Alg10,-0.1407442977190876,0.3296075548569894,50,-0.16254501800720286
Alg11,0.11625729312578163,0.4213955126492572,50,0.06468187274909963
Alg14,-0.10895819830747563,0.45132337899686736,50,0.07879951980792316
Alg2,0.1732052821128451,0.22902046668956422,50,0.28412965186074424
Alg5,0.1512124849939976,0.2945317147227276,50,0.1874189675870348
Alg6,-0.03750300120048019,0.79596713204242,50,-0.05402160864345738
Alg9,0.06612244897959184,0.6482243474823959,50,-0.04249699879951981
Alk,0.2138295318127251,0.13594404412591776,50,0.066890756302521
Alkbh3,0.14929171668667465,0.3007789235494369,50,0.029051620648259304
Alkbh5,0.2062424969987995,0.15072665560143494,50,0.1117406962785114
Alkbh6,0.039711884753901555,0.7842298323116963,50,-0.06496998799519808
Alkbh7,-0.09551020408163265,0.509389735992829,50,-0.18463385354141656
Alkbh8,-0.04403361344537814,0.7614047126017045,50,0.013685474189675868
Alox15,0.15495798319327728,0.28259362569692204,50,0.16840336134453782
Alox5,0.254453781512605,0.07454868602768906,50,0.1956782713085234
Alpl,0.173109243697479,0.22928268578934452,50,0.25118847539015604
Als2,0.12681872749099637,0.38015347916898345,50,0.1962545018007203
Alyref,0.05968787515006002,0.6805230852255368,50,0.2240096038415366
Amacr,-0.017238895558223288,0.9054155682735919,50,-0.0003361344537815126
Ambra1,0.276734693877551,0.05171516828520306,50,0.18607442977190874
Amd1,-0.060456182472989194,0.6766351207927777,50,-0.049315726290516206
Amdhd2,-0.03884753901560624,0.7888171864728192,50,-0.14208883553421367
Amer2,0.1456422569027611,0.3128823836245549,50,0.2003841536614646
Amfr,-0.007635237342833242,0.9580311217333773,50,0.033565426170468184
Amigo1,-0.1669627851140456,0.24649656967425387,50,-0.28230492196878754
Amigo2,-0.15591836734693876,0.27958449111394346,50,-0.18684273709483792
Amn1,-0.1367106842737095,0.3437942183463451,50,-0.07735894357743096
Amot,-0.1266266506602641,0.3808813693262309,50,-0.12509003601440577
Amotl1,0.09435774309723889,0.5145360102171661,50,0.016566626650660263
Amotl2,-0.21430972388955583,0.13504630439439766,50,-0.06641056422569028
Ampd2,0.3208163265306122,0.02311385296003581,50,0.35250900360144055
Ampd3,0.25099639855942374,0.07871545786542912,50,0.20845138055222087
Amph,0.08062424969987995,0.5778093067048342,50,-0.09339735894357742
Amt,-0.025690276110444176,0.8594359770665877,50,0.04124849939975991
Amz2,-0.1169267707082833,0.41870819488172134,50,-0.013013205282112843
Anapc1,-0.19649931576650081,0.17140814974601734,50,-0.14367691905507585
Anapc10,-0.142953181272509,0.3219966374250873,50,-0.10713085234093636
Anapc11,0.2297719087635054,0.10845033220088963,50,0.010324129651860744
Anapc2,0.0041776710684273705,0.9770292578143899,50,-0.16350540216086432
Anapc4,-0.15659063625450179,0.2774906931161745,50,-0.06036014405762304
Anapc5,-0.09915966386554621,0.49326712687897634,50,-0.1495798319327731
Anapc7,0.2622328931572629,0.06581108856687733,50,0.24436974789915963
Angel2,0.05267707082833133,0.7163700413625802,50,-0.03404561824729892
Ank1,0.062184873949579826,0.6679177874859943,50,0.09330132052821127
Ank2,0.10722689075630251,0.458589053334824,50,0.09512605042016806
Ank3,0.030012004801920768,0.8360911744142364,50,0.046242496998799516
Ankfn1,0.07659063625450178,0.5970433176389746,50,0.07937575030012005
Ankfy1,0.07755102040816325,0.5924382718268313,50,0.08523409363745497
Ankib1,0.1063625450180072,0.4622400242246198,50,0.21997599039615845
Ankle2,0.1735894357743097,0.22797365756453536,50,0.21286914765906362
Ankmy2,0.0021608643457382954,0.9881174171729694,50,-0.13843937575030013
Ankrd11,0.0792797118847539,0.5841892151915156,50,0.07793517406962785
Ankrd13a,0.1944297719087635,0.17605394141698905,50,0.14448979591836733
Ankrd13c,0.07054021608643457,0.6264100995628384,50,0.09723889555822329
Ankrd13d,0.014549819927971188,0.9201174243821219,50,0.02895558223289316
Ankrd16,0.14103241296518607,0.3286084790395605,50,0.21805522208883552
Ankrd17,0.3930372148859544,0.004750169932169738,50,0.326578631452581
Ankrd27,0.057382953181272504,0.692236057246644,50,0.060456182472989194
Ankrd28,0.06593037214885954,0.6491796319767822,50,0.04124849939975991
Ankrd29,0.06909963985594238,0.6334899031407717,50,0.24273709483793518
Ankrd33b,0.34184873949579836,0.015107410321798903,50,0.39236494597839133
Ankrd34a,0.07620648259303721,0.5988897401951788,50,-0.03279711884753902
Ankrd34b,0.2516686674669868,0.07789120257029128,50,0.2672268907563025
Ankrd34c,0.15879951980792315,0.27068404488745834,50,0.1201920768307323
Ankrd40,-0.021656662665066023,0.8813327615638011,50,0.10376950780312125
Ankrd44,0.06439375750300119,0.6568419236628033,50,0.03683073229291716
Ankrd45,0.18923855174501916,0.18810595234653135,50,0.19183283501342002
Ankrd46,0.09704681872749099,0.5025688713042594,50,0.1510204081632653
Ankrd49,-0.08897959183673469,0.5388930731522071,50,-0.038367346938775505
Ankrd50,0.15495798319327728,0.28259362569692204,50,0.14160864345738294
Ankrd52,0.0695798319327731,0.6311263144969435,50,0.2074909963985594
Ankrd54,-0.06842737094837935,0.6368050173218915,50,-0.06919567827130851
Ankrd63,0.19193277310924367,0.18177947806769923,50,0.1330612244897959
Anks1a,-0.058727490996398554,0.6853946173145391,50,-0.03548619447779112
Anks1b,0.2053781512605042,0.15248320921458572,50,0.11058823529411764
Anks3,-0.03097238895558223,0.8309216389451998,50,-0.1371908763505402
Ankzf1,-0.11673469387755102,0.41947820044144807,50,-0.19327731092436973
Anln,-0.03750300120048019,0.79596713204242,50,-0.08379351740696277
Ano10,0.22372148859543817,0.11833341800187742,50,0.21536614645858343
Ano3,-0.1595716584291501,0.2683310769963822,50,-0.12744603715647437
Ano4,-0.062184873949579826,0.6679177874859943,50,-0.12595438175270107
Ano6,-0.062472989195678265,0.6664690684682278,50,-0.033373349339735896
Ano8,0.23073229291716685,0.10694155365446155,50,0.2759663865546218
Anp32b,-0.07975990396158462,0.5819070336441934,50,-0.025978391356542615
Anp32e,-0.01771908763505402,0.9027933942784894,50,-0.050372148859543824
Anpep,0.056038415366146455,0.6991019013727332,50,0.05085234093637454
Antkmt,-0.1251860744297719,0.3863669167136145,50,-0.15150060024009604
Antxr1,-0.007923169267707083,0.9564499314163795,50,-0.13248499399759903
Antxr2,0.11068427370948379,0.44414289895062775,50,0.05699879951980792
Anxa1,0.1183673469387755,0.4129588830475173,50,0.02040816326530612
Anxa11,0.18770708283313325,0.19177144030035298,50,0.1262424969987995
Anxa2,0.2134453781512605,0.1366654425633772,50,0.230828331332533
Anxa3,0.08379351740696277,0.5628980021336466,50,0.09503001200480192
Anxa4,0.20451380552220885,0.15425480215836337,50,0.1926050420168067
Anxa5,0.2510924369747899,0.07859728817473913,50,0.08494597839135654
Anxa6,0.24024009603841537,0.09286036141846472,50,0.16100840336134453
Anxa7,0.14641056422569024,0.31030883511378676,50,0.13930372148859543
Aoc3,-0.016566626650660263,0.9090882839930864,50,-0.016086434573829533
Aopep,0.19798319327731093,0.16813223213309475,50,0.2820168067226891
Aox1,0.0846578631452581,0.5588627246986755,50,0.09704681872749099
Ap1ar,-0.2893157262905162,0.041566263619672326,50,-0.17839135654261706
Ap1b1,-0.19106842737094837,0.18379221989363928,50,0.023385354141656663
Ap1g2,0.08129651860744297,0.5746313067554828,50,-0.0019687875150060023
Ap1m1,0.17925570228091237,0.21291569069366897,50,0.14439375750300118
Ap1s1,0.05286914765906363,0.715379400371927,50,0.08273709483793518
Ap1s2,0.20384153661464588,0.15564314316445846,50,0.22237695078031214
Ap2a1,-0.06045763405425819,0.6766277830240173,50,-0.023722058159494477
Ap2a2,0.06439375750300119,0.6568419236628033,50,0.03097238895558223
Ap2b1,0.11222088835534214,0.4378040765238864,50,0.2758703481392557
Ap2m1,0.16436974789915965,0.25401507934189005,50,0.14036014405762304
Ap2s1,-0.16667466986794718,0.24732441964392568,50,-0.16888355342136854
Ap3b1,0.3517491417374433,0.012246801354658403,50,0.2093157262905162
Ap3b2,-0.18136854741896757,0.20748303568720763,50,-0.2763505402160864
Ap3d1,-0.08974789915966387,0.535379538886014,50,-0.08139255702280913
Ap3m1,0.06852340936374549,0.6363309963298318,50,0.047490996398559415
Ap3m2,-0.08523409363745497,0.55618012140731,50,0.018967587034813924
Ap3s1,-0.02914765906362545,0.840749631753519,50,0.1078031212484994
Ap3s2,-0.19596638655462184,0.172595902578864,50,-0.16686674669867946
Ap4b1,-0.2385114045618247,0.09530718986055638,50,-0.20182472989195677
Ap4e1,-0.2620408163265306,0.06601651962094117,50,-0.26232893157262904
Ap4m1,-0.21911164465786312,0.12631143390035948,50,-0.24484993997599036
Ap5m1,0.043986650352422954,0.7616517084483275,50,0.07054021608643457
Ap5s1,0.1648499399759904,0.25261123304908306,50,-0.027130852340936373
Apaf1,0.18463385354141656,0.19927990749063137,50,0.1721488595438175
Apba1,0.15294117647058825,0.2889817627244347,50,0.14199279711884752
Apba2,0.15466986794717885,0.28350049578454267,50,0.07553421368547418
Apbb1,-0.09551020408163265,0.509389735992829,50,-0.05181272509003601
Apbb1ip,0.04845138055222088,0.7382785051392184,50,-0.011380552220888355
Apbb2,-0.042593037214885957,0.7689918259288934,50,-0.020024009603841535
Apc,0.12086724774786962,0.40309006648689893,50,0.20317414589639904
Apc2,0.07956782713085234,0.5828194220937315,50,0.0739015606242497
Apeh,-0.08758913781967191,0.5452800551100785,50,0.03956877717292196
Apex1,-0.06410564225690277,0.6582825317229156,50,-0.09771908763505403
Api5,-0.22621848739495798,0.1141749260431452,50,-0.14228091236494594
Apip,-0.06612244897959184,0.6482243474823959,50,-0.11433373349339734
Aplp1,-0.1962545018007203,0.17195303492805075,50,-0.2024969987995198
Aplp2,-0.014549819927971188,0.9201174243821219,50,-0.018871548619447776
Apmap,-0.041440576230492195,0.7750770169950753,50,-0.041440576230492195
Apoa1,-0.0331812725090036,0.8190589030020377,50,-0.0809123649459784
Apoc1,-0.17157262905162063,0.2335063452041421,50,-0.23486194477791117
Apoc4,0.05459783913565427,0.7064846856496607,50,0.04701080432172868
Apod,0.02559423769507803,0.8599561812492482,50,-0.04605042016806723
Apoe,-0.1316206482593037,0.36222634242251806,50,-0.11068427370948379
Apom,-0.09791116446578632,0.498752792431235,50,-0.07879951980792316
Apoo,-0.013589435774309724,0.9253747587611171,50,-0.12566626650660262
Apool,-0.02991596638655462,0.8366085090060389,50,-0.009459783913565426
App,-0.05056422569027611,0.7272972880782103,50,-0.07947178871548619
Appbp2,0.08686883240997066,0.548602984559751,50,0.16850344550944557
Appl1,-0.28230492196878754,0.046998485421003475,50,-0.22295318127250902
Appl2,-0.04240096038415366,0.7700050788477624,50,-0.07687875150060022
Aprt,-0.09896758703481391,0.49410903335693884,50,-0.04643457382953182
Aptx,-0.0009123649459783913,0.994982761888243,50,0.1185594237695078
Aqp1,0.2901800720288115,0.04093372413883782,50,0.40897959183673466
Aqp4,-0.04201680672268907,0.7720327241636067,50,-0.060456182472989194
Aqr,0.09627851140456183,0.5059734470588745,50,0.08081632653061224
Araf,-0.11606242496998799,0.4221795604689439,50,-0.11759903961584633
Arap1,0.18357743097238896,0.2019083460799354,50,0.19539015606242494
Arap2,0.013205282112845136,0.9274785890832614,50,0.2994957983193277
Arc,0.2586794717887155,0.06969508384470641,50,0.2360144057623049
Arcn1,-0.09608643457382952,0.5068264233318739,50,-0.0346218487394958
Arel1,-0.06900360144057623,0.6339630568306114,50,-0.10588235294117646
Arf1,0.17762304921968786,0.2171812073420406,50,0.2204561824729892
Arf4,0.3037214885954382,0.032012599044993297,50,0.27250900360144054
Arf5,0.27241296518607444,0.05563293769399261,50,0.13546218487394956
Arf6,-0.03865546218487395,0.7898375681306562,50,0.004465786314525811
Arfgap1,0.22064825930372148,0.12360826820453572,50,0.2580072028811525
Arfgap2,-0.0114765906362545,0.9369516977605437,50,0.021176470588235297
Arfgap3,-0.14233234895696684,0.32412446227780817,50,-0.20240096038415364
Arfgef1,-0.13834333733493398,0.33800715106040335,50,-0.1528451380552221
Arfgef2,-0.0036974789915966387,0.9796689836275797,50,0.030012004801920768
Arfgef3,0.12316926770708284,0.3941246415594056,50,0.006002400960384154
Arfip1,-0.011380552220888355,0.9374782471699071,50,0.07130852340936374
Arfip2,-0.08993997599039616,0.5345029055740002,50,0.009267707082833133
Arfrp1,0.12691476590636253,0.3797898447442348,50,0.06439375750300119
Arg1,0.05517406962785113,0.7035283168203037,50,0.07255702280912364
Arg2,-0.1373829531812725,0.34140393033004296,50,-0.20758703481392557
Arglu1,-0.05334933973589436,0.712904830878288,50,-0.005810324129651861
Arhgap1,-0.0974309723889556,0.5008709929602794,50,0.07207683073229292
Arhgap10,0.2329411764705882,0.10353251501948034,50,0.03644657863145258
Arhgap12,0.04797118847539015,0.7407815550065097,50,0.01262905162064826
Arhgap17,-0.13680672268907562,0.34345211659771546,50,-0.13747899159663865
Arhgap18,0.04797118847539015,0.7407815550065097,50,0.01771908763505402
Arhgap20,0.15092436974789916,0.29546338699281394,50,0.11279711884753903
Arhgap21,0.12576230492196877,0.3841671177743801,50,0.1291236494597839
Arhgap22,0.22208883553421366,0.12111397811759446,50,0.14756302521008402
Arhgap23,-0.21315726290516207,0.13720836565864944,50,-0.1886674669867947
Arhgap24,0.13642256902761105,0.3448217871817177,50,0.01579831932773109
Arhgap25,0.07418967587034814,0.6086242993514357,50,0.027226890756302524
Arhgap26,0.3717166866746698,0.00786213069751659,50,0.27078031212484993
Arhgap27,0.2594477791116447,0.06884022846047824,50,0.32158463385354136
Arhgap31,-0.13440576230492196,0.352067786837127,50,-0.3064105642256902
Arhgap32,0.1173109243697479,0.4171706025928586,50,0.13171668667466988
Arhgap33,0.2198799519807923,0.12495433270331179,50,0.08955582232893158
Arhgap35,0.09186074429771908,0.525775341566126,50,0.06737094837935174
Arhgap39,0.157358943577431,0.27511047664298194,50,0.15553421368547415
Arhgap44,0.2731812725090036,0.05491946883029323,50,0.23111644657863145
Arhgap45,-0.11030012004801922,0.4457354930536335,50,-0.052004801920768305
Arhgap5,-0.10137098132528914,0.48362836921636454,50,0.06794717887154862
Arhgap6,0.07582232893157262,0.6007386654540318,50,-0.0003361344537815126
Arhgdia,-0.01637454981992797,0.9101379804213003,50,-0.013397358943577431
Arhgdib,0.2558943577430972,0.07286488751789306,50,0.1481392557022809
Arhgef1,0.2719327731092437,0.056082639792556024,50,0.35942376950780314
Arhgef10,0.11366146458583432,0.4319074870573528,50,0.03558223289315726
Arhgef10l,-0.11001200480192078,0.4469320031335666,50,-0.06036014405762304
Arhgef11,0.32379351740696277,0.021799971786013,50,0.3103481392557023
Arhgef12,0.2785594237695078,0.05012956897681976,50,0.23774309723889556
Arhgef18,-0.037118847539015606,0.7980130520295956,50,0.01042016806722689
Arhgef2,0.06554621848739495,0.6510918768730238,50,0.1020408163265306
Arhgef25,0.0885954381752701,0.5406540272994341,50,0.06890756302521008
Arhgef26,0.11241296518607442,0.43701528359012115,50,-0.08686674669867947
Arhgef28,0.036350540216086434,0.8021089117393996,50,0.04163265306122449
Arhgef37,-0.06986794717887154,0.629709910864829,50,-0.09291716686674668
Arhgef4,-0.04912364945978391,0.7347787492963292,50,-0.10933973589435773
Arhgef40,-0.0760144057623049,0.5998138905729673,50,0.057190876350540217
Arhgef6,0.24062424969987994,0.09232331168907343,50,0.18386554621848739
Arhgef7,0.19481392557022806,0.17518477928606702,50,0.27289315726290514
Arhgef9,0.011380552220888355,0.9374782471699071,50,0.01944777911164466
Arid1a,-0.16446973521511857,0.25372233291117396,50,-0.1169267707082833
Arid1b,0.029531812725090034,0.8386785296382456,50,0.07159663865546219
Arid2,-0.04729891956782713,0.7442902879681722,50,0.13171668667466988
Arid4a,0.20701080432172866,0.1491778520201904,50,0.08436974789915966
Arid4b,-0.021656662665066023,0.8813327615638011,50,0.015414165666266506
Arid5b,0.1569747899159664,0.2762988925528917,50,0.054405762304921966
Arih1,-0.19471788715486196,0.17540177858372744,50,0.05997599039615846
Arih2,0.028763505402160862,0.8428218018137286,50,-0.00849939975990396
Arl1,-0.15380552220888358,0.28623254637859175,50,0.062472989195678265
Arl11,-0.04249699879951981,0.7694984047447928,50,-0.042881152460984395
Arl14ep,-0.13959183673469386,0.3336228844020166,50,-0.05584633853541416
Arl15,0.10751500600240095,0.4573755516331073,50,0.04470588235294118
Arl2,-0.028763505402160862,0.8428218018137286,50,0.06516206482593037
Arl2bp,-0.09522208883553422,0.5106738528670569,50,-0.12691476590636253
Arl3,-0.11471788715486195,0.4276117951507361,50,0.062088835534213675
Arl5a,-0.20883553421368548,0.14554663141453617,50,-0.10146458583433372
Arl6,0.10338783647245266,0.47492431767065546,50,0.1558223289315726
Arl6ip1,0.1675390156062425,0.24484651565900284,50,0.1472749099639856
Arl6ip4,-0.17253715580377257,0.23084897624390455,50,-0.18809123649459786
Arl6ip5,0.0914765906362545,0.5275151924652707,50,0.22583433373349338
Arl8a,-0.21277310924369747,0.1379347666731362,50,-0.21536614645858343
Arl8b,-0.19462184873949578,0.17561897199130802,50,-0.12941176470588234
Armc1,-0.05642256902761104,0.697137769951935,50,-0.08369747899159663
Armc10,-0.23582232893157262,0.09921238116874942,50,-0.09435774309723889
Armc6,-0.06333733493397359,0.662130151953696,50,-0.07092436974789915
Armc8,0.020216086434573826,0.8891752536029512,50,-0.0712124849939976
Armc9,-0.03078031212484994,0.831954986737294,50,0.0022569027611044415
Armcx1,-0.3660504201680672,0.00894040036825591,50,-0.23303721488595439
Armcx2,-0.09618247298919569,0.5063998437393995,50,-0.13037214885954382
Armcx3,0.18261704681872748,0.20431898856696412,50,0.12835534213685473
Armcx4,-0.20662665066026412,0.14995077696823111,50,-0.184921968787515
Armh3,0.03154861944777911,0.8278233003860368,50,0.023865546218487393
Armt1,0.2510924369747899,0.07859728817473913,50,0.17205282112845138
Arnt2,0.3679711884753902,0.008561378513721915,50,0.42031212484993996
Arntl,-0.0017767106842737094,0.990229763041263,50,-0.10357743097238895
Arpc1a,0.0710204081632653,0.6240575126328836,50,0.21152460984393756
Arpc1b,0.09714285714285714,0.5021441256454877,50,0.22833133253301321
Arpc2,-0.08840336134453781,0.5415355477060978,50,-0.07966386554621849
Arpc3,-0.04845138055222088,0.7382785051392184,50,0.0059063625450180065
Arpc4,-0.07668667466986795,0.5965821041440148,50,0.10924369747899158
Arpc5,0.21210084033613444,0.13921286901994515,50,0.15975990396158463
Arpc5l,0.18088835534213688,0.20870909358909023,50,0.1754141656662665
Arpin,0.08725090036014405,0.5468392146187665,50,0.020888355342136854
Arpp21,0.2496518607442977,0.08038457328398806,50,0.1863625450180072
Arr3,0.015510204081632653,0.9148634689164352,50,0.0480672268907563
Arrb1,0.039135654261704685,0.7872872720608813,50,-0.03078031212484994
Arrb2,0.0757262905162065,0.601201286715933,50,0.07054021608643457
Arrdc1,-0.21872749099639854,0.12699413811761875,50,-0.13104441776710685
Arsa,-0.02415366146458583,0.8677661870492,50,-0.022905162064825933
Arsb,0.24845734598628424,0.08189068731929905,50,0.14564575384159262
Arvcf,0.05959183673469387,0.6810096619651588,50,0.10962785114045617
As3mt,-0.006194477791116446,0.9659453951391317,50,-0.06477791116446578
Asah1,0.08869147659063625,0.5402135277453415,50,0.01944777911164466
Asah2,-0.08945978391356542,0.5366958030570775,50,0.014165666266506602
Asap1,0.2716446578631453,0.056353864888385126,50,0.28364945978391354
Asap2,0.31668667466986794,0.02504604924264064,50,0.2238175270108043
Asb1,-0.0033133253301320525,0.9817809208576903,50,0.019543817527010805
Asb13,-0.02069627851140456,0.8865598846501891,50,0.09781512605042017
Asb6,-0.22737094837935176,0.11229361302028644,50,-0.29939975990396156
Ascc1,0.12220888355342135,0.39785064632490746,50,0.05277310924369748
Ascc2,0.11112178268671333,0.44233294607434365,50,0.07697478991596637
Ascc3,0.06516206482593037,0.6530063475185934,50,0.09416566626650659
Ash2l,-0.10814185217648088,0.45474140410669206,50,-0.11587034813925569
Asic1,0.10031212484993997,0.4882313531546813,50,0.09848739495798318
Asic2,0.048931572629051616,0.7357781389841229,50,-0.09003601440576231
Asic4,0.35539015606242497,0.011318600589238946,50,0.24494597839135654
Asl,-0.38785114045618246,0.005385738190892499,50,-0.2811524609843938
Asmtl,0.002977262360098497,0.9836285748400219,50,0.1171188475390156
Asns,0.05411764705882353,0.7089516084339997,50,0.15975990396158463
Asnsd1,-0.06804321728691476,0.6387025395929358,50,-0.023385354141656663
Aspa,0.10674669867947177,0.46061543466418853,50,0.03260504201680672
Asph,0.003601440576230492,0.9801969555584257,50,0.004273709483793517
Asphd1,-0.20614645858343336,0.1509210873915034,50,-0.301704681872749
Asphd2,0.30122448979591837,0.03352379645168875,50,0.23937575030012
Aspn,0.22055222088835533,0.12377592432772774,50,0.18146458583433375
Asprv1,-0.007107013375718993,0.9609322973886977,50,-0.054983312940528696
Aspscr1,-0.23543817527010802,0.09978021413717464,50,-0.25013205282112844
Asrgl1,-0.2204561824729892,0.12394375224677465,50,-0.26415366146458585
Ass1,0.261656662665066,0.06642891656266885,50,0.2921968787515006
Astn1,0.1735894357743097,0.22797365756453536,50,0.09618247298919569
Astn2,0.173109243697479,0.22928268578934452,50,0.2582953181272509
Atad1,0.06372148859543818,0.660205254292198,50,0.035006002400960384
Atad3a,-0.0024489795918367346,0.9865332099197339,50,0.058727490996398554
Atat1,-0.034094456059192466,0.8141662146035166,50,-0.016711085505068984
Atcay,0.043937575030012,0.7619098383988592,50,-0.016182472989195677
Ate1,0.11635054021608643,0.42102062780062893,50,0.11116446578631452
Atf2,-0.026554621848739496,0.8547568235322907,50,-0.01579831932773109
Atf7ip,0.10069627851140456,0.48655874883215866,50,0.06929171668667466
Atg10,0.07630252100840335,0.5984278995617137,50,0.11068427370948379
Atg101,0.07668667466986795,0.5965821041440148,50,0.009555822328931571
Atg12,0.12124849939975989,0.4015971284232332,50,0.04470588235294118
Atg13,0.031260504201680674,0.8293721484376042,50,-0.09819927971188475
Atg14,0.09166866746698678,0.5266449117358686,50,0.04816326530612245
Atg16l1,-0.029436481076457723,0.8391923943842551,50,-0.21719087635054019
Atg2a,-0.03822420707481296,0.7921298206962067,50,-0.04129751015620496
Atg3,0.01771908763505402,0.9027933942784894,50,-0.2847058823529412
Atg4b,0.1011764705882353,0.48447221858957024,50,0.10424969987995197
Atg4c,-0.05901560624249699,0.6839318162727875,50,0.14458583433373348
Atg4d,-0.07750486208385442,0.5926592398501953,50,-0.05968787515006002
Atg5,0.20921968787515002,0.14479058670076012,50,0.15899159663865545
Atg7,-0.1732052821128451,0.22902046668956422,50,-0.21162064825930374
Atg9a,0.07649459783913565,0.5975046881375029,50,0.13238895558223288
Atic,0.31774309723889554,0.024539319818966284,50,0.1793517406962785
Atl1,0.0846578631452581,0.5588627246986755,50,0.11769507803121249
Atl2,-0.06660264105642257,0.6458385908198062,50,-0.018007202881152456
Atl3,0.12960384153661464,0.36969234346578317,50,0.05018007202881152
Atm,0.15255702280912364,0.29020914820932153,50,0.09867947178871549
Atn1,0.028379351740696276,0.8448950262601718,50,-0.08955582232893158
Atox1,0.10780570965195364,0.45615291968215804,50,0.14487742807124462
Atp11a,0.10799519807923168,0.45535693461547877,50,0.23918367346938774
Atp11b,-0.022328931572629048,0.8776767380459473,50,-0.14266506602641055
Atp11c,0.5314285714285714,7.156265861405554e-05,50,0.4628571428571428
Atp13a1,-0.21411764705882352,0.13540486646628255,50,-0.21968787515006
Atp13a2,0.06631452581032413,0.647269623377497,50,0.022713085234093634
Atp13a4,0.03346938775510204,0.8175144823680135,50,0.07687875150060022
Atp1a1,0.014261704681872748,0.9216942799647057,50,0.018391356542617046
Atp1a2,0.2051860744297719,0.15287559475182988,50,0.12816326530612243
Atp1a3,0.014933973589435772,0.9180154243551587,50,0.08561824729891956
Atp1b1,-0.06228091236494597,0.667434747686028,50,-0.13911164465786313
Atp1b2,0.22439375750300117,0.11720267705189423,50,-0.01752701080432173
Atp1b3,0.26252100840336134,0.06550389889134264,50,0.07178871548619448
Atp23,0.2492677070828331,0.08086654091691045,50,0.29815126050420165
Atp2a2,-0.18799519807923168,0.1910779964419356,50,-0.20451380552220885
Atp2a3,0.03476674110824697,0.8105686913233481,50,-0.04269010061496071
Atp2b1,-0.013877551020408161,0.9237972168124924,50,0.016470588235294115
Atp2b2,0.18463385354141656,0.19927990749063137,50,0.21507803121248498
Atp2b3,0.0059063625450180065,0.9675284624934394,50,-0.06439375750300119
Atp2b4,0.053061224489795916,0.7143892233249539,50,0.11452581032412965
Atp2c1,0.07764705882352942,0.5919786363501149,50,0.06535414165666266
Atp5f1a,-0.12441776710684273,0.3893115351903369,50,-0.17282112845138053
Atp5f1b,-0.1006002400960384,0.48697661853049373,50,-0.11817527010804323
Atp5f1c,-0.1670588235294118,0.24622103800644243,50,-0.2790396158463385
Atp5f1d,-0.010516206482593037,0.942218356661114,50,-0.08369747899159663
Atp5f1e,0.10876350540216086,0.4521372736654675,50,0.1929891956782713
Atp5if1,0.1332533013205282,0.356249950777137,50,0.1343097238895558
Atp5mc3,0.16024009603841535,0.2663051405168559,50,-0.03798319327731092
Atp5me,-0.062472989195678265,0.6664690684682278,50,0.004273709483793517
Atp5mf,-0.3014165666266506,0.033405490644767215,50,-0.2409123649459784
Atp5mg,-0.1249939975990396,0.3871018342489888,50,-0.10665066026410563
Atp5mk,0.028475390156062427,0.8443766220421096,50,-0.009747899159663865
Atp5pb,-0.04201680672268907,0.7720327241636067,50,-0.03923169267707083
Atp5pd,-0.16168067226890756,0.2619736996819977,50,-0.15668667466986794
Atp5pf,0.18713085234093638,0.19316370092803664,50,0.3190876350540216
Atp5po,-0.20701080432172866,0.1491778520201904,50,-0.2588715486194478
Atp6ap1,0.12297719087635053,0.39486820177361,50,0.22593037214885953
Atp6ap2,-0.017430972388955582,0.9043665772606416,50,-0.008883553421368545
Atp6v0a1,0.03385354141656663,0.8154563224539221,50,-0.07265306122448979
Atp6v0a2,-0.04816326530612245,0.7397800145409038,50,-0.0830252100840336
Atp6v0c,0.0809123649459784,0.5764463261595072,50,0.1343097238895558
Atp6v0d1,-0.0974309723889556,0.5008709929602794,50,-0.09061224489795917
Atp6v1a,0.004273709483793517,0.9765013409868725,50,0.0331812725090036
Atp6v1b2,0.0848499399759904,0.5579678477607084,50,0.04710684273709483
Atp6v1c1,0.008403361344537815,0.9538133084615882,50,0.07947178871548619
Atp6v1d,-0.23207683073229293,0.10485638505300567,50,-0.10165666266506602
Atp6v1e1,0.12816634256617562,0.375069902890467,50,0.14036351417045012
Atp6v1f,0.12240096038415366,0.3971038054741006,50,-0.06660264105642257
Atp6v1g1,-0.30929171668667466,0.028844388706608777,50,-0.13824729891956783
Atp6v1g2,0.2107563025210084,0.14179552839739834,50,0.11452581032412965
Atp6v1h,-0.11106842737094838,0.4425534553303118,50,-0.06324129651860745
Atp7a,0.006578631452581032,0.9638348418776679,50,0.07207683073229292
Atp7b,0.08600240096038414,0.5526128077988495,50,-0.034717887154861946
Atp8a1,0.17186074429771905,0.23271036864627456,50,0.19663865546218487
Atp8a2,0.038367346938775505,0.7913687946434047,50,0.060072028811524604
Atp9a,-0.1460264105642257,0.31159391297394856,50,-0.06477791116446578
Atp9b,-0.11587034813925569,0.4229531870434041,50,-0.16254501800720286
Atpaf1,-0.13834333733493398,0.33800715106040335,50,-0.11644657863145258
Atpaf2,0.10122692024334888,0.48425327775996757,50,0.10982256479911714
Atraid,-0.08542617046818726,0.5552872740683678,50,0.07995198079231693
Atrn,0.03567827130852341,0.8056971175229699,50,0.06468187274909963
Atrnl1,0.10991596638655461,0.44733123264647084,50,0.006674669867947179
Atrx,0.03865546218487395,0.7898375681306562,50,0.00907563025210084
Atxn1,0.2945018007202881,0.037888380487594624,50,0.26127250900360144
Atxn10,0.2607923169267707,0.06736432275279534,50,0.3857382953181272
Atxn2,0.010228091236494596,0.9437988417400183,50,0.046530612244897955
Atxn2l,0.16350540216086432,0.25655523066197966,50,0.10165666266506602
Atxn3,0.13565426170468187,0.34757123273775026,50,0.1956782713085234
Atxn7l3,0.2062424969987995,0.15072665560143494,50,0.19423769507803118
Atxn7l3b,-0.1065546218487395,0.46142734267882113,50,-0.06525810324129651
Auh,0.27663865546218486,0.05179973356797918,50,0.16062424969987996
Aup1,-0.22593037214885953,0.11464898673512433,50,-0.19596638655462184
Auts2,-0.11318127250900359,0.433868048538726,50,-0.10588235294117646
Aven,0.23908763505402159,0.09448608712255584,50,0.15111644657863144
Avl9,-0.05690276110444177,0.6946853683372957,50,-0.07044417767106842
Avp,0.5728211284513806,1.3793358615865261e-05,50,0.5654261704681873
Azi2,0.23572629051620647,0.09935410477204762,50,0.12825930372148858
B2m,0.1894357743097239,0.18763757449467522,50,0.08129651860744297
B3galt2,-0.18852793589914033,0.18980049841207508,50,-0.1576028236426333
B3galt6,0.17915966386554621,0.2131649700327737,50,0.08917166866746698
B3gat3,0.057382953181272504,0.692236057246644,50,-0.17887154861944776
B3glct,0.16120048019207683,0.26341224385635525,50,0.23755102040816325
B4galnt1,0.21978391356542618,0.12512336580667024,50,0.12720288115246098
B4galt3,0.1714765906362545,0.23377208557308898,50,0.19683073229291717
B4galt4,0.03241296518607443,0.8231806675615939,50,0.009555822328931571
B4gat1,-0.17637454981992798,0.22048297900021763,50,-0.1307563025210084
B9d2,-0.10914765906362545,0.4505321280735541,50,-0.18857142857142856
Baalc,0.31001944833541767,0.02845047689292132,50,0.3037214885954382
Babam1,-0.009267707082833133,0.949068639160811,50,0.009747899159663865
Babam2,-0.00965209248999674,0.9469591770453559,50,0.0028332012781582473
Bace1,0.24667466986794717,0.0841795052253147,50,0.27875150060024007
Bad,0.18530612244897962,0.19761992297847894,50,0.1832893157262905
Bag1,0.10602895630802388,0.4636532820899339,50,0.1431452581032413
Bag2,-0.1076110444177671,0.45697143942352847,50,-0.10482593037214885
Bag3,0.0993517406962785,0.4924259650145456,50,-0.04835534213685474
Bag4,0.3375270108043217,0.016524366273427647,50,0.31716686674669864
Bag5,-0.14631452581032411,0.3106297864850381,50,-0.06900360144057623
Bag6,0.20547418967587033,0.15228729499367402,50,0.15572629051620648
Baiap2,0.004657863145258102,0.9743897755876302,50,-0.08350540216086433
Baiap3,0.5024249699879952,0.00020082059495813258,50,0.4238655462184874
Banf1,-0.21066026410564226,0.14198135857415425,50,-0.14861944777911165
Banp,-0.10021608643457382,0.4886499728762951,50,-0.1171188475390156
Bap1,0.03529411764705882,0.8077493060967326,50,0.08667466986794717
Basp1,-0.19539015606242494,0.17388685586237718,50,-0.21123649459783914
Bax,-0.16494597839135652,0.2523310932857104,50,-0.20845138055222087
Baz1b,0.06612244897959184,0.6482243474823959,50,-0.035390156062424974
Bbip1,0.24590636254501802,0.08518127988796845,50,0.20758703481392557
Bbln,-0.044801920768307316,0.7573672666662519,50,-0.04873949579831932
Bbs1,0.17723889555822328,0.21819344740912328,50,0.15255702280912364
Bbs2,-0.37997599039615837,0.006492926915350463,50,-0.4362545018007203
Bbs4,-0.07294117647058823,0.6146844227987611,50,-0.21478991596638655
Bbs5,-0.0022569027611044415,0.9875893427487413,50,0.0011044417767106843
Bbs7,-0.2138295318127251,0.13594404412591776,50,-0.16264105642256904
Bbs9,-0.0546938775510204,0.7059916582285432,50,-0.06352941176470588
Bbx,0.16840336134453782,0.242385536409115,50,0.16148859543817526
Bcam,0.26021608643457383,0.0679937361406055,50,0.3098679471788715
Bcan,0.08773109243697479,0.5446263298171021,50,0.03923169267707083
Bcap29,-0.08494597839135654,0.5575206625370219,50,0.049603841536614644
Bcap31,0.08134649093559441,0.5743953939823185,50,-0.00931594996546949
Bcar1,0.15361344537815122,0.2868419996620879,50,0.11250900360144059
Bcar3,0.12115246098439375,0.40197290080277515,50,0.10463385354141658
Bcas1,-0.12134453781512604,0.4012215602729833,50,-0.14765906362545017
Bcas2,-0.06372148859543818,0.660205254292198,50,0.03154861944777911
Bcat1,0.11126050420168068,0.44175991649739177,50,0.21911164465786312
Bcat2,0.2167106842737095,0.13062403165117062,50,0.22535414165666265
Bccip,-0.013205282112845136,0.9274785890832614,50,0.005330132052821128
Bche,-0.07044756058833554,0.626864468093934,50,0.19020408163265307
Bckdha,0.05191000985913669,0.7203307736356005,50,0.1609162285272591
Bckdhb,0.0387515006002401,0.7893273335649745,50,0.045954381752701084
Bckdk,0.13671396676129713,0.3437825222078024,50,0.1374822925316451
Bcl10,0.10530612244897959,0.466723568539095,50,0.19903961584633853
Bcl11a,0.042881152460984395,0.7674726631844364,50,-0.09339735894357742
Bcl11b,0.26424969987995195,0.06368472258328754,50,0.13978391356542613
Bcl2l1,-0.005330132052821128,0.9706949629545814,50,0.02444177671068427
Bcl2l13,-0.07361344537815126,0.6114180800534645,50,-0.023865546218487393
Bcl2l2,0.08715695457385117,0.5472726516646559,50,0.0546938775510204
Bcl7a,0.3218727490996398,0.022640216095355502,50,0.21123649459783914
Bcl9,0.060168067226890755,0.6780921362007896,50,0.13133253301320527
Bcl9l,0.07428571428571429,0.6081592049242734,50,-0.13181272509003603
Bclaf1,0.007154861944777911,0.960669476486913,50,0.0050420168067226885
Bcr,0.2434093637454982,0.08850161764110702,50,0.23140456182472988
Bcs1l,-0.08273709483793518,0.5678484153969561,50,-0.13440576230492196
Bdh1,0.28297719087635054,0.0464537305475929,50,0.33733493397358943
Bdh2,-0.05018007202881152,0.7292899173439517,50,-0.20969987995198078
Bdnf,0.09829531812725088,0.49706155808489233,50,0.08206482593037215
Becn1,-0.16907563025210082,0.24048312706659133,50,-0.1732052821128451
Begain,-0.05008403361344538,0.7297883520350384,50,-0.05805522208883554
Bend6,0.14823529411764705,0.30425105733518204,50,0.08715486194477791
Bet1l,-0.11519807923169266,0.425667201852284,50,-0.21930372148859542
Bex2,0.11039615846338535,0.4453370494422994,50,0.15447779111644658
Bfar,-0.11299190860180262,0.4346425639093664,50,-0.11030012004801922
Bgn,0.20096038415366146,0.1616972769979981,50,0.13978391356542613
Bhlhe41,0.001680672268907563,0.9907578604310985,50,0.28230492196878754
Bicd1,-0.07025210084033613,0.6278234226869991,50,0.017911164465786316
Bicd2,-0.015702280912364946,0.913813102725811,50,-0.03097238895558223
Bicral,-0.2901800720288115,0.04093372413883782,50,-0.2198799519807923
Bid,0.004081632653061224,0.9775571843853882,50,-0.023673469387755098
Bin1,-0.011668667466986795,0.9358986792620421,50,0.039711884753901555
Bin2,0.06602641056422569,0.6487019197630061,50,0.100984393757503
Bin3,0.10209128673499039,0.48051019312571075,50,0.0897980744094224
Birc2,-0.3688355342136855,0.008395407856232972,50,-0.1741656662665066
Birc6,-0.005330132052821128,0.9706949629545814,50,0.05968787515006002
Bivm,-0.18386554621848739,0.2011890846586736,50,-0.07735894357743096
Bles03,0.20975293530500377,0.14374594823209694,50,0.19251362583282058
Blmh,0.12307322929171667,0.3944963190419882,50,0.15082833133253298
Blnk,0.06967587034813925,0.6306540338400889,50,0.05450180072028812
Bloc1s1,-0.02376950780312125,0.8698509994132183,50,-0.006290516206482593
Bloc1s2,-0.2114285714285714,0.140499779643816,50,-0.24811524609843938
Bloc1s3,0.008787515006002401,0.9517043611276746,50,0.061896758703481394
Bloc1s5,-0.1020408163265306,0.4807283315014337,50,-0.0844657863145258
Bloc1s6,0.08869147659063625,0.5402135277453415,50,0.1036734693877551
Blvra,0.06266506602641056,0.6655039242284221,50,0.22122448979591836
Blvrb,0.05920768307322929,0.6829572528858294,50,0.11308523409363744
Bmerb1,-0.13478991596638654,0.3506804491743964,50,-0.018391356542617046
Bmi1,-0.35884753901560623,0.010493844443363896,50,-0.34895558223289314
Bmp1,-0.01944777911164466,0.8933622633323914,50,-0.047587034813925566
Bmp2k,-0.2215126050420168,0.12210707845779507,50,-0.25406962785114046
Bmper,0.013397358943577431,0.9264266116519362,50,0.033565426170468184
Bmpr1a,-0.10040816326530612,0.48781292079050914,50,-0.12825930372148858
Bmpr2,-0.015414165666266506,0.9153887061173894,50,0.03807923169267707
Bms1,0.14516206482593036,0.3144977424473507,50,0.13469387755102039
Bmt2,-0.09992797118847539,0.4899069551923151,50,-0.11596638655462185
Bnip1,0.12941176470588234,0.370408187781487,50,0.19490996398559424
Bnip2,-0.22727490996398558,0.11244947922524504,50,0.03942376950780312
Bnip3,0.01205282112845138,0.9337929697639936,50,0.021464585834333732
Bnip3l,0.05594237695078031,0.6995932396929486,50,0.05901560624249699
Bod1,0.0011044417767106843,0.9939265192708577,50,-0.05334933973589436
Bod1l1,-0.12144057623049219,0.400846196407491,50,-0.15159663865546216
Bok,0.16993997599039612,0.23805217596147052,50,0.16456182472989198
Bola1,-0.06612403661057469,0.6482164538125574,50,0.008019207683073229
Bola2,-0.061896758703481394,0.6693677056031839,50,-0.007923169267707083
Bola3,0.09454981992797118,0.5136764843567919,50,0.10943577430972388
Bop1,0.49512605042016805,0.00025667303009305886,50,0.3238895558223289
Borcs5,0.29911164465786316,0.03484821431436646,50,0.4448019207683073
Borcs6,0.07808110641161542,0.5899032846242904,50,-0.05714422916963244
Borcs7,-0.05162064825930372,0.7218267936141908,50,0.0036974789915966387
Borcs8,0.21959183673469387,0.12546194973162475,50,0.21709483793517406
Bpgm,0.024729891956782712,0.8646406418817117,50,0.040384153661464584
Bphl,-0.0534453781512605,0.7124102669661331,50,-0.046626650660264106
Bpnt1,-0.11375750300120048,0.431515972119501,50,-0.15918367346938775
Bpnt2,0.21930372148859542,0.12597112130797775,50,0.25743097238895557
Bptf,0.011764705882352943,0.9353722106171002,50,0.017334933973589435
Braf,0.1828091236494598,0.2038352455799765,50,0.14112845138055222
Brap,0.017238895558223288,0.9054155682735919,50,0.07812725090036014
Brat1,-0.09349339735894358,0.5184128148804314,50,-0.023001200480192076
Brcc3,0.09503001200480192,0.5115308400961797,50,-0.11231692677070829
Brd1,-0.24062424969987994,0.09232331168907343,50,-0.2773109243697479
Brd2,-0.09887154861944776,0.49453026557183105,50,-0.0019687875150060023
Brd3,-0.2166146458583433,0.13079880735499003,50,-0.1863625450180072
Brd4,0.15649835534775808,0.2777774902259683,50,0.040384153661464584
Brd7,-0.04605042016806723,0.7508201127549528,50,-0.009555822328931571
Brd8,-0.028379351740696276,0.8448950262601718,50,0.11865546218487394
Brd9,-0.017046818727490996,0.9064647191231057,50,0.0426890756302521
Brf1,-0.11663865546218487,0.419863505348961,50,-0.22391356542617047
Bri3bp,-0.07793517406962785,0.5906006820717689,50,-0.057767106842737094
Brinp1,-0.12422569027611044,0.3900497503252509,50,-0.03404561824729892
Brinp2,0.05133253301320528,0.7233173942330269,50,-0.0022569027611044415
Brinp3,0.13699879951980792,0.342768545038711,50,0.03404561824729892
Brk1,0.03174069627851141,0.826791094735132,50,0.08244897959183674
Brms1l,-0.1345018007202881,0.3517206373748113,50,-0.21277310924369747
Brox,0.31332533013205277,0.026717084500098392,50,0.3786314525810324
Brpf1,-0.10108043217286913,0.4848891485450005,50,-0.18357743097238896
Brsk1,-0.05162064825930372,0.7218267936141908,50,0.06909963985594238
Brsk2,0.08734693877551021,0.5463962930194103,50,0.04845138055222088
Bscl2,-0.032220888355342134,0.8242118518362515,50,-0.0050420168067226885
Bsdc1,0.06871548619447777,0.6353833869583805,50,0.05286914765906363
Bsg,0.13330452115537786,0.35606343782333616,50,0.08125045021430093
Bsn,0.09656662665066026,0.5046953555630573,50,0.03567827130852341
Bspry,-0.037406962785114045,0.7964784852993401,50,-0.11462184873949578
Bst2,0.146890756302521,0.308707259421738,50,0.15937575030012002
Btaf1,0.10857142857142857,0.4529410186652569,50,0.14871548619447778
Btbd1,0.10175270108043216,0.4819745953318132,50,-0.0319327731092437
Btbd10,0.04691476590636255,0.7462975935678408,50,0.10271308523409363
Btbd11,0.20557022809123648,0.15209156636265833,50,0.18674669867947177
Btbd17,0.4553661464585834,0.0008911394855045064,50,0.40014405762304917
Btbd2,-0.18837935174069628,0.19015618682948612,50,-0.11058823529411764
Btbd8,0.21589954146778778,0.13210571852311,50,0.16974789915966385
Btbd9,-0.014357743097238897,0.9211686280160256,50,-0.12163265306122449
Btd,-0.1766626650660264,0.21971795555549883,50,-0.19116446578631452
Btf3,-0.2930612244897959,0.03888204926233058,50,-0.2717406962785114
Btf3l4,0.03375750300120048,0.8159707474237395,50,0.19539015606242494
Btrc,0.07745498199279711,0.5928980657558349,50,0.05728691476590636
Bub3,0.07447779111644658,0.6072294765845787,50,-0.061224489795918366
Bud13,-0.25301320528211285,0.07626311693617806,50,-0.2353421368547419
Bud23,-0.2638655462184874,0.0640854507661199,50,-0.26607442977190876
Bud31,-0.05834473818580119,0.6873396733049149,50,-0.06362545018007203
Bysl,0.13690276110444177,0.343110225487278,50,-0.0024489795918367346
Bzw1,0.05421368547418968,0.708457986394982,50,0.10453781512605041
Bzw2,0.1590876350540216,0.26980446374366224,50,0.22468187274909962
C1d,0.04643457382953182,0.7488090704314575,50,-0.01474189675870348
C1galt1,0.003745588130446496,0.9794045064930478,50,-0.032653845239789966
C1qa,0.031164465786314523,0.8298885741693174,50,0.0059063625450180065
C1qb,-0.04518607442977191,0.7553509376892313,50,-0.06842737094837935
C1qbp,0.03759903961584634,0.7954558636185503,50,0.009267707082833133
C1qc,0.01714285714285714,0.9059401238286354,50,0.03250900360144057
C1ql3,-0.12547418967587035,0.38526608807851537,50,-0.13123649459783912
C1qtnf4,0.3715246098439376,0.007896745372240457,50,0.25963985594237693
C1r,0.1373829531812725,0.34140393033004296,50,0.1328691476590636
C1s,0.09214885954381752,0.5244723206491533,50,0.13104441776710685
C2,0.1787755102040816,0.21416412716384056,50,0.10444177671068428
C2cd2,-0.1762785114045618,0.2207383974025891,50,-0.1837695078031212
C2cd2l,-0.0008163265306122449,0.995510886501963,50,-0.030012004801920768
C2cd4c,0.15265306122448982,0.2899019838203246,50,0.14554621848739496
C2cd5,0.04014502150068296,0.7819337568597692,50,-0.0006722850490544993
C3,0.06333733493397359,0.662130151953696,50,0.0803361344537815
C4a,-0.11500600240096039,0.42644443865608617,50,-0.2093157262905162
C4b,0.15130852340936377,0.2942215814967604,50,0.13843937575030013
C4bpa,-0.19683073229291717,0.17067250790848454,50,-0.14055222088835534
C7,0.1291236494597839,0.37148351591613465,50,0.14228091236494594
Ca11,0.15937575030012002,0.26892678323880426,50,0.27807923169267706
Ca12,0.3200480192076831,0.023463525030267905,50,0.3858343337334934
Ca14,-0.022424969987995196,0.8771546533520387,50,0.015606242496998797
Ca3,0.11875150060024009,0.4114334184828892,50,0.16043217286914768
Ca4,-0.04451380552220888,0.7588805641932979,50,-0.043169267707082834
Ca5b,0.06458583433373348,0.6558822035933572,50,0.1038655462184874
Ca8,0.23361344537815126,0.10251176161461086,50,0.2221848739495798
Caap1,0.22026410564225687,0.1242799238462067,50,0.31159663865546217
Cab39,-0.14180072028811525,0.3259535839553245,50,-0.20307322929171667
Cab39l,0.11951980792316927,0.4083922236223843,50,0.13392557022809123
Cabin1,0.008643664916414991,0.9524940394599727,50,-0.03097238895558223
Cables1,0.14900360144057623,0.30172332345075,50,0.13229291716686675
Cables2,0.08888355342136854,0.5393330505492828,50,0.11548619447779111
Cabp1,-0.00312124849939976,0.982836936740475,50,-0.037695078031212484
Cacfd1,-0.2736614645858343,0.05447731461976996,50,-0.2198799519807923
Cachd1,-0.0182953181272509,0.8996481427769628,50,-0.028283313325330132
Cacna1a,0.31418967587034813,0.02627873164677552,50,0.2506122448979592
Cacna1b,0.10981992797118847,0.4477306584374778,50,0.0954141656662665
Cacna1c,0.16465786314525807,0.2531721419877248,50,0.1675390156062425
Cacna1d,0.34453781512605036,0.01427911456311786,50,0.11222088835534214
Cacna1e,0.012725090036014405,0.9301090658978797,50,-0.11337334933973588
Cacna1g,0.22986794717887157,0.10829872446284602,50,0.09061224489795917
Cacna1h,0.06487394957983193,0.6544436547826313,50,0.015510204081632653
Cacna1i,0.20643953042037802,0.15032833612151722,50,0.23664433726718379
Cacna2d1,-0.23975990396158461,0.0935350845641784,50,-0.23697478991596638
Cacna2d2,0.2485954381752701,0.08171544797753695,50,0.26175270108043214
Cacna2d3,0.20153661464585834,0.16047288659639827,50,0.11241296518607442
Cacnb1,0.13296518607442975,0.3573002104093525,50,0.015510204081632653
Cacnb2,0.3224489795918367,0.022385328935963674,50,0.192124849939976
Cacnb3,0.3572148859543817,0.010876626008250938,50,0.29680672268907565
Cacnb4,0.06535414165666266,0.6520488346379696,50,0.03404561824729892
Cacng2,0.04989195678271309,0.7307855529477288,50,0.08744297719087635
Cacng3,0.3231212484993997,0.022091017642268514,50,0.2363985594237695
Cacng4,0.2872989195678271,0.043073389682342096,50,0.19865546218487393
Cacng7,0.1316206482593037,0.36222634242251806,50,0.04777911164465786
Cacng8,0.055078031212484994,0.704020745069616,50,0.029243697478991592
Cactin,0.1956782713085234,0.17324050891322648,50,0.2946938775510204
Cacul1,0.23985594237695076,0.09339983618891168,50,0.1640816326530612
Cacybp,0.23457382953181274,0.10106701288347972,50,0.2023049219687875
Cad,-0.05939975990396158,0.6819832009828575,50,-0.13478991596638654
Cadm1,0.23659063625450177,0.09808420909056412,50,0.22641056422569028
Cadm2,-0.03692677070828331,0.7990365169421094,50,0.04326530612244897
Cadm3,-0.14036014405762304,0.33094261620940163,50,-0.14112845138055222
Cadm4,0.18511404561824726,0.19809320118763882,50,0.11433373349339734
Cadps,0.031068427370948382,0.830405071075181,50,0.1407442977190876
Cadps2,-0.1262424969987995,0.38233963362892504,50,0.014453781512605042
Calb1,-0.09330132052821127,0.5192763079677906,50,-0.04441776710684273
Calb2,0.45882352941176463,0.000804433087492236,50,0.40244897959183673
Calcoco1,-0.03923169267707083,0.7867774768856767,50,0.017623049219687877
Calcrl,0.16427370948379352,0.2542964782888672,50,-0.0656422569027611
Cald1,-0.00955605176870324,0.9474862040996369,50,-0.044801920768307316
Calhm2,0.20422569027611043,0.15484868543635935,50,0.2824969987995198
Calhm5,0.12057623049219686,0.40423182076389974,50,0.2355342136854742
Calr,0.07630252100840335,0.5984278995617137,50,-0.002064825930372149
Calu,0.17915966386554621,0.2131649700327737,50,0.04432172869147659
Caly,0.07178871548619448,0.6203010909885867,50,-0.007250900360144057
Camk1,0.0034093637454981987,0.9812529243973734,50,0.07707082833133252
Camk1d,0.030684273709483793,0.8324717662389532,50,-0.05767106842737095
Camk1g,0.22189675870348136,0.12144432938914965,50,0.12422569027611044
Camk2a,-0.02857142857142857,0.8438582830868868,50,0.11635054021608643
Camk2b,0.061896758703481394,0.6693677056031839,50,-0.043745498199279705
Camk2d,0.0670828331332533,0.6434563570547525,50,0.11644657863145258
Camk2g,0.26376950780312125,0.06418594713998628,50,0.23092436974789915
Camk2n1,0.028763505402160862,0.8428218018137286,50,0.12345738295318126
Camk2n2,0.2074909963985594,0.14821584138486774,50,0.1512124849939976
Camk4,0.06103241296518607,0.67372460835961,50,0.08984393757503001
Camkk1,0.12720288115246098,0.3787001846121899,50,0.14218487394957982
Camkk2,0.24744297719087635,0.08318698684260013,50,0.24360144057623048
Camkmt,0.0860984393757503,0.552167659149883,50,0.0385594237695078
Camkv,0.28797118847539016,0.04256612366669378,50,0.2711644657863145
Camlg,-0.15601440576230494,0.2792847421484152,50,-0.013301320528211284
Camsap1,0.04211284513805522,0.7715256708960064,50,0.05488595438175269
Camsap2,0.20509003601440576,0.15307206623080197,50,0.146218487394958
Camsap3,0.1210564225690276,0.40234887735594355,50,0.18828331332533013
Camta1,-0.3271548619447779,0.020392749388143526,50,-0.19222088835534215
Camta2,0.22141656662665066,0.12227319263418873,50,0.16120048019207683
Cand1,0.00931594996546949,0.9488038686015441,50,0.045858343337334934
Cand2,0.17224489795918366,0.23165196905395388,50,0.04969987995198079
Cant1,-0.20710684273709484,0.14898508167637284,50,-0.16869147659063624
Canx,0.16206482593037216,0.2608266558299865,50,0.09320528211284512
Cap1,0.24110444177671067,0.09165539972196869,50,0.20941176470588235
Cap2,-0.009459783913565426,0.9480144998904445,50,-0.05517406962785113
Capg,0.3536614645858343,0.011751466464385055,50,0.32677070828331334
Capn1,0.18021608643457382,0.21043410218481773,50,0.18511404561824726
Capn2,0.06890756302521008,0.634436355469756,50,0.11433373349339734
Capn5,0.10002400960384153,0.48948777399465654,50,0.06132052821128451
Capn7,-0.10069627851140456,0.48655874883215866,50,-0.17032412965186072
Capns1,0.12576230492196877,0.3841671177743801,50,0.04336134453781513
Caprin1,-0.017334933973589435,0.9048910526777013,50,-0.1433373349339736
Capza1,0.13296518607442975,0.3573002104093525,50,0.1773349339735894
Capza2,0.036350540216086434,0.8021089117393996,50,0.021944777911164462
Capzb,0.0914765906362545,0.5275151924652707,50,0.034333733493397356
Car10,-0.15140819711920261,0.2938999332379705,50,-0.15659063625450179
Car2,-0.0331812725090036,0.8190589030020377,50,-0.081968787515006
Car7,0.034717887154861946,0.8108299884235655,50,0.005330132052821128
Card19,-0.027803121248499398,0.8480068101944223,50,0.07495798319327732
Carhsp1,0.011524886555219988,0.93668691600749,50,-0.042546039533020455
Carm1,-0.14583433373349342,0.3122377242238597,50,-0.12835534213685473
Carmil1,-0.20489795918367346,0.15346556701536493,50,-0.253781512605042
Carmil2,-0.014357743097238897,0.9211686280160256,50,0.19577430972388954
Carmil3,-0.08907563025210084,0.5384532700520441,50,-0.030396158463385354
Carnmt1,-0.1808446781956603,0.20882086464544045,50,-0.13647386495806335
Carns1,-0.2401440576230492,0.09299500250674389,50,-0.2746218487394958
Cars,0.1223049219687875,0.39747712348528214,50,0.04124849939975991
Cars2,-0.1415126050420168,0.32694758287613956,50,-0.04355342136854741
Cartpt,0.2939255702280912,0.03828330870785798,50,0.3085234093637455
Casc3,0.07082833133253301,0.6249981037249486,50,-0.004369747899159664
Casd1,-0.20902761104441775,0.14516824402961276,50,-0.13642256902761105
Caskin1,0.05133253301320528,0.7233173942330269,50,0.17704681872749098
Caskin2,-0.20720288115246097,0.14879249552402982,50,-0.14247298919567825
Casp1,0.46304921968787516,0.000708792491021631,50,0.34098439375750295
Casp2,-0.0059063625450180065,0.9675284624934394,50,-0.060840336134453776
Casp3,0.039135654261704685,0.7872872720608813,50,0.15082833133253298
Casp7,-0.07524609843937576,0.6035167253438533,50,-0.013877551020408161
Casp9,0.06266506602641056,0.6655039242284221,50,0.007250900360144057
Cast,0.23246098439375748,0.10426640092561322,50,0.2508043217286915
Castor2,0.17445378151260504,0.22563041913284682,50,0.2064345738295318
Cat,0.18953181272509,0.18740979783080922,50,0.1563985594237695
Cav1,0.3387755102040816,0.01610386722121536,50,0.1119327731092437
Cav2,0.2647298919567827,0.06318663343431952,50,0.01714285714285714
Cavin1,0.15001560666044683,0.29841454215351376,50,0.17262905162064823
Cavin2,0.2594477791116447,0.06884022846047824,50,0.24648259303721487
Cavin3,-0.04835534213685474,0.7387789011788352,50,-0.04883553421368547
Cbarp,0.03894357743097239,0.7883071270565795,50,0.11980792316926771
Cbfa2t2,-0.1241296518607443,0.390419166701422,50,-0.09887154861944776
Cbfb,0.10050420168067226,0.4873946758828289,50,0.15015606242496998
Cbl,-0.2587755102040816,0.06958776772500153,50,-0.28950780312124846
Cblb,0.02069627851140456,0.8865598846501891,50,0.2292917166866747
Cbll1,-0.062953181272509,0.6640572139268146,50,-0.012533013205282113
Cbln1,-0.04326530612244897,0.765448458884893,50,-0.09867947178871549
Cbln2,-0.014069627851140454,0.9227456830202393,50,0.0468187274909964
Cbln4,0.03174069627851141,0.826791094735132,50,0.10050420168067226
Cbr1,0.100984393757503,0.485306266644739,50,0.10665066026410563
Cbr3,0.20797118847539015,0.1472584272135925,50,0.02799519807923169
Cbr4,0.19279711884753903,0.17978262034605794,50,0.14525810324129654
Cbs,0.11788715486194477,0.4148702689124056,50,0.24072028811524607
Cbwd1,-0.38823529411764707,0.0053362329821523636,50,-0.25224489795918364
Cbx1,-0.037310924369747894,0.79698992318548,50,0.028379351740696276
Cbx3,-0.21286914765906362,0.13775289791733092,50,-0.15831932773109242
Cbx4,-0.03183673469387755,0.8262751004534171,50,-0.05450180072028812
Cbx5,0.036638655462184866,0.8005723408637344,50,0.0015846338535414166
Cbx6,0.2166146458583433,0.13079880735499003,50,0.19078031212484994
Cbx7,0.04192076830732293,0.7725398717258881,50,0.006194477791116446
Cbx8,-0.11106842737094838,0.4425534553303118,50,-0.15082833133253298
Cc2d1a,0.052100840336134456,0.7193447331983341,50,0.022040816326530613
Cc2d1b,0.085906362545018,0.5530581268698401,50,0.10751500600240095
Cc2d2a,0.06852340936374549,0.6363309963298318,50,0.09474189675870348
Ccar1,-0.04009603841536614,0.7821933263092732,50,-0.07092436974789915
Ccar2,0.26953181272509,0.05837530621030692,50,0.2910444177671068
Ccdc115,-0.03145258103241296,0.8283395113361828,50,0.05411764705882353
Ccdc12,0.241968787515006,0.09046263982568438,50,0.16993997599039612
Ccdc120,0.1032437753905124,0.4755432607425038,50,-0.03903961584633854
Ccdc124,-0.03308523409363745,0.8195738612852521,50,-0.07006002400960383
Ccdc127,0.03558223289315726,0.8062100437659906,50,-0.052965186074429765
Ccdc136,0.11346938775510206,0.4326911145065585,50,0.11490996398559422
Ccdc141,0.1761824729891957,0.22099402117559358,50,0.18540216086434572
Ccdc149,0.2297719087635054,0.10845033220088963,50,0.2293877551020408
Ccdc166,-0.2680912364945978,0.05978669954114631,50,-0.18876350540216086
Ccdc167,0.3009363745498199,0.033701905640262646,50,0.3236974789915966
Ccdc177,-0.04432172869147659,0.759889926656588,50,-0.15630252100840333
Ccdc181,-0.12364945978391356,0.3922693346838515,50,-0.11903961584633853
Ccdc184,0.09454981992797118,0.5136764843567919,50,0.10914765906362545
Ccdc186,-0.005714285714285714,0.9685839099521202,50,0.09704681872749099
Ccdc22,0.19433373349339736,0.17627171757519425,50,0.07342136854741896
Ccdc25,0.21565426170468185,0.1325562359361283,50,0.25743097238895557
Ccdc28a,0.018679471788715485,0.8975521529759434,50,0.05171668667466986
Ccdc32,0.1839179812770523,0.20105837877642505,50,0.20048500570018105
Ccdc39,0.011428845833926489,0.9372134646607025,50,0.03476674110824697
Ccdc43,0.2024969987995198,0.15844733587376408,50,0.2588715486194478
Ccdc47,0.22535414165666265,0.11560160535136979,50,0.173781512605042
Ccdc50,0.10376950780312125,0.47328657978140226,50,0.11798319327731092
Ccdc51,-0.16945978391356542,0.23940062178526056,50,-0.23111644657863145
Ccdc59,0.022905162064825933,0.8745450103974277,50,0.049315726290516206
Ccdc6,0.19596638655462184,0.172595902578864,50,0.3690276110444177
Ccdc66,-0.2198799519807923,0.12495433270331179,50,-0.20710684273709484
Ccdc8,-0.21949579831932772,0.12563150073906193,50,-0.22785114045618246
Ccdc85a,0.012148859543817525,0.933266611913471,50,-0.028379351740696276
Ccdc86,0.21440576230492195,0.13486729000197917,50,0.18175270108043215
Ccdc88a,-0.08945978391356542,0.5366958030570775,50,-0.03673469387755102
Ccdc88c,0.019639855942376952,0.8923152365382944,50,0.16686674669867946
Ccdc9,-0.15466986794717885,0.28350049578454267,50,0.02588235294117647
Ccdc90b,0.033661464585834334,0.8164852492044423,50,-0.08888355342136854
Ccdc91,0.17037623957466883,0.23683159768371717,50,0.23011356821922574
Ccdc92,0.08801920768307324,0.5433006702649567,50,-0.05978391356542617
Ccdc92b,0.066890756302521,0.6444088265071674,50,-0.014069627851140454
Ccdc93,0.26300120048019204,0.06499446083957477,50,0.19154861944777912
Ccdc97,-0.135078031212485,0.3496421518419177,50,-0.139015606242497
Cck,0.04912364945978391,0.7347787492963292,50,0.026554621848739496
Cckbr,0.11558223289315725,0.4241151327669407,50,0.1208643457382953
Ccm2,0.14410564225690276,0.31807018558063355,50,0.0575750300120048
Ccn2,0.1533253301320528,0.2877577691664223,50,0.22996398559423767
Ccn3,0.013205282112845136,0.9274785890832614,50,0.061896758703481394
Ccnk,-0.0848499399759904,0.5579678477607084,50,-0.13584633853541417
Ccnl1,0.06055222088835534,0.6761497090336853,50,0.10818727490996398
Ccnt1,0.09426170468187275,0.5149660444514379,50,0.13565426170468187
Ccnt2,0.10722689075630251,0.458589053334824,50,0.12691476590636253
Ccny,-0.027899159663865542,0.8474880188601623,50,-0.04768307322929172
Ccnyl1,0.2913325330132053,0.040102644134152925,50,0.28220888355342133
Ccp110,-0.14189675870348137,0.325622674197588,50,0.022905162064825933
Ccpg1,0.06948379351740695,0.6315987410557464,50,0.11154861944777912
Ccs,-0.007635054021608643,0.9580321285011986,50,0.013301320528211284
Ccsap,0.06842737094837935,0.6368050173218915,50,0.09435774309723889
Ccser1,0.07092436974789915,0.6245277341281963,50,0.07466986794717888
Ccser2,0.008979591836734692,0.9506500093767046,50,0.04336134453781513
Cct2,0.10645858343337333,0.46183358680346137,50,0.13210084033613445
Cct3,0.1929891956782713,0.1793410263493826,50,0.08638655462184873
Cct4,0.11769507803121249,0.41563623882851247,50,0.1196158463385354
Cct5,0.1393070662362216,0.3346197513960458,50,0.0493169103842122
Cct6a,0.20566626650660264,0.15189602323999288,50,0.23822328931572626
Cct6b,0.054405762304921966,0.7074710981749527,50,0.05488595438175269
Cct7,0.09570228091236495,0.5085345686643504,50,0.07418967587034814
Cct8,0.002064825930372149,0.9886454966383466,50,0.1006002400960384
Ccz1b,0.19692677070828332,0.17045976104296842,50,0.13018007202881152
Cd151,0.15082833133253298,0.29577436862597856,50,0.1495798319327731
Cd163,0.2504201680672269,0.07942741809084616,50,0.14900360144057623
Cd200,-0.048931572629051616,0.7357781389841229,50,-0.0028331332533013207
Cd200r1,0.030876350540216087,0.8314382775692926,50,0.20316926770708282
Cd22,-0.07207683073229292,0.618894895331404,50,0.12259303721488594
Cd248,-0.028283313325330132,0.8454134955287829,50,-0.06429771908763504
Cd274,-0.1276830732292917,0.37688823080036193,50,0.02175270108043217
Cd276,0.00312124849939976,0.982836936740475,50,-0.012148859543817525
Cd2ap,0.1528451380552221,0.28928829108469883,50,0.014837935174069627
Cd2bp2,-0.02463385354141657,0.8651614250124656,50,0.09042016806722687
Cd320,0.08696278511404561,0.5481690113286253,50,0.052292917166866744
Cd34,0.27683073229291716,0.051630714887658205,50,0.24369747899159666
Cd38,0.2896998799519808,0.041284152711938374,50,0.2482112845138055
Cd40,0.19140915753794532,0.1829968855064276,50,0.17974020990078507
Cd44,0.025210084033613446,0.8620375844447012,50,0.04701080432172868
Cd47,-0.016278511404561824,0.910662885715317,50,0.11058823529411764
Cd48,-0.021464585834333732,0.8823777930570346,50,0.03827130852340937
Cd55,-0.29594237695078035,0.03691571993267905,50,-0.2663625450180072
Cd59,-0.26540216086434576,0.06249455113255758,50,-0.1262424969987995
Cd81,-0.03558223289315726,0.8062100437659906,50,-0.0012965186074429772
Cd82,-0.002929171668667467,0.9838929817466395,50,-0.22372148859543817
Cd84,-0.0035054021608643456,0.9807249358896529,50,-0.06593037214885954
Cd9,-0.21527010804321725,0.13326414371586354,50,-0.20278511404561822
Cd93,0.2786554621848739,0.05004722188525153,50,0.007346938775510203
Cd99,0.20375039022416003,0.1558320794194059,50,0.20489795918367346
Cd99l2,0.13680672268907562,0.34345211659771546,50,0.08321728691476589
Cdadc1,-0.05901560624249699,0.6839318162727875,50,-0.03452581032412965
Cdan1,-0.03759994238640522,0.7954510580481494,50,-0.029868664322278467
Cdc123,0.1264345738295318,0.38161008759856646,50,0.12067226890756304
Cdc16,0.19433373349339736,0.17627171757519425,50,0.12595438175270107
Cdc23,0.020792816160042728,0.8860342352829816,50,0.007491176260892992
Cdc26,0.19222088835534215,0.18111209634198486,50,0.15015606242496998
Cdc27,0.0546938775510204,0.7059916582285432,50,0.14583433373349342
Cdc34,-0.07054021608643457,0.6264100995628384,50,-0.17656662665066022
Cdc37,-0.06391356542617047,0.6592436204488078,50,-0.22247298919567823
Cdc37l1,-0.003601440576230492,0.9801969555584257,50,-0.10895558223289314
Cdc40,0.03375750300120048,0.8159707474237395,50,0.10933973589435773
Cdc42,-0.12509003601440577,0.3867342723350412,50,-0.044225690276110445
Cdc42bpa,-0.015990396158463382,0.9122378272750652,50,0.10184873949579833
Cdc42bpb,0.03620735192764946,0.8028728370034119,50,0.10967850371717688
Cdc42ep1,-0.1824249699879952,0.20480353968454698,50,-0.216422569027611
Cdc42ep2,0.008211284513805522,0.9548679004768095,50,-0.15150060024009604
Cdc42ep4,-0.1274909963985594,0.37761239010583864,50,0.028379351740696276
Cdc42se1,0.11452581032412965,0.428391032869492,50,0.028763505402160862
Cdc42se2,0.2739081371290617,0.054251302375976834,50,0.17186487075471807
Cdc5l,0.03654261704681872,0.8010844484336721,50,0.07966386554621849
Cdc73,-0.38641056422569026,0.005574976147117345,50,-0.3431932773109243
Cdh1,-0.03759903961584634,0.7954558636185503,50,-0.007250900360144057
Cdh10,0.13872749099639856,0.3366543459943995,50,-0.00475390156062425
Cdh11,0.21613445378151258,0.131675321304232,50,0.1727250900360144
Cdh12,0.09800720288115244,0.4983297063593493,50,0.11817527010804323
Cdh13,0.1266266506602641,0.3808813693262309,50,0.13997599039615843
Cdh18,-0.15515006002400963,0.2819901046888301,50,-0.1559221110199971
Cdh19,0.0036974789915966387,0.9796689836275797,50,-0.10837935174069627
Cdh2,0.06362545018007203,0.6606862752131101,50,0.1367106842737095
Cdh20,0.18175270108043215,0.20650583894677063,50,0.08821128451380551
Cdh22,-0.07534213685474188,0.603053327134776,50,-0.07553421368547418
Cdh4,0.11039615846338535,0.4453370494422994,50,0.14506602641056424
Cdh5,0.21709483793517406,0.12992668276272548,50,0.3839135654261705
Cdh6,0.11241296518607442,0.43701528359012115,50,0.1507322929171669
Cdh7,-0.18578631452581032,0.1964402341388477,50,-0.13853541416566625
Cdh8,-0.03404561824729892,0.8144277037768815,50,0.04768307322929172
Cdh9,0.10376950780312125,0.47328657978140226,50,-0.03721488595438175
Cdip1,0.002352941176470588,0.9870612735896643,50,0.08897959183673469
Cdipt,-0.10501800720288115,0.46795039543871175,50,-0.07351740696278511
Cdk11b,-0.06487394957983193,0.6544436547826313,50,-0.0658343337334934
Cdk12,-0.09243697478991596,0.5231709037211599,50,-0.044129651860744294
Cdk13,-0.017238895558223288,0.9054155682735919,50,-0.06352941176470588
Cdk14,0.09464585834333733,0.513246992952907,50,0.1594717887154862
Cdk16,0.0805282112845138,0.5782639596738539,50,0.1407442977190876
Cdk17,0.11097238895558223,0.44295052060652196,50,0.008595438175270108
Cdk18,0.00043217286914765904,0.9976234017621981,50,0.03404561824729892
Cdk19,0.16984393757503002,0.23832144880306985,50,0.2033613445378151
Cdk20,-0.1950060024009604,0.17475136273908423,50,-0.16926770708283315
Cdk2ap2,0.03990396158463385,0.7832113995200589,50,0.10885954381752701
Cdk4,-0.012917166866746698,0.9290567848678867,50,-0.03721488595438175
Cdk5,0.09176470588235294,0.5262100377727071,50,0.18088835534213688
Cdk5r1,0.2792316926770708,0.04955544224592615,50,0.19039615846338534
Cdk5r2,0.17723889555822328,0.21819344740912328,50,0.2099879951980792
Cdk5rap1,-0.07505402160864347,0.6044439864509824,50,-0.02991596638655462
Cdk5rap3,0.1563985594237695,0.278087862926572,50,0.13517406962785114
Cdk6,-0.10165666266506602,0.48239039438149667,50,-0.1345018007202881
Cdk7,-0.012340936374549819,0.9322139811947295,50,-0.03827130852340937
Cdk9,0.1022328931572629,0.479898434338403,50,0.03644657863145258
Cdkal1,0.18382194055575882,0.2012978270371838,50,0.13478991596638654
Cdkl5,-0.15294117647058825,0.2889817627244347,50,-0.0642016806722689
Cdkn1b,0.21056422569027608,0.14216736981273853,50,0.3053541416566627
Cdkn2aip,0.14756302521008402,0.30647396149497136,50,0.05421368547418968
Cdkn2aipnl,0.14304921968787515,0.3216682680999299,50,0.11827130852340936
Cdkn2c,0.21210084033613444,0.13921286901994515,50,0.3028571428571428
Cdr2,-0.027226890756302524,0.8511208900266356,50,0.07044417767106842
Cdr2l,0.04,0.782702317866487,50,0.09195678271308522
Cds1,0.12009603841536615,0.40611986004781697,50,0.31006002400960386
Cds2,0.04873949579831932,0.7367779618754439,50,0.03721488595438175
Cdv3,-0.15860744297719087,0.2712714884666112,50,-0.11654261704681872
Cdyl,-0.07380552220888356,0.6104862086059221,50,-0.1196158463385354
Cdyl2,-0.0022569027611044415,0.9875893427487413,50,0.08004801920768306
Cebpz,4.801920768307323e-05,0.9997359331556768,50,0.07966386554621849
Celf1,-0.0028331332533013207,0.984421014611148,50,0.08081632653061224
Celf2,0.17013205282112842,0.23751425451013153,50,0.16686674669867946
Celf3,-0.039135654261704685,0.7872872720608813,50,0.14842737094837935
Celf4,0.1607202881152461,0.2648560565756152,50,0.04614645858343337
Celf5,-0.10232893157262904,0.4794837696605121,50,-0.10271308523409363
Celf6,0.3076590636254502,0.02974468461162774,50,0.3388715486194478
Celsr2,0.3335894357743097,0.017912236261650626,50,0.2788475390156062
Cemip2,0.06746698679471788,0.641553120220504,50,0.006770708283313325
Cend1,-0.043841536614645855,0.7624150624431476,50,0.13104441776710685
Cenpv,0.10953181272509004,0.4489301126849483,50,0.17205282112845138
Cep104,-0.10626650660264104,0.4626466548557733,50,-0.006578631452581032
Cep131,0.11654261704681872,0.4202490115882107,50,0.12220888355342135
Cep135,-0.05671068427370948,0.6956659593725275,50,-0.11740696278511403
Cep170,-0.18415366146458584,0.2004716349922025,50,0.025978391356542615
Cep170b,-0.09925570228091235,0.4928464528193353,50,-0.08984393757503001
Cep250,0.1392076830732293,0.3349680890027994,50,0.26002400960384153
Cep41,0.24321728691476588,0.08876115354247006,50,0.3054501800720288
Cep43,0.15716686674669866,0.2757042615743796,50,0.10472989195678271
Cep57,-0.18088835534213688,0.20870909358909023,50,-0.12441776710684273
Cep68,0.05018007202881152,0.7292899173439517,50,0.09166866746698678
Cep76,-0.14458583433373348,0.31644316861916943,50,-0.11971188475390157
Cep97,0.26213685474189674,0.0659137402301227,50,0.3224489795918367
Cept1,-0.19135654261704682,0.18311953804371303,50,-0.21891956782713082
Cers1,0.12672268907563025,0.38051732071102834,50,0.21815126050420167
Cers2,-0.09627851140456183,0.5059734470588745,50,-0.07025210084033613
Cers4,0.01666266506602641,0.9085634932990514,50,0.010228091236494596
Cers5,0.04192177484461271,0.772534556042331,50,0.08955582232893158
Cers6,0.1402641056422569,0.33127691005735305,50,0.08744297719087635
Cert1,0.08542617046818726,0.5552872740683678,50,-0.07428571428571429
Cetn2,-0.1568787515006002,0.2765965253464572,50,-0.037791116446578635
Cetn3,0.026938775510204082,0.8526787765291988,50,0.09483793517406962
Cfap20,0.02895558223289316,0.8417855841374466,50,0.08773109243697479
Cfap298,-0.13238895558223288,0.35940638620830506,50,-0.04777911164465786
Cfap36,0.023385354141656663,0.8719366881451378,50,-0.05450180072028812
Cfap410,-0.15390156062424967,0.28592813762721164,50,-0.1065546218487395
Cfap418,0.1249939975990396,0.3871018342489888,50,0.29690276110444175
Cfap97,-0.009267707082833133,0.949068639160811,50,0.06871548619447777
Cfb,0.016950780312124852,0.9069893539372285,50,0.015606242496998797
Cfd,-0.11894357743097239,0.41067190225859995,50,-0.09214885954381752
Cfdp1,-0.1417046818727491,0.3262847053303684,50,-0.27539015606242495
Cfh,0.12921968787515006,0.3711248650349302,50,0.06785114045618247
Cfl1,0.12605042016806722,0.38307000705707833,50,0.4681392557022809
Cfl2,0.1266266506602641,0.3808813693262309,50,0.009651860744297719
Cfp,0.16110444177671068,0.2637005848294606,50,0.14573829531812724
Cggbp1,-0.28864345738295316,0.042063759660892736,50,-0.2037454981992797
Cgn,0.12446877479637587,0.38911563409533484,50,0.17531812725090035
Cgnl1,0.27606242496998795,0.052309480616969224,50,0.32408163265306117
Cgref1,0.06477946651246569,0.6549152686621057,50,0.08763505402160864
Cgrrf1,-0.021464585834333732,0.8823777930570346,50,-0.061896758703481394
Chac2,-0.2444657863145258,0.08708474152636156,50,-0.25551020408163266
Chadl,0.1264345738295318,0.38161008759856646,50,0.01819927971188475
Champ1,0.23591836734693877,0.09907081382263903,50,0.16225690276110444
Chat,0.26415366146458585,0.06378471624209472,50,0.2173829531812725
Chchd1,-0.07130852340936374,0.6226477383132251,50,-0.13565426170468187
Chchd10,-0.009555822328931571,0.9474874631857075,50,0.08801920768307324
Chchd2,0.10252100840336134,0.4786550085874231,50,0.09397358943577432
Chchd3,0.07620648259303721,0.5988897401951788,50,-0.14823529411764705
Chchd4,-0.2121968787515006,0.1390297443867585,50,-0.17944777911164464
Chchd5,-0.2965186074429772,0.036532465009757105,50,-0.2672268907563025
Chchd6,-0.08384354968922542,0.5626640511151274,50,-0.08504201680672267
Chchd7,-0.1427611044417767,0.3226540113762471,50,-0.10463385354141658
Chd1l,0.025402160864345734,0.8609967659831832,50,0.15563025210084033
Chd2,0.12998799519807921,0.368263154877228,50,0.1894357743097239
Chd3,0.05594237695078031,0.6995932396929486,50,-0.16177671068427368
Chd4,-0.017238895558223288,0.9054155682735919,50,-0.07236494597839135
Chd5,0.19827130852340935,0.16750148046407168,50,-0.03145258103241296
Chd6,0.07265306122448979,0.6160865570949562,50,0.03404561824729892
Chd8,-0.04240096038415366,0.7700050788477624,50,-0.12201680672268907
Chdh,-0.007635054021608643,0.9580321285011986,50,0.17301320528211284
Cherp,-0.08273709483793518,0.5678484153969561,50,-0.08350540216086433
Chga,-0.2009171889460018,0.16178933375334903,50,-0.25445989106712796
Chgb,-0.28777911164465786,0.04271055511794316,50,-0.18933973589435774
Chi3l1,-0.2939255702280912,0.03828330870785798,50,-0.20316926770708282
Chic2,0.1226890756302521,0.3959850809429432,50,0.1950060024009604
Chid1,-0.18645858343337332,0.19479707421420067,50,-0.081968787515006
Chka,0.05671068427370948,0.6956659593725275,50,-0.046530612244897955
Chkb,-0.03202881152460984,0.8252433300244186,50,-0.11923169267707083
Chl1,-0.0035054021608643456,0.9807249358896529,50,0.0792797118847539
Chm,-0.20701080432172866,0.1491778520201904,50,-0.11596638655462185
Chmp1a,0.15630252100840333,0.27838676526196915,50,0.09791116446578632
Chmp2a,-0.019639855942376952,0.8923152365382944,50,0.021368547418967588
Chmp2b,0.13973924948204236,0.33310758120810074,50,0.15193642108631683
Chmp3,-0.28989195678271307,0.041143687200047324,50,-0.11990396158463384
Chmp4b,-0.08456182472989196,0.5593104161522781,50,-0.011092436974789914
Chmp4bl1,0.15534213685474188,0.28138743081868106,50,0.10348139255702281
Chmp5,-0.019735894357743092,0.8917917911858331,50,0.02895558223289316
Chmp6,-0.11375750300120048,0.431515972119501,50,-0.08283313325330133
Chmp7,0.166578631452581,0.24760078806006894,50,0.04739495798319327
Chn1,-0.11250900360144059,0.4366211844911016,50,-0.005138055222088836
Chn2,0.3905402160864346,0.005047472771448176,50,0.28297719087635054
Chordc1,0.11942376950780313,0.4087716624167726,50,-0.013685474189675868
Chp1,-0.08523409363745497,0.55618012140731,50,-0.06823529411764705
Chpf,0.3389675870348139,0.016039990367231045,50,0.1736854741896759
Chpf2,-0.06530769047957993,0.6522803453044977,50,-0.013397358943577431
Chrdl1,-0.27260504201680674,0.05545387333571459,50,-0.22391356542617047
Chrm1,-0.09973589435774309,0.49074587836538336,50,-0.12422569027611044
Chrm2,0.010900360144057623,0.9401113869310186,50,0.057094837935174066
Chrm3,0.004945978391356542,0.9728062148102008,50,0.043841536614645855
Chrm4,-0.05623049219687875,0.6981195909304553,50,-0.09387755102040815
Chrm5,0.18098439375750297,0.20846347621627592,50,0.14900360144057623
Chrna4,0.07793517406962785,0.5906006820717689,50,0.07034813925570228
Chrnb2,-0.19136113717729858,0.1831088251487245,50,-0.11827414827294512
Chst1,-0.050756302521008406,0.7263016417785191,50,-0.0656422569027611
Chst2,0.045570228091236495,0.7533362213710718,50,0.13757503001200477
Chsy3,-0.01915966386554622,0.8949331404691206,50,0.04701080432172868
Chtopl1,0.14516206482593036,0.3144977424473507,50,0.10799519807923168
Chuk,0.01983193277310924,0.8912683914876222,50,-0.021944777911164462
Churc1,0.11471788715486195,0.4276117951507361,50,0.05853541416566627
Ciao1,-0.1415126050420168,0.32694758287613956,50,-0.1504441776710684
Ciao2b,0.2504201680672269,0.07942741809084616,50,0.20720288115246097
Ciao3,0.07716686674669868,0.5942783968149362,50,0.010228091236494596
Ciapin1,0.022136854741896757,0.8787210618032605,50,0.12220888355342135
Cib1,-0.0011044417767106843,0.9939265192708577,50,-0.018775510204081632
Cibar1,0.12259303721488594,0.3963577841499585,50,0.0387515006002401
Cic,0.35414165666266506,0.011629823216863056,50,0.04499399759903961
Cir1,0.05104441776710684,0.7248090119713183,50,0.0722689075630252
Cirbp,0.3564465786314525,0.01106087660933947,50,0.07351740696278511
Cisd1,-0.1086674669867947,0.45253904854968563,50,-0.20710684273709484
Cisd2,0.22545018007202883,0.11544241852753642,50,0.14477791116446578
Cisd3,-0.0672749099639856,0.6425044545261664,50,-0.008979591836734692
Cit,0.1483313325330132,0.3039343481184082,50,0.08715486194477791
Ciz1,0.33695078031212483,0.01672156989283444,50,0.30506602641056424
Ckap4,0.01935174069627851,0.8938858443371016,50,-0.04364945978391356
Ckap5,0.3327250900360144,0.01822977749373358,50,0.3817046818727491
Ckb,0.2532052821128451,0.07603274352227156,50,0.2572388955582233
Ckmt1,-0.00312124849939976,0.982836936740475,50,-0.003601440576230492
Clasp1,-0.2824009603841537,0.046920346217979275,50,-0.2256422569027611
Clasp2,-0.004369747899159664,0.9759734341266462,50,-0.017430972388955582
Clasrp,0.043841536614645855,0.7624150624431476,50,-0.04605042016806723
Clcc1,-0.22324129651860744,0.11914614852584336,50,-0.029051620648259304
Clcn2,0.14285714285714285,0.3223252185211161,50,0.21123649459783914
Clcn3,0.18214122793312254,0.20552081372291375,50,0.19135654261704682
Clcn4,-0.06660264105642257,0.6458385908198062,50,-0.09695078031212485
Clcn6,0.034717887154861946,0.8108299884235655,50,-0.027322929171668665
Clcn7,-0.03692677070828331,0.7990365169421094,50,0.07159663865546219
Cldn10,0.1059783913565426,0.4638677051409739,50,0.3001680672268907
Cldn11,-0.27385354141656665,0.054301259978956996,50,-0.30391356542617043
Cldn5,0.1636014405762305,0.25627215129069014,50,0.027034813925570226
Cldnd1,0.1078031212484994,0.45616379804590335,50,0.010324129651860744
Clec14a,-0.019927971188475387,0.890745037661987,50,0.11788715486194477
Clec16a,-0.00907563025210084,0.9501228647604613,50,0.0013925570228091237
Clec2l,-0.09791116446578632,0.498752792431235,50,-0.06372148859543818
Clec3b,-0.08936374549819928,0.5371349077517865,50,-0.1896278511404562
Clgn,-0.18146458583433375,0.20723843253027394,50,-0.18789915966386553
Clic1,0.35423769507803116,0.011605624796811468,50,0.28797118847539016
Clic4,0.09397358943577432,0.5162572310332108,50,0.13575030012004802
Clic5,0.03759903961584634,0.7954558636185503,50,0.1936614645858343
Clic6,0.7054501800720289,1.0620834902660937e-08,50,0.71937575030012
Clint1,-0.08413167185310592,0.5613176767473446,50,0.04701080432172868
Clip1,-0.07668667466986795,0.5965821041440148,50,-0.09848739495798318
Clip2,0.14112845138055222,0.3282758767462333,50,0.06871548619447777
Clip3,0.05824729891956783,0.6878351565517051,50,0.04499399759903961
Clip4,0.2665546218487395,0.06132225833747569,50,0.2989195678271308
Clmn,0.033661464585834334,0.8164852492044423,50,0.1733973589435774
Clmp,0.2003841536614646,0.1629284828227884,50,0.015222088835534215
Clns1a,0.08273709483793518,0.5678484153969561,50,-0.03587034813925571
Clock,-0.24206482593037212,0.09033086088388119,50,-0.20912364945978393
Clp1,-0.2125810324129652,0.13829904171656549,50,-0.3589435774309723
Clpb,-0.012965497374622487,0.928792028015262,50,-0.04225791736913996
Clpp,0.09551020408163265,0.509389735992829,50,0.06410564225690277
Clptm1,-0.08408365149245917,0.5615419676319069,50,-0.034046435698545714
Clptm1l,0.2002881152460984,0.1631343475702773,50,0.15764705882352942
Clpx,-0.018871548619447776,0.8965044166938532,50,-0.06074429771908763
Clstn1,-0.010996398559423769,0.9395847073576459,50,0.03692677070828331
Clstn2,0.20264592192928477,0.15813492767547807,50,0.09349339735894358
Clstn3,-0.052100840336134456,0.7193447331983341,50,0.1495798319327731
Clta,-0.004081632653061224,0.9775571843853882,50,0.05978391356542617
Cltb,0.06631452581032413,0.647269623377497,50,0.1804081632653061
Cltc,-0.20326530612244897,0.15684044021551885,50,-0.2677070828331332
Clu,0.0966626650660264,0.5042696916034142,50,-0.03548619447779112
Cluap1,0.026266506602641054,0.8563160000574715,50,0.06967587034813925
Cluh,-0.08898172827842765,0.5388832875287619,50,0.050325337957793946
Clvs1,0.1295078031212485,0.3700501614870819,50,-0.04691476590636255
Clvs2,-0.386218487394958,0.005600641622961433,50,-0.41042016806722686
Clybl,0.02559423769507803,0.8599561812492482,50,-0.02857142857142857
Cmas,-0.21926096671306025,0.1260468122839231,50,-0.20403851238804055
Cmbl,-0.3106362545018007,0.028120130113926316,50,-0.07870348139255702
Cmc1,0.2797118847539015,0.049148630346944396,50,0.20115246098439374
Cmc2,-0.11087635054021608,0.4433477830200856,50,-0.16120048019207683
Cmc4,-0.11356542617046818,0.43229920121020293,50,0.008307322929171669
Cmip,0.32494597839135647,0.021308552630070286,50,0.3293637454981992
Cmpk1,0.05238895558223289,0.7178568695076138,50,0.06352941176470588
Cmpk2,-0.11865831115811912,0.4118031735983741,50,-0.13652188531871012
Cmss1,0.23198079231692675,0.10500428127852024,50,0.30506602641056424
Cmtm3,-0.1312396456475676,0.3636297191423017,50,0.011909049440393987
Cmtm4,-0.22833133253301321,0.11074401046931098,50,-0.3238895558223289
Cmtm5,-0.20883553421368548,0.14554663141453617,50,-0.18645858343337332
Cmtm6,0.019255702280912366,0.8944094701222107,50,0.05450180072028812
Cmtr1,-0.10991596638655461,0.44733123264647084,50,-0.11519807923169266
Cnbp,-0.03385354141656663,0.8154563224539221,50,-0.028187274909963984
Cndp1,0.010612244897959183,0.9416915769578321,50,-0.11260504201680673
Cndp2,0.1051645898163824,0.4673260142375117,50,0.04633853541416567
Cnksr2,-0.05805522208883554,0.6888122562563272,50,-0.022232893157262904
Cnksr3,-0.015414165666266506,0.9153887061173894,50,-0.033373349339735896
Cnn1,0.18194477791116445,0.2060184559270741,50,0.11587034813925569
Cnn2,-0.0011044417767106843,0.9939265192708577,50,-0.016758703481392558
Cnn3,0.2571428571428571,0.07143009933348297,50,0.20662665066026412
Cnnm1,-0.09915966386554621,0.49326712687897634,50,-0.17810324129651858
Cnnm2,-0.21200480192076832,0.13939617341420016,50,-0.05325330132052821
Cnnm3,0.023673469387755098,0.8703723399762501,50,0.09637454981992796
Cnnm4,-0.15659439606905157,0.27747901224147165,50,0.0485485846138642
Cnot1,-0.1036279382756864,0.4738936982403406,50,-0.1005546351942944
Cnot10,0.08369747899159663,0.5633472052035943,50,0.03183673469387755
Cnot11,-0.22122448979591836,0.12260593393679703,50,-0.3271548619447779
Cnot2,-0.1472749099639856,0.3074298165312654,50,-0.048931572629051616
Cnot3,0.04701080432172868,0.7457956102653991,50,-0.03346938775510204
Cnot4,0.10549819927971187,0.46590664501610946,50,0.028667466986794718
Cnot6l,0.15159663865546216,0.2932924543539565,50,0.1371908763505402
Cnot7,-0.39399759903961584,0.00463997610174462,50,-0.27683073229291716
Cnot9,0.15601440576230494,0.2792847421484152,50,0.01781512605042017
Cnp,-0.19452581032412963,0.1758363595790261,50,-0.2415846338535414
Cnpy2,-0.11721488595438176,0.41755469815044904,50,0.010900360144057623
Cnpy3,-0.1169267707082833,0.41870819488172134,50,-0.07399759903961585
Cnpy4,0.21296518607442977,0.13757120822163818,50,0.13181272509003603
Cnr1,-0.08360144057623049,0.5637965755719512,50,-0.1011764705882353
Cnrip1,0.015222088835534215,0.9164392876278163,50,0.22621848739495798
Cnst,-0.07476590636254501,0.6058360376069906,50,-0.16139255702280914
Cntfr,-0.1524609843937575,0.290516524621238,50,0.02040816326530612
Cntn1,0.03135654261704682,0.8288557940899515,50,0.03423769507803121
Cntn2,-0.06996566546231467,0.6292298168818174,50,-0.10319575502986565
Cntn3,-0.21710005048395653,0.1299172397747867,50,-0.18386554621848739
Cntn4,0.11250900360144059,0.4366211844911016,50,0.049603841536614644
Cntn5,0.1590876350540216,0.26980446374366224,50,0.13152460984393755
Cntn6,-0.09887154861944776,0.49453026557183105,50,-0.0809123649459784
Cntnap1,-0.07985594237695079,0.5814510819245352,50,-0.046530612244897955
Cntnap2,0.12720288115246098,0.3787001846121899,50,0.08072028811524609
Cntnap4,0.04451380552220888,0.7588805641932979,50,0.04172869147659064
Cntnap5b,0.03097238895558223,0.8309216389451998,50,-0.1845378151260504
Coa3,-0.14093637454981991,0.32894129283283724,50,-0.13344537815126048
Coa4,-0.035390156062424974,0.8072361382587281,50,-0.11279711884753903
Coa5,0.04460984393757503,0.7583760319995217,50,-0.06775510204081632
Coa6,0.023914139602081476,0.8690659751026045,50,0.03135654261704682
Coa7,-0.10972388955582232,0.44813028042727127,50,-0.060840336134453776
Coa8,0.05267707082833133,0.7163700413625802,50,0.08581032412965187
Coasy,-0.06064825930372149,0.6756644275853204,50,-0.14909963985594235
Cobl,0.23236494597839136,0.10441365704086776,50,0.15937575030012002
Cobll1,0.0658343337334934,0.6496574839593189,50,-0.043841536614645855
Coch,-0.018967587034813924,0.8959806139736753,50,-0.08561824729891956
Cog1,0.14324129651860742,0.3210121648083788,50,-0.012533013205282113
Cog2,0.146890756302521,0.308707259421738,50,0.06717887154861946
Cog3,0.048931572629051616,0.7357781389841229,50,0.12057623049219686
Cog4,0.06141656662665066,0.6717868879292382,50,0.1402641056422569
Cog5,-0.02645858343337335,0.8552764883233676,50,-0.009555822328931571
Cog6,0.21911164465786312,0.12631143390035948,50,0.18213685474189675
Cog7,0.014358087833378236,0.9211667412140959,50,0.03692765733735071
Cog8,-0.08168067226890756,0.5728189102509789,50,-0.1086674669867947
Coil,0.013205282112845136,0.9274785890832614,50,-0.07966386554621849
Col12a1,-0.06852340936374549,0.6363309963298318,50,-0.13344537815126048
Col14a1,-0.027899159663865542,0.8474880188601623,50,-0.13344537815126048
Col15a1,-0.12470588235294117,0.3882057572679313,50,-0.05114045618247299
Col18a1,0.1400720288115246,0.33194613184789457,50,0.06852340936374549
Col1a1,-0.055366146458583426,0.7025438216408654,50,0.013781512605042016
Col1a2,-0.1732052821128451,0.22902046668956422,50,-0.15380552220888358
Col25a1,-0.11346938775510206,0.4326911145065585,50,-0.02991596638655462
Col6a1,-0.18184873949579833,0.20626204620255428,50,-0.12153661464585833
Col6a2,-0.06554621848739495,0.6510918768730238,50,0.004273709483793517
Col6a3,-0.011284513805522207,0.938004823056494,50,-0.062953181272509
Colec12,0.04912364945978391,0.7347787492963292,50,0.08907563025210084
Colgalt1,-0.10703481392557021,0.4593990245177137,50,-0.1472749099639856
Colgalt2,-0.12816326530612243,0.3750814646200839,50,-0.012244897959183673
Commd1,0.09445378151260504,0.5141061568152153,50,0.1562064825930372
Commd10,-0.009555822328931571,0.9474874631857075,50,-0.015222088835534215
Commd2,-0.030396158463385354,0.8340225246421047,50,0.1020408163265306
Commd3,0.014261704681872748,0.9216942799647057,50,0.10405762304921969
Commd4,0.016182472989195677,0.9111878287690884,50,0.027226890756302524
Commd5,-0.09253301320528211,0.5227374550597651,50,-0.1804081632653061
Commd6,-0.006290516206482593,0.9654177346041684,50,-0.0588235294117647
Commd7,0.10146458583433372,0.48322255856282165,50,-0.1528451380552221
Commd8,-0.003889555822328931,0.9786130658625282,50,0.12096038415366145
Commd9,-0.021464585834333732,0.8823777930570346,50,-0.10405762304921969
Comt,0.010612244897959183,0.9416915769578321,50,-0.12557022809123647
Comtd1,0.16148859543817526,0.26254848530198116,50,0.06429771908763504
Cop1,0.06324129651860745,0.6626117149647571,50,0.11462184873949578
Copa,0.018151696324471483,0.9004319359303296,50,0.1300840336134454
Copb1,0.17608643457382953,0.22124985036515865,50,0.09330132052821127
Cope,0.12825930372148858,0.3747207343614539,50,0.1140456182472989
Copg2,0.08062424969987995,0.5778093067048342,50,0.06304921968787515
Coprs,0.0760144057623049,0.5998138905729673,50,0.05238895558223289
Cops2,0.2004369853395343,0.1628153155175851,50,0.34002400960384155
Cops3,0.07956782713085234,0.5828194220937315,50,0.08907563025210084
Cops4,0.061992797118847545,0.6688842666153456,50,0.2242016806722689
Cops5,-0.09330132052821127,0.5192763079677906,50,-0.05219687875150059
Cops6,-0.030300120048019206,0.8345395833742012,50,0.003601440576230492
Cops7a,0.03947273645162846,0.7854983483253226,50,0.056806722689075634
Cops7b,-0.2622328931572629,0.06581108856687733,50,-0.2279471788715486
Cops8,-0.07745498199279711,0.5928980657558349,50,-0.10953181272509004
Copz1,0.042881152460984395,0.7674726631844364,50,0.0739015606242497
Copz2,-0.09186074429771908,0.525775341566126,50,-0.0387515006002401
Coq10a,0.17944777911164464,0.21241774359650503,50,0.15966386554621848
Coq10b,0.17128451380552218,0.23430418881831377,50,0.18828331332533013
Coq3,-0.13171668667466988,0.361873115784249,50,-0.14785114045618247
Coq4,0.0059063625450180065,0.9675284624934394,50,0.05939975990396158
Coq5,0.06698679471788715,0.6439325209967761,50,-0.047490996398559415
Coq6,0.09138055222088834,0.5279505989977,50,0.0114765906362545
Coq7,0.10290516206482593,0.476999762222001,50,-0.04902761104441777
Coq8a,-0.007923169267707083,0.9564499314163795,50,-0.11001200480192078
Coq8b,0.08667466986794717,0.5495003532633628,50,0.1063625450180072
Coq9,0.0008163265306122449,0.995510886501963,50,0.026554621848739496
Coro1a,0.11759903961584633,0.41601952687275934,50,0.11231692677070829
Coro1b,-0.06535414165666266,0.6520488346379696,50,-0.17800720288115246
Coro1c,-0.008691476590636255,0.9522315678165846,50,-0.10002400960384153
Coro2a,0.03419049678048596,0.8136520484229635,50,0.11279711884753903
Coro2b,0.14439375750300118,0.3170933396375836,50,0.09464585834333733
Coro6,0.10280912364945978,0.4774132891049011,50,0.19078031212484994
Coro7,0.2976710684273709,0.03577579984068027,50,0.14362545018007203
Cotl1,0.19327731092436973,0.17868010035945792,50,0.3431932773109243
Cox15,0.15611044417767103,0.2789852048598166,50,0.1985594237695078
Cox16,-0.1756062424969988,0.22253207915886813,50,-0.18463385354141656
Cox17,0.08254501800720286,0.5687506533002326,50,0.018967587034813924
Cox18,-0.21930372148859542,0.12597112130797775,50,-0.29517406962785114
Cox19,0.04460984393757503,0.7583760319995217,50,0.0846578631452581
Cox20,0.18837935174069628,0.19015618682948612,50,0.22746698679471786
Cox4i1,-0.15342136854741897,0.28745230071007893,50,-0.1951020408163265
Cox4i2,0.04825930372148859,0.7392794043763776,50,0.08523409363745497
Cox5a,0.017334933973589435,0.9048910526777013,50,-0.07466986794717888
Cox5b,0.029627851140456178,0.8381609225627791,50,-0.1481392557022809
Cox6a1,0.33176470588235296,0.01858818507162248,50,0.2913325330132053
Cox6b1,-0.008979591836734692,0.9506500093767046,50,0.09445378151260504
Cox6c,-0.08398559423769507,0.56200009841794,50,-0.07418967587034814
Cox7a2,-0.01829575740641173,0.8996457456257761,50,0.018775961012879233
Cox7a2l,-0.014069965669497735,0.9227438337321439,50,0.08173065382076843
Cox7b,-0.12864345738295319,0.3732798912926261,50,-0.08561824729891956
Cox7c,-0.030876350540216087,0.8314382775692926,50,0.03692677070828331
Cox8a,0.11606242496998799,0.4221795604689439,50,0.08177671068427371
Cp,0.16494597839135652,0.2523310932857104,50,0.13210084033613445
Cpd,0.07875339146066994,0.5866952516320809,50,0.08341136644340466
Cpe,-0.04835534213685474,0.7387789011788352,50,-0.06256902761104441
Cpeb2,-0.19990396158463383,0.16395970586873604,50,-0.21354141656662667
Cpeb3,0.02737160556864747,0.8503386050961651,50,0.03471872074760021
Cpeb4,0.1669627851140456,0.24649656967425387,50,-0.001680672268907563
Cplx1,0.17522208883553422,0.22356156432386154,50,0.07150060024009604
Cplx2,0.010228091236494596,0.9437988417400183,50,0.09310924369747899
Cplx3,0.29901560624249696,0.03490942840126321,50,0.32513805522208883
Cpm,-0.15918367346938775,0.2695116924175515,50,-0.21498199279711883
Cpne1,0.045570228091236495,0.7533362213710718,50,0.033277310924369745
Cpne2,0.30189675870348137,0.03311123844646151,50,0.20941176470588235
Cpne3,-0.07524609843937576,0.6035167253438533,50,-0.04969987995198079
Cpne4,0.3033373349339736,0.032241341880237695,50,0.23975990396158461
Cpne5,0.24187274909963982,0.09059456847961314,50,0.1904921968787515
Cpne6,0.18501800720288114,0.19833014109968303,50,0.18857142857142856
Cpne7,0.3717166866746698,0.00786213069751659,50,0.2751020408163265
Cpne8,-0.0024489795918367346,0.9865332099197339,50,-0.05853541416566627
Cpne9,0.14429771908763506,0.31741874303886103,50,0.22996398559423767
Cpox,0.05162064825930372,0.7218267936141908,50,0.1714765906362545
Cpped1,0.11519807923169266,0.425667201852284,50,0.14468187274909963
Cpq,0.14112845138055222,0.3282758767462333,50,0.07774309723889555
Cpsf1,-0.1402641056422569,0.33127691005735305,50,-0.12605042016806722
Cpsf2,0.26338535414165665,0.06458919309846894,50,0.23399759903961587
Cpsf3,-0.11673469387755102,0.41947820044144807,50,-0.146890756302521
Cpsf4,-0.08312124849939975,0.5660459322469298,50,-0.039519807923169274
Cpsf6,0.05046818727490996,0.7277952785933703,50,0.03481392557022809
Cpsf7,0.0525822949081912,0.7168590209943543,50,-0.000960407212934999
Cpt1a,0.27010804321728693,0.05781830710944669,50,0.06516206482593037
Cpt1c,0.139015606242497,0.3356419584156021,50,0.1510204081632653
Cpt2,0.14362545018007203,0.3197024999729488,50,0.09973589435774309
Cptp,-0.14329275616990186,0.32083653088008596,50,-0.13210084033613445
Cr1l,0.12201680672268907,0.3985983062754067,50,0.18194477791116445
Crabp1,0.20941176470588235,0.14441365874954165,50,0.2581992797118847
Crabp2,0.0462436073028202,0.7498085733064347,50,0.07870348139255702
Cracd,-0.002352941176470588,0.9870612735896643,50,-0.09090036014405761
Cracdl,0.20605042016806724,0.15111570419875842,50,0.12259303721488594
Cradd,-0.08072028811524609,0.5773548167040339,50,-0.07159663865546219
Crat,-0.08436974789915966,0.5602063043756321,50,-0.13498199279711884
Crbn,-0.015222088835534215,0.9164392876278163,50,0.15630252100840333
Creb1,0.17387755102040817,0.2271907201899618,50,0.07774309723889555
Crebbp,-0.1721488595438175,0.23191625808984315,50,-0.10876350540216086
Crebrf,0.022328931572629048,0.8776767380459473,50,-0.12384153661464585
Creg2,0.042977190876350546,0.7669664674970699,50,0.027130852340936373
Creld1,0.08657863145258103,0.5499444767025348,50,0.04729891956782713
Creld2,-0.0811044417767107,0.5755384891432878,50,-0.06074429771908763
Crh,0.03097238895558223,0.8309216389451998,50,0.0887875150060024
Crhbp,0.4236734693877551,0.002170364192569986,50,0.43318127250900357
Crim1,-0.04326530612244897,0.765448458884893,50,-0.007923169267707083
Crip1,0.3021848739495798,0.03293572040587503,50,0.3016086434573829
Crip2,-0.05104441776710684,0.7248090119713183,50,0.13795918367346938
Cript,-0.22247298919567823,0.12045531832372625,50,-0.16581032412965185
Crk,-0.2819207683073229,0.04731210287402557,50,-0.08100840336134453
Crkl,0.12461283587831613,0.3885626642003917,50,0.0987298614897179
Crlf1,0.07025210084033613,0.6278234226869991,50,0.002352941176470588
Crlf3,0.2668427370948379,0.06103195745107548,50,0.17234093637454984
Crls1,-0.011860744297719087,0.9348457693377733,50,-0.03078031212484994
Crmp1,0.10453781512605041,0.4699989452938897,50,0.24043217286914764
Crocc,0.016086820816661233,0.911710697944997,50,-0.04835534213685474
Crot,0.09781512605042017,0.4991760633201894,50,0.2292917166866747
Crppa,-0.009747899159663865,0.9464334567508218,50,0.033949579831932766
Crtac1,-0.022136854741896757,0.8787210618032605,50,-0.05901560624249699
Crtc1,0.0033133253301320525,0.9817809208576903,50,-0.007154861944777911
Crtc2,-0.11020408163265305,0.4461341332583326,50,-0.06900360144057623
Crtc3,0.08148859543817527,0.5737247800932863,50,0.1402641056422569
Cry2,0.034333733493397356,0.8128853570276434,50,0.10012004801920767
Cryab,0.043169267707082834,0.7659543651497859,50,-0.045858343337334934
Crybb1,0.10232893157262904,0.4794837696605121,50,0.12691476590636253
Crybg3,-0.1594717887154862,0.2686346453491613,50,-0.2329411764705882
Cryl1,0.004561824729891957,0.9749176512032458,50,0.047875150060024005
Crym,0.013013205282112843,0.9285306892833678,50,0.11942376950780313
Cryz,-0.0534453781512605,0.7124102669661331,50,-0.017334933973589435
Cryzl1,0.1669627851140456,0.24649656967425387,50,0.18914765906362543
Cs,-0.05642256902761104,0.697137769951935,50,-0.008691476590636255
Csad,0.4496038415366146,0.001054418597122609,50,0.3609603841536615
Csdc2,0.34818727490996393,0.013217256854965541,50,0.34492196878751497
Csde1,0.16129651860744296,0.26312411362537597,50,0.07543817527010806
Cse1l,-0.13210084033613445,0.36046230064293405,50,-0.13392557022809123
Csf1r,-0.16052821128451378,0.2654350574590323,50,-0.06112845138055222
Csk,0.17695078031212486,0.21895477877946762,50,0.21911164465786312
Csmd1,0.11644657863145258,0.4206347190939244,50,0.10396158463385353
Csmd2,0.2204561824729892,0.12394375224677465,50,0.11615846338535413
Csmd3,-0.055078031212484994,0.704020745069616,50,-0.012340936374549819
Csnk1a1,0.13680672268907562,0.34345211659771546,50,0.10569027611044417
Csnk1d,0.23659063625450177,0.09808420909056412,50,0.08811524609843938
Csnk1e,0.06055222088835534,0.6761497090336853,50,0.13066026410564224
Csnk1g1,-0.15515006002400963,0.2819901046888301,50,-0.0809123649459784
Csnk1g2,0.15034813925570228,0.29733245851278994,50,0.04518607442977191
Csnk1g3,-0.19635054021608642,0.17173913175018168,50,-0.2599279711884754
Csnk2a1,-0.08369747899159663,0.5633472052035943,50,-0.2089315726290516
Csnk2a2,0.08552220888355341,0.5548411048111002,50,-0.04019207683073229
Csnk2b,-0.11452581032412965,0.428391032869492,50,-0.05008403361344538
Cspg4,-0.02799519807923169,0.846969291513827,50,-0.0480672268907563
Cspg5,0.07563025210084032,0.6016640636624717,50,-0.05152460984393757
Cspp1,-0.027322929171668665,0.8506017192354086,50,-0.013397358943577431
Csrp1,0.1507322929171669,0.29608556236980277,50,-0.00312124849939976
Csrp2,0.2550300120048019,0.07387151060810099,50,0.2003841536614646
Cst3,0.10876350540216086,0.4521372736654675,50,0.27097238895558223
Cst6,0.022232893157262904,0.8781988742686199,50,-0.11212484993997598
Cstb,-0.25368547418967585,0.07545921458032613,50,-0.085906362545018
Cstf1,0.25205282112845134,0.07742326403653992,50,0.06881152460984392
Cstf2,0.04883553421368547,0.7362779963744167,50,0.047202881152460976
Cstf2t,0.15491740299654244,0.28272124037430757,50,0.1094410295812524
Cstf3,-0.1598559423769508,0.2674682046825719,50,-0.2795198079231692
Ctbp1,-0.05978391356542617,0.680036637231636,50,-0.1253781512605042
Ctbp2,0.3006482593037215,0.0338807976540806,50,0.3300360144057623
Ctbs,-0.19183673469387755,0.18200233075512198,50,-0.10376950780312125
Ctc1,0.014645858343337334,0.9195918731388897,50,-0.0398079231692677
Ctcf,0.016470588235294115,0.9096131131071888,50,0.11490996398559422
Ctdnep1,-0.10175270108043216,0.4819745953318132,50,-0.1833853541416567
Ctdp1,-0.01282112845138055,0.9295829104799347,50,-0.030012004801920768
Ctdsp1,-0.014165666266506602,0.9222199650398092,50,-0.02809123649459784
Ctdspl2,-0.06996398559423768,0.629238068862309,50,-0.06237695078031212
Ctif,0.010516206482593037,0.942218356661114,50,-0.05219687875150059
Ctnna1,0.1657142857142857,0.2500975243828108,50,0.18184873949579833
Ctnna2,0.20076830732292916,0.1621069208489155,50,0.2068187274909964
Ctnna3,-0.06679471788715485,0.6448852734231328,50,-0.060072028811524604
Ctnnal1,0.0426890756302521,0.768485342598203,50,0.03260504201680672
Ctnnb1,-0.09013205282112843,0.533626974294006,50,-0.2103721488595438
Ctnnbip1,0.23486194477791117,0.10063666546605211,50,0.21517406962785113
Ctnnbl1,0.04969987995198079,0.7317831946429013,50,-0.02914765906362545
Ctnnd1,0.14496998799519806,0.31514536995882747,50,0.07198079231692676
Ctnnd2,0.0923409363745498,0.5236045309500681,50,0.05392557022809123
Ctps1,0.2053781512605042,0.15248320921458572,50,0.12720288115246098
Ctps2,0.0036015270485062465,0.9801964801726094,50,-0.045570228091236495
Ctr9,0.18693877551020407,0.19362938157961015,50,0.3477070828331333
Ctsa,-0.040480192076830734,0.7801582650625992,50,-0.09637454981992796
Ctsb,-0.19951980792316923,0.16478810671305233,50,-0.1721488595438175
Ctsd,-0.058727490996398554,0.6853946173145391,50,-0.09157262905162064
Ctsf,-0.37719087635054016,0.006929397634675651,50,-0.26127250900360144
Ctsh,-0.04057623049219687,0.7796497270001826,50,-0.08581032412965187
Ctsl,-0.061224489795918366,0.672755485105491,50,-0.006194477791116446
Ctss,0.29939975990396156,0.03466510430822522,50,0.19644657863145257
Ctsz,0.28855434712632044,0.04213006816556199,50,0.4223870922488126
Cttn,-0.08062424969987995,0.5778093067048342,50,-0.2225690276110444
Cttnbp2,0.18559423769507805,0.19691150882321412,50,0.1348859543817527
Cttnbp2nl,0.24840336134453783,0.08195927416030117,50,0.2668427370948379
Ctu1,-0.019543817527010805,0.8928387273266257,50,-0.16936374549819924
Ctu2,0.16398559423769507,0.2551419349962814,50,0.09781512605042017
Cuedc1,-0.21450180072028813,0.13468845325314263,50,-0.22362545018007202
Cul1,-0.0484525438925707,0.7382724443588462,50,-0.2797186007673184
Cul2,-0.1328691476590636,0.3576507160616057,50,-0.22160864345738293
Cul3,-0.052965186074429765,0.7148842537631441,50,-0.009171668667466985
Cul4a,0.06948379351740695,0.6315987410557464,50,0.029819927971188476
Cul4b,0.14362545018007203,0.3197024999729488,50,-0.055750300120048016
Cul5,-0.07764705882352942,0.5919786363501149,50,-0.03145258103241296
Cul9,0.020888355342136854,0.8855140703887638,50,-0.16725090036014406
Cuta,0.16158463385354138,0.26226098716524576,50,-0.02914765906362545
Cux1,-0.0902280912364946,0.5331892722160607,50,-0.05430972388955582
Cwc15,-0.19827606911043055,0.1674910729003087,50,-0.06237695078031212
Cwc22,-0.049411764705882356,0.7332804803454832,50,-0.1063625450180072
Cwc25,0.06468187274909963,0.6554025496506848,50,0.24581032412965184
Cwc27,-0.17551020408163265,0.2227891418042841,50,-0.2643457382953181
Cwf19l1,-0.05805522208883554,0.6888122562563272,50,-0.2051860744297719
Cwf19l2,0.06444332398793844,0.656594210049632,50,-0.10943577430972388
Cx3cl1,0.16398559423769507,0.2551419349962814,50,0.17915966386554621
Cxadr,-0.05354141656662665,0.7119158201457186,50,-0.09675870348139255
Cxcl12,-0.11841820935488538,0.41275672351649656,50,-0.17114456534501682
Cxcl14,0.08206482593037215,0.5710091453885509,50,0.07150060024009604
Cxxc1,0.025978391356542615,0.8578757198291542,50,-0.021368547418967588
Cxxc5,0.008787515006002401,0.9517043611276746,50,-0.05795918367346939
Cyb5a,0.11068427370948379,0.44414289895062775,50,-0.0617046818727491
Cyb5b,0.028187274909963984,0.8459320296355735,50,0.14506602641056424
Cyb5d2,0.0331812725090036,0.8190589030020377,50,0.008883553421368545
Cyb5r1,-0.010900360144057623,0.9401113869310186,50,0.042593037214885957
Cyb5r2,0.07697478991596637,0.5951994071363427,50,0.039135654261704685
Cyb5r3,0.2998799519807923,0.034361689469627824,50,0.4294357743097239
Cyb5r4,0.11904247404329313,0.4102801288033813,50,0.19471788715486196
Cybb,0.024057623049219684,0.8682873072255862,50,0.015702280912364946
Cybc1,0.20470588235294118,0.153859812108914,50,0.18530612244897962
Cyc1,-0.254453781512605,0.07454868602768906,50,-0.1754141656662665
Cycs,-0.16379351740696277,0.255706622957568,50,0.02645858343337335
Cyfip1,-0.054981992797118844,0.7045132935167626,50,-0.028379351740696276
Cyfip2,-0.12854741896758703,0.3736397902834093,50,0.06304921968787515
Cygb,0.19414165666266506,0.17670785313176487,50,0.08811524609843938
Cyld,0.022713085234093634,0.875588710609917,50,0.02809123649459784
Cyp20a1,0.02895558223289316,0.8417855841374466,50,-0.06266506602641056
Cyp2d4,0.2995510097144262,0.03456929728954714,50,0.28220888355342133
Cyp2s1,0.11490996398559422,0.42683335738445954,50,0.08821128451380551
Cyp46a1,0.15361344537815122,0.2868419996620879,50,0.2909483793517407
Cyp4f4,0.30103241296518607,0.033642449055295204,50,0.15217286914765904
Cyp4f5,-0.0319327731092437,0.8257591788134112,50,0.05392557022809123
Cyp4x1,-0.024537815126050418,0.8656822648557904,50,0.002352941176470588
Cyp51,0.131140456182473,0.36399561102301464,50,0.08062424969987995
Cyp7b1,0.32859543817527015,0.019813575504473914,50,0.22602641056422568
Cyria,0.09896758703481391,0.49410903335693884,50,0.07793517406962785
Cyrib,-0.31553421368547413,0.025608819264917936,50,-0.2000960384153661
Cys1,0.06842737094837935,0.6368050173218915,50,0.011284513805522207
Cystm1,-0.2669387755102041,0.06093543579934507,50,-0.2876830732292917
Cyth1,-0.020984393757503002,0.8849912355548427,50,-0.05959183673469387
Cyth2,0.13690276110444177,0.343110225487278,50,0.0887875150060024
Cyth3,0.14823529411764705,0.30425105733518204,50,0.13421368547418966
Czib,-0.13392557022809123,0.3538066833286562,50,-0.11318127250900359
D2hgdh,0.11298919567827131,0.4346536656246409,50,0.025210084033613446
Daam1,0.22963336461275827,0.10866932658093176,50,0.14578981492353285
Daam2,-0.11202881152460985,0.4385936619436067,50,-0.1038655462184874
Dab1,-0.329171668667467,0.019585831440135846,50,-0.27097238895558223
Dab2,0.19615846338535411,0.17216713107749965,50,0.2818247298919568
Dab2ip,0.283265306122449,0.04622184501188203,50,0.25704681872749097
Dact2,0.10569027611044417,0.46509049118211554,50,0.1793517406962785
Dact3,0.1063625450180072,0.4622400242246198,50,0.26050420168067223
Dag1,0.08340936374549819,0.5646958176738254,50,0.2266986794717887
Dagla,0.1648499399759904,0.25261123304908306,50,0.17781512605042016
Daglb,0.07745498199279711,0.5928980657558349,50,0.018583433373349337
Dalrd3,-0.14756302521008402,0.30647396149497136,50,-0.2684753901560624
Dap,-0.01637454981992797,0.9101379804213003,50,-0.02127250900360144
Dap3,-0.018775510204081632,0.8970282631008979,50,-0.13834333733493398
Dapk1,-0.27500600240096035,0.05325456158884444,50,-0.2518607442977191
Dapk3,0.21613445378151258,0.131675321304232,50,0.3603841536614646
Dars1,0.05920768307322929,0.6829572528858294,50,0.03529411764705882
Dars2,0.12941176470588234,0.370408187781487,50,0.20172869147659062
Dazap1,-0.1363265306122449,0.345164731242489,50,-0.21872749099639854
Dbh,0.022136854741896757,0.8787210618032605,50,-0.056806722689075634
Dbi,-0.06621848739495799,0.6477469152991983,50,-0.1289315726290516
Dbn1,-0.014165666266506602,0.9222199650398092,50,-0.028379351740696276
Dbndd1,0.055223414743762446,0.7032753510259058,50,0.040337102943269955
Dbndd2,0.0346218487394958,0.8113437127687082,50,0.06756302521008403
Dbnl,-0.06986794717887154,0.629709910864829,50,-0.06141656662665066
Dbp,0.2327490996398559,0.1038255908478191,50,0.1510204081632653
Dbr1,-0.12192076830732293,0.3989724432787403,50,-0.07428571428571429
Dbt,0.2385114045618247,0.09530718986055638,50,0.18127250900360142
Dcaf1,0.1371908763505402,0.3420858162209516,50,0.055750300120048016
Dcaf10,0.11635054021608643,0.42102062780062893,50,-0.033565426170468184
Dcaf11,0.18136854741896757,0.20748303568720763,50,0.14679471788715487
Dcaf12l1,-0.06890756302521008,0.634436355469756,50,-0.12941176470588234
Dcaf13,-0.07370948379351741,0.6109520680536464,50,0.06103241296518607
Dcaf5,-0.025018007202881155,0.863078634916133,50,-0.1404561824729892
Dcaf6,0.2814405762304922,0.04770651873692008,50,0.12336134453781511
Dcaf7,0.09589435774309724,0.5076801308216784,50,0.0792797118847539
Dcaf8,0.13939975990396156,0.33429506428141725,50,0.09262905162064825
Dcakd,-0.18482593037214884,0.1988046228303781,50,-0.022905162064825933
Dcbld2,-0.0026410564225690276,0.9854770999432609,50,-0.17426170468187277
Dcc,0.002352941176470588,0.9870612735896643,50,-0.07486194477791117
Dchs1,0.1413205282112845,0.3276113067205466,50,0.12633853541416568
Dck,0.006386554621848738,0.964890088733286,50,-0.05795918367346939
Dclk1,0.17262905162064823,0.23059688426227976,50,0.16936374549819924
Dclk2,0.08283313325330133,0.5673975453262576,50,0.19423769507803118
Dclk3,0.05459783913565427,0.7064846856496607,50,0.006770708283313325
Dcn,0.1836734693877551,0.20166839087231644,50,0.17503001200480192
Dcp1a,-0.2035534213685474,0.15624094928301424,50,-0.09186074429771908
Dcp1b,-0.1402641056422569,0.33127691005735305,50,-0.21373349339735895
Dcp2,0.21173506798660116,0.1399119651649137,50,0.1821917643693796
Dcps,0.20547418967587033,0.15228729499367402,50,0.22410564225690274
Dctn1,-0.16926770708283315,0.23994145774678127,50,0.08638655462184873
Dctn2,0.004465786314525811,0.9754455374575086,50,0.10914765906362545
Dctn3,-0.09282112845138055,0.5214381816304657,50,-0.06112845138055222
Dctn4,0.17829531812725088,0.21541766680409558,50,0.10530612244897959
Dctn5,-0.1460264105642257,0.31159391297394856,50,-0.14852340936374547
Dctn6,-0.039615846338535404,0.7847391830472042,50,0.04576230492196878
Dcun1d1,0.01310924369747899,0.928004623947973,50,0.05584633853541416
Dcun1d2,0.10290516206482593,0.476999762222001,50,0.07418967587034814
Dcun1d3,0.07831932773109243,0.5887656367420658,50,0.06064825930372149
Dcun1d4,-0.30650660264105645,0.030394173054919885,50,-0.287875150060024
Dcun1d5,0.14698679471788717,0.308387580548175,50,0.2333253301320528
Dcx,0.06756302521008403,0.6410776665565249,50,0.10040816326530612
Dcxr,-0.2265066026410564,0.11370236094543207,50,-0.12259303721488594
Dda1,0.062184873949579826,0.6679177874859943,50,0.00552220888355342
Ddah1,0.11663865546218487,0.419863505348961,50,0.30189675870348137
Ddah2,0.16859543817527012,0.24184094814296855,50,0.22785114045618246
Ddb1,-0.11539015606242496,0.4248907663746203,50,0.0331812725090036
Ddc,0.14141656662665067,0.3272793390182778,50,0.08907563025210084
Ddhd1,0.24849939975990393,0.08183728974572672,50,0.20172869147659062
Ddhd2,-0.020504201680672268,0.8876058902514381,50,-0.04460984393757503
Ddi2,0.10809123649459784,0.45495379483915,50,0.07476590636254501
Ddn,0.17896758703481394,0.213664140543336,50,0.06977190876350539
Ddo,-0.03452581032412965,0.8118575157889591,50,-0.09512605042016806
Ddost,-0.22103241296518605,0.12293935979895941,50,-0.1900120048019208
Ddr1,-0.0546938775510204,0.7059916582285432,50,0.023289315726290515
Ddrgk1,0.008115440949300742,0.9553941553904497,50,0.062088835534213675
Ddt,0.09454981992797118,0.5136764843567919,50,0.024057623049219684
Ddx1,-0.05085234093637454,0.7258039863695547,50,-0.023193277310924368
Ddx17,-0.04873949579831932,0.7367779618754439,50,-0.011764705882352943
Ddx18,0.09896758703481391,0.49410903335693884,50,0.0910924369747899
Ddx19a,-0.2204561824729892,0.12394375224677465,50,-0.31543817527010803
Ddx20,-0.08782713085234094,0.5441842704398321,50,0.00773109243697479
Ddx21,-0.04067226890756302,0.7791412802385701,50,0.02040816326530612
Ddx23,0.12345738295318126,0.3930108411216804,50,0.1598559423769508
Ddx24,-0.1983673469387755,0.1672916128784593,50,-0.16254501800720286
Ddx25,0.012053110522334237,0.933791383640398,50,0.049893154711973205
Ddx27,0.1076110444177671,0.45697143942352847,50,0.12355342136854741
Ddx28,0.054405762304921966,0.7074710981749527,50,0.03673469387755102
Ddx3,0.6225761442758394,1.3831780403187954e-06,50,0.697068979462347
Ddx39a,-0.003217286914765906,0.9823089250466962,50,0.018583433373349337
Ddx39b,0.10910225938941588,0.4507216628225321,50,0.1409397584982111
Ddx3x,0.20470588235294118,0.153859812108914,50,0.12144057623049219
Ddx41,-0.06737094837935174,0.6420287162643779,50,-0.06612244897959184
Ddx42,-0.0035054021608643456,0.9807249358896529,50,-0.006386554621848738
Ddx46,-0.1032893157262905,0.4753475552493741,50,-0.14698679471788717
Ddx47,-0.056806722689075634,0.6951756021337345,50,-0.05421368547418968
Ddx5,-0.08523409363745497,0.55618012140731,50,-0.0026410564225690276
Ddx50,-0.07793704532967517,0.590591737164407,50,-0.12489795918367347
Ddx51,-0.1828091236494598,0.2038352455799765,50,-0.17656662665066022
Ddx56,0.27702280912364946,0.05146214333689354,50,0.261656662665066
Ddx58,-0.0008163265306122449,0.995510886501963,50,-0.028475390156062427
Ddx59,-0.1274909963985594,0.37761239010583864,50,0.04902761104441777
Ddx6,-0.0015846338535414166,0.991285961741987,50,-0.015702280912364946
Decr1,0.012148859543817525,0.933266611913471,50,0.05056422569027611
Decr2,0.100984393757503,0.485306266644739,50,0.09647058823529413
Def8,0.1295078031212485,0.3700501614870819,50,0.1406482593037215
Degs1,-0.03375750300120048,0.8159707474237395,50,0.08350540216086433
Dek,0.13891956782713086,0.3359792098334063,50,0.19193277310924367
Dennd10,-0.23073229291716685,0.10694155365446155,50,-0.19068427370948376
Dennd11,-0.007827130852340937,0.9569773122816055,50,-0.026074429771908762
Dennd1a,0.08945978391356542,0.5366958030570775,50,0.04825930372148859
Dennd1b,-0.021944777911164462,0.8797655899409523,50,-0.008595438175270108
Dennd2b,0.005618247298919568,0.9691116537775033,50,-0.05459783913565427
Dennd4a,0.15645033498711133,0.2779268085751533,50,0.13839467938393335
Dennd4b,0.24331332533013206,0.08863131145915563,50,0.3201440576230492
Dennd4c,-0.16974789915966385,0.23859092977027574,50,-0.13210084033613445
Dennd5a,-0.03346938775510204,0.8175144823680135,50,-0.10809123649459784
Dennd5b,-0.02885954381752701,0.842303659919981,50,0.018583433373349337
Dennd6a,0.12691476590636253,0.3797898447442348,50,0.1524609843937575
Dennd6b,-0.039615846338535404,0.7847391830472042,50,0.024921968787515004
Denr,0.05286914765906363,0.715379400371927,50,-0.04499399759903961
Depdc5,0.17426170468187277,0.22614969415113215,50,0.29162064825930367
Deptor,0.3486674669867947,0.01308270366303706,50,0.33214885954381757
Dera,-0.08706091385255767,0.5477159241762923,50,0.07044417767106842
Derl1,-0.05421368547418968,0.708457986394982,50,0.07841536614645858
Des,0.2252581032412965,0.11576095922209773,50,0.1603361344537815
Desi1,-0.09330132052821127,0.5192763079677906,50,-0.11471788715486195
Dffa,-0.0025450180072028807,0.9860051519629387,50,-0.061992797118847545
Dgcr8,-0.10684273709483794,0.4602097709462432,50,-0.006866746698679471
Dgka,0.15879951980792315,0.27068404488745834,50,0.1454501800720288
Dgkb,0.2639615846338535,0.06398508022851794,50,0.10684273709483794
Dgkd,0.20211284513805522,0.15925529490958068,50,0.12307322929171667
Dgke,-0.09320528211284512,0.5197083239625223,50,-0.1828091236494598
Dgkg,0.1750384172109105,0.22405494572580134,50,0.1853585920964548
Dgkh,-0.01666266506602641,0.9085634932990514,50,-0.08619447779111644
Dgki,0.2948859543817527,0.03762696368169397,50,0.07255702280912364
Dgkq,0.028379351740696276,0.8448950262601718,50,-0.1696518607442977
Dgkz,0.2434093637454982,0.08850161764110702,50,0.24292917166866745
Dglucy,-0.03798319327731092,0.7934116423266137,50,-0.09368547418967586
Dguok,0.021848739495798315,0.8802879301101031,50,0.13661464585834332
Dhcr24,-0.06967587034813925,0.6306540338400889,50,-0.11385354141656662
Dhcr7,-0.12681872749099637,0.38015347916898345,50,-0.006002400960384154
Dhfr,0.17599039615846337,0.22150588501706894,50,0.17512605042016804
Dhodh,0.11846338535414166,0.4125772130443906,50,0.09070828331332531
Dhps,-0.04605042016806723,0.7508201127549528,50,-0.04518607442977191
Dhrs1,0.2016326530612245,0.16026948296871257,50,0.09253301320528211
Dhrs11,0.1956782713085234,0.17324050891322648,50,0.12489795918367347
Dhrs13,0.18569027611044414,0.19667577137847217,50,0.161968787515006
Dhrs3,0.2932533013205282,0.03874833452522711,50,0.17608643457382953
Dhrs4,-0.037310924369747894,0.79698992318548,50,-0.21229291716686674
Dhrs7,0.1470828331332533,0.3080681137727109,50,-0.04710684273709483
Dhrs7b,-0.3053541416566627,0.031055414230742026,50,-0.25743097238895557
Dhrsx,0.02914765906362545,0.840749631753519,50,-0.05248499399759904
Dhtkd1,0.21949579831932772,0.12563150073906193,50,0.2000960384153661
Dhx15,0.051236494597839126,0.7238144873817068,50,-0.015510204081632653
Dhx16,0.17099639855942375,0.2351039005315283,50,0.30679471788715484
Dhx29,-0.06439375750300119,0.6568419236628033,50,-0.04902761104441777
Dhx30,0.03202881152460984,0.8252433300244186,50,0.1398799519807923
Dhx32,-0.014549819927971188,0.9201174243821219,50,-0.06737094837935174
Dhx35,0.13296518607442975,0.3573002104093525,50,0.08984393757503001
Dhx36,0.11135921633981313,0.4413524080441083,50,-0.013493721341736738
Dhx38,-0.2000960384153661,0.16354664670532781,50,-0.1241296518607443
Dhx40,-0.16187274909963983,0.26139975658551357,50,-0.11539015606242496
Dhx57,0.07894547290325692,0.5857801108837161,50,0.20384643094545357
Dhx8,0.15236494597839134,0.2908241130624517,50,0.1367106842737095
Dhx9,-0.169171668667467,0.24021218821931498,50,-0.17013205282112842
Diablo,0.030396158463385354,0.8340225246421047,50,-0.022713085234093634
Diaph1,-0.07207683073229292,0.618894895331404,50,-0.18127250900360142
Dicer1,-0.10031212484993997,0.4882313531546813,50,-0.2847058823529412
Dido1,-0.012436974789915966,0.9316877087702358,50,0.028763505402160862
Dimt1,-0.18357743097238896,0.2019083460799354,50,-0.19462184873949578
Dip2a,-0.042977190876350546,0.7669664674970699,50,-0.1032893157262905
Dip2b,-0.18530612244897962,0.19761992297847894,50,-0.06593037214885954
Dip2c,0.11932773109243697,0.409151304348638,50,0.11289315726290516
Dipk1a,-0.11106842737094838,0.4425534553303118,50,-0.09224489795918367
Dipk1b,0.21690276110444176,0.13027500660345584,50,0.27481392557022805
Dipk2a,-0.021944777911164462,0.8797655899409523,50,-0.05402160864345738
Diras1,0.11164465786314526,0.4401752078504042,50,0.11923169267707083
Diras2,-0.24148859543817527,0.09112378227949472,50,-0.22429771908763504
Dis3,0.11644657863145258,0.4206347190939244,50,0.08552220888355341
Dis3l,0.1837695078031212,0.201428637084075,50,0.27097238895558223
Dis3l2,0.3168787515006002,0.02495326971572696,50,0.3041056422569028
Disp2,0.1051645898163824,0.4673260142375117,50,-0.007731278064126742
Dixdc1,0.0424019784510802,0.7699997072881762,50,0.22919567827130852
Dkc1,0.44710684273709483,0.0011331371519825357,50,0.4959903961584634
Dkk3,0.18511404561824726,0.19809320118763882,50,0.1766626650660264
Dlat,-0.04705995343381496,0.7455387531173127,50,-0.16821128451380551
Dlc1,0.055078031212484994,0.704020745069616,50,-0.058343337334933965
Dld,0.1086674669867947,0.45253904854968563,50,0.027418967587034812
Dlg1,0.030588235294117645,0.832988615863935,50,0.054405762304921966
Dlg2,-0.0331812725090036,0.8190589030020377,50,0.1022328931572629
Dlg3,0.11212484993997598,0.43819877021022846,50,0.10357743097238895
Dlg4,0.08273709483793518,0.5678484153969561,50,0.12509003601440577
Dlg5,0.09570228091236495,0.5085345686643504,50,0.10559423769507804
Dlgap1,0.2395678271308523,0.0938060376520109,50,0.12345738295318126
Dlgap2,0.2786554621848739,0.05004722188525153,50,0.19779111644657865
Dlgap3,0.04096038415366146,0.7776164897616292,50,0.027899159663865542
Dlgap4,0.01042016806722689,0.9427451608408816,50,0.1173109243697479
Dlk1,0.2507082833133253,0.07907080690319458,50,0.2068187274909964
Dlst,-0.07793517406962785,0.5906006820717689,50,-0.14122448979591837
Dmac1,-0.01262905162064826,0.9306352509000534,50,-0.03884753901560624
Dmac2,0.19241296518607443,0.18066815479989504,50,0.042977190876350546
Dmac2l,0.09042016806722687,0.5323143957826949,50,-0.09992797118847539
Dmap1,-0.1357535595483621,0.34721513017357536,50,-0.07380552220888356
Dmd,0.2680912364945978,0.05978669954114631,50,0.2539735894357743
Dmgdh,0.1570708283313325,0.2760014713003756,50,0.12009603841536615
Dmtn,0.17301320528211284,0.22954511169934466,50,0.18914765906362543
Dmwd,-0.017238895558223288,0.9054155682735919,50,-0.13229291716686675
Dmxl1,-0.20240096038415364,0.15864904332820887,50,-0.08523409363745497
Dmxl2,-0.18319327731092436,0.20287018223037157,50,-0.12316926770708284
Dnaaf10,0.1438175270108043,0.31904893860101285,50,0.010036014405762305
Dnaaf2,-0.23841536614645856,0.09544457665223652,50,-0.1807923169267707
Dnaaf5,-0.09877551020408162,0.49495168363471587,50,-0.06256902761104441
Dnaaf9,0.060985858021372436,0.6739595802848332,50,0.12201680672268907
Dnaja1,0.09503001200480192,0.5115308400961797,50,0.055078031212484994
Dnaja2,-0.012725090036014405,0.9301090658978797,50,-0.04729891956782713
Dnaja3,0.1142376950780312,0.42956138814340417,50,0.18012004801920767
Dnaja4,0.028763505402160862,0.8428218018137286,50,0.09339735894357742
Dnajb1,-0.15774309723889554,0.2739254444402557,50,-0.1528451380552221
Dnajb11,-0.3578871548619447,0.010717579270498335,50,-0.23476590636254502
Dnajb12,0.324657863145258,0.021430523141349505,50,0.20825930372148857
Dnajb14,0.15491368344641535,0.2827329393310598,50,0.09301543857275467
Dnajb2,0.18924369747899158,0.18809372129698163,50,0.0563265306122449
Dnajb4,0.011284513805522207,0.938004823056494,50,-0.032989195678271306
Dnajb5,0.23649459783913568,0.09822468547370182,50,0.2632893157262905
Dnajb6,0.07755102040816325,0.5924382718268313,50,0.09378151260504201
Dnajb9,-0.0003361344537815126,0.9981515336582548,50,0.06737094837935174
Dnajc10,0.10232893157262904,0.4794837696605121,50,0.00043217286914765904
Dnajc11,-0.2012484993997599,0.1610842309105939,50,-0.0468187274909964
Dnajc12,-0.12278511404561823,0.3956125827762633,50,-0.052004801920768305
Dnajc13,-0.10338535414165667,0.4749349791129629,50,-0.14420168067226888
Dnajc14,0.1224969987995198,0.39673069234463537,50,0.005138055222088836
Dnajc15,-0.3116926770708283,0.027561772049680865,50,-0.2665546218487395
Dnajc16,-0.025210084033613446,0.8620375844447012,50,0.0790876350540216
Dnajc17,0.16830732292917167,0.2426581435006279,50,0.04124849939975991
Dnajc18,-0.04710684273709483,0.7452937314362832,50,-0.14573829531812724
Dnajc19,0.028667466986794718,0.8433400096067155,50,0.03942376950780312
Dnajc2,-0.07207683073229292,0.618894895331404,50,-0.17896758703481394
Dnajc21,0.20557022809123648,0.15209156636265833,50,0.2566626650660264
Dnajc24,-0.02376950780312125,0.8698509994132183,50,-0.0760144057623049
Dnajc25,0.015126050420168066,0.9169646314960526,50,0.18021608643457382
Dnajc27,-0.3283073229291717,0.019928284465336205,50,-0.38804321728691477
Dnajc28,-0.1582232893157263,0.27244891101311197,50,-0.0993517406962785
Dnajc3,0.22122448979591836,0.12260593393679703,50,0.14785114045618247
Dnajc30,0.05853541416566627,0.6863704532652548,50,0.05690276110444177
Dnajc5,0.14420168067226888,0.3177443583562677,50,0.2599279711884754
Dnajc6,0.043073229291716676,0.7664603680863299,50,-0.0575750300120048
Dnajc7,-0.13968787515006,0.3332871113242811,50,-0.15217286914765904
Dnajc8,-0.2661704681872749,0.06171104726876749,50,-0.21767106842737097
Dnajc9,-0.08744297719087635,0.5459535436144716,50,-0.13104441776710685
Dnal1,-0.03923169267707083,0.7867774768856767,50,0.16225690276110444
Dnal4,0.0672749099639856,0.6425044545261664,50,-0.08264105642256904
Dnase1l1,0.03548619447779112,0.8067230507465127,50,0.025306122448979586
Dnase2,0.25349339735894355,0.07568821446651765,50,0.19183673469387755
Dner,-0.039520756812275216,0.7852435892135766,50,-0.00998823501452399
Dnlz,0.030012004801920768,0.8360911744142364,50,-0.08139255702280913
Dnm1,0.23812725090036013,0.09585765850289417,50,0.22352941176470587
Dnm1l,0.18444177671068426,0.19975599554355383,50,0.10175270108043216
Dnm2,0.037118847539015606,0.7980130520295956,50,0.06381752701080431
Dnm3,0.32216086434573826,0.022512468935843168,50,0.19154861944777912
Dnmbp,-0.0575750300120048,0.6912572031570278,50,-0.15226890756302522
Dnmt1,0.08744297719087635,0.5459535436144716,50,0.16235294117647062
Dnmt3a,0.13843937575030013,0.3376686332513916,50,0.2639615846338535
Dnpep,0.18165666266506603,0.2067498342136332,50,0.10588235294117646
Dnph1,-0.06487394957983193,0.6544436547826313,50,-0.1510204081632653
Dnttip1,0.2225690276110444,0.1202910783963517,50,0.2010564225690276
Dnttip2,-0.16874354731267932,0.24142158956261628,50,-0.09978630942394641
Doc2a,-0.02424969987995198,0.8672451225085609,50,-0.06535414165666266
Doc2b,0.07178871548619448,0.6203010909885867,50,-0.0060984393757503004
Dock1,0.2044706956338613,0.15434355649140782,50,0.0974309723889556
Dock10,-0.05018007202881152,0.7292899173439517,50,-0.05027611044417767
Dock11,0.3343577430972388,0.017633928024119307,50,0.2669387755102041
Dock3,0.22506602641056422,0.11608016848965921,50,0.12576230492196877
Dock4,0.025018607896956726,0.8630753788129828,50,-0.006866911572485243
Dock5,-0.17166866746698678,0.23324081228599539,50,-0.2121968787515006
Dock6,0.1289315726290516,0.3722014419914515,50,0.1545738295318127
Dock7,-0.02415366146458583,0.8677661870492,50,-0.02991596638655462
Dock8,0.20989195678271308,0.1434745254343839,50,0.23860744297719086
Dock9,-0.02261704681872749,0.8761106394173841,50,0.02578631452581032
Dohh,0.03611131120635596,0.8033853270794997,50,-0.033949579831932766
Dok4,0.22324129651860744,0.11914614852584336,50,0.13459783913565426
Dok5,0.20144057623049216,0.16067647907755725,50,0.17166866746698678
Dok6,0.048643457382953184,0.7372780352968975,50,0.07034813925570228
Dok7,0.01013205282112845,0.944325718014386,50,-0.11490996398559422
Dolpp1,0.2533973589435774,0.0758029201498346,50,0.1696518607442977
Dop1a,-0.25963985594237693,0.0686278234478324,50,-0.2814405762304922
Dop1b,0.17608643457382953,0.22124985036515865,50,0.1388235294117647
Dpagt1,-0.066890756302521,0.6444088265071674,50,-0.0712124849939976
Dpcd,0.019735894357743092,0.8917917911858331,50,0.022136854741896757
Dpf1,0.24168067226890755,0.0908588753364803,50,0.17599039615846337
Dpf2,0.22823529411764704,0.11089823095836396,50,0.2842256902761104
Dph1,0.026170468187274906,0.8568358465726584,50,0.14420168067226888
Dph2,-0.0033133253301320525,0.9817809208576903,50,-0.12614645858343337
Dph3,-0.044225690276110445,0.7603947565343314,50,-0.03654261704681872
Dph5,-0.030684273709483793,0.8324717662389532,50,0.05795918367346939
Dph6,-0.0575750300120048,0.6912572031570278,50,-0.081968787515006
Dpm1,-0.058727490996398554,0.6853946173145391,50,-0.09781512605042017
Dpm3,0.004273709483793517,0.9765013409868725,50,0.01205282112845138
Dpp10,-0.0114765906362545,0.9369516977605437,50,-0.07735894357743096
Dpp3,0.0008163265306122449,0.995510886501963,50,0.04845138055222088
Dpp4,-0.14208883553421367,0.32496148958915216,50,-0.10088835534213686
Dpp6,0.12633853541416568,0.3819747571664328,50,0.21603841536614646
Dpp7,-0.050660264105642255,0.7267994090773101,50,-0.00043217286914765904
Dpp8,-0.23529976716907475,0.09998541462277348,50,-0.27827130852340937
Dpp9,-0.03250900360144057,0.8226651861641573,50,-0.15879951980792315
Dpy19l1,-0.04854741896758703,0.7377782164483431,50,-0.08744297719087635
Dpy19l3,0.11030012004801922,0.4457354930536335,50,-0.030396158463385354
Dpy30,-0.13373349339735893,0.3545037109990423,50,-0.14785114045618247
Dpyd,-0.15966386554621848,0.26805100287556477,50,0.010804321728691477
Dpysl2,0.04076830732292917,0.7786329249781234,50,0.030204081632653063
Dpysl3,0.2989195678271308,0.034970731355128126,50,0.2967106842737095
Dpysl4,0.35145258103241295,0.012325199065756527,50,0.33214885954381757
Dpysl5,0.34741896758703483,0.013435005614486835,50,0.2883553421368547
Dr1,-0.07956782713085234,0.5828194220937315,50,-0.03750300120048019
Drap1,-0.031644657863145256,0.8273071614491647,50,-0.08811524609843938
Drd1,0.3821848739495798,0.006163980051327615,50,0.2719327731092437
Drg1,0.12134453781512604,0.4012215602729833,50,0.07975990396158462
Drg2,0.009747899159663865,0.9464334567508218,50,0.06160864345738295
Drosha,-0.24600240096038412,0.08505555002909099,50,-0.1264345738295318
Drp2,0.21939975990396157,0.1258012245669263,50,0.1775270108043217
Dscam,-0.3787274909963985,0.006685533003911981,50,-0.3783433373349339
Dscaml1,-0.047875150060024005,0.7412824849250751,50,-0.03231692677070828
Dst,0.32235294117647056,0.022427641610968704,50,0.2807683073229292
Dstn,0.036638655462184866,0.8005723408637344,50,4.801920768307323e-05
Dstyk,-0.007635054021608643,0.9580321285011986,50,0.24753901560624247
Dtd1,0.08667466986794717,0.5495003532633628,50,0.08619447779111644
Dtd2,-0.17186074429771905,0.23271036864627456,50,-0.18252100840336133
Dtna,0.1359423769507803,0.34653861240552086,50,0.06602641056422569
Dtnb,-0.062088835534213675,0.6684009605193323,50,-0.03615846338535413
Dtnbp1,0.1837695078031212,0.201428637084075,50,0.1431452581032413
Dtwd1,0.09454981992797118,0.5136764843567919,50,0.11539015606242496
Dtx1,-0.007923169267707083,0.9564499314163795,50,-0.04605042016806723
Dtx2,0.1524609843937575,0.290516524621238,50,0.05546218487394958
Dtx3,-0.004945978391356542,0.9728062148102008,50,-0.10799519807923168
Dtx3l,0.13853541416566625,0.3373303264571293,50,0.03817527010804322
Dtymk,-0.026074429771908762,0.8573557532345867,50,-0.03260504201680672
Dus2,0.02348139255702281,0.8714151845581424,50,0.03452581032412965
Dus3l,0.11270108043217285,0.43583358139829165,50,0.09186074429771908
Dusp10,-0.044129651860744294,0.7608996852480964,50,0.05094837935174069
Dusp12,0.027034813925570226,0.8521594188868581,50,0.10002400960384153
Dusp14,-0.0760144057623049,0.5998138905729673,50,-0.20326530612244897
Dusp15,-0.1341176470588235,0.3531104950117525,50,-0.1811764705882353
Dusp19,-0.025306122448979586,0.861517146105322,50,-0.15255702280912364
Dusp22,-0.01752701080432173,0.9038421422420411,50,-0.0923409363745498
Dusp23,-0.061992797118847545,0.6688842666153456,50,-0.032989195678271306
Dusp26,0.15668667466986794,0.2771924256139967,50,0.09579831932773109
Dusp28,-0.03932773109243697,0.7862677701948961,50,-0.015702280912364946
Dusp3,0.11068693129075864,0.4441318923259416,50,0.12307618433762012
Dut,0.21719087635054019,0.1297527835673774,50,0.23668667466986795
Dvl1,0.258301519918868,0.07011869646585527,50,0.24638655462184872
Dvl2,-0.2541656662665066,0.07488911026326925,50,-0.2706842737094838
Dvl3,0.1847298919567827,0.19904216476531753,50,0.07879951980792316
Dxo,-0.01935174069627851,0.8938858443371016,50,-0.0640096038415366
Dym,-0.07860744297719087,0.5873910280279689,50,-0.07140456182472989
Dync1h1,-0.04643568874540721,0.7488032362526886,50,-0.08158659273882815
Dync1i1,-0.08801920768307324,0.5433006702649567,50,-0.2154621848739496
Dync1i2,-0.08177671068427371,0.5723662219784476,50,-0.09205282112845137
Dync1li1,-0.045954381752701084,0.7513231301724004,50,-0.004369747899159664
Dync1li2,0.26857142857142857,0.05931322187980089,50,0.26127250900360144
Dync2h1,0.1036734693877551,0.47369839364716887,50,0.15668667466986794
Dync2i2,0.21229291716686674,0.13884679942729225,50,0.20777911164465784
Dync2li1,-0.02799519807923169,0.846969291513827,50,-0.19030012004801922
Dynll1,0.16456182472989198,0.25345291121868224,50,0.06612244897959184
Dynll2,-0.08538020122992142,0.5555008951219497,50,-0.10069869627623465
Dynlrb1,0.18002833206466556,0.21091764996649204,50,0.14588585564482634
Dynlt1,-0.11990396158463384,0.4068765010018678,50,-0.1298919567827131
Dynlt3,0.06477791116446578,0.6549230333249496,50,-0.003793517406962785
Dyrk1a,0.029819927971188476,0.837125912035467,50,0.062472989195678265
Dyrk1b,0.06909963985594238,0.6334899031407717,50,0.013013205282112843
Dyrk2,0.0027370948379351738,0.9849490540846748,50,-0.005330132052821128
Dysf,0.3009363745498199,0.033701905640262646,50,0.1799279711884754
Dzank1,0.1224969987995198,0.39673069234463537,50,0.16043217286914768
Dzip3,0.20835534213685472,0.14649579831228954,50,0.2403361344537815
Eaf1,0.19289315726290512,0.17956172563520612,50,0.18770708283313325
Eapp,0.1470828331332533,0.3080681137727109,50,0.15428571428571428
Ears2,-0.009459783913565426,0.9480144998904445,50,0.00907563025210084
Ebag9,-0.06372148859543818,0.660205254292198,50,0.21459783913565425
Ebna1bp2,-0.230828331332533,0.10679156606568176,50,-0.1328691476590636
Ebpl,0.1169267707082833,0.41870819488172134,50,0.10981992797118847
Ece1,-0.24129651860744294,0.09138929013326061,50,-0.24120048019207685
Ece2,0.3804561824729892,0.00642014471563659,50,0.3341656662665066
Ecel1,0.3589435774309723,0.010471693826756329,50,0.34357743097238896
Ech1,0.025306122448979586,0.861517146105322,50,0.018487394957983194
Echdc1,0.049315726290516206,0.7337797943319674,50,-0.09339735894357742
Echdc2,0.08763505402160864,0.545068561888412,50,0.08945978391356542
Echdc3,0.14122448979591837,0.3279434859681821,50,0.10463385354141658
Echs1,-0.1006002400960384,0.48697661853049373,50,0.10309723889555823
Eci1,0.19174069627851137,0.18222537961031418,50,0.10703481392557021
Ecm1,-0.0013925570228091237,0.9923421752307796,50,0.02645858343337335
Ecsit,-0.1562064825930372,0.27868587923533067,50,-0.06487394957983193
Edc3,0.012725395571388737,0.9301073919468008,50,0.0021608643457382954
Edc4,-0.02559423769507803,0.8599561812492482,50,0.057382953181272504
Edem3,-0.11817527010804323,0.4137228304092187,50,-0.1156782713085234
Edf1,-0.20307322929171667,0.15724103790548746,50,-0.28172869147659063
Edil3,0.07956782713085234,0.5828194220937315,50,0.02559423769507803
Ednrb,0.3660504201680672,0.00894040036825591,50,0.21200480192076832
Edrf1,-0.22967587034813922,0.10860210249751734,50,-0.24878751500600238
Eea1,-0.08475390156062423,0.5584152018580083,50,-0.04902761104441777
Eed,0.08283313325330133,0.5673975453262576,50,0.1822328931572629
Eef1a1,-0.09695078031212485,0.5029938008354746,50,-0.041056422569027605
Eef1a2,0.104921968787515,0.46835972181301216,50,0.11097238895558223
Eef1akmt1,0.12355342136854741,0.3926399851500462,50,0.08177671068427371
Eef1akmt2,-0.19068427370948376,0.18469188312177381,50,-0.09983193277310923
Eef1b2,-0.15803121248499397,0.2730388902522867,50,-0.15726290516206481
Eef1d,-0.2587755102040816,0.06958776772500153,50,-0.3654741896758703
Eef1e1,0.023289315726290515,0.8724582456414803,50,0.03145258103241296
Eef1g,-0.12965497374622487,0.3695019210704176,50,-0.2003841536614646
Eef2,-0.017383370554123485,0.9046265306184371,50,-0.016758703481392558
Eef2k,-0.07947369687037116,0.5832667881906327,50,-0.11903961584633853
Eefsec,0.3165906362545018,0.02509254733582267,50,0.3037214885954382
Eepd1,0.14698679471788717,0.308387580548175,50,0.10309723889555823
Efcab14,0.02895558223289316,0.8417855841374466,50,-0.024345738295318126
Efemp1,0.23111644657863145,0.10634257172415776,50,0.19529411764705884
Efhd1,0.035390156062424974,0.8072361382587281,50,0.024057623049219684
Efhd2,0.23351740696278508,0.1026571069985649,50,0.1901080432172869
Efl1,0.01310924369747899,0.928004623947973,50,0.05114045618247299
Efna3,-0.11433373349339734,0.4291710699856449,50,-0.12566626650660262
Efna5,0.04701080432172868,0.7457956102653991,50,-0.040480192076830734
Efnb1,0.15591836734693876,0.27958449111394346,50,0.10040816326530612
Efnb2,-0.12509003601440577,0.3867342723350412,50,-0.04451380552220888
Efnb3,0.32292917166866747,0.022174772148092613,50,0.3149579831932772
Efr3a,0.14737094837935172,0.3071109860724217,50,0.1865546218487395
Efr3b,0.006290516206482593,0.9654177346041684,50,0.07073229291716686
Efs,0.26031212484994,0.06788850994530415,50,0.27231692677070823
Eftud2,-0.04485101684406445,0.7571094838789494,50,-0.017238895558223288
Egfr,-0.21968787515006,0.12529257145179043,50,-0.2074909963985594
Egln1,0.16974789915966385,0.23859092977027574,50,0.01262905162064826
Egr1,0.5420888355342136,4.780550799326197e-05,50,0.49483793517406965
Egr3,0.3707563025210084,0.008036528944312468,50,0.3971668667466987
Ehbp1,-0.2277551020408163,0.11167179733499552,50,-0.08331332533013207
Ehbp1l1,-0.18501800720288114,0.19833014109968303,50,-0.21853541416566627
Ehd1,0.1089101779468289,0.4515240488122677,50,0.11971475909234763
Ehd2,-0.0857142857142857,0.5539492757656787,50,-0.053829531812725095
Ehd3,0.0034093637454981987,0.9812529243973734,50,-0.009267707082833133
Ehd4,-0.029531812725090034,0.8386785296382456,50,-0.020600240096038412
Ehhadh,0.12729891956782713,0.3783373790940621,50,0.0790876350540216
Ehmt1,-0.027322929171668665,0.8506017192354086,50,0.04797118847539015
Ehmt2,-0.22861944777911164,0.1102823328119331,50,-0.21200480192076832
Ei24,0.11635054021608643,0.42102062780062893,50,0.21968787515006
Eid2,0.2693397358943577,0.058561928734627115,50,0.2289075630252101
Eid2b,-0.045858343337334934,0.7518262499368317,50,0.006194477791116446
Eif1,-0.004945978391356542,0.9728062148102008,50,-0.15611044417767103
Eif1a,-0.09570228091236495,0.5085345686643504,50,-0.18175270108043215
Eif1ad,0.0760144057623049,0.5998138905729673,50,0.04691476590636255
Eif1ax,-0.03519892435406771,0.8082580372074718,50,0.06545018007202881
Eif1b,0.11798319327731092,0.41448758716608036,50,0.06256902761104441
Eif2a,-0.07625633270703892,0.598649995671274,50,-0.020216086434573826
Eif2ak2,0.066890756302521,0.6444088265071674,50,-0.06804321728691476
Eif2ak4,-0.0025450180072028807,0.9860051519629387,50,0.05699879951980792
Eif2b1,-0.006386554621848738,0.964890088733286,50,0.08139255702280913
Eif2b2,-0.18060024009603842,0.20944716392870089,50,-0.0857142857142857
Eif2b3,-0.07332533013205282,0.6128170298538621,50,-0.011188475390156062
Eif2b4,0.09090036014405761,0.5301302886436152,50,0.05911164465786314
Eif2b5,-0.26088835534213684,0.06725987333467791,50,-0.10837935174069627
Eif2d,-0.018007202881152456,0.9012205808095002,50,-0.139015606242497
Eif2s1,0.05277310924369748,0.7158746629666642,50,0.04432172869147659
Eif2s2,0.03884753901560624,0.7888171864728192,50,-0.015702280912364946
Eif2s3,-0.11020408163265305,0.4461341332583326,50,-0.1640816326530612
Eif2s3y,0.8152265430078386,5.717244515985276e-13,50,0.8363513768666989
Eif3a,-0.022040816326530613,0.8792433004330112,50,-0.08273709483793518
Eif3b,-0.10002400960384153,0.48948777399465654,50,-0.032989195678271306
Eif3c,-0.061992797118847545,0.6688842666153456,50,0.026554621848739496
Eif3d,-0.36874834940639284,0.008412021663172429,50,-0.38285714285714284
Eif3el1,-0.20509003601440576,0.15307206623080197,50,-0.30948379351740696
Eif3f,-0.09791116446578632,0.498752792431235,50,-0.1992316926770708
Eif3g,0.23265306122448978,0.1039723679290365,50,0.30929171668667466
Eif3h,-0.17704681872749098,0.21870079667364328,50,-0.1820408163265306
Eif3i,0.08062424969987995,0.5778093067048342,50,0.09301320528211285
Eif3j,0.030300120048019206,0.8345395833742012,50,-0.018007202881152456
Eif3k,-0.28067226890756297,0.04834314694137063,50,-0.09551020408163265
Eif3l,0.23985594237695076,0.09339983618891168,50,0.15889555822328932
Eif3m,-0.011380552220888355,0.9374782471699071,50,-0.00312124849939976
Eif4a1,0.2829359649306507,0.04648698808158738,50,0.19798794694655006
Eif4a2,-0.20345738295318128,0.15644059228611876,50,-0.1775270108043217
Eif4a3,0.4200240096038415,0.002391788115971418,50,0.29939975990396156
Eif4b,-0.01666266506602641,0.9085634932990514,50,-0.0848499399759904
Eif4e,-0.11241296518607442,0.43701528359012115,50,-0.023001200480192076
Eif4e2,0.18213685474189675,0.205531882566014,50,0.12566626650660262
Eif4ebp2,0.049603841536614644,0.7322821803116044,50,0.05450180072028812
Eif4enif1,0.16600240096038413,0.24926339418995225,50,-0.09195678271308522
Eif4g1,0.16513805522208885,0.25177144303044197,50,0.1634093637454982
Eif4g2,-0.06055222088835534,0.6761497090336853,50,-0.2351500600240096
Eif4g3,-0.015126050420168066,0.9169646314960526,50,-0.06333733493397359
Eif4h,0.08840336134453781,0.5415355477060978,50,0.09262905162064825
Eif5a,0.06256902761104441,0.6659864293910166,50,0.03279711884753902
Eif5a2,-0.21603841536614646,0.13185115181435023,50,-0.39553421368547415
Eif5b,0.16561824729891955,0.25037598681334733,50,0.17426170468187277
Eif6,-0.21267707082833132,0.1381168145769436,50,-0.3227370948379351
Eipr1,0.17743097238895558,0.21768691775872978,50,0.18895558223289313
Elac1,0.021368547418967588,0.8829003832753773,50,-0.04816326530612245
Elac2,-0.16638655462184873,0.2481541527175963,50,-0.05939975990396158
Elapor2,0.20854741896758705,0.14611558282783543,50,0.2948859543817527
Elavl1,-0.04163265306122449,0.7740618781921108,50,0.017430972388955582
Elavl2,0.04797118847539015,0.7407815550065097,50,0.09800720288115244
Elavl3,0.1330612244897959,0.35694991429029194,50,0.027130852340936373
Elavl4,0.2668427370948379,0.06103195745107548,50,0.24388955582232894
Elfn1,0.14218487394957982,0.3246312147655424,50,-0.020888355342136854
Elfn2,0.011284513805522207,0.938004823056494,50,-0.08686674669867947
Ell,0.08360144057623049,0.5637965755719512,50,0.034717887154861946
Elmo1,0.10559423769507804,0.46549847184380333,50,0.1454501800720288
Elmo2,-0.1998127206511265,0.16415618495767947,50,-0.09061224489795917
Elmo3,0.09262905162064825,0.5223041850809608,50,0.09714285714285714
Elmod1,0.14420168067226888,0.3177443583562677,50,0.0642016806722689
Elmod2,-0.18012004801920767,0.21068134503679994,50,-0.19135654261704682
Eloa,-0.018967587034813924,0.8959806139736753,50,0.03606242496998799
Elob,0.04825930372148859,0.7392794043763776,50,0.14890756302521005
Eloc,0.09906362545018006,0.49368798709204953,50,0.01771908763505402
Elof1,-0.09435774309723889,0.5145360102171661,50,0.03903961584633854
Elovl2,0.17656662665066022,0.21997275812295494,50,0.16062424969987996
Elovl4,0.031164465786314523,0.8298885741693174,50,-0.07198079231692676
Elp1,-0.3033373349339736,0.032241341880237695,50,-0.34809123649459783
Elp2,0.07879951980792316,0.586475422108195,50,0.060840336134453776
Elp3,-0.010996398559423769,0.9395847073576459,50,0.04230492196878751
Elp5,0.1499639855942377,0.298582748649281,50,0.15006002400960383
Elp6,0.11769507803121249,0.41563623882851247,50,0.07668667466986795
Emb,0.21613445378151258,0.131675321304232,50,0.19539015606242494
Emc1,0.007010972654425493,0.961459838793992,50,0.1631731854776563
Emc10,-0.11279711884753903,0.4354400775517007,50,-0.01310924369747899
Emc2,0.12345738295318126,0.3930108411216804,50,0.12182472989195677
Emc3,0.04643457382953182,0.7488090704314575,50,-0.0003361344537815126
Emc4,0.005810324129651861,0.9680561794495712,50,0.018583433373349337
Emc6,-0.1367106842737095,0.3437942183463451,50,-0.13575030012004802
Emc7,-0.11625450180072029,0.42140673764264985,50,-0.06977190876350539
Emc8,-0.0695798319327731,0.6311263144969435,50,0.10789915966386554
Emc9,-0.16561824729891955,0.25037598681334733,50,-0.02069627851140456
Emd,-0.06621848739495799,0.6477469152991983,50,-0.014837935174069627
Emg1,0.02885954381752701,0.842303659919981,50,0.014261704681872748
Emilin1,-0.08974789915966387,0.535379538886014,50,-0.09032412965186075
Emilin2,0.1764748253768061,0.2202165108448913,50,0.12691476590636253
Eml1,0.11164465786314526,0.4401752078504042,50,0.10434573829531814
Eml2,0.18405762304921966,0.2007105836695977,50,0.03577430972388955
Eml3,-0.022713085234093634,0.875588710609917,50,-0.021368547418967588
Eml4,0.3027611044417767,0.03258699744247485,50,0.21440576230492195
Eml5,0.3576950780312125,0.01076281559552076,50,0.4598799519807923
Eml6,0.3098679471788715,0.02853211059959872,50,0.2588715486194478
Emsy,0.3218727490996398,0.022640216095355502,50,0.1829051620648259
Emx1,0.1276830732292917,0.37688823080036193,50,0.12182472989195677
Enah,0.08821128451380551,0.5424177623569869,50,0.05315726290516206
Enc1,0.2665546218487395,0.06132225833747569,50,0.2704921968787515
Endog,0.07534213685474188,0.603053327134776,50,0.040384153661464584
Engase,0.22785114045618246,0.11151675520937383,50,0.3139975990396158
Enho,-0.22746698679471786,0.1121379118263193,50,-0.03202881152460984
Eno1,0.0857142857142857,0.5539492757656787,50,0.06756302521008403
Eno2,-0.19769507803121247,0.16876470872480315,50,-0.23716686674669865
Eno3,0.14266506602641055,0.3229830159785232,50,0.20316926770708282
Enoph1,0.1467057243335822,0.30932376519946464,50,0.16869147659063624
Enox1,-0.07774309723889555,0.5915191594695827,50,-0.010708283313325332
Enpep,-0.13363745498199278,0.3548525395175443,50,-0.01944777911164466
Enpp1,0.04576230492196878,0.7523294718542115,50,0.07831932773109243
Enpp2,0.31006746869606444,0.028424642668632597,50,0.36739495798319327
Enpp4,-0.3142857142857143,0.026230399390594572,50,-0.38881152460984386
Enpp5,-0.23764705882352938,0.096549205963177,50,-0.16974789915966385
Enpp6,-0.15150060024009604,0.29360195131671885,50,-0.1836734693877551
Ensa,0.04715599415510845,0.7450369157806979,50,-0.02991596638655462
Entpd1,-0.02127250900360144,0.8834230228517642,50,0.0954141656662665
Entpd2,0.13267707082833133,0.3583523558391349,50,0.127875150060024
Entpd3,0.20345738295318128,0.15644059228611876,50,0.2342857142857143
Entpd4,0.025690276110444176,0.8594359770665877,50,-0.04211284513805522
Entpd6,0.13959183673469386,0.3336228844020166,50,0.154765906362545
Entr1,-0.08321728691476589,0.565595727377284,50,-0.04845138055222088
Eny2,-0.0534453781512605,0.7124102669661331,50,0.05354141656662665
Eogt,0.06160864345738295,0.6708188182068404,50,0.0023529976716907476
Eola2,-0.013685474189675868,0.9248488795718957,50,0.02674669867947179
Ep300,-0.1027635717840449,0.47760949493505533,50,-0.10454032512797463
Ep400,-0.1287394957983193,0.37292020022027506,50,-0.2781752701080432
Epb41,0.2943097238895558,0.038019648718243565,50,0.3734453781512605
Epb41l1,-0.11049219687875149,0.4449388025026449,50,0.042593037214885957
Epb41l2,-0.08427370948379351,0.5606545008835909,50,-0.08321728691476589
Epb41l3,-0.0830252100840336,0.5664963036173905,50,-0.062472989195678265
Epb41l4a,-0.016278511404561824,0.910662885715317,50,0.07217286914765905
Epb41l4b,0.3054501800720288,0.030999858063385725,50,0.21853541416566627
Epb41l5,-0.16907563025210082,0.24048312706659133,50,-0.10991596638655461
Epb42,-0.18540216086434572,0.19738358456431077,50,-0.1528451380552221
Epc1,-0.02280912364945978,0.8750668341977711,50,-0.1063625450180072
Epc2,-0.045474189675870344,0.7538397485818784,50,-0.08811524609843938
Epdr1,-0.16235294117647062,0.25996858368021925,50,-0.20691476590636257
Epg5,-0.17546639780322432,0.22290646484807636,50,0.07102211339654317
Epha10,-0.13699879951980792,0.342768545038711,50,-0.012725090036014405
Epha3,-0.09387755102040815,0.5166879874808273,50,-0.14641056422569024
Epha4,-0.08888355342136854,0.5393330505492828,50,-0.05728691476590636
Epha5,0.1795438175270108,0.21216907573751145,50,0.1298919567827131
Epha7,-0.019639855942376952,0.8923152365382944,50,0.1673469387755102
Epha8,-0.11145258103241296,0.44096716713420075,50,0.04566626650660264
Ephb1,0.3274429771908764,0.020275784533717086,50,0.382953181272509
Ephb2,0.10554875270155639,0.4656917637669479,50,0.11490996398559422
Ephb3,0.14016806722689074,0.3316114152758582,50,0.09570228091236495
Ephb6,0.2168067226890756,0.1304494314309544,50,0.18175270108043215
Ephx1,0.38679471788715486,0.005523953250180196,50,0.3556782713085234
Ephx2,-0.10348139255702281,0.47452259340535535,50,-0.17474189675870347
Ephx4,0.07111644657863145,0.6235874393948588,50,-0.12470588235294117
Epm2a,-0.21815126050420167,0.12802340310515242,50,-0.21507803121248498
Epm2aip1,-0.04086434573829532,0.7781246614190953,50,-0.11519807923169266
Epn1,0.1644657863145258,0.2537338903275896,50,0.07726290516206481
Epn2,-0.013973589435774309,0.9232714336848591,50,-0.08696278511404561
Epn3,0.04096038415366146,0.7776164897616292,50,-0.13190876350540215
Eprs,0.027034813925570226,0.8521594188868581,50,0.053061224489795916
Eps15,0.009171668667466985,0.949595741280882,50,0.0640096038415366
Eps15l1,-0.0760144057623049,0.5998138905729673,50,-0.03097238895558223
Eps8,0.318807174333773,0.024037641162958027,50,0.316110444177671
Eps8l2,0.34271308523409366,0.014836816061990447,50,0.3248499399759904
Eral1,0.23102040816326527,0.10649207519975618,50,0.35375750300120046
Erap1,0.27410679984633113,0.05406983010433758,50,0.2576292348698135
Erbb3,0.045474189675870344,0.7538397485818784,50,0.006866746698679471
Erbb4,0.27558223289315725,0.052737365541917464,50,0.21930372148859542
Erbin,0.038367346938775505,0.7913687946434047,50,0.06852340936374549
Erc1,-0.24936374549819929,0.08074583655563201,50,-0.20451380552220885
Erc2,0.3624969987995198,0.009679943910982793,50,0.23524609843937574
Ercc1,-0.26521008403361346,0.06269166657372456,50,-0.1820408163265306
Ercc2,0.12758703481392558,0.37725020672145276,50,0.1499639855942377
Ercc3,-0.003985594237695078,0.9780851204760453,50,0.0021608643457382954
Ercc4,0.029723889555822326,0.8376433832914365,50,0.056806722689075634
Ercc5,-0.060072028811524604,0.6785780674684071,50,-0.07534213685474188
Erf,0.3374309723889556,0.016557095538619792,50,0.22285714285714284
Erg,-0.15380552220888358,0.28623254637859175,50,-0.11010804321728691
Erg28,-0.28777911164465786,0.04271055511794316,50,-0.3341656662665066
Ergic1,0.246578631452581,0.08430421976111704,50,0.29181272509003603
Ergic2,-0.08744297719087635,0.5459535436144716,50,-0.2062424969987995
Ergic3,-0.07207683073229292,0.618894895331404,50,-0.020312124849939977
Erh,-0.27097238895558223,0.05699083615940131,50,-0.2807683073229292
Eri1,0.10156062424969987,0.48280638215732524,50,0.03414165666266506
Eri3,-0.09358943577430971,0.5179813380142873,50,-0.02809123649459784
Erich3,0.24878751500600238,0.08147219196218929,50,0.21536614645858343
Erich5,-0.10463385354141658,0.46958885190595157,50,-0.03558223289315726
Erlec1,0.01944777911164466,0.8933622633323914,50,-0.02665066026410564
Erlin1,0.016566626650660263,0.9090882839930864,50,0.037406962785114045
Erlin2,0.20557022809123648,0.15209156636265833,50,0.26857142857142857
Ermn,-0.16984393757503002,0.23832144880306985,50,-0.19308523409363745
Ermp1,-0.05430972388955582,0.7079644829143952,50,-0.2796158463385354
Ero1a,-0.056806722689075634,0.6951756021337345,50,-0.22717887154861943
Ero1b,0.04777911164465786,0.7417835210455958,50,-0.05162064825930372
Erp29,0.02348139255702281,0.8714151845581424,50,0.013205282112845136
Erp44,0.27702280912364946,0.05146214333689354,50,0.3306122448979592
Esam,0.23716686674669865,0.09724461160477188,50,0.07966386554621849
Esd,-0.258109438476281,0.0703347661399787,50,-0.10530612244897959
Esf1,0.13133253301320527,0.3632872766392256,50,0.17493397358943577
Esrra,-0.24168067226890755,0.0908588753364803,50,-0.18770708283313325
Ess2,0.046242496998799516,0.7498143857365437,50,0.14285714285714285
Esyt1,-0.0887875150060024,0.5397732021211107,50,-0.009555822328931571
Esyt2,-0.05786314525810324,0.689789858987514,50,-0.023097238895558224
Esyt3,-0.02444177671068427,0.8662031611964573,50,0.03903961584633854
Etf1,-0.04211284513805522,0.7715256708960064,50,-0.0954141656662665
Etfa,0.07054021608643457,0.6264100995628384,50,-0.017334933973589435
Etfb,0.08081632653061224,0.5769004898096026,50,0.10770708283313324
Etfdh,0.13795918367346938,0.33936333202859625,50,0.053829531812725095
Ethe1,-0.004657863145258102,0.9743897755876302,50,-0.03884753901560624
Etl4,0.04441776710684273,0.7593851958109286,50,0.021656662665066023
Etnk1,0.03308523409363745,0.8195738612852521,50,0.08148859543817527
Etnppl,0.3150540216086435,0.025846412598473176,50,0.16648259303721488
Etv6,0.2003841536614646,0.1629284828227884,50,0.10002400960384153
Eva1a,0.14496998799519806,0.31514536995882747,50,0.03442977190876351
Eva1b,0.3113085234093637,0.02776373036982035,50,0.22429771908763504
Evi2a,0.047587034813925566,0.7427859111260962,50,-0.06852340936374549
Evi5,0.09963985594237695,0.4911656201405194,50,0.10987058515976389
Evi5l,-0.19457850134063082,0.17571706687348965,50,-0.18876350540216086
Evl,0.053829531812725095,0.710433184072419,50,0.16235294117647062
Ewsr1,-0.074093637454982,0.6090895470834801,50,0.2665546218487395
Exd2,0.16456182472989198,0.25345291121868224,50,0.10626650660264104
Exoc1,-0.15645409143296193,0.2779151260746027,50,-0.16350932800218357
Exoc2,-0.11519807923169266,0.425667201852284,50,0.02261704681872749
Exoc3,-0.009219909244175992,0.9493309725640038,50,-0.12009603841536615
Exoc4,0.0468187274909964,0.7467996811509177,50,-0.05623049219687875
Exoc5,0.007827130852340937,0.9569773122816055,50,0.07188475390156063
Exoc6,0.1032893157262905,0.4753475552493741,50,0.09090036014405761
Exoc6b,0.3097719087635054,0.02858396028430741,50,0.1908763505402161
Exoc8,-0.016950780312124852,0.9069893539372285,50,0.08648259303721488
Exog,0.08187274909963986,0.5719136983199204,50,0.02463385354141657
Exosc1,0.17512605042016804,0.22381945017363192,50,0.09042016806722687
Exosc10,-0.06602641056422569,0.6487019197630061,50,-0.07534213685474188
Exosc2,0.08667466986794717,0.5495003532633628,50,0.04345738295318128
Exosc3,0.2063385354141657,0.15053240874638005,50,0.07611044417767106
Exosc4,-0.19346938775510203,0.17824045890452594,50,-0.15755102040816327
Exosc5,0.07140456182472989,0.622178110780469,50,0.06871548619447777
Exosc6,-0.20691476590636257,0.14937080663844932,50,-0.17915966386554621
Exosc7,-0.04509003601440576,0.7558548692341351,50,-0.12701080432172868
Exosc8,-0.11769507803121249,0.41563623882851247,50,-0.17944777911164464
Exosc9,0.32129651860744296,0.022897540802460457,50,0.4094597839135654
Exph5,0.2062424969987995,0.15072665560143494,50,0.1630252100840336
Ext2,0.16077216744531883,0.26469981498192074,50,0.14218487394957982
Extl2,0.022424969987995196,0.8771546533520387,50,0.11202881152460985
Extl3,-0.0050420168067226885,0.9722783839866403,50,-0.0683313325330132
Eya3,0.12614645858343337,0.3827047169409153,50,0.30919567827130856
Eya4,0.11030012004801922,0.4457354930536335,50,0.07582232893157262
Ezh1,0.17675870348139258,0.2194633581735469,50,0.09042016806722687
Ezr,0.3909243697478992,0.005000699908686236,50,0.28720288115246095
F10,0.13171668667466988,0.361873115784249,50,0.19346938775510203
F11r,0.08912578936036791,0.5382236382637203,50,0.08715486194477791
F12,0.04086434573829532,0.7781246614190953,50,0.07591836734693877
F13a1,0.08436974789915966,0.5602063043756321,50,0.17205282112845138
F2r,-0.05911164465786314,0.6834444707314836,50,-0.05930372148859543
F3,0.1493877551020408,0.3004645478631454,50,0.11260504201680673
F8a1,0.07966386554621849,0.5823631470805782,50,0.07822328931572628
FAM120C,-0.023673469387755098,0.8703723399762501,50,0.10703481392557021
Fa2h,-0.06064825930372149,0.6756644275853204,50,0.059495798319327726
Faap100,0.11529411764705881,0.42527888391361923,50,0.044129651860744294
Fabp3,0.022713085234093634,0.875588710609917,50,0.18482593037214884
Fabp5,0.21507803121248498,0.13361915827681067,50,0.13402160864345739
Fabp7,0.07111644657863145,0.6235874393948588,50,0.030204081632653063
Fadd,-0.03202881152460984,0.8252433300244186,50,-0.17589435774309725
Fads1,-0.10732292917166866,0.4581843586731788,50,-0.04739495798319327
Fads2,0.047490996398559415,0.7432872647025576,50,0.0480672268907563
Fads3,0.31543817527010803,0.02565619102878088,50,0.02280912364945978
Fads6,0.04067226890756302,0.7791412802385701,50,0.11308523409363744
Faf1,0.16888355342136854,0.24102563002513044,50,0.09915966386554621
Faf2,0.26818727490996397,0.0596917619764196,50,0.008019207683073229
Fah,-0.02482593037214886,0.8641199156786887,50,-0.06468187274909963
Fahd1,-0.19807923169267705,0.1679217900172661,50,-0.10953181272509004
Fahd2a,0.1558223289315726,0.2798844517690455,50,0.05824729891956783
Faim,0.009843937575030014,0.9459064874660708,50,0.00014405762304921967
Faim2,-0.018967587034813924,0.8959806139736753,50,0.04873949579831932
Fam102a,-0.062088835534213675,0.6684009605193323,50,-0.15601440576230494
Fam102b,0.26626650660264106,0.06161366531996933,50,0.09435774309723889
Fam104b,-0.24062424969987994,0.09232331168907343,50,-0.05411764705882353
Fam107a,0.14612244897959184,0.31127232542051414,50,0.02578631452581032
Fam107b,-0.01906362545018007,0.8954568551591776,50,0.04633853541416567
Fam110b,0.2624249699879952,0.06560616800260535,50,0.14256902761104442
Fam114a1,0.1505402160864346,0.2967085862020062,50,0.1799279711884754
Fam117b,-0.015126050420168066,0.9169646314960526,50,0.010516206482593037
Fam118a,-0.08648259303721488,0.5503887713278364,50,0.07822328931572628
Fam118b,-0.1971188475390156,0.17003484463374963,50,-0.2533973589435774
Fam120a,0.07274909963985594,0.6156190279117519,50,0.016086434573829533
Fam120b,0.12480192076830732,0.38783757676343483,50,0.1505402160864346
Fam124a,-0.1032893157262905,0.4753475552493741,50,-0.16264105642256904
Fam126a,0.3626890756302521,0.009638659855525991,50,0.34069627851140455
Fam126b,-0.006962785114045618,0.9617245339673098,50,-0.07745498199279711
Fam131a,0.0885954381752701,0.5406540272994341,50,0.12710684273709483
Fam131b,0.23831932773109243,0.09558211695510747,50,0.3159183673469388
Fam133b,-0.04403361344537814,0.7614047126017045,50,0.02578631452581032
Fam135a,-0.03442977190876351,0.8123713972775561,50,0.09771908763505403
Fam135b,0.1007923169267707,0.486141066886281,50,-0.013685474189675868
Fam136a,-0.024345738295318126,0.866724113819169,50,-0.1700360144057623
Fam13c,-0.20182472989195677,0.15986324196287502,50,0.06650660264105641
Fam151b,0.1038655462184874,0.47287495671406327,50,0.10501800720288115
Fam162a,-0.11164465786314526,0.4401752078504042,50,-0.10559423769507804
Fam163b,0.052100840336134456,0.7193447331983341,50,0.015990396158463382
Fam168a,-0.003889555822328931,0.9786130658625282,50,-0.030684273709483793
Fam169a,-0.16888355342136854,0.24102563002513044,50,-0.033661464585834334
Fam171a1,0.2225690276110444,0.1202910783963517,50,0.12096038415366145
Fam171a2,0.24225690276110443,0.09006775172386867,50,0.10828331332533012
Fam171b,0.19337334933973588,0.1784601820905578,50,0.12566626650660262
Fam172a,0.024537815126050418,0.8656822648557904,50,-0.0011044417767106843
Fam174a,-0.2903721488595438,0.04079423775209094,50,-0.3269627851140456
Fam177a1,-0.05594237695078031,0.6995932396929486,50,-0.07313325330132053
Fam184a,0.006194477791116446,0.9659453951391317,50,0.1038655462184874
Fam184b,0.20076830732292916,0.1621069208489155,50,0.23447779111644657
Fam189a1,-0.11298919567827131,0.4346536656246409,50,0.03346938775510204
Fam193a,0.06631452581032413,0.647269623377497,50,0.06679471788715485
Fam193b,0.17819927971188473,0.21566898765633302,50,0.24840336134453783
Fam20b,-0.01637454981992797,0.9101379804213003,50,0.04998799519807923
Fam20c,-0.06765906362545018,0.6406023554342575,50,-0.21286914765906362
Fam210a,0.10645858343337333,0.46183358680346137,50,0.1086674669867947
Fam210b,-0.02885954381752701,0.842303659919981,50,-0.09339735894357742
Fam217b,0.052292917166866744,0.7183527092577802,50,-0.023097238895558224
Fam219a,0.05767106842737095,0.690767963327466,50,-0.07649459783913565
Fam219b,-0.07543817527010806,0.6025900840195814,50,0.05325330132052821
Fam221a,0.021464585834333732,0.8823777930570346,50,0.06324129651860745
Fam222b,0.03990396158463385,0.7832113995200589,50,0.03414165666266506
Fam234b,-0.004849939975990396,0.9733340571673678,50,-0.05104441776710684
Fam241b,0.06064825930372149,0.6756644275853204,50,0.09570228091236495
Fam32a,0.031644657863145256,0.8273071614491647,50,0.07591836734693877
Fam3c,0.25431582998518776,0.07471153039133957,50,0.2628154338196625
Fam50a,0.11875150060024009,0.4114334184828892,50,0.07092436974789915
Fam53c,0.18645858343337332,0.19479707421420067,50,0.09282112845138055
Fam76a,0.14352941176470588,0.3200295984361328,50,0.26261704681872744
Fam81a,0.27241296518607444,0.05563293769399261,50,0.22861944777911164
Fam89b,0.24773109243697478,0.0828171679382903,50,-0.002064825930372149
Fam8a1,0.0792797118847539,0.5841892151915156,50,0.10136854741896759
Fam91a1,0.18424969987995196,0.2002328874502069,50,0.06516206482593037
Fam98a,0.05920768307322929,0.6829572528858294,50,0.10021608643457382
Fam98c,0.025306122448979586,0.861517146105322,50,0.1309483793517407
Far1,-0.07649459783913565,0.5975046881375029,50,-0.07879951980792316
Farp1,0.4227130852340936,0.0022267952844863066,50,0.40993997599039617
Farp2,-0.08955582232893158,0.5362568732672314,50,-0.1032893157262905
Fars2,0.09834569860454391,0.4968399780004497,50,0.016470588235294115
Farsa,-0.20316926770708282,0.1570406453007557,50,-0.2351500600240096
Farsb,-0.1709003601440576,0.2353708864141955,50,-0.10242496998799519
Fas,0.2566626650660264,0.07197926434296789,50,0.20297719087635052
Fasn,0.17406962785114044,0.22666979438928456,50,0.14487394957983193
Fastkd1,0.00907563025210084,0.9501228647604613,50,0.0885954381752701
Fastkd2,-0.11932773109243697,0.409151304348638,50,-0.09013205282112843
Fat1,0.00312124849939976,0.982836936740475,50,0.041152460984393756
Fat3,0.06823529411764705,0.6377534911177856,50,0.11519807923169266
Fau,0.1431452581032413,0.3213401105572278,50,0.22362545018007202
Fbh1,-0.015222454325019737,0.9164372884154077,50,-0.07342313142888067
Fbl,-0.16148859543817526,0.26254848530198116,50,-0.07015606242496998
Fblim1,0.24523409363745496,0.08606546767980337,50,0.1950060024009604
Fbll1,-0.06679471788715485,0.6448852734231328,50,-0.07006002400960383
Fbln1,0.19788715486194475,0.16834286590706912,50,0.13863145258103243
Fbln2,-0.019735894357743092,0.8917917911858331,50,-0.02857142857142857
Fbxl15,0.08801920768307324,0.5433006702649567,50,-0.018871548619447776
Fbxl16,0.02444177671068427,0.8662031611964573,50,0.061896758703481394
Fbxl17,0.07620648259303721,0.5988897401951788,50,0.173109243697479
Fbxl2,-0.05555822328931572,0.7015598094284042,50,0.09896758703481391
Fbxl20,-0.25253301320528215,0.07684146241703783,50,-0.22352941176470587
Fbxl4,0.02578631452581032,0.8589158319594371,50,0.028763505402160862
Fbxo10,0.15889555822328932,0.27039063996061596,50,0.23380552220888354
Fbxo11,0.1696518607442977,0.23886061889913693,50,0.026266506602641054
Fbxo2,0.10396158463385353,0.4724635245370603,50,0.11587034813925569
Fbxo21,0.012917166866746698,0.9290567848678867,50,-0.07995198079231693
Fbxo22,-0.043073229291716676,0.7664603680863299,50,0.0008163265306122449
Fbxo28,-0.11366146458583432,0.4319074870573528,50,-0.0792797118847539
Fbxo3,0.32408163265306117,0.0216762305310712,50,0.09944777911164465
Fbxo30,0.05421368547418968,0.708457986394982,50,-0.05421368547418968
Fbxo31,0.08648259303721488,0.5503887713278364,50,0.15716686674669866
Fbxo38,0.027418967587034812,0.8500826111544155,50,0.11049219687875149
Fbxo4,-0.0844657863145258,0.5597582760881983,50,-0.046626650660264106
Fbxo41,0.2557022809123649,0.07308763687243035,50,0.2442737094837935
Fbxo42,0.1415126050420168,0.32694758287613956,50,0.09752701080432173
Fbxo44,0.15543817527010806,0.28108641153206376,50,0.09589435774309724
Fbxo45,-0.45767106842737093,0.0008324539958589163,50,-0.4995438175270108
Fbxo6,-0.01819927971188475,0.90017224670718,50,-0.11222088835534214
Fbxo7,0.19692677070828332,0.17045976104296842,50,0.22026410564225687
Fbxo9,0.15505402160864346,0.2822917592950656,50,0.07966386554621849
Fbxw11,-0.24072606792215748,0.09218137476233963,50,-0.2368787515006002
Fbxw17,-0.18914765906362543,0.18832209156309074,50,-0.1756062424969988
Fbxw2,0.20422569027611043,0.15484868543635935,50,0.2659783913565426
Fbxw5,0.004561824729891957,0.9749176512032458,50,-0.062088835534213675
Fbxw7,-0.20096038415366146,0.1616972769979981,50,-0.20912364945978393
Fbxw9,0.037406962785114045,0.7964784852993401,50,-0.023193277310924368
Fcer1g,-0.18319327731092436,0.20287018223037157,50,-0.1210564225690276
Fcgr3a,0.08917166866746698,0.538013641370765,50,0.13959183673469386
Fcho1,0.08888355342136854,0.5393330505492828,50,-0.024057623049219684
Fcho2,0.0912845138055222,0.5283861828190868,50,0.13623049219687874
Fchsd1,0.08398559423769507,0.56200009841794,50,0.11087635054021608
Fchsd2,0.23899159663865546,0.094622554993456,50,0.27308523409363744
Fcrl2,0.6121008403361343,2.31959189645528e-06,50,0.6559903961584634
Fcsk,-0.08734693877551021,0.5463962930194103,50,-0.18213685474189675
Fdft1,0.11270108043217285,0.43583358139829165,50,-0.035966386554621844
Fdps,-0.1992316926770708,0.16541140693479003,50,-0.31351740696278513
Fdx1,0.043073229291716676,0.7664603680863299,50,0.07716686674669868
Fdx2,-0.10194477791116446,0.48114356379579976,50,-0.1440096038415366
Fdxr,0.2988235294117647,0.03503212327075406,50,0.1940456182472989
Fech,0.15294117647058825,0.2889817627244347,50,0.16936374549819924
Fem1a,0.009747899159663865,0.9464334567508218,50,0.029531812725090034
Fem1b,-0.14425316338283684,0.3175697814455403,50,-0.20783212087913377
Fen1,0.05003721579391345,0.730031374336698,50,0.06948546185584717
Fer,-0.14285714285714285,0.3223252185211161,50,-0.07495798319327732
Fermt2,-0.08350540216086433,0.564246113106247,50,-0.15447779111644658
Fermt3,-0.19481392557022806,0.17518477928606702,50,-0.2024969987995198
Fez1,0.0385594237695078,0.7903478899673712,50,0.026362545018007204
Fez2,0.03721488595438175,0.7975014454969093,50,-0.04009603841536614
Fgd1,0.1702280912364946,0.23724560582753182,50,0.031068427370948382
Fgd2,-0.08763505402160864,0.545068561888412,50,0.03145258103241296
Fgd3,0.08850152467196015,0.5410849485981433,50,0.09531812725090036
Fgd4,0.059495798319327726,0.6814963672758616,50,0.01282112845138055
Fgd6,-0.08657863145258103,0.5499444767025348,50,-0.14228091236494594
Fgf1,0.24542617046818724,0.0858121132027057,50,0.22900360144057622
Fgf12,0.018967587034813924,0.8959806139736753,50,0.0792797118847539
Fgf13,-0.18876350540216086,0.18923755321110564,50,-0.15399759903961585
Fgf14,0.3063145258103241,0.030503559503268246,50,0.10828331332533012
Fgf2,0.21267707082833132,0.1381168145769436,50,0.13546218487394956
Fgfr1,0.05152460984393757,0.7223235471625435,50,0.02559423769507803
Fgfr1op2,0.058343337334933965,0.6873467957767785,50,0.059495798319327726
Fgfr2,0.041440576230492195,0.7750770169950753,50,-0.016950780312124852
Fgfr3,-0.012725090036014405,0.9301090658978797,50,-0.04950780312124849
Fggy,-0.00744297719087635,0.9590870158850027,50,-0.2673229291716686
Fgl2,-0.05325330132052821,0.7133995116982279,50,-0.02463385354141657
Fh,-0.030300120048019206,0.8345395833742012,50,0.13642256902761105
Fhip1b,-0.009075848162235741,0.9501216686989278,50,-0.010708283313325332
Fhip2a,-0.04,0.782702317866487,50,-0.013493397358943579
Fhip2b,-0.1870348139255702,0.19339644157152902,50,-0.12864345738295319
Fhl1,0.07399759903961585,0.6095549479701945,50,0.06890756302521008
Fhl2,0.1700360144057623,0.23778311120927567,50,0.17800720288115246
Fhl3,0.22247298919567823,0.12045531832372625,50,0.18088835534213688
Fhod1,-0.08542617046818726,0.5552872740683678,50,-0.001680672268907563
Fhod3,-0.03548619447779112,0.8067230507465127,50,-0.054981992797118844
Fibcd1,-0.29630604098685276,0.036673460549608995,50,-0.17269631444252398
Fibp,0.011380552220888355,0.9374782471699071,50,0.10885954381752701
Fig4,-0.09493397358943578,0.511959606175683,50,-0.09714285714285714
Filip1l,0.028667466986794718,0.8433400096067155,50,-0.08292917166866745
Fip1l1,0.10405762304921969,0.47205228334210264,50,0.04432172869147659
Fis1,0.08331332533013207,0.5651456891418459,50,-0.01637454981992797
Fitm2,-0.17406962785114044,0.22666979438928456,50,-0.1359423769507803
Fiz1,0.17464585834333732,0.22511196898944325,50,0.01983193277310924
Fjx1,0.11875150060024009,0.4114334184828892,50,-0.09915966386554621
Fkbp15,0.042593037214885957,0.7689918259288934,50,0.09435774309723889
Fkbp1a,0.13623049219687874,0.34550788582018077,50,0.2067226890756302
Fkbp1b,-0.0739015606242497,0.6100205018611946,50,-0.060840336134453776
Fkbp2,0.05786314525810324,0.689789858987514,50,-0.024057623049219684
Fkbp3,-0.04172869147659064,0.7735544489391231,50,-0.049603841536614644
Fkbp4,0.21834333733493394,0.12767961930458543,50,0.11126050420168068
Fkbp5,0.07447779111644658,0.6072294765845787,50,-0.005426170468187274
Fkbp7,0.2779831932773109,0.05062596375254143,50,0.25743097238895557
Fkbp8,0.09848739495798318,0.4962170518882712,50,0.045954381752701084
Fkbp9,0.17599039615846337,0.22150588501706894,50,0.1971188475390156
Fkbpl,0.029243697478991592,0.8402317555756762,50,0.025402160864345734
Flad1,-0.2002881152460984,0.1631343475702773,50,0.0015846338535414166
Flcn,-0.2624312709344885,0.06559945436454186,50,-0.054647170416001443
Flii,0.15399759903961585,0.2856239407910244,50,0.062184873949579826
Flna,0.31543817527010803,0.02565619102878088,50,0.19279711884753903
Flnb,0.11529411764705881,0.42527888391361923,50,0.1228811524609844
Flnc,0.23543817527010802,0.09978021413717464,50,0.16763505402160866
Flot1,-0.27078031212484993,0.0571738892509002,50,-0.2089315726290516
Flot2,-0.035390156062424974,0.8072361382587281,50,-0.06352941176470588
Flrt1,0.15159663865546216,0.2932924543539565,50,0.0846578631452581
Flrt2,-0.029723889555822326,0.8376433832914365,50,0.0059063625450180065
Flrt3,-0.14717887154861942,0.30774885909918787,50,-0.25541416566626646
Flt1,0.3002641056422569,0.034120542451500334,50,0.32129651860744296
Flvcr1,0.19894357743097235,0.16603642335249538,50,0.013685474189675868
Flywch1,0.1908763505402161,0.1842416578459936,50,0.1799279711884754
Fmc1,0.1799279711884754,0.21117644104816888,50,0.16110444177671068
Fmn1,-0.02809123649459784,0.8464506283680964,50,-0.13891956782713086
Fmnl1,0.3011284513805522,0.03358307935703641,50,0.27481392557022805
Fmnl2,0.0642016806722689,0.6578021921982875,50,0.04739495798319327
Fmnl3,0.15351740696278512,0.2871470442113454,50,0.21719087635054019
Fmo1,0.1599519807923169,0.2671771221430569,50,0.1836734693877551
Fmod,0.05219687875150059,0.7188486638832161,50,0.11577430972388955
Fmr1,0.24456182472989194,0.08695681881029091,50,0.15966386554621848
Fn1,-0.22295318127250902,0.1196358159292066,50,-0.2168067226890756
Fn3k,0.24456182472989194,0.08695681881029091,50,0.3150540216086435
Fn3krp,0.1365186074429772,0.34447905366250436,50,0.12701080432172868
Fnbp1,0.1495798319327731,0.2998364329090326,50,0.0012965186074429772
Fnbp1l,-0.02040816326530612,0.8881289642599213,50,-0.050660264105642255
Fnbp4,-0.25406962785114046,0.07500285778726268,50,-0.20432172869147658
Fndc3a,-0.060168067226890755,0.6780921362007896,50,-0.03279711884753902
Fnta,0.05479123149794169,0.7054919992688807,50,-0.03371029317401846
Fntb,0.06890921752808618,0.6344282004859936,50,0.11510204081632652
Focad,-0.19817527010804323,0.16771153948561557,50,-0.16158463385354138
Folh1,-0.14612244897959184,0.31127232542051414,50,-0.30420168067226894
Folr1,0.696919494066282,1.889576408341268e-08,50,0.6708924585957435
Foxg1,-0.1992316926770708,0.16541140693479003,50,-0.14804321728691477
Foxj2,0.012148859543817525,0.933266611913471,50,-0.0006242496998799519
Foxj3,0.07380552220888356,0.6104862086059221,50,0.046530612244897955
Foxk1,0.16763505402160866,0.24457223816359275,50,0.13171668667466988
Foxk2,0.23735894357743095,0.0969659855514645,50,0.11702280912364946
Foxn3,-0.08926770708283314,0.5375741872301489,50,-0.07236494597839135
Foxo1,0.2062424969987995,0.15072665560143494,50,0.09512605042016806
Foxo3,-0.14535414165666266,0.3138509628970513,50,-0.21891956782713082
Foxp1,0.3701800720288115,0.008142769364185256,50,0.3182232893157263
Foxp2,0.07370948379351741,0.6109520680536464,50,-0.06448979591836734
Fpgs,0.18012004801920767,0.21068134503679994,50,0.034333733493397356
Fpgt,-0.21507803121248498,0.13361915827681067,50,-0.1657142857142857
Fra10ac1,0.23764705882352938,0.096549205963177,50,0.09070828331332531
Fras1,0.030684273709483793,0.8324717662389532,50,-0.04
Frg1,-0.06506602641056422,0.65348531171337,50,-0.06151260504201681
Frmd4b,0.1510204081632653,0.2951526174669431,50,0.11625450180072029
Frmd5,0.00552220888355342,0.9696394107021206,50,-0.021848739495798315
Frmd6,-0.053829531812725095,0.710433184072419,50,-0.09099639855942376
Frmd8,0.05651860744297719,0.6966470434608811,50,0.12758703481392558
Frmpd1,0.27183673469387754,0.056172930963631885,50,0.21930372148859542
Frmpd4,0.0319327731092437,0.8257591788134112,50,0.02665066026410564
Frrs1l,0.16830732292917167,0.2426581435006279,50,0.10088835534213686
Frs2,0.1371908763505402,0.3420858162209516,50,0.11779111644657862
Frs3,0.16499795918223287,0.2521795551385833,50,0.13032725879527937
Fry,-0.07841536614645858,0.5883072740489869,50,-0.10165666266506602
Fryl,0.03495882255083396,0.8095415353434816,50,0.11769507803121249
Frzb,0.3788235294117647,0.0066705426149574745,50,0.30343337334933973
Fscn1,0.11615846338535413,0.4217930485541134,50,0.166578631452581
Fsd1,0.14439375750300118,0.3170933396375836,50,0.043073229291716676
Fsd1l,0.272797118847539,0.05527527429234335,50,0.32878751500600234
Fstl1,0.16667466986794718,0.24732441964392568,50,0.09618247298919569
Fstl4,0.1543817527010804,0.28440927241544345,50,0.1328691476590636
Fstl5,0.19759903961584632,0.16897591791597658,50,0.15006002400960383
Fth1,0.006578631452581032,0.9638348418776679,50,-0.1545738295318127
Fto,0.12096038415366145,0.4027250580268724,50,0.14641056422569024
Ftsj3,-0.062472989195678265,0.6664690684682278,50,-0.1210564225690276
Fubp1,0.0452832000898852,0.7548414036777084,50,-0.05445508897341445
Fubp3,0.06785114045618247,0.6396521614613111,50,-0.018391356542617046
Fuca1,0.05478991596638655,0.7054987502780329,50,0.21959183673469387
Fuca2,0.13018007202881152,0.36754981121134545,50,0.024729891956782712
Fundc1,-0.0025450180072028807,0.9860051519629387,50,0.03798319327731092
Fundc2,0.052965186074429765,0.7148842537631441,50,0.20662665066026412
Fuom,-0.22496998799519805,0.1162400240790686,50,-0.25541416566626646
Fus,0.12921968787515006,0.3711248650349302,50,0.08379351740696277
Fut11,-0.0319327731092437,0.8257591788134112,50,0.08129651860744297
Fut8,-0.11366146458583432,0.4319074870573528,50,-0.07169267707082833
Fut9,0.13863145258103243,0.3369922306980507,50,0.023289315726290515
Fv1,-0.09387755102040815,0.5166879874808273,50,-0.22583433373349338
Fxn,-0.03721488595438175,0.7975014454969093,50,-0.16715486194477788
Fxr1,0.0036974789915966387,0.9796689836275797,50,-0.03490996398559423
Fxr2,0.05339864103918595,0.7126509319680957,50,-0.047202881152460976
Fxyd1,0.22641056422569028,0.11385971662902702,50,0.08686674669867947
Fxyd6,0.11169535886434039,0.43996629250136426,50,0.14170808426855913
Fxyd7,0.18069627851140455,0.20920093739279744,50,0.1714765906362545
Fyb1,-0.0844657863145258,0.5597582760881983,50,0.006194477791116446
Fyco1,0.010516206482593037,0.942218356661114,50,0.04883553421368547
Fyn,-0.05671068427370948,0.6956659593725275,50,-0.06141656662665066
Fyttd1,-0.03375750300120048,0.8159707474237395,50,-0.037022809123649456
Fzd2,0.2936374549819928,0.03848203984144794,50,0.27135654261704684
Fzd3,0.20172869147659062,0.16006626811680286,50,0.018775510204081632
Fzr1,0.4347178871548619,0.0016068971516201922,50,0.4836014405762305
G3bp1,0.10280912364945978,0.4774132891049011,50,0.09339735894357742
G3bp2,-0.2138295318127251,0.13594404412591776,50,-0.16436974789915965
G4,0.3454021608643457,0.014021252708742975,50,0.3820888355342137
G6pd,-0.12240096038415366,0.3971038054741006,50,-0.04614645858343337
Gaa,0.474765906362545,0.000494721957283074,50,0.4591116446578631
Gab1,-0.049557012187445945,0.732525530784646,50,-0.06986794717887154
Gab2,-0.2668427370948379,0.06103195745107548,50,-0.2067226890756302
Gabarap,-0.13147974745080135,0.3627449500742097,50,-0.04470695576212421
Gabarapl1,0.060264105642256906,0.6776063345498441,50,-0.003217286914765906
Gabarapl2,0.13142857142857142,0.36293342288441993,50,-0.03260504201680672
Gabbr1,0.13623049219687874,0.34550788582018077,50,0.11596638655462185
Gabbr2,0.10789915966386554,0.4557602690455043,50,0.034717887154861946
Gabpa,0.0012965186074429772,0.992870286960601,50,-0.07889555822328932
Gabpb1l,-0.05806079842369508,0.6887838822028644,50,0.01733659903304708
Gabra1,0.0010084033613445378,0.9944546394031878,50,-0.10348139255702281
Gabra2,-0.10799779109454063,0.45534604737624546,50,-0.09397358943577432
Gabra3,0.03558223289315726,0.8062100437659906,50,-0.013685474189675868
Gabra4,0.015702280912364946,0.913813102725811,50,0.057094837935174066
Gabra5,0.08715486194477791,0.5472823082871631,50,0.09493397358943578
Gabrb1,-0.04345842638530871,0.764431443261582,50,-0.19933251704465904
Gabrb2,-0.03308523409363745,0.8195738612852521,50,-0.06977190876350539
Gabrb3,0.1035318975543929,0.47430580308954057,50,-0.010996398559423769
Gabrd,0.22698679471788716,0.11291806888043798,50,0.3006482593037215
Gabrg1,-0.06506602641056422,0.65348531171337,50,-0.0009123649459783913
Gabrg2,-0.10809123649459784,0.45495379483915,50,-0.19846338535414165
Gabrg3,-0.08763505402160864,0.545068561888412,50,-0.07447779111644658
Gad1,0.10280912364945978,0.4774132891049011,50,0.12220888355342135
Gad2,0.2063385354141657,0.15053240874638005,50,0.26021608643457383
Gadd45gip1,0.007058823529411764,0.9611969970014109,50,0.12345738295318126
Gak,0.1280672268907563,0.3754424025932204,50,0.0028331332533013207
Gal,0.21152460984393756,0.14031539485321917,50,0.13555822328931572
Gal3st3,-0.053733493397358945,0.7109272785152493,50,-0.07764705882352942
Galc,-0.08705882352941177,0.5477255738990336,50,0.04739495798319327
Gale,0.01531812725090036,0.9159139790947153,50,0.04969987995198079
Galk1,0.001680672268907563,0.9907578604310985,50,0.03308523409363745
Galk2,0.13786314525810325,0.3397029045981778,50,0.24321728691476588
Galm,0.14861944777911165,0.3029854932851635,50,0.28067226890756297
Galns,0.1567827130852341,0.27689436969542974,50,0.09416566626650659
Galnt1,-0.07495798319327732,0.6049078490522588,50,-0.020792316926770707
Galnt13,-0.13747899159663865,0.3410633035393226,50,-0.16523409363745495
Galnt16,0.19894357743097235,0.16603642335249538,50,0.211812725090036
Galnt17,-0.05546218487394958,0.7020517550732283,50,-0.09714285714285714
Galnt2,0.017046818727490996,0.9064647191231057,50,0.041344537815126044
Galnt7,0.23409363745498196,0.10178741132843121,50,0.2936374549819928
Galnt9,0.20316926770708282,0.1570406453007557,50,0.20806722689075627
Galt,-0.2974789915966386,0.03590100426376483,50,-0.12192076830732293
Gamt,-0.09186294991723265,0.5257653604162943,50,-0.060505654414904936
Gan,0.14909963985594235,0.3014083113430059,50,0.19452581032412963
Ganab,0.14122448979591837,0.3279434859681821,50,0.19558223289315724
Ganc,-0.29776710684273705,0.03571333297397231,50,-0.22861944777911164
Gap43,0.009459783913565426,0.9480144998904445,50,0.10626650660264104
Gapdh,-0.004369747899159664,0.9759734341266462,50,0.08648259303721488
Gapdhs,-0.3486674669867947,0.01308270366303706,50,0.18463385354141656
Gapvd1,0.08004801920768306,0.5805396641943295,50,0.12571730417319138
Gar1,0.06487394957983193,0.6544436547826313,50,0.0712124849939976
Garem1,0.07351740696278511,0.6118842444543006,50,0.06132052821128451
Garem2,-0.29229291716686673,0.039420709024652265,50,-0.2587755102040816
Garnl3,-0.17262905162064823,0.23059688426227976,50,-0.11145258103241296
Garre1,0.026074429771908762,0.8573557532345867,50,0.14256902761104442
Gars1,0.05334933973589436,0.712904830878288,50,-0.06352941176470588
Gart,0.1280672268907563,0.3754424025932204,50,0.2012484993997599
Gas1,0.04912364945978391,0.7347787492963292,50,-0.024921968787515004
Gas2,-0.06141656662665066,0.6717868879292382,50,-0.0052340936374549825
Gas2l1,0.16216086434573826,0.2605404212723197,50,0.1210564225690276
Gas6,0.16369747899159662,0.2559892820645514,50,0.08763505402160864
Gas7,0.35990396158463384,0.010252393456866632,50,0.37671068427370946
Gatad1,-0.03404561824729892,0.8144277037768815,50,-0.14103241296518607
Gatad2a,-0.09800720288115244,0.4983297063593493,50,-0.07726290516206481
Gatad2b,-0.06612244897959184,0.6482243474823959,50,-0.14256902761104442
Gatb,0.15140456182472986,0.2939116603628428,50,0.08398559423769507
Gatc,0.25282112845138055,0.07649404123192986,50,0.1499639855942377
Gatd1,-0.008979591836734692,0.9506500093767046,50,0.1413205282112845
Gatd3a,0.0006242496998799519,0.9965671412191432,50,0.05258103241296518
Gatm,-0.23111644657863145,0.10634257172415776,50,-0.23284513805522208
Gba,-0.10972652407782364,0.44811931539615607,50,-0.09104660378623791
Gba2,-0.07543817527010806,0.6025900840195814,50,-0.1074189675870348
Gbe1,-0.15462556128253485,0.2836401243492106,50,-0.1010348388007619
Gbf1,-0.10521008403361343,0.46713231871253486,50,-0.15851140456182472
Gbp1,-0.03942376950780312,0.7857581521904028,50,-0.043169267707082834
Gbp2,0.1735894357743097,0.22797365756453536,50,0.051236494597839126
Gbp6,-0.07639855942376951,0.5979662154937561,50,0.011284513805522207
Gca,-0.20691476590636257,0.14937080663844932,50,-0.16638655462184873
Gcat,0.1078031212484994,0.45616379804590335,50,0.16907563025210082
Gcc1,-0.07879951980792316,0.586475422108195,50,-0.038463385354141656
Gcc2,0.15313325330132052,0.288369341983597,50,0.11183673469387755
Gcdh,0.1063625450180072,0.4622400242246198,50,0.1059783913565426
Gcfc2,0.09483793517406962,0.5123885537518271,50,0.20902761104441775
Gch1,-0.031068427370948382,0.830405071075181,50,-0.03260504201680672
Gclc,-0.07476590636254501,0.6058360376069906,50,-0.20076830732292916
Gclm,0.16369747899159662,0.2559892820645514,50,0.21603841536614646
Gcn1,0.056806722689075634,0.6951756021337345,50,0.037695078031212484
Gcsh,-0.18914765906362543,0.18832209156309074,50,-0.18088835534213688
Gda,0.028667466986794718,0.8433400096067155,50,0.06132052821128451
Gdap1,-0.0019687875150060023,0.9891735809208646,50,-0.16216086434573826
Gdap1l1,0.09464585834333733,0.513246992952907,50,0.013589435774309724
Gdap2,0.11279711884753903,0.4354400775517007,50,0.1289315726290516
Gde1,0.08523409363745497,0.55618012140731,50,0.15198079231692677
Gdf11,0.0993517406962785,0.4924259650145456,50,0.11721488595438176
Gdi1,-0.06593037214885954,0.6491796319767822,50,0.09301320528211285
Gdi2,0.1470828331332533,0.3080681137727109,50,-0.018007202881152456
Gdpd1,0.08436974789915966,0.5602063043756321,50,0.15879951980792315
Gdpd2,0.2560925833291175,0.07263557189935044,50,0.2958054215839797
Gdpd5,0.09983193277310923,0.49032632334923687,50,0.1865546218487395
Gemin2,0.2692436974789916,0.058655419745744806,50,0.23092436974789915
Gemin4,-0.23591836734693877,0.09907081382263903,50,-0.09138055222088834
Gemin5,0.10348139255702281,0.47452259340535535,50,0.14804321728691477
Gemin6,0.1404561824729892,0.33060853374883825,50,0.12057623049219686
Gemin7,-0.04835534213685474,0.7387789011788352,50,-0.05901560624249699
Gemin8,-0.09349339735894358,0.5184128148804314,50,-0.1406482593037215
Get1,0.09339735894357742,0.5188444715693142,50,0.09157262905162064
Get3,0.0923933922397234,0.5233676630668137,50,0.21484309353355927
Get4,0.012533013205282113,0.9311614652647521,50,-0.03490996398559423
Gfap,0.3460744297719087,0.013823454378405781,50,0.36144057623049214
Gfer,-0.020312124849939977,0.8886520854497547,50,-0.07150060024009604
Gfm1,-0.09387755102040815,0.5166879874808273,50,0.025402160864345734
Gfm2,0.08974789915966387,0.535379538886014,50,0.10914765906362545
Gfod1,0.29978391356542616,0.034422196027965195,50,0.3252340936374549
Gfpt1,0.06545018007202881,0.6515702862833339,50,-0.08177671068427371
Gfra2,-0.02809123649459784,0.8464506283680964,50,-0.02799519807923169
Gfus,0.024729891956782712,0.8646406418817117,50,0.08542617046818726
Gga1,-0.017047228029596233,0.9064624832883529,50,0.12172869147659063
Gga2,0.028475390156062427,0.8443766220421096,50,0.12048019207683074
Gga3,0.08849939975990395,0.5410947006606597,50,0.14612244897959184
Ggact,0.18876350540216086,0.18923755321110564,50,0.18156062424969985
Ggct,-0.0848499399759904,0.5579678477607084,50,-0.09675870348139255
Ggcx,0.10732292917166866,0.4581843586731788,50,0.08552220888355341
Ggh,-0.1506362545018007,0.2963969682274755,50,-0.16129651860744296
Ggnbp2,0.029819927971188476,0.837125912035467,50,-0.021848739495798315
Ggps1,0.16801920768307324,0.2434772170134057,50,0.06458583433373348
Ggt1,0.2535894357743097,0.0755736459783746,50,0.306890756302521
Ggt7,0.016950780312124852,0.9069893539372285,50,0.13478991596638654
Ghdc,0.2012484993997599,0.1610842309105939,50,0.20432172869147658
Ghitm,0.20614645858343336,0.1509210873915034,50,0.2063385354141657
Gid4,-0.10088835534213686,0.4857235727911205,50,-0.0792797118847539
Gid8,-0.05671068427370948,0.6956659593725275,50,-0.01205282112845138
Gigyf1,-0.1408403361344538,0.3292743181105479,50,-0.13843937575030013
Gigyf2,-0.1454501800720288,0.3135278911255366,50,-0.18213685474189675
Gimap8,0.2674189675870348,0.06045466265755924,50,0.18837935174069628
Gipc1,0.018583433373349337,0.8980760861000697,50,0.23630252100840335
Git1,0.19884753901560623,0.1662451438859902,50,0.14180072028811525
Git2,-0.15841536614645857,0.2718597771294079,50,-0.1833853541416567
Gja1,0.27558223289315725,0.052737365541917464,50,0.11702280912364946
Gjb1,-0.09387755102040815,0.5166879874808273,50,-0.10242496998799519
Gjb6,-0.058439375750300115,0.6868585612891065,50,-0.14871548619447778
Gjc2,-0.2556062424969988,0.07319921366245032,50,-0.29075630252100837
Gjc3,-0.13085234093637454,0.3650596792576869,50,-0.11875150060024009
Gk,0.14967587034813923,0.29952269363966594,50,0.06842737094837935
Gkap1,0.28086434573829533,0.0481833457900355,50,0.14304921968787515
Gla,-0.10415366146458584,0.471641233220701,50,-0.08965186074429772
Glb1,0.28528211284513805,0.04462494150408549,50,0.42607442977190874
Glcci1,-0.1359423769507803,0.34653861240552086,50,-0.21046818727490996
Glce,0.08436974789915966,0.5602063043756321,50,-0.03346938775510204
Gldc,0.00312124849939976,0.982836936740475,50,0.020024009603841535
Gle1,-0.08168067226890756,0.5728189102509789,50,-0.22583433373349338
Glg1,0.03788715486194477,0.7939225693820167,50,-0.0026410564225690276
Glipr2,-0.24168067226890755,0.0908588753364803,50,-0.1736854741896759
Glmn,-0.027803121248499398,0.8480068101944223,50,-0.1280672268907563
Glo1,0.10770708283313324,0.4565675215331526,50,0.40811524609843935
Glod4,-0.04998799519807923,0.7302868972991754,50,0.0331812725090036
Glod5,-0.17743097238895558,0.21768691775872978,50,-0.25205282112845134
Glra2,0.3139975990396158,0.026375619719312734,50,0.3218727490996398
Glrb,-0.025306122448979586,0.861517146105322,50,-0.022328931572629048
Glrx,0.025402160864345734,0.8609967659831832,50,-0.01013205282112845
Glrx2,-0.0887875150060024,0.5397732021211107,50,-0.12825930372148858
Glrx3,0.27663865546218486,0.05179973356797918,50,0.26818727490996397
Glrx5,0.11519807923169266,0.425667201852284,50,-0.029627851140456178
Gls,0.08244897959183674,0.5692020208639987,50,0.06103241296518607
Gls2,0.1032893157262905,0.4753475552493741,50,0.14948379351740695
Glt1d1,0.06458583433373348,0.6558822035933572,50,0.07294117647058823
Glt8d1,0.12557022809123647,0.38489955810023696,50,0.07150060024009604
Gltp,-0.1280672268907563,0.3754424025932204,50,-0.14631452581032411
Glud1,0.23409363745498196,0.10178741132843121,50,0.21373349339735895
Glul,-0.010900360144057623,0.9401113869310186,50,-0.10434573829531814
Glyctk,-0.07846526929678942,0.5880691642646255,50,-0.10790175037324715
Glyr1,-0.0760144057623049,0.5998138905729673,50,-0.03154861944777911
Gm2a,0.03812816635351946,0.792640544183079,50,0.1661024274771081
Gmds,0.016950780312124852,0.9069893539372285,50,0.04845138055222088
Gmeb1,0.024057623049219684,0.8682873072255862,50,-0.0027370948379351738
Gmeb2,0.09282112845138055,0.5214381816304657,50,0.11606242496998799
Gmfb,0.1732052821128451,0.22902046668956422,50,0.13978391356542613
Gmfg,0.14103241296518607,0.3286084790395605,50,0.09416566626650659
Gmppa,-0.14737094837935172,0.3071109860724217,50,-0.17829531812725088
Gmppb,-0.024634445011782725,0.8651582174993295,50,-0.04230492196878751
Gmpr,-0.09166866746698678,0.5266449117358686,50,-0.12460984393757503
Gmpr2,0.15082833133253298,0.29577436862597856,50,0.0617046818727491
Gmps,0.34824365541023067,0.01320139751808553,50,0.20691476590636257
Gna11,0.04873949579831932,0.7367779618754439,50,-0.03154861944777911
Gna12,-0.13575030012004802,0.3472268155866828,50,-0.19452581032412963
Gna13,0.05248499399759904,0.7173611448181693,50,0.013205282112845136
Gna14,0.157358943577431,0.27511047664298194,50,0.06612244897959184
Gnai1,-0.053061224489795916,0.7143892233249539,50,-4.801920768307323e-05
Gnai2,-0.3103481392557023,0.02827403726032926,50,-0.2469627851140456
Gnai3,0.022905162064825933,0.8745450103974277,50,-0.06852340936374549
Gnal,0.33647058823529413,0.01688743100376697,50,0.27558223289315725
Gnao1,0.12432471371443561,0.38966906746843993,50,0.08024202264071917
Gnaq,0.12384153661464585,0.3915286504703151,50,0.017046818727490996
Gnas,0.06343337334933974,0.6616487242123059,50,0.14103241296518607
Gnaz,-0.07879951980792316,0.586475422108195,50,-0.07678271308523409
Gnb1,0.003841628851739996,0.978876534914391,50,0.007539015606242497
Gnb1l,-0.1433373349339736,0.3206844308645942,50,-0.030204081632653063
Gnb2,0.25032412965186074,0.07954656945356581,50,0.1886674669867947
Gnb4,-0.08504201680672267,0.5570736463170085,50,-0.216422569027611
Gnb5,-0.2975750300120048,0.03583835690547487,50,-0.1811764705882353
Gne,-0.03668755553411696,0.8003116219036145,50,-0.00475390156062425
Gng10,-0.2797118847539015,0.049148630346944396,50,-0.2349579831932773
Gng11,0.2240096038415366,0.11784780458266537,50,0.20211284513805522
Gng12,0.03414165666266506,0.8139135104843961,50,-0.11788715486194477
Gng13,0.2353421368547419,0.09992256378115114,50,0.27385354141656665
Gng2,0.2542617046818727,0.07477549919875907,50,0.27308523409363744
Gng3,0.052100840336134456,0.7193447331983341,50,-0.09906362545018006
Gng4,0.0035054021608643456,0.9807249358896529,50,0.0168547418967587
Gng5,-0.06064825930372149,0.6756644275853204,50,-0.04518607442977191
Gng7,0.047587034813925566,0.7427859111260962,50,-0.01310924369747899
Gng8,-0.08158463385354141,0.5732717630013678,50,0.016950780312124852
Gnl1,0.27078031212484993,0.0571738892509002,50,0.1925090036014406
Gnl2,0.06948379351740695,0.6315987410557464,50,0.10809123649459784
Gnl3,-0.023673469387755098,0.8703723399762501,50,-0.04499399759903961
Gnl3l,0.1328691476590636,0.3576507160616057,50,0.1569747899159664
Gnpat,-0.012436974789915966,0.9316877087702358,50,0.011092436974789914
Gnpda1,0.002352941176470588,0.9870612735896643,50,0.008595438175270108
Gnpda2,-0.08494597839135654,0.5575206625370219,50,-0.04076830732292917
Gnpnat1,-0.06439375750300119,0.6568419236628033,50,-0.13978391356542613
Gnptab,-0.05315726290516206,0.7138943092418598,50,0.04057623049219687
Golga1,-0.16504994237418363,0.25202807144290074,50,-0.23741266303753175
Golga2,0.015606617210193734,0.9143362186050554,50,-0.046626650660264106
Golga3,-0.08120048019207683,0.5750848160521908,50,-0.0902280912364946
Golga4,0.19702280912364944,0.17024720664232762,50,0.13267707082833133
Golga5,0.04345842638530871,0.764431443261582,50,-0.012341232686214737
Golga7,-0.07534213685474188,0.603053327134776,50,-0.11097238895558223
Golga7b,-0.03884753901560624,0.7888171864728192,50,0.026362545018007204
Golgb1,0.0008163265306122449,0.995510886501963,50,0.032989195678271306
Golim4,0.4573829531812725,0.0008395947629131591,50,0.36806722689075627
Golm1,-0.018871548619447776,0.8965044166938532,50,0.04912364945978391
Golm2,-0.03798319327731092,0.7934116423266137,50,-0.055750300120048016
Golph3,-0.024057623049219684,0.8682873072255862,50,0.022040816326530613
Golph3l,-0.0251140456182473,0.8625580807865763,50,-0.14362545018007203
Gon7,0.11087635054021608,0.4433477830200856,50,0.10357743097238895
Gopc,0.21565426170468185,0.1325562359361283,50,0.21959183673469387
Gorab,-0.019255702280912366,0.8944094701222107,50,-0.0033133253301320525
Gorasp1,0.08734693877551021,0.5463962930194103,50,0.19577430972388954
Gorasp2,-0.08081632653061224,0.5769004898096026,50,-0.08907563025210084
Gosr1,-0.013877551020408161,0.9237972168124924,50,-0.06919567827130851
Gosr2,0.05430972388955582,0.7079644829143952,50,0.05920768307322929
Got1,0.11971188475390157,0.40763395568289224,50,0.10770708283313324
Got2,-0.06948379351740695,0.6315987410557464,50,-0.07342136854741896
Gpaa1,0.013877551020408161,0.9237972168124924,50,0.1537094837935174
Gpalpp1,0.1956782713085234,0.17324050891322648,50,0.11990396158463384
Gpam,0.06698679471788715,0.6439325209967761,50,0.07889555822328932
Gpat4,0.16129651860744296,0.26312411362537597,50,0.09214885954381752
Gpatch1,0.0912845138055222,0.5283861828190868,50,0.05728691476590636
Gpatch11,0.1400720288115246,0.33194613184789457,50,0.135078031212485
Gpatch2,0.12710684273709483,0.3790631974221934,50,0.02396158463385354
Gpatch8,0.000960407212934999,0.994718573560943,50,-0.07279886674047292
Gpbp1,-0.1709003601440576,0.2353708864141955,50,-0.013301320528211284
Gpbp1l1,-0.21911690563112002,0.12630210353403537,50,-0.21805522208883552
Gpc1,0.0014885954381752698,0.9918140667498937,50,0.0059063625450180065
Gpc4,0.1479471788715486,0.3052024577818456,50,0.18914765906362543
Gpc6,0.04163265306122449,0.7740618781921108,50,0.14189675870348137
Gpcpd1,0.05911164465786314,0.6834444707314836,50,0.08888355342136854
Gpd1,0.16744297719087634,0.24512100210279833,50,0.19654261704681872
Gpd1l,0.21114045618247296,0.14105401658427008,50,0.24917166866746698
Gpd2,0.062088835534213675,0.6684009605193323,50,-0.09368547418967586
Gphn,-0.009843937575030014,0.9459064874660708,50,-0.024537815126050418
Gpi,-0.13373349339735893,0.3545037109990423,50,0.06362545018007203
Gpkow,0.03932773109243697,0.7862677701948961,50,-0.08542617046818726
Gpld1,-0.07447779111644658,0.6072294765845787,50,-0.13747899159663865
Gpm6a,0.07082833133253301,0.6249981037249486,50,-0.11452581032412965
Gpm6b,0.2138295318127251,0.13594404412591776,50,0.18261704681872748
Gpn1,0.009171668667466985,0.949595741280882,50,0.006962785114045618
Gpn3,-0.048643457382953184,0.7372780352968975,50,0.03558223289315726
Gpr107,-0.033661464585834334,0.8164852492044423,50,0.07582232893157262
Gpr155,-0.2807683073229292,0.04826319257201224,50,-0.25579831932773106
Gpr158,0.10943577430972388,0.4493303227931961,50,0.13152460984393755
Gpr162,0.036543494452176715,0.8010797694524285,50,0.016086434573829533
Gpr17,0.08581032412965187,0.553503616234848,50,0.024057623049219684
Gpr180,-0.18420610344093283,0.20034124147561597,50,-0.08792316926770707
Gpr22,0.006386554621848738,0.964890088733286,50,0.11779111644657862
Gpr26,0.2920048019207683,0.03962428124657159,50,0.26463385354141655
Gpr34,0.44528211284513797,0.0011939455310404933,50,0.42463385354141653
Gpr37,-0.1479471788715486,0.3052024577818456,50,-0.17589435774309725
Gpr37l1,0.29181272509003603,0.03976047539358096,50,0.2820168067226891
Gpr84,-0.08072028811524609,0.5773548167040339,50,-0.09205282112845137
Gpr89b,-0.18396158463385354,0.20094973353944637,50,-0.13258103241296518
Gprasp1,0.10184873949579833,0.4815589851045538,50,0.10088835534213686
Gprasp2,0.23111644657863145,0.10634257172415776,50,0.1822328931572629
Gprc5b,-0.19375750300120048,0.17758245915537443,50,-0.1754141656662665
Gprin1,0.04432172869147659,0.759889926656588,50,0.02396158463385354
Gprin2,0.2113325330132053,0.14068434480472383,50,0.20403361344537815
Gprin3,0.39063625450180073,0.0050357438036644905,50,0.31626209521949517
Gps1,-0.2876830732292917,0.04278292115341629,50,-0.2256422569027611
Gps2,-0.03567827130852341,0.8056971175229699,50,-0.07803121248499399
Gpsm1,0.4270553207837111,0.001981617727755204,50,0.3908377153038979
Gpsm2,-0.07370948379351741,0.6109520680536464,50,0.009651860744297719
Gpsm3,-0.11577430972388955,0.42334030156988056,50,-0.1454501800720288
Gpt,-0.10626650660264104,0.4626466548557733,50,0.027418967587034812
Gpt2,-0.05311051887530545,0.7141351803728297,50,-0.08945978391356542
Gpx1,0.03817527010804322,0.7923900459710469,50,-0.020024009603841535
Gpx3,0.12739495798319328,0.3779747809109605,50,0.12144057623049219
Gpx4,-0.02578631452581032,0.8589158319594371,50,-0.015894357743097238
Gpx7,0.09819927971188475,0.4974840890824957,50,0.09637454981992796
Gpx8,0.03625450180072028,0.802621267065429,50,-0.06804321728691476
Gramd1a,0.08168067226890756,0.5728189102509789,50,0.09474189675870348
Gramd1b,0.29998319296024695,0.034296743281256,50,0.32015174443188193
Gramd2b,0.016278511404561824,0.910662885715317,50,0.025210084033613446
Gramd4,0.21527010804321725,0.13326414371586354,50,0.17013205282112842
Grb10,0.3243697478991596,0.021553081713045055,50,0.34002400960384155
Grb14,0.009123868522882491,0.9498580979989292,50,0.1091983001107094
Grb2,0.06660264105642257,0.6458385908198062,50,0.09771908763505403
Grcc10,-0.12403361344537814,0.39078878888414914,50,-0.0453781512605042
Grem2,-0.01771908763505402,0.9027933942784894,50,-0.08225690276110444
Grhpr,0.2204561824729892,0.12394375224677465,50,0.13911164465786313
Gria1,-0.048931572629051616,0.7357781389841229,50,0.01819927971188475
Gria2,-0.014261704681872748,0.9216942799647057,50,-0.035966386554621844
Gria3,0.1371908763505402,0.3420858162209516,50,0.09080432172869149
Gria4,0.12729891956782713,0.3783373790940621,50,0.15726290516206481
Grid1,0.044897959183673466,0.7568630339178207,50,0.10722689075630251
Grid2,0.01042016806722689,0.9427451608408816,50,0.11740696278511403
Grid2ip,0.2639615846338535,0.06398508022851794,50,0.08283313325330133
Grik2,-0.05920768307322929,0.6829572528858294,50,-0.033277310924369745
Grik3,0.12201680672268907,0.3985983062754067,50,0.10981992797118847
Grik5,0.1651420202641731,0.25175989900762086,50,0.0004321832458207496
Grin1,0.135078031212485,0.3496421518419177,50,0.25882974388598223
Grin2a,-0.014021945308850986,0.9230067112471241,50,-0.05868088071032845
Grin2b,-0.021464585834333732,0.8823777930570346,50,-0.033277310924369745
Grin2d,0.44076830732292915,0.0013570871748670335,50,0.31188475390156056
Grin3a,0.09714285714285714,0.5021441256454877,50,0.03202881152460984
Grip1,-0.043073229291716676,0.7664603680863299,50,-0.10242496998799519
Grip2,-0.04364945978391356,0.7634258044868907,50,-0.022136854741896757
Gripap1,-0.15534213685474188,0.28138743081868106,50,-0.19308523409363745
Grk2,-0.08340936374549819,0.5646958176738254,50,-0.19078031212484994
Grk3,-0.1241296518607443,0.390419166701422,50,-0.021656662665066023
Grk5,0.18165666266506603,0.2067498342136332,50,0.21171668667466984
Grk6,0.0319327731092437,0.8257591788134112,50,0.03202881152460984
Grm1,0.4326050420168067,0.0017033314014406717,50,0.3354141656662665
Grm2,0.05661464585834333,0.6961564398746369,50,-0.010036014405762305
Grm3,-0.18530612244897962,0.19761992297847894,50,-0.1361344537815126
Grm4,0.1655222088835534,0.2506546588094049,50,0.2297719087635054
Grm5,0.06487394957983193,0.6544436547826313,50,-0.09570228091236495
Grm6,-0.16744297719087634,0.24512100210279833,50,-0.15956782713085235
Grm7,0.09416566626650659,0.5153962594066313,50,0.02559423769507803
Grm8,-0.12172869147659063,0.39972133107122904,50,-0.1289315726290516
Grn,0.08475390156062423,0.5584152018580083,50,-0.03212484993997599
Grp,0.33176470588235296,0.01858818507162248,50,0.37267707082833135
Grpel1,-0.1669627851140456,0.24649656967425387,50,-0.13997599039615843
Grsf1,-0.32869147659063624,0.01977546343503297,50,-0.26300120048019204
Grwd1,0.018487394957983194,0.8986000622543062,50,0.1804081632653061
Gsdmd,0.008307322929171669,0.9543405947926975,50,0.018103241296518604
Gsdme,0.16379351740696277,0.255706622957568,50,0.2965186074429772
Gse1,0.12470588235294117,0.3882057572679313,50,0.003217286914765906
Gsk3a,-0.17762304921968786,0.2171812073420406,50,-0.07447779111644658
Gsk3b,-0.044897959183673466,0.7568630339178207,50,0.0809123649459784
Gskip,-0.10108043217286913,0.4848891485450005,50,-0.10319327731092437
Gsn,0.15716686674669866,0.2757042615743796,50,-0.1076110444177671
Gspt1,0.1140456182472989,0.4303426233078497,50,0.1865546218487395
Gspt2,0.12528211284513804,0.3859997674322132,50,0.18789915966386553
Gsr,0.015702280912364946,0.913813102725811,50,-0.061224489795918366
Gss,0.1307563025210084,0.3654147863032189,50,0.17051620648259302
Gsta1,-0.0021608643457382954,0.9881174171729694,50,-0.008979591836734692
Gsta4,-0.027899159663865542,0.8474880188601623,50,0.16417767106842737
Gsta6,-0.1745498199279712,0.2253710909734371,50,-0.13392557022809123
Gstk1,-0.06977190876350539,0.6301818992433754,50,-0.09454981992797118
Gstm1,-0.09166866746698678,0.5266449117358686,50,0.07159663865546219
Gstm2,0.5504441776710683,3.451051479459848e-05,50,0.58953181272509
Gstm4,0.20076830732292916,0.1621069208489155,50,0.2337094837935174
Gstm5,-0.0997059027683001,0.4908769383936979,50,0.044394599042819755
Gstm6,0.26521008403361346,0.06269166657372456,50,0.3693157262905162
Gsto1,-0.057382953181272504,0.692236057246644,50,-0.10924369747899158
Gstp1,0.026074429771908762,0.8573557532345867,50,-0.055654261704681865
Gstt1,-0.30909963985594235,0.028949112412677995,50,-0.2586794717887155
Gstt2,-0.16436974789915965,0.25401507934189005,50,-0.16052821128451378
Gstt3,-0.09243697478991596,0.5231709037211599,50,-0.1291236494597839
Gstz1,-0.0586314525810324,0.685882471881642,50,-0.0803361344537815
Gtdc1,0.2339015606242497,0.10207667651801311,50,0.1440096038415366
Gtf2a1,0.1808446781956603,0.20882086464544045,50,0.06425124254535143
Gtf2a2,0.0956062424969988,0.5089620611971777,50,0.10588235294117646
Gtf2b,-0.17858343337334934,0.21466493029252487,50,-0.200672268907563
Gtf2e1,-0.19327731092436973,0.17868010035945792,50,-0.1991356542617047
Gtf2e2,-0.00043217286914765904,0.9976234017621981,50,0.04845138055222088
Gtf2f1,-0.23217286914765903,0.10470864900474017,50,-0.27346938775510204
Gtf2f2,0.27500600240096035,0.05325456158884444,50,0.11394957983193275
Gtf2h1,0.0860984393757503,0.552167659149883,50,0.09752701080432173
Gtf2h2,-0.15591836734693876,0.27958449111394346,50,-0.23659063625450177
Gtf2h4,0.016950780312124852,0.9069893539372285,50,0.1528451380552221
Gtf2i,0.2512905472644425,0.0783539665496883,50,0.28124849939975993
Gtf3c1,0.17723889555822328,0.21819344740912328,50,0.16513805522208885
Gtf3c2,-0.1491992605294521,0.30108177335843805,50,-0.12441776710684273
Gtf3c3,-0.007635054021608643,0.9580321285011986,50,0.188859543817527
Gtf3c4,-0.05411764705882353,0.7089516084339997,50,-0.028187274909963984
Gtf3c5,-0.28412965186074424,0.04553184487054502,50,-0.2622328931572629
Gtpbp1,-0.16283313325330132,0.25854267247479906,50,-0.22084033613445375
Gtpbp10,0.02857142857142857,0.8438582830868868,50,0.14208883553421367
Gtpbp2,0.1316206482593037,0.36222634242251806,50,0.17291716686674669
Gtpbp3,0.184921968787515,0.19856728162786028,50,0.1786794717887155
Gtpbp4,-0.06900360144057623,0.6339630568306114,50,0.05699879951980792
Gtpbp6,0.2306362545018007,0.10709170281268111,50,0.3112124849939976
Gucy1a1,0.13584633853541417,0.3468826088006764,50,0.03548619447779112
Gucy1a2,0.06381752701080431,0.6597243693147454,50,0.04028811524609843
Gucy1b1,0.006914931933131993,0.9619873965401922,50,0.02578631452581032
Guf1,-0.08254501800720286,0.5687506533002326,50,0.04460984393757503
Guk1,0.21478991596638655,0.13415300797608018,50,0.1528451380552221
Gulp1,0.18501800720288114,0.19833014109968303,50,0.11154861944777912
Gxylt1,0.10674669867947177,0.46061543466418853,50,0.04614645858343337
Gyg1,0.21440576230492195,0.13486729000197917,50,0.19231692677070825
Gypc,0.04845138055222088,0.7382785051392184,50,0.0033133253301320525
Gys1,0.042785114045618244,0.7679789549507468,50,-0.03145258103241296
H1f10,0.10943577430972388,0.4493303227931961,50,-0.023289315726290515
H1f2,0.268859543817527,0.059030584551931775,50,0.16456182472989198
H1f4,0.061134322906008134,0.6732103565330323,50,0.026941363040275383
H2ax,-0.0956062424969988,0.5089620611971777,50,-0.16542617046818728
H2az2,0.31006002400960386,0.02842864651479007,50,0.3209123649459784
H6pd,0.08004801920768306,0.5805396641943295,50,0.1714765906362545
Habp4,-0.2226650660264106,0.1201270082880347,50,-0.19346938775510203
Hacd3,0.18098439375750297,0.20846347621627592,50,0.1208643457382953
Hace1,0.09032412965186075,0.5327517460057927,50,0.042785114045618244
Hacl1,0.08849939975990395,0.5410947006606597,50,0.12048019207683074
Hadh,0.011860744297719087,0.9348457693377733,50,-0.03932773109243697
Hadha,-0.1348859543817527,0.3503341399301123,50,-0.05623049219687875
Hadhb,-0.052100840336134456,0.7193447331983341,50,-0.19740696278511405
Hagh,-0.03807923169267707,0.7929008011218845,50,-0.05690276110444177
Haghl,0.07841536614645858,0.5883072740489869,50,0.009555822328931571
Hap1,0.24542617046818724,0.0858121132027057,50,0.31159663865546217
Hapln1,0.07495798319327732,0.6049078490522588,50,0.05891956782713085
Hapln2,0.23990972179116277,0.09332416643990277,50,0.14847895511975087
Hapln3,0.25599039615846336,0.07275371474297608,50,0.2961344537815126
Hapln4,-0.1456422569027611,0.3128823836245549,50,-0.12259303721488594
Hars1,-0.3060817787623841,0.030636545877883215,50,-0.34392182295202317
Hars2,-0.10309723889555823,0.4761732784367937,50,0.029531812725090034
Hat1,0.06977190876350539,0.6301818992433754,50,0.09358943577430971
Haus7,-0.061896758703481394,0.6693677056031839,50,-0.0024489795918367346
Hax1,-0.18684273709483792,0.19386252101312867,50,-0.21056422569027608
Hba-a1,0.21930372148859542,0.12597112130797775,50,0.049411764705882356
Hba-a2,0.13834333733493398,0.33800715106040335,50,0.05181272509003601
Hbb,0.3870828331332533,0.005485954276504262,50,0.3329171668667467
Hbb-b1,0.29075630252100837,0.04051643500235814,50,0.2322689075630252
Hbb-bs,0.06516443007437954,0.6529945532629737,50,-0.02372322739950755
Hbp1,0.029819927971188476,0.837125912035467,50,0.12201680672268907
Hbs1l,0.11020408163265305,0.4461341332583326,50,0.10885954381752701
Hccs,0.09887154861944776,0.49453026557183105,50,0.16139255702280914
Hcfc1,-0.16878751500600236,0.24129719420588902,50,-0.09330132052821127
Hcfc2,0.13258103241296518,0.3587034899006478,50,-0.022232893157262904
Hck,-0.037118847539015606,0.7980130520295956,50,0.03135654261704682
Hcls1,-0.08388955582232892,0.5624489664943948,50,-0.10540216086434574
Hcn1,0.0617046818727491,0.6703349815701655,50,0.08830732292917168
Hcn2,-0.025978391356542615,0.8578757198291542,50,0.10665066026410563
Hcn3,0.13584633853541417,0.3468826088006764,50,0.14525810324129654
Hcn4,-0.010708283313325332,0.9411648219534628,50,-0.027803121248499398
Hcrt,-0.23674352267709334,0.0978609011967179,50,-0.22204611591320805
Hdac1,-0.14458583433373348,0.31644316861916943,50,-0.07361344537815126
Hdac11,0.07764705882352942,0.5919786363501149,50,0.1773349339735894
Hdac2,-0.14631452581032411,0.3106297864850381,50,-0.14420168067226888
Hdac3,0.06506602641056422,0.65348531171337,50,-0.11884753901560624
Hdac4,0.06381752701080431,0.6597243693147454,50,0.07716686674669868
Hdac5,-0.037695078031212484,0.7949446802314588,50,-0.04499399759903961
Hdac8,-0.13046818727490997,0.36648135983943264,50,0.035294965075361215
Hdac9,0.10108043217286913,0.4848891485450005,50,0.06545018007202881
Hddc2,-0.06338687605370993,0.6618817920388995,50,-0.01205282112845138
Hddc3,-0.02674669867947179,0.8537176771711391,50,-0.17589435774309725
Hdgf,0.0003361344537815126,0.9981515336582548,50,-0.051236494597839126
Hdgfl2,0.06093637454981993,0.6742093668352068,50,0.12729891956782713
Hdgfl3,-0.10972388955582232,0.44813028042727127,50,-0.10309723889555823
Hdhd2,-0.0027370948379351738,0.9849490540846748,50,-0.017238895558223288
Hdhd3,-0.26175270108043214,0.0663256252101835,50,-0.2805762304921969
Hdhd5,0.146218487394958,0.3109509499223817,50,0.09512605042016806
Hdlbp,-0.047587034813925566,0.7427859111260962,50,-0.023001200480192076
Heatr1,-0.044897959183673466,0.7568630339178207,50,-0.19654261704681872
Heatr3,-0.05939975990396158,0.6819832009828575,50,0.10713085234093636
Heatr5a,-0.13478991596638654,0.3506804491743964,50,-0.20605042016806724
Heatr5b,0.07697478991596637,0.5951994071363427,50,0.05527010804321728
Heatr6,-0.1495798319327731,0.2998364329090326,50,-0.024537815126050418
Hebp1,0.11279982715921565,0.43542898350541,50,0.13469387755102039
Hebp2,0.2288115246098439,0.10997536656785271,50,0.1987515006002401
Heca,0.42415366146458583,0.002142627462563768,50,0.25157262905162064
Hectd1,0.08148859543817527,0.5737247800932863,50,0.022905162064825933
Hectd3,0.03423769507803121,0.8133993948322712,50,0.04998799519807923
Hectd4,-0.17887154861944776,0.21391403181490395,50,-0.12
Hecw1,0.27385354141656665,0.054301259978956996,50,0.21824729891956784
Hecw2,-0.0008163265306122449,0.995510886501963,50,-0.06746698679471788
Heg1,0.09579831932773109,0.5081072585030242,50,0.08004801920768306
Helb,-0.06746698679471788,0.641553120220504,50,0.1221128451380552
Helz,0.18156062424969985,0.20699403205691955,50,0.21843937575030012
Hepacam,0.08830732292917168,0.5419765683126397,50,0.037310924369747894
Heph,0.24792316926770705,0.08257133958637196,50,0.2067226890756302
Herc1,0.09118847539015605,0.5288219438120456,50,0.05267707082833133
Herc2,0.00552220888355342,0.9696394107021206,50,0.044129651860744294
Herc3,-0.04835534213685474,0.7387789011788352,50,-0.004465786314525811
Herc4,0.10232893157262904,0.4794837696605121,50,0.15150060024009604
Herc6,-0.03606242496998799,0.8036462240386789,50,-0.060264105642256906
Hexa,-0.07418967587034814,0.6086242993514357,50,-0.1745498199279712
Hexb,0.2211284513805522,0.12277256125098002,50,0.08129651860744297
Hexd,0.1807923169267707,0.20895491396373989,50,0.0050420168067226885
Hexim1,-0.09214885954381752,0.5244723206491533,50,-0.13939975990396156
Hexim2,0.1900120048019208,0.18627387932021158,50,0.08801920768307324
Hgs,0.055654261704681865,0.7010679848872847,50,-0.06343337334933974
Hhatl,0.044129651860744294,0.7608996852480964,50,0.04950780312124849
Hhipl1,0.05824869746450769,0.6878280439662816,50,-0.027851809175114976
Hibadh,0.041344537815126044,0.7755847261464184,50,-0.0966626650660264
Hibch,-0.049411764705882356,0.7332804803454832,50,-0.08965186074429772
Hid1,-0.04902761104441777,0.7352783898947431,50,0.08081632653061224
Hif1an,-0.15851140456182472,0.2715655271539118,50,-0.12701080432172868
Higd1a,0.11155129778240014,0.4405600456275775,50,0.13171668667466988
Higd2a,-0.1237454981992797,0.3918988897737798,50,-0.00552220888355342
Hikeshi,0.02674669867947179,0.8537176771711391,50,-0.019255702280912366
Hint1,0.08504201680672267,0.5570736463170085,50,0.052292917166866744
Hint2,0.029531812725090034,0.8386785296382456,50,-0.03385354141656663
Hint3,0.14593037214885954,0.31191571257701484,50,-0.05334933973589436
Hip1,-0.017911164465786316,0.901744810543093,50,0.016182472989195677
Hip1r,-0.01935174069627851,0.8938858443371016,50,-0.015126050420168066
Hira,0.19346938775510203,0.17824045890452594,50,0.2067226890756302
Hirip3,-0.010804321728691477,0.9406380918704026,50,-0.10338535414165667
Hist1h2bo,0.18359506399816897,0.20186427427427747,50,0.16505786946421835
Hist1h2bq,0.16052821128451378,0.2654350574590323,50,0.1359423769507803
Hist2h2aa3,-0.17637454981992798,0.22048297900021763,50,-0.14266506602641055
Hist3h2ba,0.22679471788715486,0.11323128882431462,50,0.2360144057623049
Hivep2,0.25214885954381755,0.07730662659160215,50,0.23975990396158461
Hk1,-0.2114285714285714,0.140499779643816,50,-0.14477791116446578
Hk2,-0.09464585834333733,0.513246992952907,50,-0.1735894357743097
Hlcs,0.05325330132052821,0.7133995116982279,50,0.12854741896758703
Hltf,0.0534453781512605,0.7124102669661331,50,-0.013589435774309724
Hm13,0.07207683073229292,0.618894895331404,50,0.09973589435774309
Hmbox1,0.10319327731092437,0.47576032172168503,50,-0.014069627851140454
Hmbs,0.021848739495798315,0.8802879301101031,50,0.011380552220888355
Hmces,0.2910444177671068,0.040309103611665925,50,0.2211284513805522
Hmg20a,-0.09723889555822329,0.5017195639649017,50,-0.0712124849939976
Hmga1,-0.16091236494597838,0.2642778990888745,50,-0.11654261704681872
Hmgb1,-0.10972388955582232,0.44813028042727127,50,-0.11433373349339734
Hmgb3,0.029627851140456178,0.8381609225627791,50,-0.0060984393757503004
Hmgcl,0.4164425667498608,0.0026283175288126072,50,0.3562716100919301
Hmgcll1,-0.25454981992797115,0.07443548371086549,50,-0.21968787515006
Hmgcr,0.36585834333733486,0.00897908854008053,50,0.4193517406962785
Hmgcs1,0.14458583433373348,0.31644316861916943,50,0.11798319327731092
Hmgcs2,0.3149579831932772,0.025894152051300145,50,0.36643457382953176
Hmgn1,0.025690276110444176,0.8594359770665877,50,0.006578631452581032
Hmgn2,0.24321728691476588,0.08876115354247006,50,0.1820408163265306
Hmgn3,-0.1394957983193277,0.3339588687271776,50,-0.12672268907563025
Hmgn5b,0.09896758703481391,0.49410903335693884,50,-0.1721488595438175
Hmgxb4,0.10309723889555823,0.4761732784367937,50,0.33714285714285713
Hmox1,0.29584633853541414,0.0369799169197087,50,0.1786794717887155
Hmox2,-0.004273709483793517,0.9765013409868725,50,0.018007202881152456
Hnmt,0.21229291716686674,0.13884679942729225,50,0.24484993997599036
Hnrnpa1,-0.06996398559423768,0.629238068862309,50,0.04509003601440576
Hnrnpa2b1,-0.10837935174069627,0.4537455442625736,50,-0.09848739495798318
Hnrnpa3,-0.004945978391356542,0.9728062148102008,50,0.027322929171668665
Hnrnpab,-0.09099858342559115,0.5296840732956561,50,-0.029819927971188476
Hnrnpd,-0.01666266506602641,0.9085634932990514,50,-0.08158463385354141
Hnrnpdl,0.08350540216086433,0.564246113106247,50,0.027899159663865542
Hnrnpf,-0.2217046818727491,0.12177536258445004,50,-0.2985354141656662
Hnrnph1,-0.19990396158463383,0.16395970586873604,50,-0.16216086434573826
Hnrnph2,-0.09368547418967586,0.5175500410838324,50,-0.13046818727490997
Hnrnph3,0.10588235294117646,0.46427510774287944,50,0.09819927971188475
Hnrnpk,-0.1006002400960384,0.48697661853049373,50,-0.053733493397358945
Hnrnpl,0.06746698679471788,0.641553120220504,50,0.15159663865546216
Hnrnpll,0.1249939975990396,0.3871018342489888,50,0.04768307322929172
Hnrnpm,-0.1413205282112845,0.3276113067205466,50,-0.03442977190876351
Hnrnpr,-0.17032412965186072,0.236977165124819,50,-0.13210084033613445
Hnrnpu,0.060168067226890755,0.6780921362007896,50,0.04211284513805522
Hnrnpul1,0.0561344537815126,0.6986106850585555,50,0.007250900360144057
Hnrnpul2,-0.11279711884753903,0.4354400775517007,50,-0.05939975990396158
Hoga1,0.03519807923169268,0.8082625540545242,50,0.0728451380552221
Homer1,0.19327731092436973,0.17868010035945792,50,0.08004801920768306
Homer2,0.1710924369747899,0.23483712233002998,50,0.12192076830732293
Homer3,0.2166146458583433,0.13079880735499003,50,0.06775510204081632
Hook1,0.04355342136854741,0.763931322092937,50,0.10770708283313324
Hook2,-0.11865546218487394,0.4118144807009118,50,-0.18511404561824726
Hopx,0.2123889555822329,0.13866403405411998,50,0.2543577430972389
Hp,-0.1320048019207683,0.3608146906490368,50,-0.07265306122448979
Hp1bp3,-0.08456182472989196,0.5593104161522781,50,-0.042977190876350546
Hpca,0.04345738295318128,0.7644369371593014,50,0.013205282112845136
Hpcal1,0.07265306122448979,0.6160865570949562,50,0.2353421368547419
Hpcal4,-0.04643457382953182,0.7488090704314575,50,-0.0050420168067226885
Hpdl,-0.060840336134453776,0.6746942563131716,50,0.04364945978391356
Hpf1,0.11001200480192078,0.4469320031335666,50,0.1793517406962785
Hpgds,0.1569747899159664,0.2762988925528917,50,0.1359423769507803
Hprt1,-0.011764705882352943,0.9353722106171002,50,0.01771908763505402
Hpx,-0.013397358943577431,0.9264266116519362,50,-0.07198079231692676
Hras,0.21824729891956784,0.12785142419425916,50,0.08801920768307324
Hrh1,-0.3562545018007203,0.011107356511104718,50,-0.3430972388955582
Hrh3,0.07505402160864347,0.6044439864509824,50,0.11702280912364946
Hs1bp3,-0.12509003601440577,0.3867342723350412,50,-0.035006002400960384
Hs2st1,0.1171188475390156,0.4179389954272032,50,0.09090036014405761
Hs6st1,0.4809123649459784,0.00040755787771123747,50,0.3918847539015606
Hs6st2,0.3016086434573829,0.033287530885072386,50,0.36230492196878744
Hs6st3,0.12057623049219686,0.40423182076389974,50,0.020600240096038412
Hsbp1,-0.3020888355342137,0.03299414053081359,50,-0.2670348139255702
Hscb,0.010852601506165488,0.9403733071970619,50,0.015510576488900234
Hsd11b1,-0.09061224489795917,0.5314402237750233,50,-0.2482112845138055
Hsd17b10,-0.05987995198079231,0.6795503181579453,50,0.04096038415366146
Hsd17b11,0.08388955582232892,0.5624489664943948,50,-0.047587034813925566
Hsd17b12,0.15274909963985592,0.2895950314476938,50,0.028283313325330132
Hsd17b4,0.01503001200480192,0.9174900104787418,50,0.04182472989195678
Hsd17b7,0.2388955582232893,0.09475917576214749,50,0.11807923169267706
Hsd17b8,0.2581992797118847,0.07023363926961403,50,0.23322929171668666
Hsdl1,0.11519807923169266,0.425667201852284,50,0.0331812725090036
Hsdl2,0.09157262905162064,0.5270799633389929,50,0.07082833133253301
Hsf1,0.23591836734693877,0.09907081382263903,50,0.2532052821128451
Hsp90aa1,0.12653061224489795,0.38124562497025516,50,0.14055222088835534
Hsp90ab1,0.02857142857142857,0.8438582830868868,50,0.03644657863145258
Hsp90b1,0.28864345738295316,0.042063759660892736,50,0.16148859543817526
Hspa12a,-0.09090036014405761,0.5301302886436152,50,-0.06593037214885954
Hspa12b,-0.0683313325330132,0.6372791823046574,50,0.03558223289315726
Hspa13,0.03827130852340937,0.7918793770772163,50,0.05133253301320528
Hspa14,0.021080432172869146,0.8844684492089908,50,-0.12614645858343337
Hspa1b,0.1599519807923169,0.2671771221430569,50,-0.03212484993997599
Hspa1l,0.219015606242497,0.12648184993688588,50,0.11471788715486195
Hspa2,0.12931572629051621,0.3707664223103757,50,0.11183673469387755
Hspa4,0.3005522208883553,0.033940602724775726,50,0.36230492196878744
Hspa4l,0.0015846338535414166,0.991285961741987,50,-0.123937575030012
Hspa5,-0.11126050420168068,0.44175991649739177,50,-0.26280912364945974
Hspa8,-0.04576230492196878,0.7523294718542115,50,-0.14122448979591837
Hspa9,0.004465786314525811,0.9754455374575086,50,-0.0006242496998799519
Hspb1,-0.23140456182472988,0.10589502793518658,50,-0.15390156062424967
Hspb11,-0.04201680672268907,0.7720327241636067,50,-0.057478991596638655
Hspb8,-0.029243697478991592,0.8402317555756762,50,-0.01531812725090036
Hspbap1,0.1065546218487395,0.46142734267882113,50,0.1863625450180072
Hspbp1,0.13344537815126048,0.3555508257709776,50,0.10607442977190876
Hspd1,-0.006674669867947179,0.9633072413398381,50,-0.031068427370948382
Hspe1,-0.07054021608643457,0.6264100995628384,50,-0.1183673469387755
Hsph1,0.2772148859543817,0.05129401809318727,50,0.10837935174069627
Htatip2,0.18012004801920767,0.21068134503679994,50,0.08629051620648259
Htatsf1,0.17013205282112842,0.23751425451013153,50,0.1578391356542617
Htr1a,-0.025402160864345734,0.8609967659831832,50,-0.03827130852340937
Htr1b,0.3968787515006002,0.0043227243003096235,50,0.3309003601440576
Htr2a,0.15591836734693876,0.27958449111394346,50,0.19529411764705884
Htra1,0.041440576230492195,0.7750770169950753,50,0.0695798319327731
Htra2,-0.18693877551020407,0.19362938157961015,50,-0.19030012004801922
Htt,0.004849939975990396,0.9733340571673678,50,-0.015510204081632653
Hyi,-0.07466986794717888,0.6063003632626257,50,-0.15505402160864346
Hykk,-0.1985594237695078,0.1668724517178095,50,-0.08523409363745497
Hyou1,0.08225690276110444,0.5701052525423822,50,0.100984393757503
Hypk,0.004849939975990396,0.9733340571673678,50,-0.05728691476590636
Iah1,0.0968547418967587,0.5034189141331943,50,0.17925570228091237
Iars1,0.10530612244897959,0.466723568539095,50,0.06986794717887154
Iars2,0.19471788715486196,0.17540177858372744,50,0.17042016806722687
Iba57,0.16436974789915965,0.25401507934189005,50,0.0966626650660264
Ica1,-0.34924369747899153,0.012922789501538192,50,-0.23659063625450177
Ica1l,0.08312124849939975,0.5660459322469298,50,-0.05623049219687875
Icam1,0.08638655462184873,0.5508332370123856,50,0.11769507803121249
Icam2,0.09349339735894358,0.5184128148804314,50,0.13392557022809123
Icam5,0.05651860744297719,0.6966470434608811,50,0.045858343337334934
Icmt,0.2575270108043217,0.07099316553253893,50,0.3404081632653061
Icoslg,-0.11807923169267706,0.4141051076442624,50,0.010996398559423769
Id4,0.20969987995198078,0.14384963291841682,50,0.2482112845138055
Ide,-0.07438175270108043,0.6076942639520329,50,0.009747899159663865
Idh1,-0.11308523409363744,0.43426075769016703,50,-0.13997599039615843
Idh2,0.03923169267707083,0.7867774768856767,50,0.20096038415366146
Idh3a,-0.030684273709483793,0.8324717662389532,50,-0.0346218487394958
Idh3b,-0.13373349339735893,0.3545037109990423,50,-0.13863145258103243
Idh3g,0.1173109243697479,0.4171706025928586,50,0.0751500600240096
Idi1,0.23438175270108041,0.10135469884540192,50,0.261656662665066
Idnk,0.07783913565426169,0.5910598413289536,50,-0.08542617046818726
Ids,0.17061224489795918,0.23617309052714178,50,0.07630252100840335
Idua,-0.17503001200480192,0.22407754193573215,50,-0.18108043217286915
Iffo1,-0.2469627851140456,0.08380622897778386,50,-0.16331332533013204
Ifi30,0.15447779111644658,0.28410613501662496,50,0.10319327731092437
Ifi35,-0.06842737094837935,0.6368050173218915,50,-0.042785114045618244
Ifi47,0.29901560624249696,0.03490942840126321,50,0.2564705882352941
Ifit2,0.2781752701080432,0.05046005772026192,50,0.3335894357743097
Ifit3,-0.054981992797118844,0.7045132935167626,50,-0.1201920768307323
Ifnar2,-0.29229291716686673,0.039420709024652265,50,-0.31006002400960386
Ifngr1,0.08331332533013207,0.5651456891418459,50,0.08763505402160864
Ift122,0.09090036014405761,0.5301302886436152,50,0.05315726290516206
Ift140,0.2733733493397359,0.05474226075237167,50,0.17743097238895558
Ift22,0.06256902761104441,0.6659864293910166,50,0.1427611044417767
Ift27,-0.03827130852340937,0.7918793770772163,50,-0.0015846338535414166
Ift43,0.011092436974789914,0.9390580533725903,50,0.0821608643457383
Ift46,-0.04739495798319327,0.7437887237139397,50,-0.00043217286914765904
Ift52,0.08705882352941177,0.5477255738990336,50,0.025210084033613446
Ift57,-0.13478991596638654,0.3506804491743964,50,-0.07726290516206481
Ift74,-0.060840336134453776,0.6746942563131716,50,0.006482593037214886
Ift80,0.15697855895422558,0.2762872162348844,50,0.07428571428571429
Ift81,0.18818727490996395,0.1906166943861838,50,0.20777911164465784
Ift88,0.13344858223731812,0.3555391705876131,50,0.13891956782713086
Iftap,-0.08849939975990395,0.5410947006606597,50,-0.09013205282112843
Igbp1,0.06343337334933974,0.6616487242123059,50,-0.016950780312124852
Igbp1b,0.3275390156062425,0.02023692239272237,50,0.13584633853541417
Igdcc4,-0.1007923169267707,0.486141066886281,50,-0.0966626650660264
Igf1r,0.0331812725090036,0.8190589030020377,50,-0.06448979591836734
Igf2r,0.06631452581032413,0.647269623377497,50,0.02040816326530612
Igfbp2,0.3749819927971188,0.00729349248696751,50,0.3670108043217286
Igfbp4,-0.11356542617046818,0.43229920121020293,50,-0.21959183673469387
Igfbp5,0.12326530612244897,0.3937531693775406,50,0.1371908763505402
Igfbp6,0.06948379351740695,0.6315987410557464,50,0.04124849939975991
Igfbp7,0.14972748449656637,0.2993541676570026,50,0.15587409065935035
Ighmbp2,0.03942376950780312,0.7857581521904028,50,0.03884753901560624
Iglon5,0.07361344537815126,0.6114180800534645,50,0.09915966386554621
Igsf1,0.43202881152460976,0.0017305104857296832,50,0.3801680672268907
Igsf11,-0.01531812725090036,0.9159139790947153,50,0.018775510204081632
Igsf21,0.11030012004801922,0.4457354930536335,50,0.12057623049219686
Igsf3,0.2363985594237695,0.09836531740444833,50,0.3202400960384153
Igsf8,0.17464585834333732,0.22511196898944325,50,0.10184873949579833
Igsf9b,0.21911164465786312,0.12631143390035948,50,0.20969987995198078
Igtp,0.0251140456182473,0.8625580807865763,50,0.07476590636254501
Ikbkb,-0.1634093637454982,0.25683852020425263,50,-0.2630972388955582
Ikbkg,0.12163265306122449,0.4000960817516467,50,0.12364945978391356
Ikzf5,0.21123649459783914,0.1408690904226621,50,0.08648259303721488
Il1rap,0.06881152460984392,0.6349097988988524,50,0.017911164465786316
Il1rapl1,0.21114045618247296,0.14105401658427008,50,0.09368547418967586
Il1rapl2,-0.04902761104441777,0.7352783898947431,50,-0.013205282112845136
Il1rn,-0.005330132052821128,0.9706949629545814,50,-0.006194477791116446
Il33,-0.16811524609843936,0.24320398376925986,50,-0.049411764705882356
Il6st,-0.06151260504201681,0.6713027870504038,50,0.016086434573829533
Ildr2,-0.12355342136854741,0.3926399851500462,50,-0.23006002400960382
Ilf2,-0.057382953181272504,0.692236057246644,50,-0.1470828331332533
Ilf3,0.003985594237695078,0.9780851204760453,50,-0.05142857142857142
Ilk,-0.10684273709483794,0.4602097709462432,50,0.032220888355342134
Ilkap,0.09728925067031541,0.5014970302352649,50,0.008979591836734692
Ilrun,0.11222088835534214,0.4378040765238864,50,0.045474189675870344
Ilvbl,-0.4157983193277311,0.0026729956234061445,50,-0.12701080432172868
Immp1l,-0.24024009603841537,0.09286036141846472,50,-0.1847298919567827
Immt,-0.07745498199279711,0.5928980657558349,50,-0.12921968787515006
Imp4,0.08504201680672267,0.5570736463170085,50,-0.029723889555822326
Impa1,-0.020312124849939977,0.8886520854497547,50,0.04076830732292917
Impa2,-0.15870348139255702,0.27097766105026355,50,-0.0844657863145258
Impact,0.34751500600240093,0.013407620268342555,50,0.3738295318127251
Impdh1,-0.027226890756302524,0.8511208900266356,50,-0.05795918367346939
Impdh2,0.13603841536614644,0.3461948264268146,50,0.033661464585834334
Ina,0.0757262905162065,0.601201286715933,50,0.11625450180072029
Inf2,0.3504921968787515,0.012582043568730598,50,0.22602641056422568
Ing1,0.02040816326530612,0.8881289642599213,50,-0.030396158463385354
Ing4,0.17887154861944776,0.21391403181490395,50,0.20912364945978393
Ing5,0.1648499399759904,0.25261123304908306,50,0.139015606242497
Inhca,0.13517406962785114,0.3492964730528619,50,-0.02809123649459784
Inip,0.09080432172869149,0.5305667571451648,50,0.026170468187274906
Inka2,0.24273709483793518,0.08941259155974239,50,0.1709003601440576
Inmt,0.16744297719087634,0.24512100210279833,50,0.2893157262905162
Ino80,-0.019927971188475387,0.890745037661987,50,0.12307322929171667
Inpp1,0.241968787515006,0.09046263982568438,50,0.09503001200480192
Inpp4a,0.15418967587034815,0.28501618282802504,50,0.2372629051620648
Inpp4b,0.25896758703481393,0.06937352960893634,50,0.31803121248499394
Inpp5a,-0.13392557022809123,0.3538066833286562,50,-0.08494597839135654
Inpp5b,-0.20153661464585834,0.16047288659639827,50,-0.16494597839135652
Inpp5d,0.33262905162064826,0.018265352607474392,50,0.3270588235294118
Inpp5e,0.10232893157262904,0.4794837696605121,50,-0.10991596638655461
Inpp5f,0.07255702280912364,0.6165542371589667,50,-0.029339735894357743
Inpp5j,0.21248499399759901,0.13848144817973826,50,-0.05392557022809123
Inpp5k,0.3095798319327731,0.028687895385105175,50,0.21959183673469387
Inppl1,0.1228811524609844,0.3952402897023936,50,0.08062424969987995
Insr,0.19346938775510203,0.17824045890452594,50,0.10146458583433372
Insyn1,-0.1262424969987995,0.38233963362892504,50,0.12048019207683074
Insyn2a,0.25474189675870346,0.07420948708894072,50,0.19327731092436973
Ints1,0.20854741896758705,0.14611558282783543,50,0.09973589435774309
Ints10,-0.07870348139255702,0.5869331449844367,50,-0.010708283313325332
Ints11,-0.11010804321728691,0.44653296997788217,50,-0.1065546218487395
Ints12,-0.09176470588235294,0.5262100377727071,50,-0.13440576230492196
Ints13,-0.15611044417767103,0.2789852048598166,50,-0.08360144057623049
Ints14,-0.16235294117647062,0.25996858368021925,50,-0.0561344537815126
Ints2,0.10722946532419264,0.4585782018757623,50,0.12475689696025638
Ints3,-0.20182472989195677,0.15986324196287502,50,-0.1251860744297719
Ints4,-0.03279790632173022,0.8211149628446929,50,-0.029723889555822326
Ints5,-0.012533013205282113,0.9311614652647521,50,0.10540216086434574
Ints6,0.03932773109243697,0.7862677701948961,50,-0.053733493397358945
Ints7,-0.2306362545018007,0.10709170281268111,50,-0.14304921968787515
Ip6k1,0.1630252100840336,0.2579737805941781,50,0.154765906362545
Ip6k2,0.06881152460984392,0.6349097988988524,50,0.07265306122448979
Ip6k3,-0.16024009603841535,0.2663051405168559,50,-0.11145258103241296
Ipcef1,0.27980792316926767,0.04906759450112534,50,0.08273709483793518
Ipo11,0.16993997599039612,0.23805217596147052,50,0.017430972388955582
Ipo13,-0.37459783913565425,0.0073584811994608906,50,-0.35855942376950783
Ipo4,0.11366146458583432,0.4319074870573528,50,0.07793517406962785
Ipo5,0.03587034813925571,0.8046715080721824,50,0.0760144057623049
Ipo7,-0.0019687875150060023,0.9891735809208646,50,0.10914765906362545
Ipo9,0.20902761104441775,0.14516824402961276,50,0.1991356542617047
Iqcb1,0.08331332533013207,0.5651456891418459,50,0.04470588235294118
Iqce,-0.027034813925570226,0.8521594188868581,50,-0.14055222088835534
Iqgap1,0.1786794717887155,0.2144144266398567,50,0.13104441776710685
Iqgap2,0.2023049219687875,0.15885093893336166,50,0.30669867947178864
Iqsec1,0.25935174069627853,0.06894662692349268,50,0.2672268907563025
Iqsec2,0.48312124849939975,0.0003797978933518087,50,0.3672989195678271
Iqsec3,-0.00312124849939976,0.982836936740475,50,0.0811044417767107
Irag2,-0.03145258103241296,0.8283395113361828,50,-0.10012004801920767
Irak1,-0.011956782713085232,0.9343193556460773,50,-0.021656662665066023
Irak4,0.16398559423769507,0.2551419349962814,50,0.15553421368547415
Ireb2,0.24360144057623048,0.08824267438668988,50,0.31332533013205277
Irf2,0.15611044417767103,0.2789852048598166,50,0.18789915966386553
Irf2bp1,0.03260504201680672,0.8221497788717119,50,0.17032412965186072
Irf2bp2,-0.047875150060024005,0.7412824849250751,50,-0.11884753901560624
Irf2bpl,0.11654541528966211,0.4202377763601736,50,0.13536614645858341
Irf3,0.1775270108043217,0.2174339601700364,50,0.17512605042016804
Irf5,0.10232893157262904,0.4794837696605121,50,-0.07351740696278511
Irf9,0.14861944777911165,0.3029854932851635,50,0.05690276110444177
Irgm,-0.07755102040816325,0.5924382718268313,50,-0.16533013205282113
Irgq,0.31178871548619447,0.02751147461581971,50,0.29229291716686673
Irs1,0.012244897959183673,0.9327402823164229,50,-0.08379351740696277
Irs2,0.2965186074429772,0.036532465009757105,50,0.219015606242497
Isca1,-0.14593037214885954,0.31191571257701484,50,-0.03442977190876351
Isca2,0.15111644657863144,0.29484206004482166,50,0.053061224489795916
Iscu,-0.07313325330132053,0.6137504230402822,50,-0.1951020408163265
Islr2,0.08292917166866745,0.5669468413550871,50,0.022232893157262904
Ist1,-0.22055222088835533,0.12377592432772774,50,-0.24292917166866745
Isy1,0.07044417767106842,0.6268810600035023,50,0.03231692677070828
Isyna1,-0.07995198079231693,0.5809952920613815,50,-0.11846338535414166
Itch,-0.48404523531923954,0.00036870211282479545,50,-0.4095558223289315
Itfg1,0.12825930372148858,0.3747207343614539,50,0.21190876350540214
Itfg2,0.06641056422569028,0.6467924718812164,50,0.022136854741896757
Itga1,0.13584633853541417,0.3468826088006764,50,0.08523409363745497
Itga3,0.35846338535414163,0.010582850928588771,50,0.2759663865546218
Itga6,0.010612244897959183,0.9416915769578321,50,-0.05584633853541416
Itga7,0.4545978391356542,0.0009115106178571985,50,0.43788715486194474
Itgam,-0.07322929171668667,0.6132836505495756,50,-0.007923169267707083
Itgav,-0.0008163265306122449,0.995510886501963,50,-0.04451380552220888
Itgb1,0.13363745498199278,0.3548525395175443,50,0.05959183673469387
Itgb1bp1,0.08100840336134453,0.575992325891534,50,0.05527010804321728
Itgb2,-0.09205282112845137,0.5249064828882124,50,0.03241296518607443
Itgb3,-0.1714326875088973,0.23389363557852044,50,-0.26991596638655463
Itgb5,-0.05699879951980792,0.6941952581621041,50,-0.03923169267707083
Itgb6,0.3000720288115246,0.034240940306140964,50,0.21815126050420167
Itgb8,-0.012725090036014405,0.9301090658978797,50,-0.12710684273709483
Itih3,0.5630252100840337,2.0776720070999107e-05,50,0.5063625450180071
Itih4,-0.13776710684273707,0.34004268805590443,50,-0.14698679471788717
Itm2a,-0.09320528211284512,0.5197083239625223,50,-0.18578631452581032
Itm2b,-0.004945978391356542,0.9728062148102008,50,0.09090036014405761
Itm2c,0.11471788715486195,0.4276117951507361,50,0.1086674669867947
Itpa,0.08350540216086433,0.564246113106247,50,-0.011092436974789914
Itpk1,-0.1078031212484994,0.45616379804590335,50,0.02588235294117647
Itpka,0.06775510204081632,0.6401271870153562,50,0.10885954381752701
Itpkb,0.2849939975990396,0.04485027226546807,50,0.33858343337334934
Itpkc,-0.18876350540216086,0.18923755321110564,50,-0.2796158463385354
Itpr1,0.11942663692846714,0.40876033056369393,50,0.14487394957983193
Itpr2,-0.05258103241296518,0.7168655353747643,50,-0.08955582232893158
Itpr3,0.022905162064825933,0.8745450103974277,50,0.15226890756302522
Itprid2,0.006770708283313325,0.9627796563599009,50,-0.002064825930372149
Itsn1,-0.01752701080432173,0.9038421422420411,50,0.0027370948379351738
Itsn2,-0.04710684273709483,0.7452937314362832,50,-0.06151260504201681
Ivd,0.21469387755102037,0.13433131232947138,50,0.11500600240096039
Ivns1abp,0.13344537815126048,0.3555508257709776,50,0.07822328931572628
Iws1,0.04364945978391356,0.7634258044868907,50,0.04633853541416567
Jade2,-0.10127250900360144,0.484055476875917,50,-0.06660264105642257
Jag1,0.11817527010804323,0.4137228304092187,50,0.1636014405762305
Jag2,0.062953181272509,0.6640572139268146,50,0.04777911164465786
Jagn1,0.20797118847539015,0.1472584272135925,50,0.12384153661464585
Jak1,0.052004801920768305,0.7198409170174129,50,0.23073229291716685
Jak2,0.22554621848739492,0.11528339865417532,50,0.25253301320528215
Jakmip1,-0.02559423769507803,0.8599561812492482,50,-0.14823529411764705
Jakmip2,0.1036734693877551,0.47369839364716887,50,0.039135654261704685
Jakmip3,-0.11385354141656662,0.4311246564679394,50,-0.22093637454981993
Jam2,0.25599039615846336,0.07275371474297608,50,0.2385114045618247
Jam3,-0.1454501800720288,0.3135278911255366,50,-0.2514765906362545
Jcad,0.10271308523409363,0.47782700585620214,50,0.049411764705882356
Jmjd1c,-0.010516206482593037,0.942218356661114,50,-0.01771908763505402
Jmjd6,0.010516206482593037,0.942218356661114,50,-0.08417767106842736
Jmy,0.1440096038415366,0.3183962247026039,50,0.1499639855942377
Josd1,-0.09291716686674668,0.5210054483879641,50,-0.04835534213685474
Josd2,-0.23457382953181274,0.10106701288347972,50,-0.34069627851140455
Jph1,0.27807923169267706,0.050542955512617456,50,0.16849939975990394
Jph3,0.18136854741896757,0.20748303568720763,50,0.16897959183673472
Jph4,0.029051620648259304,0.8412675746780208,50,0.08523409363745497
Jpt1,0.22545018007202883,0.11544241852753642,50,0.2035534213685474
Jpt2,-0.13849072010522687,0.3374877403740847,50,-0.11279711884753903
Jtb,-0.16542617046818728,0.2509335404001823,50,-0.2288115246098439
Junb,0.09781512605042017,0.4991760633201894,50,0.14189675870348137
Jund,0.048931572629051616,0.7357781389841229,50,-0.19942376950780313
Jup,0.26108043217286914,0.06705136167727228,50,0.15611044417767103
Kalrn,0.12595438175270107,0.38343550393189074,50,0.14410564225690276
Kank1,0.0792797118847539,0.5841892151915156,50,0.05728691476590636
Kank2,0.18252100840336133,0.20456116308193023,50,0.16129651860744296
Kank3,0.24004801920768307,0.0931297952628104,50,0.24897959183673468
Kank4,0.16807126226362482,0.24332909367783642,50,0.20278511404561822
Kansl2,0.05114045618247299,0.724311693356823,50,0.04124849939975991
Kansl3,0.02482593037214886,0.8641199156786887,50,-0.1065546218487395
Kars1,-0.048931572629051616,0.7357781389841229,50,-0.1224969987995198
Kat2a,0.23255702280912363,0.10411930458831185,50,0.19337334933973588
Kat5,0.3192797118847539,0.0238176315437202,50,0.2868187274909964
Kat7,0.016758703481392558,0.9080387412450949,50,-0.00744297719087635
Kat8,-0.07207683073229292,0.618894895331404,50,0.004657863145258102
Katna1,0.023865546218487393,0.8693297136232633,50,0.014453781512605042
Katnal1,0.047875150060024005,0.7412824849250751,50,0.2265066026410564
Katnb1,0.12384451010796813,0.3915171905884473,50,0.12115536991175013
Katnip,0.05517406962785113,0.7035283168203037,50,0.17157262905162063
Kazn,0.3931332533013205,0.004739048314122593,50,0.20845138055222087
Kbtbd11,-0.2023049219687875,0.15885093893336166,50,-0.2966146458583433
Kbtbd2,0.2939255702280912,0.03828330870785798,50,0.36067226890756304
Kbtbd3,-0.31937575030012,0.023773124256054087,50,-0.3230252100840336
Kbtbd4,-0.0021608643457382954,0.9881174171729694,50,-0.013589435774309724
Kcmf1,-0.12124849939975989,0.4015971284232332,50,-0.05152460984393757
Kcna1,0.15889555822328932,0.27039063996061596,50,0.21066026410564226
Kcna2,0.07947369687037116,0.5832667881906327,50,0.08514009942668765
Kcna3,-0.07428571428571429,0.6081592049242734,50,-0.10953181272509004
Kcna4,0.23265306122448978,0.1039723679290365,50,0.2927731092436974
Kcna5,0.22429771908763504,0.11736370668289967,50,0.14986794717887153
Kcna6,-0.04854741896758703,0.7377782164483431,50,-0.022136854741896757
Kcnab1,0.033373349339735896,0.818029213335407,50,-0.00744297719087635
Kcnab2,0.27644657863145256,0.051969200200736594,50,0.32052821128451375
Kcnab3,-0.08782923962290566,0.5441745658271054,50,-0.03558223289315726
Kcnb1,0.2113325330132053,0.14068434480472383,50,0.13642256902761105
Kcnc1,-0.01983193277310924,0.8912683914876222,50,-0.03250900360144057
Kcnc2,-0.03798319327731092,0.7934116423266137,50,-0.07006002400960383
Kcnc3,0.05805522208883554,0.6888122562563272,50,0.10002400960384153
Kcnc4,-0.024729891956782712,0.8646406418817117,50,0.0025450180072028807
Kcnd1,-0.04998799519807923,0.7302868972991754,50,-0.15668667466986794
Kcnd3,-0.044225690276110445,0.7603947565343314,50,0.0887875150060024
Kcnf1,0.21891956782713082,0.12665243925699196,50,0.10789915966386554
Kcnh1,-0.04576230492196878,0.7523294718542115,50,-0.0561344537815126
Kcnh2,0.29382953181272503,0.0383494583391168,50,0.25243697478991595
Kcnh5,-0.16830732292917167,0.2426581435006279,50,-0.13699879951980792
Kcnh7,0.33118847539015606,0.01880608147504176,50,0.2672268907563025
Kcnip1,0.22641056422569028,0.11385971662902702,50,0.306890756302521
Kcnip2,0.22439914530226251,0.11719364819349504,50,0.24653653156041425
Kcnip3,0.3309003601440576,0.018915838310928423,50,0.3072749099639856
Kcnip4,0.005138178589202245,0.9717498869127534,50,0.01037239789969799
Kcnj10,0.3791116446578631,0.006625746831465548,50,0.3236014405762305
Kcnj11,0.05517406962785113,0.7035283168203037,50,0.0846578631452581
Kcnj12,0.018871548619447776,0.8965044166938532,50,-0.14554621848739496
Kcnj13,0.6198799519807922,1.5828957216472792e-06,50,0.6643457382953182
Kcnj16,0.4850420168067227,0.00035706180183757874,50,0.4363505402160864
Kcnj2,0.04729891956782713,0.7442902879681722,50,-0.0385594237695078
Kcnj3,0.037695078031212484,0.7949446802314588,50,-0.008403361344537815
Kcnj4,0.17166866746698678,0.23324081228599539,50,0.2703001200480192
Kcnj6,0.04605042016806723,0.7508201127549528,50,0.015414165666266506
Kcnj9,0.2002881152460984,0.1631343475702773,50,0.20960384153661463
Kcnk1,-0.24600240096038412,0.08505555002909099,50,-0.1636014405762305
Kcnk10,0.05027611044417767,0.7287915934144177,50,-0.09397358943577432
Kcnk12,0.16081632653061223,0.2645668724181824,50,0.2175750300120048
Kcnk2,-0.01983193277310924,0.8912683914876222,50,-0.04566626650660264
Kcnk4,0.2795198079231692,0.049311028266221885,50,0.19231692677070825
Kcnma1,-0.10857142857142857,0.4529410186652569,50,-0.13939975990396156
Kcnmb4,-0.007635054021608643,0.9580321285011986,50,-0.01771908763505402
Kcnn2,-0.14141656662665067,0.3272793390182778,50,0.06448979591836734
Kcnn3,0.2329411764705882,0.10353251501948034,50,0.1274909963985594
Kcnq2,-0.2242016806722689,0.11752490441786206,50,-0.23140456182472988
Kcnq3,0.17042016806722687,0.23670893236518237,50,0.1413205282112845
Kcnq5,-0.05671068427370948,0.6956659593725275,50,0.1223049219687875
Kcns2,0.03577430972388955,0.8051842722231624,50,0.10309723889555823
Kcnt1,0.1983673469387755,0.1672916128784593,50,0.2355342136854742
Kcnt2,0.16475390156062425,0.2528915826071131,50,0.06813925570228091
Kcnv1,0.265594237695078,0.06229793232025244,50,0.24216086434573827
Kctd1,-0.05901560624249699,0.6839318162727875,50,-0.047875150060024005
Kctd10,0.31476590636254503,0.025989852434777416,50,0.3186074429771909
Kctd13,0.12115246098439375,0.40197290080277515,50,0.04057623049219687
Kctd17,0.10521008403361343,0.46713231871253486,50,0.0757262905162065
Kctd18,0.22496998799519805,0.1162400240790686,50,0.27606242496998795
Kctd2,0.03750300120048019,0.79596713204242,50,0.05901560624249699
Kctd21,0.05450180072028812,0.7069778323592292,50,0.19346938775510203
Kctd3,-0.1397872698426891,0.3329398263747554,50,-0.03529411764705882
Kctd4,0.19577430972388954,0.17302544682865212,50,0.20297719087635052
Kctd5,0.2076830732292917,0.1478323247244826,50,0.18607442977190874
Kctd6,0.17118847539015608,0.23457055177168173,50,0.15274909963985592
Kdm1a,-0.04643457382953182,0.7488090704314575,50,-0.0993517406962785
Kdm2a,0.019927971188475387,0.890745037661987,50,-0.009171668667466985
Kdm3a,0.1276830732292917,0.37688823080036193,50,0.11471788715486195
Kdm3b,-0.08225690276110444,0.5701052525423822,50,0.057478991596638655
Kdm4a,0.041152460984393756,0.7766004229514096,50,0.0006242496998799519
Kdm5a,0.03711973877993772,0.7980083039108471,50,0.01474189675870348
Kdm5b,-0.03442977190876351,0.8123713972775561,50,-0.0830252100840336
Kdm5c,0.33118847539015606,0.01880608147504176,50,0.3856422569027611
Kdm6a,0.6324609843937575,8.343160621977012e-07,50,0.6788475390156062
Kdsr,-0.08072028811524609,0.5773548167040339,50,-0.09330132052821127
Keap1,-0.11231692677070829,0.4374095809590833,50,-0.14247298919567825
Khdc4,-0.12009603841536615,0.40611986004781697,50,-0.03308523409363745
Khdrbs1,0.19779111644657865,0.16855369141305213,50,0.2026890756302521
Khdrbs2,-0.19807923169267705,0.1679217900172661,50,-0.1896278511404562
Khdrbs3,0.027322929171668665,0.8506017192354086,50,0.12451380552220888
Khk,-0.00475390156062425,0.9738619108344221,50,0.05517406962785113
Khnyn,-0.06362545018007203,0.6606862752131101,50,-0.0251140456182473
Khsrp,-0.08840336134453781,0.5415355477060978,50,-0.14496998799519806
Kics2,0.14189675870348137,0.325622674197588,50,-0.0846578631452581
Kidins220,0.05238895558223289,0.7178568695076138,50,0.05046818727490996
Kif13a,-0.12979591836734694,0.36897733239601205,50,-0.2089315726290516
Kif13b,-0.08974789915966387,0.535379538886014,50,-0.15265306122448982
Kif16b,-0.013877551020408161,0.9237972168124924,50,0.027226890756302524
Kif1a,-0.17791116446578628,0.21642417694250513,50,-0.21978391356542618
Kif1b,0.025306122448979586,0.861517146105322,50,-0.07841536614645858
Kif1c,0.011764705882352943,0.9353722106171002,50,0.03241296518607443
Kif21a,0.15294117647058825,0.2889817627244347,50,0.26588235294117646
Kif21b,0.016278511404561824,0.910662885715317,50,-0.01906362545018007
Kif2a,0.2228624937615665,0.11979025966569636,50,0.2578151260504202
Kif3a,0.23841536614645856,0.09544457665223652,50,0.32340936374549817
Kif3b,0.16878751500600236,0.24129719420588902,50,0.07947178871548619
Kif3c,0.2592557022809123,0.06905315616461093,50,0.276734693877551
Kif5a,0.21613445378151258,0.131675321304232,50,0.18405762304921966
Kif5b,0.25099639855942374,0.07871545786542912,50,0.22429771908763504
Kif5c,0.06881152460984392,0.6349097988988524,50,-0.030684273709483793
Kif7,-0.17291716686674669,0.229807744460712,50,-0.10828331332533012
Kifap3,0.08705882352941177,0.5477255738990336,50,0.02809123649459784
Kifbp,0.287305817749505,0.04306815959612066,50,0.3909243697478992
Kifc2,0.11327731092436974,0.43347553824281454,50,-0.0019687875150060023
Kifc3,-0.047875150060024005,0.7412824849250751,50,-0.04096038415366146
Kin,-0.07034813925570228,0.6273521677638412,50,-0.033373349339735896
Kirrel1,-0.3683553421368547,0.008487266425097232,50,-0.18933973589435774
Kirrel3,0.06151260504201681,0.6713027870504038,50,0.06871548619447777
Kit,0.46180072028811525,0.0007359254407054719,50,0.4470108043217287
Klc1,0.04797118847539015,0.7407815550065097,50,-0.055078031212484994
Klc2,0.021176470588235297,0.8839457115687899,50,-0.10972388955582232
Klc4,-0.1196158463385354,0.4080129880247367,50,-0.1341176470588235
Klf13,-0.19154861944777912,0.1826720660912252,50,-0.13805522208883553
Klhdc10,-0.31803121248499394,0.024402623173743577,50,-0.27740696278511406
Klhdc2,0.12850248509070286,0.37380824904703874,50,0.17704681872749098
Klhdc3,0.2897959183673469,0.041213870876445846,50,0.05171668667466986
Klhdc7a,0.0018727490996398558,0.98970166979651,50,-0.06986794717887154
Klhdc8a,-0.09839135654261706,0.4966392123190872,50,-0.166578631452581
Klhdc8b,0.09848739495798318,0.4962170518882712,50,0.15428571428571428
Klhl11,-0.07322929171668667,0.6132836505495756,50,-0.0823529411764706
Klhl12,-0.14448979591836733,0.3167681481614198,50,-0.1811764705882353
Klhl13,0.1640816326530612,0.25485990608918146,50,0.029435774309723887
Klhl15,0.025210084033613446,0.8620375844447012,50,-0.07351740696278511
Klhl18,-0.1859783913565426,0.19596976003793506,50,-0.165906362545018
Klhl2,-0.0546938775510204,0.7059916582285432,50,-0.08100840336134453
Klhl20,0.16629051620648258,0.24843114902038374,50,0.19519807923169266
Klhl22,0.16782713085234094,0.2440243098877604,50,0.17791116446578628
Klhl26,0.2304441776710684,0.10739248623385991,50,0.1398799519807923
Klhl29,-0.08581032412965187,0.553503616234848,50,-0.06823529411764705
Klhl3,0.0331812725090036,0.8190589030020377,50,0.025978391356542615
Klhl36,0.08917166866746698,0.538013641370765,50,0.12316926770708284
Klhl4,-0.04326530612244897,0.765448458884893,50,-0.03212484993997599
Klhl42,-0.1300840336134454,0.36790637879392674,50,-0.21959183673469387
Klhl5,0.04509003601440576,0.7558548692341351,50,0.1413205282112845
Klhl7,0.16206482593037216,0.2608266558299865,50,0.3670108043217286
Klhl8,-0.306218487394958,0.030558375378706912,50,-0.3363745498199279
Klhl9,-0.11414165666266506,0.42995190594090166,50,-0.13171668667466988
Klk6,-0.049603841536614644,0.7322821803116044,50,-0.14804321728691477
Klkb1,-0.024537815126050418,0.8656822648557904,50,-0.02376950780312125
Kmt2a,0.14391356542617048,0.3187224757126388,50,0.13642256902761105
Kmt2d,0.24058200684021724,0.09238224905845363,50,0.266561021950109
Kndc1,0.1119327731092437,0.43898875164931767,50,0.057767106842737094
Kpna1,0.20653061224489797,0.15014446951217347,50,0.10905162064825931
Kpna2,0.32196878751500596,0.022597566109348457,50,0.33166866746698676
Kpna3,0.28259303721488593,0.04676438529507331,50,0.4156062424969988
Kpna4,-0.1289315726290516,0.3722014419914515,50,-0.1491956782713085
Kpna5,-0.022040816326530613,0.8792433004330112,50,-0.021368547418967588
Kpna6,0.22573829531812722,0.11496585937291014,50,0.15178871548619446
Kpnb1,-0.1460264105642257,0.31159391297394856,50,-0.0792797118847539
Kptn,0.23073229291716685,0.10694155365446155,50,0.23466986794717884
Kras,-0.00312124849939976,0.982836936740475,50,0.03279711884753902
Kri1,-0.03452581032412965,0.8118575157889591,50,-0.018967587034813924
Krit1,-0.046626650660264106,0.7478041683875994,50,-0.17819927971188473
Krr1,0.13795918367346938,0.33936333202859625,50,0.21008403361344538
Krt18,0.38861944777911167,0.005287126071218734,50,0.3782472989195678
Krt222,0.18674669867947177,0.1940958599328091,50,0.26232893157262904
Krt8,0.5249939975990395,9.070505171316437e-05,50,0.4777430972388956
Ksr1,0.20653061224489797,0.15014446951217347,50,0.11769507803121249
Ksr2,-0.05786314525810324,0.689789858987514,50,-0.0993517406962785
Ktn1,0.21046818727490996,0.14235356219922915,50,0.19884753901560623
Kxd1,-0.062184873949579826,0.6679177874859943,50,-0.13267707082833133
Kyat1,-0.0823529411764706,0.5696535539896701,50,-0.02914765906362545
Kyat3,0.20441776710684276,0.15445257674330956,50,-0.0036974789915966387
L1cam,0.02079281616004273,0.8860342352829816,50,0.013301320528211284
L2hgdh,-0.06881152460984392,0.6349097988988524,50,-0.08936374549819928
L3hypdh,0.2067226890756302,0.1497572690297217,50,0.14160864345738294
LOC100125364,0.16638655462184873,0.2481541527175963,50,0.010036014405762305
LOC100174910,-0.18583879570292228,0.19631160697176678,50,-0.02175270108043217
LOC100294508,0.25743097238895557,0.07110219955316295,50,0.14266506602641055
LOC100360057,-0.08177867418141517,0.5723569685223532,50,-0.13776710684273707
LOC100360846,0.10540216086434574,0.4663150106107136,50,0.10463385354141658
LOC100362216,0.015894357743097238,0.9127628822867415,50,-0.008307322929171669
LOC100362814,0.27539015606242495,0.052909310638790785,50,0.25349339735894355
LOC100364062,-0.0251140456182473,0.8625580807865763,50,0.07303721488595438
LOC100910996,0.08801920768307324,0.5433006702649567,50,0.1007923169267707
LOC100911196,-0.07918367346938776,0.5846461351085563,50,-0.08408163265306122
LOC100911374,0.028695640165826375,0.8431879848607001,50,-0.126586791299506
LOC100912483,0.05315726290516206,0.7138943092418598,50,0.047202881152460976
LOC102548514,-0.08340936374549819,0.5646958176738254,50,-0.10885954381752701
LOC102556347,0.25090036014405764,0.07883376748050859,50,0.3016086434573829
LOC103694328,0.05402160864345738,0.7094453488485954,50,0.12509003601440577
LOC108351137,-0.08830732292917168,0.5419765683126397,50,-0.22689075630252098
LOC288978,-0.13277310924369748,0.3580014312154613,50,-0.05430972388955582
LOC299282,0.11088432890661139,0.44331477304190203,50,0.14251046793388836
LOC306766,-0.013781512605042016,0.9243230321819229,50,-0.021464585834333732
LOC314140,-0.1636014405762305,0.25627215129069014,50,-0.20297719087635052
LOC361985,-0.22448979591836735,0.11704181542902396,50,-0.17032412965186072
LOC498122,-0.02132104012715698,0.8831589110697642,50,-0.041440576230492195
LOC498154,-0.06516206482593037,0.6530063475185934,50,-0.06986794717887154
LOC498368,0.13056422569027612,0.3661256266302638,50,0.18012004801920767
LOC499331,0.0015846338535414166,0.991285961741987,50,-0.012917166866746698
LOC500028,0.13935508659686838,0.33445152125264477,50,0.23141011795668803
LOC679087,-0.07164637808495093,0.6209962897865113,50,-0.05968930828391019
LOC679739,-0.03529411764705882,0.8077493060967326,50,-0.09406962785114045
LOC680039,0.13555822328931572,0.3479158602278951,50,0.21603841536614646
LOC681410,-0.0821608643457383,0.5705571163870861,50,-0.037695078031212484
LOC684270,0.20777911164465784,0.14764084197380178,50,0.20864345738295315
LOC684509,0.13661464585834332,0.3441365307092955,50,0.13939975990396156
LOC685067,0.08686674669867947,0.5486126204499956,50,0.07006002400960383
LOC685203,-0.10549819927971187,0.46590664501610946,50,-0.1460264105642257
LOC688286,0.04768307322929172,0.7422846631765018,50,0.015702280912364946
LOC689959,0.14737094837935172,0.3071109860724217,50,0.02444177671068427
LOC690000,0.06132052821128451,0.6722711206715749,50,0.19759903961584632
LOC691143,-0.00024009603841536613,0.9986796663385688,50,-0.012917166866746698
LRRTM1,0.020120048019207682,0.8896984685014657,50,0.006482593037214886
Lactb,0.15025210084033613,0.2976447128541706,50,0.12681872749099637
Lactb2,-0.2543577430972389,0.07466202448860863,50,-0.20182472989195677
Lage3,0.07351740696278511,0.6118842444543006,50,0.12134453781512604
Lama1,0.09819927971188475,0.4974840890824957,50,0.04240096038415366
Lama2,0.11539015606242496,0.4248907663746203,50,0.1632172869147659
Lama4,-0.039615846338535404,0.7847391830472042,50,-0.06285714285714285
Lama5,0.14929171668667465,0.3007789235494369,50,0.10665066026410563
Lamb1,0.1824249699879952,0.20480353968454698,50,0.20345738295318128
Lamb2,0.20969987995198078,0.14384963291841682,50,0.18261704681872748
Lamc1,0.0739015606242497,0.6100205018611946,50,0.07466986794717888
Lamp1,-0.017911164465786316,0.901744810543093,50,-0.09781512605042017
Lamp2,-0.10521008403361343,0.46713231871253486,50,-0.13334933973589436
Lamp5,0.21267707082833132,0.1381168145769436,50,0.1598559423769508
Lamtor1,-0.02665066026410564,0.8542372197436355,50,0.08120048019207683
Lamtor2,0.10146458583433372,0.48322255856282165,50,0.09531812725090036
Lamtor3,-0.10857142857142857,0.4529410186652569,50,0.09320528211284512
Lamtor4,0.0739015606242497,0.6100205018611946,50,0.0468187274909964
Lamtor5,-0.001680672268907563,0.9907578604310985,50,0.10434573829531814
Lancl1,0.00931594996546949,0.9488038686015441,50,0.16250090042860185
Lancl2,-0.07707082833133252,0.5947388231105694,50,-0.09483793517406962
Lancl3,0.24408163265306118,0.08759790364339078,50,0.3085234093637455
Lap3,0.0385594237695078,0.7903478899673712,50,-0.01282112845138055
Laptm4a,0.19078031212484994,0.18446667203560543,50,0.1493877551020408
Large1,0.15534213685474188,0.28138743081868106,50,0.0695798319327731
Larp1,0.019639855942376952,0.8923152365382944,50,0.0588235294117647
Larp1b,-0.04979591836734694,0.7312843187919351,50,-0.12134453781512604
Larp4b,0.11903961584633853,0.4102914483734615,50,0.01752701080432173
Larp6,0.0981032412965186,0.49790680520850905,50,0.1495798319327731
Larp7,-0.28307322929171663,0.04637633024942734,50,-0.09771908763505403
Lars1,-0.029723889555822326,0.8376433832914365,50,-0.013301320528211284
Lars2,0.2037454981992797,0.1558422248019367,50,0.1735894357743097
Las1l,0.06093637454981993,0.6742093668352068,50,0.1710924369747899
Lasp1,-0.1406482593037215,0.3299410030562696,50,0.11356542617046818
Lats1,-0.15130852340936377,0.2942215814967604,50,-0.14208883553421367
Layn,-0.09080432172869149,0.5305667571451648,50,-0.08398559423769507
Lbhd2,0.15975990396158463,0.2677594982536001,50,0.06948379351740695
Lcat,0.02348139255702281,0.8714151845581424,50,0.09781512605042017
Lclat1,-0.11121515525787289,0.4419471982101581,50,-0.12259303721488594
Lcmt1,0.008115246098439374,0.9553952252908573,50,0.017046818727490996
Lcp1,0.06631452581032413,0.647269623377497,50,0.0993517406962785
Lcp2,-0.12854741896758703,0.3736397902834093,50,-0.10184873949579833
Ldah,-0.27260504201680674,0.05545387333571459,50,-0.20403361344537815
Ldb1,0.02348139255702281,0.8714151845581424,50,-0.0885954381752701
Ldb2,-0.0757262905162065,0.601201286715933,50,-0.10319327731092437
Ldb3,0.10040816326530612,0.48781292079050914,50,-0.03606242496998799
Ldha,0.30781051174566715,0.02966019893115167,50,0.34933973589435774
Ldhb,0.22861944777911164,0.1102823328119331,50,0.2471548619447779
Ldhd,0.18146458583433375,0.20723843253027394,50,0.11135654261704682
Ldlr,0.19769507803121247,0.16876470872480315,50,0.17637454981992798
Ldlrap1,-0.16100840336134453,0.26398913656643963,50,-0.1262424969987995
Lemd2,0.13238895558223288,0.35940638620830506,50,0.06324129651860745
Lemd3,0.13642256902761105,0.3448217871817177,50,0.09474189675870348
Leng8,-0.03817527010804322,0.7923900459710469,50,-0.05094837935174069
Leng9,0.2134453781512605,0.1366654425633772,50,0.16148859543817526
Leo1,-0.2970948379351741,0.03615249854156786,50,-0.16638655462184873
Letm1,-0.27529411764705874,0.05299545312696799,50,-0.20432172869147658
Letm2,0.07294117647058823,0.6146844227987611,50,0.006770708283313325
Letmd1,0.062472989195678265,0.6664690684682278,50,0.21709483793517406
Lgals1,0.21527010804321725,0.13326414371586354,50,0.20969987995198078
Lgals3,0.28825930372148856,0.04235022654806719,50,0.24072028811524607
Lgals3bp,0.2173829531812725,0.12940551017090873,50,0.2051860744297719
Lgals8,-0.08168067226890756,0.5728189102509789,50,-0.03903961584633854
Lgals9,0.3070828331332533,0.030067969572053908,50,0.19827130852340935
Lgalsl,0.07639855942376951,0.5979662154937561,50,0.15860744297719087
Lgi1,-0.19318127250900358,0.1789002137798842,50,-0.13930372148859543
Lgi2,0.01819927971188475,0.90017224670718,50,0.09090036014405761
Lgi3,0.044897959183673466,0.7568630339178207,50,0.027130852340936373
Lgi4,0.1474669867947179,0.30679236772595225,50,0.2221848739495798
Lgmn,-0.08725090036014405,0.5468392146187665,50,0.013589435774309724
Lhfpl2,0.10837935174069627,0.4537455442625736,50,0.19327731092436973
Lhfpl4,-0.08888355342136854,0.5393330505492828,50,0.04345738295318128
Lhfpl6,-0.04902761104441777,0.7352783898947431,50,-0.08120048019207683
Lhpp,0.08369747899159663,0.5633472052035943,50,0.07006002400960383
Lias,-0.1829051620648259,0.2035936769976229,50,-0.15543817527010806
Lifr,-0.030300120048019206,0.8345395833742012,50,-0.08321728691476589
Lig3,-0.02463385354141657,0.8651614250124656,50,-0.0346218487394958
Lig4,-0.12144057623049219,0.400846196407491,50,0.004273709483793517
Lima1,-0.19327731092436973,0.17868010035945792,50,-0.17723889555822328
Limch1,0.22358279917126778,0.11856771780865132,50,0.2868187274909964
Limd1,-0.07995198079231693,0.5809952920613815,50,-0.15630252100840333
Limd2,0.04739495798319327,0.7437887237139397,50,-0.00552220888355342
Limk1,0.08629051620648259,0.5512778736291126,50,0.11414165666266506
Limk2,-0.033373349339735896,0.818029213335407,50,0.004273709483793517
Lims1,-0.2163265306122449,0.13132418827587233,50,-0.1797358943577431
Lims2,0.14550169275965236,0.31335469058263893,50,0.13109558456562737
Lin37,-0.1057863145258103,0.46468270311916715,50,-0.1226890756302521
Lin54,0.08024009603841536,0.5796288950060168,50,0.21584633853541413
Lin7a,-0.0860984393757503,0.552167659149883,50,-0.006002400960384154
Lin7b,0.30391356542617043,0.031898733665627316,50,0.3854501800720288
Lin7c,-0.04249699879951981,0.7694984047447928,50,-0.004945978391356542
Lingo1,0.11164465786314526,0.4401752078504042,50,0.10626650660264104
Lingo3,0.24638655462184872,0.08455408313793081,50,0.17205282112845138
Lipa,-0.15351740696278512,0.2871470442113454,50,-0.09282112845138055
Lipe,0.09003601440576231,0.5340648521199438,50,0.1675390156062425
Lipt1,-0.0530624985146587,0.7143826571397464,50,-0.015414165666266506
Lipt2,-0.06717887154861946,0.6429803348437266,50,-0.06064825930372149
Llgl1,-0.257719087635054,0.07077549571908068,50,-0.14429771908763506
Llph,0.1567827130852341,0.27689436969542974,50,0.0803361344537815
Lman1,0.31390156062424973,0.02642417570970003,50,0.3048739495798319
Lman2,0.10319327731092437,0.47576032172168503,50,0.00849939975990396
Lman2l,0.23140456182472988,0.10589502793518658,50,0.10175270108043216
Lmbrd1,0.13680672268907562,0.34345211659771546,50,-0.02799519807923169
Lmbrd2,-0.15755102040816327,0.27451753763906106,50,-0.1119327731092437
Lmcd1,-0.17195678271308523,0.23244545784641193,50,-0.20201680672268904
Lmf2,-0.02770708283313325,0.84852566530385,50,-0.026362545018007204
Lmln,0.009171668667466985,0.949595741280882,50,0.1006002400960384
Lmna,-0.1445893059073641,0.3164314253055729,50,-0.24096616972539125
Lmnb1,0.2801920768307323,0.048744536162260536,50,0.28220888355342133
Lmnb2,0.026074429771908762,0.8573557532345867,50,0.09157262905162064
Lmo3,0.3790727269454441,0.006631782368804706,50,0.2533973589435774
Lmo4,-0.030684273709483793,0.8324717662389532,50,-0.009267707082833133
Lmo7,-0.032220888355342134,0.8242118518362515,50,-0.018391356542617046
Lmod1,0.2198799519807923,0.12495433270331179,50,0.2125810324129652
Lmtk2,0.12576230492196877,0.3841671177743801,50,0.0670828331332533
Lnpep,-0.08504201680672267,0.5570736463170085,50,-0.1345018007202881
Lnpk,0.06669867947178872,0.6453618615817179,50,0.1481392557022809
Lnx2,-0.03135654261704682,0.8288557940899515,50,0.013589435774309724
Lonp1,-0.06861944777911164,0.6358571194886568,50,0.23486194477791117
Lonp2,0.03078031212484994,0.831954986737294,50,0.0670828331332533
Lonrf2,0.049219687875150055,0.7342792173788053,50,0.020504201680672268
Lpar1,-0.06487394957983193,0.6544436547826313,50,-0.0695798319327731
Lpcat1,-0.06151260504201681,0.6713027870504038,50,0.09003601440576231
Lpcat2,0.018967587034813924,0.8959806139736753,50,-0.074093637454982
Lpcat3,0.047202881152460976,0.7447919572730598,50,0.15006002400960383
Lpcat4,0.1833853541416567,0.20238886097880235,50,0.1262424969987995
Lpgat1,0.062953181272509,0.6640572139268146,50,0.07841536614645858
Lpin1,-0.07130852340936374,0.6226477383132251,50,-0.13642256902761105
Lpin2,0.19702280912364944,0.17024720664232762,50,0.12403361344537814
Lpp,-0.056038415366146455,0.6991019013727332,50,-0.13018007202881152
Lpxn,0.29997599039615847,0.03430127092713461,50,0.272124849939976
Lratd1,0.09042016806722687,0.5323143957826949,50,0.05728691476590636
Lrba,0.23851713133240698,0.0952990023339919,50,0.2238175270108043
Lrch1,0.0631452581032413,0.663093413076652,50,-0.025498199279711888
Lrch2,0.053637454981992794,0.7114214906008638,50,0.06477791116446578
Lrch3,-0.29027611044417767,0.040863932112422625,50,-0.27654261704681876
Lrch4,-0.13440576230492196,0.352067786837127,50,-0.08504201680672267
Lrfn1,0.13382953181272508,0.354155092259465,50,0.07486194477791117
Lrfn2,0.23015606242497,0.1078448756128843,50,0.1725330132052821
Lrfn3,-0.04979591836734694,0.7312843187919351,50,-0.12163265306122449
Lrfn4,0.1417046818727491,0.3262847053303684,50,0.06679471788715485
Lrfn5,0.12192076830732293,0.3989724432787403,50,0.0902280912364946
Lrif1,-0.05243823382625094,0.7176024939686976,50,0.06794717887154862
Lrig1,-0.13421368547418966,0.3527627156843771,50,-0.12672268907563025
Lrig2,0.23034813925570227,0.107543120694918,50,0.18857142857142856
Lrp1,-0.028475390156062427,0.8443766220421096,50,-0.08773109243697479
Lrp11,-0.08945978391356542,0.5366958030570775,50,-0.17944777911164464
Lrp12,0.2004801920768307,0.16272280785347154,50,0.1221128451380552
Lrp3,-0.19039615846338534,0.18536869841456516,50,-0.23073229291716685
Lrp4,0.010900360144057623,0.9401113869310186,50,-0.07649459783913565
Lrp8,0.1408403361344538,0.3292743181105479,50,0.1341176470588235
Lrpap1,-0.01781512605042017,0.9022690817725499,50,0.030300120048019206
Lrpprc,-0.04835534213685474,0.7387789011788352,50,-0.08696278511404561
Lrrc1,0.22621848739495798,0.1141749260431452,50,0.19097238895558222
Lrrc14,0.03644657863145258,0.8015966387938372,50,0.15870348139255702
Lrrc20,0.03932773109243697,0.7862677701948961,50,-0.0012965186074429772
Lrrc24,-0.09445378151260504,0.5141061568152153,50,-0.020600240096038412
Lrrc3b,0.1630252100840336,0.2579737805941781,50,0.0751500600240096
Lrrc4,0.23841536614645856,0.09544457665223652,50,0.1707082833133253
Lrrc40,-0.2516686674669868,0.07789120257029128,50,-0.22362545018007202
Lrrc41,-0.16821128451380551,0.24293095927614597,50,-0.19106842737094837
Lrrc45,0.17166866746698678,0.23324081228599539,50,0.19433373349339736
Lrrc46,0.08100840336134453,0.575992325891534,50,0.0954141656662665
Lrrc47,-0.1280672268907563,0.3754424025932204,50,-0.2698199279711884
Lrrc49,0.16802324190297807,0.2434657352910548,50,0.123937575030012
Lrrc4b,0.08408163265306122,0.5615513980361976,50,0.042977190876350546
Lrrc4c,-0.01935174069627851,0.8938858443371016,50,0.005138055222088836
Lrrc55,0.3659543817527011,0.008959726399432402,50,0.37056422569027603
Lrrc57,0.13753031289229187,0.3408813647971685,50,0.11817527010804323
Lrrc58,-0.21459783913565425,0.13450979405872054,50,-0.28278511404561824
Lrrc59,0.08869147659063625,0.5402135277453415,50,0.22727490996398558
Lrrc7,0.17387755102040817,0.2271907201899618,50,0.10415366146458584
Lrrc73,0.24081632653061225,0.09205569415993373,50,0.19030012004801922
Lrrc75a,0.010516206482593037,0.942218356661114,50,0.1495798319327731
Lrrc8a,0.012244897959183673,0.9327402823164229,50,-0.19452581032412963
Lrrc8b,0.14425316338283686,0.3175697814455403,50,0.12528211284513804
Lrrc8c,-0.1029556532266319,0.4767824311025069,50,-0.13973924948204236
Lrrc8d,-0.18300120048019208,0.20335231028225528,50,-0.142953181272509
Lrrfip1,-0.11903961584633853,0.4102914483734615,50,-0.22343337334933971
Lrrfip2,0.06737094837935174,0.6420287162643779,50,0.13210084033613445
Lrrk2,0.16562222387064057,0.2503644526243848,50,0.11227160319210137
Lrrn1,0.05930372148859543,0.6824701629112091,50,-0.021848739495798315
Lrrn2,-0.06775510204081632,0.6401271870153562,50,-0.1309483793517407
Lrrtm2,0.0015846338535414166,0.991285961741987,50,-0.00024009603841536613
Lrrtm3,0.12662969102547963,0.3808698411734298,50,0.022713085234093634
Lrrtm4,0.03534298543600796,0.8074881778776455,50,-0.10002400960384153
Lrsam1,0.21705203012330976,0.13000425237340352,50,0.39400705910658335
Lrtm2,0.18914765906362543,0.18832209156309074,50,0.1657142857142857
Lsamp,-0.06036014405762304,0.6771206626893103,50,-0.11222088835534214
Lsg1,-0.2802881152460984,0.048664042328694083,50,-0.384969987995198
Lsm11,-0.07678271308523409,0.5961210477982914,50,-0.09733493397358943
Lsm12,0.21085234093637453,0.14160987919631185,50,0.20950780312124848
Lsm14a,-0.1197176336378463,0.4076112731595203,50,0.00893178708029549
Lsm14b,0.07294117647058823,0.6146844227987611,50,0.10156062424969987
Lsm2,-0.0846578631452581,0.5588627246986755,50,-0.15534213685474188
Lsm3,0.11846338535414166,0.4125772130443906,50,0.23486194477791117
Lsm4,-0.06477791116446578,0.6549230333249496,50,0.08561824729891956
Lsm5,-0.16417767106842737,0.2545780871956436,50,-0.16648259303721488
Lsm6,-0.014549819927971188,0.9201174243821219,50,0.039135654261704685
Lsm7,-0.13690276110444177,0.343110225487278,50,-0.25032412965186074
Lsm8,-0.10722689075630251,0.458589053334824,50,-0.08801920768307324
Lsp1,0.2107563025210084,0.14179552839739834,50,0.2684753901560624
Lss,0.009747899159663865,0.9464334567508218,50,0.12816326530612243
Lta4h,0.13872749099639856,0.3366543459943995,50,0.11279711884753903
Ltbp4,0.005138055222088836,0.9717505649203921,50,0.0642016806722689
Ltbr,0.05642256902761104,0.697137769951935,50,-0.00552220888355342
Ltn1,0.3355102040816326,0.01722335025229747,50,0.30492929010686215
Ltv1,0.07178871548619448,0.6203010909885867,50,0.06516206482593037
Luc7l,-0.40052821128451377,0.0039483087734911975,50,-0.23745498199279708
Luc7l2,0.14324129651860742,0.3210121648083788,50,0.09253301320528211
Luc7l3,-0.22237695078031214,0.12061972816489211,50,-0.12931572629051621
Lum,-0.15966386554621848,0.26805100287556477,50,-0.10300120048019207
Lurap1,0.11923169267707083,0.40953114935851703,50,-0.002929171668667467
Luzp1,0.1343097238895558,0.3524151462832098,50,0.12739495798319328
Luzp2,-0.14448979591836733,0.3167681481614198,50,-0.020312124849939977
Lxn,0.1051140456182473,0.46754126104211324,50,0.13046818727490997
Ly6e,-0.05056422569027611,0.7272972880782103,50,-0.13795918367346938
Ly6h,-0.1836734693877551,0.20166839087231644,50,-0.1156782713085234
Ly75,0.07995198079231693,0.5809952920613815,50,0.17080432172869148
Lyar,-0.04883553421368547,0.7362779963744167,50,-0.009843937575030014
Lyn,0.1036734693877551,0.47369839364716887,50,0.05085234093637454
Lynx1,0.127875150060024,0.37616490151731374,50,0.06055222088835534
Lypd1,0.24062424969987994,0.09232331168907343,50,0.31841536614645854
Lypd6,-0.03241296518607443,0.8231806675615939,50,-0.09051620648259305
Lypla1,0.11606242496998799,0.4221795604689439,50,0.12384153661464585
Lypla2,0.062088835534213675,0.6684009605193323,50,-0.006290516206482593
Lyrm1,-0.12547418967587035,0.38526608807851537,50,-0.2747178871548619
Lyrm4,0.18578631452581032,0.1964402341388477,50,0.1890516206482593
Lyrm7,-0.01666266506602641,0.9085634932990514,50,0.046242496998799516
Lyrm9,0.3402160864345738,0.015630024728673475,50,0.28710684273709486
Lysmd1,0.060264105642256906,0.6776063345498441,50,0.1241296518607443
Lysmd2,0.1196158463385354,0.4080129880247367,50,0.16235294117647062
Lyz2,-0.03567827130852341,0.8056971175229699,50,0.10175270108043216
Lzic,0.1499639855942377,0.298582748649281,50,-0.07418967587034814
Lztfl1,-0.1962545018007203,0.17195303492805075,50,-0.25138055222088834
Lztr1,0.11884753901560624,0.4110525589818973,50,-0.016182472989195677
Lzts1,-0.0017767106842737094,0.990229763041263,50,-0.0026410564225690276
Lzts2,-0.2567587034813925,0.07186916431242515,50,-0.2781752701080432
Lzts3,0.31381305682651095,0.02646898846170115,50,0.26761746988433743
M6pr,-0.01262905162064826,0.9306352509000534,50,-0.09954381752701079
MAST1,0.026266506602641054,0.8563160000574715,50,0.033373349339735896
MGC109340,0.1648499399759904,0.25261123304908306,50,0.044129651860744294
MGC94207,-0.0003361344537815126,0.9981515336582548,50,-0.007539015606242497
MGC95208,-0.25618247298919566,0.0725317724718203,50,-0.22612244897959183
MGC95210,-0.2870108043217287,0.043292298473518204,50,-0.23812725090036013
Macf1,-0.036638655462184866,0.8005723408637344,50,-0.2225690276110444
Macir,0.19827130852340935,0.16750148046407168,50,0.13911164465786313
Maco1,-0.11452581032412965,0.428391032869492,50,-0.07793517406962785
Macrod1,0.17781512605042016,0.21667631577638835,50,0.16139255702280914
Macroh2a1,0.020888355342136854,0.8855140703887638,50,0.07418967587034814
Macroh2a2,-0.20345738295318128,0.15644059228611876,50,-0.22717887154861943
Mad1l1,-0.08845350431131342,0.5413053537893389,50,-0.04163265306122449
Mad2l1,-0.09368547418967586,0.5175500410838324,50,-0.16225690276110444
Mad2l1bp,0.08523409363745497,0.55618012140731,50,0.08725090036014405
Madd,0.2689555822328931,0.058936613027340504,50,0.20451380552220885
Maea,-0.09291716686674668,0.5210054483879641,50,-0.09454981992797118
Maf1,0.2114285714285714,0.140499779643816,50,0.2974789915966386
Mafg,-0.07899159663865546,0.585560457424426,50,-0.029723889555822326
Mag,-0.173109243697479,0.22928268578934452,50,-0.21834333733493394
Maged1,0.033277310924369745,0.8185440202827372,50,0.0003361344537815126
Maged2,0.014645858343337334,0.9195918731388897,50,0.020216086434573826
Magee1,0.11606242496998799,0.4221795604689439,50,0.06861944777911164
Mageh1,-0.32600240096038413,0.020866323406262897,50,-0.23995198079231692
Magi1,-0.009555822328931571,0.9474874631857075,50,0.12048019207683074
Magi2,0.2771188475390156,0.05137802497804922,50,0.2067226890756302
Magi3,0.1837695078031212,0.201428637084075,50,0.18232893157262903
Magoh,-0.07370948379351741,0.6109520680536464,50,-0.1532292917166867
Maip1,0.020792316926770707,0.8860369534931125,50,-0.014933973589435772
Mak16,-0.15274909963985592,0.2895950314476938,50,-0.17483793517406962
Mal2,-0.06160864345738295,0.6708188182068404,50,0.024345738295318126
Malsu1,0.12816326530612243,0.3750814646200839,50,0.0631452581032413
Man1a1,-0.2592557022809123,0.06905315616461093,50,-0.2672268907563025
Man1a2,-0.062088835534213675,0.6684009605193323,50,0.07937575030012005
Man1b1,0.11068427370948379,0.44414289895062775,50,0.09848739495798318
Man1c1,0.08072028811524609,0.5773548167040339,50,0.21584633853541413
Man2a1,-0.11126050420168068,0.44175991649739177,50,-0.1415126050420168
Man2a2,-0.08619447779111644,0.55172268105076,50,-0.023385354141656663
Man2b1,0.14765906362545017,0.30615576738241074,50,0.21363745498199277
Man2b2,-0.0561344537815126,0.6986106850585555,50,-0.05430972388955582
Man2c1,0.09656662665066026,0.5046953555630573,50,0.08475390156062423
Manba,-0.010804321728691477,0.9406380918704026,50,-0.1320048019207683
Manbal,0.1506362545018007,0.2963969682274755,50,0.22919567827130852
Maneal,-0.044801920768307316,0.7573672666662519,50,-0.0251140456182473
Manf,0.07006002400960383,0.6287663733935079,50,0.002929171668667467
Maoa,0.22435112494161577,0.11727413922181218,50,0.1007923169267707
Maob,0.15159663865546216,0.2932924543539565,50,-0.03241296518607443
Map1a,0.08115440949300741,0.5753024276621436,50,0.2393814978240485
Map1b,0.047875150060024005,0.7412824849250751,50,0.16926770708283315
Map1lc3a,0.31284513805522207,0.02696324444776453,50,0.37210084033613444
Map1lc3b,-0.28509003601440575,0.044775059007309666,50,-0.24629051620648257
Map1s,0.17282112845138053,0.2300705841144467,50,0.21805522208883552
Map2,-0.060456182472989194,0.6766351207927777,50,0.01666266506602641
Map2k1,0.19990396158463383,0.16395970586873604,50,0.24744297719087635
Map2k2,0.04643457382953182,0.7488090704314575,50,0.08581032412965187
Map2k3,0.01819927971188475,0.90017224670718,50,-0.0014885954381752698
Map2k4,-0.01531812725090036,0.9159139790947153,50,0.11606242496998799
Map2k5,-0.2496518607442977,0.08038457328398806,50,-0.24369747899159666
Map2k6,0.19174069627851137,0.18222537961031418,50,-0.02156062424969988
Map2k7,0.13152460984393755,0.36257977813401376,50,0.1020408163265306
Map3k10,0.1766626650660264,0.21971795555549883,50,0.10924369747899158
Map3k12,0.23793517406962783,0.09613381532054893,50,0.10933973589435773
Map3k13,-0.1741656662665066,0.22640964109625428,50,-0.15207683073229292
Map3k2,0.02069627851140456,0.8865598846501891,50,-0.043169267707082834
Map3k20,0.27932773109243697,0.04947386183639134,50,0.14717887154861942
Map3k3,0.06304921968787515,0.6635752461203878,50,0.12941176470588234
Map3k4,0.06151260504201681,0.6713027870504038,50,-0.013301320528211284
Map3k5,0.05853541416566627,0.6863704532652548,50,0.009747899159663865
Map3k7,0.06842737094837935,0.6368050173218915,50,-0.05046818727490996
Map3k9,0.2758703481392557,0.05248029604808258,50,0.24897959183673468
Map4,0.05690276110444177,0.6946853683372957,50,-0.0887875150060024
Map4k2,-0.08792316926770707,0.5437423838810355,50,-0.048643457382953184
Map4k3,-0.09032629837653665,0.5327418678879079,50,-0.11116446578631452
Map4k4,-0.10031212484993997,0.4882313531546813,50,-0.14698679471788717
Map4k5,0.04345738295318128,0.7644369371593014,50,-0.05094837935174069
Map6,-0.11625450180072029,0.42140673764264985,50,-0.0885954381752701
Map6d1,0.08513805522208882,0.5566267992305423,50,0.09906362545018006
Map7,-0.13123649459783912,0.3636413393637242,50,0.021848739495798315
Map7d1,-0.003793517406962785,0.9791410203209915,50,-0.07178871548619448
Map7d2,0.13795918367346938,0.33936333202859625,50,0.15486194477791115
Map9,0.21114045618247296,0.14105401658427008,50,0.22084033613445375
Mapk1,-0.13872749099639856,0.3366543459943995,50,-0.08715486194477791
Mapk10,0.13018007202881152,0.36754981121134545,50,0.11846338535414166
Mapk11,0.35519807923169266,0.011366009867526512,50,0.3596158463385354
Mapk12,0.003985594237695078,0.9780851204760453,50,0.061224489795918366
Mapk14,0.12451380552220888,0.3889427365299787,50,0.011860744297719087
Mapk3,-0.1491956782713085,0.30109351137594936,50,-0.00475390156062425
Mapk4,-0.012244897959183673,0.9327402823164229,50,-0.03519807923169268
Mapk7,-0.09579831932773109,0.5081072585030242,50,-0.05315726290516206
Mapk8,0.02588235294117647,0.8583957461421866,50,0.0805282112845138
Mapk8ip1,-0.024778506093722973,0.8643770459087543,50,0.011092436974789914
Mapk8ip2,0.27519807923169265,0.05308170904588875,50,0.24110444177671067
Mapk8ip3,-0.014645858343337334,0.9195918731388897,50,0.007635054021608643
Mapk9,-0.14631452581032411,0.3106297864850381,50,-0.12960384153661464
Mapkap1,0.13152776781144812,0.3625681530179242,50,0.22689075630252098
Mapkapk2,-0.09512605042016806,0.5111022556233562,50,-0.07332533013205282
Mapkapk5,0.26674669867947176,0.061128601688198586,50,0.22746698679471786
Mapkbp1,0.22093637454981993,0.12310632967456595,50,0.04460984393757503
Mapre1,0.10060265555494115,0.4869661064030914,50,0.22247298919567823
Mapre3,0.0009123649459783913,0.994982761888243,50,-0.03788715486194477
Mapt,-0.016470588235294115,0.9096131131071888,50,-0.011380552220888355
Marchf1,0.13046818727490997,0.36648135983943264,50,-0.05920768307322929
Marchf5,0.07236494597839135,0.61749004931738,50,0.010516206482593037
Marchf7,0.05728691476590636,0.6927256711507918,50,0.039711884753901555
Marcks,0.12509003601440577,0.3867342723350412,50,0.18799519807923168
Marcksl1,0.09839371896519067,0.49662882548687165,50,0.22007731284405502
Marf1,-0.1648499399759904,0.25261123304908306,50,-0.2230492196878751
Mark1,0.04845138055222088,0.7382785051392184,50,-0.00014405762304921967
Mark2,0.06209032631624768,0.6683934593193053,50,-0.05046939903973419
Mark3,-0.1578391356542617,0.2736297149787903,50,-0.15294117647058825
Mark4,-0.1173109243697479,0.4171706025928586,50,-0.07428571428571429
Mars1,-0.09243697478991596,0.5231709037211599,50,-0.05978391356542617
Masp1,0.12729891956782713,0.3783373790940621,50,0.22612244897959183
Mast2,0.018871548619447776,0.8965044166938532,50,-0.062953181272509
Mast3,0.14881152460984393,0.30235398408797354,50,0.20201680672268904
Mat2a,0.07198079231692676,0.6193634774620391,50,0.008403361344537815
Mat2b,-0.017334933973589435,0.9048910526777013,50,0.036638655462184866
Matk,0.1480467718739301,0.3048733706002329,50,0.07659063625450178
Matn2,0.283937575030012,0.045684447344095616,50,0.18146458583433375
Matn4,-0.21478991596638655,0.13415300797608018,50,-0.3116926770708283
Matr3,-0.15150060024009604,0.29360195131671885,50,-0.1884753901560624
Mau2,-0.23774309723889556,0.09641058822420075,50,-0.3462665066026411
Mavs,0.22573829531812722,0.11496585937291014,50,0.21334933973589434
Max,0.0015846338535414166,0.991285961741987,50,0.18031212484993997
Maz,-0.09090036014405761,0.5301302886436152,50,-0.1171188475390156
Mb21d2,0.18981992797118846,0.18672765401983396,50,0.23351740696278508
Mbd1,0.0751500600240096,0.6039802784986892,50,0.0468187274909964
Mbd2,0.3238895558223289,0.021758658739295132,50,0.25301320528211285
Mbd3,0.1499639855942377,0.298582748649281,50,0.13911164465786313
Mbip,-0.06285714285714285,0.6645393163266287,50,-0.0656422569027611
Mblac1,0.25656662665066027,0.07208949809828978,50,0.2502280912364946
Mblac2,-0.1061704681872749,0.4630534786101985,50,-0.16782713085234094
Mbnl1,0.06631452581032413,0.647269623377497,50,0.06525810324129651
Mbnl2,-0.15860744297719087,0.2712714884666112,50,-0.1392076830732293
Mboat2,0.04432172869147659,0.759889926656588,50,-0.057767106842737094
Mboat7l1,-0.09042016806722687,0.5323143957826949,50,0.0013925570228091237
Mbp,-0.05767106842737095,0.690767963327466,50,-0.0803361344537815
Mcam,-0.09406962785114045,0.5158266549711512,50,-0.029531812725090034
Mcat,-0.15409363745498197,0.2853199558610227,50,-0.13421368547418966
Mcc,-0.15034813925570228,0.29733245851278994,50,-0.19308523409363745
Mccc1,-0.01819927971188475,0.90017224670718,50,-0.018775510204081632
Mccc2,0.23457946175937353,0.1010585866456502,50,0.24024009603841537
Mcee,0.13891956782713086,0.3359792098334063,50,-0.010996398559423769
Mcf2l,0.19615846338535411,0.17216713107749965,50,0.08715486194477791
Mcfd2,-0.021848739495798315,0.8802879301101031,50,-0.09551020408163265
Mcm3ap,-0.2074479579939598,0.1483018762942876,50,-0.16595836639516784
Mcmbp,-0.19164465786314525,0.18244862470010928,50,-0.07082833133253301
Mcoln1,0.2367827130852341,0.09780372256105378,50,0.04605042016806723
Mcrip1,-0.21094837935174068,0.14142441088465482,50,-0.03827130852340937
Mcrip2,0.016086434573829533,0.9117128093624184,50,0.11606242496998799
Mcrs1,0.1833853541416567,0.20238886097880235,50,0.07294117647058823
Mctp1,0.29738295318127245,0.03596374201100207,50,0.18924369747899158
Mctp2,0.04451380552220888,0.7588805641932979,50,0.01310924369747899
Mcts1,-0.07351740696278511,0.6118842444543006,50,-0.03490996398559423
Mcu,0.0346218487394958,0.8113437127687082,50,-0.01915966386554622
Mcub,0.15418967587034815,0.28501618282802504,50,0.05786314525810324
Mcur1,0.08993997599039616,0.5345029055740002,50,-0.04633853541416567
Mdc1,0.3001680672268907,0.03418069751234758,50,0.30381752701080433
Mdga1,0.08158463385354141,0.5732717630013678,50,0.1011764705882353
Mdga2,-0.06785114045618247,0.6396521614613111,50,-0.04873949579831932
Mdh1,0.06737094837935174,0.6420287162643779,50,0.05920768307322929
Mdh2,-0.12316926770708284,0.3941246415594056,50,-0.12220888355342135
Mdk,0.5038655462184873,0.00019120078938283228,50,0.5439135654261704
Mdm1,0.021368547418967588,0.8829003832753773,50,0.08945978391356542
Mdm4,0.16897959183673472,0.2407542743235882,50,0.08638655462184873
Mdn1,0.042977190876350546,0.7669664674970699,50,0.06055222088835534
Mdp1,-0.2645378151260504,0.06338549368473971,50,-0.26012004801920763
Me1,0.08331332533013207,0.5651456891418459,50,0.1702280912364946
Me2,0.2405282112845138,0.09245734713334676,50,0.21152460984393756
Me3,-0.009171668667466985,0.949595741280882,50,-0.15198079231692677
Mea1,-0.13027611044417767,0.3671934521667329,50,0.02156062424969988
Meaf6,-0.008115246098439374,0.9553952252908573,50,0.03615846338535413
Meak7,0.06765906362545018,0.6406023554342575,50,0.2107563025210084
Mecp2,-0.006962785114045618,0.9617245339673098,50,0.05815126050420167
Mecr,0.1276830732292917,0.37688823080036193,50,0.09330132052821127
Med1,0.12470588235294117,0.3882057572679313,50,0.03519807923169268
Med10,0.014550169275965233,0.9201155125829171,50,-0.006002400960384154
Med11,0.09531812725090036,0.5102456319369316,50,0.012148859543817525
Med12,0.012917166866746698,0.9290567848678867,50,0.03750300120048019
Med13,0.12441776710684273,0.3893115351903369,50,0.08648259303721488
Med13l,0.2693397358943577,0.058561928734627115,50,0.07774309723889555
Med14,0.08945978391356542,0.5366958030570775,50,-0.022713085234093634
Med15,0.11548619447779111,0.4245028493031674,50,-0.07639855942376951
Med16,-0.08148859543817527,0.5737247800932863,50,-0.07428571428571429
Med17,0.09224489795918367,0.52403833663122,50,0.09368547418967586
Med18,0.2512845138055222,0.07836136814710598,50,0.21805522208883552
Med20,0.21325330132052822,0.1370272126151921,50,0.16346130764153682
Med21,0.49080432172869143,0.0002960495648431623,50,0.5045378151260504
Med22,-0.07764892316579468,0.5919697152618342,50,0.05114045618247299
Med23,-0.026938775510204082,0.8526787765291988,50,-0.037406962785114045
Med24,-0.15956782713085235,0.26834271856772207,50,-0.1361344537815126
Med27,-0.1675390156062425,0.24484651565900284,50,-0.15351740696278512
Med28,-0.07332533013205282,0.6128170298538621,50,-0.20297719087635052
Med29,-0.2663625450180072,0.0615164065849976,50,-0.24782713085234095
Med30,-0.16830732292917167,0.2426581435006279,50,-0.1837695078031212
Med31,0.0974309723889556,0.5008709929602794,50,0.19327731092436973
Med4,-0.03154861944777911,0.8278233003860368,50,0.10818727490996398
Med6,0.18645858343337332,0.19479707421420067,50,0.23543817527010802
Mef2a,0.09723889555822329,0.5017195639649017,50,0.1140456182472989
Mef2c,0.10818727490996398,0.45455084979964094,50,0.004369747899159664
Mef2d,0.13935508659686838,0.33445152125264477,50,0.060264105642256906
Megf10,0.13843937575030013,0.3376686332513916,50,0.1545738295318127
Megf8,0.06756302521008403,0.6410776665565249,50,0.029339735894357743
Megf9,-0.37267707082833135,0.007691024027226845,50,-0.2562785114045618
Meis2,0.044801920768307316,0.7573672666662519,50,0.04364945978391356
Memo1,-0.02444177671068427,0.8662031611964573,50,0.01282112845138055
Men1,0.008691476590636255,0.9522315678165846,50,0.04845138055222088
Mepce,-4.801920768307323e-05,0.9997359331556768,50,0.045954381752701084
Mertk,0.24235294117647058,0.08993642129920594,50,0.2003841536614646
Mesd,0.2624249699879952,0.06560616800260535,50,0.2355342136854742
Mest,0.02799519807923169,0.846969291513827,50,0.1427611044417767
Met,-0.24542617046818724,0.0858121132027057,50,-0.13959183673469386
Metap1,0.11539015606242496,0.4248907663746203,50,0.1696518607442977
Metap1d,-0.1590876350540216,0.26980446374366224,50,-0.23351740696278508
Metap2,0.11673469387755102,0.41947820044144807,50,-0.03615846338535413
Mettl1,-0.03442977190876351,0.8123713972775561,50,-0.006386554621848738
Mettl13,-0.07582232893157262,0.6007386654540318,50,-0.04883553421368547
Mettl14,0.0656422569027611,0.6506136065722468,50,-0.04902761104441777
Mettl17,0.2716446578631453,0.056353864888385126,50,0.29795918367346935
Mettl2,0.08043217286914765,0.5787187754727622,50,-0.032220888355342134
Mettl22,0.0331812725090036,0.8190589030020377,50,-0.07332533013205282
Mettl26,-0.1624489795918367,0.25968298059851147,50,-0.16667466986794718
Mettl27,0.15447779111644658,0.28410613501662496,50,0.2289075630252101
Mettl3,-0.05891956782713085,0.6844192893342099,50,-0.13911164465786313
Mettl5,-0.004369747899159664,0.9759734341266462,50,-0.09214885954381752
Mettl7a,0.13296518607442975,0.3573002104093525,50,0.045954381752701084
Mettl9,-0.03202881152460984,0.8252433300244186,50,-0.042593037214885957
Mex3d,-0.018007202881152456,0.9012205808095002,50,0.055366146458583426
Mfap3l,-0.15505402160864346,0.2822917592950656,50,-0.17695078031212486
Mff,0.09464585834333733,0.513246992952907,50,0.0534453781512605
Mfge8,0.32196878751500596,0.022597566109348457,50,0.2971908763505402
Mfhas1,0.13978391356542613,0.33295154951212763,50,0.17195678271308523
Mfn1,-0.03990396158463385,0.7832113995200589,50,0.023865546218487393
Mfn2,-0.22362545018007202,0.1184956263697056,50,-0.2580072028811525
Mfsd4a,-0.13757503001200477,0.34072288754853114,50,-0.066890756302521
Mfsd6,-0.1392076830732293,0.3349680890027994,50,-0.08561824729891956
Mga,0.05805522208883554,0.6888122562563272,50,-0.047202881152460976
Mgarp,0.10857142857142857,0.4529410186652569,50,0.12076830732292916
Mgat1,-0.21430972388955583,0.13504630439439766,50,-0.16936374549819924
Mgat2,0.3284033613445378,0.019889985941084726,50,0.34655462184873953
Mgat3,-0.20950780312124848,0.14422546807816897,50,-0.2618487394957983
Mgat5,0.12220888355342135,0.39785064632490746,50,0.01282112845138055
Mgll,-0.12595438175270107,0.38343550393189074,50,-0.18424969987995196
Mgrn1,0.06871713608549918,0.6353752497368194,50,0.07937575030012005
Mgst1,0.3786314525810324,0.006700552702215955,50,0.3433853541416566
Mgst3,-0.21162064825930374,0.14013119034613541,50,-0.06650660264105641
Mia2,0.1936614645858343,0.1778015975058732,50,0.2002881152460984
Mia3,0.06415674229448963,0.6580269360638868,50,0.019880906669100827
Mib1,0.12278511404561823,0.3956125827762633,50,0.15428571428571428
Mib2,0.031164465786314523,0.8298885741693174,50,-0.07313325330132053
Mical1,4.801920768307323e-05,0.9997359331556768,50,0.08120048019207683
Mical2,0.43804172981965306,0.001465014352992867,50,0.38704410681280454
Mical3,-0.0885954381752701,0.5406540272994341,50,-0.1670588235294118
Micall1,-0.16139255702280914,0.26283619411461034,50,-0.11625450180072029
Micall2,0.4036591515965801,0.003650127360163932,50,0.36668347389858263
Micos10,-0.11798319327731092,0.41448758716608036,50,0.004561824729891957
Micos13,-0.03827130852340937,0.7918793770772163,50,-0.07486194477791117
Micu1,-0.057478991596638655,0.6917465678560473,50,0.009747899159663865
Micu2,0.12470588235294117,0.3882057572679313,50,0.23006002400960382
Micu3,-0.16634252928034182,0.24828110567768577,50,-0.29844654141955096
Mid1,-0.025978391356542615,0.8578757198291542,50,-0.06977190876350539
Mid1ip1,0.2355342136854742,0.09963802115508529,50,0.23735894357743095
Mid2,0.0457634036963527,0.7523237139212043,50,0.01699920766894948
Mideas,-0.023385354141656663,0.8719366881451378,50,-0.14765906362545017
Mief1,0.154765906362545,0.28319799393100126,50,0.18012004801920767
Mief2,-0.050660264105642255,0.7267994090773101,50,-0.027515006002400956
Mien1,-0.39611044417767105,0.004405405691123651,50,-0.15591836734693876
Mier1,-0.04974909363003296,0.7315275382569448,50,0.10165666266506602
Mif,-0.009651860744297719,0.9469604487315959,50,0.24494597839135654
Miga1,0.1766626650660264,0.21971795555549883,50,0.04441776710684273
Miga2,-0.03270108043217287,0.8216344458929444,50,-0.025690276110444176
Minar2,0.272124849939976,0.05590240851341342,50,0.3619207683073229
Mindy1,0.07049388942942894,0.6266372613232404,50,-0.07755288244450116
Mindy2,-0.12259303721488594,0.3963577841499585,50,-0.20797118847539015
Mindy3,-0.02348139255702281,0.8714151845581424,50,-0.004465786314525811
Mindy4,0.1896278511404562,0.18718221890648912,50,0.19394957983193276
Mink1,-0.02482593037214886,0.8641199156786887,50,-0.13344537815126048
Minpp1,-0.10031212484993997,0.4882313531546813,50,-0.13152460984393755
Mios,-0.12432172869147658,0.3896805398051253,50,-0.08945978391356542
Mipep,0.019927971188475387,0.890745037661987,50,-0.029819927971188476
Mitd1,-0.30804321728691475,0.02953077303421857,50,-0.28825930372148856
Mix23,0.2304441776710684,0.10739248623385991,50,0.28950780312124846
Mkln1,-0.1524609843937575,0.290516524621238,50,-0.21421368547418965
Mknk1,0.0015846338535414166,0.991285961741987,50,-0.0398079231692677
Mkrn1,0.13824729891956783,0.3383458798635399,50,0.10012004801920767
Mkrn2,0.07524609843937576,0.6035167253438533,50,-0.0021608643457382954
Mks1,-0.029627851140456178,0.8381609225627791,50,-0.039615846338535404
Mlc1,0.08581032412965187,0.553503616234848,50,0.03529411764705882
Mlf1,0.005138055222088836,0.9717505649203921,50,0.03673469387755102
Mlf2,-0.061896758703481394,0.6693677056031839,50,-0.07937575030012005
Mlh1,-0.07207683073229292,0.618894895331404,50,0.03750300120048019
Mlip,0.11702280912364946,0.4183234943590506,50,-0.03308523409363745
Mllt1,-0.11068427370948379,0.44414289895062775,50,-0.08331332533013207
Mllt11,-0.05623049219687875,0.6981195909304553,50,-0.11241296518607442
Mllt3,0.2230492196878751,0.11947242414860526,50,0.006866746698679471
Mllt6,0.03145258103241296,0.8283395113361828,50,0.008883553421368545
Mlst8,-0.0052340936374549825,0.971222757835147,50,-0.08312124849939975
Mlycd,0.21891956782713082,0.12665243925699196,50,0.17291716686674669
Mmaa,-0.05085234093637454,0.7258039863695547,50,0.08600240096038414
Mmab,0.005618247298919568,0.9691116537775033,50,0.03625450180072028
Mme,0.3195678271308523,0.023684319220297387,50,0.19990396158463383
Mmgt1,-0.06573829531812725,0.6501354755460494,50,-0.06804321728691476
Mmp15,0.15294117647058825,0.2889817627244347,50,0.1709003601440576
Mmp16,-0.03827130852340937,0.7918793770772163,50,0.008115246098439374
Mmp17,0.11500600240096039,0.42644443865608617,50,0.08158463385354141
Mmrn2,-0.05027611044417767,0.7287915934144177,50,-0.047875150060024005
Mms19,-0.015414165666266506,0.9153887061173894,50,-0.1291236494597839
Mmut,-0.013589435774309724,0.9253747587611171,50,-0.015126050420168066
Mnat1,0.07476590636254501,0.6058360376069906,50,0.09618247298919569
Mnt,0.0803361344537815,0.5791737539630479,50,0.027899159663865542
Moap1,-0.32849939975990394,0.019851749646987354,50,-0.30381752701080433
Mob1a,0.12057912558398913,0.40422045316800276,50,0.16312124849939974
Mob2,0.16024009603841535,0.2663051405168559,50,0.07707082833133252
Mob4,0.024729891956782712,0.8646406418817117,50,-0.008307322929171669
Mobp,-0.29815126050420165,0.03546436558136045,50,-0.27385354141656665
Mocs1,0.1669627851140456,0.24649656967425387,50,0.11587034813925569
Mocs2,-0.11817527010804323,0.4137228304092187,50,-0.1632172869147659
Mocs3,0.1894357743097239,0.18763757449467522,50,0.1316206482593037
Mog,-0.19932773109243698,0.16520344960614303,50,-0.1940456182472989
Mon1a,0.2252581032412965,0.11576095922209773,50,0.14036014405762304
Mon1b,-0.04873949579831932,0.7367779618754439,50,0.08120048019207683
Mon2,0.023001200480192076,0.8740232394253051,50,0.07054021608643457
Morc2,-0.17522208883553422,0.22356156432386154,50,-0.08254501800720286
Morc3,-0.0805282112845138,0.5782639596738539,50,0.023193277310924368
Morf4l1,-0.11702280912364946,0.4183234943590506,50,-0.16581032412965185
Morf4l2,0.06602641056422569,0.6487019197630061,50,0.009171668667466985
Morn4,-0.06612244897959184,0.6482243474823959,50,-0.1398799519807923
Mosmo,0.04739495798319327,0.7437887237139397,50,-0.0387515006002401
Mospd1,0.3090036014405762,0.029001592982218577,50,0.33368547418967587
Mospd2,0.3142857142857143,0.026230399390594572,50,0.33205282112845136
Mospd3,-0.012340936374549819,0.9322139811947295,50,-0.018871548619447776
Mov10,0.006290516206482593,0.9654177346041684,50,-0.04576230492196878
Moxd1,0.314093637454982,0.02632713839401871,50,0.45046818727490995
Mpc1,-0.06285714285714285,0.6645393163266287,50,-0.06545018007202881
Mpc2,-0.2227611044417767,0.11996310790398233,50,-0.14228091236494594
Mpdu1,-0.22833133253301321,0.11074401046931098,50,-0.3106362545018007
Mpdz,0.3335894357743097,0.017912236261650626,50,0.2994957983193277
Mphosph10,0.19452581032412963,0.1758363595790261,50,0.16388955582232892
Mphosph6,0.09675870348139255,0.5038442110912843,50,-0.15841536614645857
Mphosph8,0.09695078031212485,0.5029938008354746,50,0.08014405762304923
Mpi,0.2934453781512605,0.03861499831098254,50,0.30506602641056424
Mpnd,0.08619447779111644,0.55172268105076,50,-0.0006242496998799519
Mpp2,-0.0426890756302521,0.768485342598203,50,-0.05171668667466986
Mpp3,-0.039615846338535404,0.7847391830472042,50,-0.0751500600240096
Mpp7,0.15515006002400963,0.2819901046888301,50,0.17531812725090035
Mpped2,0.06756302521008403,0.6410776665565249,50,0.049315726290516206
Mprip,0.0974309723889556,0.5008709929602794,50,0.13142857142857142
Mpst,0.026266506602641054,0.8563160000574715,50,-0.02559423769507803
Mpv17,0.09627851140456183,0.5059734470588745,50,0.10261704681872749
Mpzl1,-0.14506602641056424,0.3148214502116727,50,-0.09695078031212485
Mras,-0.08518811978733441,0.556393926166029,50,0.059737328644556935
Mrc1,0.030012004801920768,0.8360911744142364,50,-0.015702280912364946
Mrc2,0.3323409363745498,0.018372431226899206,50,0.33387755102040817
Mre11,0.1576066079420022,0.2743460973651401,50,0.014549819927971188
Mrfap1,-0.1632172869147659,0.2574057299042729,50,-0.11913565426170468
Mri1,-0.211812725090036,0.13976332183491857,50,-0.2155582232893157
Mrm3,-0.1427611044417767,0.3226540113762471,50,-0.13037214885954382
Mroh1,0.10069627851140456,0.48655874883215866,50,0.11673469387755102
Mrpl1,0.009555822328931571,0.9474874631857075,50,0.00014405762304921967
Mrpl10,0.0631452581032413,0.663093413076652,50,0.04326530612244897
Mrpl12,-0.11635054021608643,0.42102062780062893,50,-0.0811044417767107
Mrpl13,-0.02645858343337335,0.8552764883233676,50,0.025690276110444176
Mrpl14,-0.22535414165666265,0.11560160535136979,50,-0.3025690276110444
Mrpl15,0.04086434573829532,0.7781246614190953,50,-0.020600240096038412
Mrpl16,-0.30737094837935175,0.029905963501806535,50,-0.14900360144057623
Mrpl17,0.04441776710684273,0.7593851958109286,50,0.0024489795918367346
Mrpl18,0.040000960418742716,0.7826972273212693,50,0.11472064158508564
Mrpl19,-0.09608643457382952,0.5068264233318739,50,-0.07899159663865546
Mrpl2,0.20883553421368548,0.14554663141453617,50,0.1725330132052821
Mrpl20,-0.12489795918367347,0.3874696024077539,50,-0.1400720288115246
Mrpl21,-0.047587034813925566,0.7427859111260962,50,0.030012725404218718
Mrpl22,-0.1117406962785114,0.4397795246779216,50,-0.173109243697479
Mrpl23,0.0182953181272509,0.8996481427769628,50,0.21478991596638655
Mrpl27,-0.1874189675870348,0.19246667457475253,50,-0.1224969987995198
Mrpl28,-0.03692677070828331,0.7990365169421094,50,-0.09963985594237695
Mrpl3,-0.013925904587557486,0.9235324906813954,50,0.01915966386554622
Mrpl30,0.1373829531812725,0.34140393033004296,50,0.18578631452581032
Mrpl32,-0.10828591325842113,0.4541371991143704,50,-0.14204422679308634
Mrpl33,0.3399361330183429,0.015721167299658927,50,0.3674037793082839
Mrpl34,-0.021128958684569977,0.8842043130290712,50,0.015126050420168066
Mrpl35,-0.03270108043217287,0.8216344458929444,50,-0.07975990396158462
Mrpl36,-0.23342136854741896,0.10280261105904424,50,-0.1648499399759904
Mrpl37,-0.09378151260504201,0.5171189242018245,50,-0.074093637454982
Mrpl38,0.06257052992271518,0.6659788806180179,50,0.1429566136453746
Mrpl39,-0.1431452581032413,0.3213401105572278,50,-0.19558223289315724
Mrpl4,0.08926770708283314,0.5375741872301489,50,-0.050660264105642255
Mrpl40,-0.10885954381752701,0.4517356940943246,50,-0.10933973589435773
Mrpl41,0.09301320528211285,0.5205728942864307,50,0.08763505402160864
Mrpl42,0.06823529411764705,0.6377534911177856,50,-0.024537815126050418
Mrpl43,-0.07063625450180072,0.625939286598539,50,0.0008163265306122449
Mrpl44,-0.0809123649459784,0.5764463261595072,50,-0.14448979591836733
Mrpl45,-0.28893157262905156,0.04184995297661072,50,-0.1806525967530733
Mrpl46,0.246578631452581,0.08430421976111704,50,0.18501800720288114
Mrpl47,-0.07116617447848342,0.6233440976559795,50,-0.06180072028811524
Mrpl48,0.1824249699879952,0.20480353968454698,50,0.11827130852340936
Mrpl49,0.05987995198079231,0.6795503181579453,50,0.10789915966386554
Mrpl50,-0.06650660264105641,0.6463154609741191,50,-0.028379351740696276
Mrpl51,-0.1962545018007203,0.17195303492805075,50,-0.20096038415366146
Mrpl53,0.023385354141656663,0.8719366881451378,50,0.022040816326530613
Mrpl54,-0.16821128451380551,0.24293095927614597,50,-0.1253781512605042
Mrpl55,-0.006194477791116446,0.9659453951391317,50,-0.03385354141656663
Mrpl57,-0.3007442977190876,0.03382107984574307,50,-0.16120048019207683
Mrpl58,-0.16168067226890756,0.2619736996819977,50,-0.1773349339735894
Mrps10,-0.02127250900360144,0.8834230228517642,50,-0.07198079231692676
Mrps11,-0.05987995198079231,0.6795503181579453,50,-0.06160864345738295
Mrps12,-0.23198079231692675,0.10500428127852024,50,-0.18895558223289313
Mrps14,0.20432172869147658,0.15465053780915824,50,0.12720288115246098
Mrps15,0.02756368701123447,0.8493004907748433,50,0.12451380552220888
Mrps16,-0.11030012004801922,0.4457354930536335,50,-0.021080432172869146
Mrps17,0.037791116446578635,0.7944335820847725,50,-0.02665066026410564
Mrps18a,0.06324129651860745,0.6626117149647571,50,0.0385594237695078
Mrps18b,0.14583433373349342,0.3122377242238597,50,0.14583433373349342
Mrps18c,-0.03231692677070828,0.8236962228552467,50,-0.045474189675870344
Mrps2,-0.1775270108043217,0.2174339601700364,50,-0.3361824729891957
Mrps21,0.053637454981992794,0.7114214906008638,50,0.04797118847539015
Mrps22,-0.007539015606242497,0.9585595634091832,50,-0.05286914765906363
Mrps23,-0.02914765906362545,0.840749631753519,50,0.02674669867947179
Mrps24,-0.00312124849939976,0.982836936740475,50,0.008691476590636255
Mrps25,0.004273709483793517,0.9765013409868725,50,-0.08360144057623049
Mrps26,0.014933973589435772,0.9180154243551587,50,0.05459783913565427
Mrps27,0.08744297719087635,0.5459535436144716,50,0.1466986794717887
Mrps28,0.02280912364945978,0.8750668341977711,50,-0.007923169267707083
Mrps30,-0.027226890756302524,0.8511208900266356,50,-0.021848739495798315
Mrps31,0.3847779111644658,0.00579644427910068,50,0.24897959183673468
Mrps33,-0.05354141656662665,0.7119158201457186,50,0.06967587034813925
Mrps34,-0.15956782713085235,0.26834271856772207,50,-0.2230492196878751
Mrps35,-0.14112845138055222,0.3282758767462333,50,-0.08686674669867947
Mrps36,0.08705882352941177,0.5477255738990336,50,-0.0251140456182473
Mrps5,-0.21527010804321725,0.13326414371586354,50,-0.14890756302521005
Mrps6,-0.28278511404561824,0.046608847008105025,50,-0.28921968787515
Mrps7,0.046626650660264106,0.7478041683875994,50,0.1289315726290516
Mrps9,-0.01935174069627851,0.8938858443371016,50,-0.11846338535414166
Mrrf,0.24494597839135654,0.08644659608519722,50,0.20566626650660264
Mrs2,0.16821128451380551,0.24293095927614597,50,0.11606242496998799
Mrtfa,0.057094837935174066,0.6937052717869107,50,0.11654261704681872
Mrto4,-0.10031212484993997,0.4882313531546813,50,-0.15188475390156062
Msh2,0.025738913306657975,0.8591725500837045,50,-0.0009123649459783913
Msh3,0.02991596638655462,0.8366085090060389,50,-0.07582232893157262
Msh6,-0.1799279711884754,0.21117644104816888,50,-0.042881152460984395
Msi1,0.3742136854741897,0.007423972258888122,50,0.26713085234093636
Msi2,-0.0885954381752701,0.5406540272994341,50,-0.16561824729891955
Msl1,0.17608643457382953,0.22124985036515865,50,0.07006002400960383
Msl3,0.004945978391356542,0.9728062148102008,50,-0.028475390156062427
Msmo1,-0.08667466986794717,0.5495003532633628,50,-0.08024009603841536
Msn,0.011860744297719087,0.9348457693377733,50,-0.04096038415366146
Msra,-0.06756302521008403,0.6410776665565249,50,-0.009459783913565426
Msrb1,-0.3134213685474189,0.026668078688265224,50,-0.27942376950780307
Msrb2,-0.13373349339735893,0.3545037109990423,50,-0.1408403361344538
Msrb3,0.09579831932773109,0.5081072585030242,50,0.03145258103241296
Msto1,0.10165666266506602,0.48239039438149667,50,0.13824729891956783
Mt-atp8,0.14765906362545017,0.30615576738241074,50,0.10684273709483794
Mt-co1,0.05411764705882353,0.7089516084339997,50,-0.013877551020408161
Mt-co2,0.2663625450180072,0.0615164065849976,50,0.05997599039615846
Mt-co3,0.10444177671068428,0.4704092302099473,50,0.09675870348139255
Mt-cyb,0.12220888355342135,0.39785064632490746,50,0.08331332533013207
Mt-nd1,0.20950780312124848,0.14422546807816897,50,0.21171668667466984
Mt-nd2,-0.03510204081632653,0.8087758819260071,50,-0.05315726290516206
Mt-nd3,0.18540216086434572,0.19738358456431077,50,0.04201680672268907
Mt-nd4,0.0760144057623049,0.5998138905729673,50,-0.085906362545018
Mt-nd5,-0.04643457382953182,0.7488090704314575,50,0.00043217286914765904
Mt1,-0.09877551020408162,0.49495168363471587,50,-0.18588235294117647
Mt2A,-0.0019687875150060023,0.9891735809208646,50,-0.13085234093637454
Mt3,0.15956782713085235,0.26834271856772207,50,0.10943577430972388
Mta1,-0.1160199770834483,0.4223504583730659,50,-0.0426890756302521
Mta2,0.043745498199279705,0.76292038453804,50,0.013973589435774309
Mta3,0.1599519807923169,0.2671771221430569,50,0.12720288115246098
Mtap,0.22180072028811523,0.12160976069916528,50,0.1470828331332533
Mtarc2,0.027899159663865542,0.8474880188601623,50,0.04989195678271309
Mtch1,0.00552220888355342,0.9696394107021206,50,0.0722689075630252
Mtch2,0.04729891956782713,0.7442902879681722,50,0.21978391356542618
Mtcl1,0.3357022809123649,0.01715571616188136,50,0.4765906362545018
Mtcp1,0.26482593037214885,0.06308739069885357,50,0.20364945978391355
Mtdh,-0.043745498199279705,0.76292038453804,50,-0.07073229291716686
Mterf2,0.050372148859543824,0.7282933804348101,50,0.02770708283313325
Mterf4,0.07111644657863145,0.6235874393948588,50,0.09925570228091235
Mtf1,-0.47351740696278505,0.000514359657730927,50,-0.4159903961584634
Mtfmt,-0.2051860744297719,0.15287559475182988,50,-0.2415846338535414
Mtfp1,0.14055222088835534,0.33027466269230854,50,0.13354141656662666
Mtfr1l,-0.13565426170468187,0.34757123273775026,50,-0.11020408163265305
Mtg1,0.07524609843937576,0.6035167253438533,50,0.0561344537815126
Mtg2,-0.03654261704681872,0.8010844484336721,50,-0.1078031212484994
Mthfd1,-0.10290516206482593,0.476999762222001,50,-0.2023049219687875
Mthfd1l,0.04605042016806723,0.7508201127549528,50,-0.02040816326530612
Mthfr,0.05642256902761104,0.697137769951935,50,0.043073229291716676
Mthfs,0.06732454562674343,0.6422585603364772,50,-0.10280912364945978
Mthfsd,-0.015606242496998797,0.914338267712406,50,-0.05104441776710684
Mtif2,-4.801920768307323e-05,0.9997359331556768,50,0.13421368547418966
Mtif3,-0.12557022809123647,0.38489955810023696,50,-0.2114285714285714
Mtm1,-0.03145258103241296,0.8283395113361828,50,-0.046530612244897955
Mtmr1,0.2026890756302521,0.15804448510263286,50,0.26175270108043214
Mtmr10,0.1504441776710684,0.29702041629622666,50,0.08148859543817527
Mtmr12,0.06938775510204082,0.6320713133581387,50,-0.06890756302521008
Mtmr14,-0.0887875150060024,0.5397732021211107,50,-0.17138055222088835
Mtmr2,0.05685610700575194,0.6949235015264593,50,0.015606242496998797
Mtmr3,-0.06477791116446578,0.6549230333249496,50,-0.09051620648259305
Mtmr4,0.16148859543817526,0.26254848530198116,50,0.2543577430972389
Mtmr6,0.17531812725090035,0.22330388434206863,50,0.13661464585834332
Mtmr7,-0.24734693877551017,0.08331054726193414,50,-0.25791116446578627
Mtmr9,0.08475390156062423,0.5584152018580083,50,0.039519807923169274
Mto1,-0.017334933973589435,0.9048910526777013,50,-0.06717887154861946
Mtor,-0.15975990396158463,0.2677594982536001,50,0.026074429771908762
Mtpap,-0.15169267707082834,0.29298316946994507,50,-0.15150060024009604
Mtpn,0.20192076830732295,0.15966040442903714,50,0.13978391356542613
Mtr,0.14458583433373348,0.31644316861916943,50,0.046242496998799516
Mtres1,0.25253301320528215,0.07684146241703783,50,0.16984393757503002
Mtrex,0.20950780312124848,0.14422546807816897,50,0.12729891956782713
Mtrf1,0.04172869147659064,0.7735544489391231,50,0.026170468187274906
Mtrf1l,-0.35414165666266506,0.011629823216863056,50,-0.3358943577430972
Mtrfr,-0.24542617046818724,0.0858121132027057,50,-0.30698679471788715
Mtrr,-0.004849939975990396,0.9733340571673678,50,0.1228811524609844
Mtss1,0.1307563025210084,0.3654147863032189,50,0.16014405762304923
Mtss2,0.16744297719087634,0.24512100210279833,50,0.16292917166866747
Mturn,-0.36163265306122444,0.00986761610568803,50,-0.3564465786314525
Mtus1,-0.32427370948379347,0.02159406562804718,50,-0.1845378151260504
Mtus2,0.23265306122448978,0.1039723679290365,50,0.11596638655462185
Mtx1,0.26521008403361346,0.06269166657372456,50,0.3937094837935174
Mtx2,0.15342136854741897,0.28745230071007893,50,0.10530612244897959
Mtx3,-0.009843937575030014,0.9459064874660708,50,0.06717887154861946
Mul1,-0.10818727490996398,0.45455084979964094,50,-0.08360144057623049
Mvb12a,-0.15466986794717885,0.28350049578454267,50,-0.23159663865546215
Mvb12b,-0.1732052821128451,0.22902046668956422,50,-0.029435774309723887
Mvd,0.23236494597839136,0.10441365704086776,50,0.22352941176470587
Mvk,0.025498199279711888,0.8604764442929573,50,-0.044225690276110445
Mvp,0.1940456182472989,0.1769262126695705,50,0.1578391356542617
Mx2,0.05258103241296518,0.7168655353747643,50,0.10127250900360144
Mxra7,-0.19784388586460983,0.16843782716415326,50,-0.13027611044417767
Mxra8,0.09454981992797118,0.5136764843567919,50,-0.010708283313325332
Myadm,-0.12825930372148858,0.3747207343614539,50,0.07486194477791117
Mybbp1a,0.031068427370948382,0.830405071075181,50,0.03308523409363745
Mycbp,-0.0010084033613445378,0.9944546394031878,50,0.09378151260504201
Mycbp2,0.09983193277310923,0.49032632334923687,50,-0.024537815126050418
Myd88,0.03759903961584634,0.7954558636185503,50,-0.03865546218487395
Mydgf,0.05987995198079231,0.6795503181579453,50,-0.011284513805522207
Myef2,-0.030300120048019206,0.8345395833742012,50,-0.0809123649459784
Myg1,0.05623049219687875,0.6981195909304553,50,0.18165666266506603
Myh10,0.0790876350540216,0.5851032158998725,50,0.041440576230492195
Myh11,0.41431967166015854,0.0027780885854490176,50,0.3342217101013797
Myh14,-0.15630252100840333,0.27838676526196915,50,-0.21267707082833132
Myl1,0.2349748049212716,0.10046847627945832,50,0.322507844088427
Myl12a,0.09253301320528211,0.5227374550597651,50,-0.024345738295318126
Myl12b,-0.1836734693877551,0.20166839087231644,50,-0.22036014405762305
Myl4,0.013205282112845136,0.9274785890832614,50,-0.013973589435774309
Myl6,0.13853541416566625,0.3373303264571293,50,0.19692677070828332
Myl9,0.3782472989195678,0.0067609255368977815,50,0.32763505402160864
Mylk,0.3103481392557023,0.02827403726032926,50,0.2781752701080432
Myo10,-0.27442977190876344,0.05377585229444818,50,-0.23073229291716685
Myo16,0.34511404561824727,0.014106760905428171,50,0.3939015606242497
Myo18a,0.23092436974789915,0.10664173994718142,50,0.19817527010804323
Myo1b,-0.2815366146458584,0.047627422219077946,50,-0.19241296518607443
Myo1c,-0.06929171668667466,0.6325440312455953,50,-0.07150060024009604
Myo1d,-0.20403361344537815,0.15524554069615865,50,-0.3104441776710684
Myo1e,-0.0575750300120048,0.6912572031570278,50,-0.023097238895558224
Myo1f,-0.14477791116446578,0.3157938453706833,50,-0.21046818727490996
Myo5a,0.1595716584291501,0.2683310769963822,50,0.24984993644503997
Myo5b,0.051908763505402154,0.7203372151545954,50,0.1483313325330132
Myo6,-0.04883553421368547,0.7362779963744167,50,-0.14141656662665067
Myo9a,0.23822328931572626,0.09571981087129511,50,0.3501080432172869
Myo9b,0.010708283313325332,0.9411648219534628,50,-0.030492196878751498
Myof,0.2361161133000695,0.09877981411903865,50,0.30560157515591674
Myorg,-0.004081632653061224,0.9775571843853882,50,-0.05046818727490996
Myrip,-0.00907563025210084,0.9501228647604613,50,-0.06487394957983193
Myt1l,0.16100840336134453,0.26398913656643963,50,0.19097238895558222
Mzt2b,0.2946938775510204,0.0377574857333874,50,0.19337334933973588
N4bp1,0.16648259303721488,0.2478773657410322,50,0.13267707082833133
N4bp2l1,0.07966386554621849,0.5823631470805782,50,0.027418967587034812
N4bp2l2,0.1507322929171669,0.29608556236980277,50,0.1899159663865546
N4bp3,-0.03212484993997599,0.8247275542956559,50,0.07822328931572628
Naa10,-0.005714285714285714,0.9685839099521202,50,0.019927971188475387
Naa15,-0.045474189675870344,0.7538397485818784,50,0.04028811524609843
Naa16,0.16110444177671068,0.2637005848294606,50,0.1951020408163265
Naa20,-0.0966626650660264,0.5042696916034142,50,-0.21488595438175268
Naa25,-0.09080432172869149,0.5305667571451648,50,-0.161968787515006
Naa30,-0.14737094837935172,0.3071109860724217,50,-0.09915966386554621
Naa35,0.11260504201680673,0.43622728373592484,50,0.07294117647058823
Naa38,0.07342136854741896,0.6123505611049063,50,-0.02156062424969988
Naa50,0.015414165666266506,0.9153887061173894,50,-0.029531812725090034
Naa80,0.16417767106842737,0.2545780871956436,50,0.30804321728691475
Naaa,0.24753901560624247,0.08306357021845677,50,0.21354141656662667
Nab1,0.1365186074429772,0.34447905366250436,50,0.1173109243697479
Nab2,0.10981992797118847,0.4477306584374778,50,-0.07697478991596637
Nabp2,-0.03078031212484994,0.831954986737294,50,-0.10396158463385353
Naca,-0.08993997599039616,0.5345029055740002,50,-0.20989195678271308
Nacad,-0.00773109243697479,0.957504711384272,50,-0.05046818727490996
Nacc1,0.20489795918367346,0.15346556701536493,50,0.05805522208883554
Nacc2,-0.10444177671068428,0.4704092302099473,50,-0.1504441776710684
Nadk,-0.057094837935174066,0.6937052717869107,50,-0.0019687875150060023
Nadk2,0.19846338535414165,0.16708193665449922,50,0.08292917166866745
Nadsyn1,0.011668667466986795,0.9358986792620421,50,-0.12691476590636253
Nae1,0.008883553421368545,0.9511771749067408,50,0.08321728691476589
Naf1,0.283265306122449,0.04622184501188203,50,0.2401440576230492
Naga,-0.19174069627851137,0.18222537961031418,50,-0.1307563025210084
Nagk,-0.02674669867947179,0.8537176771711391,50,0.014357743097238897
Naglu,-0.12220888355342135,0.39785064632490746,50,-0.19423769507803118
Nalcn,0.05402160864345738,0.7094453488485954,50,0.0857142857142857
Nampt,0.2712605042016807,0.056717141979143786,50,0.3500120048019208
Nanp,0.04633853541416567,0.7493116765230454,50,0.06573829531812725
Nans,-0.02040816326530612,0.8881289642599213,50,-0.09647058823529413
Nap1l1,0.1201920768307323,0.40574184486393966,50,0.0398079231692677
Nap1l2,0.10040816326530612,0.48781292079050914,50,0.16100840336134453
Nap1l3,0.15466986794717885,0.28350049578454267,50,0.17234093637454984
Nap1l4,-0.05104441776710684,0.7248090119713183,50,-0.041344537815126044
Nap1l5,0.3805522208883553,0.006405673860716053,50,0.5139495798319328
Napa,0.17166866746698678,0.23324081228599539,50,0.16148859543817526
Napb,0.10338535414165667,0.4749349791129629,50,0.03923169267707083
Napepld,0.10535667125896939,0.46650850440030217,50,0.03865639032063371
Napg,0.011716967997806986,0.9356338993602563,50,0.07985594237695079
Naprt,-0.008211284513805522,0.9548679004768095,50,0.11577430972388955
Narf,-0.1766626650660264,0.21971795555549883,50,-0.17032412965186072
Nars1,0.10943577430972388,0.4493303227931961,50,0.061224489795918366
Nars2,0.07294117647058823,0.6146844227987611,50,0.033277310924369745
Nasp,-0.06756302521008403,0.6410776665565249,50,0.1413205282112845
Nat1,-0.0005282112845138055,0.9970952708744708,50,-0.0860984393757503
Nat10,-0.2578151260504202,0.07066685971576522,50,-0.26280912364945974
Nat14,-0.11971188475390157,0.40763395568289224,50,-0.06890756302521008
Nat8f1,-0.039615846338535404,0.7847391830472042,50,-0.15563025210084033
Nat8l,-0.05997599039615846,0.6790641281788056,50,-0.01915966386554622
Nat9,0.1373829531812725,0.34140393033004296,50,0.16811524609843936
Natd1,-0.22535414165666265,0.11560160535136979,50,-0.22122448979591836
Nav1,-0.07255702280912364,0.6165542371589667,50,-0.21200480192076832
Nav2,-0.1592797118847539,0.2692191322554054,50,-0.24072028811524607
Nav3,0.2869147659063625,0.043365470010532536,50,0.17503001200480192
Naxd,-0.049603841536614644,0.7322821803116044,50,-0.06890756302521008
Naxe,0.07755102040816325,0.5924382718268313,50,0.24936374549819929
Nbas,-0.015414165666266506,0.9153887061173894,50,-0.04912364945978391
Nbeal1,-0.0792797118847539,0.5841892151915156,50,-0.03654261704681872
Nbn,0.032220888355342134,0.8242118518362515,50,-0.02040816326530612
Nbr1,-0.08974789915966387,0.535379538886014,50,0.011380552220888355
Ncald,0.07265306122448979,0.6160865570949562,50,0.11663865546218487
Ncam1,0.0182953181272509,0.8996481427769628,50,0.031164465786314523
Ncam2,-0.05997599039615846,0.6790641281788056,50,-0.1367106842737095
Ncan,-0.1295078031212485,0.3700501614870819,50,-0.16081632653061223
Ncbp1,0.07591836734693877,0.6002762000240179,50,-0.1201920768307323
Ncbp2,0.014069627851140454,0.9227456830202393,50,0.044129651860744294
Ncbp3,0.1407442977190876,0.3296075548569894,50,0.014261704681872748
Nccrp1,0.1510204081632653,0.2951526174669431,50,0.09877551020408162
Ncdn,-0.04710684273709483,0.7452937314362832,50,-0.11298919567827131
Nceh1,-0.1171188475390156,0.4179389954272032,50,-0.14554621848739496
Ncf1,0.200292924257594,0.16312403461873806,50,0.23265306122448978
Ncf2,-0.312172869147659,0.02731105081561385,50,-0.2936374549819928
Nck1,-0.0932555403759884,0.5194822214792254,50,0.03006074576486547
Nck2,0.08225690276110444,0.5701052525423822,50,0.11270108043217285
Nckap1,-0.13575030012004802,0.3472268155866828,50,-0.07140456182472989
Nckap1l,-0.17915966386554621,0.2131649700327737,50,-0.14141656662665067
Nckap5l,-0.03174069627851141,0.826791094735132,50,0.032220888355342134
Nckipsd,0.11476866194573238,0.4274059402375178,50,0.0473000552370487
Ncl,0.13200797141791562,0.36080305759851533,50,0.2199812721227615
Ncln,0.023385354141656663,0.8719366881451378,50,0.11116446578631452
Ncoa1,0.2566626650660264,0.07197926434296789,50,0.23140456182472988
Ncoa2,-0.061224489795918366,0.672755485105491,50,-0.22026410564225687
Ncoa3,0.018391356542617046,0.8991240812196292,50,0.07217286914765905
Ncoa5,0.08744297719087635,0.5459535436144716,50,0.07812725090036014
Ncoa6,0.2265066026410564,0.11370236094543207,50,0.029435774309723887
Ncoa7,0.19097238895558222,0.18401684048726744,50,0.26232893157262904
Ncor1,0.22362545018007202,0.1184956263697056,50,0.13555822328931572
Ncor2,0.20057623049219686,0.1625173225858125,50,0.1582232893157263
Ncs1,-0.0482604624499837,0.7392733650370498,50,-0.05959183673469387
Ncstn,0.05286914765906363,0.715379400371927,50,0.04326530612244897
Ndc1,0.11942376950780313,0.4087716624167726,50,0.2173829531812725
Nde1,-0.1630252100840336,0.2579737805941781,50,-0.1822328931572629
Ndel1,-0.07505402160864347,0.6044439864509824,50,-0.06256902761104441
Ndfip1,0.04364945978391356,0.7634258044868907,50,0.13911164465786313
Ndfip2,0.14698679471788717,0.308387580548175,50,0.1497719087635054
Ndn,0.21046818727490996,0.14235356219922915,50,0.24792316926770705
Ndor1,-0.10040816326530612,0.48781292079050914,50,-0.05027611044417767
Ndrg1,0.017334933973589435,0.9048910526777013,50,-0.06650660264105641
Ndrg2,0.10799519807923168,0.45535693461547877,50,0.04998799519807923
Ndrg4,0.253781512605042,0.07534492016728635,50,0.25214885954381755
Ndst1,-0.07198079231692676,0.6193634774620391,50,-0.11106842737094838
Ndufa1,-0.31198079231692677,0.02741110970511577,50,0.00552220888355342
Ndufa10,-0.19452581032412963,0.1758363595790261,50,-0.13584633853541417
Ndufa11,-0.07889555822328932,0.5860178595409992,50,-0.11154861944777912
Ndufa12,-0.09887154861944776,0.49453026557183105,50,-0.09253301320528211
Ndufa13,-0.1388235294117647,0.33631667236623025,50,-0.2664585834333733
Ndufa2,-0.022232893157262904,0.8781988742686199,50,-0.020504201680672268
Ndufa3,0.14352941176470588,0.3200295984361328,50,0.1361344537815126
Ndufa4,-0.057382953181272504,0.692236057246644,50,0.06103241296518607
Ndufa5,0.0387515006002401,0.7893273335649745,50,0.09320528211284512
Ndufa6,-0.023241854553026978,0.8727160136997459,50,-0.0466277701879942
Ndufa7,-0.1710924369747899,0.23483712233002998,50,-0.16945978391356542
Ndufa8,-0.37575932206081836,0.007163512439763153,50,-0.2526831377231983
Ndufa9,-0.012148859543817525,0.933266611913471,50,0.12653061224489795
Ndufab1,-0.008979591836734692,0.9506500093767046,50,-0.12941176470588234
Ndufaf1,0.03289315726290516,0.8206040037107419,50,-0.1624489795918367
Ndufaf2,0.044129651860744294,0.7608996852480964,50,0.045570228091236495
Ndufaf3,-0.07860744297719087,0.5873910280279689,50,0.02463385354141657
Ndufaf4,0.19116446578631452,0.18356779599920445,50,0.1845378151260504
Ndufaf5,-0.12144057623049219,0.400846196407491,50,-0.13027611044417767
Ndufaf6,-0.057382953181272504,0.692236057246644,50,-0.06737094837935174
Ndufaf7,0.2318847539015606,0.10515233778100337,50,0.21277310924369747
Ndufaf8,0.033949579831932766,0.8149419745024977,50,0.21373349339735895
Ndufb10,-0.23284513805522208,0.10367897324465024,50,-0.16465786314525807
Ndufb11,0.0013925904587557486,0.992341991368286,50,-0.052965186074429765
Ndufb2,0.19721488595438177,0.16982267494431666,50,0.2367827130852341
Ndufb3,-0.08158463385354141,0.5732717630013678,50,-0.08513805522208882
Ndufb4,0.15851140456182472,0.2715655271539118,50,0.2000960384153661
Ndufb5,0.05085234093637454,0.7258039863695547,50,0.08206482593037215
Ndufb6,-0.08696278511404561,0.5481690113286253,50,-0.030588235294117645
Ndufb7,0.00773109243697479,0.957504711384272,50,-0.15630252100840333
Ndufb8,-0.13795918367346938,0.33936333202859625,50,-0.2936374549819928
Ndufb9,0.001680672268907563,0.9907578604310985,50,0.05162064825930372
Ndufc1,-0.07255702280912364,0.6165542371589667,50,-0.16523409363745495
Ndufc2,-0.027515006002400956,0.8495635659967954,50,0.06996398559423768
Ndufs1,-0.16470983701835235,0.2530202833846514,50,-0.36028811524609844
Ndufs2,-0.15601440576230494,0.2792847421484152,50,-0.2062424969987995
Ndufs3,-0.18482593037214884,0.1988046228303781,50,-0.16388955582232892
Ndufs4,-0.0617046818727491,0.6703349815701655,50,0.0426890756302521
Ndufs5,-0.06141656662665066,0.6717868879292382,50,0.037022809123649456
Ndufs7,-0.14929171668667465,0.3007789235494369,50,-0.04701080432172868
Ndufs8,-0.18195351517479832,0.20599630491963097,50,-0.01863189993093898
Ndufv1,-0.20154145363440956,0.16046263339025724,50,-0.1543817527010804
Ndufv2,-0.37997599039615837,0.006492926915350463,50,-0.2803841536614646
Ndufv3,0.17176470588235296,0.23297548677972918,50,0.07553421368547418
Neb,0.12345738295318126,0.3930108411216804,50,0.004657863145258102
Nebl,0.10146458583433372,0.48322255856282165,50,0.008019207683073229
Necab1,0.18098439375750297,0.20846347621627592,50,0.2051860744297719
Necab2,0.09243697478991596,0.5231709037211599,50,0.08024009603841536
Necap1,0.023193277310924368,0.8729798568310736,50,0.018487394957983194
Necap2,-0.30536147335268293,0.031051170086547772,50,-0.23438175270108041
Nectin1,0.17589435774309725,0.2217621251769668,50,0.10703481392557021
Nectin2,0.04163265306122449,0.7740618781921108,50,-0.029531812725090034
Nectin3,0.16840336134453782,0.242385536409115,50,0.15178871548619446
Nedd1,0.08926770708283314,0.5375741872301489,50,0.20710684273709484
Nedd4,-0.13421368547418966,0.3527627156843771,50,-0.11164465786314526
Nedd4l,-0.31851140456182475,0.02417621542284746,50,-0.11971188475390157
Nedd8,0.05891956782713085,0.6844192893342099,50,-0.009555822328931571
Nedd9,0.14343337334933973,0.32035690873689926,50,0.21440576230492195
Nefh,0.29411764705882354,0.038151291199918634,50,0.2963265306122449
Nefl,0.2067226890756302,0.1497572690297217,50,0.26549819927971186
Nefm,0.2573349339735894,0.0712113664567031,50,0.2731812725090036
Negr1,0.004273709483793517,0.9765013409868725,50,-0.0013925570228091237
Nek1,-0.08974789915966387,0.535379538886014,50,-0.13373349339735893
Nek3,0.18857142857142856,0.1896964732717917,50,0.14737094837935172
Nek4,0.2167106842737095,0.13062403165117062,50,0.31851140456182475
Nek6,0.03683073229291716,0.7995483749133704,50,0.05104441776710684
Nek7,-0.026266506602641054,0.8563160000574715,50,0.014165666266506602
Nek9,-0.021080432172869146,0.8844684492089908,50,0.007827130852340937
Nelfa,-0.07639855942376951,0.5979662154937561,50,-0.02463385354141657
Nelfb,-0.06352941176470588,0.6611674319092691,50,-0.04460984393757503
Nelfcd,0.22064825930372148,0.12360826820453572,50,0.16993997599039612
Nelfe,0.025498199279711888,0.8604764442929573,50,-0.028667466986794718
Nell1,0.05555822328931572,0.7015598094284042,50,0.085906362545018
Nell2,0.3061224489795918,0.030613273143265844,50,0.19279711884753903
Nenf,0.16052821128451378,0.2654350574590323,50,0.02809123649459784
Neo1,0.07812725090036014,0.5896828407810075,50,0.00878772599835524
Nes,0.12710684273709483,0.3790631974221934,50,0.19279711884753903
Neto1,0.1022328931572629,0.479898434338403,50,0.052004801920768305
Neto2,0.19097238895558222,0.18401684048726744,50,0.10127250900360144
Neu1,-0.007154861944777911,0.960669476486913,50,-0.06324129651860745
Neu2,0.2163265306122449,0.13132418827587233,50,0.2004801920768307
Neu3,-0.0030252100840336134,0.9833649557151009,50,0.07486194477791117
Neu4,0.04797118847539015,0.7407815550065097,50,0.07082833133253301
Neurl1,0.07447779111644658,0.6072294765845787,50,-0.12576230492196877
Neurl4,-0.05426300753082744,0.7082045250081345,50,-0.08100840336134453
Nexn,0.10713085234093636,0.45899394197797694,50,0.07207683073229292
Nf1,-0.13123649459783912,0.3636413393637242,50,-0.15025210084033613
Nf2,-0.16773109243697476,0.24429816958406525,50,-0.09483793517406962
Nfasc,0.0710204081632653,0.6240575126328836,50,-0.0168547418967587
Nfat5,0.24254501800720288,0.08967420824424917,50,0.19346938775510203
Nfatc2,0.023289315726290515,0.8724582456414803,50,-0.11250900360144059
Nfia,0.2803841536614646,0.048583656591702315,50,0.3603841536614646
Nfib,-0.06578789408604743,0.6498886007218613,50,-0.05795918367346939
Nfic,0.09474189675870348,0.5128176827143776,50,0.09320528211284512
Nfix,0.30506602641056424,0.03122257937359735,50,0.24043217286914764
Nfkb1,0.09070828331332531,0.5310034022284797,50,0.1707082833133253
Nfkb2,-0.19635054021608642,0.17173913175018168,50,-0.2297719087635054
Nfkbib,-0.02424969987995198,0.8672451225085609,50,-0.00043217286914765904
Nfkbie,0.09186074429771908,0.525775341566126,50,0.11577430972388955
Nfrkb,-0.04211284513805522,0.7715256708960064,50,-0.07860744297719087
Nfs1,0.1019952460136969,0.48092533602008336,50,0.05018007202881152
Nfu1,-0.07630252100840335,0.5984278995617137,50,0.0015846338535414166
Nfx1,-0.3319567827130852,0.018516029877282694,50,-0.30746698679471784
Nfxl1,0.14324129651860742,0.3210121648083788,50,0.03154861944777911
Nfyb,-0.07774309723889555,0.5915191594695827,50,0.0030252100840336134
Nfyc,-0.08350540216086433,0.564246113106247,50,-0.06698679471788715
Ngef,0.2288115246098439,0.10997536656785271,50,0.12048019207683074
Ngly1,-0.021176470588235297,0.8839457115687899,50,-0.003889555822328931
Ngrn,0.043841536614645855,0.7624150624431476,50,0.1632172869147659
Nhlrc1,0.2342857142857143,0.1014987784337142,50,0.25205282112845134
Nhlrc2,0.20691476590636257,0.14937080663844932,50,0.17426170468187277
Nhlrc3,-0.07879951980792316,0.586475422108195,50,-0.18578631452581032
Nhp2,0.041344537815126044,0.7755847261464184,50,-0.0052340936374549825
Nhsl1,-0.04797118847539015,0.7407815550065097,50,-0.08945978391356542
Niban1,0.04969987995198079,0.7317831946429013,50,-0.03692677070828331
Niban2,0.0885954381752701,0.5406540272994341,50,0.12941176470588234
Nicn1,0.21200480192076832,0.13939617341420016,50,0.18665066026410562
Nid1,-0.13891956782713086,0.3359792098334063,50,-0.11327731092436974
Nid2,-0.20364945978391355,0.15604149348152205,50,-0.1971188475390156
Nif3l1,0.014165666266506602,0.9222199650398092,50,-0.05219687875150059
Ninj1,0.08283313325330133,0.5673975453262576,50,0.04201680672268907
Ninj2,-0.33114840701998766,0.01882131306672772,50,-0.3917981225168329
Nipa1,-0.08734693877551021,0.5463962930194103,50,-0.11635054021608643
Nipal3,-0.10530612244897959,0.466723568539095,50,-0.01013205282112845
Nipbl,-0.09464585834333733,0.513246992952907,50,-0.1837695078031212
Nipsnap1,-0.029243697478991592,0.8402317555756762,50,-0.03078031212484994
Nipsnap2,0.13277310924369748,0.3580014312154613,50,0.12691476590636253
Nipsnap3b,-0.03894357743097239,0.7883071270565795,50,-0.09925570228091235
Nisch,-0.29594237695078035,0.03691571993267905,50,-0.20297719087635052
Nit1,0.2041296518607443,0.15504701970527107,50,0.27529411764705874
Nit2,0.07322929171668667,0.6132836505495756,50,0.060168067226890755
Nkain3,0.17690700862262684,0.21907060491494337,50,0.06718048454480319
Nkain4,0.253109243697479,0.07614786142151485,50,0.23975990396158461
Nkap,-0.15764705882352942,0.27422138532177265,50,0.036350540216086434
Nkd1,-0.03865546218487395,0.7898375681306562,50,-0.10242496998799519
Nkd2,-0.0974309723889556,0.5008709929602794,50,-0.08388955582232892
Nkiras1,0.06996566546231467,0.6292298168818174,50,0.09867947178871549
Nkiras2,-0.08801920768307324,0.5433006702649567,50,-0.09445378151260504
Nkrf,-0.03231692677070828,0.8236962228552467,50,-0.044897959183673466
Nktr,-0.0021608643457382954,0.9881174171729694,50,0.03587034813925571
Nle1,-0.1669627851140456,0.24649656967425387,50,-0.10309723889555823
Nlgn1,-0.0251140456182473,0.8625580807865763,50,-0.0710204081632653
Nlgn2,0.07438175270108043,0.6076942639520329,50,0.08984393757503001
Nlgn3,-0.14554621848739496,0.3132050313657808,50,-0.09944777911164465
Nlk,0.1714765906362545,0.23377208557308898,50,0.11923169267707083
Nln,0.1562064825930372,0.27868587923533067,50,0.1832893157262905
Nlrx1,0.17743097238895558,0.21768691775872978,50,0.20153661464585834
Nmb,0.1251860744297719,0.3863669167136145,50,0.1567827130852341
Nmd3,0.19481392557022806,0.17518477928606702,50,0.21104441776710686
Nme1,-0.02588235294117647,0.8583957461421866,50,-0.0956062424969988
Nme2,-0.045954381752701084,0.7513231301724004,50,-0.09800720288115244
Nme3,0.1032893157262905,0.4753475552493741,50,0.041344537815126044
Nme7,-0.026266506602641054,0.8563160000574715,50,-0.06967587034813925
Nmi,-0.15937575030012002,0.26892678323880426,50,-0.13565426170468187
Nmnat1,-0.005138055222088836,0.9717505649203921,50,-0.09771908763505403
Nmnat2,0.25930994749244973,0.06899296935952498,50,0.29959903007507294
Nmnat3,0.20912364945978393,0.14497932415054846,50,0.16187274909963983
Nmral1,0.03644657863145258,0.8015966387938372,50,-0.07966386554621849
Nmrk1,0.05786314525810324,0.689789858987514,50,0.03174069627851141
Nmt1,0.020600240096038412,0.8870828636422363,50,0.057478991596638655
Nmt2,0.16139255702280914,0.26283619411461034,50,0.18482593037214884
Nnt,0.2306362545018007,0.10709170281268111,50,0.3883313325330132
Nob1,-0.12432172869147658,0.3896805398051253,50,-0.13498199279711884
Noc2l,-0.02554683186407097,0.8602129826200036,50,-0.09608643457382952
Noct,0.07332533013205282,0.6128170298538621,50,0.010900360144057623
Nog,-0.05450180072028812,0.7069778323592292,50,-0.13680672268907562
Nol11,-0.14175610462920585,0.32610738356447366,50,0.1014190016859359
Nol3,-0.0010564479342284989,0.9941904395443959,50,0.12542918200931086
Nol4,0.02482593037214886,0.8641199156786887,50,-0.0809123649459784
Nol4l,0.23543817527010802,0.09978021413717464,50,0.13123649459783912
Nol6,0.17397358943577432,0.22693015407298248,50,0.08513805522208882
Nol7,0.14352941176470588,0.3200295984361328,50,0.14410564225690276
Nol8,-0.16581032412965185,0.2498192714884368,50,-0.060456182472989194
Nol9,0.020216086434573826,0.8891752536029512,50,0.04509003601440576
Nolc1,0.1789718841304371,0.21365296430023817,50,0.1827654926215303
Nom1,0.1142376950780312,0.42956138814340417,50,0.03990396158463385
Nomo1,-0.027611044417767107,0.849044583975611,50,0.05104441776710684
Nono,-0.27135654261704684,0.056626146291333994,50,-0.2936374549819928
Nop10,0.07044417767106842,0.6268810600035023,50,0.04451380552220888
Nop14,-0.03798319327731092,0.7934116423266137,50,0.009651860744297719
Nop16,0.26357743097238895,0.06438731781657149,50,0.26012004801920763
Nop2,-0.013877551020408161,0.9237972168124924,50,0.06823529411764705
Nop56,0.19951980792316923,0.16478810671305233,50,0.24321728691476588
Nop58,-0.10050420168067226,0.4873946758828289,50,-0.07611044417767106
Nos1,0.2965186074429772,0.036532465009757105,50,0.3098679471788715
Nos3,0.34876350540216083,0.013055934232779677,50,0.3774789915966386
Nosip,0.24024009603841537,0.09286036141846472,50,0.22986794717887157
Notch1,-0.16283313325330132,0.25854267247479906,50,-0.10962785114045617
Notch2,-0.013877551020408161,0.9237972168124924,50,-0.04355342136854741
Nova1,0.1798842709827253,0.21128919608216387,50,0.11990684053493461
Nova2,-0.21152460984393756,0.14031539485321917,50,-0.1006002400960384
Npc1,-0.25253301320528215,0.07684146241703783,50,-0.35932773109243693
Npc2,0.13344858223731812,0.3555391705876131,50,0.05891956782713085
Npdc1,-0.09032412965186075,0.5327517460057927,50,-0.09762304921968785
Npepl1,0.07524609843937576,0.6035167253438533,50,0.0672749099639856
Npepps,-0.08763505402160864,0.545068561888412,50,-0.028187274909963984
Nphp1,-0.03241296518607443,0.8231806675615939,50,0.11346938775510206
Nphp4,-0.07937575030012005,0.5837324562896088,50,-0.2578151260504202
Npl,0.05920768307322929,0.6829572528858294,50,-0.003889555822328931
Nploc4,-0.06593037214885954,0.6491796319767822,50,0.09954381752701079
Npm1,-0.005714285714285714,0.9685839099521202,50,-0.12307322929171667
Nppa,0.0712124849939976,0.6231175145698026,50,0.0060984393757503004
Npr1,0.1057863145258103,0.46468270311916715,50,0.0848499399759904
Npr2,0.19471788715486196,0.17540177858372744,50,0.2837454981992797
Nprl2,-0.053061224489795916,0.7143892233249539,50,-0.10818727490996398
Nprl3,-0.15226890756302522,0.2911319135391638,50,-0.17522208883553422
Nptn,0.05258103241296518,0.7168655353747643,50,0.05594237695078031
Nptx1,0.22056281239415484,0.1237574261040267,50,0.21104441776710686
Nptx2,0.06775510204081632,0.6401271870153562,50,0.10242496998799519
Nptxr,-0.019543817527010805,0.8928387273266257,50,0.11913565426170468
Npy,-0.1249939975990396,0.3871018342489888,50,-0.08600240096038414
Npy1r,-0.17291716686674669,0.229807744460712,50,-0.3086194477791116
Npy5r,0.02396158463385354,0.8688084828221523,50,0.15140456182472986
Nqo1,-0.15860744297719087,0.2712714884666112,50,-0.16619447779111643
Nqo2,0.3619207683073229,0.009804712977804423,50,0.3592316926770708
Nr1d1,0.42559423769507804,0.002061295427621383,50,0.33867947178871544
Nr1d2,0.10184873949579833,0.4815589851045538,50,0.1545738295318127
Nr2c2,-0.051908763505402154,0.7203372151545954,50,0.18424969987995196
Nr2c2ap,0.17762304921968786,0.2171812073420406,50,0.17474189675870347
Nr2f1,0.14362545018007203,0.3197024999729488,50,0.12691476590636253
Nr2f2,0.17195678271308523,0.23244545784641193,50,0.30660264105642254
Nr2f6,0.10127250900360144,0.484055476875917,50,0.1006002400960384
Nr3c1,0.2004801920768307,0.16272280785347154,50,0.2557022809123649
Nr4a3,0.2661704681872749,0.06171104726876749,50,0.20614645858343336
Nradd,-0.11394957983193275,0.43073354017375876,50,-0.03990396158463385
Nras,-0.008403361344537815,0.9538133084615882,50,0.08561824729891956
Nrbf2,0.1266266506602641,0.3808813693262309,50,0.09608643457382952
Nrbp1,-0.11298919567827131,0.4346536656246409,50,-0.17829531812725088
Nrbp2,-0.02665066026410564,0.8542372197436355,50,-0.05094837935174069
Nrcam,0.1015150424072294,0.48300388467987143,50,0.19827606911043055
Nrdc,0.2684753901560624,0.059407675588626196,50,0.1832893157262905
Nrde2,0.0182953181272509,0.8996481427769628,50,-0.04172869147659064
Nrf1,0.1797358943577431,0.21167235114533764,50,0.2692436974789916
Nrg2,-0.06324129651860745,0.6626117149647571,50,-0.011380552220888355
Nrg3,-0.011956782713085232,0.9343193556460773,50,0.02127250900360144
Nrgn,0.04441776710684273,0.7593851958109286,50,0.030492196878751498
Nrip2,0.19164465786314525,0.18244862470010928,50,0.19462184873949578
Nrip3,0.17656662665066022,0.21997275812295494,50,0.1119327731092437
Nrn1,0.01531812725090036,0.9159139790947153,50,0.05891956782713085
Nrp1,0.06410564225690277,0.6582825317229156,50,0.05997599039615846
Nrp2,0.20422569027611043,0.15484868543635935,50,0.2277551020408163
Nrsn1,-0.3098679471788715,0.02853211059959872,50,-0.28220888355342133
Nrxn1,0.021176470588235297,0.8839457115687899,50,-0.04403361344537814
Nrxn2,-0.06429771908763504,0.6573219894558269,50,0.0024489795918367346
Nrxn3,-0.045858343337334934,0.7518262499368317,50,-0.07889555822328932
Nsa2,0.042881152460984395,0.7674726631844364,50,0.010516206482593037
Nsd1,0.07707082833133252,0.5947388231105694,50,0.004465786314525811
Nsd2,-0.1226890756302521,0.3959850809429432,50,0.050756302521008406
Nsd3,0.08638655462184873,0.5508332370123856,50,-0.005810324129651861
Nsdhl,0.03817527010804322,0.7923900459710469,50,0.1832893157262905
Nsf,0.13334933973589436,0.35590028344525193,50,0.15274909963985592
Nsfl1c,0.28029484509507946,0.04865840581332165,50,0.3736464261923613
Nsg1,-0.0728451380552221,0.6151516497621463,50,-0.14036014405762304
Nsg2,-0.21949579831932772,0.12563150073906193,50,-0.21315726290516207
Nsmaf,-0.08773109243697479,0.5446263298171021,50,-0.05248499399759904
Nsmce1,-0.007058823529411764,0.9611969970014109,50,-0.06977190876350539
Nsmce2,0.2355342136854742,0.09963802115508529,50,0.24638655462184872
Nsmf,-0.0028331332533013207,0.984421014611148,50,-0.0617046818727491
Nsrp1,-0.1201920768307323,0.40574184486393966,50,-0.1119327731092437
Nsun2,0.07745498199279711,0.5928980657558349,50,0.07255702280912364
Nsun4,-0.0642016806722689,0.6578021921982875,50,-0.006002400960384154
Nsun6,-0.08897959183673469,0.5388930731522071,50,-0.017334933973589435
Nt5c,0.08273709483793518,0.5678484153969561,50,0.10559423769507804
Nt5c1a,0.05939975990396158,0.6819832009828575,50,0.06813925570228091
Nt5c2,-0.04220888355342137,0.7710187121217909,50,-0.066890756302521
Nt5c3a,0.12835534213685473,0.37436021185850976,50,0.036350540216086434
Nt5c3b,0.11558223289315725,0.4241151327669407,50,0.135078031212485
Nt5dc2,0.2058583433373349,0.1515054931930771,50,0.2805762304921969
Nt5dc3,0.22391356542617047,0.11800950720387052,50,0.2238175270108043
Nt5e,-0.016470588235294115,0.9096131131071888,50,-0.04835534213685474
Nt5m,0.060072028811524604,0.6785780674684071,50,-0.047202881152460976
Ntan1,0.18770708283313325,0.19177144030035298,50,0.06093637454981993
Ntaq1,-0.09675870348139255,0.5038442110912843,50,-0.30343337334933973
Ntm,0.15351740696278512,0.2871470442113454,50,0.1733973589435774
Ntmt1,0.015894357743097238,0.9127628822867415,50,-0.10665066026410563
Ntn1,0.4363505402160864,0.0015357438265357032,50,0.2697238895558223
Ntn3,-0.10261704681872749,0.47824091238180755,50,-0.131140456182473
Ntng1,0.01042016806722689,0.9427451608408816,50,0.15966386554621848
Ntng2,0.25387755102040815,0.07523076263416291,50,0.1845378151260504
Ntpcr,0.20182472989195677,0.15986324196287502,50,0.11519807923169266
Ntrk2,0.12528211284513804,0.3859997674322132,50,0.01819927971188475
Ntrk3,0.08494597839135654,0.5575206625370219,50,0.12825930372148858
Nts,0.3831452581032413,0.006025553251522967,50,0.2710684273709484
Ntsr2,-0.0009123649459783913,0.994982761888243,50,-0.09915966386554621
Nuak1,0.33032412965186075,0.019136979642535138,50,0.3025690276110444
Nub1,0.3508763505402161,0.012478760487536466,50,0.33474189675870347
Nubp1,-0.1287425868939366,0.3729086266456922,50,-0.07255702280912364
Nubp2,0.022232893157262904,0.8781988742686199,50,0.037791116446578635
Nubpl,-0.011188475390156062,0.9385314251981255,50,-0.06602641056422569
Nucb1,-0.0910924369747899,0.5292578818589984,50,-0.17531812725090035
Nucb2,0.09858343337334932,0.4957950768954383,50,0.04172869147659064
Nucks1,-0.09925570228091235,0.4928464528193353,50,-0.003889555822328931
Nudc,0.2037454981992797,0.1558422248019367,50,0.2394717887154862
Nudcd1,-0.029435774309723887,0.8391962043065057,50,-0.11606242496998799
Nudcd2,0.4174309723889556,0.002561056561511124,50,0.36470588235294116
Nudcd3,-0.0860984393757503,0.552167659149883,50,-0.241968787515006
Nudt1,-0.24043217286914764,0.09259153383449455,50,-0.10943577430972388
Nudt12,-0.1415126050420168,0.32694758287613956,50,-0.1787755102040816
Nudt13,-0.07803121248499399,0.5901416818413918,50,0.03807923169267707
Nudt14,0.03884753901560624,0.7888171864728192,50,0.14765906362545017
Nudt15,-0.007539015606242497,0.9585595634091832,50,-0.029531812725090034
Nudt16,-0.11759903961584633,0.41601952687275934,50,-0.12336134453781511
Nudt16l1,0.022232893157262904,0.8781988742686199,50,0.15361344537815122
Nudt18,-0.02156062424969988,0.8818552524140807,50,0.04451380552220888
Nudt19,-0.02463385354141657,0.8651614250124656,50,0.01474189675870348
Nudt2,-0.27567827130852335,0.05265156272690195,50,-0.1307563025210084
Nudt21,-0.14612244897959184,0.31127232542051414,50,-0.14160864345738294
Nudt3,-0.02040816326530612,0.8881289642599213,50,-0.08667466986794717
Nudt4,0.28220888355342133,0.04707673058678545,50,0.3785354141656663
Nudt5,0.22833133253301321,0.11074401046931098,50,-0.001680672268907563
Nudt9,-0.053829531812725095,0.710433184072419,50,0.07505402160864347
Nufip2,-0.07553421368547418,0.6021269961462214,50,0.06909963985594238
Numa1,0.10914765906362545,0.4505321280735541,50,0.07774309723889555
Numb,-0.26175270108043214,0.0663256252101835,50,-0.1655222088835534
Numbl,0.036350540216086434,0.8021089117393996,50,0.12345738295318126
Nup107,0.1221128451380552,0.39822437393950577,50,0.06535414165666266
Nup133,0.03145258103241296,0.8283395113361828,50,0.025498199279711888
Nup153,-0.07159663865546219,0.6212393025069451,50,0.013589435774309724
Nup155,-0.318703481392557,0.024086147344095577,50,-0.2745258103241296
Nup160,-0.11010804321728691,0.44653296997788217,50,-0.1226890756302521
Nup188,-0.2751020408163265,0.05316807849876855,50,-0.3048739495798319
Nup205,-0.03097238895558223,0.8309216389451998,50,-0.16081632653061223
Nup210,0.14122448979591837,0.3279434859681821,50,0.20825930372148857
Nup214,0.062184873949579826,0.6679177874859943,50,0.07639855942376951
Nup35,-0.16926770708283315,0.23994145774678127,50,-0.18146458583433375
Nup37,-0.049315726290516206,0.7337797943319674,50,-0.009459783913565426
Nup43,0.11135654261704682,0.44136344309390074,50,0.17906362545018004
Nup50,-0.00014405762304921967,0.9992077995790674,50,0.12998799519807921
Nup54,-0.01042016806722689,0.9427451608408816,50,0.03903961584633854
Nup58,-0.07716686674669868,0.5942783968149362,50,-0.07428571428571429
Nup62,-0.020792316926770707,0.8860369534931125,50,-0.011764705882352943
Nup85,0.26069627851140453,0.06746890137077693,50,0.05334933973589436
Nup88,0.0182953181272509,0.8996481427769628,50,0.03683073229291716
Nup93,-0.11126050420168068,0.44175991649739177,50,0.0014885954381752698
Nup98,0.06381752701080431,0.6597243693147454,50,0.2266986794717887
Nupl2,-0.002064825930372149,0.9886454966383466,50,0.08436974789915966
Nutf2,0.21978391356542618,0.12512336580667024,50,0.23322929171668666
Nwd2,0.26857142857142857,0.05931322187980089,50,0.22986794717887157
Nxf1,-0.12595438175270107,0.38343550393189074,50,-0.021368547418967588
Nxn,0.2405282112845138,0.09245734713334676,50,0.1185594237695078
Nxph1,-0.08917166866746698,0.538013641370765,50,-0.1328691476590636
Nxph3,-0.20576230492196879,0.1517006655440412,50,-0.1636014405762305
Nxt1,0.2802881152460984,0.048664042328694083,50,0.05315726290516206
Nyap1,0.123937575030012,0.3911586168237426,50,-0.02914765906362545
Nyap2,-0.05142857142857142,0.7228204140977085,50,-0.12422569027611044
Oaf,-0.10482593037214885,0.468769240075497,50,-0.12633853541416568
Oard1,-0.1756062424969988,0.22253207915886813,50,-0.1505402160864346
Oat,0.037791116446578635,0.7944335820847725,50,0.025210084033613446
Obi1,0.14343337334933973,0.32035690873689926,50,0.07582232893157262
Ociad1,-0.1925090036014406,0.18044647770914118,50,-0.17186074429771905
Ociad2,0.1675390156062425,0.24484651565900284,50,0.07006002400960383
Ocln,0.2876830732292917,0.04278292115341629,50,0.18981992797118846
Ocm,-0.09618247298919569,0.5063998437393995,50,-0.09195678271308522
Ocrl,0.312172869147659,0.02731105081561385,50,0.3812244897959184
Odf2,-0.047202881152460976,0.7447919572730598,50,-0.13843937575030013
Odr4,0.006866911572485243,0.9622511814713284,50,0.06871548619447777
Oga,0.3209680905628767,0.02304530288344816,50,0.21949579831932772
Ogdh,-0.09925570228091235,0.4928464528193353,50,-0.08043217286914765
Ogdhl,0.0561344537815126,0.6986106850585555,50,0.10722689075630251
Ogfod1,0.021128958684569977,0.8842043130290712,50,0.08677070828331333
Ogfod2,-0.2934453781512605,0.03861499831098254,50,-0.06804321728691476
Ogfod3,0.15207683073229292,0.29174815062300696,50,0.10962785114045617
Ogfr,0.2958534419446265,0.03697516548766515,50,0.22074429771908766
Ogfrl1,-0.09195678271308522,0.5253408232325502,50,-0.1156782713085234
Ogn,0.11356542617046818,0.43229920121020293,50,0.08888355342136854
Ogt,0.033661464585834334,0.8164852492044423,50,0.046530612244897955
Ola1,0.0923409363745498,0.5236045309500681,50,-0.037695078031212484
Olfm1,0.10703481392557021,0.4593990245177137,50,0.06545018007202881
Olfm2,0.2306362545018007,0.10709170281268111,50,0.23572629051620647
Olfm3,-0.1987515006002401,0.16645405540819508,50,-0.15486194477791115
Olfml1,0.08360144057623049,0.5637965755719512,50,-0.02156062424969988
Olfml3,0.0956062424969988,0.5089620611971777,50,0.05219687875150059
Olig1,-0.00043217286914765904,0.9976234017621981,50,0.10300120048019207
Olig2,0.04019207683073229,0.7816844250494279,50,0.054981992797118844
Oma1,0.31390156062424973,0.02642417570970003,50,0.23755102040816325
Omg,0.028283313325330132,0.8454134955287829,50,0.11010804321728691
Opa1,-0.03721488595438175,0.7975014454969093,50,-0.09406962785114045
Opalin,-0.1169267707082833,0.41870819488172134,50,-0.14448979591836733
Opcml,0.1183673469387755,0.4129588830475173,50,-0.010516206482593037
Ophn1,-0.18261704681872748,0.20431898856696412,50,-0.15534213685474188
Oplah,-0.03174069627851141,0.826791094735132,50,-0.00907563025210084
Oprl1,0.07207683073229292,0.618894895331404,50,0.043073229291716676
Optn,0.3671068427370948,0.008730181571607407,50,0.3328211284513805
Orai2,-0.31150060024009607,0.0276625973159976,50,-0.33483793517406957
Orc3,-0.05094837935174069,0.725306443038003,50,-0.0052340936374549825
Orc4,-0.08043217286914765,0.5787187754727622,50,0.008979591836734692
Orc5,0.1837695078031212,0.201428637084075,50,0.037791116446578635
Ormdl3,-0.06151260504201681,0.6713027870504038,50,-0.019255702280912366
Os9,0.16120048019207683,0.26341224385635525,50,0.029435774309723887
Osbp,0.02674669867947179,0.8537176771711391,50,-0.08850152467196015
Osbp2,-0.05421368547418968,0.708457986394982,50,-0.15188475390156062
Osbpl10,0.14496998799519806,0.31514536995882747,50,0.03212484993997599
Osbpl11,-0.0035054021608643456,0.9807249358896529,50,-0.09282112845138055
Osbpl1a,0.07731278064126743,0.59357916025119,50,0.015126413603726234
Osbpl2,-0.04729891956782713,0.7442902879681722,50,-0.03894357743097239
Osbpl3,0.08561824729891956,0.554395105333952,50,0.08369747899159663
Osbpl5,0.2471548619447779,0.08355809990352847,50,0.2281392557022809
Osbpl6,-0.12816326530612243,0.3750814646200839,50,-0.07188475390156063
Osbpl7,-0.18146458583433375,0.20723843253027394,50,-0.10626650660264104
Osbpl8,0.12845138055222088,0.373999897152233,50,0.07361344537815126
Osbpl9,-0.054981992797118844,0.7045132935167626,50,-0.10376950780312125
Oscp1,-0.07879951980792316,0.586475422108195,50,0.0575750300120048
Osgep,-0.014645858343337334,0.9195918731388897,50,-0.07150060024009604
Osgepl1,0.02175270108043217,0.8808103207234205,50,-0.11577430972388955
Ostc,-0.1545738295318127,0.28380320947634197,50,-0.14016806722689074
Ostf1,-0.15082833133253298,0.29577436862597856,50,-0.060264105642256906
Ostm1,0.0993517406962785,0.4924259650145456,50,-0.02156062424969988
Otof,0.0902280912364946,0.5331892722160607,50,0.12441776710684273
Otub1,0.014261704681872748,0.9216942799647057,50,0.3093877551020408
Otub2,0.03788715486194477,0.7939225693820167,50,0.05920768307322929
Otud4,0.08734693877551021,0.5463962930194103,50,-0.0010084033613445378
Otud6b,-0.03135654261704682,0.8288557940899515,50,-0.01944777911164466
Otud7a,0.07188475390156063,0.6198322093991521,50,0.04854741896758703
Otud7b,0.29536614645858345,0.037302284053007034,50,0.14324129651860742
Otulin,0.049460971466152456,0.7330246914554591,50,0.14842737094837935
Oxa1l,-0.08206482593037215,0.5710091453885509,50,-0.025306122448979586
Oxct1,0.10405762304921969,0.47205228334210264,50,0.08312124849939975
Oxnad1,-0.05450180072028812,0.7069778323592292,50,0.08273709483793518
Oxr1,0.13584633853541417,0.3468826088006764,50,0.09627851140456183
Oxsm,0.1237454981992797,0.3918988897737798,50,0.2192076830732293
Oxsr1,0.13277310924369748,0.3580014312154613,50,0.13046818727490997
Oxt,0.7039135654261703,1.1799793912786123e-08,50,0.6758703481392556
P2rx4,0.20873949579831932,0.1457360990896696,50,0.18540216086434572
P2rx7,0.12403361344537814,0.39078878888414914,50,0.10665066026410563
P2ry1,0.21056422569027608,0.14216736981273853,50,0.09032412965186075
P2ry12,0.2712605042016807,0.056717141979143786,50,0.16926770708283315
P4ha1,-0.09570228091236495,0.5085345686643504,50,-0.07150060024009604
P4ha2,0.09378151260504201,0.5171189242018245,50,0.08600240096038414
P4hb,0.061896758703481394,0.6693677056031839,50,0.09896758703481391
P4htm,0.07616029198574542,0.5991119226432587,50,0.12807030184488213
Pa2g4,0.01781512605042017,0.9022690817725499,50,-0.09752701080432173
Pabpc1,0.031260504201680674,0.8293721484376042,50,0.002352941176470588
Pabpc4,0.08254501800720286,0.5687506533002326,50,0.05901560624249699
Pabpn1,0.062184873949579826,0.6679177874859943,50,0.09032412965186075
Pacc1,0.052292917166866744,0.7183527092577802,50,0.08379351740696277
Pacs1,-0.12864345738295319,0.3732798912926261,50,-0.07591836734693877
Pacs2,-0.04768307322929172,0.7422846631765018,50,0.03078031212484994
Pacsin1,-0.14573829531812724,0.3125599479084467,50,-0.03270108043217287
Pacsin2,0.1837695078031212,0.201428637084075,50,0.15399759903961585
Pacsin3,-0.028476073863522723,0.8443729317023119,50,-0.09584863985091291
Padi2,-0.06881152460984392,0.6349097988988524,50,-0.12979591836734694
Paf1,0.03078031212484994,0.831954986737294,50,0.03202881152460984
Pafah1b1,0.05968787515006002,0.6805230852255368,50,0.03442977190876351
Pafah1b2,0.08014405762304923,0.5800841984627959,50,0.05411764705882353
Pafah1b3,-0.008115246098439374,0.9553952252908573,50,-0.020120048019207682
Pafah2,-0.15803121248499397,0.2730388902522867,50,-0.13699879951980792
Pag1,-0.11135654261704682,0.44136344309390074,50,-0.12672268907563025
Paics,-0.029819927971188476,0.837125912035467,50,0.00312124849939976
Paip1,0.10165666266506602,0.48239039438149667,50,0.18549819927971187
Paip2,0.12960384153661464,0.36969234346578317,50,0.18396158463385354
Paip2b,-0.026554621848739496,0.8547568235322907,50,-0.13229291716686675
Pak1,0.07034813925570228,0.6273521677638412,50,0.04009603841536614
Pak1ip1,-0.06362545018007203,0.6606862752131101,50,-0.13872749099639856
Pak2,0.18137290216277457,0.2074719400703377,50,0.21267707082833132
Pak3,-0.06631452581032413,0.647269623377497,50,0.053637454981992794
Pak4,0.07486194477791117,0.6053718661538691,50,0.11452581032412965
Pak5,0.11279711884753903,0.4354400775517007,50,0.06823529411764705
Pak6,0.20797118847539015,0.1472584272135925,50,0.031164465786314523
Pald1,0.4909003601440575,0.00029511814214527155,50,0.2230492196878751
Palm,-0.1479471788715486,0.3052024577818456,50,-0.05114045618247299
Palm2,-0.011284513805522207,0.938004823056494,50,0.07495798319327732
Palm3,0.2179591836734694,0.12836788335815674,50,0.2163265306122449
Palmd,0.05987995198079231,0.6795503181579453,50,0.1574549819927971
Pals1,0.258391356542617,0.07001782171340484,50,0.2543577430972389
Pals2,0.13085234093637454,0.3650596792576869,50,-0.003793517406962785
Pam,-0.037118847539015606,0.7980130520295956,50,-0.024057623049219684
Pam16,0.2024969987995198,0.15844733587376408,50,0.1786794717887155
Pamr1,0.07169267707082833,0.6207701220760165,50,0.16379351740696277
Pan2,-0.08197075562400216,0.5714520709733427,50,0.003793608491093246
Pan3,0.16331332533013204,0.2571220199431806,50,0.07947178871548619
Pank1,0.011380552220888355,0.9374782471699071,50,-0.022424969987995196
Pank2,-0.18175270108043215,0.20650583894677063,50,-0.12153661464585833
Pank4,-0.06151260504201681,0.6713027870504038,50,-0.08763505402160864
Panx1,0.09829531812725088,0.49706155808489233,50,0.1630252100840336
Panx2,-0.10280912364945978,0.4774132891049011,50,-0.2543577430972389
Paox,-0.15611044417767103,0.2789852048598166,50,-0.055078031212484994
Papln,0.39783913565426166,0.004221290086955981,50,0.4442256902761105
Papola,-0.08763505402160864,0.545068561888412,50,0.004657863145258102
Papss1,0.0485485846138642,0.7377721449586413,50,0.07548800693669092
Papss2,0.12777911164465786,0.3765264623849276,50,0.08907563025210084
Paqr4,0.015510204081632653,0.9148634689164352,50,0.018775510204081632
Paqr8,0.08773109243697479,0.5446263298171021,50,-0.028475390156062427
Paqr9,0.1406482593037215,0.3299410030562696,50,0.3151500600240096
Pard3,0.3596158463385354,0.010317764116596588,50,0.22247298919567823
Pard6a,-0.03798319327731092,0.7934116423266137,50,-0.04211284513805522
Pard6b,0.28528211284513805,0.04462494150408549,50,0.2786554621848739
Parg,-0.17262905162064823,0.23059688426227976,50,-0.1507322929171669
Park7,0.15294117647058825,0.2889817627244347,50,0.12259303721488594
Parl,0.2068187274909964,0.1495639456140291,50,0.2584873949579832
Parm1,0.35414165666266506,0.011629823216863056,50,0.2673229291716686
Parn,-0.01906362545018007,0.8954568551591776,50,0.06506602641056422
Parp1,0.02396158463385354,0.8688084828221523,50,0.030492196878751498
Parp10,0.030876350540216087,0.8314382775692926,50,-0.0468187274909964
Parp12,0.04019207683073229,0.7816844250494279,50,0.15918367346938775
Parp14,-0.005426170468187274,0.9701671805023571,50,0.05085234093637454
Parp2,0.2270828331332533,0.11276170705793447,50,0.19375750300120048
Parp3,0.18424969987995196,0.2002328874502069,50,0.1996158463385354
Parp9,-0.3218727490996398,0.022640216095355502,50,-0.2901800720288115
Pars2,0.037118847539015606,0.7980130520295956,50,0.17157262905162063
Parva,0.20422569027611043,0.15484868543635935,50,0.24100840336134452
Parvb,0.07659063625450178,0.5970433176389746,50,0.08129651860744297
Patj,-0.07783913565426169,0.5910598413289536,50,0.11049219687875149
Patl1,0.028763505402160862,0.8428218018137286,50,0.06842737094837935
Pawr,0.13863145258103243,0.3369922306980507,50,0.17695078031212486
Paxbp1,-0.03683073229291716,0.7995483749133704,50,0.013781512605042016
Paxx,-0.015126050420168066,0.9169646314960526,50,-0.10232893157262904
Pbdc1,0.7306122448979592,1.7137244911750242e-09,50,0.6941176470588235
Pbld1,0.08657863145258103,0.5499444767025348,50,0.010996398559423769
Pbrm1,0.21690276110444176,0.13027500660345584,50,0.24110444177671067
Pbx1,0.26857142857142857,0.05931322187980089,50,0.2339015606242497
Pbxip1,0.13805522208883553,0.33902397036873677,50,0.12326530612244897
Pc,0.1210564225690276,0.40234887735594355,50,0.058727490996398554
Pcbd2,0.045954381752701084,0.7513231301724004,50,0.1171188475390156
Pcbp1,-0.0022569027611044415,0.9875893427487413,50,-0.014837935174069627
Pcbp2,-0.045474189675870344,0.7538397485818784,50,0.015990396158463382
Pcbp3,0.14852340936374547,0.30330156609218906,50,0.15601440576230494
Pcbp4,-0.04124849939975991,0.7760925281983944,50,-0.14372148859543818
Pcca,0.17906362545018004,0.21341445329928832,50,0.15447779111644658
Pccb,-0.07678271308523409,0.5961210477982914,50,-0.05181272509003601
Pcdh1,-0.004561824729891957,0.9749176512032458,50,-0.005330132052821128
Pcdh10,0.07044417767106842,0.6268810600035023,50,-0.07495798319327732
Pcdh17,0.10280912364945978,0.4774132891049011,50,0.07639855942376951
Pcdh19,0.2910444177671068,0.040309103611665925,50,0.31803121248499394
Pcdh20,0.32955582232893155,0.019435235173088344,50,0.30785114045618245
Pcdh7,-0.05939975990396158,0.6819832009828575,50,-0.05459783913565427
Pcdh8,0.014837935174069627,0.9185408729045358,50,-0.0846578631452581
Pcdh9,0.08048212444395292,0.5784821960157633,50,0.024682465372429473
Pcdhb14,-0.037695078031212484,0.7949446802314588,50,-0.0035054021608643456
Pcdhb16,0.33118847539015606,0.01880608147504176,50,0.3604801920768307
Pcdhb6l,0.5788715486194478,1.0639179353523624e-05,50,0.37546218487394956
Pcdhb9,0.03260504201680672,0.8221497788717119,50,0.047875150060024005
Pcdhga10,-0.08264105642256904,0.5682994514330523,50,0.08139255702280913
Pcdhga11,0.23159663865546215,0.1055974699468301,50,0.18876350540216086
Pcdhga3,0.04691476590636255,0.7462975935678408,50,-0.066890756302521
Pcdhga8,0.046530612244897955,0.7483065676552072,50,-0.0346218487394958
Pcdhga9,-0.07092436974789915,0.6245277341281963,50,-0.13680672268907562
Pcdhgb5,0.28364945978391354,0.045914133143652135,50,0.10876350540216086
Pcdhgb6,0.12422569027611044,0.3900497503252509,50,-0.023673469387755098
Pcdhgc3,-0.07937575030012005,0.5837324562896088,50,-0.06650660264105641
Pcf11,0.22343337334933971,0.1188205495201523,50,0.20058104642147453
Pcgf5,-0.006578631452581032,0.9638348418776679,50,0.031260504201680674
Pcid2,-0.24129651860744294,0.09138929013326061,50,-0.1253781512605042
Pcif1,0.26501800720288116,0.06288927948276712,50,0.27980792316926767
Pck2,-0.07505402160864347,0.6044439864509824,50,-0.10309723889555823
Pclo,0.13891956782713086,0.3359792098334063,50,0.16206482593037216
Pcm1,-0.07755102040816325,0.5924382718268313,50,-0.03442977190876351
Pcmt1,-0.052004801920768305,0.7198409170174129,50,-0.14141656662665067
Pcmtd1,-0.07313325330132053,0.6137504230402822,50,-0.10021608643457382
Pcmtd2,-0.12965497374622487,0.3695019210704176,50,-0.07212658169141842
Pcna,-0.1287394957983193,0.37292020022027506,50,0.013973589435774309
Pcnp,-0.01935174069627851,0.8938858443371016,50,0.04576230492196878
Pcnt,0.07582414946121817,0.6007298973873557,50,0.0572882902515727
Pcnx1,0.0586314525810324,0.685882471881642,50,-0.033949579831932766
Pcnx2,0.05152460984393757,0.7223235471625435,50,0.05421368547418968
Pcnx3,0.08888355342136854,0.5393330505492828,50,0.10396158463385353
Pcp4,0.32235294117647056,0.022427641610968704,50,0.26482593037214885
Pcp4l1,0.5089555822328932,0.00016047220350807204,50,0.47102040816326524
Pcsk1,-0.00907563025210084,0.9501228647604613,50,0.04076830732292917
Pcsk1n,0.028283313325330132,0.8454134955287829,50,-0.09915966386554621
Pcsk2,0.1266266506602641,0.3808813693262309,50,0.22074429771908766
Pcsk5,0.09157262905162064,0.5270799633389929,50,-0.009939975990396158
Pctp,-0.11327731092436974,0.43347553824281454,50,-0.04
Pcyox1,0.06093637454981993,0.6742093668352068,50,-0.034333733493397356
Pcyox1l,0.08129651860744297,0.5746313067554828,50,0.18607442977190874
Pcyt1a,0.2532052821128451,0.07603274352227156,50,0.3190876350540216
Pcyt1b,0.11231692677070829,0.4374095809590833,50,0.012917166866746698
Pcyt2,-0.03942376950780312,0.7857581521904028,50,0.05459783913565427
Pdap1,0.07793517406962785,0.5906006820717689,50,0.0251140456182473
Pdcd10,-0.3871788715486194,0.005473338809805915,50,-0.3048739495798319
Pdcd11,0.15899159663865545,0.27009744625198934,50,0.14506602641056424
Pdcd2,-0.13642256902761105,0.3448217871817177,50,-0.1859783913565426
Pdcd2l,-0.11010804321728691,0.44653296997788217,50,-0.08763505402160864
Pdcd4,-0.06319479461112293,0.6628449368657257,50,0.003985594237695078
Pdcd5,-0.031164465786314523,0.8298885741693174,50,-0.19635054021608642
Pdcd6,0.12921968787515006,0.3711248650349302,50,0.14103241296518607
Pdcd6ip,0.13171668667466988,0.361873115784249,50,0.1063625450180072
Pdcl,-0.08244897959183674,0.5692020208639987,50,-0.0009123649459783913
Pdcl3,0.35558223289315727,0.011271361393603671,50,0.29373349339735894
Pde10a,0.26799519807923167,0.05988175833114965,50,0.20883553421368548
Pde12,-0.10837935174069627,0.4537455442625736,50,-0.05920768307322929
Pde1a,-0.047587034813925566,0.7427859111260962,50,0.07860744297719087
Pde1b,0.32196878751500596,0.022597566109348457,50,0.2285234093637455
Pde1c,0.1499639855942377,0.298582748649281,50,0.08283313325330133
Pde2a,0.1695598934436741,0.23911907092151366,50,0.24855338670757776
Pde3a,-0.15841536614645857,0.2718597771294079,50,-0.18050420168067227
Pde4a,0.13123649459783912,0.3636413393637242,50,-0.011764705882352943
Pde4b,0.2637278206719507,0.06422960851685842,50,0.16989603596820133
Pde4d,-0.028283313325330132,0.8454134955287829,50,-0.0426890756302521
Pde4dip,-0.1083339336190679,0.45393589489351716,50,-0.04086434573829532
Pde5a,0.15217286914765904,0.29143992605739943,50,0.10991596638655461
Pde6d,-0.11250900360144059,0.4366211844911016,50,-0.11145258103241296
Pde7a,0.07947178871548619,0.5832758585435145,50,0.11846338535414166
Pde7b,0.2843217286914766,0.04537965857081292,50,0.2242016806722689
Pde8a,-0.24148859543817527,0.09112378227949472,50,-0.2741416566626651
Pde8b,0.29997599039615847,0.03430127092713461,50,0.24542617046818724
Pde9a,-0.05987995198079231,0.6795503181579453,50,-0.1201920768307323
Pdf,-0.2263145258103241,0.11401723829594788,50,-0.20201680672268904
Pdgfra,0.09464585834333733,0.513246992952907,50,0.07956782713085234
Pdgfrb,-0.043841536614645855,0.7624150624431476,50,-0.04163265306122449
Pdha1,-0.17099639855942375,0.2351039005315283,50,-0.27135654261704684
Pdhb,-0.5082833133253302,0.00016425484795766298,50,-0.5329651860744297
Pdhx,0.13805522208883553,0.33902397036873677,50,0.1756062424969988
Pdia3,-0.20211284513805522,0.15925529490958068,50,-0.27980792316926767
Pdia4,0.06112845138055222,0.6732399810589117,50,-0.18300120048019208
Pdia5,-0.006962785114045618,0.9617245339673098,50,-0.03442977190876351
Pdia6,-0.027418967587034812,0.8500826111544155,50,-0.0902280912364946
Pdk1,0.2041296518607443,0.15504701970527107,50,0.12384153661464585
Pdk2,-0.173781512605042,0.22745149278269033,50,-0.13815126050420168
Pdk3,0.15082833133253298,0.29577436862597856,50,0.05392557022809123
Pdlim1,0.3485714285714286,0.013109520074756067,50,0.11078031212484994
Pdlim3,0.05315726290516206,0.7138943092418598,50,0.05162064825930372
Pdlim4,-0.12220888355342135,0.39785064632490746,50,-0.04355342136854741
Pdlim5,-0.10914765906362545,0.4505321280735541,50,-0.10521008403361343
Pdlim7,0.1799279711884754,0.21117644104816888,50,0.27836734693877546
Pdp1,-0.09570457876897266,0.5085243425268826,50,-0.04004898077938946
Pdp2,-0.05987995198079231,0.6795503181579453,50,0.010804321728691477
Pdpk1,0.17963985594237694,0.21192061160405878,50,0.23150060024009603
Pdpr,-0.16513805522208885,0.25177144303044197,50,-0.21402160864345737
Pdrg1,0.11759903961584633,0.41601952687275934,50,0.15486194477791115
Pds5a,0.09243697478991596,0.5231709037211599,50,0.15726290516206481
Pds5b,-0.0052340936374549825,0.971222757835147,50,-0.05911164465786314
Pdxdc1,0.012340936374549819,0.9322139811947295,50,-0.0005282112845138055
Pdxk,-0.01915966386554622,0.8949331404691206,50,-0.1574549819927971
Pdxp,0.03174069627851141,0.826791094735132,50,0.13104441776710685
Pdyn,0.35337334933973585,0.011824975583174276,50,0.28566626650660265
Pdzd11,0.03183673469387755,0.8262751004534171,50,0.10713085234093636
Pdzd2,-0.2360144057623049,0.0989294026324528,50,-0.17723889555822328
Pdzd4,-0.06228091236494597,0.667434747686028,50,-0.04566626650660264
Pdzd8,0.18751500600240098,0.19223473077865696,50,0.04643457382953182
Pdzrn3,0.11385354141656662,0.4311246564679394,50,-0.07534213685474188
Pea15,0.05335190171345657,0.7128916360803288,50,-0.03817527010804322
Peak1,0.03932773109243697,0.7862677701948961,50,-0.02396158463385354
Pebp1,-0.0385594237695078,0.7903478899673712,50,-0.14535414165666266
Pecr,0.16254501800720286,0.2593975879612429,50,0.2552220888355342
Pef1,-0.20096038415366146,0.1616972769979981,50,-0.2024969987995198
Peg3,0.3507803121248499,0.01250451287229117,50,0.32379351740696277
Peli1,-0.07015606242496998,0.6282948246159517,50,-0.07447779111644658
Peli2,-0.003457465966565997,0.9809884727543869,50,0.13354462295861164
Pelo,0.03807923169267707,0.7929008011218845,50,-0.023289315726290515
Pelp1,0.12144057623049219,0.400846196407491,50,-0.03097238895558223
Penk,0.21411764705882352,0.13540486646628255,50,0.13238895558223288
Per1,0.19539015606242494,0.17388685586237718,50,0.20422569027611043
Per2,0.07466986794717888,0.6063003632626257,50,0.11212484993997598
Pes1,0.045715383335705954,0.7525753685861047,50,-0.07313325330132053
Pet100,-0.2292917166866747,0.10921081124247119,50,-0.11385354141656662
Pex1,-0.03903961584633854,0.7877971555185405,50,-0.04403361344537814
Pex10,0.007923169267707083,0.9564499314163795,50,0.09061224489795917
Pex11b,0.09368547418967586,0.5175500410838324,50,0.04124849939975991
Pex12,0.008307322929171669,0.9543405947926975,50,0.20960384153661463
Pex13,0.19827130852340935,0.16750148046407168,50,0.07342136854741896
Pex14,-0.23447779111644657,0.10121077702889567,50,-0.16158463385354138
Pex16,0.03202881152460984,0.8252433300244186,50,0.052100840336134456
Pex19,-0.09599039615846339,0.5072531857285982,50,-0.0760144057623049
Pex2,0.17589435774309725,0.2217621251769668,50,0.14247298919567825
Pex3,0.037118847539015606,0.7980130520295956,50,0.11222088835534214
Pex5,0.1971188475390156,0.17003484463374963,50,0.12585834333733492
Pex5l,0.16139255702280914,0.26283619411461034,50,0.13517406962785114
Pex6,-0.1006002400960384,0.48697661853049373,50,-0.081968787515006
Pex7,-0.02261704681872749,0.8761106394173841,50,0.09973589435774309
Pfas,-0.2932123221090552,0.03877683050930778,50,-0.4063002714321513
Pfdn1,-0.04057623049219687,0.7796497270001826,50,-0.0803361344537815
Pfdn2,0.04364945978391356,0.7634258044868907,50,-0.06852340936374549
Pfdn4,-0.0843237532956929,0.5604209331311203,50,-0.1553458666922361
Pfdn5,-0.09762304921968785,0.500023159132414,50,-0.1570708283313325
Pfdn6,-0.02463385354141657,0.8651614250124656,50,0.04701080432172868
Pfkfb2,0.16744297719087634,0.24512100210279833,50,0.04643457382953182
Pfkfb3,0.5190396158463385,0.00011247718626564635,50,0.40072028811524607
Pfkfb4,0.2740456182472989,0.05412566526309257,50,0.21767106842737097
Pfkl,-0.014357743097238897,0.9211686280160256,50,-0.006674669867947179
Pfkm,0.07649459783913565,0.5975046881375029,50,0.1644657863145258
Pfkp,0.04451380552220888,0.7588805641932979,50,-0.09733493397358943
Pfn1,0.1393070662362216,0.3346197513960458,50,0.10809123649459784
Pfn2,0.0672749099639856,0.6425044545261664,50,0.09301320528211285
Pgam1,0.07832120821484917,0.5887566602219586,50,-0.057576412415453186
Pgam2,0.13258103241296518,0.3587034899006478,50,-0.02588235294117647
Pgam5,-0.4681392557022809,0.0006072425372253322,50,-0.4889795918367347
Pgap1,0.08139255702280913,0.5741779613902226,50,0.029051620648259304
Pgap4,-0.09627851140456183,0.5059734470588745,50,-0.14948379351740695
Pgbd5,-0.08773109243697479,0.5446263298171021,50,-0.034333733493397356
Pgghg,-0.16052821128451378,0.2654350574590323,50,-0.27346938775510204
Pggt1b,-0.2619447779111645,0.06611942684446491,50,-0.30391356542617043
Pgk1,0.09118847539015605,0.5288219438120456,50,0.19865546218487393
Pgls,-0.11385354141656662,0.4311246564679394,50,-0.09647058823529413
Pgm1,0.25963985594237693,0.0686278234478324,50,0.268859543817527
Pgm2,-0.059495798319327726,0.6814963672758616,50,-0.04518607442977191
Pgm2l1,0.1906408317675973,0.18479381962200386,50,0.21152460984393756
Pgm3,-0.02588235294117647,0.8583957461421866,50,-0.06103241296518607
Pgm5,0.2179591836734694,0.12836788335815674,50,0.11366146458583432
Pgp,-0.1896278511404562,0.18718221890648912,50,0.044129651860744294
Pgpep1,-0.03174069627851141,0.826791094735132,50,0.010804321728691477
Pgrmc1,0.10540216086434574,0.4663150106107136,50,0.16081632653061223
Pgrmc2,-0.04192076830732293,0.7725398717258881,50,-0.07860744297719087
Pgs1,0.13618574279418286,0.34566785166996417,50,0.08830732292917168
Phactr2,-0.09349339735894358,0.5184128148804314,50,-0.13258103241296518
Phactr3,-0.1173109243697479,0.4171706025928586,50,-0.1836734693877551
Phactr4,-0.08072028811524609,0.5773548167040339,50,-0.0695798319327731
Phaf1,0.06079377657878544,0.6749293784965243,50,0.033661464585834334
Phax,-0.18300120048019208,0.20335231028225528,50,-0.10837935174069627
Phb1,0.008979591836734692,0.9506500093767046,50,-0.03135654261704682
Phb2,0.19558223289315724,0.17345576439951615,50,0.09512605042016806
Phc1,-0.08888355342136854,0.5393330505492828,50,-0.004465786314525811
Phc2,0.28893157262905156,0.04184995297661072,50,0.23102040816326527
Phc3,0.06055222088835534,0.6761497090336853,50,0.05334933973589436
Pheta1,-0.017623049219687877,0.9033177478414802,50,-0.02280912364945978
Phf1,-0.11241296518607442,0.43701528359012115,50,-0.17061224489795918
Phf10,-0.1481392557022809,0.304567978685818,50,-0.17762304921968786
Phf12,0.07495798319327732,0.6049078490522588,50,-0.028667466986794718
Phf14,0.010324129651860744,0.9432719892746785,50,0.005714285714285714
Phf2,0.038032125632225966,0.7931513538314873,50,0.19078489284953756
Phf20l1,-0.2035534213685474,0.15624094928301424,50,-0.20758703481392557
Phf21a,0.022136854741896757,0.8787210618032605,50,-0.02040816326530612
Phf24,-0.0041776710684273705,0.9770292578143899,50,-0.05171668667466986
Phf3,-0.08955582232893158,0.5362568732672314,50,-0.20653061224489797
Phf5a,-0.07985594237695079,0.5814510819245352,50,-0.03452581032412965
Phf8,0.18184873949579833,0.20626204620255428,50,0.1367106842737095
Phgdh,-0.24168067226890755,0.0908588753364803,50,-0.20950780312124848
Phip,0.17464585834333732,0.22511196898944325,50,0.09992797118847539
Phka1,0.27606242496998795,0.052309480616969224,50,0.2665546218487395
Phkb,-0.11001200480192078,0.4469320031335666,50,-0.04067226890756302
Phkg1,-0.04,0.782702317866487,50,-0.2372629051620648
Phkg2,0.0473960959583422,0.743782781226241,50,0.0007203054097012492
Phlda1,-0.03279711884753902,0.8211191874364518,50,0.004273709483793517
Phlda3,0.011956782713085232,0.9343193556460773,50,0.10885954381752701
Phldb1,-0.21950106851629403,0.12562219198975802,50,-0.1528451380552221
Phlpp1,-0.1228811524609844,0.3952402897023936,50,-0.059495798319327726
Phlpp2,0.024345738295318126,0.866724113819169,50,0.1287394957983193
Phospho1,0.2712605042016807,0.056717141979143786,50,0.16629051620648258
Phospho2,-0.12979591836734694,0.36897733239601205,50,-0.1495798319327731
Phpt1,0.047587034813925566,0.7427859111260962,50,0.14208883553421367
Phrf1,-0.0974309723889556,0.5008709929602794,50,-0.15726290516206481
Phyh,0.20528211284513803,0.15267930910684924,50,0.16014405762304923
Phyhd1,0.22861944777911164,0.1102823328119331,50,0.1950060024009604
Phyhip,-0.01935174069627851,0.8938858443371016,50,0.03673469387755102
Phyhipl,-0.22957983193277312,0.10875403545139357,50,-0.08830732292917168
Phykpl,-0.029435774309723887,0.8391962043065057,50,-0.0954141656662665
Pi4k2a,0.03884753901560624,0.7888171864728192,50,0.05008403361344538
Pi4ka,-0.13373349339735893,0.3545037109990423,50,-0.14496998799519806
Pi4kb,-0.044129651860744294,0.7608996852480964,50,-0.034717887154861946
Pianp,0.1289315726290516,0.3722014419914515,50,0.032989195678271306
Pias1,-0.01262905162064826,0.9306352509000534,50,0.00936374549819928
Pias2,-0.022521008403361343,0.8766326204036273,50,0.08043217286914765
Pibf1,-0.03250900360144057,0.8226651861641573,50,0.013685474189675868
Picalm,0.1119327731092437,0.43898875164931767,50,-0.034717887154861946
Pick1,-0.02578631452581032,0.8589158319594371,50,0.005330132052821128
Pid1,0.16811524609843936,0.24320398376925986,50,0.1223049219687875
Pigh,-0.29863145258103235,0.0351551743666827,50,-0.27625450180072025
Pigk,-0.1316206482593037,0.36222634242251806,50,0.05277310924369748
Pigo,0.17848739495798316,0.21491563817128004,50,0.24811524609843938
Pigq,-0.0025450180072028807,0.9860051519629387,50,-0.07466986794717888
Pigs,-0.16878751500600236,0.24129719420588902,50,-0.0805282112845138
Pigt,0.04518607442977191,0.7553509376892313,50,0.06064825930372149
Pigu,0.26501800720288116,0.06288927948276712,50,0.1398799519807923
Pigx,-0.22189675870348136,0.12144432938914965,50,-0.14372148859543818
Pih1d1,-0.029531812725090034,0.8386785296382456,50,0.01262905162064826
Pik3c2a,0.04979591836734694,0.7312843187919351,50,0.20941176470588235
Pik3c2b,-0.17032412965186072,0.236977165124819,50,-0.10914765906362545
Pik3c3,0.047490996398559415,0.7432872647025576,50,0.1361344537815126
Pik3ca,-0.10876611686488864,0.4521263513881105,50,-0.15203246180761032
Pik3cb,0.2130612244897959,0.13738969749809188,50,0.2169987995198079
Pik3cd,0.05920768307322929,0.6829572528858294,50,0.2978631452581032
Pik3ip1,-0.165906362545018,0.249541228100709,50,-0.16264105642256904
Pik3r1,0.20096038415366146,0.1616972769979981,50,0.13066026410564224
Pik3r2,0.2535894357743097,0.0755736459783746,50,0.26501800720288116
Pik3r3,-0.031164465786314523,0.8298885741693174,50,-0.03375750300120048
Pik3r4,0.05608778123540394,0.6988493900745508,50,-0.01474189675870348
Pikfyve,0.009747899159663865,0.9464334567508218,50,0.05642256902761104
Pin1,0.12384153661464585,0.3915286504703151,50,-0.030204081632653063
Pin4,0.07870348139255702,0.5869331449844367,50,0.037695078031212484
Pip4k2b,0.02463385354141657,0.8651614250124656,50,0.14516206482593036
Pip4k2c,0.14641056422569024,0.31030883511378676,50,0.17282112845138053
Pip4p1,0.06064825930372149,0.6756644275853204,50,0.08206482593037215
Pip4p2,0.041056422569027605,0.7771084102057593,50,0.06458583433373348
Pip5k1a,-0.13805522208883553,0.33902397036873677,50,-0.010996398559423769
Pip5k1b,-0.017334933973589435,0.9048910526777013,50,0.02357743097238895
Pip5k1c,0.09983193277310923,0.49032632334923687,50,0.23169267707082833
Pip5kl1,0.08004801920768306,0.5805396641943295,50,0.07294117647058823
Pir,0.05114045618247299,0.724311693356823,50,0.05094837935174069
Pisd,0.21493913425485278,0.13387632187359388,50,0.15899159663865545
Pithd1,-0.15255702280912364,0.29020914820932153,50,-0.2747178871548619
Pitpna,-0.0860984393757503,0.552167659149883,50,-0.1859783913565426
Pitpnb,0.07140456182472989,0.622178110780469,50,0.10271308523409363
Pitpnm1,-0.03010804321728691,0.8355739084710629,50,-0.0875390156062425
Pitpnm2,-0.06496998799519808,0.6539644141900508,50,0.057190876350540217
Pitpnm3,0.2835534213685474,0.04599090403726174,50,0.1845378151260504
Pitrm1,0.1398799519807923,0.33261619898352446,50,0.15918367346938775
Pja1,-0.20509003601440576,0.15307206623080197,50,-0.24955582232893156
Pja2,0.043073229291716676,0.7664603680863299,50,0.19164465786314525
Pkia,0.09867947178871549,0.49537328744338616,50,0.10953181272509004
Pkig,0.0331812725090036,0.8190589030020377,50,-0.06986794717887154
Pklr,0.23446551132483193,0.10122917055823866,50,0.2951557395472376
Pkm,-0.1456422569027611,0.3128823836245549,50,0.011764705882352943
Pkn1,0.07889745254261017,0.5860088359155787,50,0.07140456182472989
Pkn2,-0.043937575030012,0.7619098383988592,50,-0.11452581032412965
Pknox2,-0.062088835534213675,0.6684009605193323,50,-0.07476590636254501
Pkp4,0.16677070828331333,0.247048260461665,50,0.19779111644657865
Pla2g12a,0.029819927971188476,0.837125912035467,50,0.04643457382953182
Pla2g15,0.06055222088835534,0.6761497090336853,50,0.03154861944777911
Pla2g4a,0.1732052821128451,0.22902046668956422,50,0.19644657863145257
Pla2g4e,0.16384547052671083,0.2555538027300886,50,-0.09426170468187275
Pla2g6,-0.13315726290516205,0.3565998277358196,50,-0.21959183673469387
Pla2g7,-0.05767106842737095,0.690767963327466,50,0.004369747899159664
Plaa,0.04854741896758703,0.7377782164483431,50,-0.03097238895558223
Plaat3,-0.07726290516206481,0.5938181283942283,50,-0.23764705882352938
Plat,0.09195678271308522,0.5253408232325502,50,0.1603361344537815
Plbd2,-0.14948379351740695,0.30015038431657165,50,-0.13968787515006
Plcb1,0.0035054021608643456,0.9807249358896529,50,0.0182953181272509
Plcb3,0.06064825930372149,0.6756644275853204,50,0.022424969987995196
Plcb4,-0.024729891956782712,0.8646406418817117,50,0.028187274909963984
Plcd1,0.027130852340936373,0.8516401233148821,50,0.01714285714285714
Plcd3,0.09214885954381752,0.5244723206491533,50,0.1481392557022809
Plcd4,0.1251860744297719,0.3863669167136145,50,0.13565426170468187
Plcg1,0.23707082833133256,0.09738415683508361,50,0.19635054021608642
Plch2,-0.28403361344537814,0.04560809403522811,50,-0.24235294117647058
Plcl1,0.2620408163265306,0.06601651962094117,50,0.07975990396158462
Plcl2,0.003217286914765906,0.9823089250466962,50,0.12835534213685473
Plcxd2,0.3642256902761104,0.009313823231766168,50,0.3204321728691476
Plcxd3,0.0022569027611044415,0.9875893427487413,50,-0.07995198079231693
Pld1,0.006578631452581032,0.9638348418776679,50,0.022040816326530613
Pld2,0.26021608643457383,0.0679937361406055,50,0.25157262905162064
Pld3,0.17032412965186072,0.236977165124819,50,0.14429771908763506
Pld4,0.14986794717887153,0.2988958515111014,50,0.177719087635054
Plec,0.2093157262905162,0.14460203159540103,50,0.26607442977190876
Plek,-0.10213685474189677,0.4803132883171395,50,-0.2581992797118847
Plekha1,-0.11433373349339734,0.4291710699856449,50,-0.0017767106842737094
Plekha2,0.12297719087635053,0.39486820177361,50,0.06698679471788715
Plekha3,0.05450180072028812,0.7069778323592292,50,0.22362545018007202
Plekha5,0.09474189675870348,0.5128176827143776,50,0.05584633853541416
Plekha6,0.15577804993805686,0.2800228214382103,50,0.07697478991596637
Plekha7,0.0006242496998799519,0.9965671412191432,50,0.1078031212484994
Plekhb1,-0.04230492196878751,0.7705118480395501,50,-0.043937575030012
Plekhb2,0.13843937575030013,0.3376686332513916,50,-0.010516206482593037
Plekhd1,-0.07351740696278511,0.6118842444543006,50,-0.04739495798319327
Plekhf1,-0.2062424969987995,0.15072665560143494,50,-0.3178391356542617
Plekhf2,0.23812725090036013,0.09585765850289417,50,0.19798319327731093
Plekhg1,0.11625450180072029,0.42140673764264985,50,0.04355342136854741
Plekhg5,0.1567827130852341,0.27689436969542974,50,0.10981992797118847
Plekhh1,-0.2703001200480192,0.05763359411905727,50,-0.26905162064825927
Plekhm1,-0.04998799519807923,0.7302868972991754,50,0.03250900360144057
Plekhm2,0.02175270108043217,0.8808103207234205,50,-0.05767106842737095
Plekhm3,-0.23630252100840335,0.09850610498427592,50,-0.30045618247298916
Plekho1,0.11366146458583432,0.4319074870573528,50,0.05459783913565427
Plekho2,0.15971571951109034,0.26789358474295044,50,0.2068187274909964
Plg,-0.11231692677070829,0.4374095809590833,50,-0.15659063625450179
Plgrkt,-0.15169267707082834,0.29298316946994507,50,-0.11702280912364946
Plin3,0.18559423769507805,0.19691150882321412,50,0.16456182472989198
Plin4,0.002352941176470588,0.9870612735896643,50,0.07870348139255702
Pllp,-0.07188475390156063,0.6198322093991521,50,-0.1599519807923169
Plod1,0.07303721488595438,0.6142173471740465,50,-0.02127250900360144
Plod3,-0.12307322929171667,0.3944963190419882,50,-0.15918367346938775
Plp1,-0.29075630252100837,0.04051643500235814,50,-0.3558703481392557
Plpbp,0.27567827130852335,0.05265156272690195,50,0.22036014405762305
Plpp1,-0.062184873949579826,0.6679177874859943,50,0.017430972388955582
Plpp3,0.3202400960384153,0.0233756929552702,50,0.18818727490996395
Plpp6,-0.09637454981992796,0.5055472333978027,50,-0.10453781512605041
Plppr1,0.1732052821128451,0.22902046668956422,50,0.22833133253301321
Plppr2,-0.04605042016806723,0.7508201127549528,50,-0.10261704681872749
Plppr3,0.1472749099639856,0.3074298165312654,50,0.22247298919567823
Plppr4,0.07428571428571429,0.6081592049242734,50,0.029435774309723887
Plrg1,0.03250900360144057,0.8226651861641573,50,-0.0319327731092437
Pls1,0.07495978296957667,0.6048991547669056,50,0.0617046818727491
Pls3,0.1795438175270108,0.21216907573751145,50,0.10607442977190876
Plscr3,-0.11452581032412965,0.428391032869492,50,-0.07697478991596637
Plscr4,-0.06180072028811524,0.6698512773118432,50,0.0954141656662665
Pltp,0.10674669867947177,0.46061543466418853,50,0.14304921968787515
Plxdc1,-0.03270108043217287,0.8216344458929444,50,-0.016566626650660263
Plxdc2,0.25546831864070974,0.07335968865471473,50,0.17723889555822328
Plxna1,0.18857142857142856,0.1896964732717917,50,0.19903961584633853
Plxna2,-0.09964224834200616,0.4911551617440303,50,-0.10593291558673039
Plxna3,-0.1567827130852341,0.27689436969542974,50,-0.3627851140456182
Plxna4,-0.08600240096038414,0.5526128077988495,50,-0.044897959183673466
Plxnb1,0.14429771908763506,0.31741874303886103,50,-0.11049219687875149
Plxnb2,0.025690276110444176,0.8594359770665877,50,0.0182953181272509
Plxnb3,0.08926770708283314,0.5375741872301489,50,0.16561824729891955
Plxnc1,0.241968787515006,0.09046263982568438,50,0.3132292917166867
Plxnd1,-0.03937669573033497,0.7860079332699685,50,0.07688059739544666
Pm20d2,-0.11375750300120048,0.431515972119501,50,-0.19788715486194475
Pmch,0.36921968787515,0.008322542071058193,50,0.24638655462184872
Pml,0.04835534213685474,0.7387789011788352,50,0.04220888355342137
Pmm1,0.00744297719087635,0.9590870158850027,50,0.16091236494597838
Pmm2,-0.16878751500600236,0.24129719420588902,50,-0.20576230492196879
Pmpca,-0.10837935174069627,0.4537455442625736,50,-0.2590636254501801
Pmpcb,-0.316110444177671,0.025326124523780916,50,-0.28268907563025214
Pmvk,0.03452581032412965,0.8118575157889591,50,0.052004801920768305
Pnck,0.06237695078031212,0.6669518412899765,50,0.06448979591836734
Pnisr,0.11385354141656662,0.4311246564679394,50,0.09464585834333733
Pnkd,-0.08129651860744297,0.5746313067554828,50,-0.028763505402160862
Pnkp,0.11250900360144059,0.4366211844911016,50,-0.021944777911164462
Pnma2,0.2028811524609844,0.15764238599027935,50,0.27078031212484993
Pnma3,0.16840336134453782,0.242385536409115,50,0.18213685474189675
Pnma8a,-0.13421368547418966,0.3527627156843771,50,-0.14967587034813923
Pnma8b,-0.04825930372148859,0.7392794043763776,50,-0.10136854741896759
Pnn,-0.01771908763505402,0.9027933942784894,50,0.030876350540216087
Pno1,-0.004657863145258102,0.9743897755876302,50,0.016470588235294115
Pnoc,0.23236494597839136,0.10441365704086776,50,0.13296518607442975
Pnp,0.11154861944777912,0.44057108869439926,50,0.0993517406962785
Pnpla2,0.06487394957983193,0.6544436547826313,50,0.06813925570228091
Pnpla6,0.24974789915966386,0.08026443511528941,50,0.21459783913565425
Pnpla7,-0.0860984393757503,0.552167659149883,50,0.05315726290516206
Pnpla8,0.1300840336134454,0.36790637879392674,50,0.17781512605042016
Pnpo,0.014549819927971188,0.9201174243821219,50,0.0007202881152460984
Pnpt1,0.1363265306122449,0.345164731242489,50,0.154765906362545
Podxl,0.36183341747326087,0.009823747314262905,50,0.26837935174069627
Podxl2,0.2905642256902761,0.040655141635754725,50,0.24062424969987994
Pofut1,-0.0003361344537815126,0.9981515336582548,50,0.00936374549819928
Pofut2,0.32072028811524605,0.02315732092163171,50,0.27519807923169265
Poglut1,0.13546218487394956,0.3482606980309426,50,-0.09378151260504201
Poglut3,-0.20739495798319327,0.14840787546146209,50,-0.13863145258103243
Pogz,-0.24038992539763027,0.09265061073617457,50,-0.21815126050420167
Polb,0.06276110444177671,0.6650215531503693,50,0.013973589435774309
Pold1,0.00744297719087635,0.9590870158850027,50,0.060840336134453776
Pold2,-0.07025210084033613,0.6278234226869991,50,-0.20364945978391355
Pold3,0.06660264105642257,0.6458385908198062,50,0.009555822328931571
Poldip3,-0.13911164465786313,0.33530491813230173,50,-0.15313325330132052
Pole3,0.18300120048019208,0.20335231028225528,50,0.1570708283313325
Pole4,0.06521164975828643,0.6527591109991068,50,-0.03971283825486221
Poli,0.019543817527010805,0.8928387273266257,50,0.11644657863145258
Poll,0.047490996398559415,0.7432872647025576,50,0.1078031212484994
Polr1a,0.35692677070828327,0.01094540810840053,50,0.21459783913565425
Polr1b,-0.1528451380552221,0.28928829108469883,50,-0.17224489795918366
Polr1c,0.12979591836734694,0.36897733239601205,50,4.801920768307323e-05
Polr1h,0.06103241296518607,0.67372460835961,50,0.07015606242496998
Polr2a,-0.074093637454982,0.6090895470834801,50,-0.1754141656662665
Polr2b,-0.026699320519592975,0.85397397289327,50,0.08888355342136854
Polr2c,-0.08917166866746698,0.538013641370765,50,-0.22641056422569028
Polr2d,-0.04067226890756302,0.7791412802385701,50,-0.06977190876350539
Polr2e,0.0712124849939976,0.6231175145698026,50,-0.07985594237695079
Polr2g,0.03692677070828331,0.7990365169421094,50,0.02424969987995198
Polr2h,0.020312124849939977,0.8886520854497547,50,0.012148859543817525
Polr2i,-0.16542617046818728,0.2509335404001823,50,-0.16888355342136854
Polr2j,0.15428571428571428,0.2847126216826754,50,0.1938535414165666
Polr2k,-0.008307322929171669,0.9543405947926975,50,0.0007202881152460984
Polr2m,-0.022424969987995196,0.8771546533520387,50,-0.06352941176470588
Polr3a,0.08897959183673469,0.5388930731522071,50,0.08475390156062423
Polr3b,-0.09877551020408162,0.49495168363471587,50,-0.0168547418967587
Polr3c,0.06036014405762304,0.6771206626893103,50,0.08504201680672267
Polr3d,0.2546458583433373,0.07432241743299783,50,0.2663625450180072
Polr3e,-0.2680912364945978,0.05978669954114631,50,-0.29248499399759903
Polr3f,-0.08062424969987995,0.5778093067048342,50,-0.1598559423769508
Polr3h,-0.12403361344537814,0.39078878888414914,50,-0.05046818727490996
Polr3k,0.2733733493397359,0.05474226075237167,50,0.26991596638655463
Polrmt,0.08292917166866745,0.5669468413550871,50,0.08552220888355341
Pom121,0.15755102040816327,0.27451753763906106,50,0.008211284513805522
Pomgnt2,-0.048643457382953184,0.7372780352968975,50,-0.040480192076830734
Pomk,0.06353093713565018,0.6611597886733129,50,-0.037695078031212484
Pomp,0.15025210084033613,0.2976447128541706,50,0.009843937575030014
Pomt1,-0.07361344537815126,0.6114180800534645,50,-0.04086434573829532
Pomt2,-0.29738295318127245,0.03596374201100207,50,-0.15630252100840333
Pon1,0.3181964739894662,0.024324503399762207,50,0.37075869198675837
Pon2,-0.027515006002400956,0.8495635659967954,50,-0.06429771908763504
Pop1,0.09906362545018006,0.49368798709204953,50,0.039615846338535404
Pop7,0.052004801920768305,0.7198409170174129,50,-0.02040816326530612
Por,0.02376950780312125,0.8698509994132183,50,-0.07063625450180072
Porcn,-0.22756302521008404,0.11198237554583139,50,-0.12278511404561823
Pot1,-0.11390429545409089,0.4309179358873131,50,-0.09992797118847539
Pou3f1,0.12941176470588234,0.370408187781487,50,0.12096038415366145
Pou3f3,0.2696278511404562,0.05828217448842121,50,0.28172869147659063
Pou6f1,-0.2543577430972389,0.07466202448860863,50,-0.31975990396158466
Ppa2,-0.07649459783913565,0.5975046881375029,50,-0.085906362545018
Ppan,-0.13863145258103243,0.3369922306980507,50,-0.11980792316926771
Ppat,0.22429771908763504,0.11736370668289967,50,0.1415126050420168
Ppcdc,0.08350540216086433,0.564246113106247,50,0.03270108043217287
Ppcs,0.21834333733493394,0.12767961930458543,50,0.2000960384153661
Ppdpf,0.11788715486194477,0.4148702689124056,50,0.24206482593037212
Ppfia1,0.20941176470588235,0.14441365874954165,50,0.2059543817527011
Ppfia2,-0.0642016806722689,0.6578021921982875,50,-0.07639855942376951
Ppfia3,-0.20057623049219686,0.1625173225858125,50,-0.0887875150060024
Ppfia4,-0.14679471788715487,0.30902715038937484,50,-0.23927971188475392
Ppfibp1,0.26127250900360144,0.06684336555707239,50,0.3654741896758703
Ppfibp2,-0.12691476590636253,0.3797898447442348,50,-0.18146458583433375
Pphln1,-0.029243697478991592,0.8402317555756762,50,-0.03625450180072028
Ppia,-0.20566626650660264,0.15189602323999288,50,-0.06602641056422569
Ppib,-0.11366146458583432,0.4319074870573528,50,-0.03894357743097239
Ppid,0.09714518958837516,0.5021338123101947,50,0.09205282112845137
Ppie,-0.11894357743097239,0.41067190225859995,50,-0.0426890756302521
Ppif,-0.19697951937296831,0.17034299268098596,50,-0.3233133253301321
Ppig,-0.19798319327731093,0.16813223213309475,50,-0.09522208883553422
Ppih,-0.014645858343337334,0.9195918731388897,50,-0.028187274909963984
Ppil1,-0.23342136854741896,0.10280261105904424,50,-0.17743097238895558
Ppil2,0.08062424969987995,0.5778093067048342,50,-0.018967587034813924
Ppil3,-0.015222088835534215,0.9164392876278163,50,0.10213685474189677
Ppil4,-0.04845138055222088,0.7382785051392184,50,0.04355342136854741
Ppip5k1,-0.05267707082833133,0.7163700413625802,50,0.030300120048019206
Ppip5k2,0.10348139255702281,0.47452259340535535,50,0.01474189675870348
Ppm1a,0.07937575030012005,0.5837324562896088,50,0.15399759903961585
Ppm1b,0.0033133253301320525,0.9817809208576903,50,0.06074429771908763
Ppm1e,0.11337334933973588,0.43308322687472733,50,0.17963985594237694
Ppm1f,-0.024970587536309975,0.8633356835511697,50,0.0024490383929842473
Ppm1g,-0.10722689075630251,0.458589053334824,50,-0.1807923169267707
Ppm1h,0.004465786314525811,0.9754455374575086,50,0.01579831932773109
Ppm1j,0.1574549819927971,0.2748139014076708,50,0.028763505402160862
Ppm1k,-0.07918367346938776,0.5846461351085563,50,0.021368547418967588
Ppm1l,0.005522341474376244,0.969638682070958,50,-0.029532521797751222
Ppme1,0.20902761104441775,0.14516824402961276,50,0.20864345738295315
Ppox,-0.17983193277310922,0.21142429431040186,50,-0.23121248499399757
Ppp1ca,0.01205282112845138,0.9337929697639936,50,0.1499639855942377
Ppp1cb,-0.0015846338535414166,0.991285961741987,50,-0.01915966386554622
Ppp1cc,0.14429771908763506,0.31741874303886103,50,0.03529411764705882
Ppp1r10,-0.01771908763505402,0.9027933942784894,50,0.008403361344537815
Ppp1r11,-0.28537815126050414,0.04455003705828328,50,-0.10156062424969987
Ppp1r12a,0.10693877551020407,0.45980430086891044,50,0.07889555822328932
Ppp1r12b,0.16100840336134453,0.26398913656643963,50,0.28364945978391354
Ppp1r12c,-0.062953181272509,0.6640572139268146,50,0.012244897959183673
Ppp1r13b,0.06549977192216694,0.6513232301974737,50,0.024537815126050418
Ppp1r13l,0.08629051620648259,0.5512778736291126,50,0.14343337334933973
Ppp1r14a,0.004465786314525811,0.9754455374575086,50,-0.02357743097238895
Ppp1r14b,-0.0658343337334934,0.6496574839593189,50,-0.004369747899159664
Ppp1r16a,0.10521008403361343,0.46713231871253486,50,0.23697478991596638
Ppp1r16b,0.18060024009603842,0.20944716392870089,50,0.13037214885954382
Ppp1r18,0.012148859543817525,0.933266611913471,50,0.061992797118847545
Ppp1r1a,-0.0007202881152460984,0.9960390130202849,50,-0.07150060024009604
Ppp1r1b,0.3072749099639856,0.02995988460655571,50,0.1833853541416567
Ppp1r2,0.20701080432172866,0.1491778520201904,50,0.16629051620648258
Ppp1r21,0.09608643457382952,0.5068264233318739,50,0.2604081632653061
Ppp1r37,0.16264105642256904,0.25911240574436767,50,0.10242496998799519
Ppp1r3d,-0.09416566626650659,0.5153962594066313,50,0.007058823529411764
Ppp1r3e,0.14016806722689074,0.3316114152758582,50,0.19183673469387755
Ppp1r3g,0.27558223289315725,0.052737365541917464,50,0.25157262905162064
Ppp1r8,-0.05181272509003601,0.7208336274238912,50,0.007827130852340937
Ppp1r9a,-0.13282431754891036,0.35781440155321714,50,-0.13003913663139888
Ppp1r9b,0.01282112845138055,0.9295829104799347,50,0.02444177671068427
Ppp2ca,-0.09061224489795917,0.5314402237750233,50,-0.11644657863145258
Ppp2cb,-0.003217286914765906,0.9823089250466962,50,-0.03414165666266506
Ppp2r1a,0.07687875150060022,0.5956601487472962,50,0.18088835534213688
Ppp2r1b,0.28624249699879956,0.043880508173314646,50,0.33714285714285713
Ppp2r2a,0.0387515006002401,0.7893273335649745,50,-0.029723889555822326
Ppp2r2b,-0.1185594237695078,0.41219574557510047,50,-0.1829051620648259
Ppp2r2c,0.3583673469387755,0.010605203852293374,50,0.21027611044417766
Ppp2r2d,0.08629051620648259,0.5512778736291126,50,-0.021656662665066023
Ppp2r5a,0.15524609843937573,0.281688661867124,50,0.1417046818727491
Ppp2r5b,-0.03183673469387755,0.8262751004534171,50,-0.01503001200480192
Ppp2r5c,-0.09349339735894358,0.5184128148804314,50,-0.05968787515006002
Ppp2r5d,0.16513805522208885,0.25177144303044197,50,0.3212004801920768
Ppp2r5e,-0.06612244897959184,0.6482243474823959,50,0.055654261704681865
Ppp3ca,0.013205599177856237,0.9274768524617281,50,-0.15870348139255702
Ppp3cb,0.18098439375750297,0.20846347621627592,50,0.1298919567827131
Ppp3cc,-0.04912364945978391,0.7347787492963292,50,-0.013877551020408161
Ppp3r1,0.07332533013205282,0.6128170298538621,50,0.030204081632653063
Ppp4c,0.008691476590636255,0.9522315678165846,50,0.04979591836734694
Ppp4r1,0.0475881774009292,0.7427799470641822,50,0.07342313142888067
Ppp4r2,-0.17176470588235296,0.23297548677972918,50,-0.18261704681872748
Ppp4r3a,-0.20086434573829529,0.16190200422615256,50,0.025690276110444176
Ppp4r4,0.2010564225690276,0.1614927390874424,50,0.04633853541416567
Ppp5c,0.12432172869147658,0.3896805398051253,50,0.11654261704681872
Ppp6c,-0.29555822328931575,0.03717306037496267,50,-0.22698679471788716
Ppp6r1,0.03452581032412965,0.8118575157889591,50,0.12729891956782713
Ppp6r2,-0.07995198079231693,0.5809952920613815,50,0.006578631452581032
Ppp6r3,0.2507082833133253,0.07907080690319458,50,0.18463385354141656
Ppt1,0.04633853541416567,0.7493116765230454,50,0.0805282112845138
Ppt2,0.03817527010804322,0.7923900459710469,50,0.17061224489795918
Pptc7,0.14448979591836733,0.3167681481614198,50,0.2004801920768307
Ppwd1,-0.06842737094837935,0.6368050173218915,50,0.0480672268907563
Pqbp1,-0.12480192076830732,0.38783757676343483,50,-0.11759903961584633
Praf2,0.14967587034813923,0.29952269363966594,50,0.19731092436974787
Prag1,0.34002400960384155,0.015692509289516845,50,0.34050420168067225
Prcc,-0.2844177671068427,0.04530372123438386,50,-0.257719087635054
Prcp,-0.22026410564225687,0.1242799238462067,50,-0.11558223289315725
Prdm2,0.14180072028811525,0.3259535839553245,50,0.07438175270108043
Prdm8,0.2076830732292917,0.1478323247244826,50,0.15630252100840333
Prdx1,-0.04086434573829532,0.7781246614190953,50,-0.058343337334933965
Prdx2,0.00849939975990396,0.9532860417065242,50,-0.031260504201680674
Prdx3,-0.05430972388955582,0.7079644829143952,50,0.07985594237695079
Prdx4,0.14372148859543818,0.31937561335781484,50,0.08206482593037215
Prdx5,0.13772239433487884,0.34020095263735195,50,0.01906362545018007
Prdx6,0.04355342136854741,0.763931322092937,50,0.010036014405762305
Preb,0.2238175270108043,0.11817137831176083,50,0.25973589435774314
Prelid1,-0.037791116446578635,0.7944335820847725,50,-0.004561824729891957
Prelid3a,-0.09656662665066026,0.5046953555630573,50,-0.11010804321728691
Prelp,0.2611764705882353,0.06694729922761217,50,0.18693877551020407
Prep,0.10818727490996398,0.45455084979964094,50,0.19894357743097235
Prepl,-0.03807923169267707,0.7929008011218845,50,0.06794717887154862
Prex1,0.008883553421368545,0.9511771749067408,50,-0.03481392557022809
Prex2,-0.23543817527010802,0.09978021413717464,50,-0.20614645858343336
Prickle1,0.26530612244897955,0.06259304672209871,50,0.22593037214885953
Prickle2,0.20941176470588235,0.14441365874954165,50,0.11097238895558223
Prkaa1,0.06775510204081632,0.6401271870153562,50,0.047490996398559415
Prkaa2,0.013397358943577431,0.9264266116519362,50,0.10809123649459784
Prkab1,-0.11524886555219989,0.4254618294855377,50,-0.19289315726290512
Prkab2,-0.14967587034813923,0.29952269363966594,50,-0.1059783913565426
Prkaca,-0.10722689075630251,0.458589053334824,50,0.03759903961584634
Prkacb,-0.2599279711884754,0.06831019413388995,50,-0.11020408163265305
Prkag2,0.19894357743097235,0.16603642335249538,50,0.25704681872749097
Prkar1a,0.01915966386554622,0.8949331404691206,50,-0.06621848739495799
Prkar1b,0.09819927971188475,0.4974840890824957,50,0.0844657863145258
Prkar2a,-0.1983673469387755,0.1672916128784593,50,-0.1361344537815126
Prkar2b,0.10943577430972388,0.4493303227931961,50,0.2179591836734694
Prkca,-0.17983193277310922,0.21142429431040186,50,-0.02799519807923169
Prkcb,-0.018967587034813924,0.8959806139736753,50,0.05651860744297719
Prkcd,-0.046242496998799516,0.7498143857365437,50,-0.06064825930372149
Prkce,-0.1388235294117647,0.33631667236623025,50,-0.0005282112845138055
Prkcg,0.10626650660264104,0.4626466548557733,50,0.1985594237695078
Prkch,-0.03587034813925571,0.8046715080721824,50,-0.03750300120048019
Prkci,0.18981992797118846,0.18672765401983396,50,0.2217046818727491
Prkcq,0.0860984393757503,0.552167659149883,50,0.03308523409363745
Prkcsh,0.12845138055222088,0.373999897152233,50,0.020792316926770707
Prkcz,-0.05594237695078031,0.6995932396929486,50,-0.10338535414165667
Prkd1,-0.06372148859543818,0.660205254292198,50,-0.02376950780312125
Prkd2,0.06861944777911164,0.6358571194886568,50,0.035006002400960384
Prkdc,0.0790876350540216,0.5851032158998725,50,0.08715486194477791
Prkg2,0.049411764705882356,0.7332804803454832,50,0.16465786314525807
Prkra,0.10722689075630251,0.458589053334824,50,0.06439375750300119
Prkrip1,-0.13690276110444177,0.343110225487278,50,-0.1563985594237695
Prmt1,0.05354141656662665,0.7119158201457186,50,-0.0821608643457383
Prmt2,0.2444657863145258,0.08708474152636156,50,0.2000960384153661
Prmt3,-0.0453781512605042,0.7543433771682858,50,-0.07659063625450178
Prmt5,0.0642016806722689,0.6578021921982875,50,0.07716686674669868
Prmt7,-0.11260504201680673,0.43622728373592484,50,-0.05315726290516206
Prmt8,0.0018727490996398558,0.98970166979651,50,0.07630252100840335
Prmt9,-0.09272509003601441,0.5218710938996306,50,-0.13555822328931572
Prnp,-0.2824009603841537,0.046920346217979275,50,-0.20211284513805522
Prodh1,0.11990396158463384,0.4068765010018678,50,0.0902280912364946
Prorp,-0.015126050420168066,0.9169646314960526,50,-0.100984393757503
Prorsd1,-0.23870348139255704,0.0950328764021107,50,-0.16235294117647062
Pros1,-0.001680672268907563,0.9907578604310985,50,-0.041440576230492195
Proz,-0.058727490996398554,0.6853946173145391,50,-0.08139255702280913
Prpf18,0.062953181272509,0.6640572139268146,50,0.030684273709483793
Prpf19,-0.1241296518607443,0.390419166701422,50,-0.05219687875150059
Prpf3,-0.23985594237695076,0.09339983618891168,50,-0.16907563025210082
Prpf31,-0.07447779111644658,0.6072294765845787,50,-0.13747899159663865
Prpf38a,0.2542617046818727,0.07477549919875907,50,0.29623049219687875
Prpf38b,0.10348139255702281,0.47452259340535535,50,0.17675870348139258
Prpf39,-0.2585834333733493,0.06980253147918061,50,-0.25099639855942374
Prpf4,0.23966386554621846,0.09367048501769663,50,0.2816326530612245
Prpf40a,0.14641056422569024,0.31030883511378676,50,0.15553421368547415
Prpf40b,0.2763505402160864,0.052054101756532446,50,0.2063385354141657
Prpf4b,-0.03510204081632653,0.8087758819260071,50,-0.06967587034813925
Prpf6,-0.18156062424969985,0.20699403205691955,50,-0.11049219687875149
Prpf8,0.03807923169267707,0.7929008011218845,50,0.10674669867947177
Prph,-0.10415366146458584,0.471641233220701,50,-0.03250900360144057
Prps1,0.021080432172869146,0.8844684492089908,50,0.04172869147659064
Prps2,0.06583591444669419,0.6496496177789125,50,-0.018391356542617046
Prpsap1,-0.14093637454981991,0.32894129283283724,50,-0.15668667466986794
Prpsap2,-0.01474189675870348,0.9190663559060632,50,-0.03606242496998799
Prr12,0.15150060024009604,0.29360195131671885,50,-0.019735894357743092
Prr15,-0.12825930372148858,0.3747207343614539,50,-0.17944777911164464
Prr18,0.1196158463385354,0.4080129880247367,50,0.13171668667466988
Prr3,0.06746698679471788,0.641553120220504,50,0.020312124849939977
Prr36,-0.10031212484993997,0.4882313531546813,50,-0.29315726290516203
Prr5,-0.05267707082833133,0.7163700413625802,50,-0.0546938775510204
Prr7,0.1795438175270108,0.21216907573751145,50,0.11702280912364946
Prrc1,0.35362193580266665,0.011761528471116257,50,0.4337575030012005
Prrc2a,-0.0501812768758537,0.7292836649496741,50,-0.07975990396158462
Prrc2b,0.09483793517406962,0.5123885537518271,50,-0.06919567827130851
Prrg3,-0.011956782713085232,0.9343193556460773,50,-0.12739495798319328
Prrt1,0.1562064825930372,0.27868587923533067,50,0.2339015606242497
Prrt2,0.13642256902761105,0.3448217871817177,50,0.2349579831932773
Prrt3,0.14343337334933973,0.32035690873689926,50,0.10828331332533012
Prtfdc1,-0.16379351740696277,0.255706622957568,50,-0.3152460984393757
Prune1,0.07745498199279711,0.5928980657558349,50,0.15553421368547415
Prune2,-0.2059543817527011,0.1513105061052847,50,-0.16869147659063624
Prxl2a,0.10895558223289314,0.4513343099177775,50,0.08273709483793518
Prxl2b,-0.15553421368547415,0.2807856039956614,50,-0.20278511404561822
Psap,0.0059063625450180065,0.9675284624934394,50,-0.01579831932773109
Psat1,0.11337334933973588,0.43308322687472733,50,-0.25973589435774314
Psd,0.04835534213685474,0.7387789011788352,50,0.04028811524609843
Psd2,0.07553421368547418,0.6021269961462214,50,0.16043217286914768
Psd3,0.08504201680672267,0.5570736463170085,50,0.2266986794717887
Psen1,-0.04211385628719971,0.7715203328421368,50,0.008883553421368545
Psip1,-0.04470588235294118,0.7578715994253096,50,-0.09829531812725088
Psma1,-0.015222088835534215,0.9164392876278163,50,-0.1413205282112845
Psma2,-0.135078031212485,0.3496421518419177,50,-0.08139255702280913
Psma4,0.02991596638655462,0.8366085090060389,50,0.0453781512605042
Psma5,0.12240096038415366,0.3971038054741006,50,0.13824729891956783
Psma6,-0.08763505402160864,0.545068561888412,50,-0.23342136854741896
Psma7,0.18684273709483792,0.19386252101312867,50,0.29517406962785114
Psmb1,0.0012004801920768309,0.9933984017153108,50,0.035390156062424974
Psmb10,0.2663625450180072,0.0615164065849976,50,0.16542617046818728
Psmb2,0.04672268907563025,0.7473018728218163,50,0.1309483793517407
Psmb3,-0.07831932773109243,0.5887656367420658,50,0.018007202881152456
Psmb4,-0.09214885954381752,0.5244723206491533,50,-0.0052340936374549825
Psmb5,-0.22439375750300117,0.11720267705189423,50,-0.1223049219687875
Psmb7,0.08744297719087635,0.5459535436144716,50,0.029723889555822326
Psmb8,0.21613445378151258,0.131675321304232,50,0.19327731092436973
Psmb9,0.09877551020408162,0.49495168363471587,50,0.12345738295318126
Psmc1,-0.10881413722553539,0.4519255350180671,50,-0.15505402160864346
Psmc2,0.043937575030012,0.7619098383988592,50,-0.06468187274909963
Psmc3,0.31438175270108043,0.02618214153854077,50,0.20701080432172866
Psmc4,0.3241776710684274,0.021635115207011568,50,0.3677791116446578
Psmc5,0.12149151243627739,0.4006471963816738,50,0.014549819927971188
Psmc6,0.18924369747899158,0.18809372129698163,50,0.173781512605042
Psmd1,-0.08849939975990395,0.5410947006606597,50,-0.2204561824729892
Psmd10,-0.02376950780312125,0.8698509994132183,50,-0.033277310924369745
Psmd11,0.027803121248499398,0.8480068101944223,50,-0.07265306122448979
Psmd12,0.024345738295318126,0.866724113819169,50,0.04499399759903961
Psmd13,-0.08945978391356542,0.5366958030570775,50,-0.014453781512605042
Psmd14,0.07851140456182472,0.5878490710968568,50,0.07726290516206481
Psmd2,-0.10703481392557021,0.4593990245177137,50,-0.02895558223289316
Psmd3,-0.07457562008440269,0.6067561817436458,50,-0.04845138055222088
Psmd4,0.09887154861944776,0.49453026557183105,50,0.029819927971188476
Psmd5,-0.011764705882352943,0.9353722106171002,50,0.04998799519807923
Psmd6,0.11183673469387755,0.4393840392524576,50,0.08388955582232892
Psmd7,-0.2758703481392557,0.05248029604808258,50,-0.10232893157262904
Psmd8,0.0710204081632653,0.6240575126328836,50,-0.004561824729891957
Psmd9,0.4224249699879952,0.002243976528421662,50,0.2736614645858343
Psme1,0.26271308523409365,0.0652997424850174,50,0.3011284513805522
Psme2,0.28528211284513805,0.04462494150408549,50,0.347611044417767
Psme3,-0.13680672268907562,0.34345211659771546,50,-0.2004801920768307
Psme3ip1,-0.14525810324129654,0.31417424667336896,50,0.04019207683073229
Psme4,0.21253811622251528,0.13838053058275607,50,0.26027035470538473
Psmf1,-0.1624489795918367,0.25968298059851147,50,-0.1675390156062425
Psmg1,-0.07889555822328932,0.5860178595409992,50,-0.12422569027611044
Psmg2,-0.08504201680672267,0.5570736463170085,50,-0.23563025210084032
Psmg4,-0.0631452581032413,0.663093413076652,50,-0.06977190876350539
Pspc1,-0.19990396158463383,0.16395970586873604,50,-0.1901080432172869
Psph,-0.11030012004801922,0.4457354930536335,50,-0.09243697478991596
Pstpip2,-0.004465786314525811,0.9754455374575086,50,0.08187274909963986
Ptar1,-0.19308523409363745,0.17912052242038165,50,-0.12528211284513804
Ptbp1,0.14343337334933973,0.32035690873689926,50,0.06593037214885954
Ptbp2,0.139015606242497,0.3356419584156021,50,0.08561824729891956
Ptbp3,-0.12192076830732293,0.3989724432787403,50,-0.10012004801920767
Ptcd2,0.13104441776710685,0.36435009158199927,50,0.012725090036014405
Ptcd3,0.05911164465786314,0.6834444707314836,50,0.05114045618247299
Ptdss1,-0.04979591836734694,0.7312843187919351,50,-0.04067226890756302
Ptdss2,0.09896758703481391,0.49410903335693884,50,0.16494597839135652
Pten,0.09829531812725088,0.49706155808489233,50,0.10002400960384153
Pter,-0.20201680672268904,0.1594577554373011,50,-0.19241296518607443
Ptgds,-0.0528704170720717,0.7153728548846161,50,-0.011092436974789914
Ptges2,0.38458583433373345,0.005822997523328523,50,0.4100360144057623
Ptges3,-0.14189675870348137,0.325622674197588,50,-0.20307322929171667
Ptges3l,-0.1076110444177671,0.45697143942352847,50,-0.1251860744297719
Ptgfrn,0.21056422569027608,0.14216736981273853,50,0.27980792316926767
Ptgr1,0.06967587034813925,0.6306540338400889,50,0.06756302521008403
Ptgr2,-0.17810324129651858,0.21592051293100967,50,-0.3905402160864346
Ptgs1,0.2573349339735894,0.0712113664567031,50,0.1824249699879952
Ptgs2,0.13421368547418966,0.3527627156843771,50,0.02770708283313325
Ptk2,0.08667466986794717,0.5495003532633628,50,0.15793517406962787
Ptk2b,0.09080432172869149,0.5305667571451648,50,-0.02127250900360144
Ptk7,-0.014069627851140454,0.9227456830202393,50,0.037022809123649456
Ptma,-0.09944777911164465,0.4920056635658296,50,0.011188475390156062
Ptms,-0.24350540216086433,0.08837207198480049,50,-0.2059543817527011
Ptn,0.26905162064825927,0.058842761787715185,50,0.25579831932773106
Ptov1,0.014357743097238897,0.9211686280160256,50,0.058727490996398554
Ptp4a1,0.13968787515006,0.3332871113242811,50,0.08004801920768306
Ptp4a2,0.04701080432172868,0.7457956102653991,50,0.058439375750300115
Ptp4a3,-0.031260504201680674,0.8293721484376042,50,-0.04019207683073229
Ptpa,-0.09464813083474416,0.513236832384934,50,-0.14199279711884752
Ptpdc1,0.08955582232893158,0.5362568732672314,50,0.19769507803121247
Ptpmt1,-0.03183673469387755,0.8262751004534171,50,-0.008211284513805522
Ptpn1,-0.04883553421368547,0.7362779963744167,50,-0.06487394957983193
Ptpn11,0.1598559423769508,0.2674682046825719,50,0.048931572629051616
Ptpn12,0.10703738388160565,0.4593881821196014,50,0.24801920768307323
Ptpn13,-0.0724609843937575,0.6170220679508197,50,-0.1568787515006002
Ptpn2,-0.31486194477791113,0.02594196530121549,50,-0.0844657863145258
Ptpn23,-0.2302521008403361,0.1076939171216137,50,-0.26252100840336134
Ptpn3,0.05517406962785113,0.7035283168203037,50,0.10108043217286913
Ptpn4,0.12240096038415366,0.3971038054741006,50,0.09397358943577432
Ptpn5,0.23563025210084032,0.09949598473376198,50,0.1732052821128451
Ptpn6,0.19980792316926768,0.1641665206512962,50,0.25330132052821125
Ptpn7,0.2556062424969988,0.07319921366245032,50,0.19020408163265307
Ptpn9,0.13229291716686675,0.3597581483895191,50,0.09522208883553422
Ptpra,-0.015222454325019737,0.9164372884154077,50,0.0943119883102169
Ptprc,0.17551020408163265,0.2227891418042841,50,0.13459783913565426
Ptprd,-0.11558223289315725,0.4241151327669407,50,0.004081632653061224
Ptpre,0.18252100840336133,0.20456116308193023,50,0.17819927971188473
Ptprf,0.058727490996398554,0.6853946173145391,50,0.019255702280912366
Ptprg,0.012149151243627736,0.9332650132369202,50,-0.1105428702088184
Ptprj,0.1900120048019208,0.18627387932021158,50,0.142953181272509
Ptprk,0.10885954381752701,0.4517356940943246,50,0.08984393757503001
Ptprm,-0.2093157262905162,0.14460203159540103,50,-0.2225690276110444
Ptprn,-0.09867947178871549,0.49537328744338616,50,-0.10165666266506602
Ptprn2,-0.029627851140456178,0.8381609225627791,50,0.1332533013205282
Ptprr,0.18684273709483792,0.19386252101312867,50,0.10472989195678271
Ptprs,-0.07870348139255702,0.5869331449844367,50,-0.004273709483793517
Ptprt,0.019543817527010805,0.8928387273266257,50,-0.007539015606242497
Ptpru,-0.08734693877551021,0.5463962930194103,50,-0.2664585834333733
Ptprz1,0.08264105642256904,0.5682994514330523,50,-0.044801920768307316
Ptrh1,0.15390156062424967,0.28592813762721164,50,0.1006002400960384
Ptrh2,-0.3283073229291717,0.019928284465336205,50,-0.26319327731092435
Ptrhd1,0.03654261704681872,0.8010844484336721,50,0.06372148859543818
Pts,0.25402770782130724,0.07505255051487093,50,0.17858772124526306
Pttg1ip,0.03404561824729892,0.8144277037768815,50,0.028283313325330132
Puf60,0.020504201680672268,0.8876058902514381,50,0.012244897959183673
Pum1,0.0757262905162065,0.601201286715933,50,0.020312124849939977
Pum2,-0.032220888355342134,0.8242118518362515,50,0.09426170468187275
Pum3,0.007250900360144057,0.9601419726471438,50,0.09166866746698678
Pura,-0.02261704681872749,0.8761106394173841,50,-0.09099639855942376
Purb,-0.07130852340936374,0.6226477383132251,50,-0.0642016806722689
Purg,-0.11236764391339489,0.4372013308740567,50,-0.06996398559423768
Pus1,0.09301320528211285,0.5205728942864307,50,0.12432172869147658
Pus10,-0.04633853541416567,0.7493116765230454,50,-0.0546938775510204
Pus3,-0.18799519807923168,0.1910779964419356,50,-0.20701080432172866
Pus7,-0.2696278511404562,0.05828217448842121,50,-0.1574549819927971
Pusl1,-0.2242016806722689,0.11752490441786206,50,-0.20941176470588235
Pvalb,0.011956782713085232,0.9343193556460773,50,0.03894357743097239
Pvr,0.04220888355342137,0.7710187121217909,50,0.020504201680672268
Pwp1,0.09819927971188475,0.4974840890824957,50,0.11529411764705881
Pwp2,0.15082833133253298,0.29577436862597856,50,0.050660264105642255
Pxk,0.12144057623049219,0.400846196407491,50,0.13171668667466988
Pxmp4,-0.07313325330132053,0.6137504230402822,50,-0.03270108043217287
Pxn,-0.1836734693877551,0.20166839087231644,50,-0.3454021608643457
Pycard,0.25406962785114046,0.07500285778726268,50,0.18607442977190874
Pycr1,-0.05517406962785113,0.7035283168203037,50,-0.08120048019207683
Pycr2,0.18482593037214884,0.1988046228303781,50,0.23342136854741896
Pycr3,0.054405762304921966,0.7074710981749527,50,0.0015846338535414166
Pygb,0.06396312038147094,0.6589956116650091,50,0.03543902615730146
Pygl,0.4514285714285714,0.0010000291240817155,50,0.46141656662665065
Pygm,0.04028811524609843,0.7811756142878552,50,-0.03615846338535413
Pygo1,0.03798319327731092,0.7934116423266137,50,-0.07034813925570228
Pygo2,-0.11183673469387755,0.4393840392524576,50,0.006482593037214886
Pym1,0.1727250900360144,0.23033363070140092,50,0.15428571428571428
Pyroxd1,0.05046818727490996,0.7277952785933703,50,-0.010324129651860744
Pyroxd2,0.0724609843937575,0.6170220679508197,50,-0.06746698679471788
Pyurf,0.09051620648259305,0.531877221666068,50,0.11596638655462185
Pzp,-0.2043413542537821,0.15461006907018535,50,-0.2325793604350333
Qars1,-0.08581032412965187,0.553503616234848,50,0.016950780312124852
Qdpr,0.07082833133253301,0.6249981037249486,50,-0.11750300120048018
Qk,0.20297719087635052,0.1574416181089488,50,0.1280672268907563
Qpct,0.23121248499399757,0.1061932294210943,50,0.2516686674669868
Qprt,-0.056806722689075634,0.6951756021337345,50,-0.04605042016806723
Qrich1,0.20969987995198078,0.14384963291841682,50,0.16715486194477788
Qrsl1,-0.09474189675870348,0.5128176827143776,50,-0.12729891956782713
Qsox2,-0.07783913565426169,0.5910598413289536,50,-0.16523409363745495
Qtrt1,-0.02348139255702281,0.8714151845581424,50,-0.033373349339735896
Qtrt2,-0.023385354141656663,0.8719366881451378,50,-0.06938775510204082
R3hcc1,-0.23899159663865546,0.094622554993456,50,-0.2163265306122449
R3hdm1,-0.11279711884753903,0.4354400775517007,50,-0.1289315726290516
R3hdm2,0.30381752701080433,0.03195562426255542,50,0.24705882352941175
RGD1302996,0.2217046818727491,0.12177536258445004,50,0.10789915966386554
RGD1304587,0.0974309723889556,0.5008709929602794,50,0.014069627851140454
RGD1304694,-0.15361344537815122,0.2868419996620879,50,-0.12701080432172868
RGD1304884,-0.008691476590636255,0.9522315678165846,50,0.09464585834333733
RGD1305014,-0.06919567827130851,0.6330168945594253,50,-0.049603841536614644
RGD1305178,-0.06060169513619844,0.6758996997168324,50,0.07519988477281044
RGD1305350,0.23793517406962783,0.09613381532054893,50,0.20701080432172866
RGD1305713,-0.034333733493397356,0.8128853570276434,50,0.01531812725090036
RGD1306271,0.46842737094837933,0.0006019074729250904,50,0.3172629051620648
RGD1306502,-0.08312124849939975,0.5660459322469298,50,-0.13623049219687874
RGD1306556,0.08907563025210084,0.5384532700520441,50,0.08945978391356542
RGD1306941,-0.10972388955582232,0.44813028042727127,50,-0.19827130852340935
RGD1307100,0.06746698679471788,0.641553120220504,50,0.04124849939975991
RGD1307443,0.21872749099639854,0.12699413811761875,50,0.26761104441776706
RGD1307554,-0.13584633853541417,0.3468826088006764,50,-0.05815126050420167
RGD1307929,0.0036015270485062465,0.9801964801726094,50,0.040481164025210216
RGD1307947,-0.1224969987995198,0.39673069234463537,50,-0.0346218487394958
RGD1308134,0.031068427370948382,0.830405071075181,50,0.03827130852340937
RGD1308147,0.23611044417767107,0.09878814749689205,50,0.27519807923169265
RGD1308430,0.15505402160864346,0.2822917592950656,50,0.2866266506602641
RGD1308601,-0.02348139255702281,0.8714151845581424,50,0.016470588235294115
RGD1309104,-0.06919567827130851,0.6330168945594253,50,-0.04633853541416567
RGD1309534,-0.013685474189675868,0.9248488795718957,50,0.029723889555822326
RGD1309540,-0.14352941176470588,0.3200295984361328,50,-0.0033133253301320525
RGD1310352,-0.06391356542617047,0.6592436204488078,50,-0.060840336134453776
RGD1310429,0.018391356542617046,0.8991240812196292,50,0.10405762304921969
RGD1310553,0.037406962785114045,0.7964784852993401,50,0.2620408163265306
RGD1311164,-0.03414165666266506,0.8139135104843961,50,0.17262905162064823
RGD1311345,0.06304921968787515,0.6635752461203878,50,-0.07774309723889555
RGD1311703,-0.09464585834333733,0.513246992952907,50,-0.0534453781512605
RGD1311739,0.026074429771908762,0.8573557532345867,50,0.029051620648259304
RGD1311745,-0.06554621848739495,0.6510918768730238,50,-0.007923169267707083
RGD1311899,0.19231692677070825,0.1808900276550022,50,0.07322929171668667
RGD1359108,0.019255702280912366,0.8944094701222107,50,-0.06237695078031212
RGD1359127,-0.1558223289315726,0.2798844517690455,50,0.19865546218487393
RGD1359290,-0.3270588235294118,0.020431864081013818,50,-0.30823529411764705
RGD1559441,-0.1896278511404562,0.18718221890648912,50,-0.15793517406962787
RGD1559896,-0.14583433373349342,0.3122377242238597,50,-0.11087635054021608
RGD1559909,-0.07265306122448979,0.6160865570949562,50,-0.07399759903961585
RGD1560065,0.09210305172046641,0.5246793825085945,50,0.08773109243697479
RGD1560212,0.1807923169267707,0.20895491396373989,50,0.1431452581032413
RGD1560341,0.07716686674669868,0.5942783968149362,50,0.10175270108043216
RGD1560394,0.08244897959183674,0.5692020208639987,50,0.05277310924369748
RGD1560883,-0.14986794717887153,0.2988958515111014,50,-0.07822328931572628
RGD1561149,0.13728691476590635,0.34174476789816005,50,0.192124849939976
RGD1562987,0.19231692677070825,0.1808900276550022,50,0.17531812725090035
RGD1563072,0.013973589435774309,0.9232714336848591,50,0.026554621848739496
RGD1563861,-0.1537094837935174,0.28653716705399784,50,0.014261704681872748
RGD1564053,-0.13661464585834332,0.3441365307092955,50,-0.1262424969987995
RGD1564664,0.1504441776710684,0.29702041629622666,50,0.18213685474189675
RGD1564804,0.16062424969987996,0.2651454515822582,50,0.29959183673469386
RGD1565059,0.022905162064825933,0.8745450103974277,50,-0.04019207683073229
RGD1565685,0.08686674669867947,0.5486126204499956,50,-0.04240096038415366
RGD1565784,-0.27827130852340937,0.05037727027297049,50,-0.19145258103241294
RGD1566265,0.3023769507803121,0.03281913735533106,50,0.18693877551020407
RGD1566359,-0.05728691476590636,0.6927256711507918,50,0.008211284513805522
RGD735065,0.19154861944777912,0.1826720660912252,50,0.1371908763505402
RT1-CE10,-0.013781512605042016,0.9243230321819229,50,0.10040816326530612
RT1-M6-1,0.11126050420168068,0.44175991649739177,50,0.06813925570228091
Rab10,0.20259303721488592,0.15824581649145983,50,0.018007202881152456
Rab11b,0.17436192950834906,0.22587863584715612,50,0.1497755048572131
Rab11fip2,-0.02674669867947179,0.8537176771711391,50,-0.15130852340936377
Rab11fip3,0.07707082833133252,0.5947388231105694,50,0.1266266506602641
Rab11fip4,-0.11721488595438176,0.41755469815044904,50,0.07342136854741896
Rab11fip5,-0.12835534213685473,0.37436021185850976,50,-0.07697478991596637
Rab12,0.08254501800720286,0.5687506533002326,50,0.03788715486194477
Rab13,0.18607442977190874,0.1957348230578232,50,0.11049219687875149
Rab14,-0.10933973589435773,0.4497307287809592,50,-0.06804321728691476
Rab15,0.07755102040816325,0.5924382718268313,50,0.03154861944777911
Rab18,-0.03481392557022809,0.8103163429601984,50,-0.0848499399759904
Rab1a,-0.10213685474189677,0.4803132883171395,50,-0.12038415366146459
Rab21,-0.08634060844285642,0.5510459363376429,50,-0.0993061058174789
Rab22a,-0.015510204081632653,0.9148634689164352,50,-0.09435774309723889
Rab23,-0.060264105642256906,0.6776063345498441,50,0.04854741896758703
Rab24,-0.02376950780312125,0.8698509994132183,50,0.003985594237695078
Rab26,0.0017767106842737094,0.990229763041263,50,-0.03145258103241296
Rab27a,0.2444657863145258,0.08708474152636156,50,0.18953181272509
Rab27b,-0.030012004801920768,0.8360911744142364,50,0.062184873949579826
Rab28,-0.26338535414165665,0.06458919309846894,50,-0.2395678271308523
Rab29,0.33522208883553417,0.01732522589540323,50,0.3232172869147659
Rab2a,0.08657863145258103,0.5499444767025348,50,0.03183673469387755
Rab2b,-0.053637454981992794,0.7114214906008638,50,-0.06448979591836734
Rab30,0.0563265306122449,0.6976286191683302,50,0.15399759903961585
Rab31,0.035006002400960384,0.8092892895049884,50,0.006578631452581032
Rab33a,-0.03615846338535413,0.8031337045668979,50,0.021848739495798315
Rab33b,-0.0114765906362545,0.9369516977605437,50,0.08782713085234094
Rab34,0.21872749099639854,0.12699413811761875,50,0.16168067226890756
Rab35,-0.15543817527010806,0.28108641153206376,50,-0.04057623049219687
Rab37,0.19779111644657865,0.16855369141305213,50,0.1359423769507803
Rab39a,0.0910924369747899,0.5292578818589984,50,0.12681872749099637
Rab3a,-0.22026410564225687,0.1242799238462067,50,-0.044801920768307316
Rab3b,0.2033613445378151,0.15664042257044777,50,0.3192797118847539
Rab3c,-0.017238895558223288,0.9054155682735919,50,0.08840336134453781
Rab3d,-0.20797118847539015,0.1472584272135925,50,0.016758703481392558
Rab3gap2,0.11558223289315725,0.4241151327669407,50,0.02559423769507803
Rab3il1,0.2337094837935174,0.1023665748068131,50,0.2775990396158463
Rab3ip,-0.15466986794717885,0.28350049578454267,50,-0.16744297719087634
Rab40c,-0.061896758703481394,0.6693677056031839,50,0.17675870348139258
Rab43,0.17469807203287632,0.22497117733550326,50,0.005426170468187274
Rab4a,-0.36950780312124853,0.008268252790849993,50,-0.32955582232893155
Rab4b,-0.06487394957983193,0.6544436547826313,50,-0.10463385354141658
Rab5a,0.1104468294875249,0.44512690504855357,50,0.09474189675870348
Rab5b,-0.19337334933973588,0.1784601820905578,50,-0.21507803121248498
Rab5c,0.05392557022809123,0.7099392074557783,50,0.04710684273709483
Rab5if,0.22439375750300117,0.11720267705189423,50,0.21430972388955583
Rab6a,0.003889555822328931,0.9786130658625282,50,-0.015126050420168066
Rab6b,-0.08014405762304923,0.5800841984627959,50,0.01819927971188475
Rab7a,-0.35106842737094834,0.012427392102103297,50,-0.23918367346938774
Rab7b,0.08225690276110444,0.5701052525423822,50,0.027515006002400956
Rab8a,-0.1022328931572629,0.479898434338403,50,0.029723889555822326
Rab8b,0.20220888355342137,0.15905302276769367,50,0.08984393757503001
Rab9a,-0.011860744297719087,0.9348457693377733,50,-0.146218487394958
Rab9b,0.3866986794717887,0.0055366705747584115,50,0.46861944777911163
Rabac1,-0.1144297719087635,0.4287809515377118,50,-0.07332533013205282
Rabep1,0.06890921752808618,0.6344282004859936,50,0.10972388955582232
Rabep2,0.13575030012004802,0.3472268155866828,50,0.07505402160864347
Rabepk,-0.05891956782713085,0.6844192893342099,50,-0.1373829531812725
Rabgap1,-0.020504201680672268,0.8876058902514381,50,0.06429771908763504
Rabgap1l,-0.10953181272509004,0.4489301126849483,50,0.08456182472989196
Rabgef1,0.12672268907563025,0.38051732071102834,50,0.14410564225690276
Rabggta,-0.12739495798319328,0.3779747809109605,50,-0.19135654261704682
Rabggtb,-0.22406300277773528,0.11775796811924442,50,-0.01531812725090036
Rabif,0.2661704681872749,0.06171104726876749,50,0.21315726290516207
Rabl2,-0.19807923169267705,0.1679217900172661,50,-0.246578631452581
Rabl3,-0.056038415366146455,0.6991019013727332,50,-0.08120048019207683
Rabl6,-0.14828687367716387,0.30408093525988017,50,-0.08254501800720286
Rac1,0.1698480156075546,0.23831001057047363,50,0.22535955251519751
Rac2,-0.22756302521008404,0.11198237554583139,50,-0.1291236494597839
Rac3,-0.23255702280912363,0.10411930458831185,50,-0.1562064825930372
Rack1,-0.15399759903961585,0.2856239407910244,50,-0.15975990396158463
Rad21,-0.08004801920768306,0.5805396641943295,50,0.07937575030012005
Rad23a,-0.11951980792316927,0.4083922236223843,50,-0.1061704681872749
Rad23b,-0.16398559423769507,0.2551419349962814,50,-0.18693877551020407
Rad50,0.044129651860744294,0.7608996852480964,50,-0.03183673469387755
Rad54l2,0.19884753901560623,0.1662451438859902,50,0.21104441776710686
Radil,-0.008883553421368545,0.9511771749067408,50,-0.021464585834333732
Rae1,-0.18405762304921966,0.2007105836695977,50,-0.14410564225690276
Raf1,-0.09272509003601441,0.5218710938996306,50,-0.15505402160864346
Rai1,-0.13085234093637454,0.3650596792576869,50,-0.15159663865546216
Rai14,0.030492196878751498,0.83350553540182,50,0.027803121248499398
Rala,0.06967587034813925,0.6306540338400889,50,0.009651860744297719
Ralb,-0.002064825930372149,0.9886454966383466,50,-0.021464585834333732
Ralbp1,0.05238895558223289,0.7178568695076138,50,0.0811044417767107
Ralgapa1,-0.040384153661464584,0.7806668942253498,50,-0.09599039615846339
Ralgapa2,-0.046530612244897955,0.7483065676552072,50,-0.24600240096038412
Ralgapb,-0.16561824729891955,0.25037598681334733,50,-0.05987995198079231
Ralgps1,0.03860836995998696,0.7900877924240729,50,0.025066628257603474
Raly,0.16855146587009234,0.2419655475295658,50,0.05085234093637454
Ralyl,0.07034813925570228,0.6273521677638412,50,0.00849939975990396
Ramac,-0.11145258103241296,0.44096716713420075,50,-0.12326530612244897
Ramp1,0.24100840336134452,0.09178868042437142,50,0.15188475390156062
Ran,-0.13181272509003603,0.3615200982533277,50,-0.16821128451380551
Ranbp1,-0.24475390156062424,0.0867014140275496,50,-0.11366146458583432
Ranbp10,-0.2401440576230492,0.09299500250674389,50,-0.17762304921968786
Ranbp2,-0.16773109243697476,0.24429816958406525,50,-0.08283313325330133
Ranbp3,0.0030252100840336134,0.9833649557151009,50,0.14285714285714285
Ranbp6,0.013877551020408161,0.9237972168124924,50,0.02809123649459784
Ranbp9,-0.050660264105642255,0.7267994090773101,50,-0.034333733493397356
Rangap1,-0.11663865546218487,0.419863505348961,50,-0.03673469387755102
Rangrf,-0.05939975990396158,0.6819832009828575,50,-0.08801920768307324
Rap1a,-0.12509003601440577,0.3867342723350412,50,-0.2
Rap1b,0.03956877717292196,0.7849888523758247,50,-0.04091334727103096
Rap1gap,0.29248499399759903,0.03928547240186591,50,0.11318127250900359
Rap1gap2,0.3362865856091899,0.016951356004643633,50,0.3857955774359891
Rap1gds1,-0.17512605042016804,0.22381945017363192,50,-0.16235294117647062
Rap2b,0.13219687875150057,0.36011011987871283,50,0.08917166866746698
Rap2c,0.2217046818727491,0.12177536258445004,50,0.28653061224489795
Rapgef1,0.18213685474189675,0.205531882566014,50,0.1007923169267707
Rapgef2,-0.13872749099639856,0.3366543459943995,50,-0.18626650660264102
Rapgef3,0.12384153661464585,0.3915286504703151,50,0.22285714285714284
Rapgef4,0.15313325330132052,0.288369341983597,50,0.018775510204081632
Rapgef5,-0.014645858343337334,0.9195918731388897,50,-0.09464585834333733
Rapgef6,-0.15956782713085235,0.26834271856772207,50,-0.15975990396158463
Rapgefl1,0.31006002400960386,0.02842864651479007,50,0.18309723889555823
Raph1,-0.06775510204081632,0.6401271870153562,50,0.05133253301320528
Rarres2,0.12278511404561823,0.3956125827762633,50,0.07169267707082833
Rars1,0.25387755102040815,0.07523076263416291,50,0.2167106842737095
Rars2,-0.0022569027611044415,0.9875893427487413,50,0.07428571428571429
Rasa1,0.08494597839135654,0.5575206625370219,50,-0.008595438175270108
Rasa2,0.1745498199279712,0.2253710909734371,50,0.13363745498199278
Rasa3,0.25762304921968787,0.07088426428959156,50,0.3081392557022809
Rasal1,0.015702280912364946,0.913813102725811,50,0.1171188475390156
Rasal2,0.28893157262905156,0.04184995297661072,50,0.23572629051620647
Rasd2,0.211812725090036,0.13976332183491857,50,0.11452581032412965
Rasgef1a,-0.11923169267707083,0.40953114935851703,50,-0.027803121248499398
Rasgef1c,0.20825930372148857,0.14668618066996592,50,0.051908763505402154
Rasgrf1,0.060072028811524604,0.6785780674684071,50,0.2074909963985594
Rasgrp1,0.016086434573829533,0.9117128093624184,50,0.0014885954381752698
Rasgrp2,0.16398559423769507,0.2551419349962814,50,0.0966626650660264
Rasip1,0.14036014405762304,0.33094261620940163,50,0.1512124849939976
Rasl11a,-0.38180072028811524,0.0062201222069317936,50,-0.3160144057623049
Rassf2,0.13930372148859543,0.3346314710461996,50,0.19030012004801922
Rassf5,0.23006002400960382,0.10799599626762266,50,0.25531812725090036
Rassf8,-0.019927971188475387,0.890745037661987,50,-0.0114765906362545
Raver1,-0.15524609843937573,0.281688661867124,50,-0.08225690276110444
Raver2,0.14593037214885954,0.31191571257701484,50,0.17925570228091237
Rb1,0.025306122448979586,0.861517146105322,50,-0.08187274909963986
Rb1cc1,0.035966386554621844,0.8041588252755482,50,0.03759903961584634
Rbbp4,-0.28489795918367344,0.04492558866186926,50,-0.21171668667466984
Rbbp5,-0.15918367346938775,0.2695116924175515,50,-0.1367106842737095
Rbbp6,-0.17570228091236492,0.2222752222025812,50,-0.16456182472989198
Rbbp7,0.12931572629051621,0.3707664223103757,50,0.08677070828331333
Rbbp9,-0.07582232893157262,0.6007386654540318,50,-0.09983193277310923
Rbck1,0.06967587034813925,0.6306540338400889,50,-0.017430972388955582
Rbfa,-0.030876350540216087,0.8314382775692926,50,-0.14372148859543818
Rbfox1,0.0821608643457383,0.5705571163870861,50,0.02261704681872749
Rbfox2,-0.22429771908763504,0.11736370668289967,50,-0.24705882352941175
Rbfox3,0.32206482593037217,0.022554983750327585,50,0.34136854741896755
Rbks,0.030204081632653063,0.8350567113874385,50,0.04153661464585834
Rbl2,0.07265306122448979,0.6160865570949562,50,0.19135654261704682
Rbm10,0.09358943577430971,0.5179813380142873,50,-0.026938775510204082
Rbm14,-0.00773109243697479,0.957504711384272,50,-0.026266506602641054
Rbm15,0.1483313325330132,0.3039343481184082,50,0.06506602641056422
Rbm15b,-0.08340936374549819,0.5646958176738254,50,-0.3040096038415366
Rbm17,0.03289315726290516,0.8206040037107419,50,0.11779111644657862
Rbm19,0.12038415366146459,0.40498642537179863,50,0.03548619447779112
Rbm22,0.04883553421368547,0.7362779963744167,50,-0.011668667466986795
Rbm25l1,-0.18569027611044414,0.19667577137847217,50,-0.1695558223289316
Rbm26,0.2024969987995198,0.15844733587376408,50,0.15572629051620648
Rbm27,0.3917887154861945,0.004896845837755651,50,0.3103481392557023
Rbm3,0.24782713085234095,0.08269418207350142,50,0.24465786314525811
Rbm33,0.0009123649459783913,0.994982761888243,50,0.08734693877551021
Rbm34,0.08350540216086433,0.564246113106247,50,-0.01771908763505402
Rbm39,0.10309723889555823,0.4761732784367937,50,-0.008019207683073229
Rbm4,-0.05008403361344538,0.7297883520350384,50,-0.03644657863145258
Rbm42,-0.14112845138055222,0.3282758767462333,50,-0.04998799519807923
Rbm45,-0.01205282112845138,0.9337929697639936,50,-0.0588235294117647
Rbm4b,0.21824729891956784,0.12785142419425916,50,0.15515006002400963
Rbm5,0.019255702280912366,0.8944094701222107,50,-0.02770708283313325
Rbm6,-0.04950780312124849,0.7327812756088922,50,0.012340936374549819
Rbm7,-0.0025450180072028807,0.9860051519629387,50,0.10693877551020407
Rbm8a,-0.10549819927971187,0.46590664501610946,50,-0.22199279711884753
Rbms1,0.016758703481392558,0.9080387412450949,50,0.03990396158463385
Rbms2,-0.09176470588235294,0.5262100377727071,50,-0.04441776710684273
Rbmx,0.15178871548619446,0.2926740966598977,50,0.2518607442977191
Rbmx2,0.1762785114045618,0.2207383974025891,50,0.2611764705882353
Rbmxl1,-0.19039615846338534,0.18536869841456516,50,-0.23572629051620647
Rbp1,0.41704681872749094,0.0025870149886201986,50,0.38804321728691477
Rbp4,-0.23899159663865546,0.094622554993456,50,-0.22496998799519805
Rbpj,-0.04326530612244897,0.765448458884893,50,-0.004465786314525811
Rbsn,-0.12825930372148858,0.3747207343614539,50,-0.1512124849939976
Rbx1,0.08062424969987995,0.5778093067048342,50,0.10050420168067226
Rc3h1,-0.19241296518607443,0.18066815479989504,50,-0.030300120048019206
Rc3h2,0.07313325330132053,0.6137504230402822,50,0.20345738295318128
Rcan1,0.13872749099639856,0.3366543459943995,50,0.11750300120048018
Rcan2,-0.13440576230492196,0.352067786837127,50,-0.1874189675870348
Rcan3,0.10943577430972388,0.4493303227931961,50,0.03807923169267707
Rcbtb1,-0.26271308523409365,0.0652997424850174,50,-0.24648259303721487
Rcbtb2,-0.15889937338009558,0.2703789887180711,50,-0.1328691476590636
Rcc1,-0.050372148859543824,0.7282933804348101,50,0.003217286914765906
Rcc1l,-0.23284513805522208,0.10367897324465024,50,-0.26521008403361346
Rcc2,0.2062424969987995,0.15072665560143494,50,0.09253301320528211
Rchy1,0.3167827130852341,0.02499962339778339,50,0.22084033613445375
Rcl1,0.33378151260504196,0.017842312275098946,50,0.33032412965186075
Rcn1,0.04249699879951981,0.7694984047447928,50,-0.004561824729891957
Rcn2,-0.07779298424773493,0.5912805475382629,50,-0.05455112969470794
Rcn3,0.05315726290516206,0.7138943092418598,50,0.04470588235294118
Rcor2,0.08398559423769507,0.56200009841794,50,0.012148859543817525
Rcor3,0.15351740696278512,0.2871470442113454,50,0.14650660264105642
Rcsd1,0.039711884753901555,0.7842298323116963,50,0.12720288115246098
Rdh11,0.0760144057623049,0.5998138905729673,50,0.05046818727490996
Rdh13,0.08417969221375265,0.5610934278385523,50,0.13296518607442975
Rdh14,-0.3329171668667467,0.01815880344949673,50,-0.1983673469387755
Rdh16,-0.00849939975990396,0.9532860417065242,50,0.02674669867947179
Rdx,0.19731092436974787,0.169610697501005,50,0.11039615846338535
Reck,0.21891956782713082,0.12665243925699196,50,0.22026410564225687
Recql,0.1289315726290516,0.3722014419914515,50,0.11116446578631452
Reep1,-0.11923169267707083,0.40953114935851703,50,-0.09589435774309724
Reep2,0.05978391356542617,0.680036637231636,50,0.16619447779111643
Reep3,0.17243697478991593,0.23112401246788994,50,0.1506362545018007
Reep5,0.1562064825930372,0.27868587923533067,50,0.19327731092436973
Reep6,0.15860744297719087,0.2712714884666112,50,0.2288115246098439
Rel,0.05930372148859543,0.6824701629112091,50,-0.074093637454982
Rela,-0.00312124849939976,0.982836936740475,50,0.004945978391356542
Relch,0.14093637454981991,0.32894129283283724,50,0.06439375750300119
Rell1,-0.1402641056422569,0.33127691005735305,50,-0.08744297719087635
Rell2,-0.052198132023017194,0.7188421910902949,50,-0.09118847539015605
Reln,0.24974789915966386,0.08026443511528941,50,0.11231692677070829
Rem2,0.19318127250900358,0.1789002137798842,50,0.0712124849939976
Renbp,0.11394957983193275,0.43073354017375876,50,0.08312124849939975
Reps1,0.1307563025210084,0.3654147863032189,50,0.10530612244897959
Reps2,0.1300840336134454,0.36790637879392674,50,0.07380552220888356
Rer1,-0.09618478237544016,0.5063895882515855,50,-0.08288314247629042
Rere,0.14348483761248887,0.3201814860864634,50,0.0644913443485852
Resp18,0.22602641056422568,0.1144908001659129,50,0.2173829531812725
Ret,0.09512605042016806,0.5111022556233562,50,0.12
Retreg2,0.12364945978391356,0.3922693346838515,50,0.24379351740696276
Retreg3,-0.06881152460984392,0.6349097988988524,50,-0.0757262905162065
Retsat,0.045858343337334934,0.7518262499368317,50,0.003217286914765906
Rex1bd,0.020984393757503002,0.8849912355548427,50,0.013589435774309724
Rexo1,0.23894931457822774,0.09468268507460634,50,0.14415712266154335
Rexo2,-0.13469387755102039,0.35102696851524634,50,-0.05853541416566627
Rfc1,0.26953181272509,0.05837530621030692,50,0.11260504201680673
Rfc2,-0.15169267707082834,0.29298316946994507,50,-0.34828331332533013
Rfc3,-0.16878751500600236,0.24129719420588902,50,-0.2023049219687875
Rfc4,0.09887154861944776,0.49453026557183105,50,0.17474189675870347
Rfc5,-0.02895558223289316,0.8417855841374466,50,0.016758703481392558
Rfesd,-0.09627851140456183,0.5059734470588745,50,-0.13267707082833133
Rffl,-0.1388235294117647,0.33631667236623025,50,-0.18165666266506603
Rfk,-0.16062424969987996,0.2651454515822582,50,0.003985594237695078
Rft1,0.23783913565426168,0.09627212471063692,50,0.25656662665066027
Rftn1,0.19663865546218487,0.1710985793248603,50,0.16187274909963983
Rftn2,-0.09915966386554621,0.49326712687897634,50,-0.21478991596638655
Rfx1,-0.18789915966386553,0.19130894556269004,50,-0.20509003601440576
Rfx3,-0.0018727490996398558,0.98970166979651,50,-0.007827130852340937
Rfx5,-0.055654261704681865,0.7010679848872847,50,0.1171188475390156
Rfxap,-0.04518607442977191,0.7553509376892313,50,0.018583433373349337
Rgcc,-0.16475390156062425,0.2528915826071131,50,-0.018103241296518604
Rgl1,0.05392557022809123,0.7099392074557783,50,0.05584633853541416
Rgl2,-0.13248499399759903,0.3590548333678273,50,-0.11865546218487394
Rgl3,0.19202881152460982,0.18155682148109725,50,0.2033613445378151
Rgma,0.05219687875150059,0.7188486638832161,50,0.017046818727490996
Rgmb,0.08811524609843938,0.5428591297156519,50,0.07332533013205282
Rgp1,0.14650660264105642,0.3099880958137485,50,-0.01042016806722689
Rgs10,0.18060024009603842,0.20944716392870089,50,0.21978391356542618
Rgs12,0.11865546218487394,0.4118144807009118,50,0.13344537815126048
Rgs14,-0.015990396158463382,0.9122378272750652,50,0.04009603841536614
Rgs17,0.008403361344537815,0.9538133084615882,50,-0.05959183673469387
Rgs19,-0.3380072028811525,0.0163615439632456,50,-0.17944777911164464
Rgs20,0.08888355342136854,0.5393330505492828,50,0.17138055222088835
Rgs3,-0.011764705882352943,0.9353722106171002,50,0.028187274909963984
Rgs6,0.29872749099639856,0.03509360424297831,50,0.2872989195678271
Rgs7,-0.02266561022526598,0.8758467109843229,50,0.062186367037541185
Rgs7bp,-0.06938775510204082,0.6320713133581387,50,-0.09637454981992796
Rgs8,0.08369747899159663,0.5633472052035943,50,0.08696278511404561
Rgs9,0.3609603841536615,0.010015745327306497,50,0.2444657863145258
Rhbdd2,0.17887154861944776,0.21391403181490395,50,0.19433373349339736
Rhbdd3,0.02175270108043217,0.8808103207234205,50,0.057094837935174066
Rhbdf1,0.009267707082833133,0.949068639160811,50,0.049315726290516206
Rhbdl3,0.09042233909783015,0.5323045111415285,50,0.0922951331630534
Rheb,-0.06890756302521008,0.634436355469756,50,-0.10309723889555823
Rhoa,0.2639615846338535,0.06398508022851794,50,0.11510204081632652
Rhob,0.13498199279711884,0.3499880408101115,50,0.20662665066026412
Rhobtb2,-0.06381752701080431,0.6597243693147454,50,-0.09618247298919569
Rhoc,-0.246578631452581,0.08430421976111704,50,-0.230828331332533
Rhof,0.1063625450180072,0.4622400242246198,50,0.2754861944777911
Rhog,-0.19692677070828332,0.17045976104296842,50,-0.2751020408163265
Rhoq,-0.028187274909963984,0.8459320296355735,50,-0.0385594237695078
Rhot1,0.20749597835460654,0.1482058847075273,50,0.14583783528417962
Rhot2,-0.024729891956782712,0.8646406418817117,50,-0.15966386554621848
Rhou,0.09330132052821127,0.5192763079677906,50,0.12345738295318126
Rhpn2,-0.07668667466986795,0.5965821041440148,50,-0.031644657863145256
Ric1,0.2270828331332533,0.11276170705793447,50,0.23774309723889556
Ric3,0.17791116446578628,0.21642417694250513,50,0.15889555822328932
Ric8a,-0.06324129651860745,0.6626117149647571,50,-0.08869147659063625
Ric8b,0.07150060024009604,0.6217086321267078,50,0.11385354141656662
Rictor,0.2063385354141657,0.15053240874638005,50,0.20297719087635052
Rida,0.3351340969536679,0.01735644104983502,50,0.29594948266591997
Rif1,0.015222088835534215,0.9164392876278163,50,-0.07428571428571429
Rilpl1,0.22602641056422568,0.1144908001659129,50,0.1415126050420168
Rilpl2,-0.02578631452581032,0.8589158319594371,50,-0.004657863145258102
Rimbp2,-0.13142857142857142,0.36293342288441993,50,-0.1171188475390156
Rimoc1,0.2703961584633853,0.057541415912901996,50,0.09858343337334932
Rims1,-0.017911164465786316,0.901744810543093,50,-0.027803121248499398
Rims2,0.1745498199279712,0.2253710909734371,50,0.17647058823529413
Rims3,0.08696278511404561,0.5481690113286253,50,0.18693877551020407
Rims4,-0.1221128451380552,0.39822437393950577,50,-0.15966386554621848
Ring1,-0.05378280392435994,0.7106735730616701,50,-0.03279711884753902
Rint1,-0.04518607442977191,0.7553509376892313,50,-0.16686674669867946
Riok1,0.02645858343337335,0.8552764883233676,50,0.03174069627851141
Riok3,0.09925570228091235,0.4928464528193353,50,-0.06112845138055222
Riox1,-0.06064825930372149,0.6756644275853204,50,-0.04672268907563025
Riox2,0.13440576230492196,0.352067786837127,50,0.03673469387755102
Ripk1,-0.09157262905162064,0.5270799633389929,50,-0.17839135654261706
Ripk2,0.04182472989195678,0.7730471133840358,50,-0.027418967587034812
Ripor1,0.017334933973589435,0.9048910526777013,50,0.11644657863145258
Ripor2,-0.23198079231692675,0.10500428127852024,50,-0.2485954381752701
Rit1,0.05728691476590636,0.6927256711507918,50,0.18424969987995196
Rit2,0.09771908763505403,0.499599518922039,50,0.14122448979591837
Rita1,0.17243697478991593,0.23112401246788994,50,0.06794717887154862
Rlbp1,0.12528211284513804,0.3859997674322132,50,0.05219687875150059
Rliml1,0.14516206482593036,0.3144977424473507,50,0.11058823529411764
Rmc1,0.10021608643457382,0.4886499728762951,50,0.1532292917166867
Rmdn1,-0.08840336134453781,0.5415355477060978,50,-0.18981992797118846
Rmdn2,0.14660264105642254,0.309667568589861,50,0.08292917166866745
Rmdn3,0.03481392557022809,0.8103163429601984,50,0.007346938775510203
Rmnd1,-0.15803121248499397,0.2730388902522867,50,-0.14737094837935172
Rmnd5a,0.26127250900360144,0.06684336555707239,50,0.23476590636254502
Rnase4,0.2866266506602641,0.04358559183791318,50,0.1497719087635054
Rnaseh2a,-0.07716686674669868,0.5942783968149362,50,-0.1032893157262905
Rnasek,0.1076110444177671,0.45697143942352847,50,0.005138055222088836
Rnasel,0.06324129651860745,0.6626117149647571,50,0.07399759903961585
Rnaset2,0.060840336134453776,0.6746942563131716,50,0.1086674669867947
Rnd1,0.12854741896758703,0.3736397902834093,50,0.027418967587034812
Rnd2,0.03759903961584634,0.7954558636185503,50,0.04240096038415366
Rnd3,0.11308523409363744,0.43426075769016703,50,0.1241296518607443
Rnf10,0.14785114045618247,0.3055200155233698,50,0.17791116446578628
Rnf112,0.09618247298919569,0.5063998437393995,50,-0.045954381752701084
Rnf114,-0.2661704681872749,0.06171104726876749,50,-0.139015606242497
Rnf115,-0.18607442977190874,0.1957348230578232,50,0.02357743097238895
Rnf11l1,-0.19423769507803118,0.1764896881235277,50,-0.24321728691476588
Rnf121,-0.03270108043217287,0.8216344458929444,50,-0.07783913565426169
Rnf123,0.07582232893157262,0.6007386654540318,50,0.07563025210084032
Rnf126,0.4641056422569027,0.0006865402999499049,50,0.3707563025210084
Rnf128,0.10415366146458584,0.471641233220701,50,0.14391356542617048
Rnf13,-0.04019207683073229,0.7816844250494279,50,-0.0398079231692677
Rnf139,-0.11039615846338535,0.4453370494422994,50,-0.17080432172869148
Rnf14,0.04566626650660264,0.7528327957303838,50,0.06324129651860745
Rnf146,0.1634093637454982,0.25683852020425263,50,0.21277310924369747
Rnf149,0.05642256902761104,0.697137769951935,50,0.10789915966386554
Rnf150,0.5324849939975991,6.879950791625528e-05,50,0.5885714285714285
Rnf157,0.0885954381752701,0.5406540272994341,50,0.18645858343337332
Rnf166,0.02357743097238895,0.8708937350965249,50,-0.006386554621848738
Rnf167,0.025978391356542615,0.8578757198291542,50,0.01752701080432173
Rnf170,0.30392086253328043,0.031894414492559454,50,0.2684753901560624
Rnf181,0.17032412965186072,0.236977165124819,50,0.06919567827130851
Rnf185,-0.02156062424969988,0.8818552524140807,50,0.05853541416566627
Rnf2,-0.037022809123649456,0.7985247425794066,50,-0.07188475390156063
Rnf20,0.034333733493397356,0.8128853570276434,50,0.2213205282112845
Rnf213,-0.046626650660264106,0.7478041683875994,50,-0.1183673469387755
Rnf214,0.3441536614645858,0.01439501348853874,50,0.2800960384153661
Rnf216,-0.09570228091236495,0.5085345686643504,50,0.004561824729891957
Rnf220,0.21805522208883552,0.12819555612917174,50,0.19903961584633853
Rnf25,-0.03625450180072028,0.802621267065429,50,0.030684273709483793
Rnf31,0.029339735894357743,0.8397139463561469,50,-0.08792316926770707
Rnf34,0.17205282112845138,0.23218075434077384,50,0.18626650660264102
Rnf39,0.30809863390954767,0.029500020916752315,50,0.2788475390156062
Rnf4,0.1361344537815126,0.3458512508899635,50,0.02463385354141657
Rnf40,0.04096038415366146,0.7776164897616292,50,0.18665066026410562
Rnf41,-0.14612244897959184,0.31127232542051414,50,-0.09070828331332531
Rnf5,0.06103241296518607,0.67372460835961,50,0.08734693877551021
Rnf6,-0.09493397358943578,0.511959606175683,50,-0.008691476590636255
Rnf7,-0.25118847539015604,0.07847925830358587,50,-0.22074429771908766
Rnft2,0.0563265306122449,0.6976286191683302,50,0.06621848739495799
Rngtt,-0.08456182472989196,0.5593104161522781,50,-0.037791116446578635
Rnh1,0.07534213685474188,0.603053327134776,50,0.11126050420168068
Rnmt,-0.30506602641056424,0.03122257937359735,50,-0.33608643457382953
Rnpc3,0.17819927971188473,0.21566898765633302,50,0.18876350540216086
Rnpep,0.14079569741627085,0.3294291804662976,50,0.31543817527010803
Rnps1,-0.05968787515006002,0.6805230852255368,50,-0.20576230492196879
Ro60,0.13142857142857142,0.36293342288441993,50,0.14458583433373348
Robo1,0.15294117647058825,0.2889817627244347,50,0.15515006002400963
Robo2,0.28624249699879956,0.043880508173314646,50,0.16859543817527012
Rock1,-0.15274909963985592,0.2895950314476938,50,0.00043217286914765904
Rock2,0.09301320528211285,0.5205728942864307,50,0.06669867947178872
Rogdi,0.34924369747899153,0.012922789501538192,50,0.3670108043217286
Romo1,0.14660264105642254,0.309667568589861,50,0.2550300120048019
Rp2,-0.1537094837935174,0.28653716705399784,50,-0.11135654261704682
Rpa1,-0.039519807923169274,0.7852486230739549,50,0.0672749099639856
Rpa2,-0.1466986794717887,0.3093472534468792,50,-0.17157262905162063
Rpa3,0.12605042016806722,0.38307000705707833,50,0.00312124849939976
Rpap1,0.11414165666266506,0.42995190594090166,50,0.010612244897959183
Rpap2,-0.04883553421368547,0.7362779963744167,50,-0.08581032412965187
Rpap3,-0.1896804245546623,0.1870577212265687,50,-0.24388955582232894
Rpe,-0.06036014405762304,0.6771206626893103,50,-0.019927971188475387
Rpf2,0.13546218487394956,0.3482606980309426,50,0.08533013205282113
Rpgr,0.03423769507803121,0.8133993948322712,50,0.021944777911164462
Rpgrip1l,-0.06477791116446578,0.6549230333249496,50,-0.02914765906362545
Rph3a,0.09618247298919569,0.5063998437393995,50,0.1264345738295318
Rpia,0.1076110444177671,0.45697143942352847,50,0.043745498199279705
Rpl10,-0.1274909963985594,0.37761239010583864,50,-0.009555822328931571
Rpl10a,-0.09925570228091235,0.4928464528193353,50,-0.11913565426170468
Rpl11,-0.29027611044417767,0.040863932112422625,50,-0.2848019207683073
Rpl12,0.11145258103241296,0.44096716713420075,50,0.062953181272509
Rpl13,-0.12254796037050587,0.39653278780144385,50,-0.19318127250900358
Rpl13a,-0.0011044417767106843,0.9939265192708577,50,0.16206482593037216
Rpl14,-0.16840336134453782,0.242385536409115,50,-0.15418967587034815
Rpl15,0.044129651860744294,0.7608996852480964,50,-0.009843937575030014
Rpl17,0.1578429254458671,0.27361804947369417,50,0.07466986794717888
Rpl18,0.05555822328931572,0.7015598094284042,50,-0.003601440576230492
Rpl18a,-0.1574549819927971,0.2748139014076708,50,-0.29901560624249696
Rpl19,0.07159663865546219,0.6212393025069451,50,0.08168067226890756
Rpl21,-0.07140456182472989,0.622178110780469,50,-0.058343337334933965
Rpl22l1,-0.09042016806722687,0.5323143957826949,50,-0.1296998799519808
Rpl23,-0.05334933973589436,0.712904830878288,50,-0.2225690276110444
Rpl23a,-0.22535414165666265,0.11560160535136979,50,-0.19596638655462184
Rpl24,-0.05796057530062719,0.6892939119577948,50,-0.166578631452581
Rpl26,-0.1657142857142857,0.2500975243828108,50,-0.2188235294117647
Rpl27,-0.1407442977190876,0.3296075548569894,50,-0.010900360144057623
Rpl27a,0.016470588235294115,0.9096131131071888,50,0.030204081632653063
Rpl28,0.029531812725090034,0.8386785296382456,50,0.12595438175270107
Rpl29,0.13555822328931572,0.3479158602278951,50,0.09493397358943578
Rpl3,-0.21248499399759901,0.13848144817973826,50,-0.17925570228091237
Rpl30,-0.09243697478991596,0.5231709037211599,50,-0.11740696278511403
Rpl31,-0.3138055222088835,0.026472806452276558,50,-0.3027611044417767
Rpl32,0.09205282112845137,0.5249064828882124,50,-0.029435774309723887
Rpl34,0.07587216982186491,0.6004986411095533,50,-0.18578631452581032
Rpl35,0.020504201680672268,0.8876058902514381,50,-0.0060984393757503004
Rpl35al1,-0.16782713085234094,0.2440243098877604,50,-0.21402160864345737
Rpl36,-0.017334933973589435,0.9048910526777013,50,-0.06055222088835534
Rpl37,0.18751500600240098,0.19223473077865696,50,0.1707082833133253
Rpl39,0.04672268907563025,0.7473018728218163,50,0.2037454981992797
Rpl4,-0.22540757287584426,0.11551302074341163,50,-0.21786837625430452
Rpl5,-0.2167106842737095,0.13062403165117062,50,-0.21872749099639854
Rpl6,-0.10924369747899158,0.45013133056791826,50,-0.04691476590636255
Rpl7,-0.062472989195678265,0.6664690684682278,50,-0.08821128451380551
Rpl7a,-0.06929171668667466,0.6325440312455953,50,-0.21930372148859542
Rpl8,0.08283512211564367,0.5673882099998597,50,0.03606242496998799
Rpl9,-0.10588235294117646,0.46427510774287944,50,-0.11394957983193275
Rplp0,-0.022424969987995196,0.8771546533520387,50,-0.1470828331332533
Rplp1,0.23111644657863145,0.10634257172415776,50,0.2024969987995198
Rplp2,-0.062953181272509,0.6640572139268146,50,0.0728451380552221
Rpn1,-0.08840336134453781,0.5415355477060978,50,-0.01637454981992797
Rpn2,0.0028331332533013207,0.984421014611148,50,-0.09906362545018006
Rpp30,-0.07486194477791117,0.6053718661538691,50,0.09032412965186075
Rpp38,-0.039615846338535404,0.7847391830472042,50,-0.1388235294117647
Rpp40,-0.17224489795918366,0.23165196905395388,50,-0.1570708283313325
Rprd1a,-0.17301320528211284,0.22954511169934466,50,-0.2004801920768307
Rprd1b,-0.07236494597839135,0.61749004931738,50,0.022328931572629048
Rprd2,0.0811044417767107,0.5755384891432878,50,-0.01944777911164466
Rps10,0.14900360144057623,0.30172332345075,50,-0.02127250900360144
Rps11,0.062184873949579826,0.6679177874859943,50,-0.006962785114045618
Rps12,-0.0012004801920768309,0.9933984017153108,50,-0.10165666266506602
Rps13,-0.2786554621848739,0.05004722188525153,50,-0.34703481392557023
Rps14,-0.16225690276110444,0.26025439723024896,50,-0.20566626650660264
Rps15,0.02175270108043217,0.8808103207234205,50,-0.15726290516206481
Rps15a,-0.14228091236494594,0.324301151613419,50,-0.2163265306122449
Rps16,-0.06593037214885954,0.6491796319767822,50,-0.014069627851140454
Rps17,-0.08177671068427371,0.5723662219784476,50,-0.08734693877551021
Rps18,-0.17435774309723887,0.22588995351101332,50,-0.19241296518607443
Rps19,-0.049315726290516206,0.7337797943319674,50,-0.10405762304921969
Rps2,-0.09003601440576231,0.5340648521199438,50,-0.09906362545018006
Rps20,0.011092436974789914,0.9390580533725903,50,-0.018775510204081632
Rps21,-0.16561824729891955,0.25037598681334733,50,-0.06093637454981993
Rps23,-0.058488799267741434,0.6866073541728556,50,-0.04451380552220888
Rps24,-0.42232893157262896,0.002249729682944232,50,-0.22487394957983195
Rps25,-0.02713150376541372,0.8516366011675804,50,-0.01666266506602641
Rps27,0.21536614645858343,0.13308690173792215,50,0.15294117647058825
Rps27a,0.18463385354141656,0.19927990749063137,50,0.10885954381752701
Rps28,-0.25935174069627853,0.06894662692349268,50,-0.2910444177671068
Rps29,-0.2645378151260504,0.06338549368473971,50,-0.18770708283313325
Rps3,-0.014837935174069627,0.9185408729045358,50,0.00849939975990396
Rps3a,0.013493397358943579,0.9259006695282543,50,-0.0019687875150060023
Rps4x,-0.1598559423769508,0.2674682046825719,50,-0.10521008403361343
Rps5,0.06391663472602223,0.6592282584014653,50,0.060264105642256906
Rps6,-0.12710684273709483,0.3790631974221934,50,-0.24369747899159666
Rps6ka1,0.10463385354141658,0.46958885190595157,50,0.057478991596638655
Rps6ka2,0.12144057623049219,0.400846196407491,50,0.1117406962785114
Rps6ka3,-0.25531812725090036,0.07353475374583883,50,-0.34655462184873953
Rps6ka4,0.4713085234093637,0.0005508332686932386,50,0.39198079231692673
Rps6ka5,0.2507082833133253,0.07907080690319458,50,0.18108043217286915
Rps6kb1,-0.04336134453781513,0.7649426494889897,50,-0.10108043217286913
Rps6kb2,-0.13891956782713086,0.3359792098334063,50,-0.08849939975990395
Rps6kc1,-0.0658343337334934,0.6496574839593189,50,-0.11078031212484994
Rps7,-0.09493625299862467,0.511949427589097,50,-0.035775168681828715
Rps8,0.01872794065223248,0.8972877497449655,50,-0.024345738295318126
Rpsa,0.13315726290516205,0.3565998277358196,50,-0.07274909963985594
Rptor,0.1499639855942377,0.298582748649281,50,0.16801920768307324
Rpusd1,0.01282112845138055,0.9295829104799347,50,0.007827130852340937
Rpusd2,-0.07188475390156063,0.6198322093991521,50,-0.17166866746698678
Rpusd4,-0.07438175270108043,0.6076942639520329,50,0.016182472989195677
RragB,0.11356439779081691,0.4323033967643325,50,0.060884888768569644
Rraga,-0.0561344537815126,0.6986106850585555,50,-0.2353421368547419
Rragc,-0.11587034813925569,0.4229531870434041,50,-0.14631452581032411
Rragd,0.17570228091236492,0.2222752222025812,50,0.24484993997599036
Rras,-0.16648259303721488,0.2478773657410322,50,-0.07620648259303721
Rras2,0.061224489795918366,0.672755485105491,50,-0.027322929171668665
Rrbp1,0.1078031212484994,0.45616379804590335,50,0.08840336134453781
Rrm1,0.17205282112845138,0.23218075434077384,50,0.11250900360144059
Rrm2b,-0.06151260504201681,0.6713027870504038,50,-0.07630252100840335
Rrp1,0.07207683073229292,0.618894895331404,50,0.13018007202881152
Rrp12,-0.16436974789915965,0.25401507934189005,50,-0.3479951980792317
Rrp1b,0.05978391356542617,0.680036637231636,50,0.1371908763505402
Rrp7a,0.25138055222088834,0.07824361760042567,50,0.39332533013205284
Rrp9,-0.10232893157262904,0.4794837696605121,50,-0.18501800720288114
Rrs1,0.08701289349191091,0.5479376248757446,50,-0.011188475390156062
Rsbn1,-0.2539735894357743,0.07511674187585671,50,-0.2745258103241296
Rsbn1l,-0.005810324129651861,0.9680561794495712,50,0.24504201680672266
Rsf1,0.13402160864345739,0.3534584842362665,50,0.1183673469387755
Rsl1d1,0.30156140881022725,0.033316506959339284,50,0.3511410446063329
Rsl24d1,-0.004561824729891957,0.9749176512032458,50,0.07495798319327732
Rsph1,-0.19827130852340935,0.16750148046407168,50,-0.1280672268907563
Rspry1,0.2506122448979592,0.07918953692045282,50,0.1648499399759904
Rsrc2,0.05968787515006002,0.6805230852255368,50,0.050372148859543824
Rsu1,0.0052340936374549825,0.971222757835147,50,-0.012725090036014405
Rtca,0.17301320528211284,0.22954511169934466,50,0.09282112845138055
Rtcb,-0.18088835534213688,0.20870909358909023,50,-0.21162064825930374
Rtf1,0.038463385354141656,0.7908582988725211,50,-0.07822328931572628
Rtfdc1,-0.17791116446578628,0.21642417694250513,50,-0.11798319327731092
Rtkn,0.01282112845138055,0.9295829104799347,50,-0.02914835891257722
Rtl6,0.14717887154861942,0.30774885909918787,50,0.23803121248499398
Rtn1,0.030492196878751498,0.83350553540182,50,0.22641056422569028
Rtn2,-0.19932773109243698,0.16520344960614303,50,-0.21949579831932772
Rtn3,0.03903961584633854,0.7877971555185405,50,0.13027611044417767
Rtn4,-0.2811524609843938,0.04794444995099113,50,-0.3152460984393757
Rtn4ip1,0.3182232893157263,0.024311847498337553,50,0.1775270108043217
Rtn4r,0.25118847539015604,0.07847925830358587,50,0.20653061224489797
Rtn4rl1,0.20557022809123648,0.15209156636265833,50,0.3544297719087635
Rtn4rl2,0.04460984393757503,0.7583760319995217,50,-0.0025450180072028807
Rtraf,0.07956782713085234,0.5828194220937315,50,0.024537815126050418
Rubcn,-0.04172869147659064,0.7735544489391231,50,0.05286914765906363
Rufy1,-0.004945978391356542,0.9728062148102008,50,-0.0010084033613445378
Rufy2,0.1036734693877551,0.47369839364716887,50,0.17983193277310922
Rufy3,-0.14304921968787515,0.3216682680999299,50,-0.09445378151260504
Rundc1,-0.20835534213685472,0.14649579831228954,50,-0.3420408163265306
Rundc3a,0.30833133253301315,0.02937118139437332,50,0.21162064825930374
Rundc3b,-0.009171668667466985,0.949595741280882,50,-0.09426170468187275
Runx1t1,-0.11923169267707083,0.40953114935851703,50,-0.041152460984393756
Rusc2,0.07553421368547418,0.6021269961462214,50,-0.09695078031212485
Rusf1,0.18165666266506603,0.2067498342136332,50,0.12134453781512604
Ruvbl1,-0.09963985594237695,0.4911656201405194,50,-0.05085234093637454
Ruvbl2,0.07937575030012005,0.5837324562896088,50,-0.01819927971188475
Rwdd1,0.07207683073229292,0.618894895331404,50,0.009267707082833133
Rwdd4,0.06909963985594238,0.6334899031407717,50,0.08081632653061224
Rxra,0.13623049219687874,0.34550788582018077,50,0.19635054021608642
Rxrb,0.09791116446578632,0.498752792431235,50,0.03289315726290516
Ryr2,0.29863862286213794,0.03515057442557997,50,0.2970539509607952
Ryr3,0.08456182472989196,0.5593104161522781,50,-0.015510204081632653
S100a1,0.13046818727490997,0.36648135983943264,50,0.1006002400960384
S100a10,-0.05997599039615846,0.6790641281788056,50,-0.08638655462184873
S100a11,0.051045643367495196,0.7248026646991951,50,-0.06064971549684519
S100a13,-0.15659063625450179,0.2774906931161745,50,-0.10444177671068428
S100a16,-0.052004801920768305,0.7198409170174129,50,-0.15716686674669866
S100a4,0.18405762304921966,0.2007105836695977,50,0.1007923169267707
S100a5,0.392445405649187,0.004819209736715668,50,0.39069448313361566
S100a6,0.17291716686674669,0.229807744460712,50,0.15361344537815122
S100a9,0.24957965887671352,0.08047498649396854,50,0.22382899532369746
S100b,0.011860744297719087,0.9348457693377733,50,-0.09320528211284512
S1pr1,-0.04816326530612245,0.7397800145409038,50,-0.05046818727490996
S1pr5,-0.19246560547217378,0.18054662558299225,50,-0.22535955251519751
ST7,0.24686674669867947,0.08393050993788179,50,0.2167106842737095
Saa4,-0.013013205282112843,0.9285306892833678,50,0.02588235294117647
Sacm1l,0.14631452581032411,0.3106297864850381,50,0.18012004801920767
Sacs,0.09205282112845137,0.5249064828882124,50,0.11625450180072029
Sae1,-0.17397358943577432,0.22693015407298248,50,-0.11865546218487394
Safb,-0.09176470588235294,0.5262100377727071,50,-0.004945978391356542
Safb2,-0.012340936374549819,0.9322139811947295,50,0.06180072028811524
Sall2,0.241968787515006,0.09046263982568438,50,0.1287394957983193
Samd1,-0.04499399759903961,0.7563589013753702,50,-0.04912364945978391
Samd10,-0.0956062424969988,0.5089620611971777,50,-0.0672749099639856
Samd12,-0.08619447779111644,0.55172268105076,50,0.06794717887154862
Samd14,0.35131695849162264,0.012361194928954126,50,0.30103964089447544
Samd4a,-0.2866266506602641,0.04358559183791318,50,-0.32216086434573826
Samd4b,-0.16062424969987996,0.2651454515822582,50,0.019543817527010805
Samd5,0.12220888355342135,0.39785064632490746,50,0.12701080432172868
Samd8,-0.17051620648259302,0.23644090751166094,50,-0.15812725090036014
Samd9,0.17282112845138053,0.2300705841144467,50,0.13642256902761105
Samhd1,-0.019639855942376952,0.8923152365382944,50,-0.1365186074429772
Samm50,-0.18511404561824726,0.19809320118763882,50,-0.06477791116446578
Sanbr,0.24600240096038412,0.08505555002909099,50,0.21286914765906362
Sap130,-0.02588235294117647,0.8583957461421866,50,-0.061896758703481394
Sap18,0.11135654261704682,0.44136344309390074,50,0.10693877551020407
Sap30bp,0.1427611044417767,0.3226540113762471,50,0.016566626650660263
Sap30l,0.13382953181272508,0.354155092259465,50,0.0805282112845138
Sar1a,-0.015510204081632653,0.9148634689164352,50,-0.03241296518607443
Sar1b,0.46496998799519806,0.0006688036622153724,50,0.27500600240096035
Saraf,0.33262905162064826,0.018265352607474392,50,0.3592316926770708
Sardh,-0.085906362545018,0.5530581268698401,50,-0.18012004801920767
Sarm1,0.23985594237695076,0.09339983618891168,50,0.31707082833133254
Sarnp,0.12729891956782713,0.3783373790940621,50,0.14266506602641055
Sars1,0.13334933973589436,0.35590028344525193,50,0.14122448979591837
Sars2,0.451812725090036,0.0009889043098668833,50,0.42914765906362545
Sart1,0.1543817527010804,0.28440927241544345,50,0.09262905162064825
Sart3,0.018583433373349337,0.8980760861000697,50,0.03798319327731092
Sash1,-0.1537094837935174,0.28653716705399784,50,-0.09887154861944776
Sash3,0.03442977190876351,0.8123713972775561,50,0.1431452581032413
Sat2,0.048931572629051616,0.7357781389841229,50,0.021848739495798315
Satb1,0.242641056422569,0.08954332540735466,50,0.17195678271308523
Satb2,0.11539015606242496,0.4248907663746203,50,0.14717887154861942
Sav1,-0.05411764705882353,0.7089516084339997,50,0.02770708283313325
Sbds,0.2935414165666266,0.03854847190673578,50,0.12172869147659063
Sbf1,0.1408403361344538,0.3292743181105479,50,0.20691476590636257
Sbf2,-0.09051620648259305,0.531877221666068,50,0.0050420168067226885
Sbno1,0.19663865546218487,0.1710985793248603,50,0.20960384153661463
Sbspon,0.11279711884753903,0.4354400775517007,50,0.24917166866746698
Sc5d,0.1507322929171669,0.29608556236980277,50,0.06487394957983193
Scaf1,-0.19375750300120048,0.17758245915537443,50,-0.20883553421368548
Scaf11,0.0546938775510204,0.7059916582285432,50,0.06362545018007203
Scaf4,0.1624489795918367,0.25968298059851147,50,0.10751500600240095
Scaf8,-0.07092436974789915,0.6245277341281963,50,-0.004273709483793517
Scai,-0.02991596638655462,0.8366085090060389,50,0.008019207683073229
Scamp1,0.19423769507803118,0.1764896881235277,50,0.20816326530612245
Scamp2,0.00043217286914765904,0.9976234017621981,50,0.16533013205282113
Scamp3,0.31553421368547413,0.025608819264917936,50,0.32638655462184873
Scamp4,-0.1568787515006002,0.2765965253464572,50,-0.1598559423769508
Scamp5,-0.20182957579829006,0.15985300266872624,50,-0.17546639780322432
Scap,0.03606329084570921,0.803641602832933,50,0.010516458981638239
Scaper,-0.019927971188475387,0.890745037661987,50,-0.013973589435774309
Scara3,0.0025450180072028807,0.9860051519629387,50,-0.07150060024009604
Scarb2,0.24619447779111645,0.08480452628286794,50,0.04777911164465786
Sccpdh,0.018583433373349337,0.8980760861000697,50,-0.10136854741896759
Scd2,0.07111644657863145,0.6235874393948588,50,0.13152460984393755
Scfd1,-0.04605042016806723,0.7508201127549528,50,-0.0809123649459784
Scfd2,0.00552220888355342,0.9696394107021206,50,0.06929171668667466
Scg2,0.2619447779111645,0.06611942684446491,50,0.3717166866746698
Scg3,-0.3144777911164466,0.026133958003732794,50,-0.17925570228091237
Scg5,0.0052340936374549825,0.971222757835147,50,-0.07457382953181273
Scgn,0.3307082833133253,0.01898931043909209,50,0.38938775510204077
Schip1,-0.04230492196878751,0.7705118480395501,50,-0.1307563025210084
Scly,-0.05142857142857142,0.7228204140977085,50,-0.1140456182472989
Scn1a,-0.023865546218487393,0.8693297136232633,50,-0.0006242496998799519
Scn1b,-0.06852340936374549,0.6363309963298318,50,-0.016086434573829533
Scn2a,-0.21478991596638655,0.13415300797608018,50,-0.1532292917166867
Scn2b,0.287875150060024,0.04263828932218053,50,0.04835534213685474
Scn3a,-0.01310924369747899,0.928004623947973,50,-0.008019207683073229
Scn3b,0.02770708283313325,0.84852566530385,50,-0.047875150060024005
Scn4b,0.21786314525810324,0.12854038488388028,50,0.12144057623049219
Scn8a,0.2033613445378151,0.15664042257044777,50,0.0954141656662665
Scnm1,0.11087635054021608,0.4433477830200856,50,0.18559423769507805
Sco1,-0.009939975990396158,0.9453795410999993,50,0.11308523409363744
Scoc,0.17426170468187277,0.22614969415113215,50,0.3448259303721488
Scp2,-0.25032412965186074,0.07954656945356581,50,-0.2731812725090036
Scpep1,0.11116446578631452,0.44215658726836515,50,0.07524609843937576
Scrg1,-0.06679471788715485,0.6448852734231328,50,-0.09214885954381752
Scrib,-0.06266506602641056,0.6655039242284221,50,-0.033373349339735896
Scrn1,0.09090036014405761,0.5301302886436152,50,0.11481392557022808
Scrn2,0.1735894357743097,0.22797365756453536,50,0.1940456182472989
Scrn3,0.14208883553421367,0.32496148958915216,50,0.2114285714285714
Scrt1,0.14842737094837935,0.3036178510369769,50,0.22439375750300117
Scube1,0.3130372148859543,0.026864553940853356,50,0.2703961584633853
Scyl1,0.15361344537815122,0.2868419996620879,50,0.06766068815127069
Scyl2,-0.07006002400960383,0.6287663733935079,50,0.012533013205282113
Scyl3,-0.07707082833133252,0.5947388231105694,50,-0.1786794717887155
Sdad1,-0.16187274909963983,0.26139975658551357,50,-0.123937575030012
Sdc2,0.0331812725090036,0.8190589030020377,50,0.24773109243697478
Sdc3,0.04182472989195678,0.7730471133840358,50,0.21373349339735895
Sdc4,0.2351500600240096,0.10020773345907025,50,0.20528211284513803
Sdcbp,0.07265306122448979,0.6160865570949562,50,0.0640096038415366
Sdccag8,0.13776710684273707,0.34004268805590443,50,0.1330612244897959
Sde2,-0.07918367346938776,0.5846461351085563,50,0.0114765906362545
Sdf2,0.02789982953576172,0.8474844004937423,50,-0.07087805231460292
Sdf2l1,0.18521008403361344,0.19785646183339173,50,0.07418967587034814
Sdf4,-0.008691476590636255,0.9522315678165846,50,-0.0017767106842737094
Sdha,-0.010708283313325332,0.9411648219534628,50,-0.07995198079231693
Sdhaf2,-0.026266506602641054,0.8563160000574715,50,-0.06132052821128451
Sdhaf3,-0.035390156062424974,0.8072361382587281,50,-0.05459783913565427
Sdhaf4,0.4733253301320528,0.0005174424824576254,50,0.3813205282112845
Sdhb,-0.2689555822328931,0.058936613027340504,50,-0.3037214885954382
Sdhc,0.06756302521008403,0.6410776665565249,50,0.1295078031212485
Sdhd,0.22823529411764704,0.11089823095836396,50,0.2607923169267707
Sdk1,0.2785594237695078,0.05012956897681976,50,0.316110444177671
Sdk2,-0.015702280912364946,0.913813102725811,50,0.01906362545018007
Sdr39u1,0.010708283313325332,0.9411648219534628,50,0.07447779111644658
Sdsl,0.024345738295318126,0.866724113819169,50,-0.06631452581032413
Sec11a,0.031260504201680674,0.8293721484376042,50,0.03884753901560624
Sec11c,0.14967587034813923,0.29952269363966594,50,0.15274909963985592
Sec13,0.042593037214885957,0.7689918259288934,50,0.03990396158463385
Sec14l1,0.1263415688615991,0.38196323563233087,50,0.23879951980792313
Sec14l2,0.22785114045618246,0.11151675520937383,50,0.3146698679471789
Sec16a,0.46583433373349337,0.0006514804724319689,50,0.4064825930372149
Sec22b,0.36749099639855937,0.00865480579899186,50,0.2851860744297719
Sec23a,-0.2801920768307323,0.048744536162260536,50,-0.35270108043217285
Sec23b,-0.09915966386554621,0.49326712687897634,50,-0.10962785114045617
Sec23ip,-0.03423769507803121,0.8133993948322712,50,0.14458583433373348
Sec24a,0.13344537815126048,0.3555508257709776,50,0.02069627851140456
Sec24b,0.1486230162016911,0.302973753308263,50,0.2138826863206243
Sec24c,0.25810324129651857,0.0703417460565706,50,0.20662665066026412
Sec24d,0.05286914765906363,0.715379400371927,50,0.04153661464585834
Sec31a,-0.07025210084033613,0.6278234226869991,50,0.038367346938775505
Sec61a1,0.2064345738295318,0.15033834674407667,50,0.24312124849939976
Sec61a2,0.1173109243697479,0.4171706025928586,50,0.20201680672268904
Sec61b,-0.4152220888355342,0.0027135246746730545,50,-0.33243697478991596
Sec62,-0.07342136854741896,0.6123505611049063,50,0.004273709483793517
Sec63,0.09570228091236495,0.5085345686643504,50,0.11625450180072029
Secisbp2,-0.08004801920768306,0.5805396641943295,50,-0.06554621848739495
Secisbp2l,-0.11078031212484994,0.4437452424938912,50,-0.10991596638655461
Sel1l,-0.12201680672268907,0.3985983062754067,50,-0.10876350540216086
Selenof,0.1332533013205282,0.356249950777137,50,0.020312124849939977
Selenok,0.06180072028811524,0.6698512773118432,50,0.13181272509003603
Selenom,0.07294117647058823,0.6146844227987611,50,0.011764705882352943
Selenon,-0.06362545018007203,0.6606862752131101,50,-0.020984393757503002
Selenoo,-0.033277310924369745,0.8185440202827372,50,0.02463385354141657
Selenop,-0.08014405762304923,0.5800841984627959,50,-0.10300120048019207
Selenos,-0.22016806722689078,0.12444826771332106,50,-0.15841536614645857
Selenot,-0.027322929171668665,0.8506017192354086,50,-0.02645858343337335
Selenow,-0.10424969987995197,0.4712303742641664,50,-0.07428571428571429
Sema3a,0.12096038415366145,0.4027250580268724,50,0.03481392557022809
Sema3c,0.12297719087635053,0.39486820177361,50,0.15226890756302522
Sema3e,0.01714285714285714,0.9059401238286354,50,0.07668667466986795
Sema4a,0.0013445700981089986,0.992606053180632,50,0.01829575740641173
Sema4b,0.05728691476590636,0.6927256711507918,50,0.004465786314525811
Sema4c,0.006002400960384154,0.9670007593072917,50,0.010324129651860744
Sema4d,0.047587034813925566,0.7427859111260962,50,0.00773109243697479
Sema4f,0.02809123649459784,0.8464506283680964,50,-0.05056422569027611
Sema4g,0.016278511404561824,0.910662885715317,50,-0.05248499399759904
Sema5a,-0.11183673469387755,0.4393840392524576,50,-0.019927971188475387
Sema5b,-0.031644657863145256,0.8273071614491647,50,0.03673469387755102
Sema6a,0.17551020408163265,0.2227891418042841,50,0.18136854741896757
Sema6b,0.07044417767106842,0.6268810600035023,50,0.01282112845138055
Sema6d,-0.05699879951980792,0.6941952581621041,50,0.029531812725090034
Sema7a,0.12480192076830732,0.38783757676343483,50,0.1607202881152461
Senp2,0.07726290516206481,0.5938181283942283,50,0.1569747899159664
Senp3,-0.005138055222088836,0.9717505649203921,50,0.004561824729891957
Senp6,0.12048019207683074,0.4046090211786621,50,0.2754861944777911
Senp7,-0.25983193277310923,0.06841594028483546,50,-0.09272509003601441
Senp8,0.1196158463385354,0.4080129880247367,50,0.14208883553421367
Sephs1,0.051141684088788705,0.7243053355815083,50,0.01200509016168749
Sephs2,-0.01637454981992797,0.9101379804213003,50,-0.028667466986794718
Sepsecs,-0.20211284513805522,0.15925529490958068,50,-0.19663865546218487
Septin10,0.17262905162064823,0.23059688426227976,50,0.09512605042016806
Septin11,-0.00907563025210084,0.9501228647604613,50,0.18184873949579833
Septin2,-0.04273812097560745,0.7682267262279898,50,-0.1407442977190876
Septin3,-0.09704681872749099,0.5025688713042594,50,-0.060840336134453776
Septin4,0.07726290516206481,0.5938181283942283,50,-0.19865546218487393
Septin5,0.1223049219687875,0.39747712348528214,50,0.08897959183673469
Septin6,-0.020312124849939977,0.8886520854497547,50,0.015894357743097238
Septin7,0.10885954381752701,0.4517356940943246,50,0.05046818727490996
Septin8,0.026938775510204082,0.8526787765291988,50,0.044801920768307316
Septin9,0.14247298919567825,0.32364166037575187,50,0.3861224489795918
Serac1,-0.11529411764705881,0.42527888391361923,50,-0.06545018007202881
Serbp1,0.20854741896758705,0.14611558282783543,50,0.0956062424969988
Sergef,-0.08081632653061224,0.5769004898096026,50,-0.16715486194477788
Serinc1,-0.05219687875150059,0.7188486638832161,50,0.027803121248499398
Serinc3,-0.0024489795918367346,0.9865332099197339,50,0.020600240096038412
Serinc5,-0.21891956782713082,0.12665243925699196,50,-0.27145258103241293
Serpina1,-0.074093637454982,0.6090895470834801,50,-0.06573829531812725
Serpina10,-0.04672268907563025,0.7473018728218163,50,-0.08600240096038414
Serpinb1a,0.008307322929171669,0.9543405947926975,50,-0.021848739495798315
Serpinb6a,0.055366146458583426,0.7025438216408654,50,0.002064825930372149
Serpinb6b,-0.047587034813925566,0.7427859111260962,50,-0.07380552220888356
Serpinb9,-0.09791116446578632,0.498752792431235,50,-0.12509003601440577
Serpinc1,0.0803361344537815,0.5791737539630479,50,0.07678271308523409
Serpine2,0.11740696278511403,0.41678670881830054,50,0.19078031212484994
Serpinf1,0.010900360144057623,0.9401113869310186,50,0.019543817527010805
Serpinf2,-0.1985594237695078,0.1668724517178095,50,-0.28806722689075626
Serping1,0.05354141656662665,0.7119158201457186,50,0.02482593037214886
Serpinh1,0.3169747899159664,0.02490698811100204,50,0.34088835534213685
Serpini1,-0.06256902761104441,0.6659864293910166,50,-0.07812725090036014
Sesn1,0.10156062424969987,0.48280638215732524,50,-0.007250900360144057
Sesn2,0.04182472989195678,0.7730471133840358,50,0.06871548619447777
Sesn3,-0.12163265306122449,0.4000960817516467,50,-0.24936374549819929
Sestd1,0.16897959183673472,0.2407542743235882,50,-0.023001200480192076
Set,0.0010084033613445378,0.9944546394031878,50,-0.12576230492196877
Setd2,0.1466986794717887,0.3093472534468792,50,0.13776710684273707
Setd3,0.07803121248499399,0.5901416818413918,50,0.19030012004801922
Setd6,0.0387515006002401,0.7893273335649745,50,0.008883553421368545
Setd7,0.13575355954836213,0.3472151301735754,50,0.10732550604548614
Setdb1,-0.09416792722827665,0.5153861290960299,50,-0.06285865208659568
Setx,-0.015702280912364946,0.913813102725811,50,0.057478991596638655
Sez6,0.24317510631514175,0.08881822778511117,50,0.1440096038415366
Sez6l,0.19884753901560623,0.1662451438859902,50,0.21805522208883552
Sez6l2,0.23140456182472988,0.10589502793518658,50,0.13690276110444177
Sf1,-0.34098439375750295,0.015382201333569852,50,-0.2482112845138055
Sf3a1,-0.06919567827130851,0.6330168945594253,50,0.0033133253301320525
Sf3a2,0.07505402160864347,0.6044439864509824,50,0.05094837935174069
Sf3a3,0.009363970326116241,0.9485403247421221,50,-0.01978438858646098
Sf3b1,-0.0011044417767106843,0.9939265192708577,50,0.10376950780312125
Sf3b2,-0.02809123649459784,0.8464506283680964,50,-0.15418967587034815
Sf3b3,0.16744297719087634,0.24512100210279833,50,0.08331332533013207
Sf3b4,-0.09551020408163265,0.509389735992829,50,-0.07524609843937576
Sf3b5,0.016086434573829533,0.9117128093624184,50,-0.06064825930372149
Sf3b6,0.029819927971188476,0.837125912035467,50,0.008211284513805522
Sfpq,0.08600240096038414,0.5526128077988495,50,0.18761104441776708
Sfr1,0.03260504201680672,0.8221497788717119,50,0.08350540216086433
Sfrp1,0.33368547418967587,0.017877245270011433,50,0.35097238895558225
Sfswap,-0.17397358943577432,0.22693015407298248,50,-0.02396158463385354
Sfxn1,-0.013493397358943579,0.9259006695282543,50,-0.0008163265306122449
Sfxn3,-0.015702280912364946,0.913813102725811,50,-0.13478991596638654
Sfxn4,0.016086434573829533,0.9117128093624184,50,0.023289315726290515
Sfxn5,0.24206482593037212,0.09033086088388119,50,0.2560864345738295
Sgcb,0.12278511404561823,0.3956125827762633,50,0.03567827130852341
Sgce,0.15409363745498197,0.2853199558610227,50,0.04902761104441777
Sgf29,-0.014645858343337334,0.9195918731388897,50,0.19942376950780313
Sgip1,-0.016566626650660263,0.9090882839930864,50,-0.04883553421368547
Sgk2,0.07274909963985594,0.6156190279117519,50,0.022232893157262904
Sgpl1,0.14881152460984393,0.30235398408797354,50,0.20701080432172866
Sgpp1,0.12960384153661464,0.36969234346578317,50,0.139015606242497
Sgsm1,0.06180072028811524,0.6698512773118432,50,0.13238895558223288
Sgsm2,0.1237454981992797,0.3918988897737798,50,-0.0672749099639856
Sgsm3,0.12777911164465786,0.3765264623849276,50,0.06160864345738295
Sgta,-0.07755102040816325,0.5924382718268313,50,-0.09531812725090036
Sgtb,0.026842737094837935,0.8531981960284638,50,0.0887875150060024
Sh2b1,0.14055222088835534,0.33027466269230854,50,0.14256902761104442
Sh2b2,-0.11740696278511403,0.41678670881830054,50,0.04
Sh2d3c,-0.01988042930775448,0.891004107671702,50,-0.12619750777965888
Sh2d5,0.17978823026143181,0.21153714792515527,50,0.1570745996755191
Sh3bgrl,0.0728451380552221,0.6151516497621463,50,0.06055222088835534
Sh3bgrl3,-0.09887154861944776,0.49453026557183105,50,0.026938775510204082
Sh3bp1,0.0910924369747899,0.5292578818589984,50,0.03615846338535413
Sh3bp2,0.03942376950780312,0.7857581521904028,50,-0.08369747899159663
Sh3bp4,-0.2672268907563025,0.06064660530958629,50,-0.02396158463385354
Sh3bp5,0.10146458583433372,0.48322255856282165,50,0.1900120048019208
Sh3bp5l,0.050756302521008406,0.7263016417785191,50,0.2101800720288115
Sh3d19,0.2543577430972389,0.07466202448860863,50,0.3210084033613445
Sh3gl1,0.2712605042016807,0.056717141979143786,50,0.31879951980792315
Sh3gl2,0.09887154861944776,0.49453026557183105,50,0.05555822328931572
Sh3gl3,-0.023001200480192076,0.8740232394253051,50,-0.08725090036014405
Sh3glb1,0.022521008403361343,0.8766326204036273,50,-0.15716686674669866
Sh3glb2,-0.014069627851140454,0.9227456830202393,50,-0.05987995198079231
Sh3kbp1,0.10645858343337333,0.46183358680346137,50,0.10789915966386554
Sh3pxd2a,0.1292227905004041,0.3711132818996901,50,0.06765906362545018
Sh3pxd2b,0.33551825983884187,0.017220509116731002,50,0.21469387755102037
Sh3rf1,0.06593037214885954,0.6491796319767822,50,0.07505402160864347
Sh3rf3,0.16897959183673472,0.2407542743235882,50,-0.08494597839135654
Sh3yl1,0.04902761104441777,0.7352783898947431,50,-0.00014405762304921967
Shank1,0.2168067226890756,0.1304494314309544,50,0.2277551020408163
Shank2,0.037118847539015606,0.7980130520295956,50,-0.057190876350540217
Shank3,0.2028811524609844,0.15764238599027935,50,0.20278511404561822
Sharpin,0.12316926770708284,0.3941246415594056,50,0.037695078031212484
Shb,0.03865546218487395,0.7898375681306562,50,-0.008019207683073229
Shc2,-0.04460984393757503,0.7583760319995217,50,-0.22103241296518605
Shc3,0.1241296518607443,0.390419166701422,50,0.1417046818727491
Shd,-0.0012004801920768309,0.9933984017153108,50,-0.05056422569027611
She,-0.044129651860744294,0.7608996852480964,50,0.007250900360144057
Shf,0.13219687875150057,0.36011011987871283,50,0.12797118847539016
Shfl,0.3172629051620648,0.02476857490694817,50,0.41426170468187273
Shh,-0.0385594237695078,0.7903478899673712,50,-0.07418967587034814
Shisa4,-0.14631452581032411,0.3106297864850381,50,-0.07851140456182472
Shisa6,-0.0480672268907563,0.7402807314813461,50,-0.022040816326530613
Shisa7,-0.04691476590636255,0.7462975935678408,50,-0.07841536614645858
Shisa8,0.1829051620648259,0.2035936769976229,50,0.2855702280912365
Shmt1,-0.06756302521008403,0.6410776665565249,50,-0.15015606242496998
Shmt2,-0.22352941176470587,0.11865800351067342,50,-0.11721488595438176
Shoc2,-0.03294196740367047,0.8203421977143965,50,-0.027467646289940972
Shpk,-0.032989195678271306,0.8200888949242326,50,0.028475390156062427
Shprh,-0.020504201680672268,0.8876058902514381,50,0.045954381752701084
Shroom1,-0.27529411764705874,0.05299545312696799,50,-0.2815366146458584
Shroom2,0.10929434083200289,0.4499200592690852,50,0.04163265306122449
Shtn1,0.13344537815126048,0.3555508257709776,50,0.1300840336134454
Siae,-0.13795918367346938,0.33936333202859625,50,-0.21709483793517406
Siah1,-0.00552220888355342,0.9696394107021206,50,-0.09320528211284512
Sidt1,0.19644657863145257,0.17152542147182687,50,-0.018487394957983194
Sidt2,-0.14823529411764705,0.30425105733518204,50,-0.1328691476590636
Siglec5,0.004273709483793517,0.9765013409868725,50,0.03375750300120048
Sigmar1,-0.09858343337334932,0.4957950768954383,50,-0.009171668667466985
Sik3,0.0006242496998799519,0.9965671412191432,50,-0.0008163265306122449
Sike1,0.09272509003601441,0.5218710938996306,50,-0.017623049219687877
Sil1,0.16081632653061223,0.2645668724181824,50,0.2281392557022809
Sin3a,-0.03202881152460984,0.8252433300244186,50,0.009459783913565426
Sin3b,-0.1063625450180072,0.4622400242246198,50,0.02357743097238895
Sipa1,-0.023001200480192076,0.8740232394253051,50,0.03385354141656663
Sipa1l1,0.03270108043217287,0.8216344458929444,50,0.04528211284513805
Sipa1l2,0.13344537815126048,0.3555508257709776,50,0.18088835534213688
Sipa1l3,0.01042016806722689,0.9427451608408816,50,-0.03183673469387755
Sirpa,-0.06271459100465543,0.6652551589175822,50,-0.050133256515206955
Sirt2,-0.024345738295318126,0.866724113819169,50,-0.19183673469387755
Sirt3,0.11750300120048018,0.41640301689044473,50,-0.024537815126050418
Sirt4,0.1983673469387755,0.1672916128784593,50,0.04432172869147659
Sirt5,0.07217286914765905,0.6184264631612333,50,0.11231692677070829
Sirt6,0.1702280912364946,0.23724560582753182,50,0.03183673469387755
Skap2,0.22698679471788716,0.11291806888043798,50,0.2385114045618247
Ski,-0.04100938799232446,0.7773572293928135,50,-0.014117986030144485
Skiv2l,-0.1251860744297719,0.3863669167136145,50,-0.15649459783913564
Skp1,-0.09618247298919569,0.5063998437393995,50,0.05114045618247299
Slain1,0.04096038415366146,0.7776164897616292,50,0.0954141656662665
Slain2,-0.25579831932773106,0.07297619485931066,50,-0.13056422569027612
Slbp,0.30881152460984396,0.029106792003132178,50,0.17656662665066022
Slc10a4,0.257719087635054,0.07077549571908068,50,0.2058583433373349
Slc12a2,0.05162064825930372,0.7218267936141908,50,-0.14900360144057623
Slc12a4,0.1611083099698461,0.26368896708489814,50,0.2592557022809123
Slc12a5,0.014694230357905484,0.9193271797165703,50,0.03577430972388955
Slc12a6,0.009651860744297719,0.9469604487315959,50,0.03558223289315726
Slc12a7,0.2403361344537815,0.09272587189528643,50,0.16936374549819924
Slc12a9,-0.08043217286914765,0.5787187754727622,50,-0.1316206482593037
Slc13a3,0.007827130852340937,0.9569773122816055,50,0.1582232893157263
Slc13a5,0.2252581032412965,0.11576095922209773,50,0.12345738295318126
Slc14a1,0.09579831932773109,0.5081072585030242,50,0.10280912364945978
Slc15a2,0.09032412965186075,0.5327517460057927,50,0.058727490996398554
Slc15a4,-0.1833853541416567,0.20238886097880235,50,-0.07735894357743096
Slc16a1,-0.047202881152460976,0.7447919572730598,50,-0.07380552220888356
Slc16a7,0.14871548619447778,0.30266963261683894,50,0.09752701080432173
Slc17a5,-0.1431452581032413,0.3213401105572278,50,-0.03260504201680672
Slc17a6,0.26540216086434576,0.06249455113255758,50,0.3535654261704682
Slc17a7,0.17983193277310922,0.21142429431040186,50,0.047202881152460976
Slc17a8,0.010804321728691477,0.9406380918704026,50,-0.09243697478991596
Slc18a2,-0.09896758703481391,0.49410903335693884,50,-0.14679471788715487
Slc18a3,0.11270108043217285,0.43583358139829165,50,0.08254501800720286
Slc1a1,0.0923409363745498,0.5236045309500681,50,0.04912364945978391
Slc1a2,-0.01013205282112845,0.944325718014386,50,-0.029339735894357743
Slc1a3,0.11462184873949578,0.42800131405067154,50,-0.002352941176470588
Slc1a4,-0.12710684273709483,0.3790631974221934,50,-0.0811044417767107
Slc20a1,0.08811524609843938,0.5428591297156519,50,0.05728691476590636
Slc20a2,0.023289315726290515,0.8724582456414803,50,-0.01935174069627851
Slc22a17,-0.026842737094837935,0.8531981960284638,50,0.005330132052821128
Slc22a23,0.014933973589435772,0.9180154243551587,50,0.08821128451380551
Slc22a5,-0.14352941176470588,0.3200295984361328,50,-0.05258103241296518
Slc22a8,0.1757983193277311,0.22201857089035187,50,0.24292917166866745
Slc23a2,0.0809123649459784,0.5764463261595072,50,0.03947273645162846
Slc24a2,-0.009939975990396158,0.9453795410999993,50,-0.020984393757503002
Slc24a3,0.09090036014405761,0.5301302886436152,50,0.1201920768307323
Slc24a4,-0.13104441776710685,0.36435009158199927,50,-0.04883553421368547
Slc25a1,0.16398559423769507,0.2551419349962814,50,0.1241296518607443
Slc25a10,0.1925090036014406,0.18044647770914118,50,0.16139255702280914
Slc25a11,-0.1644657863145258,0.2537338903275896,50,-0.08388955582232892
Slc25a12,-0.05671068427370948,0.6956659593725275,50,-0.04950780312124849
Slc25a13,-0.25704681872749097,0.07153966551719536,50,-0.22180072028811523
Slc25a14,-0.1289826886971704,0.3720103040557065,50,0.023097793471086727
Slc25a15,-0.004273709483793517,0.9765013409868725,50,-0.03548619447779112
Slc25a17,-0.08014405762304923,0.5800841984627959,50,0.054405762304921966
Slc25a18,0.06362545018007203,0.6606862752131101,50,-0.011956782713085232
Slc25a19,-0.24177671068427373,0.09072664694883203,50,-0.31111644657863136
Slc25a20,0.021848739495798315,0.8802879301101031,50,0.17195678271308523
Slc25a23,-0.0346218487394958,0.8113437127687082,50,0.0168547418967587
Slc25a24,-0.059495798319327726,0.6814963672758616,50,-0.0821608643457383
Slc25a25,0.11279711884753903,0.4354400775517007,50,0.26607442977190876
Slc25a26,-0.13210084033613445,0.36046230064293405,50,-0.17656662665066022
Slc25a27,0.058727490996398554,0.6853946173145391,50,0.0024489795918367346
Slc25a29,0.16629051620648258,0.24843114902038374,50,0.2289075630252101
Slc25a3,-0.11625450180072029,0.42140673764264985,50,-0.20326530612244897
Slc25a32,0.008403361344537815,0.9538133084615882,50,-0.02348139255702281
Slc25a33,0.2240096038415366,0.11784780458266537,50,0.27875150060024007
Slc25a35,0.19356542617046818,0.17802093073259198,50,0.17723889555822328
Slc25a36,-0.3077551020408163,0.029691086154346753,50,-0.22410564225690274
Slc25a4,-0.32878751500600234,0.019737413360211908,50,-0.23745498199279708
Slc25a40,-0.09435774309723889,0.5145360102171661,50,-0.062472989195678265
Slc25a42,0.07831932773109243,0.5887656367420658,50,0.0588235294117647
Slc25a44,-0.043026243139487955,0.7667079617958286,50,0.0489327474990382
Slc25a46,-0.06506602641056422,0.65348531171337,50,-0.08619447779111644
Slc25a5,0.02357743097238895,0.8708937350965249,50,0.131140456182473
Slc25a51,0.08513805522208882,0.5566267992305423,50,0.08398559423769507
Slc26a11,0.04998799519807923,0.7302868972991754,50,-0.09819927971188475
Slc27a1,0.2349579831932773,0.10049353099708848,50,0.24763505402160862
Slc27a2,-0.05939975990396158,0.6819832009828575,50,-0.035006002400960384
Slc27a3,-0.0036974789915966387,0.9796689836275797,50,0.03481392557022809
Slc27a4,-0.19193277310924367,0.18177947806769923,50,0.01013205282112845
Slc29a2,0.3381992797118847,0.016296798221730236,50,0.31438175270108043
Slc2a1,-0.04739495798319327,0.7437887237139397,50,-0.17032412965186072
Slc2a13,0.043169267707082834,0.7659543651497859,50,0.005618247298919568
Slc2a3,0.07073229291716686,0.6254686212671247,50,0.11529411764705881
Slc2a8,-0.07347115178952743,0.6121088184752156,50,-0.10530612244897959
Slc30a1,-0.16907968983720656,0.2404716701466901,50,-0.20749597835460654
Slc30a10,-0.11433373349339734,0.4291710699856449,50,-0.13517406962785114
Slc30a3,0.1700360144057623,0.23778311120927567,50,0.15812725090036014
Slc30a4,-0.09435774309723889,0.5145360102171661,50,-0.12941176470588234
Slc30a5,-0.3009363745498199,0.033701905640262646,50,-0.26424969987995195
Slc30a6,0.17474189675870347,0.22485305313737894,50,0.09954381752701079
Slc30a9,0.11577430972388955,0.42334030156988056,50,0.11587034813925569
Slc32a1,0.22909963985594234,0.10951614352954013,50,0.20576230492196879
Slc33a1,-0.1481392557022809,0.304567978685818,50,-0.1394957983193277
Slc35b2,0.17243697478991593,0.23112401246788994,50,0.1543817527010804
Slc35e1,0.25512605042016806,0.07375912294772996,50,0.18588235294117647
Slc35f6,0.20432172869147658,0.15465053780915824,50,0.24024009603841537
Slc35g2,0.06180072028811524,0.6698512773118432,50,0.16648259303721488
Slc38a1,-0.03827130852340937,0.7918793770772163,50,-0.0683313325330132
Slc38a10,0.08206482593037215,0.5710091453885509,50,0.18127250900360142
Slc38a2,0.07140456182472989,0.622178110780469,50,0.13104441776710685
Slc38a3,0.34655462184873953,0.013683634670417959,50,0.32158463385354136
Slc39a10,0.08552220888355341,0.5548411048111002,50,0.14016806722689074
Slc39a14,0.18194477791116445,0.2060184559270741,50,0.11529411764705881
Slc39a6,-0.13757503001200477,0.34072288754853114,50,-0.13930372148859543
Slc39a7,0.25349339735894355,0.07568821446651765,50,0.10530612244897959
Slc3a2,-0.11298919567827131,0.4346536656246409,50,-0.06919567827130851
Slc41a3,0.26271308523409365,0.0652997424850174,50,0.38535414165666265
Slc43a1,0.05978391356542617,0.680036637231636,50,0.06660264105642257
Slc43a2,-0.1640816326530612,0.25485990608918146,50,-0.16677070828331333
Slc44a1,-0.2297719087635054,0.10845033220088963,50,-0.14554621848739496
Slc44a2,-0.05402160864345738,0.7094453488485954,50,-0.20576230492196879
Slc45a1,0.3027683738777584,0.032582617762516065,50,0.2183966002214188
Slc4a1,0.196062424969988,0.17238142027048695,50,0.17349339735894356
Slc4a10,-0.10732292917166866,0.4581843586731788,50,-0.11635054021608643
Slc4a1ap,-0.02175270108043217,0.8808103207234205,50,-0.04797118847539015
Slc4a2,0.5686914765906362,1.6419582365794636e-05,50,0.5247058823529411
Slc4a3,0.24100840336134452,0.09178868042437142,50,0.17675870348139258
Slc4a4,0.13767106842737095,0.34038268238000846,50,0.1300840336134454
Slc4a7,0.016182472989195677,0.9111878287690884,50,-0.03442977190876351
Slc4a8,0.15466986794717885,0.28350049578454267,50,0.1076110444177671
Slc5a5,0.34175270108043215,0.01513773447333675,50,0.4470108043217287
Slc5a7,0.21968787515006,0.12529257145179043,50,0.2634813925570228
Slc6a1,0.14535414165666266,0.3138509628970513,50,0.045858343337334934
Slc6a11,0.3245618247298919,0.021471310550684866,50,0.3661464585834333
Slc6a13,0.16744297719087634,0.24512100210279833,50,0.2285234093637455
Slc6a15,-0.08936374549819928,0.5371349077517865,50,-0.023385354141656663
Slc6a17,0.11183673469387755,0.4393840392524576,50,0.16350540216086432
Slc6a20,0.2913325330132053,0.040102644134152925,50,0.26511404561824725
Slc6a3,-0.08900163098224048,0.5387921305781173,50,-0.007867251806608147
Slc6a4,-0.2053945487370524,0.15244974592830773,50,-0.18998393781188083
Slc6a6,0.1117406962785114,0.4397795246779216,50,0.12124849939975989
Slc6a7,-0.1328691476590636,0.3576507160616057,50,-0.013685474189675868
Slc6a8,-0.08734693877551021,0.5463962930194103,50,-0.029819927971188476
Slc6a9,-0.046530612244897955,0.7483065676552072,50,-0.04192076830732293
Slc7a1,0.022424969987995196,0.8771546533520387,50,0.028283313325330132
Slc7a10,0.014261704681872748,0.9216942799647057,50,0.04432172869147659
Slc7a11,0.3833373349339736,0.005998195621480974,50,0.20364945978391355
Slc7a14,-0.007154861944777911,0.960669476486913,50,0.07745498199279711
Slc7a2,0.28211961879965597,0.04714955216681511,50,0.22861944777911164
Slc7a3,0.04998799519807923,0.7302868972991754,50,0.06909963985594238
Slc7a5,-0.12028811524609842,0.40536403328604576,50,-0.1700360144057623
Slc7a6os,-0.011284513805522207,0.938004823056494,50,-0.1363265306122449
Slc7a8,-0.013589435774309724,0.9253747587611171,50,0.17291716686674669
Slc8a1,0.18357743097238896,0.2019083460799354,50,0.16120048019207683
Slc8a2,-0.11394957983193275,0.43073354017375876,50,-0.10828331332533012
Slc8a3,0.1787755102040816,0.21416412716384056,50,0.0887875150060024
Slc9a1,0.14842737094837935,0.3036178510369769,50,0.1811764705882353
Slc9a3r1,0.19654261704681872,0.17131190402081292,50,0.10280912364945978
Slc9a3r2,0.2506122448979592,0.07918953692045282,50,0.2349579831932773
Slc9a5,0.022521008403361343,0.8766326204036273,50,0.07803121248499399
Slc9a6,-0.02463385354141657,0.8651614250124656,50,-0.06986794717887154
Slc9a7,0.231602199399275,0.1055888650343262,50,0.22065355717181603
Slc9a8,0.18540216086434572,0.19738358456431077,50,0.23543817527010802
Slc9a9,0.10405762304921969,0.47205228334210264,50,0.06381752701080431
Slco1a4,0.11126050420168068,0.44175991649739177,50,0.06775510204081632
Slco1c1,0.1793517406962785,0.21266661523171237,50,0.18184873949579833
Slco2b1,-0.03654261704681872,0.8010844484336721,50,-0.0019687875150060023
Slfn5,-0.027322929171668665,0.8506017192354086,50,0.12653061224489795
Slirp,0.21066026410564226,0.14198135857415425,50,0.2796158463385354
Slit1,0.052292917166866744,0.7183527092577802,50,0.11663865546218487
Slit2,0.04211284513805522,0.7715256708960064,50,0.10665066026410563
Slit3,0.018583433373349337,0.8980760861000697,50,0.044129651860744294
Slitrk1,0.03558223289315726,0.8062100437659906,50,0.042881152460984395
Slitrk2,0.2211284513805522,0.12277256125098002,50,0.19423769507803118
Slitrk3,0.11145258103241296,0.44096716713420075,50,0.011188475390156062
Slitrk5,0.045858343337334934,0.7518262499368317,50,-0.13315726290516205
Slk,0.17848739495798316,0.21491563817128004,50,0.05584633853541416
Slmap,-0.04057623049219687,0.7796497270001826,50,-0.030012004801920768
Slu7,0.027515006002400956,0.8495635659967954,50,0.014357743097238897
Slx9,0.09973589435774309,0.49074587836538336,50,0.0014885954381752698
Smad1,-0.10569027611044417,0.46509049118211554,50,-0.06151260504201681
Smad2,0.09483793517406962,0.5123885537518271,50,0.05767106842737095
Smad3,0.22679471788715486,0.11323128882431462,50,0.09186074429771908
Smad4,0.004465786314525811,0.9754455374575086,50,0.10232893157262904
Smad5,-0.0923409363745498,0.5236045309500681,50,-0.05853541416566627
Smap1,0.09791116446578632,0.498752792431235,50,0.21488595438175268
Smap2,0.24897959183673468,0.08122950527786905,50,0.4482593037214886
Smarca1,0.07476590636254501,0.6058360376069906,50,-0.06717887154861946
Smarca2,0.07937575030012005,0.5837324562896088,50,0.15899159663865545
Smarca4,-0.0012004801920768309,0.9933984017153108,50,0.017238895558223288
Smarca5,0.11942376950780313,0.4087716624167726,50,0.12220888355342135
Smarcad1,0.2322689075630252,0.10456107303396187,50,0.13152460984393755
Smarcb1,0.3151500600240096,0.02579874685623074,50,0.18521008403361344
Smarcc1,0.0014885954381752698,0.9918140667498937,50,0.039615846338535404
Smarcc2,-0.11097238895558223,0.44295052060652196,50,0.012436974789915966
Smarcd1,0.12451380552220888,0.3889427365299787,50,0.20403361344537815
Smarcd2,-0.05661464585834333,0.6961564398746369,50,0.13171668667466988
Smarcd3,0.3006482593037215,0.0338807976540806,50,0.23630252100840335
Smarce1,0.13555822328931572,0.3479158602278951,50,0.13181272509003603
Smc1a,0.09042016806722687,0.5323143957826949,50,0.010996398559423769
Smc2,0.14247298919567825,0.32364166037575187,50,0.10905162064825931
Smc3,0.1732052821128451,0.22902046668956422,50,0.10319327731092437
Smc5,0.058343337334933965,0.6873467957767785,50,0.1474669867947179
Smc6,-0.07553421368547418,0.6021269961462214,50,-0.08773109243697479
Smchd1,-0.24475390156062424,0.0867014140275496,50,-0.20653061224489797
Smco4,0.04460984393757503,0.7583760319995217,50,0.04989195678271309
Smcr8,-0.17915966386554621,0.2131649700327737,50,-0.10463385354141658
Smdt1,0.03347019137078472,0.8175101756014451,50,-0.011957069801040738
Smg1,-0.20403361344537815,0.15524554069615865,50,-0.09896758703481391
Smg5,-0.11942376950780313,0.4087716624167726,50,-0.17483793517406962
Smg6,-0.5185594237695077,0.00011442580758624224,50,-0.4681392557022809
Smg7,-0.12470588235294117,0.3882057572679313,50,-0.13066026410564224
Smg8,0.026170468187274906,0.8568358465726584,50,0.10242496998799519
Smg9,0.3357983193277311,0.01712198379568566,50,0.11894357743097239
Smim12,0.06324129651860745,0.6626117149647571,50,0.1371908763505402
Smim13,0.015894357743097238,0.9127628822867415,50,-0.0059063625450180065
Smim15,0.028379351740696276,0.8448950262601718,50,-0.05085234093637454
Smim18,0.19683073229291717,0.17067250790848454,50,0.20701080432172866
Smim26,0.23879951980792313,0.09489594953093942,50,0.1987515006002401
Smim29,0.05853541416566627,0.6863704532652548,50,-0.025306122448979586
Smn1,0.11510204081632652,0.42605572012253357,50,0.12528211284513804
Smndc1,0.12552522273060437,0.38507129505053117,50,0.11875150060024009
Smoc1,0.1710924369747899,0.23483712233002998,50,0.12259303721488594
Smox,0.06775510204081632,0.6401271870153562,50,0.09474189675870348
Smpd1,0.1481428125952236,0.3045562373570435,50,0.04773223848286945
Smpd2,0.2535894357743097,0.0755736459783746,50,0.3270588235294118
Smpd3,0.3190876350540216,0.023906856078773395,50,0.22429771908763504
Smpd4,-0.014453781512605042,0.9206430094148257,50,-0.09214885954381752
Smpdl3b,-0.0860984393757503,0.552167659149883,50,-0.00907563025210084
Sms,-0.08619447779111644,0.55172268105076,50,-0.12
Smtn,0.05978391356542617,0.680036637231636,50,0.015510204081632653
Smu1,-0.04825930372148859,0.7392794043763776,50,-0.05527010804321728
Smug1,0.2004801920768307,0.16272280785347154,50,0.20777911164465784
Smurf2,0.003889555822328931,0.9786130658625282,50,0.06429771908763504
Smyd1,0.18588235294117647,0.19620489704511831,50,0.1481392557022809
Smyd2,0.08763505402160864,0.545068561888412,50,0.08273709483793518
Smyd4,-0.20595932681391055,0.15130047114613782,50,-0.09512605042016806
Smyd5,-0.02424969987995198,0.8672451225085609,50,-0.03241296518607443
Snap25,0.03308523409363745,0.8195738612852521,50,0.018583433373349337
Snap29,0.23217286914765903,0.10470864900474017,50,-0.08168067226890756
Snap47,-0.1702280912364946,0.23724560582753182,50,-0.06813925570228091
Snap91,0.22660264105642255,0.11354517114815993,50,0.27442977190876344
Snapin,-0.06909963985594238,0.6334899031407717,50,0.13152460984393755
Snca,0.10530612244897959,0.466723568539095,50,0.06458583433373348
Sncb,-0.018775510204081632,0.8970282631008979,50,0.040384153661464584
Sncg,0.3938055222088835,0.004661833846189999,50,0.4112845138055222
Snd1,0.20873949579831932,0.1457360990896696,50,0.33560624249699883
Snf8,-0.13863145258103243,0.3369922306980507,50,-0.15572629051620648
Snip1,0.2636734693877551,0.06428656945512991,50,0.32446578631452583
Snn,0.24202261765961974,0.09038875845459446,50,0.21373862523868403
Snph,0.12364945978391356,0.3922693346838515,50,0.14660264105642254
Snrk,-0.027418967587034812,0.8500826111544155,50,-0.04345738295318128
Snrnp200,0.1556820092167633,0.28032309861796817,50,0.008115440949300742
Snrnp40,0.03519807923169268,0.8082625540545242,50,0.09887154861944776
Snrnp70,0.24984393757502998,0.08014443823304274,50,0.29728691476590635
Snrpa,-0.23015606242497,0.1078448756128843,50,-0.1634093637454982
Snrpa1,0.0887875150060024,0.5397732021211107,50,0.09983193277310923
Snrpb2,0.04528211284513805,0.754847106935656,50,0.10348139255702281
Snrpc,-0.11817527010804323,0.4137228304092187,50,0.027130852340936373
Snrpd1,-0.012244897959183673,0.9327402823164229,50,0.042881152460984395
Snrpd2,-0.00043217286914765904,0.9976234017621981,50,-0.08917166866746698
Snrpd3,-0.2368787515006002,0.09766371221156604,50,-0.045570228091236495
Snrpf,0.021848739495798315,0.8802879301101031,50,-0.02885954381752701
Snrpn,-0.21854066130335906,0.1273271685267138,50,-0.039616797533568705
Snta1,-0.03318206920690422,0.8190546314211424,50,-0.07274909963985594
Sntb1,0.1288355342136855,0.3725607171065508,50,0.07073229291716686
Sntb2,0.11913565426170468,0.40991119738674603,50,0.14266506602641055
Sntg1,-0.2217046818727491,0.12177536258445004,50,-0.22372148859543817
Snu13,0.015606242496998797,0.914338267712406,50,-0.08696278511404561
Snupn,0.17791543619620856,0.21641296671247098,50,0.14982352521785985
Snurf,0.020888355342136854,0.8855140703887638,50,-0.021656662665066023
Snw1,-0.1807923169267707,0.20895491396373989,50,-0.11779111644657862
Snx1,0.20470588235294118,0.153859812108914,50,0.06487394957983193
Snx10,0.00773109243697479,0.957504711384272,50,0.02463385354141657
Snx11,-0.16225690276110444,0.26025439723024896,50,-0.08436974789915966
Snx12,-0.2281392557022809,0.11105261557901386,50,-0.1223049219687875
Snx13,0.23918367346938774,0.09434977204710765,50,0.3484753901560623
Snx14,0.22458583433373347,0.11688112171841193,50,0.06093637454981993
Snx15,-0.09608643457382952,0.5068264233318739,50,-0.06237695078031212
Snx16,-0.1433373349339736,0.3206844308645942,50,-0.11126050420168068
Snx17,0.1316206482593037,0.36222634242251806,50,0.07198079231692676
Snx18,-0.14290859328472788,0.3221491622311272,50,-0.07476770152698967
Snx19,0.10146458583433372,0.48322255856282165,50,0.042785114045618244
Snx2,-0.11020408163265305,0.4461341332583326,50,-0.06861944777911164
Snx21,-0.154765906362545,0.28319799393100126,50,0.015126050420168066
Snx24,0.0009123649459783913,0.994982761888243,50,-0.008403361344537815
Snx25,-0.1761824729891957,0.22099402117559358,50,-0.14804321728691477
Snx27,-0.28058296725896,0.04841758940578151,50,-0.24888355342136853
Snx29,-0.06919567827130851,0.6330168945594253,50,-0.06650660264105641
Snx3,-0.307563025210084,0.029798363594940945,50,-0.28720288115246095
Snx30,0.054405762304921966,0.7074710981749527,50,0.014837935174069627
Snx32,0.053061224489795916,0.7143892233249539,50,0.057094837935174066
Snx33,-0.12009603841536615,0.40611986004781697,50,-0.1528451380552221
Snx4,-0.09262905162064825,0.5223041850809608,50,-0.09262905162064825
Snx5,-0.081968787515006,0.5714613394113613,50,-0.023865546218487393
Snx6,0.048931572629051616,0.7357781389841229,50,0.10194477791116446
Snx7,0.12864345738295319,0.3732798912926261,50,0.20470588235294118
Snx8,0.00312124849939976,0.982836936740475,50,0.18396158463385354
Snx9,0.05325330132052821,0.7133995116982279,50,0.036015270485062464
Sobp,0.14477791116446578,0.3157938453706833,50,0.10012004801920767
Sod1,-0.04825930372148859,0.7392794043763776,50,0.0041776710684273705
Sod2,0.1065546218487395,0.46142734267882113,50,-0.037695078031212484
Sod3,0.0821608643457383,0.5705571163870861,50,0.12528211284513804
Soga1,0.03404561824729892,0.8144277037768815,50,0.059495798319327726
Soga3,0.03481476146889371,0.8103118726423371,50,-0.06718048454480319
Son,0.03606242496998799,0.8036462240386789,50,0.05258103241296518
Sorbs1,0.24331332533013206,0.08863131145915563,50,-0.06074429771908763
Sorbs2,0.09618247298919569,0.5063998437393995,50,0.09867947178871549
Sorbs3,-0.18665066026410562,0.19432939839925134,50,-0.24773109243697478
Sorcs1,0.08917166866746698,0.538013641370765,50,0.07255702280912364
Sorcs2,0.09944777911164465,0.4920056635658296,50,0.06093637454981993
Sorcs3,0.10837935174069627,0.4537455442625736,50,0.21229291716686674
Sord,0.031885519469441966,0.8260130178856123,50,0.11745780214195038
Sort1,0.06996398559423768,0.629238068862309,50,0.062184873949579826
Sos1,-0.021944777911164462,0.8797655899409523,50,0.03750300120048019
Sos2,-0.029051620648259304,0.8412675746780208,50,-0.07015606242496998
Sowaha,-0.1640816326530612,0.25485990608918146,50,-0.15956782713085235
Sowahb,-0.06468342579117219,0.6553947942727667,50,-0.07707082833133252
Sowahc,0.029051620648259304,0.8412675746780208,50,-0.07803121248499399
Sox10,-0.33099639855942375,0.018879192595151743,50,-0.19394957983193276
Sox13,-0.13334933973589436,0.35590028344525193,50,-0.07265306122448979
Sox2,0.14785114045618247,0.3055200155233698,50,0.022328931572629048
Sox5,0.22093637454981993,0.12310632967456595,50,0.19337334933973588
Sox8,-0.14324129651860742,0.3210121648083788,50,-0.21843937575030012
Sp1,-0.023001200480192076,0.8740232394253051,50,-0.008403361344537815
Sp3,-0.08427370948379351,0.5606545008835909,50,-0.09771908763505403
Sp4,0.09070828331332531,0.5310034022284797,50,0.06977190876350539
Spag1,0.22746698679471786,0.1121379118263193,50,0.3007442977190876
Spag7,-0.039615846338535404,0.7847391830472042,50,-0.025978391356542615
Spag9,0.15909145482268258,0.2697928152172662,50,0.19505870494709832
Sparc,0.3564465786314525,0.01106087660933947,50,0.2496518607442977
Sparcl1,-0.060072028811524604,0.6785780674684071,50,-0.08264105642256904
Spart,0.0480672268907563,0.7402807314813461,50,0.029627851140456178
Spast,-0.08187274909963986,0.5719136983199204,50,-0.07476590636254501
Spata13,0.19914043560207206,0.16560918764422322,50,0.09604072129349991
Spata2,-0.010036014405762305,0.9448526178752373,50,-0.09099639855942376
Spata2L,0.3675870348139256,0.008636050083755736,50,0.39476590636254505
Spata33,-0.047587034813925566,0.7427859111260962,50,0.01666266506602641
Spata5,-0.07476590636254501,0.6058360376069906,50,-0.1828091236494598
Spata7,0.16561824729891955,0.25037598681334733,50,0.06064825930372149
Spats2,0.2550300120048019,0.07387151060810099,50,0.31831932773109245
Spats2l,0.12845138055222088,0.373999897152233,50,0.12009603841536615
Spcs1,-0.12921968787515006,0.3711248650349302,50,-0.18232893157262903
Spcs2,0.04614645858343337,0.7503171978784031,50,0.14487394957983193
Spcs3,0.2159423769507803,0.13202715844231022,50,0.13968787515006
Specc1,-0.2886162269422775,0.04208401323093301,50,-0.22128313509955705
Specc1l,0.031644657863145256,0.8273071614491647,50,0.0751500600240096
Speg,0.3236974789915966,0.021841350902933012,50,0.2917166866746699
Spen,0.19183673469387755,0.18200233075512198,50,0.2712605042016807
Spg11,-0.20614645858343336,0.1509210873915034,50,-0.15572629051620648
Spg21,-0.032220888355342134,0.8242118518362515,50,0.05767106842737095
Spg7,-0.2270828331332533,0.11276170705793447,50,-0.13795918367346938
Sphk2,0.06535414165666266,0.6520488346379696,50,0.054981992797118844
Sphkap,0.13834333733493398,0.33800715106040335,50,0.12076830732292916
Spin1,-0.10290516206482593,0.476999762222001,50,-0.1900120048019208
Spint2,0.21066026410564226,0.14198135857415425,50,0.16686674669867946
Spire1,-0.023289315726290515,0.8724582456414803,50,-0.0008163265306122449
Spire2,-0.11279711884753903,0.4354400775517007,50,-0.2256422569027611
Spns1,-0.1426684914814941,0.3229712775486481,50,-0.0924872146056404
Spns2,0.09339735894357742,0.5188444715693142,50,0.06487394957983193
Spock1,0.2000960384153661,0.16354664670532781,50,0.1223049219687875
Spock2,0.04009603841536614,0.7821933263092732,50,0.07678271308523409
Spock3,0.2873949579831933,0.04300062169297552,50,0.08561824729891956
Spon1,0.22410564225690274,0.11768627035254718,50,0.22064825930372148
Spout1,-0.1505402160864346,0.2967085862020062,50,-0.2719327731092437
Sppl2a,0.033565426170468184,0.816999827588431,50,-0.017046818727490996
Sppl2b,0.0739015606242497,0.6100205018611946,50,0.08792316926770707
Spr,-0.19731092436974787,0.169610697501005,50,-0.19097238895558222
Spred1,0.03154861944777911,0.8278233003860368,50,-4.801920768307323e-05
Spred2,0.11769507803121249,0.41563623882851247,50,-0.06324129651860745
Spred3,-0.031260504201680674,0.8293721484376042,50,0.08974789915966387
Sprr1a,0.3670108043217286,0.008749114013541207,50,0.26338535414165665
Spry2,0.23783913565426168,0.09627212471063692,50,0.20547418967587033
Spry4,0.18530612244897962,0.19761992297847894,50,0.13997599039615843
Spryd3,0.1660984393757503,0.24898576972633313,50,-0.025498199279711888
Spryd4,-0.1702280912364946,0.23724560582753182,50,-0.14909963985594235
Spryd7,0.052965186074429765,0.7148842537631441,50,0.03692677070828331
Spta1,0.2265066026410564,0.11370236094543207,50,0.18002400960384152
Sptan1,-0.18165666266506603,0.2067498342136332,50,-0.09570228091236495
Sptb,0.014165666266506602,0.9222199650398092,50,-0.019735894357743092
Sptbn1,0.1020408163265306,0.4807283315014337,50,0.0910924369747899
Sptbn2,0.11433373349339734,0.4291710699856449,50,0.11058823529411764
Sptbn4,0.12528211284513804,0.3859997674322132,50,0.1264345738295318
Sptlc1,-0.006578631452581032,0.9638348418776679,50,0.08763505402160864
Sptlc2,0.1599519807923169,0.2671771221430569,50,0.09195678271308522
Spty2d1,0.100984393757503,0.485306266644739,50,0.12979591836734694
Sqle,0.020024009603841535,0.8902217299271966,50,-0.02261704681872749
Sqor,0.21334933973589434,0.13684623827952497,50,0.20316926770708282
Sqstm1,0.06352941176470588,0.6611674319092691,50,0.05997599039615846
Sra1,0.15534213685474188,0.28138743081868106,50,0.13238895558223288
Srbd1,0.264921968787515,0.06298827274997591,50,0.21248499399759901
Src,-0.43583279322990254,0.0015579976460095683,50,-0.33522208883553417
Srcap,-0.021176470588235297,0.8839457115687899,50,-0.14477791116446578
Srcin1,-0.0010084033613445378,0.9944546394031878,50,0.022328931572629048
Srd5a3,-0.23150060024009603,0.10574616855354162,50,-0.14372148859543818
Srebf1,0.06621848739495799,0.6477469152991983,50,0.04249699879951981
Srebf2,0.230828331332533,0.10679156606568176,50,0.13459783913565426
Srek1,-0.14036014405762304,0.33094261620940163,50,-0.07534213685474188
Srfbp1,0.08629258808220966,0.5512682794997216,50,0.010036014405762305
Srgap1,0.28134453781512603,0.04778572213045924,50,0.3357983193277311
Srgap2,0.03807923169267707,0.7929008011218845,50,-0.023289315726290515
Srgap3,-0.027226890756302524,0.8511208900266356,50,-0.12595438175270107
Sri,-0.1483313325330132,0.3039343481184082,50,-0.27625450180072025
Srm,0.1328691476590636,0.3576507160616057,50,0.19817527010804323
Srp14,-0.0251140456182473,0.8625580807865763,50,0.04441776710684273
Srp19,-0.17647058823529413,0.22022776592241,50,-0.07524609843937576
Srp54a,-0.016182472989195677,0.9111878287690884,50,-0.05248499399759904
Srp68,-0.012965497374622485,0.928792028015262,50,0.10693877551020407
Srp9,-0.3349339735894358,0.01742761273060966,50,-0.18415366146458584
Srpk1,0.12797118847539016,0.3758035482394883,50,0.07563025210084032
Srpk2,0.035390156062424974,0.8072361382587281,50,-0.027130852340936373
Srpra,0.19529411764705884,0.17410269198124428,50,0.142953181272509
Srr,-0.05018007202881152,0.7292899173439517,50,-0.08254501800720286
Srrm1,0.06996398559423768,0.629238068862309,50,-0.0036974789915966387
Srrm2,0.04,0.782702317866487,50,-0.030588235294117645
Srrm3,-0.16686674669867946,0.24677231048219184,50,-0.12403361344537814
Srsf1,-0.1472749099639856,0.3074298165312654,50,0.11318127250900359
Srsf10,-0.03270108043217287,0.8216344458929444,50,-0.06477791116446578
Srsf11,0.12220888355342135,0.39785064632490746,50,0.05008403361344538
Srsf12,-0.013493397358943579,0.9259006695282543,50,-0.13815126050420168
Srsf2,-0.12547418967587035,0.38526608807851537,50,-0.10530612244897959
Srsf3,0.0658343337334934,0.6496574839593189,50,0.015510204081632653
Srsf4,0.09848739495798318,0.4962170518882712,50,-0.015510204081632653
Srsf5,0.16273709483793514,0.2588274339236773,50,0.14362545018007203
Srsf6,0.06093637454981993,0.6742093668352068,50,0.12653061224489795
Srsf7,0.2226650660264106,0.1201270082880347,50,0.12864345738295319
Srsf9,-0.19433839953739704,0.1762611323884179,50,-0.2970948379351741
Srxn1,0.008979591836734692,0.9506500093767046,50,-0.07332533013205282
Ss18,0.10521008403361343,0.46713231871253486,50,0.0739015606242497
Ss18l1,-0.006386554621848738,0.964890088733286,50,-0.06112845138055222
Ssb,-0.0059063625450180065,0.9675284624934394,50,0.033661464585834334
Ssbp1,0.1169267707082833,0.41870819488172134,50,-0.009843937575030014
Ssbp2,-0.016182472989195677,0.9111878287690884,50,0.066890756302521
Ssbp4,0.05997599039615846,0.6790641281788056,50,0.06055222088835534
Ssh1,-0.15793517406962787,0.27333419692148697,50,-0.022521008403361343
Ssh2,0.07337511106823393,0.612575219600232,50,0.19884753901560623
Ssh3,-0.08552220888355341,0.5548411048111002,50,-0.11279711884753903
Ssna1,-0.022521008403361343,0.8766326204036273,50,0.041440576230492195
Ssr1,0.028763505402160862,0.8428218018137286,50,0.05517406962785113
Ssr3,0.17983193277310922,0.21142429431040186,50,-0.011284513805522207
Ssr4,-0.02972460324033822,0.8376395375872261,50,-0.08758913781967191
Ssrp1,-0.19759903961584632,0.16897591791597658,50,-0.3024729891956782
Sst,0.0586314525810324,0.685882471881642,50,-0.0009123649459783913
Sstr1,0.03659151481282347,0.800823699536344,50,0.0006242496998799519
Sstr2,-0.11366146458583432,0.4319074870573528,50,-0.1144297719087635
Ssu72,0.01666266506602641,0.9085634932990514,50,0.047587034813925566
Ssx2ip,-0.00970011285064349,0.9466956719324038,50,0.060456182472989194
St13,0.3006482593037215,0.0338807976540806,50,0.25253301320528215
St3gal2,0.013973589435774309,0.9232714336848591,50,-0.2304441776710684
St3gal5,0.3212004801920768,0.02294066649073923,50,0.24849939975990393
St3gal6,0.11817527010804323,0.4137228304092187,50,-0.0019687875150060023
St6galnac5,0.08283313325330133,0.5673975453262576,50,0.09647058823529413
St7l,-0.04086434573829532,0.7781246614190953,50,-0.09224489795918367
St8sia3,-0.016758703481392558,0.9080387412450949,50,-0.009747899159663865
St8sia5,-0.025018007202881155,0.863078634916133,50,-0.026074429771908762
Stac2,0.18857142857142856,0.1896964732717917,50,0.18271308523409363
Stag1,0.07351740696278511,0.6118842444543006,50,-0.012436974789915966
Stag2,-0.10357743097238895,0.4741103982192555,50,-0.06756302521008403
Stam,0.12864345738295319,0.3732798912926261,50,0.2729891956782713
Stam2,-0.07803121248499399,0.5901416818413918,50,0.006674669867947179
Stambp,-0.05181272509003601,0.7208336274238912,50,-0.023289315726290515
Stambpl1,0.0790876350540216,0.5851032158998725,50,0.1545738295318127
Stap2,0.05642256902761104,0.697137769951935,50,-0.0005282112845138055
Stard10,0.05478991596638655,0.7054987502780329,50,0.08120048019207683
Stard13,0.16600638675581458,0.24925186802744856,50,0.09406962785114045
Stard3,0.04768307322929172,0.7422846631765018,50,-0.06410564225690277
Stard3nl,-0.2776950780312125,0.05087565218314387,50,-0.2866266506602641
Stard5,-0.007346938775510203,0.9596144857054117,50,-0.08840336134453781
Stard7,0.0468187274909964,0.7467996811509177,50,-0.11577430972388955
Stard8,0.1505402160864346,0.2967085862020062,50,0.2064345738295318
Stat1,0.010996398559423769,0.9395847073576459,50,-0.024537815126050418
Stat2,0.1052606305376759,0.46691716321281035,50,0.2344354006774333
Stat3,-0.11346938775510206,0.4326911145065585,50,-0.11990396158463384
Stat5b,0.037406962785114045,0.7964784852993401,50,-0.0014885954381752698
Stat6,0.24072028811524607,0.09218942739887735,50,0.26463385354141655
Stau1,0.046530612244897955,0.7483065676552072,50,0.21200480192076832
Stbd1,0.28086434573829533,0.0481833457900355,50,0.2665546218487395
Steap2,0.0923409363745498,0.5236045309500681,50,0.07745498199279711
Steap3,-0.08667466986794717,0.5495003532633628,50,-0.19769507803121247
Steep1,0.06093637454981993,0.6742093668352068,50,-0.028763505402160862
Stim1,0.022232893157262904,0.8781988742686199,50,0.017911164465786316
Stim2,-0.07856131001808292,0.5876110333749734,50,-0.07894547290325692
Stip1,-0.08081632653061224,0.5769004898096026,50,-0.12941176470588234
Stk10,-0.07370948379351741,0.6109520680536464,50,-0.13747899159663865
Stk11,0.10693877551020407,0.45980430086891044,50,0.12864345738295319
Stk11ip,0.01944777911164466,0.8933622633323914,50,0.06631452581032413
Stk16,-0.17205282112845138,0.23218075434077384,50,-0.10376950780312125
Stk17b,-0.19356542617046818,0.17802093073259198,50,-0.09992797118847539
Stk24,-0.010036014405762305,0.9448526178752373,50,-0.04710684273709483
Stk25,0.026074429771908762,0.8573557532345867,50,0.08965186074429772
Stk26,0.1493877551020408,0.3004645478631454,50,0.12720288115246098
Stk3,0.03932773109243697,0.7862677701948961,50,0.02588235294117647
Stk32c,0.05450180072028812,0.7069778323592292,50,0.062953181272509
Stk38,0.01637454981992797,0.9101379804213003,50,0.08984393757503001
Stk38l,-0.32168067226890756,0.022725719278411882,50,-0.37267707082833135
Stk39,0.12278511404561823,0.3956125827762633,50,-0.061992797118847545
Stk4,-0.010996398559423769,0.9395847073576459,50,-0.09954381752701079
Stmn1,0.08388955582232892,0.5624489664943948,50,0.04845138055222088
Stmn2,0.1499639855942377,0.298582748649281,50,0.20960384153661463
Stmn3,0.22372148859543817,0.11833341800187742,50,0.2746218487394958
Stmn4,0.3009363745498199,0.033701905640262646,50,0.0724609843937575
Stn1,-0.011092436974789914,0.9390580533725903,50,0.020024009603841535
Stom,0.10031212484993997,0.4882313531546813,50,0.0575750300120048
Stoml1,0.1415126050420168,0.32694758287613956,50,0.09166866746698678
Stoml2,-0.12336134453781511,0.39338190254787236,50,-0.1845378151260504
Ston1,0.10463385354141658,0.46958885190595157,50,0.20326530612244897
Ston2,0.146218487394958,0.3109509499223817,50,0.08436974789915966
Stox2,0.06266506602641056,0.6655039242284221,50,0.07255702280912364
Strada,-0.22439375750300117,0.11720267705189423,50,-0.21440576230492195
Stradb,0.0015846338535414166,0.991285961741987,50,0.08801920768307324
Strap,-0.01282112845138055,0.9295829104799347,50,0.06352941176470588
Strbp,0.12672268907563025,0.38051732071102834,50,0.142953181272509
Strip1,-0.0998823501452399,0.49010614397029695,50,-0.12681872749099637
Strip2,0.15630252100840333,0.27838676526196915,50,0.09368547418967586
Strn,0.2516686674669868,0.07789120257029128,50,0.14573829531812724
Strn3,0.06698679471788715,0.6439325209967761,50,0.15966386554621848
Strn4,0.31683833954725615,0.024972766068282748,50,0.2226650660264106
Sts,0.21997599039615845,0.12478547204869817,50,0.19865546218487393
Stt3b,0.08062424969987995,0.5778093067048342,50,0.10674669867947177
Stub1,-0.039712838254862215,0.7842247757584777,50,-0.003217286914765906
Stum,-0.037695078031212484,0.7949446802314588,50,-0.02799519807923169
Stx12,0.08523409363745497,0.55618012140731,50,0.08072028811524609
Stx16,0.17819927971188473,0.21566898765633302,50,0.13018007202881152
Stx17,-0.024729891956782712,0.8646406418817117,50,-0.17695078031212486
Stx18,-0.18799519807923168,0.1910779964419356,50,-0.14093637454981991
Stx1a,-0.07534213685474188,0.603053327134776,50,-0.06861944777911164
Stx1b,-0.21104441776710686,0.1412391233761076,50,-0.12777911164465786
Stx2,-0.13546218487394956,0.3482606980309426,50,-0.06036014405762304
Stx3,0.2451380552220888,0.08619236415237395,50,0.24148859543817527
Stx4,-0.05795918367346939,0.6893009948321578,50,-0.029819927971188476
Stx5,-0.18060024009603842,0.20944716392870089,50,-0.24801920768307323
Stx6,0.05258103241296518,0.7168655353747643,50,0.06679471788715485
Stx7,-0.15111644657863144,0.29484206004482166,50,-0.24811524609843938
Stx8,-0.2542617046818727,0.07477549919875907,50,-0.14468187274909963
Stxbp1,-0.08244897959183674,0.5692020208639987,50,-0.18578631452581032
Stxbp2,-0.039615846338535404,0.7847391830472042,50,0.022136854741896757
Stxbp3,-0.07351740696278511,0.6118842444543006,50,-0.10415366146458584
Stxbp5,-0.10602895630802388,0.4636532820899339,50,-0.017430972388955582
Stxbp5l,-0.12681872749099637,0.38015347916898345,50,-0.20264592192928477
Stxbp6,-0.21430972388955583,0.13504630439439766,50,-0.2155582232893157
Sub1,0.08360144057623049,0.5637965755719512,50,0.08139255702280913
Sucla2,-0.0003841628851739996,0.9978874168754117,50,-0.015558596849546982
Suclg1,0.054935292579881945,0.7047528464662123,50,0.16903166947655984
Suclg2,0.010612244897959183,0.9416915769578321,50,0.055366146458583426
Suco,0.0739015606242497,0.6100205018611946,50,0.2572388955582233
Suds3,0.21527010804321725,0.13326414371586354,50,0.1533253301320528
Sufu,-0.062953181272509,0.6640572139268146,50,-0.09406962785114045
Sugp1,-0.15486194477791115,0.28289570390531826,50,-0.2285234093637455
Sugp2,-0.1440096038415366,0.3183962247026039,50,-0.22689075630252098
Sugt1,0.011044682948752488,0.9393199229537283,50,-0.06573829531812725
Sulf2,-0.036350540216086434,0.8021089117393996,50,0.06938775510204082
Sult1a1,0.11323201040503637,0.433660657293045,50,0.07966577831295817
Sult1d1,-0.11654261704681872,0.4202490115882107,50,-0.12960384153661464
Sult4a1,0.08360144057623049,0.5637965755719512,50,0.14429771908763506
Sult5a1,-0.05056422569027611,0.7272972880782103,50,0.13997599039615843
Sumf1,0.07870348139255702,0.5869331449844367,50,0.11923169267707083
Sumf2,0.19663865546218487,0.1710985793248603,50,0.13997599039615843
Sumo1,-0.16984393757503002,0.23832144880306985,50,-0.1824249699879952
Sumo2,0.03807923169267707,0.7929008011218845,50,0.062953181272509
Sumo3,-0.25915966386554623,0.0691598162890669,50,-0.2661704681872749
Sun1,0.15433743911865436,0.28454921604485006,50,0.13248499399759903
Sun2,0.1474669867947179,0.30679236772595225,50,0.2026890756302521
Suox,0.10665066026410563,0.46102129193702235,50,0.01915966386554622
Supt16h,0.0642016806722689,0.6578021921982875,50,0.07169267707082833
Supt4h1,0.20307322929171667,0.15724103790548746,50,0.2741416566626651
Supt5h,-0.32292917166866747,0.022174772148092613,50,-0.13997599039615843
Supt6h,0.03889649212386746,0.7885571858565724,50,0.022713630585912723
Supt7l,-0.1714765906362545,0.23377208557308898,50,-0.17426170468187277
Supv3l1,0.18357743097238896,0.2019083460799354,50,0.2169987995198079
Surf1,0.14352941176470588,0.3200295984361328,50,0.09003601440576231
Surf2,0.04576230492196878,0.7523294718542115,50,0.15361344537815122
Surf4,0.12585834333733492,0.38380120751963126,50,0.10050420168067226
Surf6,0.039135654261704685,0.7872872720608813,50,0.006482593037214886
Susd2,-0.1896804245546623,0.1870577212265687,50,-0.08192273526335542
Susd4,-0.11193546066757414,0.43897769268767245,50,-0.12009603841536615
Susd5,-0.044897959183673466,0.7568630339178207,50,0.018103241296518604
Suz12,-0.074093637454982,0.6090895470834801,50,-0.042977190876350546
Sv2a,-0.25579831932773106,0.07297619485931066,50,-0.1280672268907563
Sv2b,-0.17464585834333732,0.22511196898944325,50,-0.06852340936374549
Sv2c,0.30669867947178864,0.030285113069052825,50,0.21719087635054019
Svil,0.0887875150060024,0.5397732021211107,50,0.14583433373349342
Svip,0.03865546218487395,0.7898375681306562,50,-0.006386554621848738
Svop,-0.26953181272509,0.05837530621030692,50,-0.23918367346938774
Swap70,0.03903961584633854,0.7877971555185405,50,0.045570228091236495
Swi5,-0.06881152460984392,0.6349097988988524,50,0.0182953181272509
Syap1,0.06525810324129651,0.6525275217715648,50,0.036350540216086434
Sybu,-0.007346938775510203,0.9596144857054117,50,0.02415366146458583
Syf2,0.08821128451380551,0.5424177623569869,50,0.02424969987995198
Syk,-0.07294117647058823,0.6146844227987611,50,-0.050660264105642255
Sympk,-0.18415366146458584,0.2004716349922025,50,-0.13334933973589436
Syn1,-0.10127250900360144,0.484055476875917,50,-0.033949579831932766
Syn2,-0.05459783913565427,0.7064846856496607,50,0.01771908763505402
Syn3,-0.15313325330132052,0.288369341983597,50,0.014261704681872748
Syncrip,0.10924369747899158,0.45013133056791826,50,-0.03154861944777911
Syndig1,0.1006002400960384,0.48697661853049373,50,0.08993997599039616
Syne1,0.052292917166866744,0.7183527092577802,50,0.20653061224489797
Syngap1,0.41772911726607787,0.002541069209851266,50,0.24543206326553899
Syngr1,-0.19126050420168067,0.18334356873794166,50,-0.21959183673469387
Syngr3,-0.22343337334933971,0.1188205495201523,50,-0.16283313325330132
Synj1,-0.066890756302521,0.6444088265071674,50,0.011188475390156062
Synj2,0.26319327731092435,0.06479157382599329,50,0.07995198079231693
Synj2bp,0.09695078031212485,0.5029938008354746,50,0.22948379351740697
Synm,0.17349339735894356,0.22823504983785664,50,0.12048019207683074
Synpo,0.08677070828331333,0.5490564011370141,50,0.04163265306122449
Synpo2,0.20393757503001197,0.15544424848919466,50,0.19135654261704682
Synpr,0.14055222088835534,0.33027466269230854,50,0.1241296518607443
Syp,-0.02280912364945978,0.8750668341977711,50,0.008115246098439374
Sypl1,0.055654261704681865,0.7010679848872847,50,0.01579831932773109
Sys1,0.23034813925570227,0.107543120694918,50,0.16830732292917167
Syt1,0.13747899159663865,0.3410633035393226,50,0.09282112845138055
Syt11,0.27112295621155025,0.056847672855381205,50,0.36577108704629435
Syt12,-0.021368547418967588,0.8829003832753773,50,-0.07620648259303721
Syt13,0.1598559423769508,0.2674682046825719,50,0.14717887154861942
Syt14,-0.14112845138055222,0.3282758767462333,50,0.012917166866746698
Syt16,0.08120048019207683,0.5750848160521908,50,0.014453781512605042
Syt17,-0.19135654261704682,0.18311953804371303,50,-0.1343097238895558
Syt2,-0.07707082833133252,0.5947388231105694,50,0.0561344537815126
Syt3,-0.16970395452561435,0.23871430653440232,50,-0.13599366135159585
Syt4,-0.17800720288115246,0.21617224267686636,50,-0.23178871548619448
Syt5,0.06468187274909963,0.6554025496506848,50,0.02348139255702281
Syt6,0.05527010804321728,0.7030360089502817,50,-0.008979591836734692
Syt7,0.018775510204081632,0.8970282631008979,50,0.20921968787515002
Syt9,0.29286914765906363,0.039016143301081725,50,0.19759903961584632
Sytl2,0.35673469387755097,0.010991470455233496,50,0.3653781512605042
Sytl5,0.295078031212485,0.03749681355924513,50,0.1795438175270108
Syvn1,-0.039135654261704685,0.7872872720608813,50,0.042977190876350546
Szrd1,-0.1695598934436741,0.23911907092151366,50,-0.21248499399759901
Szt2,-0.060072028811524604,0.6785780674684071,50,0.11846338535414166
Tab1,-0.2500360144057623,0.07990486790908251,50,-0.21613445378151258
Tab2,0.11807923169267706,0.4141051076442624,50,0.165906362545018
Tab3,-0.09704681872749099,0.5025688713042594,50,-0.1400720288115246
Tac1,0.2859543817527011,0.044102764346780586,50,0.1991356542617047
Tac3,0.11587034813925569,0.4229531870434041,50,0.15860744297719087
Tacc1,0.20460984393757503,0.15405721397377636,50,0.18540216086434572
Tacc2,0.2434093637454982,0.08850161764110702,50,0.17445378151260504
Taco1,-0.05248499399759904,0.7173611448181693,50,-0.09819927971188475
Tacr1,0.27308523409363744,0.05500824637701231,50,0.2799039615846338
Tada1,-0.09157262905162064,0.5270799633389929,50,-0.06103241296518607
Tada3,-0.21200480192076832,0.13939617341420016,50,-0.23505402160864344
Taf1,0.2053781512605042,0.15248320921458572,50,0.1670588235294118
Taf10,0.006482593037214886,0.9643624577499652,50,0.006866746698679471
Taf2,0.06621848739495799,0.6477469152991983,50,0.09301320528211285
Taf5,0.011764705882352943,0.9353722106171002,50,-0.039135654261704685
Taf5l,0.07034813925570228,0.6273521677638412,50,0.07332533013205282
Taf6,-0.06573829531812725,0.6501354755460494,50,0.006386554621848738
Taf6l,0.03759903961584634,0.7954558636185503,50,-0.019639855942376952
Taf9b,-0.004465786314525811,0.9754455374575086,50,0.06304921968787515
Tafa2,0.19116446578631452,0.18356779599920445,50,0.154765906362545
Tafa5,0.008691476590636255,0.9522315678165846,50,0.02376950780312125
Tafazzin,-0.1298919567827131,0.3686201394238035,50,-0.165906362545018
Tagln,0.3752701080432172,0.00724507870579679,50,0.27702280912364946
Tagln2,0.18434573829531814,0.19999434098642774,50,0.21949579831932772
Tagln3,0.20451380552220885,0.15425480215836337,50,0.1702280912364946
Taldo1,0.2541656662665066,0.07488911026326925,50,0.1938535414165666
Tamalin,0.12797118847539016,0.3758035482394883,50,0.1061704681872749
Tamm41,0.056806722689075634,0.6951756021337345,50,0.06391356542617047
Tanc1,-0.036638655462184866,0.8005723408637344,50,-0.09464585834333733
Tanc2,0.2569507803121248,0.07164936500476853,50,0.20528211284513803
Tango2,-0.22093637454981993,0.12310632967456595,50,0.015990396158463382
Tango6,0.011860744297719087,0.9348457693377733,50,-0.03279711884753902
Tank,-0.028475390156062427,0.8443766220421096,50,0.09186074429771908
Taok1,0.020024009603841535,0.8902217299271966,50,0.09330132052821127
Taok2,-0.09186074429771908,0.525775341566126,50,-0.09253301320528211
Taok3,0.04643457382953182,0.7488090704314575,50,-0.1402641056422569
Tap1,0.10252100840336134,0.4786550085874231,50,0.10453781512605041
Tap2,-0.028379351740696276,0.8448950262601718,50,-0.07198079231692676
Tapbp,0.07476590636254501,0.6058360376069906,50,0.12941176470588234
Tapbpl,-0.030588235294117645,0.832988615863935,50,-0.11884753901560624
Tapt1,-0.09800720288115244,0.4983297063593493,50,-0.0060984393757503004
Tarbp2,0.24475390156062424,0.0867014140275496,50,0.1594717887154862
Tardbp,0.19394957983193276,0.17714476680649793,50,0.25224489795918364
Tars1,-0.07985594237695079,0.5814510819245352,50,-0.015894357743097238
Tars2,0.051236494597839126,0.7238144873817068,50,0.05824729891956783
Tars3,-0.024345738295318126,0.866724113819169,50,0.03615846338535413
Tasor,0.11673469387755102,0.41947820044144807,50,0.0658343337334934
Tatdn1,-0.006194477791116446,0.9659453951391317,50,-0.09061224489795917
Tatdn2,-0.1300840336134454,0.36790637879392674,50,-0.08081632653061224
Tax1bp1,-0.05699879951980792,0.6941952581621041,50,-0.2173829531812725
Tax1bp3,0.06545018007202881,0.6515702862833339,50,0.09099639855942376
Tbc1d1,-0.041056422569027605,0.7771084102057593,50,-0.059495798319327726
Tbc1d10a,0.30823529411764705,0.029424298593631684,50,0.24600240096038412
Tbc1d10b,-0.06765906362545018,0.6406023554342575,50,-0.4010084033613445
Tbc1d13,0.06160864345738295,0.6708188182068404,50,0.07995198079231693
Tbc1d14,-0.06112991910331268,0.6732325756816447,50,-0.04499399759903961
Tbc1d15,-0.09733493397358943,0.501295186368049,50,-0.2004801920768307
Tbc1d16,0.08945978391356542,0.5366958030570775,50,0.03231692677070828
Tbc1d17,0.15793517406962787,0.27333419692148697,50,-0.007058823529411764
Tbc1d19,-0.09906362545018006,0.49368798709204953,50,-0.07822328931572628
Tbc1d20,0.20134453781512604,0.16088026048978854,50,-0.08014405762304923
Tbc1d22a,0.08907563025210084,0.5384532700520441,50,-0.015414165666266506
Tbc1d22b,-0.22093637454981993,0.12310632967456595,50,-0.1117406962785114
Tbc1d23,-0.13776710684273707,0.34004268805590443,50,-0.10031212484993997
Tbc1d24,-0.23793517406962783,0.09613381532054893,50,-0.35154861944777915
Tbc1d25,0.0760144057623049,0.5998138905729673,50,0.13536614645858341
Tbc1d2b,0.031164465786314523,0.8298885741693174,50,0.1348859543817527
Tbc1d30,0.207875150060024,0.14744954283139192,50,0.230828331332533
Tbc1d4,0.21584633853541413,0.13220334127843666,50,0.13296518607442975
Tbc1d5,0.16619447779111643,0.24870835467986022,50,0.30669867947178864
Tbc1d7,-0.036638655462184866,0.8005723408637344,50,0.009939975990396158
Tbc1d8,0.40801920768307326,0.0032679645802730682,50,0.3798799519807923
Tbc1d8b,0.0013925570228091237,0.9923421752307796,50,0.07937575030012005
Tbc1d9,0.30122448979591837,0.03352379645168875,50,0.14487394957983193
Tbc1d9b,0.10631707847190437,0.46243250738756986,50,0.07803121248499399
Tbca,-0.18405762304921966,0.2007105836695977,50,-0.1499639855942377
Tbcb,0.1859783913565426,0.19596976003793506,50,0.07668667466986795
Tbcc,-0.1878031212484994,0.1915400934948433,50,-0.07879951980792316
Tbcd,0.04672268907563025,0.7473018728218163,50,0.13930372148859543
Tbce,0.1660984393757503,0.24898576972633313,50,0.23543817527010802
Tbcel,-0.13959183673469386,0.3336228844020166,50,0.01474189675870348
Tbck,0.13776710684273707,0.34004268805590443,50,0.13219687875150057
Tbk1,-0.042881152460984395,0.7674726631844364,50,-0.15563025210084033
Tbkbp1,-0.06093637454981993,0.6742093668352068,50,-0.135078031212485
Tbl1x,0.38372148859543814,0.005943805223465561,50,0.30669867947178864
Tbl1xr1,0.2467707082833133,0.08405493531897798,50,0.20864345738295315
Tbl2,-0.16907563025210082,0.24048312706659133,50,-0.09647058823529413
Tbl3,0.05219687875150059,0.7188486638832161,50,0.04192076830732293
Tbp,0.3976470588235294,0.00424140806908062,50,0.28797118847539016
Tbpl1,0.04355342136854741,0.763931322092937,50,0.06900360144057623
Tbr1,0.28902761104441776,0.041778882311591686,50,0.1454501800720288
Tbrg4,0.04470588235294118,0.7578715994253096,50,0.08638655462184873
Tcaf1,0.01867992029158573,0.897549706290609,50,0.021465101209097226
Tcaim,-0.07006002400960383,0.6287663733935079,50,-0.05920768307322929
Tcea1,-0.08168067226890756,0.5728189102509789,50,-0.06477791116446578
Tceal1,0.14208883553421367,0.32496148958915216,50,-0.037118847539015606
Tceal3,-0.037310924369747894,0.79698992318548,50,0.03750300120048019
Tceal5,0.05642256902761104,0.697137769951935,50,-0.06439375750300119
Tcerg1,-0.052100840336134456,0.7193447331983341,50,-0.06948379351740695
Tcf12,0.23130852340936373,0.10604404819123023,50,0.17570228091236492
Tcf20,0.24235294117647058,0.08993642129920594,50,0.0060984393757503004
Tcf25,-0.03558223289315726,0.8062100437659906,50,-0.037406962785114045
Tcf4,0.0923409363745498,0.5236045309500681,50,0.06381752701080431
Tchp,-0.20941176470588235,0.14441365874954165,50,-0.07274909963985594
Tcirg1,-0.04729891956782713,0.7442902879681722,50,-0.014165666266506602
Tcn2,-0.03884753901560624,0.7888171864728192,50,-0.03759903961584634
Tcof1,0.1829051620648259,0.2035936769976229,50,0.16043217286914768
Tcp1,-0.05987995198079231,0.6795503181579453,50,0.05555822328931572
Tcp11l1,0.09013205282112843,0.533626974294006,50,0.0575750300120048
Tcp11l2,0.28672268907563025,0.04351211659293054,50,0.3655702280912365
Tctn1,-0.1707082833133253,0.23590548137435993,50,-0.19270108043217285
Tctn3,-0.0751500600240096,0.6039802784986892,50,-0.10828331332533012
Tdg,0.025834954027951475,0.8586524224887381,50,0.029243697478991592
Tdp1,0.1320048019207683,0.3608146906490368,50,0.04509003601440576
Tdp2,0.2457142857142857,0.08543317609766217,50,0.253781512605042
Tdrd3,-0.04192076830732293,0.7725398717258881,50,0.04345738295318128
Tdrd7,-0.035006002400960384,0.8092892895049884,50,0.09186074429771908
Tdrkh,-0.06765906362545018,0.6406023554342575,50,-0.18165666266506603
Tdrp,0.02770708283313325,0.84852566530385,50,0.0050420168067226885
Tecpr1,0.04566626650660264,0.7528327957303838,50,-0.013781512605042016
Tecpr2,0.04873949579831932,0.7367779618754439,50,0.04240096038415366
Tecr,-0.1402641056422569,0.33127691005735305,50,-0.12480192076830732
Tefm,0.21411764705882352,0.13540486646628255,50,0.09118847539015605
Telo2,0.03092511225650697,0.8311759551033511,50,-0.21378664559933078
Ten1,0.18184873949579833,0.20626204620255428,50,0.07774309723889555
Tenm2,0.09493397358943578,0.511959606175683,50,0.03289315726290516
Tenm3,0.07687875150060022,0.5956601487472962,50,-0.0331812725090036
Tenm4,-0.23563025210084032,0.09949598473376198,50,-0.1507322929171669
Tent4b,-0.09628082309673365,0.5059631857350924,50,-0.09032629837653665
Tepsin,0.11990396158463384,0.4068765010018678,50,0.15601440576230494
Terf2,-0.005810324129651861,0.9680561794495712,50,-0.12048019207683074
Terf2ip,0.046242496998799516,0.7498143857365437,50,-0.03250900360144057
Tes,-0.16283313325330132,0.25854267247479906,50,-0.09262905162064825
Tesc,-0.127875150060024,0.37616490151731374,50,-0.17531812725090035
Tesk1,0.0739015606242497,0.6100205018611946,50,0.11846338535414166
Tex10,0.13834333733493398,0.33800715106040335,50,0.1223049219687875
Tex2,-0.09474189675870348,0.5128176827143776,50,-0.17983193277310922
Tex264,-0.26108043217286914,0.06705136167727228,50,-0.2630972388955582
Tf,0.09858343337334932,0.4957950768954383,50,0.08667466986794717
Tfam,-0.043937575030012,0.7619098383988592,50,-0.17896758703481394
Tfb1m,-0.18184873949579833,0.20626204620255428,50,-0.1438175270108043
Tfcp2,-0.016951187308302734,0.9069871305317111,50,0.02895558223289316
Tfdp1,-0.06429771908763504,0.6573219894558269,50,-0.06890756302521008
Tfe3,0.01032437753905124,0.9432706294334118,50,-0.1156782713085234
Tfg,0.09339735894357742,0.5188444715693142,50,0.24408163265306118
Tfip11,0.022136854741896757,0.8787210618032605,50,-0.010228091236494596
Tfrc,0.21296518607442977,0.13757120822163818,50,0.18396158463385354
Tgfb1i1,-0.020120048019207682,0.8896984685014657,50,0.014645858343337334
Tgfb2,-0.08360144057623049,0.5637965755719512,50,-0.015222088835534215
Tgfbi,0.23505402160864344,0.1003505536950744,50,0.19337334933973588
Tgfbr1,-0.0034093637454981987,0.9812529243973734,50,-0.13066026410564224
Tgfbr3,0.1505402160864346,0.2967085862020062,50,0.10309723889555823
Tgfbrap1,-0.054981992797118844,0.7045132935167626,50,-0.11318127250900359
Tgm2,0.06055222088835534,0.6761497090336853,50,0.07803121248499399
Tgoln2,0.16830732292917167,0.2426581435006279,50,0.03615846338535413
Tgs1,0.2175750300120048,0.12905893615820113,50,0.24552220888355342
Th,-0.13334933973589436,0.35590028344525193,50,0.037406962785114045
Thap11,-0.1754141656662665,0.2230464101837563,50,-0.20096038415366146
Thap12,-0.2114285714285714,0.140499779643816,50,-0.22593037214885953
Thbs1,-0.06266506602641056,0.6655039242284221,50,-0.01771908763505402
Them4,0.08533013205282113,0.5557336129768138,50,-0.04499399759903961
Them6,0.161968787515006,0.26111310092664197,50,0.20259303721488592
Thg1l,-0.03183673469387755,0.8262751004534171,50,-0.03481392557022809
Thnsl1,-0.20653557114167154,0.15013446377083403,50,-0.2307378329076335
Thnsl2,0.022713085234093634,0.875588710609917,50,-0.046530612244897955
Thoc1,0.1673469387755102,0.2453956975273267,50,0.11798319327731092
Thoc2,0.0805282112845138,0.5782639596738539,50,-0.0059063625450180065
Thoc3,-0.11145258103241296,0.44096716713420075,50,-0.13354141656662666
Thoc5,0.027611044417767107,0.849044583975611,50,-0.006674669867947179
Thoc6,0.09906362545018006,0.49368798709204953,50,0.10002400960384153
Thoc7,-0.280006722931199,0.048900195072645355,50,-0.32490576013591016
Thop1,0.1897238895558223,0.18695483765758172,50,0.2584873949579832
Thra,0.08312124849939975,0.5660459322469298,50,0.06593037214885954
Thrap3,0.22612244897959183,0.1143327799675179,50,0.12038415366146459
Thsd7a,-0.1201920768307323,0.40574184486393966,50,-0.21363745498199277
Thsd7b,0.27097238895558223,0.05699083615940131,50,0.2661704681872749
Thtpa,-0.055654261704681865,0.7010679848872847,50,-0.05891956782713085
Thumpd2,-0.010996398559423769,0.9395847073576459,50,0.10559423769507804
Thumpd3,0.003601440576230492,0.9801969555584257,50,0.13824729891956783
Thy1,0.08014405762304923,0.5800841984627959,50,0.1624489795918367
Tia1,0.03548619447779112,0.8067230507465127,50,0.05824729891956783
Tial1,0.0480672268907563,0.7402807314813461,50,0.11913565426170468
Tiam1,0.04691476590636255,0.7462975935678408,50,0.004849939975990396
Tiam2,0.03423769507803121,0.8133993948322712,50,-0.05795918367346939
Tigar,0.07817714713290892,0.5894445152993504,50,0.062184873949579826
Timm10,-0.26501800720288116,0.06288927948276712,50,-0.30929171668667466
Timm10b,0.18098439375750297,0.20846347621627592,50,0.14160864345738294
Timm13,-0.24552220888355342,0.08568565499026394,50,-0.10674669867947177
Timm17a,-0.131140456182473,0.36399561102301464,50,-0.07370948379351741
Timm17b,-0.27433373349339735,0.05386313373736449,50,-0.21834333733493394
Timm21,-0.03030084756809922,0.834535666237032,50,0.045523301893118956
Timm22,0.15630252100840333,0.27838676526196915,50,0.23899159663865546
Timm29,-0.0811044417767107,0.5755384891432878,50,0.09675870348139255
Timm44,-0.047490996398559415,0.7432872647025576,50,-0.08715486194477791
Timm50,-0.1241296518607443,0.390419166701422,50,-0.18108043217286915
Timm8a1,0.036638655462184866,0.8005723408637344,50,0.10828331332533012
Timm8b,-0.1288355342136855,0.3725607171065508,50,-0.04797118847539015
Timm9,0.006386554621848738,0.964890088733286,50,0.10905162064825931
Timmdc1,-0.23159663865546215,0.1055974699468301,50,-0.24177671068427373
Timp2,0.05661464585834333,0.6961564398746369,50,0.1804081632653061
Timp3,0.12720288115246098,0.3787001846121899,50,0.0875390156062425
Tinagl1,0.2263145258103241,0.11401723829594788,50,0.23620648259303723
Tiprl,0.16504201680672267,0.25205116328891125,50,0.1828091236494598
Tjp1,0.1400720288115246,0.33194613184789457,50,0.15025210084033613
Tjp2,-0.23899159663865546,0.094622554993456,50,-0.27807923169267706
Tk2,-0.055750300120048016,0.7005762816306201,50,0.06986794717887154
Tkfc,-0.12902761104441776,0.37184237491477784,50,-0.09253301320528211
Tkt,0.1208643457382953,0.40310144275949744,50,-0.11490996398559422
Tlcd3b,0.4005858485151881,0.003942631740546525,50,0.46541333538830054
Tle1,-0.07399759903961585,0.6095549479701945,50,-0.06525810324129651
Tle3,-0.1156782713085234,0.42372761683341886,50,-0.060168067226890755
Tle4,0.010516206482593037,0.942218356661114,50,-0.06823529411764705
Tle5,-0.09848739495798318,0.4962170518882712,50,-0.16667466986794718
Tlk1,0.09925570228091235,0.4928464528193353,50,-0.002352941176470588
Tlk2,-0.06050565441490494,0.6763850560228228,50,-0.037791116446578635
Tln1,0.20240096038415364,0.15864904332820887,50,0.08907563025210084
Tln2,0.14986794717887153,0.2988958515111014,50,0.21229291716686674
Tlnrd1,-0.20835534213685472,0.14649579831228954,50,-0.2428331332533013
Tlr2,0.007827130852340937,0.9569773122816055,50,0.10799519807923168
Tlr3,-0.08292917166866745,0.5669468413550871,50,-0.060840336134453776
Tm2d1,0.12057623049219686,0.40423182076389974,50,0.1361344537815126
Tm2d2,-0.033373349339735896,0.818029213335407,50,0.02280912364945978
Tm2d3,-0.044897959183673466,0.7568630339178207,50,0.11001200480192078
Tm7sf2,-0.1709003601440576,0.2353708864141955,50,-0.14871548619447778
Tm9sf1,0.15860744297719087,0.2712714884666112,50,0.13402160864345739
Tm9sf2,-0.18088835534213688,0.20870909358909023,50,-0.15524609843937573
Tm9sf3,-0.006434728326664493,0.9646254225660196,50,-0.13445700981089986
Tm9sf4,-0.052965186074429765,0.7148842537631441,50,-0.16465786314525807
Tma16,0.05286914765906363,0.715379400371927,50,0.05623049219687875
Tma7,-0.007346938775510203,0.9596144857054117,50,-0.18319327731092436
Tmcc1,-0.024921968787515004,0.8635992466184883,50,0.013205282112845136
Tmcc2,-0.012340936374549819,0.9322139811947295,50,-0.033949579831932766
Tmcc3,0.022136854741896757,0.8787210618032605,50,0.025018007202881155
Tmco1,-0.21114045618247296,0.14105401658427008,50,-0.23130852340936373
Tmco3,-0.1183673469387755,0.4129588830475173,50,0.00849939975990396
Tmco6,-0.2595438175270108,0.06873396067033505,50,-0.22458583433373347
Tmed10,-0.1603361344537815,0.26601490190582555,50,-0.2978631452581032
Tmed2,-0.08561824729891956,0.554395105333952,50,0.032220888355342134
Tmed3,-0.16292917166866747,0.2582581213731985,50,-0.03260504201680672
Tmed4,-0.01915966386554622,0.8949331404691206,50,-0.13296518607442975
Tmed5,-0.19759903961584632,0.16897591791597658,50,-0.28547418967587035
Tmed7,0.21373349339735895,0.13612412624820766,50,0.3213925570228091
Tmed8,0.1735894357743097,0.22797365756453536,50,0.03788715486194477
Tmed9,-0.17166866746698678,0.23324081228599539,50,-0.11452581032412965
Tmeff1,0.14468187274909963,0.31611840101944727,50,0.05219687875150059
Tmeff2,0.3366626650660264,0.016820919561932608,50,0.3612484993997599
Tmem100,0.0011044417767106843,0.9939265192708577,50,-0.08456182472989196
Tmem101,0.048643457382953184,0.7372780352968975,50,0.058343337334933965
Tmem104,0.0028331332533013207,0.984421014611148,50,0.08696278511404561
Tmem106b,-0.042785114045618244,0.7679789549507468,50,-0.09791116446578632
Tmem109,0.0011044417767106843,0.9939265192708577,50,-0.10280912364945978
Tmem11,-0.04326530612244897,0.765448458884893,50,0.05085234093637454
Tmem115,-0.09214885954381752,0.5244723206491533,50,-0.11039615846338535
Tmem119,-0.14775510204081632,0.3058377853910207,50,-0.17157262905162063
Tmem120a,-0.027611044417767107,0.849044583975611,50,-0.09310924369747899
Tmem121b,0.09406962785114045,0.5158266549711512,50,0.14756302521008402
Tmem126a,0.11750300120048018,0.41640301689044473,50,-0.05488595438175269
Tmem126b,-0.0030252100840336134,0.9833649557151009,50,0.03174069627851141
Tmem130,0.2804801920768307,0.04850337884939088,50,0.26031212484994
Tmem132a,-0.02156062424969988,0.8818552524140807,50,0.03279711884753902
Tmem132b,0.011380552220888355,0.9374782471699071,50,-0.05824729891956783
Tmem132c,-0.04172869147659064,0.7735544489391231,50,0.005618247298919568
Tmem132d,0.1594717887154862,0.2686346453491613,50,0.18127250900360142
Tmem132e,-0.12432172869147658,0.3896805398051253,50,-0.15188475390156062
Tmem134,-0.08062424969987995,0.5778093067048342,50,-0.11932773109243697
Tmem135,0.008883553421368545,0.9511771749067408,50,0.060264105642256906
Tmem141,-0.23659063625450177,0.09808420909056412,50,-0.2388955582232893
Tmem143,-0.021944777911164462,0.8797655899409523,50,0.004369747899159664
Tmem145,0.41445378151260504,0.002768408511994512,50,0.329171668667467
Tmem147,0.12979591836734694,0.36897733239601205,50,0.16513805522208885
Tmem151b,-0.16859543817527012,0.24184094814296855,50,-0.14717887154861942
Tmem160,-0.1266266506602641,0.3808813693262309,50,-0.15380552220888358
Tmem161a,-0.12614645858343337,0.3827047169409153,50,-0.14737094837935172
Tmem161b,0.2163265306122449,0.13132418827587233,50,0.1761824729891957
Tmem163,-0.030300120048019206,0.8345395833742012,50,-0.05411764705882353
Tmem165,0.048931572629051616,0.7357781389841229,50,-0.0914765906362545
Tmem167a,0.07611044417767106,0.5993517372477795,50,-0.037022809123649456
Tmem167b,-0.13546218487394956,0.3482606980309426,50,-0.2700120048019207
Tmem168,-0.11759903961584633,0.41601952687275934,50,-0.11577430972388955
Tmem169,0.07812725090036014,0.5896828407810075,50,0.10809123649459784
Tmem177,-0.20701080432172866,0.1491778520201904,50,-0.23803121248499398
Tmem178a,0.18818727490996395,0.1906166943861838,50,0.196734693877551
Tmem178b,-0.06852340936374549,0.6363309963298318,50,-0.21450180072028813
Tmem181,0.02175270108043217,0.8808103207234205,50,0.21325330132052822
Tmem184b,-0.2815366146458584,0.047627422219077946,50,-0.06881152460984392
Tmem184c,-0.026842737094837935,0.8531981960284638,50,-0.14247298919567825
Tmem185b,0.16216086434573826,0.2605404212723197,50,0.12048019207683074
Tmem186,-0.014165666266506602,0.9222199650398092,50,0.03903961584633854
Tmem19,0.43999999999999995,0.0013867567614981495,50,0.5191356542617046
Tmem192,-0.09474417155603765,0.5128075161288761,50,-0.12163265306122449
Tmem198,0.04518607442977191,0.7553509376892313,50,-0.17176470588235296
Tmem199,-0.042881152460984395,0.7674726631844364,50,-0.07207683073229292
Tmem200a,-0.01819971668511823,0.9001698619471622,50,-0.039135654261704685
Tmem200c,-0.22391356542617047,0.11800950720387052,50,-0.17435774309723887
Tmem201,0.23178871548619448,0.10530055466013272,50,0.177719087635054
Tmem205,-0.14285714285714285,0.3223252185211161,50,-0.16235294117647062
Tmem209,0.14055222088835534,0.33027466269230854,50,0.17195678271308523
Tmem214,-0.14842737094837935,0.3036178510369769,50,-0.24110444177671067
Tmem222,0.17762304921968786,0.2171812073420406,50,0.15591836734693876
Tmem223,-0.17906362545018004,0.21341445329928832,50,-0.18828331332533013
Tmem229a,-0.18002400960384152,0.21092879130741976,50,-0.14093637454981991
Tmem230,0.15313325330132052,0.288369341983597,50,0.022905162064825933
Tmem231,-0.12278511404561823,0.3956125827762633,50,-0.1491956782713085
Tmem237,-0.2657863145258103,0.06210180929795336,50,-0.12576230492196877
Tmem240,-0.11779111644657862,0.4152531528207722,50,-0.025306122448979586
Tmem245,0.09138055222088834,0.5279505989977,50,0.12960384153661464
Tmem25,0.0251140456182473,0.8625580807865763,50,0.04691476590636255
Tmem254,-0.062184873949579826,0.6679177874859943,50,0.11270108043217285
Tmem259,0.04672268907563025,0.7473018728218163,50,0.0018727490996398558
Tmem260,-0.14842737094837935,0.3036178510369769,50,-0.19529411764705884
Tmem263,0.34492196878751497,0.014164013556793262,50,0.25118847539015604
Tmem266,-0.027130852340936373,0.8516401233148821,50,-0.18549819927971187
Tmem30a,0.12902761104441776,0.37184237491477784,50,0.14881152460984393
Tmem33,0.1208643457382953,0.40310144275949744,50,-0.10981992797118847
Tmem35a,0.04192076830732293,0.7725398717258881,50,0.14477791116446578
Tmem38a,0.3208240294809364,0.02311036950029565,50,0.28216763916030274
Tmem38b,-0.06352941176470588,0.6611674319092691,50,-0.04614645858343337
Tmem39b,0.08168263346012167,0.5728096643018803,50,-0.03865639032063371
Tmem41a,-0.08715486194477791,0.5472823082871631,50,-0.10828331332533012
Tmem41b,0.05046818727490996,0.7277952785933703,50,-0.014933973589435772
Tmem43,-0.03673469387755102,0.8000603162887563,50,-0.03558223289315726
Tmem44,0.03404561824729892,0.8144277037768815,50,0.18213685474189675
Tmem47,-0.057478991596638655,0.6917465678560473,50,-0.09262905162064825
Tmem51,0.0658343337334934,0.6496574839593189,50,0.12182472989195677
Tmem59,0.07841536614645858,0.5883072740489869,50,-0.022713085234093634
Tmem59l,-0.22448979591836735,0.11704181542902396,50,-0.28528211284513805
Tmem62,0.25541416566626646,0.07342277199396578,50,0.014549819927971188
Tmem63b,-0.03865546218487395,0.7898375681306562,50,-0.17896758703481394
Tmem63c,0.09287137749081442,0.5212117454181971,50,0.08542822159056816
Tmem65,0.13296518607442975,0.3573002104093525,50,0.0910924369747899
Tmem67,-0.07860744297719087,0.5873910280279689,50,-0.13555822328931572
Tmem68,0.16283313325330132,0.25854267247479906,50,0.17647058823529413
Tmem70,-0.07889555822328932,0.5860178595409992,50,-0.08388955582232892
Tmem74b,0.11087635054021608,0.4433477830200856,50,-0.007346938775510203
Tmem87a,-0.01637454981992797,0.9101379804213003,50,-0.0805282112845138
Tmem87b,-0.03279711884753902,0.8211191874364518,50,0.11183673469387755
Tmem88b,-0.21315726290516207,0.13720836565864944,50,-0.20134453781512604
Tmem8b,0.19957261884789282,0.16467404303768587,50,0.11068693129075864
Tmem9,0.13728691476590635,0.34174476789816005,50,0.051236494597839126
Tmem97,-0.19644657863145257,0.17152542147182687,50,-0.033373349339735896
Tmem9b,0.0005282112845138055,0.9970952708744708,50,-0.012533013205282113
Tmf1,-0.1433373349339736,0.3206844308645942,50,-0.013589435774309724
Tmlhe,-0.019543817527010805,0.8928387273266257,50,-0.007827130852340937
Tmod1,0.19692677070828332,0.17045976104296842,50,0.1228811524609844
Tmod2,-0.04076830732292917,0.7786329249781234,50,-0.06429771908763504
Tmod3,0.19145258103241294,0.1828957038502644,50,0.21959183673469387
Tmpo,0.03250900360144057,0.8226651861641573,50,-0.10665066026410563
Tmprss5,-0.00475390156062425,0.9738619108344221,50,0.05527010804321728
Tmsb4x,-0.11327731092436974,0.43347553824281454,50,0.0025450180072028807
Tmtc1,0.3085234093637455,0.029265186587074263,50,0.25637454981992797
Tmtc3,0.14141656662665067,0.3272793390182778,50,0.0182953181272509
Tmtc4,0.23418967587034814,0.1016430158945107,50,0.17080432172869148
Tmub1,-0.3025690276110444,0.03270289661586051,50,-0.306890756302521
Tmx1,0.43020408163265306,0.0018191424441651198,50,0.4064825930372149
Tmx2,-0.19807923169267705,0.1679217900172661,50,-0.2256422569027611
Tmx3,0.07255702280912364,0.6165542371589667,50,-0.005330132052821128
Tmx4,-0.1474669867947179,0.30679236772595225,50,-0.12739495798319328
Tnc,0.24504201680672266,0.08631940691953588,50,0.15870348139255702
Tnfaip3,0.04989195678271309,0.7307855529477288,50,-0.009843937575030014
Tnfaip8,-0.02559423769507803,0.8599561812492482,50,-0.16830732292917167
Tnfaip8l2,-0.03135654261704682,0.8288557940899515,50,0.07217286914765905
Tnfaip8l3,0.14338879689119535,0.3205089025672283,50,0.14084371777691762
Tnfrsf21,0.07102211339654317,0.6240491648406806,50,0.17340152229541408
Tnfsf12,-0.04172869147659064,0.7735544489391231,50,-0.052292917166866744
Tnik,0.10472989195678271,0.4691789501364489,50,0.2074909963985594
Tnip1,0.27519807923169265,0.05308170904588875,50,0.30199279711884747
Tnk2,-0.09224489795918367,0.52403833663122,50,-0.1971188475390156
Tnks,0.17282112845138053,0.2300705841144467,50,0.1795438175270108
Tnks1bp1,0.07822328931572628,0.5892241590336227,50,0.05920768307322929
Tnks2,0.01906362545018007,0.8954568551591776,50,-0.1223049219687875
Tnpo1,-0.14372148859543818,0.31937561335781484,50,-0.14391356542617048
Tnpo2,-0.033565426170468184,0.816999827588431,50,-0.05546218487394958
Tnpo3,0.0993517406962785,0.4924259650145456,50,0.05008403361344538
Tnr,0.12538116164866414,0.3856213258050663,50,0.06770870851191743
Tnrc6a,-0.27058823529411763,0.057357415557705946,50,-0.2002881152460984
Tnrc6b,0.13344537815126048,0.3555508257709776,50,0.12797118847539016
Tnrc6c,0.09906362545018006,0.49368798709204953,50,0.045954381752701084
Tns1,0.08619447779111644,0.55172268105076,50,0.020984393757503002
Tns2,0.020552714356808978,0.8873416835725016,50,0.0022569027611044415
Tns3,0.007058823529411764,0.9611969970014109,50,0.014165666266506602
Togaram1,0.19126050420168067,0.18334356873794166,50,0.3049699879951981
Tollip,-0.07347115178952743,0.6121088184752156,50,-0.12254796037050587
Tom1,0.0025450180072028807,0.9860051519629387,50,-0.06890756302521008
Tom1l1,0.0954141656662665,0.5098175929424354,50,0.06496998799519808
Tom1l2,0.049315726290516206,0.7337797943319674,50,0.09599039615846339
Tomm20,-0.07063625450180072,0.625939286598539,50,0.007154861944777911
Tomm22,-0.0026410564225690276,0.9854770999432609,50,-0.1264345738295318
Tomm34,0.22986794717887157,0.10829872446284602,50,0.09003601440576231
Tomm40,-0.066890756302521,0.6444088265071674,50,-0.042881152460984395
Tomm40l,-0.1793517406962785,0.21266661523171237,50,-0.09800720288115244
Tomm5,-0.04,0.782702317866487,50,0.010612244897959183
Tomm7,-0.2167106842737095,0.13062403165117062,50,-0.044897959183673466
Tomm70,0.21690276110444176,0.13027500660345584,50,0.16792316926770706
Top1,-0.024345738295318126,0.866724113819169,50,-0.024537815126050418
Top2b,0.09983193277310923,0.49032632334923687,50,0.07447779111644658
Top3b,-0.010612244897959183,0.9416915769578321,50,-0.09253301320528211
Topbp1,0.2123889555822329,0.13866403405411998,50,0.15169267707082834
Tor1a,-0.4354861944777911,0.0015730553397608803,50,-0.39063625450180073
Tor1aip1,0.254651972509715,0.07431522381252739,50,0.1280672268907563
Tor1aip2,-0.2240149824170885,0.11783875350177742,50,-0.24504201680672266
Tor2a,0.0052340936374549825,0.971222757835147,50,0.11462184873949578
Tor3a,-0.08801920768307324,0.5433006702649567,50,-0.14122448979591837
Tox,-0.045954381752701084,0.7513231301724004,50,-0.06074429771908763
Tox2,0.022328931572629048,0.8776767380459473,50,0.04086434573829532
Tox4,0.026842737094837935,0.8531981960284638,50,0.0010084033613445378
Tp53bp1,-0.09637454981992796,0.5055472333978027,50,-0.05920768307322929
Tp53bp2,-0.06343337334933974,0.6616487242123059,50,0.009459783913565426
Tp53i11,0.2,0.16375308124541754,50,0.12979591836734694
Tp53i3,-0.22429771908763504,0.11736370668289967,50,-0.14420168067226888
Tp53rk,0.009651860744297719,0.9469604487315959,50,0.07591836734693877
Tpbg,0.3254261704681872,0.021106569323306627,50,0.15899159663865545
Tpcn1,0.16283313325330132,0.25854267247479906,50,0.06900360144057623
Tpd52,-0.2941317713725666,0.038141598143092245,50,-0.06765906362545018
Tpd52l1,0.12336134453781511,0.39338190254787236,50,-0.033373349339735896
Tpd52l2,0.06996398559423768,0.629238068862309,50,0.10252100840336134
Tpgs1,0.039519807923169274,0.7852486230739549,50,-0.015606242496998797
Tpgs2,0.06756464742997718,0.6410696367190603,50,0.06886119716743944
Tph2,-0.12345738295318126,0.3930108411216804,50,-0.23438175270108041
Tpk1,-0.03371029317401847,0.8162236526748335,50,0.06650660264105641
Tpm1,-0.019735894357743092,0.8917917911858331,50,-0.07591836734693877
Tpm2,0.1951020408163265,0.1745349453487769,50,0.17522208883553422
Tpm3,0.2736614645858343,0.05447731461976996,50,0.22727490996398558
Tpm4,0.045858343337334934,0.7518262499368317,50,0.031644657863145256
Tpmt,-0.0011044417767106843,0.9939265192708577,50,-0.008595438175270108
Tpp1,0.09205282112845137,0.5249064828882124,50,-0.030012004801920768
Tpp2,-0.08917380972101466,0.5380038424005144,50,-0.027707748093174722
Tppp,0.07063625450180072,0.625939286598539,50,-0.03615846338535413
Tppp3,0.36163265306122444,0.00986761610568803,50,0.23975990396158461
Tpr,-0.21124156648505305,0.14085932930228143,50,-0.17234093637454984
Tprg1l,-0.2067226890756302,0.1497572690297217,50,-0.13728691476590635
Tprkb,0.06650660264105641,0.6463154609741191,50,0.07438175270108043
Tprn,-0.04364945978391356,0.7634258044868907,50,-0.08677070828331333
Tpst1,0.13978391356542613,0.33295154951212763,50,0.024345738295318126
Tpt1,0.01771908763505402,0.9027933942784894,50,-0.04182472989195678
Tpx2,-0.08254501800720286,0.5687506533002326,50,0.00744297719087635
Tra2a,-0.06535414165666266,0.6520488346379696,50,0.08917166866746698
Tra2b,0.21210084033613444,0.13921286901994515,50,0.14775510204081632
Trabd,-0.12153661464585833,0.40047103688202323,50,-0.0658343337334934
Tradd,-0.037791116446578635,0.7944335820847725,50,-0.030684273709483793
Traf2,0.10943577430972388,0.4493303227931961,50,0.2099879951980792
Traf3,-0.003217286914765906,0.9823089250466962,50,0.04614645858343337
Traf3ip1,0.0024489795918367346,0.9865332099197339,50,-0.024921968787515004
Traf6,0.008979591836734692,0.9506500093767046,50,-0.05258103241296518
Traf7,-0.23466986794717884,0.10092340630840087,50,-0.19942376950780313
Trafd1,0.16014405762304923,0.26659559008003886,50,0.16926770708283315
Trak1,0.2107563025210084,0.14179552839739834,50,0.05920768307322929
Trak2,0.010708283313325332,0.9411648219534628,50,0.11932773109243697
Tram1,-0.08321728691476589,0.565595727377284,50,-0.11250900360144059
Tram1l1,-0.11596638655462185,0.42256627332086616,50,-0.12960384153661464
Trap1,0.07879951980792316,0.586475422108195,50,0.10482593037214885
Trappc1,0.23716686674669865,0.09724461160477188,50,0.16581032412965185
Trappc10,0.027899159663865542,0.8474880188601623,50,-0.05421368547418968
Trappc11,0.1804081632653061,0.20994022653012503,50,0.21354141656662667
Trappc12,-0.33080432172869145,0.018952544233210973,50,-0.23716686674669865
Trappc13,-0.08648259303721488,0.5503887713278364,50,-0.03346938775510204
Trappc14,0.08312324427952417,0.5660365748177341,50,0.0561344537815126
Trappc2,-0.06684434202027593,0.6446390702785193,50,-0.017911594521237733
Trappc2b,-0.2175750300120048,0.12905893615820113,50,-0.19164465786314525
Trappc2l,0.29738295318127245,0.03596374201100207,50,0.2917166866746699
Trappc3,-0.19039615846338534,0.18536869841456516,50,-0.24398559423769509
Trappc4,0.13546218487394956,0.3482606980309426,50,0.17647058823529413
Trappc5,-0.23620648259303723,0.09864704831462266,50,-0.11683073229291716
Trappc6a,0.0012004801920768309,0.9933984017153108,50,0.07207683073229292
Trappc6b,-0.008979591836734692,0.9506500093767046,50,0.009555822328931571
Trappc8,-0.23178871548619448,0.10530055466013272,50,-0.24244897959183673
Trappc9,0.006290516206482593,0.9654177346041684,50,-0.009267707082833133
Trem2,0.2542617046818727,0.07477549919875907,50,0.14496998799519806
Trerf1,0.2033613445378151,0.15664042257044777,50,0.1634093637454982
Trex1,0.16801920768307324,0.2434772170134057,50,0.17406962785114044
Trhde,0.1359423769507803,0.34653861240552086,50,0.11241296518607442
Triap1,-0.09080432172869149,0.5305667571451648,50,-0.037310924369747894
Tril,-0.09042016806722687,0.5323143957826949,50,-0.012340936374549819
Trim13,-0.2994957983193277,0.03460424474216409,50,-0.13459783913565426
Trim16,0.054981992797118844,0.7045132935167626,50,0.09906362545018006
Trim2,0.2999351725996002,0.034326938984016654,50,0.3266746698679472
Trim21,0.04057623049219687,0.7796497270001826,50,-0.006866746698679471
Trim23,0.02588235294117647,0.8583957461421866,50,0.08158463385354141
Trim24,0.03894357743097239,0.7883071270565795,50,0.015414165666266506
Trim25,0.03880045140257396,0.7890673005323213,50,-0.05325330132052821
Trim26,-0.11644657863145258,0.4206347190939244,50,-0.027418967587034812
Trim27,-0.06276110444177671,0.6650215531503693,50,-0.1274909963985594
Trim28,0.17349339735894356,0.22823504983785664,50,0.16091236494597838
Trim3,-0.146218487394958,0.3109509499223817,50,-0.15860744297719087
Trim32,0.049508991826799194,0.7327750974391886,50,0.14247298919567825
Trim33,-0.23975990396158461,0.0935350845641784,50,-0.29776710684273705
Trim35,-0.07034813925570228,0.6273521677638412,50,0.1253781512605042
Trim36,-0.07294117647058823,0.6146844227987611,50,-0.085906362545018
Trim37,0.047875150060024005,0.7412824849250751,50,-0.013589435774309724
Trim41,-0.042785114045618244,0.7679789549507468,50,-0.019255702280912366
Trim44,0.16379351740696277,0.255706622957568,50,0.14160864345738294
Trim46,0.16168067226890756,0.2619736996819977,50,-0.011380552220888355
Trim47,-0.09992797118847539,0.4899069551923151,50,-0.19318127250900358
Trim5,0.13642256902761105,0.3448217871817177,50,-0.03078031212484994
Trim66,-0.04969987995198079,0.7317831946429013,50,-0.1363265306122449
Trim67,-0.13277310924369748,0.3580014312154613,50,-0.1745498199279712
Trim7,0.13565426170468187,0.34757123273775026,50,-0.035390156062424974
Trim8,0.1537094837935174,0.28653716705399784,50,4.801920768307323e-05
Trim9,0.3564465786314525,0.01106087660933947,50,0.2154621848739496
Trio,-0.03030084756809922,0.834535666237032,50,-0.02074479579939598
Triobp,-0.0993517406962785,0.4924259650145456,50,-0.06698679471788715
Trip10,-0.03750300120048019,0.79596713204242,50,0.046242496998799516
Trip11,0.13104441776710685,0.36435009158199927,50,0.14573829531812724
Trip12,-0.02799519807923169,0.846969291513827,50,0.04
Trip4,0.04710684273709483,0.7452937314362832,50,0.01262905162064826
Trip6,-0.22545018007202883,0.11544241852753642,50,-0.26300120048019204
Trir,-0.34405762304921966,0.014424113408960337,50,-0.3099639855942377
Trit1,-0.09358943577430971,0.5179813380142873,50,-0.03654261704681872
Trmt1,0.09339735894357742,0.5188444715693142,50,-0.03375750300120048
Trmt10a,0.1890516206482593,0.18855065982408345,50,0.22391356542617047
Trmt10c,-0.09339735894357742,0.5188444715693142,50,-0.13728691476590635
Trmt11,0.01579831932773109,0.9132879741771157,50,-0.0823529411764706
Trmt112,0.3382953181272509,0.016264507171035537,50,0.17829531812725088
Trmt13,0.03558223289315726,0.8062100437659906,50,0.05104441776710684
Trmt1l,-0.3235054021608643,0.021924307673119123,50,-0.23860744297719086
Trmt2a,-0.035006002400960384,0.8092892895049884,50,-0.18194477791116445
Trmt5,-0.022328931572629048,0.8776767380459473,50,-0.009843937575030014
Trmt6,-0.06564383300410719,0.6506057587652138,50,-0.19817527010804323
Trmt61a,-0.081968787515006,0.5714613394113613,50,-0.11049219687875149
Trmt9b,0.039135654261704685,0.7872872720608813,50,0.09387755102040815
Trmu,-0.03490996398559423,0.8098027765851797,50,-0.06535414165666266
Trnau1ap,-0.22506602641056422,0.11608016848965921,50,-0.24110444177671067
Trnt1,0.23524609843937574,0.10006507018810001,50,0.15351740696278512
Trpc4,-0.04460984393757503,0.7583760319995217,50,-0.04518607442977191
Trpc6,0.06881152460984392,0.6349097988988524,50,0.03490996398559423
Trpm2,-0.025354750421483975,0.8612536501881645,50,-0.029819927971188476
Trpm3,-0.028475390156062427,0.8443766220421096,50,-0.03183673469387755
Trps1,-0.18420610344093283,0.20034124147561597,50,-0.09993037050588666
Trpv2,-0.08120048019207683,0.5750848160521908,50,-0.10040816326530612
Trrap,-0.0480672268907563,0.7402807314813461,50,0.008883553421368545
Trub1,-0.15899159663865545,0.27009744625198934,50,-0.18789915966386553
Trub2,0.22593037214885953,0.11464898673512433,50,0.21363745498199277
Tsc1,-0.01915966386554622,0.8949331404691206,50,-0.02376950780312125
Tsc2,0.11414165666266506,0.42995190594090166,50,0.06410564225690277
Tsc22d1,0.26271308523409365,0.0652997424850174,50,0.2507082833133253
Tsc22d2,0.08739705637708492,0.5461652229610039,50,-0.0030252100840336134
Tsc22d3,-0.03841628851739997,0.7911086330192753,50,0.0012004801920768309
Tsc22d4,-0.06900360144057623,0.6339630568306114,50,-0.08177671068427371
Tsen15,0.13776710684273707,0.34004268805590443,50,0.05795918367346939
Tsen34,0.02578631452581032,0.8589158319594371,50,-0.05671068427370948
Tsfm,-0.24638655462184872,0.08455408313793081,50,-0.2802881152460984
Tsg101,-0.04672268907563025,0.7473018728218163,50,-0.04441776710684273
Tsga10,-0.050660264105642255,0.7267994090773101,50,0.08264105642256904
Tshz3,0.28364945978391354,0.045914133143652135,50,0.33608643457382953
Tsn,0.018103241296518604,0.9006963927911024,50,-0.047587034813925566
Tsnax,0.03270108043217287,0.8216344458929444,50,-0.02665066026410564
Tspan13,0.19222088835534215,0.18111209634198486,50,0.22756302521008404
Tspan14,-0.07639855942376951,0.5979662154937561,50,-0.08014405762304923
Tspan15,-0.16739897721457034,0.24524682780224635,50,-0.11020672768429113
Tspan2,-0.05920768307322929,0.6829572528858294,50,-0.1274909963985594
Tspan33,0.004561824729891957,0.9749176512032458,50,-0.07063625450180072
Tspan5,0.20441776710684276,0.15445257674330956,50,0.23582232893157262
Tspan6,0.10252100840336134,0.4786550085874231,50,0.16091236494597838
Tspan7,0.17445378151260504,0.22563041913284682,50,0.1757983193277311
Tspan8,0.15937575030012002,0.26892678323880426,50,0.25935174069627853
Tspan9,-0.14429771908763506,0.31741874303886103,50,0.014069627851140454
Tspoap1,0.0030252100840336134,0.9833649557151009,50,-0.11106842737094838
Tspyl4,-0.017143268750889732,0.9059378755674815,50,-0.04211284513805522
Tspyl5,-0.09531812725090036,0.5102456319369316,50,-0.08619447779111644
Tsr1,0.08475390156062423,0.5584152018580083,50,0.11788715486194477
Tsr2,-0.1636014405762305,0.25627215129069014,50,-0.22391356542617047
Tssc4,0.08369747899159663,0.5633472052035943,50,-0.020888355342136854
Tst,-0.18060024009603842,0.20944716392870089,50,-0.15342136854741897
Tstd3,-0.0695798319327731,0.6311263144969435,50,-0.0168547418967587
Ttbk1,0.08936374549819928,0.5371349077517865,50,0.05133253301320528
Ttbk2,0.01503001200480192,0.9174900104787418,50,0.07006002400960383
Ttc1,-0.07630435306768567,0.5984190908646273,50,-0.08245095923046966
Ttc13,0.04854741896758703,0.7377782164483431,50,0.009939975990396158
Ttc14,-0.1495798319327731,0.2998364329090326,50,-0.1404561824729892
Ttc17,-0.018775510204081632,0.8970282631008979,50,-0.05671068427370948
Ttc19,-0.07159663865546219,0.6212393025069451,50,-0.12048019207683074
Ttc21b,-0.19788715486194475,0.16834286590706912,50,-0.057478991596638655
Ttc26,-0.01157290691586674,0.9364236517216356,50,0.036638655462184866
Ttc27,0.040480192076830734,0.7801582650625992,50,0.06545018007202881
Ttc28,-0.1353693966631881,0.3485940653047824,50,-0.19375750300120048
Ttc3,0.08187274909963986,0.5719136983199204,50,0.09877551020408162
Ttc30b,0.09992797118847539,0.4899069551923151,50,0.20969987995198078
Ttc33,0.06391356542617047,0.6592436204488078,50,0.052100840336134456
Ttc37,0.03956877717292196,0.7849888523758247,50,0.035294965075361215
Ttc38,0.033373349339735896,0.818029213335407,50,0.09042016806722687
Ttc39a,0.2304441776710684,0.10739248623385991,50,0.22689075630252098
Ttc39b,0.11702280912364946,0.4183234943590506,50,0.05104441776710684
Ttc39c,0.16475390156062425,0.2528915826071131,50,0.22333733493397356
Ttc4,0.1590876350540216,0.26980446374366224,50,0.11577430972388955
Ttc5,-0.18789915966386553,0.19130894556269004,50,-0.25599039615846336
Ttc7b,0.08360144057623049,0.5637965755719512,50,0.01983193277310924
Ttc8,0.22343337334933971,0.1188205495201523,50,0.19222088835534215
Ttc9,0.03788715486194477,0.7939225693820167,50,0.0052340936374549825
Ttc9b,0.06986794717887154,0.629709910864829,50,-0.07428571428571429
Ttc9c,0.04,0.782702317866487,50,0.030492196878751498
Ttf2,-0.028187274909963984,0.8459320296355735,50,-0.05594237695078031
Ttl,0.1361344537815126,0.3458512508899635,50,0.09157262905162064
Ttll1,0.15611044417767103,0.2789852048598166,50,0.1427611044417767
Ttll12,0.21939975990396157,0.1258012245669263,50,0.1992316926770708
Ttll7,0.06477791116446578,0.6549230333249496,50,0.1847298919567827
Ttpal,0.17512605042016804,0.22381945017363192,50,0.25291716686674665
Ttr,0.4585354141656662,0.0008113577169141682,50,0.45075630252100835
Ttyh1,0.23985594237695076,0.09339983618891168,50,0.08830732292917168
Ttyh2,-0.0036974789915966387,0.9796689836275797,50,-0.008979591836734692
Ttyh3,-0.01810367596382473,0.9006940204252749,50,-0.1026675310627514
Tub,-0.11145258103241296,0.44096716713420075,50,-0.0575750300120048
Tuba1b,-0.32945978391356545,0.019472792108173546,50,-0.06487394957983193
Tuba1c,0.12153661464585833,0.40047103688202323,50,0.16533013205282113
Tuba4a,0.13296518607442975,0.3573002104093525,50,0.07668667466986795
Tuba8,-0.20364945978391355,0.15604149348152205,50,-0.1829051620648259
Tubb2a,0.08177671068427371,0.5723662219784476,50,0.14717887154861942
Tubb2b,-0.13517406962785114,0.3492964730528619,50,-0.06487394957983193
Tubb3,0.05517406962785113,0.7035283168203037,50,0.21709483793517406
Tubb4a,-0.2107563025210084,0.14179552839739834,50,-0.13834333733493398
Tubb4b,0.07860744297719087,0.5873910280279689,50,-0.03894357743097239
Tubb5,0.2669387755102041,0.06093543579934507,50,0.3195678271308523
Tubb6,-0.10789915966386554,0.4557602690455043,50,-0.06631452581032413
Tubg1,0.0860984393757503,0.552167659149883,50,-0.01637454981992797
Tubg2,-0.057190876350540217,0.6932154093903193,50,0.0021608643457382954
Tubgcp2,0.13786314525810325,0.3397029045981778,50,0.07418967587034814
Tubgcp3,0.005618247298919568,0.9691116537775033,50,-0.0019687875150060023
Tubgcp4,0.1558223289315726,0.2798844517690455,50,0.16773109243697476
Tubgcp5,0.1251860744297719,0.3863669167136145,50,0.15390156062424967
Tubgcp6,0.22160864345738293,0.12194113513926098,50,0.24235294117647058
Tufm,0.08273709483793518,0.5678484153969561,50,0.04451380552220888
Tulp3,-0.07217286914765905,0.6184264631612333,50,0.07707082833133252
Tulp4,0.18050420168067227,0.2096935936237541,50,0.040384153661464584
Tusc2,-0.17685474189675868,0.21920896593046252,50,-0.1991356542617047
Tusc3,0.013493397358943579,0.9259006695282543,50,0.020312124849939977
Tut1,0.09723889555822329,0.5017195639649017,50,0.013205282112845136
Tut4,-0.028763505402160862,0.8428218018137286,50,-0.04163265306122449
Tut7,0.20240096038415364,0.15864904332820887,50,0.23908763505402159
Tvp23b,-0.1608201878059656,0.264555250024746,50,-0.06372148859543818
Twf1,0.08187274909963986,0.5719136983199204,50,-0.05162064825930372
Twf2,0.16062424969987996,0.2651454515822582,50,0.1532292917166867
Twnk,0.07745498199279711,0.5928980657558349,50,0.012244897959183673
Twsg1,-0.1745498199279712,0.2253710909734371,50,-0.1925090036014406
Txlna,-0.041152460984393756,0.7766004229514096,50,-0.061224489795918366
Txlng,-0.05195803021978345,0.7200826050716032,50,-0.1940456182472989
Txn1,0.20950780312124848,0.14422546807816897,50,0.08206482593037215
Txn2,0.2204561824729892,0.12394375224677465,50,0.30045618247298916
Txndc12,0.029723889555822326,0.8376433832914365,50,-0.06266506602641056
Txndc15,0.2769267707082833,0.05154637327249647,50,0.22295318127250902
Txndc16,-0.20403361344537815,0.15524554069615865,50,-0.14506602641056424
Txndc17,-0.18415366146458584,0.2004716349922025,50,-0.20960384153661463
Txndc5,0.10933973589435773,0.4497307287809592,50,0.19174069627851137
Txndc9,-0.023001200480192076,0.8740232394253051,50,-0.22612244897959183
Txnip,0.06343337334933974,0.6616487242123059,50,-0.060456182472989194
Txnl1,-0.07553421368547418,0.6021269961462214,50,-0.07207683073229292
Txnl4a,0.03558223289315726,0.8062100437659906,50,-0.010324129651860744
Txnl4b,-0.15524609843937573,0.281688661867124,50,-0.16331332533013204
Txnrd1,0.13037214885954382,0.3668373016971429,50,0.046242496998799516
Txnrd2,0.017623049219687877,0.9033177478414802,50,0.04729891956782713
Txnrd3,0.07812725090036014,0.5896828407810075,50,0.05027611044417767
Tyk2,0.12777911164465786,0.3765264623849276,50,0.12134453781512604
Tymp,0.05142857142857142,0.7228204140977085,50,0.039135654261704685
Tyro3,0.2595438175270108,0.06873396067033505,50,0.20710684273709484
Tyw1,-0.02717952412606047,0.8513769707025636,50,-0.024729891956782712
Tyw3,0.0052340936374549825,0.971222757835147,50,-0.028283313325330132
Tyw5,-0.36220888355342135,0.009742156096236418,50,-0.14468187274909963
U2af1,-0.031644657863145256,0.8273071614491647,50,-0.027034813925570226
U2af1l4,0.20840836520689482,0.14639076615395966,50,0.1915051982592388
U2af2,0.19807923169267705,0.1679217900172661,50,0.1944297719087635
U2surp,0.27942376950780307,0.04939239054387864,50,0.2103721488595438
Uaca,0.028283992420935718,0.8454098291616876,50,0.06036014405762304
Uap1,0.09839135654261706,0.4966392123190872,50,0.13786314525810325
Uap1l1,0.19481392557022806,0.17518477928606702,50,0.2556062424969988
Uba1,0.08206482593037215,0.5710091453885509,50,0.20297719087635052
Uba2,0.0319327731092437,0.8257591788134112,50,-0.020312124849939977
Uba3,-0.17743097238895558,0.21768691775872978,50,-0.18261704681872748
Uba5,0.020504201680672268,0.8876058902514381,50,0.1940456182472989
Uba52,-0.1288355342136855,0.3725607171065508,50,-0.20605042016806724
Uba6,-0.13863145258103243,0.3369922306980507,50,-0.07351740696278511
Uba7,0.14506602641056424,0.3148214502116727,50,0.1020408163265306
Ubac1,0.05623049219687875,0.6981195909304553,50,0.1872268907563025
Ubac2,-0.03490996398559423,0.8098027765851797,50,0.08974789915966387
Ubald1,0.10194477791116446,0.48114356379579976,50,0.09714285714285714
Ubap1,0.04019207683073229,0.7816844250494279,50,-0.0722689075630252
Ubap2,-0.1837695078031212,0.201428637084075,50,-0.21747899159663864
Ubap2l,-0.11001464624170414,0.44692102550255075,50,-0.18549819927971187
Ubash3b,0.07812725090036014,0.5896828407810075,50,0.07322929171668667
Ube2a,0.022857691667852977,0.8748029337507243,50,0.022040816326530613
Ube2b,-0.11683073229291716,0.41909309693074415,50,-0.12096038415366145
Ube2d1,0.013109558456562736,0.9280028998561836,50,-0.21190876350540214
Ube2d3,-0.1599519807923169,0.2671771221430569,50,-0.21008403361344538
Ube2e1,-0.08715486194477791,0.5472823082871631,50,0.05238895558223289
Ube2e2,0.042881152460984395,0.7674726631844364,50,0.06391356542617047
Ube2f,0.034717887154861946,0.8108299884235655,50,0.03606242496998799
Ube2g1,0.07591836734693877,0.6002762000240179,50,-0.012725090036014405
Ube2g2,-0.06036014405762304,0.6771206626893103,50,-0.06132052821128451
Ube2h,0.041440576230492195,0.7750770169950753,50,0.05430972388955582
Ube2i,0.019543817527010805,0.8928387273266257,50,-0.03884753901560624
Ube2j1,0.039711884753901555,0.7842298323116963,50,-0.0024489795918367346
Ube2j2,0.03452581032412965,0.8118575157889591,50,0.06333733493397359
Ube2k,0.14189675870348137,0.325622674197588,50,0.21094837935174068
Ube2l3,0.23654829654589024,0.09814612065516508,50,0.17604264213098533
Ube2l6,-0.07889555822328932,0.5860178595409992,50,-0.020600240096038412
Ube2m,-0.07966386554621849,0.5823631470805782,50,-0.03260504201680672
Ube2n,-0.033949579831932766,0.8149419745024977,50,0.012244897959183673
Ube2o,-0.13248499399759903,0.3590548333678273,50,0.01771908763505402
Ube2q1,-0.05430972388955582,0.7079644829143952,50,0.04873949579831932
Ube2q2,-0.09013421693394966,0.5336171092561215,50,-0.06650660264105641
Ube2q2l,0.1274909963985594,0.37761239010583864,50,0.1735894357743097
Ube2ql1,-0.01637454981992797,0.9101379804213003,50,0.09656662665066026
Ube2r2,-0.019735894357743092,0.8917917911858331,50,-0.051236494597839126
Ube2s,0.01282112845138055,0.9295829104799347,50,-0.057190876350540217
Ube2v1,-0.1894357743097239,0.18763757449467522,50,-0.14304921968787515
Ube2v2,0.0811044417767107,0.5755384891432878,50,0.037406962785114045
Ube2z,0.015990396158463382,0.9122378272750652,50,0.07851140456182472
Ube3a,0.06679471788715485,0.6448852734231328,50,-0.033565426170468184
Ube3b,-0.08504201680672267,0.5570736463170085,50,-0.1274909963985594
Ube3c,-0.14477791116446578,0.3157938453706833,50,-0.09368547418967586
Ube4a,-0.173109243697479,0.22928268578934452,50,-0.003601440576230492
Ube4b,-0.26300120048019204,0.06499446083957477,50,-0.29920768307322926
Ubfd1,0.18588235294117647,0.19620489704511831,50,0.1975030012004802
Ubl3,-0.2771188475390156,0.05137802497804922,50,-0.34655462184873953
Ubl4a,0.14218487394957982,0.3246312147655424,50,-0.033565426170468184
Ubl5,0.03385354141656663,0.8154563224539221,50,0.09877551020408162
Ubl7,-0.1400720288115246,0.33194613184789457,50,-0.07380552220888356
Ublcp1,-0.054405762304921966,0.7074710981749527,50,-0.021944777911164462
Ubn1,0.12489795918367347,0.3874696024077539,50,0.15774309723889554
Ubox5,0.056806722689075634,0.6951756021337345,50,0.07774309723889555
Ubp1,0.14055559561303713,0.33026293453518296,50,-0.004946097146615245
Ubqln1,-0.06036014405762304,0.6771206626893103,50,0.07438175270108043
Ubqln2,0.1169267707082833,0.41870819488172134,50,0.12835534213685473
Ubqln4,-0.17042016806722687,0.23670893236518237,50,-0.08945978391356542
Ubr1,0.0014885954381752698,0.9918140667498937,50,0.01771908763505402
Ubr2,-0.010804321728691477,0.9406380918704026,50,-0.018775510204081632
Ubr3,-0.07150060024009604,0.6217086321267078,50,0.050756302521008406
Ubr4,0.1460264105642257,0.31159391297394856,50,0.09090036014405761
Ubr5,0.0012965186074429772,0.992870286960601,50,0.13603841536614644
Ubr7,-0.26113472119702624,0.06699252096205169,50,-0.18578631452581032
Ubtd2,0.06621848739495799,0.6477469152991983,50,0.019255702280912366
Ubtf,-0.011092436974789914,0.9390580533725903,50,-0.0823529411764706
Ubxn1,0.0658343337334934,0.6496574839593189,50,-0.0008163265306122449
Ubxn2a,0.12028811524609842,0.40536403328604576,50,0.1878031212484994
Ubxn2b,0.17100050426307656,0.23509249134366617,50,0.06938775510204082
Ubxn4,0.24231073982350027,0.0899941123283777,50,0.32148859543817526
Ubxn6,0.012917166866746698,0.9290567848678867,50,0.13469387755102039
Uchl1,-0.022905162064825933,0.8745450103974277,50,0.15515006002400963
Uchl3,-0.14112845138055222,0.3282758767462333,50,-0.20086434573829529
Uchl5,-0.12,0.4064980787798141,50,-0.10309723889555823
Uck1,-0.2063385354141657,0.15053240874638005,50,-0.17800720288115246
Uck2,-0.03548619447779112,0.8067230507465127,50,0.007827130852340937
Uckl1,0.06525810324129651,0.6525275217715648,50,0.041344537815126044
Uevld,0.1402641056422569,0.33127691005735305,50,0.15889555822328932
Ufc1,-0.10156062424969987,0.48280638215732524,50,-0.17704681872749098
Ufd1,-0.11049219687875149,0.4449388025026449,50,-0.19193277310924367
Ufl1,-0.08417767106842736,0.5611028654808996,50,-0.0426890756302521
Ufm1,0.05517406962785113,0.7035283168203037,50,0.06881152460984392
Ufsp2,-0.33483793517406957,0.017461855621273312,50,-0.2816326530612245
Ugcg,0.24763505402160862,0.08294029728514514,50,0.14420168067226888
Ugdh,-0.0035054021608643456,0.9807249358896529,50,0.03346938775510204
Uggt1,-0.009171668667466985,0.949595741280882,50,-0.1495798319327731
Uggt2,-0.08120048019207683,0.5750848160521908,50,-0.039519807923169274
Ugp2,0.03442977190876351,0.8123713972775561,50,0.19798319327731093
Ugt8,-0.16062424969987996,0.2651454515822582,50,-0.22986794717887157
Uhrf1bp1,-0.053637454981992794,0.7114214906008638,50,-0.08350540216086433
Uhrf1bp1l,0.15193642108631683,0.2921991613410012,50,0.18828783409590655
Uhrf2,-0.16052821128451378,0.2654350574590323,50,-0.1466986794717887
Ulk1,0.1707082833133253,0.23590548137435993,50,0.05891956782713085
Ulk2,0.05411764705882353,0.7089516084339997,50,0.03010804321728691
Ulk3,-0.022905162064825933,0.8745450103974277,50,-0.0025450180072028807
Umps,0.14934332161139235,0.3006099717184374,50,0.1287425868939366
Unc119,-0.08686674669867947,0.5486126204499956,50,-0.12009603841536615
Unc119b,-0.0823529411764706,0.5696535539896701,50,0.03923169267707083
Unc13a,0.20451380552220885,0.15425480215836337,50,0.28941176470588237
Unc13b,0.2643457382953181,0.06358485434077281,50,0.24225690276110443
Unc13c,0.16840336134453782,0.242385536409115,50,0.16945978391356542
Unc45a,-0.030204081632653063,0.8350567113874385,50,-0.035006002400960384
Unc5a,0.20557516392873654,0.1520815120182872,50,0.14218487394957982
Unc5b,-0.09416566626650659,0.5153962594066313,50,-0.12720288115246098
Unc5c,0.05853541416566627,0.6863704532652548,50,0.14573829531812724
Unc5d,0.10232893157262904,0.4794837696605121,50,0.07870348139255702
Unc79,-0.03606242496998799,0.8036462240386789,50,-0.10501800720288115
Unc80,0.37114045618247293,0.007966371355677694,50,0.3134213685474189
Unk,0.29296518607442973,0.03894904882030098,50,0.15764705882352942
Unkl,-0.12460984393757503,0.388574143872945,50,-0.2692436974789916
Upf1,-0.07899159663865546,0.585560457424426,50,-0.06861944777911164
Upf2,-0.006770708283313325,0.9627796563599009,50,-0.022136854741896757
Upf3b,0.0956062424969988,0.5089620611971777,50,0.08408163265306122
Upp1,0.17474189675870347,0.22485305313737894,50,0.11529411764705881
Uprt,-0.24869147659063626,0.081593748751205,50,-0.19490996398559424
Uqcc1,-0.1491956782713085,0.30109351137594936,50,-0.2974789915966386
Uqcc2,0.022136854741896757,0.8787210618032605,50,0.016566626650660263
Uqcc3,-0.12729891956782713,0.3783373790940621,50,-0.07995198079231693
Uqcr10,-0.013493397358943579,0.9259006695282543,50,0.08427370948379351
Uqcr11,-0.20432172869147658,0.15465053780915824,50,0.0021608643457382954
Uqcrb,-0.18261704681872748,0.20431898856696412,50,-0.18713085234093638
Uqcrc1,0.07975990396158462,0.5819070336441934,50,0.06756302521008403
Uqcrc2,-0.10703481392557021,0.4593990245177137,50,-0.17493397358943577
Uqcrfs1,-0.19490996398559424,0.1749679740279985,50,-0.05594237695078031
Uqcrh,0.03683073229291716,0.7995483749133704,50,-0.0182953181272509
Uqcrq,-0.11030012004801922,0.4457354930536335,50,-0.016470588235294115
Urb1,-0.08686674669867947,0.5486126204499956,50,-0.0019687875150060023
Urb2,-0.24168067226890755,0.0908588753364803,50,-0.33080432172869145
Urgcp,0.07505402160864347,0.6044439864509824,50,0.1144297719087635
Uri1,0.1144297719087635,0.4287809515377118,50,0.06487394957983193
Urm1,0.15351740696278512,0.2871470442113454,50,0.1196158463385354
Urod,-0.20201680672268904,0.1594577554373011,50,-0.24465786314525811
Uros,-0.16379351740696277,0.255706622957568,50,-0.16292917166866747
Use1,-0.057382953181272504,0.692236057246644,50,0.011668667466986795
Usf1,0.060840336134453776,0.6746942563131716,50,0.0728451380552221
Usf2,0.12681872749099637,0.38015347916898345,50,0.1291236494597839
Uso1,-0.05003721579391345,0.730031374336698,50,-0.09071046126171065
Usp10,-0.17186074429771905,0.23271036864627456,50,-0.2925810324129652
Usp11,0.07697478991596637,0.5951994071363427,50,0.11596638655462185
Usp12,-0.03519807923169268,0.8082625540545242,50,0.05968787515006002
Usp13,0.2594477791116447,0.06884022846047824,50,0.27289315726290514
Usp14,0.13478991596638654,0.3506804491743964,50,0.1820408163265306
Usp15,0.013589762063030236,0.9253729720428188,50,0.007250900360144057
Usp19,-0.1117406962785114,0.4397795246779216,50,-0.08264105642256904
Usp20,-0.21997599039615845,0.12478547204869817,50,-0.14804321728691477
Usp21,-0.0670828331332533,0.6434563570547525,50,-0.07399759903961585
Usp22,0.2737575030012005,0.054389229756980594,50,0.081968787515006
Usp24,0.026411198355712474,0.8555329118442241,50,-0.042881152460984395
Usp25,-0.1020408163265306,0.4807283315014337,50,-0.05277310924369748
Usp29,0.04470588235294118,0.7578715994253096,50,0.01205282112845138
Usp30,0.026170468187274906,0.8568358465726584,50,0.04768307322929172
Usp31,0.1470828331332533,0.3080681137727109,50,0.1400720288115246
Usp32,-0.03606242496998799,0.8036462240386789,50,-0.05930372148859543
Usp33,-0.08782923962290566,0.5441745658271054,50,0.018487838848998732
Usp34,-0.11827130852340936,0.41334075552301486,50,-0.00936374549819928
Usp35,0.08062424969987995,0.5778093067048342,50,0.1076110444177671
Usp38,0.1078031212484994,0.45616379804590335,50,0.2
Usp39,-0.030876350540216087,0.8314382775692926,50,0.02127250900360144
Usp4,-0.11049219687875149,0.4449388025026449,50,-0.056806722689075634
Usp40,0.1371908763505402,0.3420858162209516,50,0.14141656662665067
Usp43,0.027418967587034812,0.8500826111544155,50,0.057190876350540217
Usp45,0.0346218487394958,0.8113437127687082,50,0.04691476590636255
Usp46,-0.15899159663865545,0.27009744625198934,50,-0.1117406962785114
Usp47,0.09099639855942376,0.5296939968421751,50,0.1413205282112845
Usp48,0.008787515006002401,0.9517043611276746,50,0.1289315726290516
Usp5,0.01915966386554622,0.8949331404691206,50,0.10809123649459784
Usp53,0.18386554621848739,0.2011890846586736,50,0.03807923169267707
Usp54,-0.062184873949579826,0.6679177874859943,50,-0.08893370791778091
Usp6nl,0.14117986030144486,0.32809792318683617,50,0.22833133253301321
Usp7,-0.07303721488595438,0.6142173471740465,50,0.024921968787515004
Usp8,0.07303721488595438,0.6142173471740465,50,0.015894357743097238
Usp9x,-0.060840336134453776,0.6746942563131716,50,-0.030204081632653063
Utp11,0.07342136854741896,0.6123505611049063,50,0.07726290516206481
Utp14a,0.3723889555822329,0.007742013470243534,50,0.2594477791116447
Utp15,0.05104441776710684,0.7248090119713183,50,0.09963985594237695
Utp18,0.07735894357743096,0.5933580179930509,50,-0.060456182472989194
Utp25,-0.2677070828331332,0.060167663098360476,50,-0.2339015606242497
Utp3,-0.09579831932773109,0.5081072585030242,50,-0.13238895558223288
Utp4,0.146890756302521,0.308707259421738,50,0.020888355342136854
Utrn,-0.09426170468187275,0.5149660444514379,50,-0.07351740696278511
Uvrag,-0.07860744297719087,0.5873910280279689,50,-0.05805522208883554
Uvssa,-0.12057623049219686,0.40423182076389974,50,-0.2227611044417767
Uxs1,0.166578631452581,0.24760078806006894,50,0.11587034813925569
Vac14,-0.21162064825930374,0.14013119034613541,50,-0.1479471788715486
Vamp1,0.1700360144057623,0.23778311120927567,50,0.22746698679471786
Vamp2,0.19039615846338534,0.18536869841456516,50,0.05430972388955582
Vamp3,-0.27183673469387754,0.056172930963631885,50,-0.16024009603841535
Vamp4,0.022521008403361343,0.8766326204036273,50,0.05651860744297719
Vamp7,-0.04364945978391356,0.7634258044868907,50,-0.08292917166866745
Vamp8,-0.25330132052821125,0.07591776313339751,50,-0.1872268907563025
Vangl2,0.12048019207683074,0.4046090211786621,50,0.15466986794717885
Vapa,-0.031644657863145256,0.8273071614491647,50,-0.043745498199279705
Vapb,0.05728691476590636,0.6927256711507918,50,0.1417046818727491
Vars1,0.11087635054021608,0.4433477830200856,50,0.029531812725090034
Vars2,0.3471308523409364,0.01351744897648338,50,0.3670108043217286
Vash1,0.024345738295318126,0.866724113819169,50,0.0575750300120048
Vasn,0.2756368701123447,0.052688537593627315,50,0.3519892435406771
Vasp,0.03481392557022809,0.8103163429601984,50,-0.008595438175270108
Vat1,0.28547418967587035,0.044475235349251234,50,0.314093637454982
Vat1l,0.508187274909964,0.00016480180410059317,50,0.5309483793517407
Vav1,-0.06967587034813925,0.6306540338400889,50,0.05046818727490996
Vav2,0.24244897959183673,0.08980524017376208,50,0.12144057623049219
Vav3,0.14631452581032411,0.3106297864850381,50,0.24648259303721487
Vbp1,0.006482593037214886,0.9643624577499652,50,-0.2076830732292917
Vcam1,0.17512605042016804,0.22381945017363192,50,0.2640576230492197
Vcan,0.18146458583433375,0.20723843253027394,50,0.19903961584633853
Vcl,0.09771908763505403,0.499599518922039,50,0.10818727490996398
Vcp,0.10569027611044417,0.46509049118211554,50,0.04605042016806723
Vcpip1,0.00038416288517399965,0.9978874168754117,50,0.028667466986794718
Vdac1,-0.21824729891956784,0.12785142419425916,50,-0.15764705882352942
Vdac2,-0.14372493941572262,0.31936387171998487,50,-0.0472040145157552
Vdac3,-0.10319327731092437,0.47576032172168503,50,-0.08513805522208882
Vegfa,0.010516206482593037,0.942218356661114,50,-0.0035054021608643456
Vezf1,0.2166146458583433,0.13079880735499003,50,0.22103241296518605
Vezt,0.08206482593037215,0.5710091453885509,50,0.1408403361344538
Vgf,0.12096038415366145,0.4027250580268724,50,0.17723889555822328
Vgll4,-0.2099879951980792,0.14328724435735085,50,-0.14737094837935172
Vhl,0.048931572629051616,0.7357781389841229,50,0.15188475390156062
Vim,0.18761104441776708,0.1920029860410535,50,0.1996158463385354
Vip,0.34012004801920764,0.015661240466766816,50,0.345594237695078
Vipas39,0.09493397358943578,0.511959606175683,50,0.021176470588235297
Vipr2,0.0012965186074429772,0.992870286960601,50,-0.08456182472989196
Virma,0.1886674669867947,0.18946691408577307,50,0.15351740696278512
Vkorc1,0.16849939975990394,0.242113137967862,50,0.12979591836734694
Vkorc1l1,-0.24456182472989194,0.08695681881029091,50,-0.33522208883553417
Vldlr,0.09454981992797118,0.5136764843567919,50,-0.04172869147659064
Vma21,-0.18578631452581032,0.1964402341388477,50,-0.1011764705882353
Vmac,-0.013973589435774309,0.9232714336848591,50,-0.019735894357743092
Vmp1,-0.06276110444177671,0.6650215531503693,50,-0.06813925570228091
Vopp1,-0.13853541416566625,0.3373303264571293,50,-0.1332533013205282
Vps11,-0.19644657863145257,0.17152542147182687,50,-0.23054021608643455
Vps13a,0.1373829531812725,0.34140393033004296,50,0.16811524609843936
Vps13b,-0.10146458583433372,0.48322255856282165,50,-0.1398799519807923
Vps13d,0.05987995198079231,0.6795503181579453,50,0.006674669867947179
Vps16,-0.13238895558223288,0.35940638620830506,50,-0.2221848739495798
Vps18,0.09090036014405761,0.5301302886436152,50,0.16216086434573826
Vps25,-0.24244897959183673,0.08980524017376208,50,-0.2634813925570228
Vps26a,0.08984393757503001,0.534941134536109,50,0.04336134453781513
Vps26b,-0.2550300120048019,0.07387151060810099,50,-0.14679471788715487
Vps26c,0.026170468187274906,0.8568358465726584,50,-0.006194477791116446
Vps28,0.03308523409363745,0.8195738612852521,50,0.1032893157262905
Vps29,-0.06909963985594238,0.6334899031407717,50,-0.018487394957983194
Vps33a,0.13555822328931572,0.3479158602278951,50,-0.011764705882352943
Vps33b,-0.041344537815126044,0.7755847261464184,50,0.01531812725090036
Vps35,-0.08821128451380551,0.5424177623569869,50,-0.12653061224489795
Vps35l,-0.16004801920768308,0.2668862506154647,50,-0.28585834333733495
Vps36,0.07707082833133252,0.5947388231105694,50,-0.03270108043217287
Vps37a,0.1105428702088184,0.4447287523494956,50,9.60407212934999e-05
Vps37b,-0.023289315726290515,0.8724582456414803,50,-0.08504201680672267
Vps37d,-0.04782827920416295,0.7415269987337637,50,0.027226890756302524
Vps39,-0.05748037169415969,0.6917395346719495,50,0.09911402437489189
Vps41,0.016182472989195677,0.9111878287690884,50,0.045954381752701084
Vps45,-0.2363985594237695,0.09836531740444833,50,-0.166578631452581
Vps4a,0.16974789915966385,0.23859092977027574,50,0.15812725090036014
Vps4b,0.18184873949579833,0.20626204620255428,50,0.04028811524609843
Vps50,0.1590876350540216,0.26980446374366224,50,0.18357743097238896
Vps52,0.21968787515006,0.12529257145179043,50,0.12
Vps53,-0.03654261704681872,0.8010844484336721,50,-0.020600240096038412
Vps54,0.06381752701080431,0.6597243693147454,50,-0.014837935174069627
Vps72,0.1570708283313325,0.2760014713003756,50,0.10280912364945978
Vps8,0.09243697478991596,0.5231709037211599,50,0.09925570228091235
Vps9d1,-0.13018007202881152,0.36754981121134545,50,-0.21478991596638655
Vrk1,-0.057190876350540217,0.6932154093903193,50,0.1063625450180072
Vrk3,-0.026938775510204082,0.8526787765291988,50,0.023673469387755098
Vsir,0.04969987995198079,0.7317831946429013,50,0.056806722689075634
Vsnl1,0.28624249699879956,0.043880508173314646,50,0.23860744297719086
Vstm2a,0.13133253301320527,0.3632872766392256,50,0.13536614645858341
Vstm2b,-0.07505582369087019,0.6044352839267785,50,-0.13709483793517407
Vstm2l,0.15265306122448982,0.2899019838203246,50,0.20557022809123648
Vta1,-0.02895558223289316,0.8417855841374466,50,-0.11846338535414166
Vti1a,-0.0683313325330132,0.6372791823046574,50,-0.027034813925570226
Vti1b,-0.22055222088835533,0.12377592432772774,50,-0.11462184873949578
Vtn,-0.10789915966386554,0.4557602690455043,50,-0.08869147659063625
Vwa1,0.08974789915966387,0.535379538886014,50,-0.0035054021608643456
Vwa5b1,0.2847058823529412,0.045076531271230715,50,0.2213205282112845
Vwa5b2,-0.005138055222088836,0.9717505649203921,50,-0.07063625450180072
Vwa8,0.007923169267707083,0.9564499314163795,50,0.085906362545018
Vwc2,0.023626017438200978,0.8706299510715989,50,0.016182472989195677
Vwc2l,-0.1320048019207683,0.3608146906490368,50,-0.19020408163265307
Vwf,0.08043217286914765,0.5787187754727622,50,0.081968787515006
Vxn,-0.0060984393757503004,0.966473070114678,50,0.16225690276110444
Wac,-0.015702280912364946,0.913813102725811,50,-0.02127250900360144
Wapl,0.00028812216388049975,0.9984155618722441,50,0.030492196878751498
Wars1,0.01709524839024298,0.9062001744738682,50,0.10818727490996398
Wars2,-0.08408163265306122,0.5615513980361976,50,-0.13440898945025312
Was,-0.21411764705882352,0.13540486646628255,50,-0.07380552220888356
Wasf1,0.1983673469387755,0.1672916128784593,50,0.11010804321728691
Wasf2,0.1320048019207683,0.3608146906490368,50,0.2622328931572629
Wasf3,-0.04096038415366146,0.7776164897616292,50,0.09483793517406962
Washc1,-0.09157262905162064,0.5270799633389929,50,-0.09589435774309724
Washc2c,-0.04019207683073229,0.7816844250494279,50,0.04768307322929172
Washc3,0.07764705882352942,0.5919786363501149,50,0.08657863145258103
Washc4,-0.011380552220888355,0.9374782471699071,50,0.04076830732292917
Washc5,-0.1987515006002401,0.16645405540819508,50,-0.18405762304921966
Wasl,0.2327490996398559,0.1038255908478191,50,0.21440576230492195
Wbp11,-0.11510204081632652,0.42605572012253357,50,-0.10521008403361343
Wbp2,0.13728691476590635,0.34174476789816005,50,0.06448979591836734
Wbp4,-0.1474669867947179,0.30679236772595225,50,-0.20259303721488592
Wdcp,-0.021656662665066023,0.8813327615638011,50,0.0805282112845138
Wdfy1,-0.032220888355342134,0.8242118518362515,50,0.08494597839135654
Wdfy2,-0.08139255702280913,0.5741779613902226,50,0.08744297719087635
Wdfy3,-0.07726290516206481,0.5938181283942283,50,-0.08427370948379351
Wdr1,0.08168067226890756,0.5728189102509789,50,0.15447779111644658
Wdr11,-0.07370948379351741,0.6109520680536464,50,-0.042785114045618244
Wdr12,-0.054981992797118844,0.7045132935167626,50,-0.06621848739495799
Wdr13,-0.2980552220888355,0.035526472608936044,50,-0.18012004801920767
Wdr17,-0.16436974789915965,0.25401507934189005,50,-0.051236494597839126
Wdr18,0.07812725090036014,0.5896828407810075,50,0.026266506602641054
Wdr19,0.20240096038415364,0.15864904332820887,50,0.17695078031212486
Wdr20,-0.00773109243697479,0.957504711384272,50,0.12902761104441776
Wdr24,0.04403361344537814,0.7614047126017045,50,-0.023673469387755098
Wdr26,-0.10050420168067226,0.4873946758828289,50,-0.08648259303721488
Wdr33,0.4279951980792317,0.0019318209764918398,50,0.430876350540216
Wdr35,0.21575030012004803,0.132379700412982,50,0.2430252100840336
Wdr36,-0.11270108043217285,0.43583358139829165,50,-0.230828331332533
Wdr37,0.08177671068427371,0.5723662219784476,50,0.06986794717887154
Wdr4,-0.0534453781512605,0.7124102669661331,50,-0.06093637454981993
Wdr41,-0.09138055222088834,0.5279505989977,50,-0.02482593037214886
Wdr43,-0.04605042016806723,0.7508201127549528,50,-0.08705882352941177
Wdr44,0.0008163265306122449,0.995510886501963,50,0.042881152460984395
Wdr45,-0.15390156062424967,0.28592813762721164,50,-0.22717887154861943
Wdr45b,-0.11635054021608643,0.42102062780062893,50,-0.07044417767106842
Wdr46,0.02280912364945978,0.8750668341977711,50,-0.0050420168067226885
Wdr47,0.05968787515006002,0.6805230852255368,50,0.03154861944777911
Wdr48,0.1537094837935174,0.28653716705399784,50,0.13805522208883553
Wdr5,-0.2304441776710684,0.10739248623385991,50,-0.14535414165666266
Wdr53,-0.028379351740696276,0.8448950262601718,50,-0.13382953181272508
Wdr54,0.048931572629051616,0.7357781389841229,50,0.029435774309723887
Wdr55,0.003217286914765906,0.9823089250466962,50,-0.018007202881152456
Wdr59,0.09416566626650659,0.5153962594066313,50,0.0017767106842737094
Wdr6,0.12124849939975989,0.4015971284232332,50,0.19145258103241294
Wdr61,-0.09330132052821127,0.5192763079677906,50,-0.13834333733493398
Wdr7,-0.23918367346938774,0.09434977204710765,50,-0.1832893157262905
Wdr70,0.07841536614645858,0.5883072740489869,50,0.058439375750300115
Wdr73,0.1603361344537815,0.26601490190582555,50,0.008787515006002401
Wdr74,0.015222088835534215,0.9164392876278163,50,-0.059495798319327726
Wdr75,-0.10472989195678271,0.4691789501364489,50,-0.15659063625450179
Wdr77,0.011668667466986795,0.9358986792620421,50,0.0875390156062425
Wdr81,0.13248499399759903,0.3590548333678273,50,0.1361344537815126
Wdr82,0.19058823529411767,0.1849172911700519,50,0.08494597839135654
Wdr83,-0.16725090036014406,0.24567060196477944,50,-0.1707082833133253
Wdr89,-0.03567827130852341,0.8056971175229699,50,0.03817527010804322
Wdr91,0.08792528034419915,0.5437326724566411,50,0.09262905162064825
Wdsub1,0.17114456534501682,0.23469240562545024,50,0.20297719087635052
Wdtc1,0.16052821128451378,0.2654350574590323,50,0.20825930372148857
Wfs1,0.1140456182472989,0.4303426233078497,50,0.14112845138055222
Whamm,0.03529411764705882,0.8077493060967326,50,0.17042016806722687
Whrn,0.008403361344537815,0.9538133084615882,50,0.042593037214885957
Wipf1,-0.1644697352151186,0.2537223329111739,50,-0.038848471763220704
Wipf2,0.3086194477791116,0.029212308798844594,50,0.19231692677070825
Wipf3,0.2585834333733493,0.06980253147918061,50,0.13469387755102039
Wipi1,0.24638655462184872,0.08455408313793081,50,0.27078031212484993
Wipi2,0.2575270108043217,0.07099316553253893,50,0.29584633853541414
Wiz,0.2748685443419967,0.05337854120805645,50,0.18103675963824734
Wls,0.08350540216086433,0.564246113106247,50,0.01205282112845138
Wnk1,-0.03894357743097239,0.7883071270565795,50,-0.016566626650660263
Wnk2,0.12384451010796813,0.3915171905884473,50,0.1961151528813268
Wnk3,-0.2619447779111645,0.06611942684446491,50,-0.14775510204081632
Wnt4,-0.002352941176470588,0.9870612735896643,50,0.10895558223289314
Wrnip1,0.06132052821128451,0.6722711206715749,50,0.11769507803121249
Wsb2,0.024729891956782712,0.8646406418817117,50,-0.05430972388955582
Wscd1,-0.022040816326530613,0.8792433004330112,50,-0.01781512605042017
Wtap,0.2700120048019207,0.05791084210211526,50,0.0974309723889556
Wwc1,-0.08619447779111644,0.55172268105076,50,-0.1859783913565426
Wwc2,-0.004465786314525811,0.9754455374575086,50,-0.07073229291716686
Wwc3,0.04326530612244897,0.765448458884893,50,-0.012725090036014405
Wwp1,0.06036014405762304,0.6771206626893103,50,0.0033133253301320525
Wwp2,0.036638655462184866,0.8005723408637344,50,-0.05162064825930372
Xab2,0.030877091895860218,0.8314342891764014,50,-0.004945978391356542
Xaf1,0.16504201680672267,0.25205116328891125,50,0.2687635054021609
Xdh,0.03481392557022809,0.8103163429601984,50,-0.003217286914765906
Xiap,0.027899159663865542,0.8474880188601623,50,-0.14324129651860742
Xk,-0.05699879951980792,0.6941952581621041,50,0.030396158463385354
Xkr4,0.15476962236447508,0.28318629352282737,50,0.029531812725090034
Xkr6,-0.0760144057623049,0.5998138905729673,50,-0.056038415366146455
Xkr7,0.1491956782713085,0.30109351137594936,50,0.19164465786314525
Xpc,0.19615846338535411,0.17216713107749965,50,0.19279711884753903
Xpnpep1,-0.27346938775510204,0.05465383001388119,50,-0.17118847539015608
Xpnpep3,0.09483793517406962,0.5123885537518271,50,0.024729891956782712
Xpo1,0.13997599039615843,0.33228105975625033,50,0.0025450180072028807
Xpo4,-0.17800720288115246,0.21617224267686636,50,-0.25330132052821125
Xpo5,-0.2667050830320492,0.06117051794683818,50,-0.2530192802477255
Xpo6,0.2026890756302521,0.15804448510263286,50,0.1253781512605042
Xpo7,-0.1142376950780312,0.42956138814340417,50,-0.07620648259303721
Xpot,0.033949579831932766,0.8149419745024977,50,0.06535414165666266
Xpr1,0.17512605042016804,0.22381945017363192,50,0.211812725090036
Xrcc1,0.0656422569027611,0.6506136065722468,50,0.025402160864345734
Xrcc4,0.06151260504201681,0.6713027870504038,50,0.09551020408163265
Xrcc5,0.12249994000985912,0.39671926885739955,50,0.16307714475636284
Xrcc6,-0.004945978391356542,0.9728062148102008,50,0.018487394957983194
Xrn1,-0.08100840336134453,0.575992325891534,50,-0.1140456182472989
Xrn2,-0.1057863145258103,0.46468270311916715,50,-0.11702280912364946
Xxylt1,0.0757262905162065,0.601201286715933,50,0.1086674669867947
Xylb,0.0658343337334934,0.6496574839593189,50,0.013685474189675868
Xylt1,-0.005714285714285714,0.9685839099521202,50,-0.04989195678271309
Yaf2,0.052292917166866744,0.7183527092577802,50,0.07361344537815126
Yap1,-0.033661464585834334,0.8164852492044423,50,-0.033661464585834334
Yars1,-0.1640816326530612,0.25485990608918146,50,-0.09551020408163265
Yars2,-0.2113325330132053,0.14068434480472383,50,-0.29411764705882354
Ybx1,0.2510924369747899,0.07859728817473913,50,0.09070828331332531
Ybx3,-0.027515006002400956,0.8495635659967954,50,-0.049603841536614644
Ydjc,-0.23438175270108041,0.10135469884540192,50,-0.19692677070828332
Yeats2,0.17791116446578628,0.21642417694250513,50,-0.12777911164465786
Yeats4,-0.08100840336134453,0.575992325891534,50,0.003793517406962785
Yes1,0.054405762304921966,0.7074710981749527,50,-0.00475390156062425
Yif1b,0.06256902761104441,0.6659864293910166,50,0.05315726290516206
Yipf1,-0.03577430972388955,0.8051842722231624,50,-0.028379351740696276
Yipf2,0.036350540216086434,0.8021089117393996,50,0.051236494597839126
Yipf3,-0.09310924369747899,0.5201405194399773,50,-0.07937575030012005
Yipf5,0.014357743097238897,0.9211686280160256,50,-0.04240096038415366
Yipf6,0.03375750300120048,0.8159707474237395,50,-0.027322929171668665
Yjefn3,0.08494597839135654,0.5575206625370219,50,0.09896758703481391
Yju2,0.0015846338535414166,0.991285961741987,50,-0.05546218487394958
Yju2b,0.100984393757503,0.485306266644739,50,0.10770708283313324
Ykt6,0.05056422569027611,0.7272972880782103,50,0.012725090036014405
Ylpm1,-0.023001200480192076,0.8740232394253051,50,-0.025690276110444176
Yod1,-0.1007923169267707,0.486141066886281,50,-0.03903961584633854
Ypel3,0.10415366146458584,0.471641233220701,50,0.0035054021608643456
Ypel4,-0.12585834333733492,0.38380120751963126,50,-0.055366146458583426
Ypel5,0.23908763505402159,0.09448608712255584,50,0.1223049219687875
Yrdc,0.013205282112845136,0.9274785890832614,50,-0.0052340936374549825
Ythdc1,-0.1032893157262905,0.4753475552493741,50,-0.04432172869147659
Ythdc2,0.08254501800720286,0.5687506533002326,50,0.03145258103241296
Ythdf1,-0.03894357743097239,0.7883071270565795,50,-0.09915966386554621
Ythdf2,-0.34828331332533013,0.013190251857888819,50,-0.1472749099639856
Ythdf3,0.16538212206740682,0.25106152066905285,50,0.2010132296672953
Ywhab,0.13791447577746588,0.33952138394255765,50,0.166578631452581
Ywhae,0.2048019207683073,0.15366259648304975,50,0.21747899159663864
Ywhag,-0.016278511404561824,0.910662885715317,50,0.016278511404561824
Ywhah,0.13575030012004802,0.3472268155866828,50,0.11135654261704682
Ywhaq,0.29459783913565424,0.03782288647432172,50,0.2604081632653061
Ywhaz,0.06717887154861946,0.6429803348437266,50,0.13056422569027612
Yy1,-0.14199279711884752,0.3252919760709843,50,-0.06093637454981993
Zadh2,0.30737094837935175,0.029905963501806535,50,0.3040096038415366
Zbtb1,0.08129651860744297,0.5746313067554828,50,0.09925570228091235
Zbtb11,-0.32222435651171727,0.022484398922178024,50,-0.28692165486433097
Zbtb16,-0.1251860744297719,0.3863669167136145,50,-0.02069627851140456
Zbtb18,0.2146510120909723,0.13441095333625303,50,0.2017815554376433
Zbtb20,-0.11596638655462185,0.42256627332086616,50,-0.02895558223289316
Zbtb21,-0.1655222088835534,0.2506546588094049,50,-0.13747899159663865
Zbtb44,0.011956782713085232,0.9343193556460773,50,-0.018583433373349337
Zbtb47,0.09003601440576231,0.5340648521199438,50,0.24619447779111645
Zbtb7a,-0.13277310924369748,0.3580014312154613,50,-0.04854741896758703
Zbtb8os,-0.01714285714285714,0.9059401238286354,50,-0.12336134453781511
Zc2hc1a,0.18213685474189675,0.205531882566014,50,0.11164465786314526
Zc3h11a,0.018775510204081632,0.8970282631008979,50,0.055654261704681865
Zc3h12b,-0.12,0.4064980787798141,50,-0.08004801920768306
Zc3h12c,-0.2230492196878751,0.11947242414860526,50,-0.13930372148859543
Zc3h13,-0.12057623049219686,0.40423182076389974,50,-0.05459783913565427
Zc3h14,-0.12394352684287255,0.3911356914042119,50,-0.08292917166866745
Zc3h15,0.37968787515006,0.006536940248967369,50,0.38516206482593035
Zc3h18,-0.16907563025210082,0.24048312706659133,50,-0.2288115246098439
Zc3h4,-0.04854741896758703,0.7377782164483431,50,-0.03385354141656663
Zc3h6,-0.19265768691476082,0.18010367098133473,50,-0.24279094342996774
Zc3h7b,0.1006002400960384,0.48697661853049373,50,-0.22103241296518605
Zc3h8,-0.02914765906362545,0.840749631753519,50,0.037022809123649456
Zc3hav1,0.12345738295318126,0.3930108411216804,50,0.0005282112845138055
Zc3hc1,-0.004657974982734745,0.9743891608786864,50,-0.1499639855942377
Zcchc14,0.10021608643457382,0.4886499728762951,50,0.09906362545018006
Zcchc17,-0.015222088835534215,0.9164392876278163,50,-0.022713085234093634
Zcchc18,0.17435774309723887,0.22588995351101332,50,0.18184873949579833
Zcchc24,0.19097697429212454,0.18400611154572277,50,0.19068427370948376
Zcchc7,0.14871548619447778,0.30266963261683894,50,0.2292917166866747
Zcchc8,-0.10924369747899158,0.45013133056791826,50,-0.15428571428571428
Zcchc9,-0.21776710684273706,0.12871306079804817,50,-0.1786794717887155
Zcrb1,-0.03202881152460984,0.8252433300244186,50,-0.1696518607442977
Zdbf2,0.07889555822328932,0.5860178595409992,50,0.0954141656662665
Zdhhc14,-0.05786314525810324,0.689789858987514,50,0.011860744297719087
Zdhhc17,-0.027851809175114976,0.847743794180907,50,0.14415712266154335
Zdhhc18,0.0017767106842737094,0.990229763041263,50,-0.026842737094837935
Zdhhc2,0.07649643451027267,0.5974958632603665,50,0.0060984393757503004
Zdhhc20,0.31332533013205277,0.026717084500098392,50,0.19308523409363745
Zdhhc21,0.2121968787515006,0.1390297443867585,50,0.23985594237695076
Zdhhc22,-0.0033133253301320525,0.9817809208576903,50,0.10012004801920767
Zdhhc23,0.25090036014405764,0.07883376748050859,50,0.12460984393757503
Zdhhc24,-0.03884753901560624,0.7888171864728192,50,-0.09493397358943578
Zdhhc3,-0.048931572629051616,0.7357781389841229,50,0.07140456182472989
Zdhhc5,0.0846578631452581,0.5588627246986755,50,0.0561344537815126
Zdhhc6,0.10684273709483794,0.4602097709462432,50,0.1343097238895558
Zdhhc8,0.10031212484993997,0.4882313531546813,50,0.15630252100840333
Zdhhc9,-0.14343337334933973,0.32035690873689926,50,-0.13872749099639856
Zeb1,-0.22285714285714284,0.11979937714934294,50,-0.2471548619447779
Zeb2,0.01282112845138055,0.9295829104799347,50,0.013493397358943579
Zer1,0.08653268988544341,0.5501569910471301,50,0.14237695078031212
Zfand1,0.26953181272509,0.05837530621030692,50,0.019927971188475387
Zfand2b,-0.003601440576230492,0.9801969555584257,50,-0.025210084033613446
Zfand3,-0.21527010804321725,0.13326414371586354,50,-0.08494597839135654
Zfand5,0.020120048019207682,0.8896984685014657,50,-0.02674669867947179
Zfand6,-0.06583591444669419,0.6496496177789125,50,0.03178947874814847
Zfc3h1,-0.11462184873949578,0.42800131405067154,50,-0.14660264105642254
Zfp106,-0.04912364945978391,0.7347787492963292,50,-0.04979591836734694
Zfp143,-0.08475390156062423,0.5584152018580083,50,-0.10424969987995197
Zfp148,0.24244897959183673,0.08980524017376208,50,0.2230492196878751
Zfp161,-0.1707082833133253,0.23590548137435993,50,-0.1063625450180072
Zfp207,-0.09723889555822329,0.5017195639649017,50,-0.21939975990396157
Zfp219,0.2494597839135654,0.08062527389948858,50,0.18578631452581032
Zfp24,-0.0114765906362545,0.9369516977605437,50,-0.09243697478991596
Zfp263,-0.15543817527010806,0.28108641153206376,50,-0.12115246098439375
Zfp280d,-0.023673469387755098,0.8703723399762501,50,-0.009651860744297719
Zfp281,0.05584633853541416,0.7000846998390193,50,0.028283313325330132
Zfp318,-0.04989195678271309,0.7307855529477288,50,-0.085906362545018
Zfp326,0.11058823529411764,0.4445407523127833,50,0.11452581032412965
Zfp330,-0.3144777911164466,0.026133958003732794,50,-0.3024729891956782
Zfp346,0.15428571428571428,0.2847126216826754,50,0.009171668667466985
Zfp358,-0.04230492196878751,0.7705118480395501,50,-0.03990396158463385
Zfp365,0.2921008403361345,0.03955632807058797,50,0.14458583433373348
Zfp36l2,-0.05402160864345738,0.7094453488485954,50,0.008307322929171669
Zfp37,-0.033565426170468184,0.816999827588431,50,-0.03807923169267707
Zfp384,-0.1379624961381126,0.33935162358073867,50,-0.07433551828116892
Zfp385a,0.19788715486194475,0.16834286590706912,50,0.12384153661464585
Zfp385b,0.19289315726290512,0.17956172563520612,50,0.16148859543817526
Zfp385d,0.26280912364945974,0.0651978549797546,50,0.20240096038415364
Zfp414,0.16888355342136854,0.24102563002513044,50,0.04086434573829532
Zfp422,-0.022905162064825933,0.8745450103974277,50,-0.09320528211284512
Zfp423,0.23111644657863145,0.10634257172415776,50,0.1732052821128451
Zfp428,-0.17032412965186072,0.236977165124819,50,-0.08849939975990395
Zfp444,-0.0012965186074429772,0.992870286960601,50,-0.002929171668667467
Zfp451,-0.04605042016806723,0.7508201127549528,50,0.0024489795918367346
Zfp462,0.09704681872749099,0.5025688713042594,50,0.15572629051620648
Zfp483,-0.12758703481392558,0.37725020672145276,50,-0.15601440576230494
Zfp511,0.25262905162064825,0.07672551724978054,50,0.20960384153661463
Zfp512,0.15812725090036014,0.2727437949549611,50,-0.04845138055222088
Zfp532,0.030492196878751498,0.83350553540182,50,0.17570228091236492
Zfp536,0.18617046818727492,0.1955000860451825,50,0.21949579831932772
Zfp551,0.3484753901560623,0.0131363835338268,50,0.362016806722689
Zfp574,-0.15294117647058825,0.2889817627244347,50,-0.13997599039615843
Zfp592,-0.28576230492196875,0.04425144564007885,50,-0.3649939975990396
Zfp593,-0.05042137867908745,0.7280380367980288,50,0.020936877241982982
Zfp597,0.046242496998799516,0.7498143857365437,50,0.02424969987995198
Zfp598,0.09397584578568967,0.516247112904701,50,0.06641056422569028
Zfp605,0.3025690276110444,0.03270289661586051,50,0.3659543817527011
Zfp609,0.08168067226890756,0.5728189102509789,50,0.12403361344537814
Zfp612,0.1644657863145258,0.2537338903275896,50,0.2925810324129652
Zfp622,0.11145258103241296,0.44096716713420075,50,0.09618247298919569
Zfp629,0.22098969969634324,0.12301359881029815,50,0.15621023318387758
Zfp638,-0.053734783563713195,0.7109206401410855,50,-0.018007202881152456
Zfp655,0.0398079231692677,0.7837205710688705,50,0.06765906362545018
Zfp667,0.2578151260504202,0.07066685971576522,50,0.22746698679471786
Zfp668,0.14103241296518607,0.3286084790395605,50,0.11116446578631452
Zfp672,-0.07370948379351741,0.6109520680536464,50,-0.07274909963985594
Zfp687,0.09003601440576231,0.5340648521199438,50,-0.027322929171668665
Zfp703,0.19769507803121247,0.16876470872480315,50,0.184921968787515
Zfp706,0.05891956782713085,0.6844192893342099,50,-0.06458583433373348
Zfp771,0.0910924369747899,0.5292578818589984,50,-0.03644657863145258
Zfp787,-0.0050420168067226885,0.9722783839866403,50,-0.081968787515006
Zfp790,0.03404561824729892,0.8144277037768815,50,-0.08436974789915966
Zfp800,0.23860744297719086,0.09516995647791031,50,0.15524609843937573
Zfp827,0.009843937575030014,0.9459064874660708,50,-0.06765906362545018
Zfp830,-0.15764705882352942,0.27422138532177265,50,-0.07630252100840335
Zfp91,0.08552220888355341,0.5548411048111002,50,0.07169267707082833
Zfpl1,0.08523409363745497,0.55618012140731,50,0.002352941176470588
Zfpm2,-0.03010804321728691,0.8355739084710629,50,-0.012340936374549819
Zfr,0.06861944777911164,0.6358571194886568,50,0.025210084033613446
Zfr2,-0.11183673469387755,0.4393840392524576,50,-0.08120048019207683
Zfx,0.0575750300120048,0.6912572031570278,50,0.05354141656662665
Zfyve1,-0.15611044417767103,0.2789852048598166,50,-0.028475390156062427
Zfyve16,0.0656422569027611,0.6506136065722468,50,0.13152460984393755
Zfyve19,-0.21162064825930374,0.14013119034613541,50,-0.08024009603841536
Zfyve21,-0.13152460984393755,0.36257977813401376,50,0.004849939975990396
Zfyve26,-0.04172869147659064,0.7735544489391231,50,0.11942376950780313
Zfyve27,-0.1700360144057623,0.23778311120927567,50,-0.15150060024009604
Zfyve28,0.2820168067226891,0.04723353921193203,50,0.20403361344537815
Zfyve9,-0.020984393757503002,0.8849912355548427,50,0.03154861944777911
Zgpat,-0.1836734693877551,0.20166839087231644,50,-0.10981992797118847
Zhx1,0.12307322929171667,0.3944963190419882,50,0.09013205282112843
Zhx2,0.20470588235294118,0.153859812108914,50,0.24542617046818724
Zhx3,-0.2698199279711884,0.058096269603604714,50,-0.23447779111644657
Zkscan1,-0.2754861944777911,0.05282328147816425,50,-0.26415366146458585
Zmat2,-0.20240096038415364,0.15864904332820887,50,-0.23236494597839136
Zmat3,0.09090036014405761,0.5301302886436152,50,0.16686674669867946
Zmat4,-0.16667466986794718,0.24732441964392568,50,-0.1185594237695078
Zmiz1,-0.20403361344537815,0.15524554069615865,50,0.04451380552220888
Zmiz2,-0.030876350540216087,0.8314382775692926,50,0.05267707082833133
Zmpste24,0.33848739495798313,0.01620008834742285,50,0.12278511404561823
Zmym2,0.027803121248499398,0.8480068101944223,50,0.03481392557022809
Zmym3,-0.15150060024009604,0.29360195131671885,50,-0.1524609843937575
Zmym4,-0.01503001200480192,0.9174900104787418,50,-0.00024009603841536613
Zmynd11,-0.18444177671068426,0.19975599554355383,50,-0.17243697478991593
Zmynd8,0.306890756302521,0.03017637881729127,50,0.33387755102040817
Znf48,0.24120048019207685,0.09152226965925123,50,0.23255702280912363
Znf740,-0.02463385354141657,0.8651614250124656,50,0.2847058823529412
Znf768,0.17858343337334934,0.21466493029252487,50,-0.03385354141656663
Znfx1,0.23342136854741896,0.10280261105904424,50,0.17464585834333732
Znhit1,0.21200480192076832,0.13939617341420016,50,0.007923169267707083
Znhit2,0.1510204081632653,0.2951526174669431,50,0.07620648259303721
Znhit3,0.15572629051620648,0.2801846241261941,50,0.2946938775510204
Znrd2,-0.03683073229291716,0.7995483749133704,50,0.029627851140456178
Znrf1,-0.1427611044417767,0.3226540113762471,50,-0.07217286914765905
Znrf2,0.09205282112845137,0.5249064828882124,50,0.062472989195678265
Zpr1,-0.09829531812725088,0.49706155808489233,50,-0.08177671068427371
Zranb1,-0.061224489795918366,0.672755485105491,50,-0.08312124849939975
Zranb2,0.05661464585834333,0.6961564398746369,50,-0.014645858343337334
Zrsr1,-0.11222088835534214,0.4378040765238864,50,0.02482593037214886
Zscan22,-0.16821128451380551,0.24293095927614597,50,-0.1828091236494598
Zscan26,0.04364945978391356,0.7634258044868907,50,-0.08273709483793518
Zswim8,0.09925570228091235,0.4928464528193353,50,0.014261704681872748
Zw10,0.06372148859543818,0.660205254292198,50,0.13584633853541417
Zwint,-0.08561824729891956,0.554395105333952,50,0.04172869147659064
Zyg11b,-0.03154861944777911,0.8278233003860368,50,0.029723889555822326
Zyx,0.033661464585834334,0.8164852492044423,50,0.09176470588235294
Zzef1,-0.07841536614645858,0.5883072740489869,50,0.03903961584633854
mrpl11,0.05997599039615846,0.6790641281788056,50,0.09512605042016806
mrpl24,-0.07726290516206481,0.5938181283942283,50,0.07236494597839135
mrpl9,-0.1071814449635459,0.45878062421584487,50,-0.17839135654261706
rnf141,-0.023193277310924368,0.8729798568310736,50,-0.08427370948379351
