fold,k,viallabel,pid,y_true,y_pred
0,1,90217015305,10023259,CORTEX,CORTEX
0,1,90283015305,10139044,CORTEX,CORTEX
0,1,90252015305,10044337,CORTEX,CORTEX
0,1,90571015305,10953744,CORTEX,CORTEX
0,1,90265015305,10046119,CORTEX,CORTEX
0,1,90445015305,10589325,CORTEX,CORTEX
0,1,90251015305,10044256,CORTEX,CORTEX
0,1,90449015305,10641858,CORTEX,CORTEX
0,1,90222015305,10025626,CORTEX,CORTEX
0,1,90258015305,10045228,CORTEX,CORTEX
0,1,90422015305,10422463,CORTEX,CORTEX
0,1,90239015305,10027599,CORTEX,CORTEX
0,1,90571015507,10953744,SKM-GN,WAT-SC
0,1,90251015507,10044256,SKM-GN,WAT-SC
0,1,90265015507,10046119,SKM-GN,WAT-SC
0,1,90283015507,10139044,SKM-GN,KIDNEY
0,1,90252015507,10044337,SKM-GN,KIDNEY
0,1,90445015503,10589325,SKM-GN,WAT-SC
0,1,90217015507,10023259,SKM-GN,WAT-SC
0,1,90222015507,10025626,SKM-GN,KIDNEY
0,1,90422015507,10422463,SKM-GN,KIDNEY
0,1,90449015507,10641858,SKM-GN,KIDNEY
0,1,90258015507,10045228,SKM-GN,KIDNEY
0,1,90239015507,10027599,SKM-GN,KIDNEY
0,1,90217015805,10023259,HEART,HEART
0,1,90449015805,10641858,HEART,HEART
0,1,90258015805,10045228,HEART,HEART
0,1,90283015805,10139044,HEART,HEART
0,1,90571015805,10953744,HEART,HEART
0,1,90222015805,10025626,HEART,LIVER
0,1,90239015805,10027599,HEART,WAT-SC
0,1,90252015805,10044337,HEART,LIVER
0,1,90445015802,10589325,HEART,LIVER
0,1,90265015805,10046119,HEART,HEART
0,1,90251015805,10044256,HEART,HEART
0,1,90422015805,10422463,HEART,LIVER
0,1,90222015909,10025626,KIDNEY,KIDNEY
0,1,90571015909,10953744,KIDNEY,KIDNEY
0,1,90239015909,10027599,KIDNEY,WAT-SC
0,1,90445015909,10589325,KIDNEY,WAT-SC
0,1,90422015909,10422463,KIDNEY,KIDNEY
0,1,90217015909,10023259,KIDNEY,KIDNEY
0,1,90265015909,10046119,KIDNEY,KIDNEY
0,1,90258015909,10045228,KIDNEY,KIDNEY
0,1,90449015909,10641858,KIDNEY,KIDNEY
0,1,90252015909,10044337,KIDNEY,KIDNEY
0,1,90283015909,10139044,KIDNEY,KIDNEY
0,1,90251015909,10044256,KIDNEY,HEART
0,1,90422016609,10422463,LUNG,KIDNEY
0,1,90283016609,10139044,LUNG,KIDNEY
0,1,90445016609,10589325,LUNG,KIDNEY
0,1,90571016609,10953744,LUNG,KIDNEY
0,1,90449016609,10641858,LUNG,KIDNEY
0,1,90252016609,10044337,LUNG,KIDNEY
0,1,90217016609,10023259,LUNG,KIDNEY
0,1,90265016609,10046119,LUNG,HEART
0,1,90251016609,10044256,LUNG,HEART
0,1,90239016609,10027599,LUNG,HEART
0,1,90222016609,10025626,LUNG,HEART
0,1,90258016609,10045228,LUNG,HEART
0,1,90217016806,10023259,LIVER,WAT-SC
0,1,90449016806,10641858,LIVER,WAT-SC
0,1,90258016806,10045228,LIVER,WAT-SC
0,1,90283016806,10139044,LIVER,WAT-SC
0,1,90571016806,10953744,LIVER,WAT-SC
0,1,90222016806,10025626,LIVER,LIVER
0,1,90239016806,10027599,LIVER,LIVER
0,1,90252016806,10044337,LIVER,WAT-SC
0,1,90445016803,10589325,LIVER,WAT-SC
0,1,90265016806,10046119,LIVER,WAT-SC
0,1,90251016806,10044256,LIVER,WAT-SC
0,1,90422016806,10422463,LIVER,SKM-GN
0,1,90222017006,10025626,WAT-SC,LIVER
0,1,90258017006,10045228,WAT-SC,HEART
0,1,90217017006,10023259,WAT-SC,LIVER
0,1,90251017006,10044256,WAT-SC,HEART
0,1,90449017006,10641858,WAT-SC,LIVER
0,1,90239017006,10027599,WAT-SC,HEART
0,1,90265017006,10046119,WAT-SC,HEART
0,1,90252017006,10044337,WAT-SC,HEART
0,1,90571017006,10953744,WAT-SC,WAT-SC
0,1,90422017006,10422463,WAT-SC,KIDNEY
0,1,90445017003,10589325,WAT-SC,SKM-GN
0,1,90283017006,10139044,WAT-SC,KIDNEY
0,2,90217015305,10023259,CORTEX,CORTEX
0,2,90283015305,10139044,CORTEX,CORTEX
0,2,90252015305,10044337,CORTEX,CORTEX
0,2,90571015305,10953744,CORTEX,CORTEX
0,2,90265015305,10046119,CORTEX,CORTEX
0,2,90445015305,10589325,CORTEX,CORTEX
0,2,90251015305,10044256,CORTEX,CORTEX
0,2,90449015305,10641858,CORTEX,CORTEX
0,2,90222015305,10025626,CORTEX,CORTEX
0,2,90258015305,10045228,CORTEX,CORTEX
0,2,90422015305,10422463,CORTEX,CORTEX
0,2,90239015305,10027599,CORTEX,CORTEX
0,2,90571015507,10953744,SKM-GN,LIVER
0,2,90251015507,10044256,SKM-GN,LIVER
0,2,90265015507,10046119,SKM-GN,LIVER
0,2,90283015507,10139044,SKM-GN,KIDNEY
0,2,90252015507,10044337,SKM-GN,KIDNEY
0,2,90445015503,10589325,SKM-GN,HEART
0,2,90217015507,10023259,SKM-GN,HEART
0,2,90222015507,10025626,SKM-GN,KIDNEY
0,2,90422015507,10422463,SKM-GN,KIDNEY
0,2,90449015507,10641858,SKM-GN,KIDNEY
0,2,90258015507,10045228,SKM-GN,KIDNEY
0,2,90239015507,10027599,SKM-GN,KIDNEY
0,2,90217015805,10023259,HEART,HEART
0,2,90449015805,10641858,HEART,HEART
0,2,90258015805,10045228,HEART,HEART
0,2,90283015805,10139044,HEART,HEART
0,2,90571015805,10953744,HEART,HEART
0,2,90222015805,10025626,HEART,HEART
0,2,90239015805,10027599,HEART,HEART
0,2,90252015805,10044337,HEART,HEART
0,2,90445015802,10589325,HEART,HEART
0,2,90265015805,10046119,HEART,HEART
0,2,90251015805,10044256,HEART,HEART
0,2,90422015805,10422463,HEART,HEART
0,2,90222015909,10025626,KIDNEY,KIDNEY
0,2,90571015909,10953744,KIDNEY,KIDNEY
0,2,90239015909,10027599,KIDNEY,WAT-SC
0,2,90445015909,10589325,KIDNEY,WAT-SC
0,2,90422015909,10422463,KIDNEY,KIDNEY
0,2,90217015909,10023259,KIDNEY,KIDNEY
0,2,90265015909,10046119,KIDNEY,SKM-GN
0,2,90258015909,10045228,KIDNEY,SKM-GN
0,2,90449015909,10641858,KIDNEY,KIDNEY
0,2,90252015909,10044337,KIDNEY,SKM-GN
0,2,90283015909,10139044,KIDNEY,KIDNEY
0,2,90251015909,10044256,KIDNEY,WAT-SC
0,2,90422016609,10422463,LUNG,LUNG
0,2,90283016609,10139044,LUNG,LUNG
0,2,90445016609,10589325,LUNG,LUNG
0,2,90571016609,10953744,LUNG,LUNG
0,2,90449016609,10641858,LUNG,KIDNEY
0,2,90252016609,10044337,LUNG,KIDNEY
0,2,90217016609,10023259,LUNG,KIDNEY
0,2,90265016609,10046119,LUNG,WAT-SC
0,2,90251016609,10044256,LUNG,WAT-SC
0,2,90239016609,10027599,LUNG,LIVER
0,2,90222016609,10025626,LUNG,WAT-SC
0,2,90258016609,10045228,LUNG,WAT-SC
0,2,90217016806,10023259,LIVER,WAT-SC
0,2,90449016806,10641858,LIVER,WAT-SC
0,2,90258016806,10045228,LIVER,WAT-SC
0,2,90283016806,10139044,LIVER,WAT-SC
0,2,90571016806,10953744,LIVER,WAT-SC
0,2,90222016806,10025626,LIVER,WAT-SC
0,2,90239016806,10027599,LIVER,WAT-SC
0,2,90252016806,10044337,LIVER,WAT-SC
0,2,90445016803,10589325,LIVER,WAT-SC
0,2,90265016806,10046119,LIVER,LIVER
0,2,90251016806,10044256,LIVER,LUNG
0,2,90422016806,10422463,LIVER,LUNG
0,2,90222017006,10025626,WAT-SC,LIVER
0,2,90258017006,10045228,WAT-SC,WAT-SC
0,2,90217017006,10023259,WAT-SC,WAT-SC
0,2,90251017006,10044256,WAT-SC,WAT-SC
0,2,90449017006,10641858,WAT-SC,WAT-SC
0,2,90239017006,10027599,WAT-SC,WAT-SC
0,2,90265017006,10046119,WAT-SC,WAT-SC
0,2,90252017006,10044337,WAT-SC,SKM-GN
0,2,90571017006,10953744,WAT-SC,SKM-GN
0,2,90422017006,10422463,WAT-SC,LIVER
0,2,90445017003,10589325,WAT-SC,WAT-SC
0,2,90283017006,10139044,WAT-SC,WAT-SC
0,3,90217015305,10023259,CORTEX,CORTEX
0,3,90283015305,10139044,CORTEX,CORTEX
0,3,90252015305,10044337,CORTEX,CORTEX
0,3,90571015305,10953744,CORTEX,CORTEX
0,3,90265015305,10046119,CORTEX,CORTEX
0,3,90445015305,10589325,CORTEX,CORTEX
0,3,90251015305,10044256,CORTEX,CORTEX
0,3,90449015305,10641858,CORTEX,CORTEX
0,3,90222015305,10025626,CORTEX,CORTEX
0,3,90258015305,10045228,CORTEX,CORTEX
0,3,90422015305,10422463,CORTEX,CORTEX
0,3,90239015305,10027599,CORTEX,CORTEX
0,3,90571015507,10953744,SKM-GN,LUNG
0,3,90251015507,10044256,SKM-GN,LUNG
0,3,90265015507,10046119,SKM-GN,LUNG
0,3,90283015507,10139044,SKM-GN,SKM-GN
0,3,90252015507,10044337,SKM-GN,SKM-GN
0,3,90445015503,10589325,SKM-GN,SKM-GN
0,3,90217015507,10023259,SKM-GN,HEART
0,3,90222015507,10025626,SKM-GN,LUNG
0,3,90422015507,10422463,SKM-GN,LUNG
0,3,90449015507,10641858,SKM-GN,LUNG
0,3,90258015507,10045228,SKM-GN,LUNG
0,3,90239015507,10027599,SKM-GN,LUNG
0,3,90217015805,10023259,HEART,HEART
0,3,90449015805,10641858,HEART,HEART
0,3,90258015805,10045228,HEART,HEART
0,3,90283015805,10139044,HEART,HEART
0,3,90571015805,10953744,HEART,HEART
0,3,90222015805,10025626,HEART,HEART
0,3,90239015805,10027599,HEART,HEART
0,3,90252015805,10044337,HEART,HEART
0,3,90445015802,10589325,HEART,HEART
0,3,90265015805,10046119,HEART,HEART
0,3,90251015805,10044256,HEART,HEART
0,3,90422015805,10422463,HEART,HEART
0,3,90222015909,10025626,KIDNEY,KIDNEY
0,3,90571015909,10953744,KIDNEY,KIDNEY
0,3,90239015909,10027599,KIDNEY,KIDNEY
0,3,90445015909,10589325,KIDNEY,KIDNEY
0,3,90422015909,10422463,KIDNEY,KIDNEY
0,3,90217015909,10023259,KIDNEY,KIDNEY
0,3,90265015909,10046119,KIDNEY,KIDNEY
0,3,90258015909,10045228,KIDNEY,KIDNEY
0,3,90449015909,10641858,KIDNEY,KIDNEY
0,3,90252015909,10044337,KIDNEY,KIDNEY
0,3,90283015909,10139044,KIDNEY,KIDNEY
0,3,90251015909,10044256,KIDNEY,KIDNEY
0,3,90422016609,10422463,LUNG,LUNG
0,3,90283016609,10139044,LUNG,LUNG
0,3,90445016609,10589325,LUNG,LUNG
0,3,90571016609,10953744,LUNG,LUNG
0,3,90449016609,10641858,LUNG,SKM-GN
0,3,90252016609,10044337,LUNG,LUNG
0,3,90217016609,10023259,LUNG,LUNG
0,3,90265016609,10046119,LUNG,WAT-SC
0,3,90251016609,10044256,LUNG,WAT-SC
0,3,90239016609,10027599,LUNG,WAT-SC
0,3,90222016609,10025626,LUNG,SKM-GN
0,3,90258016609,10045228,LUNG,SKM-GN
0,3,90217016806,10023259,LIVER,LIVER
0,3,90449016806,10641858,LIVER,LIVER
0,3,90258016806,10045228,LIVER,LIVER
0,3,90283016806,10139044,LIVER,LIVER
0,3,90571016806,10953744,LIVER,LIVER
0,3,90222016806,10025626,LIVER,LIVER
0,3,90239016806,10027599,LIVER,LIVER
0,3,90252016806,10044337,LIVER,LIVER
0,3,90445016803,10589325,LIVER,LIVER
0,3,90265016806,10046119,LIVER,LIVER
0,3,90251016806,10044256,LIVER,LIVER
0,3,90422016806,10422463,LIVER,LIVER
0,3,90222017006,10025626,WAT-SC,LIVER
0,3,90258017006,10045228,WAT-SC,WAT-SC
0,3,90217017006,10023259,WAT-SC,LIVER
0,3,90251017006,10044256,WAT-SC,WAT-SC
0,3,90449017006,10641858,WAT-SC,WAT-SC
0,3,90239017006,10027599,WAT-SC,LUNG
0,3,90265017006,10046119,WAT-SC,WAT-SC
0,3,90252017006,10044337,WAT-SC,WAT-SC
0,3,90571017006,10953744,WAT-SC,WAT-SC
0,3,90422017006,10422463,WAT-SC,WAT-SC
0,3,90445017003,10589325,WAT-SC,WAT-SC
0,3,90283017006,10139044,WAT-SC,WAT-SC
0,5,90217015305,10023259,CORTEX,CORTEX
0,5,90283015305,10139044,CORTEX,CORTEX
0,5,90252015305,10044337,CORTEX,CORTEX
0,5,90571015305,10953744,CORTEX,CORTEX
0,5,90265015305,10046119,CORTEX,CORTEX
0,5,90445015305,10589325,CORTEX,CORTEX
0,5,90251015305,10044256,CORTEX,CORTEX
0,5,90449015305,10641858,CORTEX,CORTEX
0,5,90222015305,10025626,CORTEX,CORTEX
0,5,90258015305,10045228,CORTEX,CORTEX
0,5,90422015305,10422463,CORTEX,CORTEX
0,5,90239015305,10027599,CORTEX,CORTEX
0,5,90571015507,10953744,SKM-GN,SKM-GN
0,5,90251015507,10044256,SKM-GN,SKM-GN
0,5,90265015507,10046119,SKM-GN,SKM-GN
0,5,90283015507,10139044,SKM-GN,SKM-GN
0,5,90252015507,10044337,SKM-GN,SKM-GN
0,5,90445015503,10589325,SKM-GN,SKM-GN
0,5,90217015507,10023259,SKM-GN,SKM-GN
0,5,90222015507,10025626,SKM-GN,SKM-GN
0,5,90422015507,10422463,SKM-GN,SKM-GN
0,5,90449015507,10641858,SKM-GN,SKM-GN
0,5,90258015507,10045228,SKM-GN,SKM-GN
0,5,90239015507,10027599,SKM-GN,SKM-GN
0,5,90217015805,10023259,HEART,HEART
0,5,90449015805,10641858,HEART,HEART
0,5,90258015805,10045228,HEART,HEART
0,5,90283015805,10139044,HEART,HEART
0,5,90571015805,10953744,HEART,HEART
0,5,90222015805,10025626,HEART,HEART
0,5,90239015805,10027599,HEART,HEART
0,5,90252015805,10044337,HEART,HEART
0,5,90445015802,10589325,HEART,HEART
0,5,90265015805,10046119,HEART,HEART
0,5,90251015805,10044256,HEART,HEART
0,5,90422015805,10422463,HEART,HEART
0,5,90222015909,10025626,KIDNEY,KIDNEY
0,5,90571015909,10953744,KIDNEY,KIDNEY
0,5,90239015909,10027599,KIDNEY,KIDNEY
0,5,90445015909,10589325,KIDNEY,KIDNEY
0,5,90422015909,10422463,KIDNEY,KIDNEY
0,5,90217015909,10023259,KIDNEY,KIDNEY
0,5,90265015909,10046119,KIDNEY,KIDNEY
0,5,90258015909,10045228,KIDNEY,KIDNEY
0,5,90449015909,10641858,KIDNEY,KIDNEY
0,5,90252015909,10044337,KIDNEY,KIDNEY
0,5,90283015909,10139044,KIDNEY,KIDNEY
0,5,90251015909,10044256,KIDNEY,KIDNEY
0,5,90422016609,10422463,LUNG,LUNG
0,5,90283016609,10139044,LUNG,LUNG
0,5,90445016609,10589325,LUNG,LUNG
0,5,90571016609,10953744,LUNG,LUNG
0,5,90449016609,10641858,LUNG,LUNG
0,5,90252016609,10044337,LUNG,LUNG
0,5,90217016609,10023259,LUNG,LUNG
0,5,90265016609,10046119,LUNG,LUNG
0,5,90251016609,10044256,LUNG,LUNG
0,5,90239016609,10027599,LUNG,LUNG
0,5,90222016609,10025626,LUNG,LUNG
0,5,90258016609,10045228,LUNG,LUNG
0,5,90217016806,10023259,LIVER,LIVER
0,5,90449016806,10641858,LIVER,LIVER
0,5,90258016806,10045228,LIVER,LIVER
0,5,90283016806,10139044,LIVER,LIVER
0,5,90571016806,10953744,LIVER,LIVER
0,5,90222016806,10025626,LIVER,LIVER
0,5,90239016806,10027599,LIVER,LIVER
0,5,90252016806,10044337,LIVER,LIVER
0,5,90445016803,10589325,LIVER,LIVER
0,5,90265016806,10046119,LIVER,LIVER
0,5,90251016806,10044256,LIVER,LIVER
0,5,90422016806,10422463,LIVER,LIVER
0,5,90222017006,10025626,WAT-SC,WAT-SC
0,5,90258017006,10045228,WAT-SC,WAT-SC
0,5,90217017006,10023259,WAT-SC,WAT-SC
0,5,90251017006,10044256,WAT-SC,WAT-SC
0,5,90449017006,10641858,WAT-SC,WAT-SC
0,5,90239017006,10027599,WAT-SC,WAT-SC
0,5,90265017006,10046119,WAT-SC,SKM-GN
0,5,90252017006,10044337,WAT-SC,WAT-SC
0,5,90571017006,10953744,WAT-SC,WAT-SC
0,5,90422017006,10422463,WAT-SC,WAT-SC
0,5,90445017003,10589325,WAT-SC,WAT-SC
0,5,90283017006,10139044,WAT-SC,WAT-SC
0,8,90217015305,10023259,CORTEX,CORTEX
0,8,90283015305,10139044,CORTEX,CORTEX
0,8,90252015305,10044337,CORTEX,CORTEX
0,8,90571015305,10953744,CORTEX,CORTEX
0,8,90265015305,10046119,CORTEX,CORTEX
0,8,90445015305,10589325,CORTEX,CORTEX
0,8,90251015305,10044256,CORTEX,CORTEX
0,8,90449015305,10641858,CORTEX,CORTEX
0,8,90222015305,10025626,CORTEX,CORTEX
0,8,90258015305,10045228,CORTEX,CORTEX
0,8,90422015305,10422463,CORTEX,CORTEX
0,8,90239015305,10027599,CORTEX,CORTEX
0,8,90571015507,10953744,SKM-GN,SKM-GN
0,8,90251015507,10044256,SKM-GN,SKM-GN
0,8,90265015507,10046119,SKM-GN,SKM-GN
0,8,90283015507,10139044,SKM-GN,SKM-GN
0,8,90252015507,10044337,SKM-GN,SKM-GN
0,8,90445015503,10589325,SKM-GN,SKM-GN
0,8,90217015507,10023259,SKM-GN,SKM-GN
0,8,90222015507,10025626,SKM-GN,SKM-GN
0,8,90422015507,10422463,SKM-GN,SKM-GN
0,8,90449015507,10641858,SKM-GN,SKM-GN
0,8,90258015507,10045228,SKM-GN,SKM-GN
0,8,90239015507,10027599,SKM-GN,SKM-GN
0,8,90217015805,10023259,HEART,HEART
0,8,90449015805,10641858,HEART,HEART
0,8,90258015805,10045228,HEART,HEART
0,8,90283015805,10139044,HEART,HEART
0,8,90571015805,10953744,HEART,HEART
0,8,90222015805,10025626,HEART,HEART
0,8,90239015805,10027599,HEART,HEART
0,8,90252015805,10044337,HEART,HEART
0,8,90445015802,10589325,HEART,HEART
0,8,90265015805,10046119,HEART,HEART
0,8,90251015805,10044256,HEART,HEART
0,8,90422015805,10422463,HEART,HEART
0,8,90222015909,10025626,KIDNEY,KIDNEY
0,8,90571015909,10953744,KIDNEY,KIDNEY
0,8,90239015909,10027599,KIDNEY,KIDNEY
0,8,90445015909,10589325,KIDNEY,KIDNEY
0,8,90422015909,10422463,KIDNEY,KIDNEY
0,8,90217015909,10023259,KIDNEY,KIDNEY
0,8,90265015909,10046119,KIDNEY,KIDNEY
0,8,90258015909,10045228,KIDNEY,KIDNEY
0,8,90449015909,10641858,KIDNEY,KIDNEY
0,8,90252015909,10044337,KIDNEY,KIDNEY
0,8,90283015909,10139044,KIDNEY,KIDNEY
0,8,90251015909,10044256,KIDNEY,KIDNEY
0,8,90422016609,10422463,LUNG,LUNG
0,8,90283016609,10139044,LUNG,LUNG
0,8,90445016609,10589325,LUNG,LUNG
0,8,90571016609,10953744,LUNG,LUNG
0,8,90449016609,10641858,LUNG,LUNG
0,8,90252016609,10044337,LUNG,LUNG
0,8,90217016609,10023259,LUNG,LUNG
0,8,90265016609,10046119,LUNG,LUNG
0,8,90251016609,10044256,LUNG,LUNG
0,8,90239016609,10027599,LUNG,LUNG
0,8,90222016609,10025626,LUNG,LUNG
0,8,90258016609,10045228,LUNG,LUNG
0,8,90217016806,10023259,LIVER,LIVER
0,8,90449016806,10641858,LIVER,LIVER
0,8,90258016806,10045228,LIVER,LIVER
0,8,90283016806,10139044,LIVER,LIVER
0,8,90571016806,10953744,LIVER,LIVER
0,8,90222016806,10025626,LIVER,LIVER
0,8,90239016806,10027599,LIVER,LIVER
0,8,90252016806,10044337,LIVER,LIVER
0,8,90445016803,10589325,LIVER,LIVER
0,8,90265016806,10046119,LIVER,LIVER
0,8,90251016806,10044256,LIVER,LIVER
0,8,90422016806,10422463,LIVER,LIVER
0,8,90222017006,10025626,WAT-SC,WAT-SC
0,8,90258017006,10045228,WAT-SC,WAT-SC
0,8,90217017006,10023259,WAT-SC,WAT-SC
0,8,90251017006,10044256,WAT-SC,WAT-SC
0,8,90449017006,10641858,WAT-SC,WAT-SC
0,8,90239017006,10027599,WAT-SC,WAT-SC
0,8,90265017006,10046119,WAT-SC,WAT-SC
0,8,90252017006,10044337,WAT-SC,WAT-SC
0,8,90571017006,10953744,WAT-SC,WAT-SC
0,8,90422017006,10422463,WAT-SC,WAT-SC
0,8,90445017003,10589325,WAT-SC,WAT-SC
0,8,90283017006,10139044,WAT-SC,WAT-SC
0,10,90217015305,10023259,CORTEX,CORTEX
0,10,90283015305,10139044,CORTEX,CORTEX
0,10,90252015305,10044337,CORTEX,CORTEX
0,10,90571015305,10953744,CORTEX,CORTEX
0,10,90265015305,10046119,CORTEX,CORTEX
0,10,90445015305,10589325,CORTEX,CORTEX
0,10,90251015305,10044256,CORTEX,CORTEX
0,10,90449015305,10641858,CORTEX,CORTEX
0,10,90222015305,10025626,CORTEX,CORTEX
0,10,90258015305,10045228,CORTEX,CORTEX
0,10,90422015305,10422463,CORTEX,CORTEX
0,10,90239015305,10027599,CORTEX,CORTEX
0,10,90571015507,10953744,SKM-GN,SKM-GN
0,10,90251015507,10044256,SKM-GN,SKM-GN
0,10,90265015507,10046119,SKM-GN,SKM-GN
0,10,90283015507,10139044,SKM-GN,SKM-GN
0,10,90252015507,10044337,SKM-GN,SKM-GN
0,10,90445015503,10589325,SKM-GN,SKM-GN
0,10,90217015507,10023259,SKM-GN,SKM-GN
0,10,90222015507,10025626,SKM-GN,SKM-GN
0,10,90422015507,10422463,SKM-GN,SKM-GN
0,10,90449015507,10641858,SKM-GN,SKM-GN
0,10,90258015507,10045228,SKM-GN,SKM-GN
0,10,90239015507,10027599,SKM-GN,SKM-GN
0,10,90217015805,10023259,HEART,HEART
0,10,90449015805,10641858,HEART,HEART
0,10,90258015805,10045228,HEART,HEART
0,10,90283015805,10139044,HEART,HEART
0,10,90571015805,10953744,HEART,HEART
0,10,90222015805,10025626,HEART,HEART
0,10,90239015805,10027599,HEART,HEART
0,10,90252015805,10044337,HEART,HEART
0,10,90445015802,10589325,HEART,HEART
0,10,90265015805,10046119,HEART,HEART
0,10,90251015805,10044256,HEART,HEART
0,10,90422015805,10422463,HEART,HEART
0,10,90222015909,10025626,KIDNEY,KIDNEY
0,10,90571015909,10953744,KIDNEY,KIDNEY
0,10,90239015909,10027599,KIDNEY,KIDNEY
0,10,90445015909,10589325,KIDNEY,KIDNEY
0,10,90422015909,10422463,KIDNEY,KIDNEY
0,10,90217015909,10023259,KIDNEY,KIDNEY
0,10,90265015909,10046119,KIDNEY,KIDNEY
0,10,90258015909,10045228,KIDNEY,KIDNEY
0,10,90449015909,10641858,KIDNEY,KIDNEY
0,10,90252015909,10044337,KIDNEY,KIDNEY
0,10,90283015909,10139044,KIDNEY,KIDNEY
0,10,90251015909,10044256,KIDNEY,KIDNEY
0,10,90422016609,10422463,LUNG,LUNG
0,10,90283016609,10139044,LUNG,LUNG
0,10,90445016609,10589325,LUNG,LUNG
0,10,90571016609,10953744,LUNG,LUNG
0,10,90449016609,10641858,LUNG,LUNG
0,10,90252016609,10044337,LUNG,LUNG
0,10,90217016609,10023259,LUNG,LUNG
0,10,90265016609,10046119,LUNG,LUNG
0,10,90251016609,10044256,LUNG,LUNG
0,10,90239016609,10027599,LUNG,LUNG
0,10,90222016609,10025626,LUNG,LUNG
0,10,90258016609,10045228,LUNG,LUNG
0,10,90217016806,10023259,LIVER,LIVER
0,10,90449016806,10641858,LIVER,LIVER
0,10,90258016806,10045228,LIVER,LIVER
0,10,90283016806,10139044,LIVER,LIVER
0,10,90571016806,10953744,LIVER,LIVER
0,10,90222016806,10025626,LIVER,LIVER
0,10,90239016806,10027599,LIVER,LIVER
0,10,90252016806,10044337,LIVER,LIVER
0,10,90445016803,10589325,LIVER,LIVER
0,10,90265016806,10046119,LIVER,LIVER
0,10,90251016806,10044256,LIVER,LIVER
0,10,90422016806,10422463,LIVER,LIVER
0,10,90222017006,10025626,WAT-SC,WAT-SC
0,10,90258017006,10045228,WAT-SC,WAT-SC
0,10,90217017006,10023259,WAT-SC,WAT-SC
0,10,90251017006,10044256,WAT-SC,WAT-SC
0,10,90449017006,10641858,WAT-SC,WAT-SC
0,10,90239017006,10027599,WAT-SC,WAT-SC
0,10,90265017006,10046119,WAT-SC,WAT-SC
0,10,90252017006,10044337,WAT-SC,WAT-SC
0,10,90571017006,10953744,WAT-SC,WAT-SC
0,10,90422017006,10422463,WAT-SC,WAT-SC
0,10,90445017003,10589325,WAT-SC,WAT-SC
0,10,90283017006,10139044,WAT-SC,WAT-SC
0,15,90217015305,10023259,CORTEX,CORTEX
0,15,90283015305,10139044,CORTEX,CORTEX
0,15,90252015305,10044337,CORTEX,CORTEX
0,15,90571015305,10953744,CORTEX,CORTEX
0,15,90265015305,10046119,CORTEX,CORTEX
0,15,90445015305,10589325,CORTEX,CORTEX
0,15,90251015305,10044256,CORTEX,CORTEX
0,15,90449015305,10641858,CORTEX,CORTEX
0,15,90222015305,10025626,CORTEX,CORTEX
0,15,90258015305,10045228,CORTEX,CORTEX
0,15,90422015305,10422463,CORTEX,CORTEX
0,15,90239015305,10027599,CORTEX,CORTEX
0,15,90571015507,10953744,SKM-GN,SKM-GN
0,15,90251015507,10044256,SKM-GN,SKM-GN
0,15,90265015507,10046119,SKM-GN,SKM-GN
0,15,90283015507,10139044,SKM-GN,SKM-GN
0,15,90252015507,10044337,SKM-GN,SKM-GN
0,15,90445015503,10589325,SKM-GN,SKM-GN
0,15,90217015507,10023259,SKM-GN,SKM-GN
0,15,90222015507,10025626,SKM-GN,SKM-GN
0,15,90422015507,10422463,SKM-GN,SKM-GN
0,15,90449015507,10641858,SKM-GN,SKM-GN
0,15,90258015507,10045228,SKM-GN,SKM-GN
0,15,90239015507,10027599,SKM-GN,SKM-GN
0,15,90217015805,10023259,HEART,HEART
0,15,90449015805,10641858,HEART,HEART
0,15,90258015805,10045228,HEART,HEART
0,15,90283015805,10139044,HEART,HEART
0,15,90571015805,10953744,HEART,HEART
0,15,90222015805,10025626,HEART,HEART
0,15,90239015805,10027599,HEART,HEART
0,15,90252015805,10044337,HEART,HEART
0,15,90445015802,10589325,HEART,HEART
0,15,90265015805,10046119,HEART,HEART
0,15,90251015805,10044256,HEART,HEART
0,15,90422015805,10422463,HEART,HEART
0,15,90222015909,10025626,KIDNEY,KIDNEY
0,15,90571015909,10953744,KIDNEY,KIDNEY
0,15,90239015909,10027599,KIDNEY,KIDNEY
0,15,90445015909,10589325,KIDNEY,KIDNEY
0,15,90422015909,10422463,KIDNEY,KIDNEY
0,15,90217015909,10023259,KIDNEY,KIDNEY
0,15,90265015909,10046119,KIDNEY,KIDNEY
0,15,90258015909,10045228,KIDNEY,KIDNEY
0,15,90449015909,10641858,KIDNEY,KIDNEY
0,15,90252015909,10044337,KIDNEY,KIDNEY
0,15,90283015909,10139044,KIDNEY,KIDNEY
0,15,90251015909,10044256,KIDNEY,KIDNEY
0,15,90422016609,10422463,LUNG,LUNG
0,15,90283016609,10139044,LUNG,LUNG
0,15,90445016609,10589325,LUNG,LUNG
0,15,90571016609,10953744,LUNG,LUNG
0,15,90449016609,10641858,LUNG,LUNG
0,15,90252016609,10044337,LUNG,LUNG
0,15,90217016609,10023259,LUNG,LUNG
0,15,90265016609,10046119,LUNG,LUNG
0,15,90251016609,10044256,LUNG,LUNG
0,15,90239016609,10027599,LUNG,LUNG
0,15,90222016609,10025626,LUNG,LUNG
0,15,90258016609,10045228,LUNG,LUNG
0,15,90217016806,10023259,LIVER,LIVER
0,15,90449016806,10641858,LIVER,LIVER
0,15,90258016806,10045228,LIVER,LIVER
0,15,90283016806,10139044,LIVER,LIVER
0,15,90571016806,10953744,LIVER,LIVER
0,15,90222016806,10025626,LIVER,LIVER
0,15,90239016806,10027599,LIVER,LIVER
0,15,90252016806,10044337,LIVER,LIVER
0,15,90445016803,10589325,LIVER,LIVER
0,15,90265016806,10046119,LIVER,LIVER
0,15,90251016806,10044256,LIVER,LIVER
0,15,90422016806,10422463,LIVER,LIVER
0,15,90222017006,10025626,WAT-SC,WAT-SC
0,15,90258017006,10045228,WAT-SC,WAT-SC
0,15,90217017006,10023259,WAT-SC,WAT-SC
0,15,90251017006,10044256,WAT-SC,WAT-SC
0,15,90449017006,10641858,WAT-SC,WAT-SC
0,15,90239017006,10027599,WAT-SC,WAT-SC
0,15,90265017006,10046119,WAT-SC,WAT-SC
0,15,90252017006,10044337,WAT-SC,WAT-SC
0,15,90571017006,10953744,WAT-SC,WAT-SC
0,15,90422017006,10422463,WAT-SC,WAT-SC
0,15,90445017003,10589325,WAT-SC,WAT-SC
0,15,90283017006,10139044,WAT-SC,WAT-SC
0,20,90217015305,10023259,CORTEX,CORTEX
0,20,90283015305,10139044,CORTEX,CORTEX
0,20,90252015305,10044337,CORTEX,CORTEX
0,20,90571015305,10953744,CORTEX,CORTEX
0,20,90265015305,10046119,CORTEX,CORTEX
0,20,90445015305,10589325,CORTEX,CORTEX
0,20,90251015305,10044256,CORTEX,CORTEX
0,20,90449015305,10641858,CORTEX,CORTEX
0,20,90222015305,10025626,CORTEX,CORTEX
0,20,90258015305,10045228,CORTEX,CORTEX
0,20,90422015305,10422463,CORTEX,CORTEX
0,20,90239015305,10027599,CORTEX,CORTEX
0,20,90571015507,10953744,SKM-GN,SKM-GN
0,20,90251015507,10044256,SKM-GN,SKM-GN
0,20,90265015507,10046119,SKM-GN,SKM-GN
0,20,90283015507,10139044,SKM-GN,SKM-GN
0,20,90252015507,10044337,SKM-GN,SKM-GN
0,20,90445015503,10589325,SKM-GN,SKM-GN
0,20,90217015507,10023259,SKM-GN,SKM-GN
0,20,90222015507,10025626,SKM-GN,SKM-GN
0,20,90422015507,10422463,SKM-GN,SKM-GN
0,20,90449015507,10641858,SKM-GN,SKM-GN
0,20,90258015507,10045228,SKM-GN,SKM-GN
0,20,90239015507,10027599,SKM-GN,SKM-GN
0,20,90217015805,10023259,HEART,HEART
0,20,90449015805,10641858,HEART,HEART
0,20,90258015805,10045228,HEART,HEART
0,20,90283015805,10139044,HEART,HEART
0,20,90571015805,10953744,HEART,HEART
0,20,90222015805,10025626,HEART,HEART
0,20,90239015805,10027599,HEART,HEART
0,20,90252015805,10044337,HEART,HEART
0,20,90445015802,10589325,HEART,HEART
0,20,90265015805,10046119,HEART,HEART
0,20,90251015805,10044256,HEART,HEART
0,20,90422015805,10422463,HEART,HEART
0,20,90222015909,10025626,KIDNEY,KIDNEY
0,20,90571015909,10953744,KIDNEY,KIDNEY
0,20,90239015909,10027599,KIDNEY,KIDNEY
0,20,90445015909,10589325,KIDNEY,KIDNEY
0,20,90422015909,10422463,KIDNEY,KIDNEY
0,20,90217015909,10023259,KIDNEY,KIDNEY
0,20,90265015909,10046119,KIDNEY,KIDNEY
0,20,90258015909,10045228,KIDNEY,KIDNEY
0,20,90449015909,10641858,KIDNEY,KIDNEY
0,20,90252015909,10044337,KIDNEY,KIDNEY
0,20,90283015909,10139044,KIDNEY,KIDNEY
0,20,90251015909,10044256,KIDNEY,KIDNEY
0,20,90422016609,10422463,LUNG,LUNG
0,20,90283016609,10139044,LUNG,LUNG
0,20,90445016609,10589325,LUNG,LUNG
0,20,90571016609,10953744,LUNG,LUNG
0,20,90449016609,10641858,LUNG,LUNG
0,20,90252016609,10044337,LUNG,LUNG
0,20,90217016609,10023259,LUNG,LUNG
0,20,90265016609,10046119,LUNG,LUNG
0,20,90251016609,10044256,LUNG,LUNG
0,20,90239016609,10027599,LUNG,LUNG
0,20,90222016609,10025626,LUNG,LUNG
0,20,90258016609,10045228,LUNG,LUNG
0,20,90217016806,10023259,LIVER,LIVER
0,20,90449016806,10641858,LIVER,LIVER
0,20,90258016806,10045228,LIVER,LIVER
0,20,90283016806,10139044,LIVER,LIVER
0,20,90571016806,10953744,LIVER,LIVER
0,20,90222016806,10025626,LIVER,LIVER
0,20,90239016806,10027599,LIVER,LIVER
0,20,90252016806,10044337,LIVER,LIVER
0,20,90445016803,10589325,LIVER,LIVER
0,20,90265016806,10046119,LIVER,LIVER
0,20,90251016806,10044256,LIVER,LIVER
0,20,90422016806,10422463,LIVER,LIVER
0,20,90222017006,10025626,WAT-SC,WAT-SC
0,20,90258017006,10045228,WAT-SC,WAT-SC
0,20,90217017006,10023259,WAT-SC,WAT-SC
0,20,90251017006,10044256,WAT-SC,WAT-SC
0,20,90449017006,10641858,WAT-SC,WAT-SC
0,20,90239017006,10027599,WAT-SC,WAT-SC
0,20,90265017006,10046119,WAT-SC,WAT-SC
0,20,90252017006,10044337,WAT-SC,WAT-SC
0,20,90571017006,10953744,WAT-SC,WAT-SC
0,20,90422017006,10422463,WAT-SC,WAT-SC
0,20,90445017003,10589325,WAT-SC,WAT-SC
0,20,90283017006,10139044,WAT-SC,WAT-SC
0,30,90217015305,10023259,CORTEX,CORTEX
0,30,90283015305,10139044,CORTEX,CORTEX
0,30,90252015305,10044337,CORTEX,CORTEX
0,30,90571015305,10953744,CORTEX,CORTEX
0,30,90265015305,10046119,CORTEX,CORTEX
0,30,90445015305,10589325,CORTEX,CORTEX
0,30,90251015305,10044256,CORTEX,CORTEX
0,30,90449015305,10641858,CORTEX,CORTEX
0,30,90222015305,10025626,CORTEX,CORTEX
0,30,90258015305,10045228,CORTEX,CORTEX
0,30,90422015305,10422463,CORTEX,CORTEX
0,30,90239015305,10027599,CORTEX,CORTEX
0,30,90571015507,10953744,SKM-GN,SKM-GN
0,30,90251015507,10044256,SKM-GN,SKM-GN
0,30,90265015507,10046119,SKM-GN,SKM-GN
0,30,90283015507,10139044,SKM-GN,SKM-GN
0,30,90252015507,10044337,SKM-GN,SKM-GN
0,30,90445015503,10589325,SKM-GN,SKM-GN
0,30,90217015507,10023259,SKM-GN,SKM-GN
0,30,90222015507,10025626,SKM-GN,SKM-GN
0,30,90422015507,10422463,SKM-GN,SKM-GN
0,30,90449015507,10641858,SKM-GN,SKM-GN
0,30,90258015507,10045228,SKM-GN,SKM-GN
0,30,90239015507,10027599,SKM-GN,SKM-GN
0,30,90217015805,10023259,HEART,HEART
0,30,90449015805,10641858,HEART,HEART
0,30,90258015805,10045228,HEART,HEART
0,30,90283015805,10139044,HEART,HEART
0,30,90571015805,10953744,HEART,HEART
0,30,90222015805,10025626,HEART,HEART
0,30,90239015805,10027599,HEART,HEART
0,30,90252015805,10044337,HEART,HEART
0,30,90445015802,10589325,HEART,HEART
0,30,90265015805,10046119,HEART,HEART
0,30,90251015805,10044256,HEART,HEART
0,30,90422015805,10422463,HEART,HEART
0,30,90222015909,10025626,KIDNEY,KIDNEY
0,30,90571015909,10953744,KIDNEY,KIDNEY
0,30,90239015909,10027599,KIDNEY,KIDNEY
0,30,90445015909,10589325,KIDNEY,KIDNEY
0,30,90422015909,10422463,KIDNEY,KIDNEY
0,30,90217015909,10023259,KIDNEY,KIDNEY
0,30,90265015909,10046119,KIDNEY,KIDNEY
0,30,90258015909,10045228,KIDNEY,KIDNEY
0,30,90449015909,10641858,KIDNEY,KIDNEY
0,30,90252015909,10044337,KIDNEY,KIDNEY
0,30,90283015909,10139044,KIDNEY,KIDNEY
0,30,90251015909,10044256,KIDNEY,KIDNEY
0,30,90422016609,10422463,LUNG,LUNG
0,30,90283016609,10139044,LUNG,LUNG
0,30,90445016609,10589325,LUNG,LUNG
0,30,90571016609,10953744,LUNG,LUNG
0,30,90449016609,10641858,LUNG,LUNG
0,30,90252016609,10044337,LUNG,LUNG
0,30,90217016609,10023259,LUNG,LUNG
0,30,90265016609,10046119,LUNG,LUNG
0,30,90251016609,10044256,LUNG,LUNG
0,30,90239016609,10027599,LUNG,LUNG
0,30,90222016609,10025626,LUNG,LUNG
0,30,90258016609,10045228,LUNG,LUNG
0,30,90217016806,10023259,LIVER,LIVER
0,30,90449016806,10641858,LIVER,LIVER
0,30,90258016806,10045228,LIVER,LIVER
0,30,90283016806,10139044,LIVER,LIVER
0,30,90571016806,10953744,LIVER,LIVER
0,30,90222016806,10025626,LIVER,LIVER
0,30,90239016806,10027599,LIVER,LIVER
0,30,90252016806,10044337,LIVER,LIVER
0,30,90445016803,10589325,LIVER,LIVER
0,30,90265016806,10046119,LIVER,LIVER
0,30,90251016806,10044256,LIVER,LIVER
0,30,90422016806,10422463,LIVER,LIVER
0,30,90222017006,10025626,WAT-SC,WAT-SC
0,30,90258017006,10045228,WAT-SC,WAT-SC
0,30,90217017006,10023259,WAT-SC,WAT-SC
0,30,90251017006,10044256,WAT-SC,WAT-SC
0,30,90449017006,10641858,WAT-SC,WAT-SC
0,30,90239017006,10027599,WAT-SC,WAT-SC
0,30,90265017006,10046119,WAT-SC,WAT-SC
0,30,90252017006,10044337,WAT-SC,WAT-SC
0,30,90571017006,10953744,WAT-SC,WAT-SC
0,30,90422017006,10422463,WAT-SC,WAT-SC
0,30,90445017003,10589325,WAT-SC,WAT-SC
0,30,90283017006,10139044,WAT-SC,WAT-SC
0,50,90217015305,10023259,CORTEX,CORTEX
0,50,90283015305,10139044,CORTEX,CORTEX
0,50,90252015305,10044337,CORTEX,CORTEX
0,50,90571015305,10953744,CORTEX,CORTEX
0,50,90265015305,10046119,CORTEX,CORTEX
0,50,90445015305,10589325,CORTEX,CORTEX
0,50,90251015305,10044256,CORTEX,CORTEX
0,50,90449015305,10641858,CORTEX,CORTEX
0,50,90222015305,10025626,CORTEX,CORTEX
0,50,90258015305,10045228,CORTEX,CORTEX
0,50,90422015305,10422463,CORTEX,CORTEX
0,50,90239015305,10027599,CORTEX,CORTEX
0,50,90571015507,10953744,SKM-GN,SKM-GN
0,50,90251015507,10044256,SKM-GN,SKM-GN
0,50,90265015507,10046119,SKM-GN,SKM-GN
0,50,90283015507,10139044,SKM-GN,SKM-GN
0,50,90252015507,10044337,SKM-GN,SKM-GN
0,50,90445015503,10589325,SKM-GN,SKM-GN
0,50,90217015507,10023259,SKM-GN,SKM-GN
0,50,90222015507,10025626,SKM-GN,SKM-GN
0,50,90422015507,10422463,SKM-GN,SKM-GN
0,50,90449015507,10641858,SKM-GN,SKM-GN
0,50,90258015507,10045228,SKM-GN,SKM-GN
0,50,90239015507,10027599,SKM-GN,SKM-GN
0,50,90217015805,10023259,HEART,HEART
0,50,90449015805,10641858,HEART,HEART
0,50,90258015805,10045228,HEART,HEART
0,50,90283015805,10139044,HEART,HEART
0,50,90571015805,10953744,HEART,HEART
0,50,90222015805,10025626,HEART,HEART
0,50,90239015805,10027599,HEART,HEART
0,50,90252015805,10044337,HEART,HEART
0,50,90445015802,10589325,HEART,HEART
0,50,90265015805,10046119,HEART,HEART
0,50,90251015805,10044256,HEART,HEART
0,50,90422015805,10422463,HEART,HEART
0,50,90222015909,10025626,KIDNEY,KIDNEY
0,50,90571015909,10953744,KIDNEY,KIDNEY
0,50,90239015909,10027599,KIDNEY,KIDNEY
0,50,90445015909,10589325,KIDNEY,KIDNEY
0,50,90422015909,10422463,KIDNEY,KIDNEY
0,50,90217015909,10023259,KIDNEY,KIDNEY
0,50,90265015909,10046119,KIDNEY,KIDNEY
0,50,90258015909,10045228,KIDNEY,KIDNEY
0,50,90449015909,10641858,KIDNEY,KIDNEY
0,50,90252015909,10044337,KIDNEY,KIDNEY
0,50,90283015909,10139044,KIDNEY,KIDNEY
0,50,90251015909,10044256,KIDNEY,KIDNEY
0,50,90422016609,10422463,LUNG,LUNG
0,50,90283016609,10139044,LUNG,LUNG
0,50,90445016609,10589325,LUNG,LUNG
0,50,90571016609,10953744,LUNG,LUNG
0,50,90449016609,10641858,LUNG,LUNG
0,50,90252016609,10044337,LUNG,LUNG
0,50,90217016609,10023259,LUNG,LUNG
0,50,90265016609,10046119,LUNG,LUNG
0,50,90251016609,10044256,LUNG,LUNG
0,50,90239016609,10027599,LUNG,LUNG
0,50,90222016609,10025626,LUNG,LUNG
0,50,90258016609,10045228,LUNG,LUNG
0,50,90217016806,10023259,LIVER,LIVER
0,50,90449016806,10641858,LIVER,LIVER
0,50,90258016806,10045228,LIVER,LIVER
0,50,90283016806,10139044,LIVER,LIVER
0,50,90571016806,10953744,LIVER,LIVER
0,50,90222016806,10025626,LIVER,LIVER
0,50,90239016806,10027599,LIVER,LIVER
0,50,90252016806,10044337,LIVER,LIVER
0,50,90445016803,10589325,LIVER,LIVER
0,50,90265016806,10046119,LIVER,LIVER
0,50,90251016806,10044256,LIVER,LIVER
0,50,90422016806,10422463,LIVER,LIVER
0,50,90222017006,10025626,WAT-SC,WAT-SC
0,50,90258017006,10045228,WAT-SC,WAT-SC
0,50,90217017006,10023259,WAT-SC,WAT-SC
0,50,90251017006,10044256,WAT-SC,WAT-SC
0,50,90449017006,10641858,WAT-SC,WAT-SC
0,50,90239017006,10027599,WAT-SC,WAT-SC
0,50,90265017006,10046119,WAT-SC,WAT-SC
0,50,90252017006,10044337,WAT-SC,WAT-SC
0,50,90571017006,10953744,WAT-SC,WAT-SC
0,50,90422017006,10422463,WAT-SC,WAT-SC
0,50,90445017003,10589325,WAT-SC,WAT-SC
0,50,90283017006,10139044,WAT-SC,WAT-SC
0,100,90217015305,10023259,CORTEX,CORTEX
0,100,90283015305,10139044,CORTEX,CORTEX
0,100,90252015305,10044337,CORTEX,CORTEX
0,100,90571015305,10953744,CORTEX,CORTEX
0,100,90265015305,10046119,CORTEX,CORTEX
0,100,90445015305,10589325,CORTEX,CORTEX
0,100,90251015305,10044256,CORTEX,CORTEX
0,100,90449015305,10641858,CORTEX,CORTEX
0,100,90222015305,10025626,CORTEX,CORTEX
0,100,90258015305,10045228,CORTEX,CORTEX
0,100,90422015305,10422463,CORTEX,CORTEX
0,100,90239015305,10027599,CORTEX,CORTEX
0,100,90571015507,10953744,SKM-GN,SKM-GN
0,100,90251015507,10044256,SKM-GN,SKM-GN
0,100,90265015507,10046119,SKM-GN,SKM-GN
0,100,90283015507,10139044,SKM-GN,SKM-GN
0,100,90252015507,10044337,SKM-GN,SKM-GN
0,100,90445015503,10589325,SKM-GN,SKM-GN
0,100,90217015507,10023259,SKM-GN,SKM-GN
0,100,90222015507,10025626,SKM-GN,SKM-GN
0,100,90422015507,10422463,SKM-GN,SKM-GN
0,100,90449015507,10641858,SKM-GN,SKM-GN
0,100,90258015507,10045228,SKM-GN,SKM-GN
0,100,90239015507,10027599,SKM-GN,SKM-GN
0,100,90217015805,10023259,HEART,HEART
0,100,90449015805,10641858,HEART,HEART
0,100,90258015805,10045228,HEART,HEART
0,100,90283015805,10139044,HEART,HEART
0,100,90571015805,10953744,HEART,HEART
0,100,90222015805,10025626,HEART,HEART
0,100,90239015805,10027599,HEART,HEART
0,100,90252015805,10044337,HEART,HEART
0,100,90445015802,10589325,HEART,HEART
0,100,90265015805,10046119,HEART,HEART
0,100,90251015805,10044256,HEART,HEART
0,100,90422015805,10422463,HEART,HEART
0,100,90222015909,10025626,KIDNEY,KIDNEY
0,100,90571015909,10953744,KIDNEY,KIDNEY
0,100,90239015909,10027599,KIDNEY,KIDNEY
0,100,90445015909,10589325,KIDNEY,KIDNEY
0,100,90422015909,10422463,KIDNEY,KIDNEY
0,100,90217015909,10023259,KIDNEY,KIDNEY
0,100,90265015909,10046119,KIDNEY,KIDNEY
0,100,90258015909,10045228,KIDNEY,KIDNEY
0,100,90449015909,10641858,KIDNEY,KIDNEY
0,100,90252015909,10044337,KIDNEY,KIDNEY
0,100,90283015909,10139044,KIDNEY,KIDNEY
0,100,90251015909,10044256,KIDNEY,KIDNEY
0,100,90422016609,10422463,LUNG,LUNG
0,100,90283016609,10139044,LUNG,LUNG
0,100,90445016609,10589325,LUNG,LUNG
0,100,90571016609,10953744,LUNG,LUNG
0,100,90449016609,10641858,LUNG,LUNG
0,100,90252016609,10044337,LUNG,LUNG
0,100,90217016609,10023259,LUNG,LUNG
0,100,90265016609,10046119,LUNG,LUNG
0,100,90251016609,10044256,LUNG,LUNG
0,100,90239016609,10027599,LUNG,LUNG
0,100,90222016609,10025626,LUNG,LUNG
0,100,90258016609,10045228,LUNG,LUNG
0,100,90217016806,10023259,LIVER,LIVER
0,100,90449016806,10641858,LIVER,LIVER
0,100,90258016806,10045228,LIVER,LIVER
0,100,90283016806,10139044,LIVER,LIVER
0,100,90571016806,10953744,LIVER,LIVER
0,100,90222016806,10025626,LIVER,LIVER
0,100,90239016806,10027599,LIVER,LIVER
0,100,90252016806,10044337,LIVER,LIVER
0,100,90445016803,10589325,LIVER,LIVER
0,100,90265016806,10046119,LIVER,LIVER
0,100,90251016806,10044256,LIVER,LIVER
0,100,90422016806,10422463,LIVER,LIVER
0,100,90222017006,10025626,WAT-SC,WAT-SC
0,100,90258017006,10045228,WAT-SC,WAT-SC
0,100,90217017006,10023259,WAT-SC,WAT-SC
0,100,90251017006,10044256,WAT-SC,WAT-SC
0,100,90449017006,10641858,WAT-SC,WAT-SC
0,100,90239017006,10027599,WAT-SC,WAT-SC
0,100,90265017006,10046119,WAT-SC,WAT-SC
0,100,90252017006,10044337,WAT-SC,WAT-SC
0,100,90571017006,10953744,WAT-SC,WAT-SC
0,100,90422017006,10422463,WAT-SC,WAT-SC
0,100,90445017003,10589325,WAT-SC,WAT-SC
0,100,90283017006,10139044,WAT-SC,WAT-SC
1,1,90225015305,10025979,CORTEX,CORTEX
1,1,90408015305,10314733,CORTEX,CORTEX
1,1,90567015305,10901434,CORTEX,CORTEX
1,1,90587015305,10971645,CORTEX,CORTEX
1,1,90569015305,10934529,CORTEX,CORTEX
1,1,90410015305,10335064,CORTEX,CORTEX
1,1,90227015305,10026193,CORTEX,CORTEX
1,1,90292015305,10220917,CORTEX,CORTEX
1,1,90450015305,10672656,CORTEX,CORTEX
1,1,90237015305,10027327,CORTEX,CORTEX
1,1,90256015305,10044922,CORTEX,CORTEX
1,1,90223015305,10025707,CORTEX,CORTEX
1,1,90227015507,10026193,SKM-GN,WAT-SC
1,1,90450015507,10672656,SKM-GN,WAT-SC
1,1,90256015503,10044922,SKM-GN,WAT-SC
1,1,90237015507,10027327,SKM-GN,WAT-SC
1,1,90410015507,10335064,SKM-GN,WAT-SC
1,1,90223015507,10025707,SKM-GN,WAT-SC
1,1,90567015507,10901434,SKM-GN,WAT-SC
1,1,90292015507,10220917,SKM-GN,WAT-SC
1,1,90569015503,10934529,SKM-GN,WAT-SC
1,1,90408015503,10314733,SKM-GN,KIDNEY
1,1,90225015513,10025979,SKM-GN,KIDNEY
1,1,90587015507,10971645,SKM-GN,WAT-SC
1,1,90237015805,10027327,HEART,HEART
1,1,90223015805,10025707,HEART,HEART
1,1,90587015805,10971645,HEART,HEART
1,1,90256015802,10044922,HEART,HEART
1,1,90227015805,10026193,HEART,LUNG
1,1,90567015805,10901434,HEART,HEART
1,1,90292015805,10220917,HEART,HEART
1,1,90410015805,10335064,HEART,HEART
1,1,90569015802,10934529,HEART,HEART
1,1,90450015805,10672656,HEART,LIVER
1,1,90408015802,10314733,HEART,HEART
1,1,90225015805,10025979,HEART,LIVER
1,1,90450015909,10672656,KIDNEY,KIDNEY
1,1,90227015909,10026193,KIDNEY,WAT-SC
1,1,90569015909,10934529,KIDNEY,WAT-SC
1,1,90410015909,10335064,KIDNEY,WAT-SC
1,1,90408015909,10314733,KIDNEY,KIDNEY
1,1,90223015909,10025707,KIDNEY,KIDNEY
1,1,90256015909,10044922,KIDNEY,KIDNEY
1,1,90587015909,10971645,KIDNEY,KIDNEY
1,1,90225015909,10025979,KIDNEY,KIDNEY
1,1,90237015909,10027327,KIDNEY,HEART
1,1,90292015909,10220917,KIDNEY,HEART
1,1,90567015909,10901434,KIDNEY,HEART
1,1,90223016609,10025707,LUNG,KIDNEY
1,1,90256016609,10044922,LUNG,WAT-SC
1,1,90567016609,10901434,LUNG,KIDNEY
1,1,90292016609,10220917,LUNG,KIDNEY
1,1,90408016609,10314733,LUNG,LIVER
1,1,90227016609,10026193,LUNG,HEART
1,1,90569016609,10934529,LUNG,KIDNEY
1,1,90225016609,10025979,LUNG,KIDNEY
1,1,90450016609,10672656,LUNG,HEART
1,1,90410016609,10335064,LUNG,HEART
1,1,90587016609,10971645,LUNG,HEART
1,1,90237016609,10027327,LUNG,HEART
1,1,90237016806,10027327,LIVER,WAT-SC
1,1,90223016806,10025707,LIVER,WAT-SC
1,1,90587016806,10971645,LIVER,LIVER
1,1,90256016803,10044922,LIVER,WAT-SC
1,1,90227016806,10026193,LIVER,WAT-SC
1,1,90567016806,10901434,LIVER,WAT-SC
1,1,90292016806,10220917,LIVER,WAT-SC
1,1,90410016806,10335064,LIVER,WAT-SC
1,1,90569016803,10934529,LIVER,WAT-SC
1,1,90450016806,10672656,LIVER,KIDNEY
1,1,90408016803,10314733,LIVER,KIDNEY
1,1,90225016806,10025979,LIVER,KIDNEY
1,1,90410017006,10335064,WAT-SC,HEART
1,1,90587017006,10971645,WAT-SC,HEART
1,1,90227017006,10026193,WAT-SC,KIDNEY
1,1,90223017006,10025707,WAT-SC,HEART
1,1,90569017003,10934529,WAT-SC,HEART
1,1,90408017003,10314733,WAT-SC,HEART
1,1,90450017006,10672656,WAT-SC,WAT-SC
1,1,90225017006,10025979,WAT-SC,KIDNEY
1,1,90256017003,10044922,WAT-SC,HEART
1,1,90567017006,10901434,WAT-SC,LIVER
1,1,90292017006,10220917,WAT-SC,KIDNEY
1,1,90237017006,10027327,WAT-SC,SKM-GN
1,2,90225015305,10025979,CORTEX,CORTEX
1,2,90408015305,10314733,CORTEX,CORTEX
1,2,90567015305,10901434,CORTEX,CORTEX
1,2,90587015305,10971645,CORTEX,CORTEX
1,2,90569015305,10934529,CORTEX,CORTEX
1,2,90410015305,10335064,CORTEX,CORTEX
1,2,90227015305,10026193,CORTEX,CORTEX
1,2,90292015305,10220917,CORTEX,CORTEX
1,2,90450015305,10672656,CORTEX,CORTEX
1,2,90237015305,10027327,CORTEX,CORTEX
1,2,90256015305,10044922,CORTEX,CORTEX
1,2,90223015305,10025707,CORTEX,CORTEX
1,2,90227015507,10026193,SKM-GN,WAT-SC
1,2,90450015507,10672656,SKM-GN,WAT-SC
1,2,90256015503,10044922,SKM-GN,WAT-SC
1,2,90237015507,10027327,SKM-GN,WAT-SC
1,2,90410015507,10335064,SKM-GN,WAT-SC
1,2,90223015507,10025707,SKM-GN,WAT-SC
1,2,90567015507,10901434,SKM-GN,WAT-SC
1,2,90292015507,10220917,SKM-GN,WAT-SC
1,2,90569015503,10934529,SKM-GN,WAT-SC
1,2,90408015503,10314733,SKM-GN,KIDNEY
1,2,90225015513,10025979,SKM-GN,KIDNEY
1,2,90587015507,10971645,SKM-GN,HEART
1,2,90237015805,10027327,HEART,HEART
1,2,90223015805,10025707,HEART,HEART
1,2,90587015805,10971645,HEART,HEART
1,2,90256015802,10044922,HEART,HEART
1,2,90227015805,10026193,HEART,HEART
1,2,90567015805,10901434,HEART,HEART
1,2,90292015805,10220917,HEART,HEART
1,2,90410015805,10335064,HEART,HEART
1,2,90569015802,10934529,HEART,HEART
1,2,90450015805,10672656,HEART,HEART
1,2,90408015802,10314733,HEART,HEART
1,2,90225015805,10025979,HEART,HEART
1,2,90450015909,10672656,KIDNEY,KIDNEY
1,2,90227015909,10026193,KIDNEY,WAT-SC
1,2,90569015909,10934529,KIDNEY,WAT-SC
1,2,90410015909,10335064,KIDNEY,WAT-SC
1,2,90408015909,10314733,KIDNEY,KIDNEY
1,2,90223015909,10025707,KIDNEY,KIDNEY
1,2,90256015909,10044922,KIDNEY,KIDNEY
1,2,90587015909,10971645,KIDNEY,SKM-GN
1,2,90225015909,10025979,KIDNEY,SKM-GN
1,2,90237015909,10027327,KIDNEY,WAT-SC
1,2,90292015909,10220917,KIDNEY,WAT-SC
1,2,90567015909,10901434,KIDNEY,WAT-SC
1,2,90223016609,10025707,LUNG,LUNG
1,2,90256016609,10044922,LUNG,WAT-SC
1,2,90567016609,10901434,LUNG,KIDNEY
1,2,90292016609,10220917,LUNG,KIDNEY
1,2,90408016609,10314733,LUNG,LIVER
1,2,90227016609,10026193,LUNG,WAT-SC
1,2,90569016609,10934529,LUNG,KIDNEY
1,2,90225016609,10025979,LUNG,KIDNEY
1,2,90450016609,10672656,LUNG,WAT-SC
1,2,90410016609,10335064,LUNG,WAT-SC
1,2,90587016609,10971645,LUNG,WAT-SC
1,2,90237016609,10027327,LUNG,WAT-SC
1,2,90237016806,10027327,LIVER,WAT-SC
1,2,90223016806,10025707,LIVER,WAT-SC
1,2,90587016806,10971645,LIVER,LIVER
1,2,90256016803,10044922,LIVER,WAT-SC
1,2,90227016806,10026193,LIVER,WAT-SC
1,2,90567016806,10901434,LIVER,WAT-SC
1,2,90292016806,10220917,LIVER,WAT-SC
1,2,90410016806,10335064,LIVER,WAT-SC
1,2,90569016803,10934529,LIVER,WAT-SC
1,2,90450016806,10672656,LIVER,LUNG
1,2,90408016803,10314733,LIVER,LUNG
1,2,90225016806,10025979,LIVER,LUNG
1,2,90410017006,10335064,WAT-SC,WAT-SC
1,2,90587017006,10971645,WAT-SC,WAT-SC
1,2,90227017006,10026193,WAT-SC,LIVER
1,2,90223017006,10025707,WAT-SC,WAT-SC
1,2,90569017003,10934529,WAT-SC,WAT-SC
1,2,90408017003,10314733,WAT-SC,WAT-SC
1,2,90450017006,10672656,WAT-SC,LUNG
1,2,90225017006,10025979,WAT-SC,KIDNEY
1,2,90256017003,10044922,WAT-SC,WAT-SC
1,2,90567017006,10901434,WAT-SC,LIVER
1,2,90292017006,10220917,WAT-SC,LUNG
1,2,90237017006,10027327,WAT-SC,LIVER
1,3,90225015305,10025979,CORTEX,CORTEX
1,3,90408015305,10314733,CORTEX,CORTEX
1,3,90567015305,10901434,CORTEX,CORTEX
1,3,90587015305,10971645,CORTEX,CORTEX
1,3,90569015305,10934529,CORTEX,CORTEX
1,3,90410015305,10335064,CORTEX,CORTEX
1,3,90227015305,10026193,CORTEX,CORTEX
1,3,90292015305,10220917,CORTEX,CORTEX
1,3,90450015305,10672656,CORTEX,CORTEX
1,3,90237015305,10027327,CORTEX,CORTEX
1,3,90256015305,10044922,CORTEX,CORTEX
1,3,90223015305,10025707,CORTEX,CORTEX
1,3,90227015507,10026193,SKM-GN,LUNG
1,3,90450015507,10672656,SKM-GN,LUNG
1,3,90256015503,10044922,SKM-GN,LUNG
1,3,90237015507,10027327,SKM-GN,SKM-GN
1,3,90410015507,10335064,SKM-GN,SKM-GN
1,3,90223015507,10025707,SKM-GN,SKM-GN
1,3,90567015507,10901434,SKM-GN,SKM-GN
1,3,90292015507,10220917,SKM-GN,SKM-GN
1,3,90569015503,10934529,SKM-GN,LUNG
1,3,90408015503,10314733,SKM-GN,SKM-GN
1,3,90225015513,10025979,SKM-GN,SKM-GN
1,3,90587015507,10971645,SKM-GN,SKM-GN
1,3,90237015805,10027327,HEART,HEART
1,3,90223015805,10025707,HEART,HEART
1,3,90587015805,10971645,HEART,HEART
1,3,90256015802,10044922,HEART,HEART
1,3,90227015805,10026193,HEART,HEART
1,3,90567015805,10901434,HEART,HEART
1,3,90292015805,10220917,HEART,HEART
1,3,90410015805,10335064,HEART,HEART
1,3,90569015802,10934529,HEART,HEART
1,3,90450015805,10672656,HEART,HEART
1,3,90408015802,10314733,HEART,HEART
1,3,90225015805,10025979,HEART,HEART
1,3,90450015909,10672656,KIDNEY,KIDNEY
1,3,90227015909,10026193,KIDNEY,KIDNEY
1,3,90569015909,10934529,KIDNEY,KIDNEY
1,3,90410015909,10335064,KIDNEY,KIDNEY
1,3,90408015909,10314733,KIDNEY,KIDNEY
1,3,90223015909,10025707,KIDNEY,KIDNEY
1,3,90256015909,10044922,KIDNEY,KIDNEY
1,3,90587015909,10971645,KIDNEY,KIDNEY
1,3,90225015909,10025979,KIDNEY,KIDNEY
1,3,90237015909,10027327,KIDNEY,KIDNEY
1,3,90292015909,10220917,KIDNEY,KIDNEY
1,3,90567015909,10901434,KIDNEY,KIDNEY
1,3,90223016609,10025707,LUNG,LUNG
1,3,90256016609,10044922,LUNG,LUNG
1,3,90567016609,10901434,LUNG,SKM-GN
1,3,90292016609,10220917,LUNG,SKM-GN
1,3,90408016609,10314733,LUNG,WAT-SC
1,3,90227016609,10026193,LUNG,WAT-SC
1,3,90569016609,10934529,LUNG,SKM-GN
1,3,90225016609,10025979,LUNG,SKM-GN
1,3,90450016609,10672656,LUNG,LUNG
1,3,90410016609,10335064,LUNG,SKM-GN
1,3,90587016609,10971645,LUNG,LUNG
1,3,90237016609,10027327,LUNG,SKM-GN
1,3,90237016806,10027327,LIVER,LIVER
1,3,90223016806,10025707,LIVER,LIVER
1,3,90587016806,10971645,LIVER,LIVER
1,3,90256016803,10044922,LIVER,LIVER
1,3,90227016806,10026193,LIVER,LIVER
1,3,90567016806,10901434,LIVER,LIVER
1,3,90292016806,10220917,LIVER,LIVER
1,3,90410016806,10335064,LIVER,LIVER
1,3,90569016803,10934529,LIVER,LIVER
1,3,90450016806,10672656,LIVER,LIVER
1,3,90408016803,10314733,LIVER,LIVER
1,3,90225016806,10025979,LIVER,LIVER
1,3,90410017006,10335064,WAT-SC,WAT-SC
1,3,90587017006,10971645,WAT-SC,WAT-SC
1,3,90227017006,10026193,WAT-SC,WAT-SC
1,3,90223017006,10025707,WAT-SC,WAT-SC
1,3,90569017003,10934529,WAT-SC,WAT-SC
1,3,90408017003,10314733,WAT-SC,WAT-SC
1,3,90450017006,10672656,WAT-SC,WAT-SC
1,3,90225017006,10025979,WAT-SC,LUNG
1,3,90256017003,10044922,WAT-SC,WAT-SC
1,3,90567017006,10901434,WAT-SC,LUNG
1,3,90292017006,10220917,WAT-SC,LUNG
1,3,90237017006,10027327,WAT-SC,WAT-SC
1,5,90225015305,10025979,CORTEX,CORTEX
1,5,90408015305,10314733,CORTEX,CORTEX
1,5,90567015305,10901434,CORTEX,CORTEX
1,5,90587015305,10971645,CORTEX,CORTEX
1,5,90569015305,10934529,CORTEX,CORTEX
1,5,90410015305,10335064,CORTEX,CORTEX
1,5,90227015305,10026193,CORTEX,CORTEX
1,5,90292015305,10220917,CORTEX,CORTEX
1,5,90450015305,10672656,CORTEX,CORTEX
1,5,90237015305,10027327,CORTEX,CORTEX
1,5,90256015305,10044922,CORTEX,CORTEX
1,5,90223015305,10025707,CORTEX,CORTEX
1,5,90227015507,10026193,SKM-GN,SKM-GN
1,5,90450015507,10672656,SKM-GN,SKM-GN
1,5,90256015503,10044922,SKM-GN,SKM-GN
1,5,90237015507,10027327,SKM-GN,SKM-GN
1,5,90410015507,10335064,SKM-GN,SKM-GN
1,5,90223015507,10025707,SKM-GN,SKM-GN
1,5,90567015507,10901434,SKM-GN,SKM-GN
1,5,90292015507,10220917,SKM-GN,SKM-GN
1,5,90569015503,10934529,SKM-GN,SKM-GN
1,5,90408015503,10314733,SKM-GN,SKM-GN
1,5,90225015513,10025979,SKM-GN,SKM-GN
1,5,90587015507,10971645,SKM-GN,SKM-GN
1,5,90237015805,10027327,HEART,HEART
1,5,90223015805,10025707,HEART,HEART
1,5,90587015805,10971645,HEART,HEART
1,5,90256015802,10044922,HEART,HEART
1,5,90227015805,10026193,HEART,HEART
1,5,90567015805,10901434,HEART,HEART
1,5,90292015805,10220917,HEART,HEART
1,5,90410015805,10335064,HEART,HEART
1,5,90569015802,10934529,HEART,HEART
1,5,90450015805,10672656,HEART,HEART
1,5,90408015802,10314733,HEART,HEART
1,5,90225015805,10025979,HEART,HEART
1,5,90450015909,10672656,KIDNEY,KIDNEY
1,5,90227015909,10026193,KIDNEY,KIDNEY
1,5,90569015909,10934529,KIDNEY,KIDNEY
1,5,90410015909,10335064,KIDNEY,KIDNEY
1,5,90408015909,10314733,KIDNEY,KIDNEY
1,5,90223015909,10025707,KIDNEY,KIDNEY
1,5,90256015909,10044922,KIDNEY,KIDNEY
1,5,90587015909,10971645,KIDNEY,KIDNEY
1,5,90225015909,10025979,KIDNEY,KIDNEY
1,5,90237015909,10027327,KIDNEY,KIDNEY
1,5,90292015909,10220917,KIDNEY,KIDNEY
1,5,90567015909,10901434,KIDNEY,KIDNEY
1,5,90223016609,10025707,LUNG,LUNG
1,5,90256016609,10044922,LUNG,LUNG
1,5,90567016609,10901434,LUNG,LUNG
1,5,90292016609,10220917,LUNG,LUNG
1,5,90408016609,10314733,LUNG,LUNG
1,5,90227016609,10026193,LUNG,LUNG
1,5,90569016609,10934529,LUNG,LUNG
1,5,90225016609,10025979,LUNG,LUNG
1,5,90450016609,10672656,LUNG,LUNG
1,5,90410016609,10335064,LUNG,LUNG
1,5,90587016609,10971645,LUNG,LUNG
1,5,90237016609,10027327,LUNG,LUNG
1,5,90237016806,10027327,LIVER,LIVER
1,5,90223016806,10025707,LIVER,LIVER
1,5,90587016806,10971645,LIVER,LIVER
1,5,90256016803,10044922,LIVER,LIVER
1,5,90227016806,10026193,LIVER,LIVER
1,5,90567016806,10901434,LIVER,LIVER
1,5,90292016806,10220917,LIVER,LIVER
1,5,90410016806,10335064,LIVER,LIVER
1,5,90569016803,10934529,LIVER,LIVER
1,5,90450016806,10672656,LIVER,LIVER
1,5,90408016803,10314733,LIVER,LIVER
1,5,90225016806,10025979,LIVER,LIVER
1,5,90410017006,10335064,WAT-SC,WAT-SC
1,5,90587017006,10971645,WAT-SC,WAT-SC
1,5,90227017006,10026193,WAT-SC,WAT-SC
1,5,90223017006,10025707,WAT-SC,WAT-SC
1,5,90569017003,10934529,WAT-SC,WAT-SC
1,5,90408017003,10314733,WAT-SC,WAT-SC
1,5,90450017006,10672656,WAT-SC,WAT-SC
1,5,90225017006,10025979,WAT-SC,WAT-SC
1,5,90256017003,10044922,WAT-SC,WAT-SC
1,5,90567017006,10901434,WAT-SC,WAT-SC
1,5,90292017006,10220917,WAT-SC,WAT-SC
1,5,90237017006,10027327,WAT-SC,WAT-SC
1,8,90225015305,10025979,CORTEX,CORTEX
1,8,90408015305,10314733,CORTEX,CORTEX
1,8,90567015305,10901434,CORTEX,CORTEX
1,8,90587015305,10971645,CORTEX,CORTEX
1,8,90569015305,10934529,CORTEX,CORTEX
1,8,90410015305,10335064,CORTEX,CORTEX
1,8,90227015305,10026193,CORTEX,CORTEX
1,8,90292015305,10220917,CORTEX,CORTEX
1,8,90450015305,10672656,CORTEX,CORTEX
1,8,90237015305,10027327,CORTEX,CORTEX
1,8,90256015305,10044922,CORTEX,CORTEX
1,8,90223015305,10025707,CORTEX,CORTEX
1,8,90227015507,10026193,SKM-GN,SKM-GN
1,8,90450015507,10672656,SKM-GN,SKM-GN
1,8,90256015503,10044922,SKM-GN,SKM-GN
1,8,90237015507,10027327,SKM-GN,SKM-GN
1,8,90410015507,10335064,SKM-GN,SKM-GN
1,8,90223015507,10025707,SKM-GN,SKM-GN
1,8,90567015507,10901434,SKM-GN,SKM-GN
1,8,90292015507,10220917,SKM-GN,SKM-GN
1,8,90569015503,10934529,SKM-GN,SKM-GN
1,8,90408015503,10314733,SKM-GN,SKM-GN
1,8,90225015513,10025979,SKM-GN,SKM-GN
1,8,90587015507,10971645,SKM-GN,SKM-GN
1,8,90237015805,10027327,HEART,HEART
1,8,90223015805,10025707,HEART,HEART
1,8,90587015805,10971645,HEART,HEART
1,8,90256015802,10044922,HEART,HEART
1,8,90227015805,10026193,HEART,HEART
1,8,90567015805,10901434,HEART,HEART
1,8,90292015805,10220917,HEART,HEART
1,8,90410015805,10335064,HEART,HEART
1,8,90569015802,10934529,HEART,HEART
1,8,90450015805,10672656,HEART,HEART
1,8,90408015802,10314733,HEART,HEART
1,8,90225015805,10025979,HEART,HEART
1,8,90450015909,10672656,KIDNEY,KIDNEY
1,8,90227015909,10026193,KIDNEY,KIDNEY
1,8,90569015909,10934529,KIDNEY,KIDNEY
1,8,90410015909,10335064,KIDNEY,KIDNEY
1,8,90408015909,10314733,KIDNEY,KIDNEY
1,8,90223015909,10025707,KIDNEY,KIDNEY
1,8,90256015909,10044922,KIDNEY,KIDNEY
1,8,90587015909,10971645,KIDNEY,KIDNEY
1,8,90225015909,10025979,KIDNEY,KIDNEY
1,8,90237015909,10027327,KIDNEY,KIDNEY
1,8,90292015909,10220917,KIDNEY,KIDNEY
1,8,90567015909,10901434,KIDNEY,KIDNEY
1,8,90223016609,10025707,LUNG,LUNG
1,8,90256016609,10044922,LUNG,LUNG
1,8,90567016609,10901434,LUNG,LUNG
1,8,90292016609,10220917,LUNG,LUNG
1,8,90408016609,10314733,LUNG,LUNG
1,8,90227016609,10026193,LUNG,LUNG
1,8,90569016609,10934529,LUNG,LUNG
1,8,90225016609,10025979,LUNG,LUNG
1,8,90450016609,10672656,LUNG,LUNG
1,8,90410016609,10335064,LUNG,LUNG
1,8,90587016609,10971645,LUNG,LUNG
1,8,90237016609,10027327,LUNG,LUNG
1,8,90237016806,10027327,LIVER,LIVER
1,8,90223016806,10025707,LIVER,LIVER
1,8,90587016806,10971645,LIVER,LIVER
1,8,90256016803,10044922,LIVER,LIVER
1,8,90227016806,10026193,LIVER,LIVER
1,8,90567016806,10901434,LIVER,LIVER
1,8,90292016806,10220917,LIVER,LIVER
1,8,90410016806,10335064,LIVER,LIVER
1,8,90569016803,10934529,LIVER,LIVER
1,8,90450016806,10672656,LIVER,LIVER
1,8,90408016803,10314733,LIVER,LIVER
1,8,90225016806,10025979,LIVER,LIVER
1,8,90410017006,10335064,WAT-SC,WAT-SC
1,8,90587017006,10971645,WAT-SC,WAT-SC
1,8,90227017006,10026193,WAT-SC,WAT-SC
1,8,90223017006,10025707,WAT-SC,WAT-SC
1,8,90569017003,10934529,WAT-SC,WAT-SC
1,8,90408017003,10314733,WAT-SC,WAT-SC
1,8,90450017006,10672656,WAT-SC,WAT-SC
1,8,90225017006,10025979,WAT-SC,WAT-SC
1,8,90256017003,10044922,WAT-SC,WAT-SC
1,8,90567017006,10901434,WAT-SC,WAT-SC
1,8,90292017006,10220917,WAT-SC,WAT-SC
1,8,90237017006,10027327,WAT-SC,WAT-SC
1,10,90225015305,10025979,CORTEX,CORTEX
1,10,90408015305,10314733,CORTEX,CORTEX
1,10,90567015305,10901434,CORTEX,CORTEX
1,10,90587015305,10971645,CORTEX,CORTEX
1,10,90569015305,10934529,CORTEX,CORTEX
1,10,90410015305,10335064,CORTEX,CORTEX
1,10,90227015305,10026193,CORTEX,CORTEX
1,10,90292015305,10220917,CORTEX,CORTEX
1,10,90450015305,10672656,CORTEX,CORTEX
1,10,90237015305,10027327,CORTEX,CORTEX
1,10,90256015305,10044922,CORTEX,CORTEX
1,10,90223015305,10025707,CORTEX,CORTEX
1,10,90227015507,10026193,SKM-GN,SKM-GN
1,10,90450015507,10672656,SKM-GN,SKM-GN
1,10,90256015503,10044922,SKM-GN,SKM-GN
1,10,90237015507,10027327,SKM-GN,SKM-GN
1,10,90410015507,10335064,SKM-GN,SKM-GN
1,10,90223015507,10025707,SKM-GN,SKM-GN
1,10,90567015507,10901434,SKM-GN,SKM-GN
1,10,90292015507,10220917,SKM-GN,SKM-GN
1,10,90569015503,10934529,SKM-GN,SKM-GN
1,10,90408015503,10314733,SKM-GN,SKM-GN
1,10,90225015513,10025979,SKM-GN,SKM-GN
1,10,90587015507,10971645,SKM-GN,SKM-GN
1,10,90237015805,10027327,HEART,HEART
1,10,90223015805,10025707,HEART,HEART
1,10,90587015805,10971645,HEART,HEART
1,10,90256015802,10044922,HEART,HEART
1,10,90227015805,10026193,HEART,HEART
1,10,90567015805,10901434,HEART,HEART
1,10,90292015805,10220917,HEART,HEART
1,10,90410015805,10335064,HEART,HEART
1,10,90569015802,10934529,HEART,HEART
1,10,90450015805,10672656,HEART,HEART
1,10,90408015802,10314733,HEART,HEART
1,10,90225015805,10025979,HEART,HEART
1,10,90450015909,10672656,KIDNEY,KIDNEY
1,10,90227015909,10026193,KIDNEY,KIDNEY
1,10,90569015909,10934529,KIDNEY,KIDNEY
1,10,90410015909,10335064,KIDNEY,KIDNEY
1,10,90408015909,10314733,KIDNEY,KIDNEY
1,10,90223015909,10025707,KIDNEY,KIDNEY
1,10,90256015909,10044922,KIDNEY,KIDNEY
1,10,90587015909,10971645,KIDNEY,KIDNEY
1,10,90225015909,10025979,KIDNEY,KIDNEY
1,10,90237015909,10027327,KIDNEY,KIDNEY
1,10,90292015909,10220917,KIDNEY,KIDNEY
1,10,90567015909,10901434,KIDNEY,KIDNEY
1,10,90223016609,10025707,LUNG,LUNG
1,10,90256016609,10044922,LUNG,LUNG
1,10,90567016609,10901434,LUNG,LUNG
1,10,90292016609,10220917,LUNG,LUNG
1,10,90408016609,10314733,LUNG,LUNG
1,10,90227016609,10026193,LUNG,LUNG
1,10,90569016609,10934529,LUNG,LUNG
1,10,90225016609,10025979,LUNG,LUNG
1,10,90450016609,10672656,LUNG,LUNG
1,10,90410016609,10335064,LUNG,LUNG
1,10,90587016609,10971645,LUNG,LUNG
1,10,90237016609,10027327,LUNG,LUNG
1,10,90237016806,10027327,LIVER,LIVER
1,10,90223016806,10025707,LIVER,LIVER
1,10,90587016806,10971645,LIVER,LIVER
1,10,90256016803,10044922,LIVER,LIVER
1,10,90227016806,10026193,LIVER,LIVER
1,10,90567016806,10901434,LIVER,LIVER
1,10,90292016806,10220917,LIVER,LIVER
1,10,90410016806,10335064,LIVER,LIVER
1,10,90569016803,10934529,LIVER,LIVER
1,10,90450016806,10672656,LIVER,LIVER
1,10,90408016803,10314733,LIVER,LIVER
1,10,90225016806,10025979,LIVER,LIVER
1,10,90410017006,10335064,WAT-SC,WAT-SC
1,10,90587017006,10971645,WAT-SC,WAT-SC
1,10,90227017006,10026193,WAT-SC,WAT-SC
1,10,90223017006,10025707,WAT-SC,WAT-SC
1,10,90569017003,10934529,WAT-SC,WAT-SC
1,10,90408017003,10314733,WAT-SC,WAT-SC
1,10,90450017006,10672656,WAT-SC,WAT-SC
1,10,90225017006,10025979,WAT-SC,WAT-SC
1,10,90256017003,10044922,WAT-SC,WAT-SC
1,10,90567017006,10901434,WAT-SC,WAT-SC
1,10,90292017006,10220917,WAT-SC,WAT-SC
1,10,90237017006,10027327,WAT-SC,WAT-SC
1,15,90225015305,10025979,CORTEX,CORTEX
1,15,90408015305,10314733,CORTEX,CORTEX
1,15,90567015305,10901434,CORTEX,CORTEX
1,15,90587015305,10971645,CORTEX,CORTEX
1,15,90569015305,10934529,CORTEX,CORTEX
1,15,90410015305,10335064,CORTEX,CORTEX
1,15,90227015305,10026193,CORTEX,CORTEX
1,15,90292015305,10220917,CORTEX,CORTEX
1,15,90450015305,10672656,CORTEX,CORTEX
1,15,90237015305,10027327,CORTEX,CORTEX
1,15,90256015305,10044922,CORTEX,CORTEX
1,15,90223015305,10025707,CORTEX,CORTEX
1,15,90227015507,10026193,SKM-GN,SKM-GN
1,15,90450015507,10672656,SKM-GN,SKM-GN
1,15,90256015503,10044922,SKM-GN,SKM-GN
1,15,90237015507,10027327,SKM-GN,SKM-GN
1,15,90410015507,10335064,SKM-GN,SKM-GN
1,15,90223015507,10025707,SKM-GN,SKM-GN
1,15,90567015507,10901434,SKM-GN,SKM-GN
1,15,90292015507,10220917,SKM-GN,SKM-GN
1,15,90569015503,10934529,SKM-GN,SKM-GN
1,15,90408015503,10314733,SKM-GN,SKM-GN
1,15,90225015513,10025979,SKM-GN,SKM-GN
1,15,90587015507,10971645,SKM-GN,SKM-GN
1,15,90237015805,10027327,HEART,HEART
1,15,90223015805,10025707,HEART,HEART
1,15,90587015805,10971645,HEART,HEART
1,15,90256015802,10044922,HEART,HEART
1,15,90227015805,10026193,HEART,HEART
1,15,90567015805,10901434,HEART,HEART
1,15,90292015805,10220917,HEART,HEART
1,15,90410015805,10335064,HEART,HEART
1,15,90569015802,10934529,HEART,HEART
1,15,90450015805,10672656,HEART,HEART
1,15,90408015802,10314733,HEART,HEART
1,15,90225015805,10025979,HEART,HEART
1,15,90450015909,10672656,KIDNEY,KIDNEY
1,15,90227015909,10026193,KIDNEY,KIDNEY
1,15,90569015909,10934529,KIDNEY,KIDNEY
1,15,90410015909,10335064,KIDNEY,KIDNEY
1,15,90408015909,10314733,KIDNEY,KIDNEY
1,15,90223015909,10025707,KIDNEY,KIDNEY
1,15,90256015909,10044922,KIDNEY,KIDNEY
1,15,90587015909,10971645,KIDNEY,KIDNEY
1,15,90225015909,10025979,KIDNEY,KIDNEY
1,15,90237015909,10027327,KIDNEY,KIDNEY
1,15,90292015909,10220917,KIDNEY,KIDNEY
1,15,90567015909,10901434,KIDNEY,KIDNEY
1,15,90223016609,10025707,LUNG,LUNG
1,15,90256016609,10044922,LUNG,LUNG
1,15,90567016609,10901434,LUNG,LUNG
1,15,90292016609,10220917,LUNG,LUNG
1,15,90408016609,10314733,LUNG,LUNG
1,15,90227016609,10026193,LUNG,LUNG
1,15,90569016609,10934529,LUNG,LUNG
1,15,90225016609,10025979,LUNG,LUNG
1,15,90450016609,10672656,LUNG,LUNG
1,15,90410016609,10335064,LUNG,LUNG
1,15,90587016609,10971645,LUNG,LUNG
1,15,90237016609,10027327,LUNG,LUNG
1,15,90237016806,10027327,LIVER,LIVER
1,15,90223016806,10025707,LIVER,LIVER
1,15,90587016806,10971645,LIVER,LIVER
1,15,90256016803,10044922,LIVER,LIVER
1,15,90227016806,10026193,LIVER,LIVER
1,15,90567016806,10901434,LIVER,LIVER
1,15,90292016806,10220917,LIVER,LIVER
1,15,90410016806,10335064,LIVER,LIVER
1,15,90569016803,10934529,LIVER,LIVER
1,15,90450016806,10672656,LIVER,LIVER
1,15,90408016803,10314733,LIVER,LIVER
1,15,90225016806,10025979,LIVER,LIVER
1,15,90410017006,10335064,WAT-SC,WAT-SC
1,15,90587017006,10971645,WAT-SC,WAT-SC
1,15,90227017006,10026193,WAT-SC,WAT-SC
1,15,90223017006,10025707,WAT-SC,WAT-SC
1,15,90569017003,10934529,WAT-SC,WAT-SC
1,15,90408017003,10314733,WAT-SC,WAT-SC
1,15,90450017006,10672656,WAT-SC,WAT-SC
1,15,90225017006,10025979,WAT-SC,WAT-SC
1,15,90256017003,10044922,WAT-SC,WAT-SC
1,15,90567017006,10901434,WAT-SC,WAT-SC
1,15,90292017006,10220917,WAT-SC,WAT-SC
1,15,90237017006,10027327,WAT-SC,WAT-SC
1,20,90225015305,10025979,CORTEX,CORTEX
1,20,90408015305,10314733,CORTEX,CORTEX
1,20,90567015305,10901434,CORTEX,CORTEX
1,20,90587015305,10971645,CORTEX,CORTEX
1,20,90569015305,10934529,CORTEX,CORTEX
1,20,90410015305,10335064,CORTEX,CORTEX
1,20,90227015305,10026193,CORTEX,CORTEX
1,20,90292015305,10220917,CORTEX,CORTEX
1,20,90450015305,10672656,CORTEX,CORTEX
1,20,90237015305,10027327,CORTEX,CORTEX
1,20,90256015305,10044922,CORTEX,CORTEX
1,20,90223015305,10025707,CORTEX,CORTEX
1,20,90227015507,10026193,SKM-GN,SKM-GN
1,20,90450015507,10672656,SKM-GN,SKM-GN
1,20,90256015503,10044922,SKM-GN,SKM-GN
1,20,90237015507,10027327,SKM-GN,SKM-GN
1,20,90410015507,10335064,SKM-GN,SKM-GN
1,20,90223015507,10025707,SKM-GN,SKM-GN
1,20,90567015507,10901434,SKM-GN,SKM-GN
1,20,90292015507,10220917,SKM-GN,SKM-GN
1,20,90569015503,10934529,SKM-GN,SKM-GN
1,20,90408015503,10314733,SKM-GN,SKM-GN
1,20,90225015513,10025979,SKM-GN,SKM-GN
1,20,90587015507,10971645,SKM-GN,SKM-GN
1,20,90237015805,10027327,HEART,HEART
1,20,90223015805,10025707,HEART,HEART
1,20,90587015805,10971645,HEART,HEART
1,20,90256015802,10044922,HEART,HEART
1,20,90227015805,10026193,HEART,HEART
1,20,90567015805,10901434,HEART,HEART
1,20,90292015805,10220917,HEART,HEART
1,20,90410015805,10335064,HEART,HEART
1,20,90569015802,10934529,HEART,HEART
1,20,90450015805,10672656,HEART,HEART
1,20,90408015802,10314733,HEART,HEART
1,20,90225015805,10025979,HEART,HEART
1,20,90450015909,10672656,KIDNEY,KIDNEY
1,20,90227015909,10026193,KIDNEY,KIDNEY
1,20,90569015909,10934529,KIDNEY,KIDNEY
1,20,90410015909,10335064,KIDNEY,KIDNEY
1,20,90408015909,10314733,KIDNEY,KIDNEY
1,20,90223015909,10025707,KIDNEY,KIDNEY
1,20,90256015909,10044922,KIDNEY,KIDNEY
1,20,90587015909,10971645,KIDNEY,KIDNEY
1,20,90225015909,10025979,KIDNEY,KIDNEY
1,20,90237015909,10027327,KIDNEY,KIDNEY
1,20,90292015909,10220917,KIDNEY,KIDNEY
1,20,90567015909,10901434,KIDNEY,KIDNEY
1,20,90223016609,10025707,LUNG,LUNG
1,20,90256016609,10044922,LUNG,LUNG
1,20,90567016609,10901434,LUNG,LUNG
1,20,90292016609,10220917,LUNG,LUNG
1,20,90408016609,10314733,LUNG,LUNG
1,20,90227016609,10026193,LUNG,LUNG
1,20,90569016609,10934529,LUNG,LUNG
1,20,90225016609,10025979,LUNG,LUNG
1,20,90450016609,10672656,LUNG,LUNG
1,20,90410016609,10335064,LUNG,LUNG
1,20,90587016609,10971645,LUNG,LUNG
1,20,90237016609,10027327,LUNG,LUNG
1,20,90237016806,10027327,LIVER,LIVER
1,20,90223016806,10025707,LIVER,LIVER
1,20,90587016806,10971645,LIVER,LIVER
1,20,90256016803,10044922,LIVER,LIVER
1,20,90227016806,10026193,LIVER,LIVER
1,20,90567016806,10901434,LIVER,LIVER
1,20,90292016806,10220917,LIVER,LIVER
1,20,90410016806,10335064,LIVER,LIVER
1,20,90569016803,10934529,LIVER,LIVER
1,20,90450016806,10672656,LIVER,LIVER
1,20,90408016803,10314733,LIVER,LIVER
1,20,90225016806,10025979,LIVER,LIVER
1,20,90410017006,10335064,WAT-SC,WAT-SC
1,20,90587017006,10971645,WAT-SC,WAT-SC
1,20,90227017006,10026193,WAT-SC,WAT-SC
1,20,90223017006,10025707,WAT-SC,WAT-SC
1,20,90569017003,10934529,WAT-SC,WAT-SC
1,20,90408017003,10314733,WAT-SC,WAT-SC
1,20,90450017006,10672656,WAT-SC,WAT-SC
1,20,90225017006,10025979,WAT-SC,WAT-SC
1,20,90256017003,10044922,WAT-SC,WAT-SC
1,20,90567017006,10901434,WAT-SC,WAT-SC
1,20,90292017006,10220917,WAT-SC,WAT-SC
1,20,90237017006,10027327,WAT-SC,WAT-SC
1,30,90225015305,10025979,CORTEX,CORTEX
1,30,90408015305,10314733,CORTEX,CORTEX
1,30,90567015305,10901434,CORTEX,CORTEX
1,30,90587015305,10971645,CORTEX,CORTEX
1,30,90569015305,10934529,CORTEX,CORTEX
1,30,90410015305,10335064,CORTEX,CORTEX
1,30,90227015305,10026193,CORTEX,CORTEX
1,30,90292015305,10220917,CORTEX,CORTEX
1,30,90450015305,10672656,CORTEX,CORTEX
1,30,90237015305,10027327,CORTEX,CORTEX
1,30,90256015305,10044922,CORTEX,CORTEX
1,30,90223015305,10025707,CORTEX,CORTEX
1,30,90227015507,10026193,SKM-GN,SKM-GN
1,30,90450015507,10672656,SKM-GN,SKM-GN
1,30,90256015503,10044922,SKM-GN,SKM-GN
1,30,90237015507,10027327,SKM-GN,SKM-GN
1,30,90410015507,10335064,SKM-GN,SKM-GN
1,30,90223015507,10025707,SKM-GN,SKM-GN
1,30,90567015507,10901434,SKM-GN,SKM-GN
1,30,90292015507,10220917,SKM-GN,SKM-GN
1,30,90569015503,10934529,SKM-GN,SKM-GN
1,30,90408015503,10314733,SKM-GN,SKM-GN
1,30,90225015513,10025979,SKM-GN,SKM-GN
1,30,90587015507,10971645,SKM-GN,SKM-GN
1,30,90237015805,10027327,HEART,HEART
1,30,90223015805,10025707,HEART,HEART
1,30,90587015805,10971645,HEART,HEART
1,30,90256015802,10044922,HEART,HEART
1,30,90227015805,10026193,HEART,HEART
1,30,90567015805,10901434,HEART,HEART
1,30,90292015805,10220917,HEART,HEART
1,30,90410015805,10335064,HEART,HEART
1,30,90569015802,10934529,HEART,HEART
1,30,90450015805,10672656,HEART,HEART
1,30,90408015802,10314733,HEART,HEART
1,30,90225015805,10025979,HEART,HEART
1,30,90450015909,10672656,KIDNEY,KIDNEY
1,30,90227015909,10026193,KIDNEY,KIDNEY
1,30,90569015909,10934529,KIDNEY,KIDNEY
1,30,90410015909,10335064,KIDNEY,KIDNEY
1,30,90408015909,10314733,KIDNEY,KIDNEY
1,30,90223015909,10025707,KIDNEY,KIDNEY
1,30,90256015909,10044922,KIDNEY,KIDNEY
1,30,90587015909,10971645,KIDNEY,KIDNEY
1,30,90225015909,10025979,KIDNEY,KIDNEY
1,30,90237015909,10027327,KIDNEY,KIDNEY
1,30,90292015909,10220917,KIDNEY,KIDNEY
1,30,90567015909,10901434,KIDNEY,KIDNEY
1,30,90223016609,10025707,LUNG,LUNG
1,30,90256016609,10044922,LUNG,LUNG
1,30,90567016609,10901434,LUNG,LUNG
1,30,90292016609,10220917,LUNG,LUNG
1,30,90408016609,10314733,LUNG,LUNG
1,30,90227016609,10026193,LUNG,LUNG
1,30,90569016609,10934529,LUNG,LUNG
1,30,90225016609,10025979,LUNG,LUNG
1,30,90450016609,10672656,LUNG,LUNG
1,30,90410016609,10335064,LUNG,LUNG
1,30,90587016609,10971645,LUNG,LUNG
1,30,90237016609,10027327,LUNG,LUNG
1,30,90237016806,10027327,LIVER,LIVER
1,30,90223016806,10025707,LIVER,LIVER
1,30,90587016806,10971645,LIVER,LIVER
1,30,90256016803,10044922,LIVER,LIVER
1,30,90227016806,10026193,LIVER,LIVER
1,30,90567016806,10901434,LIVER,LIVER
1,30,90292016806,10220917,LIVER,LIVER
1,30,90410016806,10335064,LIVER,LIVER
1,30,90569016803,10934529,LIVER,LIVER
1,30,90450016806,10672656,LIVER,LIVER
1,30,90408016803,10314733,LIVER,LIVER
1,30,90225016806,10025979,LIVER,LIVER
1,30,90410017006,10335064,WAT-SC,WAT-SC
1,30,90587017006,10971645,WAT-SC,WAT-SC
1,30,90227017006,10026193,WAT-SC,WAT-SC
1,30,90223017006,10025707,WAT-SC,WAT-SC
1,30,90569017003,10934529,WAT-SC,WAT-SC
1,30,90408017003,10314733,WAT-SC,WAT-SC
1,30,90450017006,10672656,WAT-SC,WAT-SC
1,30,90225017006,10025979,WAT-SC,WAT-SC
1,30,90256017003,10044922,WAT-SC,WAT-SC
1,30,90567017006,10901434,WAT-SC,WAT-SC
1,30,90292017006,10220917,WAT-SC,WAT-SC
1,30,90237017006,10027327,WAT-SC,WAT-SC
1,50,90225015305,10025979,CORTEX,CORTEX
1,50,90408015305,10314733,CORTEX,CORTEX
1,50,90567015305,10901434,CORTEX,CORTEX
1,50,90587015305,10971645,CORTEX,CORTEX
1,50,90569015305,10934529,CORTEX,CORTEX
1,50,90410015305,10335064,CORTEX,CORTEX
1,50,90227015305,10026193,CORTEX,CORTEX
1,50,90292015305,10220917,CORTEX,CORTEX
1,50,90450015305,10672656,CORTEX,CORTEX
1,50,90237015305,10027327,CORTEX,CORTEX
1,50,90256015305,10044922,CORTEX,CORTEX
1,50,90223015305,10025707,CORTEX,CORTEX
1,50,90227015507,10026193,SKM-GN,SKM-GN
1,50,90450015507,10672656,SKM-GN,SKM-GN
1,50,90256015503,10044922,SKM-GN,SKM-GN
1,50,90237015507,10027327,SKM-GN,SKM-GN
1,50,90410015507,10335064,SKM-GN,SKM-GN
1,50,90223015507,10025707,SKM-GN,SKM-GN
1,50,90567015507,10901434,SKM-GN,SKM-GN
1,50,90292015507,10220917,SKM-GN,SKM-GN
1,50,90569015503,10934529,SKM-GN,SKM-GN
1,50,90408015503,10314733,SKM-GN,SKM-GN
1,50,90225015513,10025979,SKM-GN,SKM-GN
1,50,90587015507,10971645,SKM-GN,SKM-GN
1,50,90237015805,10027327,HEART,HEART
1,50,90223015805,10025707,HEART,HEART
1,50,90587015805,10971645,HEART,HEART
1,50,90256015802,10044922,HEART,HEART
1,50,90227015805,10026193,HEART,HEART
1,50,90567015805,10901434,HEART,HEART
1,50,90292015805,10220917,HEART,HEART
1,50,90410015805,10335064,HEART,HEART
1,50,90569015802,10934529,HEART,HEART
1,50,90450015805,10672656,HEART,HEART
1,50,90408015802,10314733,HEART,HEART
1,50,90225015805,10025979,HEART,HEART
1,50,90450015909,10672656,KIDNEY,KIDNEY
1,50,90227015909,10026193,KIDNEY,KIDNEY
1,50,90569015909,10934529,KIDNEY,KIDNEY
1,50,90410015909,10335064,KIDNEY,KIDNEY
1,50,90408015909,10314733,KIDNEY,KIDNEY
1,50,90223015909,10025707,KIDNEY,KIDNEY
1,50,90256015909,10044922,KIDNEY,KIDNEY
1,50,90587015909,10971645,KIDNEY,KIDNEY
1,50,90225015909,10025979,KIDNEY,KIDNEY
1,50,90237015909,10027327,KIDNEY,KIDNEY
1,50,90292015909,10220917,KIDNEY,KIDNEY
1,50,90567015909,10901434,KIDNEY,KIDNEY
1,50,90223016609,10025707,LUNG,LUNG
1,50,90256016609,10044922,LUNG,LUNG
1,50,90567016609,10901434,LUNG,LUNG
1,50,90292016609,10220917,LUNG,LUNG
1,50,90408016609,10314733,LUNG,LUNG
1,50,90227016609,10026193,LUNG,LUNG
1,50,90569016609,10934529,LUNG,LUNG
1,50,90225016609,10025979,LUNG,LUNG
1,50,90450016609,10672656,LUNG,LUNG
1,50,90410016609,10335064,LUNG,LUNG
1,50,90587016609,10971645,LUNG,LUNG
1,50,90237016609,10027327,LUNG,LUNG
1,50,90237016806,10027327,LIVER,LIVER
1,50,90223016806,10025707,LIVER,LIVER
1,50,90587016806,10971645,LIVER,LIVER
1,50,90256016803,10044922,LIVER,LIVER
1,50,90227016806,10026193,LIVER,LIVER
1,50,90567016806,10901434,LIVER,LIVER
1,50,90292016806,10220917,LIVER,LIVER
1,50,90410016806,10335064,LIVER,LIVER
1,50,90569016803,10934529,LIVER,LIVER
1,50,90450016806,10672656,LIVER,LIVER
1,50,90408016803,10314733,LIVER,LIVER
1,50,90225016806,10025979,LIVER,LIVER
1,50,90410017006,10335064,WAT-SC,WAT-SC
1,50,90587017006,10971645,WAT-SC,WAT-SC
1,50,90227017006,10026193,WAT-SC,WAT-SC
1,50,90223017006,10025707,WAT-SC,WAT-SC
1,50,90569017003,10934529,WAT-SC,WAT-SC
1,50,90408017003,10314733,WAT-SC,WAT-SC
1,50,90450017006,10672656,WAT-SC,WAT-SC
1,50,90225017006,10025979,WAT-SC,WAT-SC
1,50,90256017003,10044922,WAT-SC,WAT-SC
1,50,90567017006,10901434,WAT-SC,WAT-SC
1,50,90292017006,10220917,WAT-SC,WAT-SC
1,50,90237017006,10027327,WAT-SC,WAT-SC
1,100,90225015305,10025979,CORTEX,CORTEX
1,100,90408015305,10314733,CORTEX,CORTEX
1,100,90567015305,10901434,CORTEX,CORTEX
1,100,90587015305,10971645,CORTEX,CORTEX
1,100,90569015305,10934529,CORTEX,CORTEX
1,100,90410015305,10335064,CORTEX,CORTEX
1,100,90227015305,10026193,CORTEX,CORTEX
1,100,90292015305,10220917,CORTEX,CORTEX
1,100,90450015305,10672656,CORTEX,CORTEX
1,100,90237015305,10027327,CORTEX,CORTEX
1,100,90256015305,10044922,CORTEX,CORTEX
1,100,90223015305,10025707,CORTEX,CORTEX
1,100,90227015507,10026193,SKM-GN,SKM-GN
1,100,90450015507,10672656,SKM-GN,SKM-GN
1,100,90256015503,10044922,SKM-GN,SKM-GN
1,100,90237015507,10027327,SKM-GN,SKM-GN
1,100,90410015507,10335064,SKM-GN,SKM-GN
1,100,90223015507,10025707,SKM-GN,SKM-GN
1,100,90567015507,10901434,SKM-GN,SKM-GN
1,100,90292015507,10220917,SKM-GN,SKM-GN
1,100,90569015503,10934529,SKM-GN,SKM-GN
1,100,90408015503,10314733,SKM-GN,SKM-GN
1,100,90225015513,10025979,SKM-GN,SKM-GN
1,100,90587015507,10971645,SKM-GN,SKM-GN
1,100,90237015805,10027327,HEART,HEART
1,100,90223015805,10025707,HEART,HEART
1,100,90587015805,10971645,HEART,HEART
1,100,90256015802,10044922,HEART,HEART
1,100,90227015805,10026193,HEART,HEART
1,100,90567015805,10901434,HEART,HEART
1,100,90292015805,10220917,HEART,HEART
1,100,90410015805,10335064,HEART,HEART
1,100,90569015802,10934529,HEART,HEART
1,100,90450015805,10672656,HEART,HEART
1,100,90408015802,10314733,HEART,HEART
1,100,90225015805,10025979,HEART,HEART
1,100,90450015909,10672656,KIDNEY,KIDNEY
1,100,90227015909,10026193,KIDNEY,KIDNEY
1,100,90569015909,10934529,KIDNEY,KIDNEY
1,100,90410015909,10335064,KIDNEY,KIDNEY
1,100,90408015909,10314733,KIDNEY,KIDNEY
1,100,90223015909,10025707,KIDNEY,KIDNEY
1,100,90256015909,10044922,KIDNEY,KIDNEY
1,100,90587015909,10971645,KIDNEY,KIDNEY
1,100,90225015909,10025979,KIDNEY,KIDNEY
1,100,90237015909,10027327,KIDNEY,KIDNEY
1,100,90292015909,10220917,KIDNEY,KIDNEY
1,100,90567015909,10901434,KIDNEY,KIDNEY
1,100,90223016609,10025707,LUNG,LUNG
1,100,90256016609,10044922,LUNG,LUNG
1,100,90567016609,10901434,LUNG,LUNG
1,100,90292016609,10220917,LUNG,LUNG
1,100,90408016609,10314733,LUNG,LUNG
1,100,90227016609,10026193,LUNG,LUNG
1,100,90569016609,10934529,LUNG,LUNG
1,100,90225016609,10025979,LUNG,LUNG
1,100,90450016609,10672656,LUNG,LUNG
1,100,90410016609,10335064,LUNG,LUNG
1,100,90587016609,10971645,LUNG,LUNG
1,100,90237016609,10027327,LUNG,LUNG
1,100,90237016806,10027327,LIVER,LIVER
1,100,90223016806,10025707,LIVER,LIVER
1,100,90587016806,10971645,LIVER,LIVER
1,100,90256016803,10044922,LIVER,LIVER
1,100,90227016806,10026193,LIVER,LIVER
1,100,90567016806,10901434,LIVER,LIVER
1,100,90292016806,10220917,LIVER,LIVER
1,100,90410016806,10335064,LIVER,LIVER
1,100,90569016803,10934529,LIVER,LIVER
1,100,90450016806,10672656,LIVER,LIVER
1,100,90408016803,10314733,LIVER,LIVER
1,100,90225016806,10025979,LIVER,LIVER
1,100,90410017006,10335064,WAT-SC,WAT-SC
1,100,90587017006,10971645,WAT-SC,WAT-SC
1,100,90227017006,10026193,WAT-SC,WAT-SC
1,100,90223017006,10025707,WAT-SC,WAT-SC
1,100,90569017003,10934529,WAT-SC,WAT-SC
1,100,90408017003,10314733,WAT-SC,WAT-SC
1,100,90450017006,10672656,WAT-SC,WAT-SC
1,100,90225017006,10025979,WAT-SC,WAT-SC
1,100,90256017003,10044922,WAT-SC,WAT-SC
1,100,90567017006,10901434,WAT-SC,WAT-SC
1,100,90292017006,10220917,WAT-SC,WAT-SC
1,100,90237017006,10027327,WAT-SC,WAT-SC
2,1,90578015305,10734945,CORTEX,CORTEX
2,1,90423015305,10424911,CORTEX,CORTEX
2,1,90229015305,10026355,CORTEX,CORTEX
2,1,90574015305,10680837,CORTEX,CORTEX
2,1,90430015305,10561072,CORTEX,CORTEX
2,1,90441015305,10502300,CORTEX,CORTEX
2,1,90218015305,10024735,CORTEX,CORTEX
2,1,90259015305,10045309,CORTEX,CORTEX
2,1,90248015305,10043950,CORTEX,CORTEX
2,1,90266015305,10046380,CORTEX,CORTEX
2,1,90254015305,10044760,CORTEX,CORTEX
2,1,90281015305,10106383,CORTEX,CORTEX
2,1,90281015507,10106383,SKM-GN,WAT-SC
2,1,90423015507,10424911,SKM-GN,WAT-SC
2,1,90229015507,10026355,SKM-GN,WAT-SC
2,1,90441015507,10502300,SKM-GN,WAT-SC
2,1,90248015507,10043950,SKM-GN,WAT-SC
2,1,90430015507,10561072,SKM-GN,WAT-SC
2,1,90254015507,10044760,SKM-GN,WAT-SC
2,1,90574015503,10680837,SKM-GN,WAT-SC
2,1,90218015507,10024735,SKM-GN,WAT-SC
2,1,90259015507,10045309,SKM-GN,KIDNEY
2,1,90266015507,10046380,SKM-GN,WAT-SC
2,1,90578015507,10734945,SKM-GN,KIDNEY
2,1,90441015805,10502300,HEART,HEART
2,1,90218015805,10024735,HEART,HEART
2,1,90430015805,10561072,HEART,HEART
2,1,90266015805,10046380,HEART,HEART
2,1,90578015805,10734945,HEART,HEART
2,1,90281015805,10106383,HEART,LIVER
2,1,90423015805,10424911,HEART,WAT-SC
2,1,90229015805,10026355,HEART,SKM-GN
2,1,90254015805,10044760,HEART,LIVER
2,1,90574015802,10680837,HEART,HEART
2,1,90248015805,10043950,HEART,HEART
2,1,90259015805,10045309,HEART,WAT-SC
2,1,90430015909,10561072,KIDNEY,KIDNEY
2,1,90259015909,10045309,KIDNEY,KIDNEY
2,1,90266015909,10046380,KIDNEY,WAT-SC
2,1,90574015909,10680837,KIDNEY,KIDNEY
2,1,90441015909,10502300,KIDNEY,KIDNEY
2,1,90423015909,10424911,KIDNEY,KIDNEY
2,1,90229015909,10026355,KIDNEY,KIDNEY
2,1,90281015909,10106383,KIDNEY,KIDNEY
2,1,90254015909,10044760,KIDNEY,KIDNEY
2,1,90578015909,10734945,KIDNEY,HEART
2,1,90248015909,10043950,KIDNEY,HEART
2,1,90218015909,10024735,KIDNEY,HEART
2,1,90254016609,10044760,LUNG,KIDNEY
2,1,90574016609,10680837,LUNG,HEART
2,1,90441016609,10502300,LUNG,HEART
2,1,90259016609,10045309,LUNG,HEART
2,1,90218016609,10024735,LUNG,KIDNEY
2,1,90423016609,10424911,LUNG,LUNG
2,1,90229016609,10026355,LUNG,KIDNEY
2,1,90430016609,10561072,LUNG,KIDNEY
2,1,90578016609,10734945,LUNG,KIDNEY
2,1,90248016609,10043950,LUNG,KIDNEY
2,1,90266016609,10046380,LUNG,HEART
2,1,90281016609,10106383,LUNG,HEART
2,1,90441016806,10502300,LIVER,WAT-SC
2,1,90218016806,10024735,LIVER,WAT-SC
2,1,90430016806,10561072,LIVER,WAT-SC
2,1,90266016806,10046380,LIVER,WAT-SC
2,1,90578016806,10734945,LIVER,WAT-SC
2,1,90281016806,10106383,LIVER,LIVER
2,1,90423016806,10424911,LIVER,LIVER
2,1,90229016806,10026355,LIVER,WAT-SC
2,1,90254016806,10044760,LIVER,WAT-SC
2,1,90574016803,10680837,LIVER,WAT-SC
2,1,90248016806,10043950,LIVER,KIDNEY
2,1,90259016806,10045309,LIVER,KIDNEY
2,1,90441017006,10502300,WAT-SC,LIVER
2,1,90266017006,10046380,WAT-SC,HEART
2,1,90423017006,10424911,WAT-SC,KIDNEY
2,1,90248017006,10043950,WAT-SC,HEART
2,1,90281017006,10106383,WAT-SC,HEART
2,1,90430017006,10561072,WAT-SC,LIVER
2,1,90254017006,10044760,WAT-SC,LIVER
2,1,90229017006,10026355,WAT-SC,KIDNEY
2,1,90574017003,10680837,WAT-SC,HEART
2,1,90218017006,10024735,WAT-SC,KIDNEY
2,1,90259017006,10045309,WAT-SC,HEART
2,1,90578017006,10734945,WAT-SC,HEART
2,2,90578015305,10734945,CORTEX,CORTEX
2,2,90423015305,10424911,CORTEX,CORTEX
2,2,90229015305,10026355,CORTEX,CORTEX
2,2,90574015305,10680837,CORTEX,CORTEX
2,2,90430015305,10561072,CORTEX,CORTEX
2,2,90441015305,10502300,CORTEX,CORTEX
2,2,90218015305,10024735,CORTEX,CORTEX
2,2,90259015305,10045309,CORTEX,CORTEX
2,2,90248015305,10043950,CORTEX,CORTEX
2,2,90266015305,10046380,CORTEX,CORTEX
2,2,90254015305,10044760,CORTEX,CORTEX
2,2,90281015305,10106383,CORTEX,CORTEX
2,2,90281015507,10106383,SKM-GN,LIVER
2,2,90423015507,10424911,SKM-GN,LIVER
2,2,90229015507,10026355,SKM-GN,LIVER
2,2,90441015507,10502300,SKM-GN,LIVER
2,2,90248015507,10043950,SKM-GN,LIVER
2,2,90430015507,10561072,SKM-GN,LIVER
2,2,90254015507,10044760,SKM-GN,LIVER
2,2,90574015503,10680837,SKM-GN,LIVER
2,2,90218015507,10024735,SKM-GN,LIVER
2,2,90259015507,10045309,SKM-GN,KIDNEY
2,2,90266015507,10046380,SKM-GN,HEART
2,2,90578015507,10734945,SKM-GN,KIDNEY
2,2,90441015805,10502300,HEART,HEART
2,2,90218015805,10024735,HEART,HEART
2,2,90430015805,10561072,HEART,HEART
2,2,90266015805,10046380,HEART,HEART
2,2,90578015805,10734945,HEART,HEART
2,2,90281015805,10106383,HEART,HEART
2,2,90423015805,10424911,HEART,HEART
2,2,90229015805,10026355,HEART,HEART
2,2,90254015805,10044760,HEART,HEART
2,2,90574015802,10680837,HEART,HEART
2,2,90248015805,10043950,HEART,HEART
2,2,90259015805,10045309,HEART,HEART
2,2,90430015909,10561072,KIDNEY,KIDNEY
2,2,90259015909,10045309,KIDNEY,KIDNEY
2,2,90266015909,10046380,KIDNEY,WAT-SC
2,2,90574015909,10680837,KIDNEY,KIDNEY
2,2,90441015909,10502300,KIDNEY,KIDNEY
2,2,90423015909,10424911,KIDNEY,SKM-GN
2,2,90229015909,10026355,KIDNEY,SKM-GN
2,2,90281015909,10106383,KIDNEY,SKM-GN
2,2,90254015909,10044760,KIDNEY,SKM-GN
2,2,90578015909,10734945,KIDNEY,WAT-SC
2,2,90248015909,10043950,KIDNEY,WAT-SC
2,2,90218015909,10024735,KIDNEY,WAT-SC
2,2,90254016609,10044760,LUNG,LUNG
2,2,90574016609,10680837,LUNG,WAT-SC
2,2,90441016609,10502300,LUNG,WAT-SC
2,2,90259016609,10045309,LUNG,WAT-SC
2,2,90218016609,10024735,LUNG,KIDNEY
2,2,90423016609,10424911,LUNG,LUNG
2,2,90229016609,10026355,LUNG,SKM-GN
2,2,90430016609,10561072,LUNG,SKM-GN
2,2,90578016609,10734945,LUNG,SKM-GN
2,2,90248016609,10043950,LUNG,SKM-GN
2,2,90266016609,10046380,LUNG,WAT-SC
2,2,90281016609,10106383,LUNG,WAT-SC
2,2,90441016806,10502300,LIVER,WAT-SC
2,2,90218016806,10024735,LIVER,WAT-SC
2,2,90430016806,10561072,LIVER,WAT-SC
2,2,90266016806,10046380,LIVER,WAT-SC
2,2,90578016806,10734945,LIVER,WAT-SC
2,2,90281016806,10106383,LIVER,WAT-SC
2,2,90423016806,10424911,LIVER,WAT-SC
2,2,90229016806,10026355,LIVER,WAT-SC
2,2,90254016806,10044760,LIVER,WAT-SC
2,2,90574016803,10680837,LIVER,LIVER
2,2,90248016806,10043950,LIVER,KIDNEY
2,2,90259016806,10045309,LIVER,KIDNEY
2,2,90441017006,10502300,WAT-SC,WAT-SC
2,2,90266017006,10046380,WAT-SC,WAT-SC
2,2,90423017006,10424911,WAT-SC,LUNG
2,2,90248017006,10043950,WAT-SC,WAT-SC
2,2,90281017006,10106383,WAT-SC,WAT-SC
2,2,90430017006,10561072,WAT-SC,SKM-GN
2,2,90254017006,10044760,WAT-SC,LUNG
2,2,90229017006,10026355,WAT-SC,SKM-GN
2,2,90574017003,10680837,WAT-SC,WAT-SC
2,2,90218017006,10024735,WAT-SC,KIDNEY
2,2,90259017006,10045309,WAT-SC,WAT-SC
2,2,90578017006,10734945,WAT-SC,WAT-SC
2,3,90578015305,10734945,CORTEX,CORTEX
2,3,90423015305,10424911,CORTEX,CORTEX
2,3,90229015305,10026355,CORTEX,CORTEX
2,3,90574015305,10680837,CORTEX,CORTEX
2,3,90430015305,10561072,CORTEX,CORTEX
2,3,90441015305,10502300,CORTEX,CORTEX
2,3,90218015305,10024735,CORTEX,CORTEX
2,3,90259015305,10045309,CORTEX,CORTEX
2,3,90248015305,10043950,CORTEX,CORTEX
2,3,90266015305,10046380,CORTEX,CORTEX
2,3,90254015305,10044760,CORTEX,CORTEX
2,3,90281015305,10106383,CORTEX,CORTEX
2,3,90281015507,10106383,SKM-GN,LUNG
2,3,90423015507,10424911,SKM-GN,LUNG
2,3,90229015507,10026355,SKM-GN,LUNG
2,3,90441015507,10502300,SKM-GN,SKM-GN
2,3,90248015507,10043950,SKM-GN,LUNG
2,3,90430015507,10561072,SKM-GN,LUNG
2,3,90254015507,10044760,SKM-GN,LUNG
2,3,90574015503,10680837,SKM-GN,LUNG
2,3,90218015507,10024735,SKM-GN,LUNG
2,3,90259015507,10045309,SKM-GN,SKM-GN
2,3,90266015507,10046380,SKM-GN,HEART
2,3,90578015507,10734945,SKM-GN,SKM-GN
2,3,90441015805,10502300,HEART,HEART
2,3,90218015805,10024735,HEART,HEART
2,3,90430015805,10561072,HEART,HEART
2,3,90266015805,10046380,HEART,HEART
2,3,90578015805,10734945,HEART,HEART
2,3,90281015805,10106383,HEART,HEART
2,3,90423015805,10424911,HEART,HEART
2,3,90229015805,10026355,HEART,HEART
2,3,90254015805,10044760,HEART,HEART
2,3,90574015802,10680837,HEART,HEART
2,3,90248015805,10043950,HEART,HEART
2,3,90259015805,10045309,HEART,HEART
2,3,90430015909,10561072,KIDNEY,KIDNEY
2,3,90259015909,10045309,KIDNEY,KIDNEY
2,3,90266015909,10046380,KIDNEY,KIDNEY
2,3,90574015909,10680837,KIDNEY,KIDNEY
2,3,90441015909,10502300,KIDNEY,KIDNEY
2,3,90423015909,10424911,KIDNEY,KIDNEY
2,3,90229015909,10026355,KIDNEY,KIDNEY
2,3,90281015909,10106383,KIDNEY,KIDNEY
2,3,90254015909,10044760,KIDNEY,KIDNEY
2,3,90578015909,10734945,KIDNEY,KIDNEY
2,3,90248015909,10043950,KIDNEY,KIDNEY
2,3,90218015909,10024735,KIDNEY,KIDNEY
2,3,90254016609,10044760,LUNG,LUNG
2,3,90574016609,10680837,LUNG,WAT-SC
2,3,90441016609,10502300,LUNG,WAT-SC
2,3,90259016609,10045309,LUNG,LUNG
2,3,90218016609,10024735,LUNG,SKM-GN
2,3,90423016609,10424911,LUNG,WAT-SC
2,3,90229016609,10026355,LUNG,SKM-GN
2,3,90430016609,10561072,LUNG,SKM-GN
2,3,90578016609,10734945,LUNG,LUNG
2,3,90248016609,10043950,LUNG,SKM-GN
2,3,90266016609,10046380,LUNG,WAT-SC
2,3,90281016609,10106383,LUNG,LUNG
2,3,90441016806,10502300,LIVER,LIVER
2,3,90218016806,10024735,LIVER,LIVER
2,3,90430016806,10561072,LIVER,LIVER
2,3,90266016806,10046380,LIVER,LIVER
2,3,90578016806,10734945,LIVER,LIVER
2,3,90281016806,10106383,LIVER,LIVER
2,3,90423016806,10424911,LIVER,LIVER
2,3,90229016806,10026355,LIVER,LIVER
2,3,90254016806,10044760,LIVER,LIVER
2,3,90574016803,10680837,LIVER,LIVER
2,3,90248016806,10043950,LIVER,LIVER
2,3,90259016806,10045309,LIVER,LIVER
2,3,90441017006,10502300,WAT-SC,WAT-SC
2,3,90266017006,10046380,WAT-SC,WAT-SC
2,3,90423017006,10424911,WAT-SC,WAT-SC
2,3,90248017006,10043950,WAT-SC,WAT-SC
2,3,90281017006,10106383,WAT-SC,WAT-SC
2,3,90430017006,10561072,WAT-SC,LUNG
2,3,90254017006,10044760,WAT-SC,WAT-SC
2,3,90229017006,10026355,WAT-SC,LIVER
2,3,90574017003,10680837,WAT-SC,WAT-SC
2,3,90218017006,10024735,WAT-SC,LUNG
2,3,90259017006,10045309,WAT-SC,WAT-SC
2,3,90578017006,10734945,WAT-SC,WAT-SC
2,5,90578015305,10734945,CORTEX,CORTEX
2,5,90423015305,10424911,CORTEX,CORTEX
2,5,90229015305,10026355,CORTEX,CORTEX
2,5,90574015305,10680837,CORTEX,CORTEX
2,5,90430015305,10561072,CORTEX,CORTEX
2,5,90441015305,10502300,CORTEX,CORTEX
2,5,90218015305,10024735,CORTEX,CORTEX
2,5,90259015305,10045309,CORTEX,CORTEX
2,5,90248015305,10043950,CORTEX,CORTEX
2,5,90266015305,10046380,CORTEX,CORTEX
2,5,90254015305,10044760,CORTEX,CORTEX
2,5,90281015305,10106383,CORTEX,CORTEX
2,5,90281015507,10106383,SKM-GN,SKM-GN
2,5,90423015507,10424911,SKM-GN,SKM-GN
2,5,90229015507,10026355,SKM-GN,SKM-GN
2,5,90441015507,10502300,SKM-GN,SKM-GN
2,5,90248015507,10043950,SKM-GN,SKM-GN
2,5,90430015507,10561072,SKM-GN,SKM-GN
2,5,90254015507,10044760,SKM-GN,SKM-GN
2,5,90574015503,10680837,SKM-GN,SKM-GN
2,5,90218015507,10024735,SKM-GN,SKM-GN
2,5,90259015507,10045309,SKM-GN,SKM-GN
2,5,90266015507,10046380,SKM-GN,SKM-GN
2,5,90578015507,10734945,SKM-GN,SKM-GN
2,5,90441015805,10502300,HEART,HEART
2,5,90218015805,10024735,HEART,HEART
2,5,90430015805,10561072,HEART,HEART
2,5,90266015805,10046380,HEART,HEART
2,5,90578015805,10734945,HEART,HEART
2,5,90281015805,10106383,HEART,HEART
2,5,90423015805,10424911,HEART,HEART
2,5,90229015805,10026355,HEART,HEART
2,5,90254015805,10044760,HEART,HEART
2,5,90574015802,10680837,HEART,HEART
2,5,90248015805,10043950,HEART,HEART
2,5,90259015805,10045309,HEART,HEART
2,5,90430015909,10561072,KIDNEY,KIDNEY
2,5,90259015909,10045309,KIDNEY,KIDNEY
2,5,90266015909,10046380,KIDNEY,KIDNEY
2,5,90574015909,10680837,KIDNEY,KIDNEY
2,5,90441015909,10502300,KIDNEY,KIDNEY
2,5,90423015909,10424911,KIDNEY,KIDNEY
2,5,90229015909,10026355,KIDNEY,KIDNEY
2,5,90281015909,10106383,KIDNEY,KIDNEY
2,5,90254015909,10044760,KIDNEY,KIDNEY
2,5,90578015909,10734945,KIDNEY,KIDNEY
2,5,90248015909,10043950,KIDNEY,KIDNEY
2,5,90218015909,10024735,KIDNEY,KIDNEY
2,5,90254016609,10044760,LUNG,LUNG
2,5,90574016609,10680837,LUNG,LUNG
2,5,90441016609,10502300,LUNG,LUNG
2,5,90259016609,10045309,LUNG,LUNG
2,5,90218016609,10024735,LUNG,LUNG
2,5,90423016609,10424911,LUNG,LUNG
2,5,90229016609,10026355,LUNG,LUNG
2,5,90430016609,10561072,LUNG,LUNG
2,5,90578016609,10734945,LUNG,LUNG
2,5,90248016609,10043950,LUNG,LUNG
2,5,90266016609,10046380,LUNG,LUNG
2,5,90281016609,10106383,LUNG,LUNG
2,5,90441016806,10502300,LIVER,LIVER
2,5,90218016806,10024735,LIVER,LIVER
2,5,90430016806,10561072,LIVER,LIVER
2,5,90266016806,10046380,LIVER,LIVER
2,5,90578016806,10734945,LIVER,LIVER
2,5,90281016806,10106383,LIVER,LIVER
2,5,90423016806,10424911,LIVER,LIVER
2,5,90229016806,10026355,LIVER,LIVER
2,5,90254016806,10044760,LIVER,LIVER
2,5,90574016803,10680837,LIVER,LIVER
2,5,90248016806,10043950,LIVER,LIVER
2,5,90259016806,10045309,LIVER,LIVER
2,5,90441017006,10502300,WAT-SC,WAT-SC
2,5,90266017006,10046380,WAT-SC,WAT-SC
2,5,90423017006,10424911,WAT-SC,WAT-SC
2,5,90248017006,10043950,WAT-SC,WAT-SC
2,5,90281017006,10106383,WAT-SC,WAT-SC
2,5,90430017006,10561072,WAT-SC,WAT-SC
2,5,90254017006,10044760,WAT-SC,WAT-SC
2,5,90229017006,10026355,WAT-SC,WAT-SC
2,5,90574017003,10680837,WAT-SC,WAT-SC
2,5,90218017006,10024735,WAT-SC,WAT-SC
2,5,90259017006,10045309,WAT-SC,WAT-SC
2,5,90578017006,10734945,WAT-SC,WAT-SC
2,8,90578015305,10734945,CORTEX,CORTEX
2,8,90423015305,10424911,CORTEX,CORTEX
2,8,90229015305,10026355,CORTEX,CORTEX
2,8,90574015305,10680837,CORTEX,CORTEX
2,8,90430015305,10561072,CORTEX,CORTEX
2,8,90441015305,10502300,CORTEX,CORTEX
2,8,90218015305,10024735,CORTEX,CORTEX
2,8,90259015305,10045309,CORTEX,CORTEX
2,8,90248015305,10043950,CORTEX,CORTEX
2,8,90266015305,10046380,CORTEX,CORTEX
2,8,90254015305,10044760,CORTEX,CORTEX
2,8,90281015305,10106383,CORTEX,CORTEX
2,8,90281015507,10106383,SKM-GN,SKM-GN
2,8,90423015507,10424911,SKM-GN,SKM-GN
2,8,90229015507,10026355,SKM-GN,SKM-GN
2,8,90441015507,10502300,SKM-GN,SKM-GN
2,8,90248015507,10043950,SKM-GN,SKM-GN
2,8,90430015507,10561072,SKM-GN,SKM-GN
2,8,90254015507,10044760,SKM-GN,SKM-GN
2,8,90574015503,10680837,SKM-GN,SKM-GN
2,8,90218015507,10024735,SKM-GN,SKM-GN
2,8,90259015507,10045309,SKM-GN,SKM-GN
2,8,90266015507,10046380,SKM-GN,SKM-GN
2,8,90578015507,10734945,SKM-GN,SKM-GN
2,8,90441015805,10502300,HEART,HEART
2,8,90218015805,10024735,HEART,HEART
2,8,90430015805,10561072,HEART,HEART
2,8,90266015805,10046380,HEART,HEART
2,8,90578015805,10734945,HEART,HEART
2,8,90281015805,10106383,HEART,HEART
2,8,90423015805,10424911,HEART,HEART
2,8,90229015805,10026355,HEART,HEART
2,8,90254015805,10044760,HEART,HEART
2,8,90574015802,10680837,HEART,HEART
2,8,90248015805,10043950,HEART,HEART
2,8,90259015805,10045309,HEART,HEART
2,8,90430015909,10561072,KIDNEY,KIDNEY
2,8,90259015909,10045309,KIDNEY,KIDNEY
2,8,90266015909,10046380,KIDNEY,KIDNEY
2,8,90574015909,10680837,KIDNEY,KIDNEY
2,8,90441015909,10502300,KIDNEY,KIDNEY
2,8,90423015909,10424911,KIDNEY,KIDNEY
2,8,90229015909,10026355,KIDNEY,KIDNEY
2,8,90281015909,10106383,KIDNEY,KIDNEY
2,8,90254015909,10044760,KIDNEY,KIDNEY
2,8,90578015909,10734945,KIDNEY,KIDNEY
2,8,90248015909,10043950,KIDNEY,KIDNEY
2,8,90218015909,10024735,KIDNEY,KIDNEY
2,8,90254016609,10044760,LUNG,LUNG
2,8,90574016609,10680837,LUNG,LUNG
2,8,90441016609,10502300,LUNG,LUNG
2,8,90259016609,10045309,LUNG,LUNG
2,8,90218016609,10024735,LUNG,LUNG
2,8,90423016609,10424911,LUNG,LUNG
2,8,90229016609,10026355,LUNG,LUNG
2,8,90430016609,10561072,LUNG,LUNG
2,8,90578016609,10734945,LUNG,LUNG
2,8,90248016609,10043950,LUNG,LUNG
2,8,90266016609,10046380,LUNG,LUNG
2,8,90281016609,10106383,LUNG,LUNG
2,8,90441016806,10502300,LIVER,LIVER
2,8,90218016806,10024735,LIVER,LIVER
2,8,90430016806,10561072,LIVER,LIVER
2,8,90266016806,10046380,LIVER,LIVER
2,8,90578016806,10734945,LIVER,LIVER
2,8,90281016806,10106383,LIVER,LIVER
2,8,90423016806,10424911,LIVER,LIVER
2,8,90229016806,10026355,LIVER,LIVER
2,8,90254016806,10044760,LIVER,LIVER
2,8,90574016803,10680837,LIVER,LIVER
2,8,90248016806,10043950,LIVER,LIVER
2,8,90259016806,10045309,LIVER,LIVER
2,8,90441017006,10502300,WAT-SC,WAT-SC
2,8,90266017006,10046380,WAT-SC,WAT-SC
2,8,90423017006,10424911,WAT-SC,WAT-SC
2,8,90248017006,10043950,WAT-SC,WAT-SC
2,8,90281017006,10106383,WAT-SC,WAT-SC
2,8,90430017006,10561072,WAT-SC,WAT-SC
2,8,90254017006,10044760,WAT-SC,WAT-SC
2,8,90229017006,10026355,WAT-SC,WAT-SC
2,8,90574017003,10680837,WAT-SC,WAT-SC
2,8,90218017006,10024735,WAT-SC,WAT-SC
2,8,90259017006,10045309,WAT-SC,WAT-SC
2,8,90578017006,10734945,WAT-SC,WAT-SC
2,10,90578015305,10734945,CORTEX,CORTEX
2,10,90423015305,10424911,CORTEX,CORTEX
2,10,90229015305,10026355,CORTEX,CORTEX
2,10,90574015305,10680837,CORTEX,CORTEX
2,10,90430015305,10561072,CORTEX,CORTEX
2,10,90441015305,10502300,CORTEX,CORTEX
2,10,90218015305,10024735,CORTEX,CORTEX
2,10,90259015305,10045309,CORTEX,CORTEX
2,10,90248015305,10043950,CORTEX,CORTEX
2,10,90266015305,10046380,CORTEX,CORTEX
2,10,90254015305,10044760,CORTEX,CORTEX
2,10,90281015305,10106383,CORTEX,CORTEX
2,10,90281015507,10106383,SKM-GN,SKM-GN
2,10,90423015507,10424911,SKM-GN,SKM-GN
2,10,90229015507,10026355,SKM-GN,SKM-GN
2,10,90441015507,10502300,SKM-GN,SKM-GN
2,10,90248015507,10043950,SKM-GN,SKM-GN
2,10,90430015507,10561072,SKM-GN,SKM-GN
2,10,90254015507,10044760,SKM-GN,SKM-GN
2,10,90574015503,10680837,SKM-GN,SKM-GN
2,10,90218015507,10024735,SKM-GN,SKM-GN
2,10,90259015507,10045309,SKM-GN,SKM-GN
2,10,90266015507,10046380,SKM-GN,SKM-GN
2,10,90578015507,10734945,SKM-GN,SKM-GN
2,10,90441015805,10502300,HEART,HEART
2,10,90218015805,10024735,HEART,HEART
2,10,90430015805,10561072,HEART,HEART
2,10,90266015805,10046380,HEART,HEART
2,10,90578015805,10734945,HEART,HEART
2,10,90281015805,10106383,HEART,HEART
2,10,90423015805,10424911,HEART,HEART
2,10,90229015805,10026355,HEART,HEART
2,10,90254015805,10044760,HEART,HEART
2,10,90574015802,10680837,HEART,HEART
2,10,90248015805,10043950,HEART,HEART
2,10,90259015805,10045309,HEART,HEART
2,10,90430015909,10561072,KIDNEY,KIDNEY
2,10,90259015909,10045309,KIDNEY,KIDNEY
2,10,90266015909,10046380,KIDNEY,KIDNEY
2,10,90574015909,10680837,KIDNEY,KIDNEY
2,10,90441015909,10502300,KIDNEY,KIDNEY
2,10,90423015909,10424911,KIDNEY,KIDNEY
2,10,90229015909,10026355,KIDNEY,KIDNEY
2,10,90281015909,10106383,KIDNEY,KIDNEY
2,10,90254015909,10044760,KIDNEY,KIDNEY
2,10,90578015909,10734945,KIDNEY,KIDNEY
2,10,90248015909,10043950,KIDNEY,KIDNEY
2,10,90218015909,10024735,KIDNEY,KIDNEY
2,10,90254016609,10044760,LUNG,LUNG
2,10,90574016609,10680837,LUNG,LUNG
2,10,90441016609,10502300,LUNG,LUNG
2,10,90259016609,10045309,LUNG,LUNG
2,10,90218016609,10024735,LUNG,LUNG
2,10,90423016609,10424911,LUNG,LUNG
2,10,90229016609,10026355,LUNG,LUNG
2,10,90430016609,10561072,LUNG,LUNG
2,10,90578016609,10734945,LUNG,LUNG
2,10,90248016609,10043950,LUNG,LUNG
2,10,90266016609,10046380,LUNG,LUNG
2,10,90281016609,10106383,LUNG,LUNG
2,10,90441016806,10502300,LIVER,LIVER
2,10,90218016806,10024735,LIVER,LIVER
2,10,90430016806,10561072,LIVER,LIVER
2,10,90266016806,10046380,LIVER,LIVER
2,10,90578016806,10734945,LIVER,LIVER
2,10,90281016806,10106383,LIVER,LIVER
2,10,90423016806,10424911,LIVER,LIVER
2,10,90229016806,10026355,LIVER,LIVER
2,10,90254016806,10044760,LIVER,LIVER
2,10,90574016803,10680837,LIVER,LIVER
2,10,90248016806,10043950,LIVER,LIVER
2,10,90259016806,10045309,LIVER,LIVER
2,10,90441017006,10502300,WAT-SC,WAT-SC
2,10,90266017006,10046380,WAT-SC,WAT-SC
2,10,90423017006,10424911,WAT-SC,WAT-SC
2,10,90248017006,10043950,WAT-SC,WAT-SC
2,10,90281017006,10106383,WAT-SC,WAT-SC
2,10,90430017006,10561072,WAT-SC,WAT-SC
2,10,90254017006,10044760,WAT-SC,WAT-SC
2,10,90229017006,10026355,WAT-SC,WAT-SC
2,10,90574017003,10680837,WAT-SC,WAT-SC
2,10,90218017006,10024735,WAT-SC,WAT-SC
2,10,90259017006,10045309,WAT-SC,WAT-SC
2,10,90578017006,10734945,WAT-SC,WAT-SC
2,15,90578015305,10734945,CORTEX,CORTEX
2,15,90423015305,10424911,CORTEX,CORTEX
2,15,90229015305,10026355,CORTEX,CORTEX
2,15,90574015305,10680837,CORTEX,CORTEX
2,15,90430015305,10561072,CORTEX,CORTEX
2,15,90441015305,10502300,CORTEX,CORTEX
2,15,90218015305,10024735,CORTEX,CORTEX
2,15,90259015305,10045309,CORTEX,CORTEX
2,15,90248015305,10043950,CORTEX,CORTEX
2,15,90266015305,10046380,CORTEX,CORTEX
2,15,90254015305,10044760,CORTEX,CORTEX
2,15,90281015305,10106383,CORTEX,CORTEX
2,15,90281015507,10106383,SKM-GN,SKM-GN
2,15,90423015507,10424911,SKM-GN,SKM-GN
2,15,90229015507,10026355,SKM-GN,SKM-GN
2,15,90441015507,10502300,SKM-GN,SKM-GN
2,15,90248015507,10043950,SKM-GN,SKM-GN
2,15,90430015507,10561072,SKM-GN,SKM-GN
2,15,90254015507,10044760,SKM-GN,SKM-GN
2,15,90574015503,10680837,SKM-GN,SKM-GN
2,15,90218015507,10024735,SKM-GN,SKM-GN
2,15,90259015507,10045309,SKM-GN,SKM-GN
2,15,90266015507,10046380,SKM-GN,SKM-GN
2,15,90578015507,10734945,SKM-GN,SKM-GN
2,15,90441015805,10502300,HEART,HEART
2,15,90218015805,10024735,HEART,HEART
2,15,90430015805,10561072,HEART,HEART
2,15,90266015805,10046380,HEART,HEART
2,15,90578015805,10734945,HEART,HEART
2,15,90281015805,10106383,HEART,HEART
2,15,90423015805,10424911,HEART,HEART
2,15,90229015805,10026355,HEART,HEART
2,15,90254015805,10044760,HEART,HEART
2,15,90574015802,10680837,HEART,HEART
2,15,90248015805,10043950,HEART,HEART
2,15,90259015805,10045309,HEART,HEART
2,15,90430015909,10561072,KIDNEY,KIDNEY
2,15,90259015909,10045309,KIDNEY,KIDNEY
2,15,90266015909,10046380,KIDNEY,KIDNEY
2,15,90574015909,10680837,KIDNEY,KIDNEY
2,15,90441015909,10502300,KIDNEY,KIDNEY
2,15,90423015909,10424911,KIDNEY,KIDNEY
2,15,90229015909,10026355,KIDNEY,KIDNEY
2,15,90281015909,10106383,KIDNEY,KIDNEY
2,15,90254015909,10044760,KIDNEY,KIDNEY
2,15,90578015909,10734945,KIDNEY,KIDNEY
2,15,90248015909,10043950,KIDNEY,KIDNEY
2,15,90218015909,10024735,KIDNEY,KIDNEY
2,15,90254016609,10044760,LUNG,LUNG
2,15,90574016609,10680837,LUNG,LUNG
2,15,90441016609,10502300,LUNG,LUNG
2,15,90259016609,10045309,LUNG,LUNG
2,15,90218016609,10024735,LUNG,LUNG
2,15,90423016609,10424911,LUNG,LUNG
2,15,90229016609,10026355,LUNG,LUNG
2,15,90430016609,10561072,LUNG,LUNG
2,15,90578016609,10734945,LUNG,LUNG
2,15,90248016609,10043950,LUNG,LUNG
2,15,90266016609,10046380,LUNG,LUNG
2,15,90281016609,10106383,LUNG,LUNG
2,15,90441016806,10502300,LIVER,LIVER
2,15,90218016806,10024735,LIVER,LIVER
2,15,90430016806,10561072,LIVER,LIVER
2,15,90266016806,10046380,LIVER,LIVER
2,15,90578016806,10734945,LIVER,LIVER
2,15,90281016806,10106383,LIVER,LIVER
2,15,90423016806,10424911,LIVER,LIVER
2,15,90229016806,10026355,LIVER,LIVER
2,15,90254016806,10044760,LIVER,LIVER
2,15,90574016803,10680837,LIVER,LIVER
2,15,90248016806,10043950,LIVER,LIVER
2,15,90259016806,10045309,LIVER,LIVER
2,15,90441017006,10502300,WAT-SC,WAT-SC
2,15,90266017006,10046380,WAT-SC,WAT-SC
2,15,90423017006,10424911,WAT-SC,WAT-SC
2,15,90248017006,10043950,WAT-SC,WAT-SC
2,15,90281017006,10106383,WAT-SC,WAT-SC
2,15,90430017006,10561072,WAT-SC,WAT-SC
2,15,90254017006,10044760,WAT-SC,WAT-SC
2,15,90229017006,10026355,WAT-SC,WAT-SC
2,15,90574017003,10680837,WAT-SC,WAT-SC
2,15,90218017006,10024735,WAT-SC,WAT-SC
2,15,90259017006,10045309,WAT-SC,WAT-SC
2,15,90578017006,10734945,WAT-SC,WAT-SC
2,20,90578015305,10734945,CORTEX,CORTEX
2,20,90423015305,10424911,CORTEX,CORTEX
2,20,90229015305,10026355,CORTEX,CORTEX
2,20,90574015305,10680837,CORTEX,CORTEX
2,20,90430015305,10561072,CORTEX,CORTEX
2,20,90441015305,10502300,CORTEX,CORTEX
2,20,90218015305,10024735,CORTEX,CORTEX
2,20,90259015305,10045309,CORTEX,CORTEX
2,20,90248015305,10043950,CORTEX,CORTEX
2,20,90266015305,10046380,CORTEX,CORTEX
2,20,90254015305,10044760,CORTEX,CORTEX
2,20,90281015305,10106383,CORTEX,CORTEX
2,20,90281015507,10106383,SKM-GN,SKM-GN
2,20,90423015507,10424911,SKM-GN,SKM-GN
2,20,90229015507,10026355,SKM-GN,SKM-GN
2,20,90441015507,10502300,SKM-GN,SKM-GN
2,20,90248015507,10043950,SKM-GN,SKM-GN
2,20,90430015507,10561072,SKM-GN,SKM-GN
2,20,90254015507,10044760,SKM-GN,SKM-GN
2,20,90574015503,10680837,SKM-GN,SKM-GN
2,20,90218015507,10024735,SKM-GN,SKM-GN
2,20,90259015507,10045309,SKM-GN,SKM-GN
2,20,90266015507,10046380,SKM-GN,SKM-GN
2,20,90578015507,10734945,SKM-GN,SKM-GN
2,20,90441015805,10502300,HEART,HEART
2,20,90218015805,10024735,HEART,HEART
2,20,90430015805,10561072,HEART,HEART
2,20,90266015805,10046380,HEART,HEART
2,20,90578015805,10734945,HEART,HEART
2,20,90281015805,10106383,HEART,HEART
2,20,90423015805,10424911,HEART,HEART
2,20,90229015805,10026355,HEART,HEART
2,20,90254015805,10044760,HEART,HEART
2,20,90574015802,10680837,HEART,HEART
2,20,90248015805,10043950,HEART,HEART
2,20,90259015805,10045309,HEART,HEART
2,20,90430015909,10561072,KIDNEY,KIDNEY
2,20,90259015909,10045309,KIDNEY,KIDNEY
2,20,90266015909,10046380,KIDNEY,KIDNEY
2,20,90574015909,10680837,KIDNEY,KIDNEY
2,20,90441015909,10502300,KIDNEY,KIDNEY
2,20,90423015909,10424911,KIDNEY,KIDNEY
2,20,90229015909,10026355,KIDNEY,KIDNEY
2,20,90281015909,10106383,KIDNEY,KIDNEY
2,20,90254015909,10044760,KIDNEY,KIDNEY
2,20,90578015909,10734945,KIDNEY,KIDNEY
2,20,90248015909,10043950,KIDNEY,KIDNEY
2,20,90218015909,10024735,KIDNEY,KIDNEY
2,20,90254016609,10044760,LUNG,LUNG
2,20,90574016609,10680837,LUNG,LUNG
2,20,90441016609,10502300,LUNG,LUNG
2,20,90259016609,10045309,LUNG,LUNG
2,20,90218016609,10024735,LUNG,LUNG
2,20,90423016609,10424911,LUNG,LUNG
2,20,90229016609,10026355,LUNG,LUNG
2,20,90430016609,10561072,LUNG,LUNG
2,20,90578016609,10734945,LUNG,LUNG
2,20,90248016609,10043950,LUNG,LUNG
2,20,90266016609,10046380,LUNG,LUNG
2,20,90281016609,10106383,LUNG,LUNG
2,20,90441016806,10502300,LIVER,LIVER
2,20,90218016806,10024735,LIVER,LIVER
2,20,90430016806,10561072,LIVER,LIVER
2,20,90266016806,10046380,LIVER,LIVER
2,20,90578016806,10734945,LIVER,LIVER
2,20,90281016806,10106383,LIVER,LIVER
2,20,90423016806,10424911,LIVER,LIVER
2,20,90229016806,10026355,LIVER,LIVER
2,20,90254016806,10044760,LIVER,LIVER
2,20,90574016803,10680837,LIVER,LIVER
2,20,90248016806,10043950,LIVER,LIVER
2,20,90259016806,10045309,LIVER,LIVER
2,20,90441017006,10502300,WAT-SC,WAT-SC
2,20,90266017006,10046380,WAT-SC,WAT-SC
2,20,90423017006,10424911,WAT-SC,WAT-SC
2,20,90248017006,10043950,WAT-SC,WAT-SC
2,20,90281017006,10106383,WAT-SC,WAT-SC
2,20,90430017006,10561072,WAT-SC,WAT-SC
2,20,90254017006,10044760,WAT-SC,WAT-SC
2,20,90229017006,10026355,WAT-SC,WAT-SC
2,20,90574017003,10680837,WAT-SC,WAT-SC
2,20,90218017006,10024735,WAT-SC,WAT-SC
2,20,90259017006,10045309,WAT-SC,WAT-SC
2,20,90578017006,10734945,WAT-SC,WAT-SC
2,30,90578015305,10734945,CORTEX,CORTEX
2,30,90423015305,10424911,CORTEX,CORTEX
2,30,90229015305,10026355,CORTEX,CORTEX
2,30,90574015305,10680837,CORTEX,CORTEX
2,30,90430015305,10561072,CORTEX,CORTEX
2,30,90441015305,10502300,CORTEX,CORTEX
2,30,90218015305,10024735,CORTEX,CORTEX
2,30,90259015305,10045309,CORTEX,CORTEX
2,30,90248015305,10043950,CORTEX,CORTEX
2,30,90266015305,10046380,CORTEX,CORTEX
2,30,90254015305,10044760,CORTEX,CORTEX
2,30,90281015305,10106383,CORTEX,CORTEX
2,30,90281015507,10106383,SKM-GN,SKM-GN
2,30,90423015507,10424911,SKM-GN,SKM-GN
2,30,90229015507,10026355,SKM-GN,SKM-GN
2,30,90441015507,10502300,SKM-GN,SKM-GN
2,30,90248015507,10043950,SKM-GN,SKM-GN
2,30,90430015507,10561072,SKM-GN,SKM-GN
2,30,90254015507,10044760,SKM-GN,SKM-GN
2,30,90574015503,10680837,SKM-GN,SKM-GN
2,30,90218015507,10024735,SKM-GN,SKM-GN
2,30,90259015507,10045309,SKM-GN,SKM-GN
2,30,90266015507,10046380,SKM-GN,SKM-GN
2,30,90578015507,10734945,SKM-GN,SKM-GN
2,30,90441015805,10502300,HEART,HEART
2,30,90218015805,10024735,HEART,HEART
2,30,90430015805,10561072,HEART,HEART
2,30,90266015805,10046380,HEART,HEART
2,30,90578015805,10734945,HEART,HEART
2,30,90281015805,10106383,HEART,HEART
2,30,90423015805,10424911,HEART,HEART
2,30,90229015805,10026355,HEART,HEART
2,30,90254015805,10044760,HEART,HEART
2,30,90574015802,10680837,HEART,HEART
2,30,90248015805,10043950,HEART,HEART
2,30,90259015805,10045309,HEART,HEART
2,30,90430015909,10561072,KIDNEY,KIDNEY
2,30,90259015909,10045309,KIDNEY,KIDNEY
2,30,90266015909,10046380,KIDNEY,KIDNEY
2,30,90574015909,10680837,KIDNEY,KIDNEY
2,30,90441015909,10502300,KIDNEY,KIDNEY
2,30,90423015909,10424911,KIDNEY,KIDNEY
2,30,90229015909,10026355,KIDNEY,KIDNEY
2,30,90281015909,10106383,KIDNEY,KIDNEY
2,30,90254015909,10044760,KIDNEY,KIDNEY
2,30,90578015909,10734945,KIDNEY,KIDNEY
2,30,90248015909,10043950,KIDNEY,KIDNEY
2,30,90218015909,10024735,KIDNEY,KIDNEY
2,30,90254016609,10044760,LUNG,LUNG
2,30,90574016609,10680837,LUNG,LUNG
2,30,90441016609,10502300,LUNG,LUNG
2,30,90259016609,10045309,LUNG,LUNG
2,30,90218016609,10024735,LUNG,LUNG
2,30,90423016609,10424911,LUNG,LUNG
2,30,90229016609,10026355,LUNG,LUNG
2,30,90430016609,10561072,LUNG,LUNG
2,30,90578016609,10734945,LUNG,LUNG
2,30,90248016609,10043950,LUNG,LUNG
2,30,90266016609,10046380,LUNG,LUNG
2,30,90281016609,10106383,LUNG,LUNG
2,30,90441016806,10502300,LIVER,LIVER
2,30,90218016806,10024735,LIVER,LIVER
2,30,90430016806,10561072,LIVER,LIVER
2,30,90266016806,10046380,LIVER,LIVER
2,30,90578016806,10734945,LIVER,LIVER
2,30,90281016806,10106383,LIVER,LIVER
2,30,90423016806,10424911,LIVER,LIVER
2,30,90229016806,10026355,LIVER,LIVER
2,30,90254016806,10044760,LIVER,LIVER
2,30,90574016803,10680837,LIVER,LIVER
2,30,90248016806,10043950,LIVER,LIVER
2,30,90259016806,10045309,LIVER,LIVER
2,30,90441017006,10502300,WAT-SC,WAT-SC
2,30,90266017006,10046380,WAT-SC,WAT-SC
2,30,90423017006,10424911,WAT-SC,WAT-SC
2,30,90248017006,10043950,WAT-SC,WAT-SC
2,30,90281017006,10106383,WAT-SC,WAT-SC
2,30,90430017006,10561072,WAT-SC,WAT-SC
2,30,90254017006,10044760,WAT-SC,WAT-SC
2,30,90229017006,10026355,WAT-SC,WAT-SC
2,30,90574017003,10680837,WAT-SC,WAT-SC
2,30,90218017006,10024735,WAT-SC,WAT-SC
2,30,90259017006,10045309,WAT-SC,WAT-SC
2,30,90578017006,10734945,WAT-SC,WAT-SC
2,50,90578015305,10734945,CORTEX,CORTEX
2,50,90423015305,10424911,CORTEX,CORTEX
2,50,90229015305,10026355,CORTEX,CORTEX
2,50,90574015305,10680837,CORTEX,CORTEX
2,50,90430015305,10561072,CORTEX,CORTEX
2,50,90441015305,10502300,CORTEX,CORTEX
2,50,90218015305,10024735,CORTEX,CORTEX
2,50,90259015305,10045309,CORTEX,CORTEX
2,50,90248015305,10043950,CORTEX,CORTEX
2,50,90266015305,10046380,CORTEX,CORTEX
2,50,90254015305,10044760,CORTEX,CORTEX
2,50,90281015305,10106383,CORTEX,CORTEX
2,50,90281015507,10106383,SKM-GN,SKM-GN
2,50,90423015507,10424911,SKM-GN,SKM-GN
2,50,90229015507,10026355,SKM-GN,SKM-GN
2,50,90441015507,10502300,SKM-GN,SKM-GN
2,50,90248015507,10043950,SKM-GN,SKM-GN
2,50,90430015507,10561072,SKM-GN,SKM-GN
2,50,90254015507,10044760,SKM-GN,SKM-GN
2,50,90574015503,10680837,SKM-GN,SKM-GN
2,50,90218015507,10024735,SKM-GN,SKM-GN
2,50,90259015507,10045309,SKM-GN,SKM-GN
2,50,90266015507,10046380,SKM-GN,SKM-GN
2,50,90578015507,10734945,SKM-GN,SKM-GN
2,50,90441015805,10502300,HEART,HEART
2,50,90218015805,10024735,HEART,HEART
2,50,90430015805,10561072,HEART,HEART
2,50,90266015805,10046380,HEART,HEART
2,50,90578015805,10734945,HEART,HEART
2,50,90281015805,10106383,HEART,HEART
2,50,90423015805,10424911,HEART,HEART
2,50,90229015805,10026355,HEART,HEART
2,50,90254015805,10044760,HEART,HEART
2,50,90574015802,10680837,HEART,HEART
2,50,90248015805,10043950,HEART,HEART
2,50,90259015805,10045309,HEART,HEART
2,50,90430015909,10561072,KIDNEY,KIDNEY
2,50,90259015909,10045309,KIDNEY,KIDNEY
2,50,90266015909,10046380,KIDNEY,KIDNEY
2,50,90574015909,10680837,KIDNEY,KIDNEY
2,50,90441015909,10502300,KIDNEY,KIDNEY
2,50,90423015909,10424911,KIDNEY,KIDNEY
2,50,90229015909,10026355,KIDNEY,KIDNEY
2,50,90281015909,10106383,KIDNEY,KIDNEY
2,50,90254015909,10044760,KIDNEY,KIDNEY
2,50,90578015909,10734945,KIDNEY,KIDNEY
2,50,90248015909,10043950,KIDNEY,KIDNEY
2,50,90218015909,10024735,KIDNEY,KIDNEY
2,50,90254016609,10044760,LUNG,LUNG
2,50,90574016609,10680837,LUNG,LUNG
2,50,90441016609,10502300,LUNG,LUNG
2,50,90259016609,10045309,LUNG,LUNG
2,50,90218016609,10024735,LUNG,LUNG
2,50,90423016609,10424911,LUNG,LUNG
2,50,90229016609,10026355,LUNG,LUNG
2,50,90430016609,10561072,LUNG,LUNG
2,50,90578016609,10734945,LUNG,LUNG
2,50,90248016609,10043950,LUNG,LUNG
2,50,90266016609,10046380,LUNG,LUNG
2,50,90281016609,10106383,LUNG,LUNG
2,50,90441016806,10502300,LIVER,LIVER
2,50,90218016806,10024735,LIVER,LIVER
2,50,90430016806,10561072,LIVER,LIVER
2,50,90266016806,10046380,LIVER,LIVER
2,50,90578016806,10734945,LIVER,LIVER
2,50,90281016806,10106383,LIVER,LIVER
2,50,90423016806,10424911,LIVER,LIVER
2,50,90229016806,10026355,LIVER,LIVER
2,50,90254016806,10044760,LIVER,LIVER
2,50,90574016803,10680837,LIVER,LIVER
2,50,90248016806,10043950,LIVER,LIVER
2,50,90259016806,10045309,LIVER,LIVER
2,50,90441017006,10502300,WAT-SC,WAT-SC
2,50,90266017006,10046380,WAT-SC,WAT-SC
2,50,90423017006,10424911,WAT-SC,WAT-SC
2,50,90248017006,10043950,WAT-SC,WAT-SC
2,50,90281017006,10106383,WAT-SC,WAT-SC
2,50,90430017006,10561072,WAT-SC,WAT-SC
2,50,90254017006,10044760,WAT-SC,WAT-SC
2,50,90229017006,10026355,WAT-SC,WAT-SC
2,50,90574017003,10680837,WAT-SC,WAT-SC
2,50,90218017006,10024735,WAT-SC,WAT-SC
2,50,90259017006,10045309,WAT-SC,WAT-SC
2,50,90578017006,10734945,WAT-SC,WAT-SC
2,100,90578015305,10734945,CORTEX,CORTEX
2,100,90423015305,10424911,CORTEX,CORTEX
2,100,90229015305,10026355,CORTEX,CORTEX
2,100,90574015305,10680837,CORTEX,CORTEX
2,100,90430015305,10561072,CORTEX,CORTEX
2,100,90441015305,10502300,CORTEX,CORTEX
2,100,90218015305,10024735,CORTEX,CORTEX
2,100,90259015305,10045309,CORTEX,CORTEX
2,100,90248015305,10043950,CORTEX,CORTEX
2,100,90266015305,10046380,CORTEX,CORTEX
2,100,90254015305,10044760,CORTEX,CORTEX
2,100,90281015305,10106383,CORTEX,CORTEX
2,100,90281015507,10106383,SKM-GN,SKM-GN
2,100,90423015507,10424911,SKM-GN,SKM-GN
2,100,90229015507,10026355,SKM-GN,SKM-GN
2,100,90441015507,10502300,SKM-GN,SKM-GN
2,100,90248015507,10043950,SKM-GN,SKM-GN
2,100,90430015507,10561072,SKM-GN,SKM-GN
2,100,90254015507,10044760,SKM-GN,SKM-GN
2,100,90574015503,10680837,SKM-GN,SKM-GN
2,100,90218015507,10024735,SKM-GN,SKM-GN
2,100,90259015507,10045309,SKM-GN,SKM-GN
2,100,90266015507,10046380,SKM-GN,SKM-GN
2,100,90578015507,10734945,SKM-GN,SKM-GN
2,100,90441015805,10502300,HEART,HEART
2,100,90218015805,10024735,HEART,HEART
2,100,90430015805,10561072,HEART,HEART
2,100,90266015805,10046380,HEART,HEART
2,100,90578015805,10734945,HEART,HEART
2,100,90281015805,10106383,HEART,HEART
2,100,90423015805,10424911,HEART,HEART
2,100,90229015805,10026355,HEART,HEART
2,100,90254015805,10044760,HEART,HEART
2,100,90574015802,10680837,HEART,HEART
2,100,90248015805,10043950,HEART,HEART
2,100,90259015805,10045309,HEART,HEART
2,100,90430015909,10561072,KIDNEY,KIDNEY
2,100,90259015909,10045309,KIDNEY,KIDNEY
2,100,90266015909,10046380,KIDNEY,KIDNEY
2,100,90574015909,10680837,KIDNEY,KIDNEY
2,100,90441015909,10502300,KIDNEY,KIDNEY
2,100,90423015909,10424911,KIDNEY,KIDNEY
2,100,90229015909,10026355,KIDNEY,KIDNEY
2,100,90281015909,10106383,KIDNEY,KIDNEY
2,100,90254015909,10044760,KIDNEY,KIDNEY
2,100,90578015909,10734945,KIDNEY,KIDNEY
2,100,90248015909,10043950,KIDNEY,KIDNEY
2,100,90218015909,10024735,KIDNEY,KIDNEY
2,100,90254016609,10044760,LUNG,LUNG
2,100,90574016609,10680837,LUNG,LUNG
2,100,90441016609,10502300,LUNG,LUNG
2,100,90259016609,10045309,LUNG,LUNG
2,100,90218016609,10024735,LUNG,LUNG
2,100,90423016609,10424911,LUNG,LUNG
2,100,90229016609,10026355,LUNG,LUNG
2,100,90430016609,10561072,LUNG,LUNG
2,100,90578016609,10734945,LUNG,LUNG
2,100,90248016609,10043950,LUNG,LUNG
2,100,90266016609,10046380,LUNG,LUNG
2,100,90281016609,10106383,LUNG,LUNG
2,100,90441016806,10502300,LIVER,LIVER
2,100,90218016806,10024735,LIVER,LIVER
2,100,90430016806,10561072,LIVER,LIVER
2,100,90266016806,10046380,LIVER,LIVER
2,100,90578016806,10734945,LIVER,LIVER
2,100,90281016806,10106383,LIVER,LIVER
2,100,90423016806,10424911,LIVER,LIVER
2,100,90229016806,10026355,LIVER,LIVER
2,100,90254016806,10044760,LIVER,LIVER
2,100,90574016803,10680837,LIVER,LIVER
2,100,90248016806,10043950,LIVER,LIVER
2,100,90259016806,10045309,LIVER,LIVER
2,100,90441017006,10502300,WAT-SC,WAT-SC
2,100,90266017006,10046380,WAT-SC,WAT-SC
2,100,90423017006,10424911,WAT-SC,WAT-SC
2,100,90248017006,10043950,WAT-SC,WAT-SC
2,100,90281017006,10106383,WAT-SC,WAT-SC
2,100,90430017006,10561072,WAT-SC,WAT-SC
2,100,90254017006,10044760,WAT-SC,WAT-SC
2,100,90229017006,10026355,WAT-SC,WAT-SC
2,100,90574017003,10680837,WAT-SC,WAT-SC
2,100,90218017006,10024735,WAT-SC,WAT-SC
2,100,90259017006,10045309,WAT-SC,WAT-SC
2,100,90578017006,10734945,WAT-SC,WAT-SC
3,1,90255015305,10044841,CORTEX,CORTEX
3,1,90444015305,10587543,CORTEX,CORTEX
3,1,90234015305,10027165,CORTEX,CORTEX
3,1,90290015305,10204989,CORTEX,CORTEX
3,1,90560015305,10700102,CORTEX,CORTEX
3,1,90406015305,10306471,CORTEX,CORTEX
3,1,90245015305,10043527,CORTEX,CORTEX
3,1,90280015305,10095241,CORTEX,CORTEX
3,1,90581015305,10761160,CORTEX,CORTEX
3,1,90559015305,10950486,CORTEX,CORTEX
3,1,90420015305,10411690,CORTEX,CORTEX
3,1,90421015305,10417702,CORTEX,CORTEX
3,1,90406015507,10306471,SKM-GN,HEART
3,1,90421015507,10417702,SKM-GN,HEART
3,1,90444015507,10587543,SKM-GN,HEART
3,1,90280015507,10095241,SKM-GN,HEART
3,1,90420015507,10411690,SKM-GN,HEART
3,1,90581015507,10761160,SKM-GN,KIDNEY
3,1,90560015507,10700102,SKM-GN,HEART
3,1,90234015503,10027165,SKM-GN,HEART
3,1,90255015503,10044841,SKM-GN,HEART
3,1,90559015507,10950486,SKM-GN,KIDNEY
3,1,90290015503,10204989,SKM-GN,KIDNEY
3,1,90245015507,10043527,SKM-GN,KIDNEY
3,1,90245015805,10043527,HEART,HEART
3,1,90420015805,10411690,HEART,HEART
3,1,90560015805,10700102,HEART,HEART
3,1,90559015805,10950486,HEART,HEART
3,1,90406015805,10306471,HEART,LIVER
3,1,90255015802,10044841,HEART,HEART
3,1,90280015805,10095241,HEART,LIVER
3,1,90421015805,10417702,HEART,LIVER
3,1,90234015802,10027165,HEART,HEART
3,1,90444015805,10587543,HEART,LIVER
3,1,90290015802,10204989,HEART,LIVER
3,1,90581015805,10761160,HEART,HEART
3,1,90245015909,10043527,KIDNEY,KIDNEY
3,1,90290015909,10204989,KIDNEY,KIDNEY
3,1,90280015909,10095241,KIDNEY,HEART
3,1,90581015909,10761160,KIDNEY,HEART
3,1,90421015909,10417702,KIDNEY,HEART
3,1,90255015909,10044841,KIDNEY,KIDNEY
3,1,90559015909,10950486,KIDNEY,KIDNEY
3,1,90420015909,10411690,KIDNEY,KIDNEY
3,1,90444015909,10587543,KIDNEY,KIDNEY
3,1,90234015909,10027165,KIDNEY,KIDNEY
3,1,90560015909,10700102,KIDNEY,KIDNEY
3,1,90406015909,10306471,KIDNEY,HEART
3,1,90406016609,10306471,LUNG,KIDNEY
3,1,90245016609,10043527,LUNG,LUNG
3,1,90420016609,10411690,LUNG,HEART
3,1,90290016609,10204989,LUNG,HEART
3,1,90234016609,10027165,LUNG,HEART
3,1,90560016609,10700102,LUNG,HEART
3,1,90581016609,10761160,LUNG,KIDNEY
3,1,90255016609,10044841,LUNG,KIDNEY
3,1,90280016609,10095241,LUNG,LIVER
3,1,90444016609,10587543,LUNG,KIDNEY
3,1,90559016609,10950486,LUNG,HEART
3,1,90421016609,10417702,LUNG,HEART
3,1,90245016806,10043527,LIVER,HEART
3,1,90420016806,10411690,LIVER,HEART
3,1,90560016806,10700102,LIVER,HEART
3,1,90559016806,10950486,LIVER,WAT-SC
3,1,90406016806,10306471,LIVER,LIVER
3,1,90255016803,10044841,LIVER,WAT-SC
3,1,90280016806,10095241,LIVER,HEART
3,1,90421016806,10417702,LIVER,HEART
3,1,90234016803,10027165,LIVER,HEART
3,1,90444016806,10587543,LIVER,HEART
3,1,90290016803,10204989,LIVER,SKM-GN
3,1,90581016806,10761160,LIVER,SKM-GN
3,1,90421017006,10417702,WAT-SC,LIVER
3,1,90290017003,10204989,WAT-SC,LIVER
3,1,90559017006,10950486,WAT-SC,HEART
3,1,90420017006,10411690,WAT-SC,HEART
3,1,90581017006,10761160,WAT-SC,HEART
3,1,90255017003,10044841,WAT-SC,HEART
3,1,90280017006,10095241,WAT-SC,LUNG
3,1,90234017003,10027165,WAT-SC,KIDNEY
3,1,90560017006,10700102,WAT-SC,HEART
3,1,90406017006,10306471,WAT-SC,LIVER
3,1,90245017006,10043527,WAT-SC,HEART
3,1,90444017006,10587543,WAT-SC,LUNG
3,2,90255015305,10044841,CORTEX,CORTEX
3,2,90444015305,10587543,CORTEX,CORTEX
3,2,90234015305,10027165,CORTEX,CORTEX
3,2,90290015305,10204989,CORTEX,CORTEX
3,2,90560015305,10700102,CORTEX,CORTEX
3,2,90406015305,10306471,CORTEX,CORTEX
3,2,90245015305,10043527,CORTEX,CORTEX
3,2,90280015305,10095241,CORTEX,CORTEX
3,2,90581015305,10761160,CORTEX,CORTEX
3,2,90559015305,10950486,CORTEX,CORTEX
3,2,90420015305,10411690,CORTEX,CORTEX
3,2,90421015305,10417702,CORTEX,CORTEX
3,2,90406015507,10306471,SKM-GN,WAT-SC
3,2,90421015507,10417702,SKM-GN,WAT-SC
3,2,90444015507,10587543,SKM-GN,WAT-SC
3,2,90280015507,10095241,SKM-GN,WAT-SC
3,2,90420015507,10411690,SKM-GN,WAT-SC
3,2,90581015507,10761160,SKM-GN,KIDNEY
3,2,90560015507,10700102,SKM-GN,HEART
3,2,90234015503,10027165,SKM-GN,HEART
3,2,90255015503,10044841,SKM-GN,HEART
3,2,90559015507,10950486,SKM-GN,KIDNEY
3,2,90290015503,10204989,SKM-GN,KIDNEY
3,2,90245015507,10043527,SKM-GN,KIDNEY
3,2,90245015805,10043527,HEART,HEART
3,2,90420015805,10411690,HEART,HEART
3,2,90560015805,10700102,HEART,HEART
3,2,90559015805,10950486,HEART,HEART
3,2,90406015805,10306471,HEART,HEART
3,2,90255015802,10044841,HEART,HEART
3,2,90280015805,10095241,HEART,HEART
3,2,90421015805,10417702,HEART,HEART
3,2,90234015802,10027165,HEART,HEART
3,2,90444015805,10587543,HEART,HEART
3,2,90290015802,10204989,HEART,HEART
3,2,90581015805,10761160,HEART,HEART
3,2,90245015909,10043527,KIDNEY,KIDNEY
3,2,90290015909,10204989,KIDNEY,KIDNEY
3,2,90280015909,10095241,KIDNEY,LIVER
3,2,90581015909,10761160,KIDNEY,LIVER
3,2,90421015909,10417702,KIDNEY,LIVER
3,2,90255015909,10044841,KIDNEY,KIDNEY
3,2,90559015909,10950486,KIDNEY,KIDNEY
3,2,90420015909,10411690,KIDNEY,SKM-GN
3,2,90444015909,10587543,KIDNEY,SKM-GN
3,2,90234015909,10027165,KIDNEY,SKM-GN
3,2,90560015909,10700102,KIDNEY,SKM-GN
3,2,90406015909,10306471,KIDNEY,WAT-SC
3,2,90406016609,10306471,LUNG,LUNG
3,2,90245016609,10043527,LUNG,LIVER
3,2,90420016609,10411690,LUNG,WAT-SC
3,2,90290016609,10204989,LUNG,WAT-SC
3,2,90234016609,10027165,LUNG,WAT-SC
3,2,90560016609,10700102,LUNG,WAT-SC
3,2,90581016609,10761160,LUNG,KIDNEY
3,2,90255016609,10044841,LUNG,KIDNEY
3,2,90280016609,10095241,LUNG,LIVER
3,2,90444016609,10587543,LUNG,SKM-GN
3,2,90559016609,10950486,LUNG,WAT-SC
3,2,90421016609,10417702,LUNG,WAT-SC
3,2,90245016806,10043527,LIVER,WAT-SC
3,2,90420016806,10411690,LIVER,WAT-SC
3,2,90560016806,10700102,LIVER,WAT-SC
3,2,90559016806,10950486,LIVER,LIVER
3,2,90406016806,10306471,LIVER,LIVER
3,2,90255016803,10044841,LIVER,LIVER
3,2,90280016806,10095241,LIVER,LIVER
3,2,90421016806,10417702,LIVER,LIVER
3,2,90234016803,10027165,LIVER,WAT-SC
3,2,90444016806,10587543,LIVER,WAT-SC
3,2,90290016803,10204989,LIVER,LUNG
3,2,90581016806,10761160,LIVER,KIDNEY
3,2,90421017006,10417702,WAT-SC,LIVER
3,2,90290017003,10204989,WAT-SC,LIVER
3,2,90559017006,10950486,WAT-SC,WAT-SC
3,2,90420017006,10411690,WAT-SC,WAT-SC
3,2,90581017006,10761160,WAT-SC,WAT-SC
3,2,90255017003,10044841,WAT-SC,WAT-SC
3,2,90280017006,10095241,WAT-SC,SKM-GN
3,2,90234017003,10027165,WAT-SC,LIVER
3,2,90560017006,10700102,WAT-SC,LIVER
3,2,90406017006,10306471,WAT-SC,LUNG
3,2,90245017006,10043527,WAT-SC,LIVER
3,2,90444017006,10587543,WAT-SC,KIDNEY
3,3,90255015305,10044841,CORTEX,CORTEX
3,3,90444015305,10587543,CORTEX,CORTEX
3,3,90234015305,10027165,CORTEX,CORTEX
3,3,90290015305,10204989,CORTEX,CORTEX
3,3,90560015305,10700102,CORTEX,CORTEX
3,3,90406015305,10306471,CORTEX,CORTEX
3,3,90245015305,10043527,CORTEX,CORTEX
3,3,90280015305,10095241,CORTEX,CORTEX
3,3,90581015305,10761160,CORTEX,CORTEX
3,3,90559015305,10950486,CORTEX,CORTEX
3,3,90420015305,10411690,CORTEX,CORTEX
3,3,90421015305,10417702,CORTEX,CORTEX
3,3,90406015507,10306471,SKM-GN,SKM-GN
3,3,90421015507,10417702,SKM-GN,SKM-GN
3,3,90444015507,10587543,SKM-GN,LUNG
3,3,90280015507,10095241,SKM-GN,LUNG
3,3,90420015507,10411690,SKM-GN,LUNG
3,3,90581015507,10761160,SKM-GN,SKM-GN
3,3,90560015507,10700102,SKM-GN,HEART
3,3,90234015503,10027165,SKM-GN,SKM-GN
3,3,90255015503,10044841,SKM-GN,SKM-GN
3,3,90559015507,10950486,SKM-GN,SKM-GN
3,3,90290015503,10204989,SKM-GN,LUNG
3,3,90245015507,10043527,SKM-GN,LUNG
3,3,90245015805,10043527,HEART,HEART
3,3,90420015805,10411690,HEART,HEART
3,3,90560015805,10700102,HEART,HEART
3,3,90559015805,10950486,HEART,HEART
3,3,90406015805,10306471,HEART,HEART
3,3,90255015802,10044841,HEART,HEART
3,3,90280015805,10095241,HEART,HEART
3,3,90421015805,10417702,HEART,HEART
3,3,90234015802,10027165,HEART,HEART
3,3,90444015805,10587543,HEART,HEART
3,3,90290015802,10204989,HEART,HEART
3,3,90581015805,10761160,HEART,HEART
3,3,90245015909,10043527,KIDNEY,KIDNEY
3,3,90290015909,10204989,KIDNEY,KIDNEY
3,3,90280015909,10095241,KIDNEY,KIDNEY
3,3,90581015909,10761160,KIDNEY,KIDNEY
3,3,90421015909,10417702,KIDNEY,KIDNEY
3,3,90255015909,10044841,KIDNEY,KIDNEY
3,3,90559015909,10950486,KIDNEY,KIDNEY
3,3,90420015909,10411690,KIDNEY,KIDNEY
3,3,90444015909,10587543,KIDNEY,KIDNEY
3,3,90234015909,10027165,KIDNEY,KIDNEY
3,3,90560015909,10700102,KIDNEY,KIDNEY
3,3,90406015909,10306471,KIDNEY,KIDNEY
3,3,90406016609,10306471,LUNG,LUNG
3,3,90245016609,10043527,LUNG,LUNG
3,3,90420016609,10411690,LUNG,WAT-SC
3,3,90290016609,10204989,LUNG,WAT-SC
3,3,90234016609,10027165,LUNG,LUNG
3,3,90560016609,10700102,LUNG,WAT-SC
3,3,90581016609,10761160,LUNG,SKM-GN
3,3,90255016609,10044841,LUNG,LUNG
3,3,90280016609,10095241,LUNG,WAT-SC
3,3,90444016609,10587543,LUNG,SKM-GN
3,3,90559016609,10950486,LUNG,SKM-GN
3,3,90421016609,10417702,LUNG,SKM-GN
3,3,90245016806,10043527,LIVER,LIVER
3,3,90420016806,10411690,LIVER,LIVER
3,3,90560016806,10700102,LIVER,LIVER
3,3,90559016806,10950486,LIVER,LIVER
3,3,90406016806,10306471,LIVER,LIVER
3,3,90255016803,10044841,LIVER,LIVER
3,3,90280016806,10095241,LIVER,LIVER
3,3,90421016806,10417702,LIVER,LIVER
3,3,90234016803,10027165,LIVER,LIVER
3,3,90444016806,10587543,LIVER,LIVER
3,3,90290016803,10204989,LIVER,LIVER
3,3,90581016806,10761160,LIVER,LIVER
3,3,90421017006,10417702,WAT-SC,WAT-SC
3,3,90290017003,10204989,WAT-SC,WAT-SC
3,3,90559017006,10950486,WAT-SC,WAT-SC
3,3,90420017006,10411690,WAT-SC,WAT-SC
3,3,90581017006,10761160,WAT-SC,WAT-SC
3,3,90255017003,10044841,WAT-SC,WAT-SC
3,3,90280017006,10095241,WAT-SC,LUNG
3,3,90234017003,10027165,WAT-SC,WAT-SC
3,3,90560017006,10700102,WAT-SC,WAT-SC
3,3,90406017006,10306471,WAT-SC,LUNG
3,3,90245017006,10043527,WAT-SC,WAT-SC
3,3,90444017006,10587543,WAT-SC,LUNG
3,5,90255015305,10044841,CORTEX,CORTEX
3,5,90444015305,10587543,CORTEX,CORTEX
3,5,90234015305,10027165,CORTEX,CORTEX
3,5,90290015305,10204989,CORTEX,CORTEX
3,5,90560015305,10700102,CORTEX,CORTEX
3,5,90406015305,10306471,CORTEX,CORTEX
3,5,90245015305,10043527,CORTEX,CORTEX
3,5,90280015305,10095241,CORTEX,CORTEX
3,5,90581015305,10761160,CORTEX,CORTEX
3,5,90559015305,10950486,CORTEX,CORTEX
3,5,90420015305,10411690,CORTEX,CORTEX
3,5,90421015305,10417702,CORTEX,CORTEX
3,5,90406015507,10306471,SKM-GN,SKM-GN
3,5,90421015507,10417702,SKM-GN,SKM-GN
3,5,90444015507,10587543,SKM-GN,SKM-GN
3,5,90280015507,10095241,SKM-GN,SKM-GN
3,5,90420015507,10411690,SKM-GN,SKM-GN
3,5,90581015507,10761160,SKM-GN,SKM-GN
3,5,90560015507,10700102,SKM-GN,SKM-GN
3,5,90234015503,10027165,SKM-GN,HEART
3,5,90255015503,10044841,SKM-GN,SKM-GN
3,5,90559015507,10950486,SKM-GN,SKM-GN
3,5,90290015503,10204989,SKM-GN,SKM-GN
3,5,90245015507,10043527,SKM-GN,SKM-GN
3,5,90245015805,10043527,HEART,HEART
3,5,90420015805,10411690,HEART,HEART
3,5,90560015805,10700102,HEART,HEART
3,5,90559015805,10950486,HEART,HEART
3,5,90406015805,10306471,HEART,HEART
3,5,90255015802,10044841,HEART,HEART
3,5,90280015805,10095241,HEART,HEART
3,5,90421015805,10417702,HEART,HEART
3,5,90234015802,10027165,HEART,HEART
3,5,90444015805,10587543,HEART,HEART
3,5,90290015802,10204989,HEART,HEART
3,5,90581015805,10761160,HEART,HEART
3,5,90245015909,10043527,KIDNEY,KIDNEY
3,5,90290015909,10204989,KIDNEY,KIDNEY
3,5,90280015909,10095241,KIDNEY,KIDNEY
3,5,90581015909,10761160,KIDNEY,KIDNEY
3,5,90421015909,10417702,KIDNEY,KIDNEY
3,5,90255015909,10044841,KIDNEY,KIDNEY
3,5,90559015909,10950486,KIDNEY,KIDNEY
3,5,90420015909,10411690,KIDNEY,KIDNEY
3,5,90444015909,10587543,KIDNEY,KIDNEY
3,5,90234015909,10027165,KIDNEY,KIDNEY
3,5,90560015909,10700102,KIDNEY,KIDNEY
3,5,90406015909,10306471,KIDNEY,KIDNEY
3,5,90406016609,10306471,LUNG,LUNG
3,5,90245016609,10043527,LUNG,LUNG
3,5,90420016609,10411690,LUNG,LUNG
3,5,90290016609,10204989,LUNG,LUNG
3,5,90234016609,10027165,LUNG,LUNG
3,5,90560016609,10700102,LUNG,LUNG
3,5,90581016609,10761160,LUNG,LUNG
3,5,90255016609,10044841,LUNG,LUNG
3,5,90280016609,10095241,LUNG,LUNG
3,5,90444016609,10587543,LUNG,LUNG
3,5,90559016609,10950486,LUNG,LUNG
3,5,90421016609,10417702,LUNG,LUNG
3,5,90245016806,10043527,LIVER,LIVER
3,5,90420016806,10411690,LIVER,LIVER
3,5,90560016806,10700102,LIVER,LIVER
3,5,90559016806,10950486,LIVER,LIVER
3,5,90406016806,10306471,LIVER,LIVER
3,5,90255016803,10044841,LIVER,LIVER
3,5,90280016806,10095241,LIVER,LIVER
3,5,90421016806,10417702,LIVER,LIVER
3,5,90234016803,10027165,LIVER,LIVER
3,5,90444016806,10587543,LIVER,LIVER
3,5,90290016803,10204989,LIVER,LIVER
3,5,90581016806,10761160,LIVER,LIVER
3,5,90421017006,10417702,WAT-SC,WAT-SC
3,5,90290017003,10204989,WAT-SC,WAT-SC
3,5,90559017006,10950486,WAT-SC,WAT-SC
3,5,90420017006,10411690,WAT-SC,WAT-SC
3,5,90581017006,10761160,WAT-SC,WAT-SC
3,5,90255017003,10044841,WAT-SC,WAT-SC
3,5,90280017006,10095241,WAT-SC,WAT-SC
3,5,90234017003,10027165,WAT-SC,WAT-SC
3,5,90560017006,10700102,WAT-SC,WAT-SC
3,5,90406017006,10306471,WAT-SC,WAT-SC
3,5,90245017006,10043527,WAT-SC,WAT-SC
3,5,90444017006,10587543,WAT-SC,WAT-SC
3,8,90255015305,10044841,CORTEX,CORTEX
3,8,90444015305,10587543,CORTEX,CORTEX
3,8,90234015305,10027165,CORTEX,CORTEX
3,8,90290015305,10204989,CORTEX,CORTEX
3,8,90560015305,10700102,CORTEX,CORTEX
3,8,90406015305,10306471,CORTEX,CORTEX
3,8,90245015305,10043527,CORTEX,CORTEX
3,8,90280015305,10095241,CORTEX,CORTEX
3,8,90581015305,10761160,CORTEX,CORTEX
3,8,90559015305,10950486,CORTEX,CORTEX
3,8,90420015305,10411690,CORTEX,CORTEX
3,8,90421015305,10417702,CORTEX,CORTEX
3,8,90406015507,10306471,SKM-GN,SKM-GN
3,8,90421015507,10417702,SKM-GN,SKM-GN
3,8,90444015507,10587543,SKM-GN,SKM-GN
3,8,90280015507,10095241,SKM-GN,SKM-GN
3,8,90420015507,10411690,SKM-GN,SKM-GN
3,8,90581015507,10761160,SKM-GN,SKM-GN
3,8,90560015507,10700102,SKM-GN,SKM-GN
3,8,90234015503,10027165,SKM-GN,SKM-GN
3,8,90255015503,10044841,SKM-GN,SKM-GN
3,8,90559015507,10950486,SKM-GN,SKM-GN
3,8,90290015503,10204989,SKM-GN,SKM-GN
3,8,90245015507,10043527,SKM-GN,SKM-GN
3,8,90245015805,10043527,HEART,HEART
3,8,90420015805,10411690,HEART,HEART
3,8,90560015805,10700102,HEART,HEART
3,8,90559015805,10950486,HEART,HEART
3,8,90406015805,10306471,HEART,HEART
3,8,90255015802,10044841,HEART,HEART
3,8,90280015805,10095241,HEART,HEART
3,8,90421015805,10417702,HEART,HEART
3,8,90234015802,10027165,HEART,HEART
3,8,90444015805,10587543,HEART,HEART
3,8,90290015802,10204989,HEART,HEART
3,8,90581015805,10761160,HEART,HEART
3,8,90245015909,10043527,KIDNEY,KIDNEY
3,8,90290015909,10204989,KIDNEY,KIDNEY
3,8,90280015909,10095241,KIDNEY,KIDNEY
3,8,90581015909,10761160,KIDNEY,KIDNEY
3,8,90421015909,10417702,KIDNEY,KIDNEY
3,8,90255015909,10044841,KIDNEY,KIDNEY
3,8,90559015909,10950486,KIDNEY,KIDNEY
3,8,90420015909,10411690,KIDNEY,KIDNEY
3,8,90444015909,10587543,KIDNEY,KIDNEY
3,8,90234015909,10027165,KIDNEY,KIDNEY
3,8,90560015909,10700102,KIDNEY,KIDNEY
3,8,90406015909,10306471,KIDNEY,KIDNEY
3,8,90406016609,10306471,LUNG,LUNG
3,8,90245016609,10043527,LUNG,LUNG
3,8,90420016609,10411690,LUNG,LUNG
3,8,90290016609,10204989,LUNG,LUNG
3,8,90234016609,10027165,LUNG,LUNG
3,8,90560016609,10700102,LUNG,LUNG
3,8,90581016609,10761160,LUNG,LUNG
3,8,90255016609,10044841,LUNG,LUNG
3,8,90280016609,10095241,LUNG,LUNG
3,8,90444016609,10587543,LUNG,LUNG
3,8,90559016609,10950486,LUNG,LUNG
3,8,90421016609,10417702,LUNG,LUNG
3,8,90245016806,10043527,LIVER,LIVER
3,8,90420016806,10411690,LIVER,LIVER
3,8,90560016806,10700102,LIVER,LIVER
3,8,90559016806,10950486,LIVER,LIVER
3,8,90406016806,10306471,LIVER,LIVER
3,8,90255016803,10044841,LIVER,LIVER
3,8,90280016806,10095241,LIVER,LIVER
3,8,90421016806,10417702,LIVER,LIVER
3,8,90234016803,10027165,LIVER,LIVER
3,8,90444016806,10587543,LIVER,LIVER
3,8,90290016803,10204989,LIVER,LIVER
3,8,90581016806,10761160,LIVER,LIVER
3,8,90421017006,10417702,WAT-SC,WAT-SC
3,8,90290017003,10204989,WAT-SC,WAT-SC
3,8,90559017006,10950486,WAT-SC,WAT-SC
3,8,90420017006,10411690,WAT-SC,WAT-SC
3,8,90581017006,10761160,WAT-SC,WAT-SC
3,8,90255017003,10044841,WAT-SC,WAT-SC
3,8,90280017006,10095241,WAT-SC,WAT-SC
3,8,90234017003,10027165,WAT-SC,WAT-SC
3,8,90560017006,10700102,WAT-SC,WAT-SC
3,8,90406017006,10306471,WAT-SC,WAT-SC
3,8,90245017006,10043527,WAT-SC,WAT-SC
3,8,90444017006,10587543,WAT-SC,WAT-SC
3,10,90255015305,10044841,CORTEX,CORTEX
3,10,90444015305,10587543,CORTEX,CORTEX
3,10,90234015305,10027165,CORTEX,CORTEX
3,10,90290015305,10204989,CORTEX,CORTEX
3,10,90560015305,10700102,CORTEX,CORTEX
3,10,90406015305,10306471,CORTEX,CORTEX
3,10,90245015305,10043527,CORTEX,CORTEX
3,10,90280015305,10095241,CORTEX,CORTEX
3,10,90581015305,10761160,CORTEX,CORTEX
3,10,90559015305,10950486,CORTEX,CORTEX
3,10,90420015305,10411690,CORTEX,CORTEX
3,10,90421015305,10417702,CORTEX,CORTEX
3,10,90406015507,10306471,SKM-GN,SKM-GN
3,10,90421015507,10417702,SKM-GN,SKM-GN
3,10,90444015507,10587543,SKM-GN,SKM-GN
3,10,90280015507,10095241,SKM-GN,SKM-GN
3,10,90420015507,10411690,SKM-GN,SKM-GN
3,10,90581015507,10761160,SKM-GN,SKM-GN
3,10,90560015507,10700102,SKM-GN,SKM-GN
3,10,90234015503,10027165,SKM-GN,SKM-GN
3,10,90255015503,10044841,SKM-GN,SKM-GN
3,10,90559015507,10950486,SKM-GN,SKM-GN
3,10,90290015503,10204989,SKM-GN,SKM-GN
3,10,90245015507,10043527,SKM-GN,SKM-GN
3,10,90245015805,10043527,HEART,HEART
3,10,90420015805,10411690,HEART,HEART
3,10,90560015805,10700102,HEART,HEART
3,10,90559015805,10950486,HEART,HEART
3,10,90406015805,10306471,HEART,HEART
3,10,90255015802,10044841,HEART,HEART
3,10,90280015805,10095241,HEART,HEART
3,10,90421015805,10417702,HEART,HEART
3,10,90234015802,10027165,HEART,HEART
3,10,90444015805,10587543,HEART,HEART
3,10,90290015802,10204989,HEART,HEART
3,10,90581015805,10761160,HEART,HEART
3,10,90245015909,10043527,KIDNEY,KIDNEY
3,10,90290015909,10204989,KIDNEY,KIDNEY
3,10,90280015909,10095241,KIDNEY,KIDNEY
3,10,90581015909,10761160,KIDNEY,KIDNEY
3,10,90421015909,10417702,KIDNEY,KIDNEY
3,10,90255015909,10044841,KIDNEY,KIDNEY
3,10,90559015909,10950486,KIDNEY,KIDNEY
3,10,90420015909,10411690,KIDNEY,KIDNEY
3,10,90444015909,10587543,KIDNEY,KIDNEY
3,10,90234015909,10027165,KIDNEY,KIDNEY
3,10,90560015909,10700102,KIDNEY,KIDNEY
3,10,90406015909,10306471,KIDNEY,KIDNEY
3,10,90406016609,10306471,LUNG,LUNG
3,10,90245016609,10043527,LUNG,LUNG
3,10,90420016609,10411690,LUNG,LUNG
3,10,90290016609,10204989,LUNG,LUNG
3,10,90234016609,10027165,LUNG,LUNG
3,10,90560016609,10700102,LUNG,LUNG
3,10,90581016609,10761160,LUNG,LUNG
3,10,90255016609,10044841,LUNG,LUNG
3,10,90280016609,10095241,LUNG,LUNG
3,10,90444016609,10587543,LUNG,LUNG
3,10,90559016609,10950486,LUNG,LUNG
3,10,90421016609,10417702,LUNG,LUNG
3,10,90245016806,10043527,LIVER,LIVER
3,10,90420016806,10411690,LIVER,LIVER
3,10,90560016806,10700102,LIVER,LIVER
3,10,90559016806,10950486,LIVER,LIVER
3,10,90406016806,10306471,LIVER,LIVER
3,10,90255016803,10044841,LIVER,LIVER
3,10,90280016806,10095241,LIVER,LIVER
3,10,90421016806,10417702,LIVER,LIVER
3,10,90234016803,10027165,LIVER,LIVER
3,10,90444016806,10587543,LIVER,LIVER
3,10,90290016803,10204989,LIVER,LIVER
3,10,90581016806,10761160,LIVER,LIVER
3,10,90421017006,10417702,WAT-SC,WAT-SC
3,10,90290017003,10204989,WAT-SC,WAT-SC
3,10,90559017006,10950486,WAT-SC,WAT-SC
3,10,90420017006,10411690,WAT-SC,WAT-SC
3,10,90581017006,10761160,WAT-SC,WAT-SC
3,10,90255017003,10044841,WAT-SC,WAT-SC
3,10,90280017006,10095241,WAT-SC,WAT-SC
3,10,90234017003,10027165,WAT-SC,WAT-SC
3,10,90560017006,10700102,WAT-SC,WAT-SC
3,10,90406017006,10306471,WAT-SC,WAT-SC
3,10,90245017006,10043527,WAT-SC,WAT-SC
3,10,90444017006,10587543,WAT-SC,WAT-SC
3,15,90255015305,10044841,CORTEX,CORTEX
3,15,90444015305,10587543,CORTEX,CORTEX
3,15,90234015305,10027165,CORTEX,CORTEX
3,15,90290015305,10204989,CORTEX,CORTEX
3,15,90560015305,10700102,CORTEX,CORTEX
3,15,90406015305,10306471,CORTEX,CORTEX
3,15,90245015305,10043527,CORTEX,CORTEX
3,15,90280015305,10095241,CORTEX,CORTEX
3,15,90581015305,10761160,CORTEX,CORTEX
3,15,90559015305,10950486,CORTEX,CORTEX
3,15,90420015305,10411690,CORTEX,CORTEX
3,15,90421015305,10417702,CORTEX,CORTEX
3,15,90406015507,10306471,SKM-GN,SKM-GN
3,15,90421015507,10417702,SKM-GN,SKM-GN
3,15,90444015507,10587543,SKM-GN,SKM-GN
3,15,90280015507,10095241,SKM-GN,SKM-GN
3,15,90420015507,10411690,SKM-GN,SKM-GN
3,15,90581015507,10761160,SKM-GN,SKM-GN
3,15,90560015507,10700102,SKM-GN,SKM-GN
3,15,90234015503,10027165,SKM-GN,SKM-GN
3,15,90255015503,10044841,SKM-GN,SKM-GN
3,15,90559015507,10950486,SKM-GN,SKM-GN
3,15,90290015503,10204989,SKM-GN,SKM-GN
3,15,90245015507,10043527,SKM-GN,SKM-GN
3,15,90245015805,10043527,HEART,HEART
3,15,90420015805,10411690,HEART,HEART
3,15,90560015805,10700102,HEART,HEART
3,15,90559015805,10950486,HEART,HEART
3,15,90406015805,10306471,HEART,HEART
3,15,90255015802,10044841,HEART,HEART
3,15,90280015805,10095241,HEART,HEART
3,15,90421015805,10417702,HEART,HEART
3,15,90234015802,10027165,HEART,HEART
3,15,90444015805,10587543,HEART,HEART
3,15,90290015802,10204989,HEART,HEART
3,15,90581015805,10761160,HEART,HEART
3,15,90245015909,10043527,KIDNEY,KIDNEY
3,15,90290015909,10204989,KIDNEY,KIDNEY
3,15,90280015909,10095241,KIDNEY,KIDNEY
3,15,90581015909,10761160,KIDNEY,KIDNEY
3,15,90421015909,10417702,KIDNEY,KIDNEY
3,15,90255015909,10044841,KIDNEY,KIDNEY
3,15,90559015909,10950486,KIDNEY,KIDNEY
3,15,90420015909,10411690,KIDNEY,KIDNEY
3,15,90444015909,10587543,KIDNEY,KIDNEY
3,15,90234015909,10027165,KIDNEY,KIDNEY
3,15,90560015909,10700102,KIDNEY,KIDNEY
3,15,90406015909,10306471,KIDNEY,KIDNEY
3,15,90406016609,10306471,LUNG,LUNG
3,15,90245016609,10043527,LUNG,LUNG
3,15,90420016609,10411690,LUNG,LUNG
3,15,90290016609,10204989,LUNG,LUNG
3,15,90234016609,10027165,LUNG,LUNG
3,15,90560016609,10700102,LUNG,LUNG
3,15,90581016609,10761160,LUNG,LUNG
3,15,90255016609,10044841,LUNG,LUNG
3,15,90280016609,10095241,LUNG,LUNG
3,15,90444016609,10587543,LUNG,LUNG
3,15,90559016609,10950486,LUNG,LUNG
3,15,90421016609,10417702,LUNG,LUNG
3,15,90245016806,10043527,LIVER,LIVER
3,15,90420016806,10411690,LIVER,LIVER
3,15,90560016806,10700102,LIVER,LIVER
3,15,90559016806,10950486,LIVER,LIVER
3,15,90406016806,10306471,LIVER,LIVER
3,15,90255016803,10044841,LIVER,LIVER
3,15,90280016806,10095241,LIVER,LIVER
3,15,90421016806,10417702,LIVER,LIVER
3,15,90234016803,10027165,LIVER,LIVER
3,15,90444016806,10587543,LIVER,LIVER
3,15,90290016803,10204989,LIVER,LIVER
3,15,90581016806,10761160,LIVER,LIVER
3,15,90421017006,10417702,WAT-SC,WAT-SC
3,15,90290017003,10204989,WAT-SC,WAT-SC
3,15,90559017006,10950486,WAT-SC,WAT-SC
3,15,90420017006,10411690,WAT-SC,WAT-SC
3,15,90581017006,10761160,WAT-SC,WAT-SC
3,15,90255017003,10044841,WAT-SC,WAT-SC
3,15,90280017006,10095241,WAT-SC,WAT-SC
3,15,90234017003,10027165,WAT-SC,WAT-SC
3,15,90560017006,10700102,WAT-SC,WAT-SC
3,15,90406017006,10306471,WAT-SC,WAT-SC
3,15,90245017006,10043527,WAT-SC,WAT-SC
3,15,90444017006,10587543,WAT-SC,WAT-SC
3,20,90255015305,10044841,CORTEX,CORTEX
3,20,90444015305,10587543,CORTEX,CORTEX
3,20,90234015305,10027165,CORTEX,CORTEX
3,20,90290015305,10204989,CORTEX,CORTEX
3,20,90560015305,10700102,CORTEX,CORTEX
3,20,90406015305,10306471,CORTEX,CORTEX
3,20,90245015305,10043527,CORTEX,CORTEX
3,20,90280015305,10095241,CORTEX,CORTEX
3,20,90581015305,10761160,CORTEX,CORTEX
3,20,90559015305,10950486,CORTEX,CORTEX
3,20,90420015305,10411690,CORTEX,CORTEX
3,20,90421015305,10417702,CORTEX,CORTEX
3,20,90406015507,10306471,SKM-GN,SKM-GN
3,20,90421015507,10417702,SKM-GN,SKM-GN
3,20,90444015507,10587543,SKM-GN,SKM-GN
3,20,90280015507,10095241,SKM-GN,SKM-GN
3,20,90420015507,10411690,SKM-GN,SKM-GN
3,20,90581015507,10761160,SKM-GN,SKM-GN
3,20,90560015507,10700102,SKM-GN,SKM-GN
3,20,90234015503,10027165,SKM-GN,SKM-GN
3,20,90255015503,10044841,SKM-GN,SKM-GN
3,20,90559015507,10950486,SKM-GN,SKM-GN
3,20,90290015503,10204989,SKM-GN,SKM-GN
3,20,90245015507,10043527,SKM-GN,SKM-GN
3,20,90245015805,10043527,HEART,HEART
3,20,90420015805,10411690,HEART,HEART
3,20,90560015805,10700102,HEART,HEART
3,20,90559015805,10950486,HEART,HEART
3,20,90406015805,10306471,HEART,HEART
3,20,90255015802,10044841,HEART,HEART
3,20,90280015805,10095241,HEART,HEART
3,20,90421015805,10417702,HEART,HEART
3,20,90234015802,10027165,HEART,HEART
3,20,90444015805,10587543,HEART,HEART
3,20,90290015802,10204989,HEART,HEART
3,20,90581015805,10761160,HEART,HEART
3,20,90245015909,10043527,KIDNEY,KIDNEY
3,20,90290015909,10204989,KIDNEY,KIDNEY
3,20,90280015909,10095241,KIDNEY,KIDNEY
3,20,90581015909,10761160,KIDNEY,KIDNEY
3,20,90421015909,10417702,KIDNEY,KIDNEY
3,20,90255015909,10044841,KIDNEY,KIDNEY
3,20,90559015909,10950486,KIDNEY,KIDNEY
3,20,90420015909,10411690,KIDNEY,KIDNEY
3,20,90444015909,10587543,KIDNEY,KIDNEY
3,20,90234015909,10027165,KIDNEY,KIDNEY
3,20,90560015909,10700102,KIDNEY,KIDNEY
3,20,90406015909,10306471,KIDNEY,KIDNEY
3,20,90406016609,10306471,LUNG,LUNG
3,20,90245016609,10043527,LUNG,LUNG
3,20,90420016609,10411690,LUNG,LUNG
3,20,90290016609,10204989,LUNG,LUNG
3,20,90234016609,10027165,LUNG,LUNG
3,20,90560016609,10700102,LUNG,LUNG
3,20,90581016609,10761160,LUNG,LUNG
3,20,90255016609,10044841,LUNG,LUNG
3,20,90280016609,10095241,LUNG,LUNG
3,20,90444016609,10587543,LUNG,LUNG
3,20,90559016609,10950486,LUNG,LUNG
3,20,90421016609,10417702,LUNG,LUNG
3,20,90245016806,10043527,LIVER,LIVER
3,20,90420016806,10411690,LIVER,LIVER
3,20,90560016806,10700102,LIVER,LIVER
3,20,90559016806,10950486,LIVER,LIVER
3,20,90406016806,10306471,LIVER,LIVER
3,20,90255016803,10044841,LIVER,LIVER
3,20,90280016806,10095241,LIVER,LIVER
3,20,90421016806,10417702,LIVER,LIVER
3,20,90234016803,10027165,LIVER,LIVER
3,20,90444016806,10587543,LIVER,LIVER
3,20,90290016803,10204989,LIVER,LIVER
3,20,90581016806,10761160,LIVER,LIVER
3,20,90421017006,10417702,WAT-SC,WAT-SC
3,20,90290017003,10204989,WAT-SC,WAT-SC
3,20,90559017006,10950486,WAT-SC,WAT-SC
3,20,90420017006,10411690,WAT-SC,WAT-SC
3,20,90581017006,10761160,WAT-SC,WAT-SC
3,20,90255017003,10044841,WAT-SC,WAT-SC
3,20,90280017006,10095241,WAT-SC,WAT-SC
3,20,90234017003,10027165,WAT-SC,WAT-SC
3,20,90560017006,10700102,WAT-SC,WAT-SC
3,20,90406017006,10306471,WAT-SC,WAT-SC
3,20,90245017006,10043527,WAT-SC,WAT-SC
3,20,90444017006,10587543,WAT-SC,WAT-SC
3,30,90255015305,10044841,CORTEX,CORTEX
3,30,90444015305,10587543,CORTEX,CORTEX
3,30,90234015305,10027165,CORTEX,CORTEX
3,30,90290015305,10204989,CORTEX,CORTEX
3,30,90560015305,10700102,CORTEX,CORTEX
3,30,90406015305,10306471,CORTEX,CORTEX
3,30,90245015305,10043527,CORTEX,CORTEX
3,30,90280015305,10095241,CORTEX,CORTEX
3,30,90581015305,10761160,CORTEX,CORTEX
3,30,90559015305,10950486,CORTEX,CORTEX
3,30,90420015305,10411690,CORTEX,CORTEX
3,30,90421015305,10417702,CORTEX,CORTEX
3,30,90406015507,10306471,SKM-GN,SKM-GN
3,30,90421015507,10417702,SKM-GN,SKM-GN
3,30,90444015507,10587543,SKM-GN,SKM-GN
3,30,90280015507,10095241,SKM-GN,SKM-GN
3,30,90420015507,10411690,SKM-GN,SKM-GN
3,30,90581015507,10761160,SKM-GN,SKM-GN
3,30,90560015507,10700102,SKM-GN,SKM-GN
3,30,90234015503,10027165,SKM-GN,SKM-GN
3,30,90255015503,10044841,SKM-GN,SKM-GN
3,30,90559015507,10950486,SKM-GN,SKM-GN
3,30,90290015503,10204989,SKM-GN,SKM-GN
3,30,90245015507,10043527,SKM-GN,SKM-GN
3,30,90245015805,10043527,HEART,HEART
3,30,90420015805,10411690,HEART,HEART
3,30,90560015805,10700102,HEART,HEART
3,30,90559015805,10950486,HEART,HEART
3,30,90406015805,10306471,HEART,HEART
3,30,90255015802,10044841,HEART,HEART
3,30,90280015805,10095241,HEART,HEART
3,30,90421015805,10417702,HEART,HEART
3,30,90234015802,10027165,HEART,HEART
3,30,90444015805,10587543,HEART,HEART
3,30,90290015802,10204989,HEART,HEART
3,30,90581015805,10761160,HEART,HEART
3,30,90245015909,10043527,KIDNEY,KIDNEY
3,30,90290015909,10204989,KIDNEY,KIDNEY
3,30,90280015909,10095241,KIDNEY,KIDNEY
3,30,90581015909,10761160,KIDNEY,KIDNEY
3,30,90421015909,10417702,KIDNEY,KIDNEY
3,30,90255015909,10044841,KIDNEY,KIDNEY
3,30,90559015909,10950486,KIDNEY,KIDNEY
3,30,90420015909,10411690,KIDNEY,KIDNEY
3,30,90444015909,10587543,KIDNEY,KIDNEY
3,30,90234015909,10027165,KIDNEY,KIDNEY
3,30,90560015909,10700102,KIDNEY,KIDNEY
3,30,90406015909,10306471,KIDNEY,KIDNEY
3,30,90406016609,10306471,LUNG,LUNG
3,30,90245016609,10043527,LUNG,LUNG
3,30,90420016609,10411690,LUNG,LUNG
3,30,90290016609,10204989,LUNG,LUNG
3,30,90234016609,10027165,LUNG,LUNG
3,30,90560016609,10700102,LUNG,LUNG
3,30,90581016609,10761160,LUNG,LUNG
3,30,90255016609,10044841,LUNG,LUNG
3,30,90280016609,10095241,LUNG,LUNG
3,30,90444016609,10587543,LUNG,LUNG
3,30,90559016609,10950486,LUNG,LUNG
3,30,90421016609,10417702,LUNG,LUNG
3,30,90245016806,10043527,LIVER,LIVER
3,30,90420016806,10411690,LIVER,LIVER
3,30,90560016806,10700102,LIVER,LIVER
3,30,90559016806,10950486,LIVER,LIVER
3,30,90406016806,10306471,LIVER,LIVER
3,30,90255016803,10044841,LIVER,LIVER
3,30,90280016806,10095241,LIVER,LIVER
3,30,90421016806,10417702,LIVER,LIVER
3,30,90234016803,10027165,LIVER,LIVER
3,30,90444016806,10587543,LIVER,LIVER
3,30,90290016803,10204989,LIVER,LIVER
3,30,90581016806,10761160,LIVER,LIVER
3,30,90421017006,10417702,WAT-SC,WAT-SC
3,30,90290017003,10204989,WAT-SC,WAT-SC
3,30,90559017006,10950486,WAT-SC,WAT-SC
3,30,90420017006,10411690,WAT-SC,WAT-SC
3,30,90581017006,10761160,WAT-SC,WAT-SC
3,30,90255017003,10044841,WAT-SC,WAT-SC
3,30,90280017006,10095241,WAT-SC,WAT-SC
3,30,90234017003,10027165,WAT-SC,WAT-SC
3,30,90560017006,10700102,WAT-SC,WAT-SC
3,30,90406017006,10306471,WAT-SC,WAT-SC
3,30,90245017006,10043527,WAT-SC,WAT-SC
3,30,90444017006,10587543,WAT-SC,WAT-SC
3,50,90255015305,10044841,CORTEX,CORTEX
3,50,90444015305,10587543,CORTEX,CORTEX
3,50,90234015305,10027165,CORTEX,CORTEX
3,50,90290015305,10204989,CORTEX,CORTEX
3,50,90560015305,10700102,CORTEX,CORTEX
3,50,90406015305,10306471,CORTEX,CORTEX
3,50,90245015305,10043527,CORTEX,CORTEX
3,50,90280015305,10095241,CORTEX,CORTEX
3,50,90581015305,10761160,CORTEX,CORTEX
3,50,90559015305,10950486,CORTEX,CORTEX
3,50,90420015305,10411690,CORTEX,CORTEX
3,50,90421015305,10417702,CORTEX,CORTEX
3,50,90406015507,10306471,SKM-GN,SKM-GN
3,50,90421015507,10417702,SKM-GN,SKM-GN
3,50,90444015507,10587543,SKM-GN,SKM-GN
3,50,90280015507,10095241,SKM-GN,SKM-GN
3,50,90420015507,10411690,SKM-GN,SKM-GN
3,50,90581015507,10761160,SKM-GN,SKM-GN
3,50,90560015507,10700102,SKM-GN,SKM-GN
3,50,90234015503,10027165,SKM-GN,SKM-GN
3,50,90255015503,10044841,SKM-GN,SKM-GN
3,50,90559015507,10950486,SKM-GN,SKM-GN
3,50,90290015503,10204989,SKM-GN,SKM-GN
3,50,90245015507,10043527,SKM-GN,SKM-GN
3,50,90245015805,10043527,HEART,HEART
3,50,90420015805,10411690,HEART,HEART
3,50,90560015805,10700102,HEART,HEART
3,50,90559015805,10950486,HEART,HEART
3,50,90406015805,10306471,HEART,HEART
3,50,90255015802,10044841,HEART,HEART
3,50,90280015805,10095241,HEART,HEART
3,50,90421015805,10417702,HEART,HEART
3,50,90234015802,10027165,HEART,HEART
3,50,90444015805,10587543,HEART,HEART
3,50,90290015802,10204989,HEART,HEART
3,50,90581015805,10761160,HEART,HEART
3,50,90245015909,10043527,KIDNEY,KIDNEY
3,50,90290015909,10204989,KIDNEY,KIDNEY
3,50,90280015909,10095241,KIDNEY,KIDNEY
3,50,90581015909,10761160,KIDNEY,KIDNEY
3,50,90421015909,10417702,KIDNEY,KIDNEY
3,50,90255015909,10044841,KIDNEY,KIDNEY
3,50,90559015909,10950486,KIDNEY,KIDNEY
3,50,90420015909,10411690,KIDNEY,KIDNEY
3,50,90444015909,10587543,KIDNEY,KIDNEY
3,50,90234015909,10027165,KIDNEY,KIDNEY
3,50,90560015909,10700102,KIDNEY,KIDNEY
3,50,90406015909,10306471,KIDNEY,KIDNEY
3,50,90406016609,10306471,LUNG,LUNG
3,50,90245016609,10043527,LUNG,LUNG
3,50,90420016609,10411690,LUNG,LUNG
3,50,90290016609,10204989,LUNG,LUNG
3,50,90234016609,10027165,LUNG,LUNG
3,50,90560016609,10700102,LUNG,LUNG
3,50,90581016609,10761160,LUNG,LUNG
3,50,90255016609,10044841,LUNG,LUNG
3,50,90280016609,10095241,LUNG,LUNG
3,50,90444016609,10587543,LUNG,LUNG
3,50,90559016609,10950486,LUNG,LUNG
3,50,90421016609,10417702,LUNG,LUNG
3,50,90245016806,10043527,LIVER,LIVER
3,50,90420016806,10411690,LIVER,LIVER
3,50,90560016806,10700102,LIVER,LIVER
3,50,90559016806,10950486,LIVER,LIVER
3,50,90406016806,10306471,LIVER,LIVER
3,50,90255016803,10044841,LIVER,LIVER
3,50,90280016806,10095241,LIVER,LIVER
3,50,90421016806,10417702,LIVER,LIVER
3,50,90234016803,10027165,LIVER,LIVER
3,50,90444016806,10587543,LIVER,LIVER
3,50,90290016803,10204989,LIVER,LIVER
3,50,90581016806,10761160,LIVER,LIVER
3,50,90421017006,10417702,WAT-SC,WAT-SC
3,50,90290017003,10204989,WAT-SC,WAT-SC
3,50,90559017006,10950486,WAT-SC,WAT-SC
3,50,90420017006,10411690,WAT-SC,WAT-SC
3,50,90581017006,10761160,WAT-SC,WAT-SC
3,50,90255017003,10044841,WAT-SC,WAT-SC
3,50,90280017006,10095241,WAT-SC,WAT-SC
3,50,90234017003,10027165,WAT-SC,WAT-SC
3,50,90560017006,10700102,WAT-SC,WAT-SC
3,50,90406017006,10306471,WAT-SC,WAT-SC
3,50,90245017006,10043527,WAT-SC,WAT-SC
3,50,90444017006,10587543,WAT-SC,WAT-SC
3,100,90255015305,10044841,CORTEX,CORTEX
3,100,90444015305,10587543,CORTEX,CORTEX
3,100,90234015305,10027165,CORTEX,CORTEX
3,100,90290015305,10204989,CORTEX,CORTEX
3,100,90560015305,10700102,CORTEX,CORTEX
3,100,90406015305,10306471,CORTEX,CORTEX
3,100,90245015305,10043527,CORTEX,CORTEX
3,100,90280015305,10095241,CORTEX,CORTEX
3,100,90581015305,10761160,CORTEX,CORTEX
3,100,90559015305,10950486,CORTEX,CORTEX
3,100,90420015305,10411690,CORTEX,CORTEX
3,100,90421015305,10417702,CORTEX,CORTEX
3,100,90406015507,10306471,SKM-GN,SKM-GN
3,100,90421015507,10417702,SKM-GN,SKM-GN
3,100,90444015507,10587543,SKM-GN,SKM-GN
3,100,90280015507,10095241,SKM-GN,SKM-GN
3,100,90420015507,10411690,SKM-GN,SKM-GN
3,100,90581015507,10761160,SKM-GN,SKM-GN
3,100,90560015507,10700102,SKM-GN,SKM-GN
3,100,90234015503,10027165,SKM-GN,SKM-GN
3,100,90255015503,10044841,SKM-GN,SKM-GN
3,100,90559015507,10950486,SKM-GN,SKM-GN
3,100,90290015503,10204989,SKM-GN,SKM-GN
3,100,90245015507,10043527,SKM-GN,SKM-GN
3,100,90245015805,10043527,HEART,HEART
3,100,90420015805,10411690,HEART,HEART
3,100,90560015805,10700102,HEART,HEART
3,100,90559015805,10950486,HEART,HEART
3,100,90406015805,10306471,HEART,HEART
3,100,90255015802,10044841,HEART,HEART
3,100,90280015805,10095241,HEART,HEART
3,100,90421015805,10417702,HEART,HEART
3,100,90234015802,10027165,HEART,HEART
3,100,90444015805,10587543,HEART,HEART
3,100,90290015802,10204989,HEART,HEART
3,100,90581015805,10761160,HEART,HEART
3,100,90245015909,10043527,KIDNEY,KIDNEY
3,100,90290015909,10204989,KIDNEY,KIDNEY
3,100,90280015909,10095241,KIDNEY,KIDNEY
3,100,90581015909,10761160,KIDNEY,KIDNEY
3,100,90421015909,10417702,KIDNEY,KIDNEY
3,100,90255015909,10044841,KIDNEY,KIDNEY
3,100,90559015909,10950486,KIDNEY,KIDNEY
3,100,90420015909,10411690,KIDNEY,KIDNEY
3,100,90444015909,10587543,KIDNEY,KIDNEY
3,100,90234015909,10027165,KIDNEY,KIDNEY
3,100,90560015909,10700102,KIDNEY,KIDNEY
3,100,90406015909,10306471,KIDNEY,KIDNEY
3,100,90406016609,10306471,LUNG,LUNG
3,100,90245016609,10043527,LUNG,LUNG
3,100,90420016609,10411690,LUNG,LUNG
3,100,90290016609,10204989,LUNG,LUNG
3,100,90234016609,10027165,LUNG,LUNG
3,100,90560016609,10700102,LUNG,LUNG
3,100,90581016609,10761160,LUNG,LUNG
3,100,90255016609,10044841,LUNG,LUNG
3,100,90280016609,10095241,LUNG,LUNG
3,100,90444016609,10587543,LUNG,LUNG
3,100,90559016609,10950486,LUNG,LUNG
3,100,90421016609,10417702,LUNG,LUNG
3,100,90245016806,10043527,LIVER,LIVER
3,100,90420016806,10411690,LIVER,LIVER
3,100,90560016806,10700102,LIVER,LIVER
3,100,90559016806,10950486,LIVER,LIVER
3,100,90406016806,10306471,LIVER,LIVER
3,100,90255016803,10044841,LIVER,LIVER
3,100,90280016806,10095241,LIVER,LIVER
3,100,90421016806,10417702,LIVER,LIVER
3,100,90234016803,10027165,LIVER,LIVER
3,100,90444016806,10587543,LIVER,LIVER
3,100,90290016803,10204989,LIVER,LIVER
3,100,90581016806,10761160,LIVER,LIVER
3,100,90421017006,10417702,WAT-SC,WAT-SC
3,100,90290017003,10204989,WAT-SC,WAT-SC
3,100,90559017006,10950486,WAT-SC,WAT-SC
3,100,90420017006,10411690,WAT-SC,WAT-SC
3,100,90581017006,10761160,WAT-SC,WAT-SC
3,100,90255017003,10044841,WAT-SC,WAT-SC
3,100,90280017006,10095241,WAT-SC,WAT-SC
3,100,90234017003,10027165,WAT-SC,WAT-SC
3,100,90560017006,10700102,WAT-SC,WAT-SC
3,100,90406017006,10306471,WAT-SC,WAT-SC
3,100,90245017006,10043527,WAT-SC,WAT-SC
3,100,90444017006,10587543,WAT-SC,WAT-SC
4,1,90412015305,10337199,CORTEX,CORTEX
4,1,90432015305,10619259,CORTEX,CORTEX
4,1,90231015305,10026517,CORTEX,CORTEX
4,1,90267015305,10046461,CORTEX,CORTEX
4,1,90289015305,10185585,CORTEX,CORTEX
4,1,90232015305,10026789,CORTEX,CORTEX
4,1,90426015305,10503110,CORTEX,CORTEX
4,1,90585015305,10871349,CORTEX,CORTEX
4,1,90564015305,10833331,CORTEX,CORTEX
4,1,90439015305,10486003,CORTEX,CORTEX
4,1,90416015305,10381414,CORTEX,CORTEX
4,1,90576015305,10729518,CORTEX,CORTEX
4,1,90576015507,10729518,SKM-GN,WAT-SC
4,1,90585015507,10871349,SKM-GN,WAT-SC
4,1,90267015507,10046461,SKM-GN,WAT-SC
4,1,90231015503,10026517,SKM-GN,WAT-SC
4,1,90432015503,10619259,SKM-GN,KIDNEY
4,1,90232015507,10026789,SKM-GN,KIDNEY
4,1,90564015507,10833331,SKM-GN,KIDNEY
4,1,90439015507,10486003,SKM-GN,KIDNEY
4,1,90426015507,10503110,SKM-GN,WAT-SC
4,1,90416015507,10381414,SKM-GN,WAT-SC
4,1,90289015507,10185585,SKM-GN,WAT-SC
4,1,90412015507,10337199,SKM-GN,KIDNEY
4,1,90289015805,10185585,HEART,HEART
4,1,90267015805,10046461,HEART,HEART
4,1,90585015805,10871349,HEART,HEART
4,1,90432015802,10619259,HEART,HEART
4,1,90412015805,10337199,HEART,HEART
4,1,90439015805,10486003,HEART,HEART
4,1,90576015805,10729518,HEART,LIVER
4,1,90416015805,10381414,HEART,WAT-SC
4,1,90426015805,10503110,HEART,LIVER
4,1,90232015805,10026789,HEART,WAT-SC
4,1,90231015802,10026517,HEART,LIVER
4,1,90564015805,10833331,HEART,WAT-SC
4,1,90416015909,10381414,KIDNEY,KIDNEY
4,1,90585015909,10871349,KIDNEY,KIDNEY
4,1,90231015909,10026517,KIDNEY,KIDNEY
4,1,90267015909,10046461,KIDNEY,WAT-SC
4,1,90289015909,10185585,KIDNEY,KIDNEY
4,1,90564015909,10833331,KIDNEY,KIDNEY
4,1,90412015909,10337199,KIDNEY,KIDNEY
4,1,90232015909,10026789,KIDNEY,KIDNEY
4,1,90426015909,10503110,KIDNEY,KIDNEY
4,1,90576015909,10729518,KIDNEY,KIDNEY
4,1,90439015909,10486003,KIDNEY,HEART
4,1,90432015909,10619259,KIDNEY,HEART
4,1,90576016609,10729518,LUNG,KIDNEY
4,1,90231016609,10026517,LUNG,KIDNEY
4,1,90432016609,10619259,LUNG,WAT-SC
4,1,90232016609,10026789,LUNG,HEART
4,1,90426016609,10503110,LUNG,KIDNEY
4,1,90412016609,10337199,LUNG,KIDNEY
4,1,90585016609,10871349,LUNG,HEART
4,1,90564016609,10833331,LUNG,WAT-SC
4,1,90439016609,10486003,LUNG,HEART
4,1,90416016609,10381414,LUNG,KIDNEY
4,1,90267016609,10046461,LUNG,KIDNEY
4,1,90289016609,10185585,LUNG,KIDNEY
4,1,90289016806,10185585,LIVER,WAT-SC
4,1,90267016806,10046461,LIVER,WAT-SC
4,1,90585016806,10871349,LIVER,WAT-SC
4,1,90432016803,10619259,LIVER,WAT-SC
4,1,90412016806,10337199,LIVER,WAT-SC
4,1,90439016806,10486003,LIVER,LIVER
4,1,90576016806,10729518,LIVER,WAT-SC
4,1,90416016806,10381414,LIVER,WAT-SC
4,1,90426016806,10503110,LIVER,WAT-SC
4,1,90232016806,10026789,LIVER,WAT-SC
4,1,90231016803,10026517,LIVER,KIDNEY
4,1,90564016806,10833331,LIVER,KIDNEY
4,1,90564017006,10833331,WAT-SC,HEART
4,1,90439017006,10486003,WAT-SC,LIVER
4,1,90412017006,10337199,WAT-SC,HEART
4,1,90232017006,10026789,WAT-SC,KIDNEY
4,1,90576017006,10729518,WAT-SC,HEART
4,1,90289017006,10185585,WAT-SC,LIVER
4,1,90432017003,10619259,WAT-SC,HEART
4,1,90585017006,10871349,WAT-SC,LIVER
4,1,90267017006,10046461,WAT-SC,HEART
4,1,90231017003,10026517,WAT-SC,KIDNEY
4,1,90416017006,10381414,WAT-SC,HEART
4,1,90426017006,10503110,WAT-SC,KIDNEY
4,2,90412015305,10337199,CORTEX,CORTEX
4,2,90432015305,10619259,CORTEX,CORTEX
4,2,90231015305,10026517,CORTEX,CORTEX
4,2,90267015305,10046461,CORTEX,CORTEX
4,2,90289015305,10185585,CORTEX,CORTEX
4,2,90232015305,10026789,CORTEX,CORTEX
4,2,90426015305,10503110,CORTEX,CORTEX
4,2,90585015305,10871349,CORTEX,CORTEX
4,2,90564015305,10833331,CORTEX,CORTEX
4,2,90439015305,10486003,CORTEX,CORTEX
4,2,90416015305,10381414,CORTEX,CORTEX
4,2,90576015305,10729518,CORTEX,CORTEX
4,2,90576015507,10729518,SKM-GN,WAT-SC
4,2,90585015507,10871349,SKM-GN,WAT-SC
4,2,90267015507,10046461,SKM-GN,WAT-SC
4,2,90231015503,10026517,SKM-GN,WAT-SC
4,2,90432015503,10619259,SKM-GN,KIDNEY
4,2,90232015507,10026789,SKM-GN,KIDNEY
4,2,90564015507,10833331,SKM-GN,KIDNEY
4,2,90439015507,10486003,SKM-GN,KIDNEY
4,2,90426015507,10503110,SKM-GN,HEART
4,2,90416015507,10381414,SKM-GN,HEART
4,2,90289015507,10185585,SKM-GN,HEART
4,2,90412015507,10337199,SKM-GN,KIDNEY
4,2,90289015805,10185585,HEART,HEART
4,2,90267015805,10046461,HEART,HEART
4,2,90585015805,10871349,HEART,HEART
4,2,90432015802,10619259,HEART,HEART
4,2,90412015805,10337199,HEART,HEART
4,2,90439015805,10486003,HEART,HEART
4,2,90576015805,10729518,HEART,HEART
4,2,90416015805,10381414,HEART,HEART
4,2,90426015805,10503110,HEART,HEART
4,2,90232015805,10026789,HEART,HEART
4,2,90231015802,10026517,HEART,HEART
4,2,90564015805,10833331,HEART,HEART
4,2,90416015909,10381414,KIDNEY,KIDNEY
4,2,90585015909,10871349,KIDNEY,KIDNEY
4,2,90231015909,10026517,KIDNEY,KIDNEY
4,2,90267015909,10046461,KIDNEY,WAT-SC
4,2,90289015909,10185585,KIDNEY,KIDNEY
4,2,90564015909,10833331,KIDNEY,SKM-GN
4,2,90412015909,10337199,KIDNEY,KIDNEY
4,2,90232015909,10026789,KIDNEY,KIDNEY
4,2,90426015909,10503110,KIDNEY,KIDNEY
4,2,90576015909,10729518,KIDNEY,KIDNEY
4,2,90439015909,10486003,KIDNEY,WAT-SC
4,2,90432015909,10619259,KIDNEY,WAT-SC
4,2,90576016609,10729518,LUNG,LUNG
4,2,90231016609,10026517,LUNG,LUNG
4,2,90432016609,10619259,LUNG,WAT-SC
4,2,90232016609,10026789,LUNG,WAT-SC
4,2,90426016609,10503110,LUNG,KIDNEY
4,2,90412016609,10337199,LUNG,KIDNEY
4,2,90585016609,10871349,LUNG,WAT-SC
4,2,90564016609,10833331,LUNG,WAT-SC
4,2,90439016609,10486003,LUNG,WAT-SC
4,2,90416016609,10381414,LUNG,KIDNEY
4,2,90267016609,10046461,LUNG,KIDNEY
4,2,90289016609,10185585,LUNG,KIDNEY
4,2,90289016806,10185585,LIVER,WAT-SC
4,2,90267016806,10046461,LIVER,WAT-SC
4,2,90585016806,10871349,LIVER,WAT-SC
4,2,90432016803,10619259,LIVER,WAT-SC
4,2,90412016806,10337199,LIVER,LIVER
4,2,90439016806,10486003,LIVER,LIVER
4,2,90576016806,10729518,LIVER,LIVER
4,2,90416016806,10381414,LIVER,LIVER
4,2,90426016806,10503110,LIVER,WAT-SC
4,2,90232016806,10026789,LIVER,WAT-SC
4,2,90231016803,10026517,LIVER,LUNG
4,2,90564016806,10833331,LIVER,KIDNEY
4,2,90564017006,10833331,WAT-SC,WAT-SC
4,2,90439017006,10486003,WAT-SC,LIVER
4,2,90412017006,10337199,WAT-SC,LIVER
4,2,90232017006,10026789,WAT-SC,LUNG
4,2,90576017006,10729518,WAT-SC,LIVER
4,2,90289017006,10185585,WAT-SC,LIVER
4,2,90432017003,10619259,WAT-SC,LIVER
4,2,90585017006,10871349,WAT-SC,SKM-GN
4,2,90267017006,10046461,WAT-SC,LIVER
4,2,90231017003,10026517,WAT-SC,LIVER
4,2,90416017006,10381414,WAT-SC,LIVER
4,2,90426017006,10503110,WAT-SC,KIDNEY
4,3,90412015305,10337199,CORTEX,CORTEX
4,3,90432015305,10619259,CORTEX,CORTEX
4,3,90231015305,10026517,CORTEX,CORTEX
4,3,90267015305,10046461,CORTEX,CORTEX
4,3,90289015305,10185585,CORTEX,CORTEX
4,3,90232015305,10026789,CORTEX,CORTEX
4,3,90426015305,10503110,CORTEX,CORTEX
4,3,90585015305,10871349,CORTEX,CORTEX
4,3,90564015305,10833331,CORTEX,CORTEX
4,3,90439015305,10486003,CORTEX,CORTEX
4,3,90416015305,10381414,CORTEX,CORTEX
4,3,90576015305,10729518,CORTEX,CORTEX
4,3,90576015507,10729518,SKM-GN,LUNG
4,3,90585015507,10871349,SKM-GN,SKM-GN
4,3,90267015507,10046461,SKM-GN,SKM-GN
4,3,90231015503,10026517,SKM-GN,LUNG
4,3,90432015503,10619259,SKM-GN,SKM-GN
4,3,90232015507,10026789,SKM-GN,SKM-GN
4,3,90564015507,10833331,SKM-GN,SKM-GN
4,3,90439015507,10486003,SKM-GN,SKM-GN
4,3,90426015507,10503110,SKM-GN,SKM-GN
4,3,90416015507,10381414,SKM-GN,HEART
4,3,90289015507,10185585,SKM-GN,HEART
4,3,90412015507,10337199,SKM-GN,LUNG
4,3,90289015805,10185585,HEART,HEART
4,3,90267015805,10046461,HEART,HEART
4,3,90585015805,10871349,HEART,HEART
4,3,90432015802,10619259,HEART,HEART
4,3,90412015805,10337199,HEART,HEART
4,3,90439015805,10486003,HEART,HEART
4,3,90576015805,10729518,HEART,HEART
4,3,90416015805,10381414,HEART,HEART
4,3,90426015805,10503110,HEART,HEART
4,3,90232015805,10026789,HEART,HEART
4,3,90231015802,10026517,HEART,HEART
4,3,90564015805,10833331,HEART,HEART
4,3,90416015909,10381414,KIDNEY,KIDNEY
4,3,90585015909,10871349,KIDNEY,KIDNEY
4,3,90231015909,10026517,KIDNEY,KIDNEY
4,3,90267015909,10046461,KIDNEY,KIDNEY
4,3,90289015909,10185585,KIDNEY,KIDNEY
4,3,90564015909,10833331,KIDNEY,KIDNEY
4,3,90412015909,10337199,KIDNEY,KIDNEY
4,3,90232015909,10026789,KIDNEY,KIDNEY
4,3,90426015909,10503110,KIDNEY,KIDNEY
4,3,90576015909,10729518,KIDNEY,KIDNEY
4,3,90439015909,10486003,KIDNEY,KIDNEY
4,3,90432015909,10619259,KIDNEY,KIDNEY
4,3,90576016609,10729518,LUNG,LUNG
4,3,90231016609,10026517,LUNG,LUNG
4,3,90432016609,10619259,LUNG,LUNG
4,3,90232016609,10026789,LUNG,LUNG
4,3,90426016609,10503110,LUNG,SKM-GN
4,3,90412016609,10337199,LUNG,SKM-GN
4,3,90585016609,10871349,LUNG,WAT-SC
4,3,90564016609,10833331,LUNG,WAT-SC
4,3,90439016609,10486003,LUNG,WAT-SC
4,3,90416016609,10381414,LUNG,SKM-GN
4,3,90267016609,10046461,LUNG,SKM-GN
4,3,90289016609,10185585,LUNG,SKM-GN
4,3,90289016806,10185585,LIVER,LIVER
4,3,90267016806,10046461,LIVER,LIVER
4,3,90585016806,10871349,LIVER,LIVER
4,3,90432016803,10619259,LIVER,LIVER
4,3,90412016806,10337199,LIVER,LIVER
4,3,90439016806,10486003,LIVER,LIVER
4,3,90576016806,10729518,LIVER,LIVER
4,3,90416016806,10381414,LIVER,LIVER
4,3,90426016806,10503110,LIVER,LIVER
4,3,90232016806,10026789,LIVER,LIVER
4,3,90231016803,10026517,LIVER,LIVER
4,3,90564016806,10833331,LIVER,LIVER
4,3,90564017006,10833331,WAT-SC,WAT-SC
4,3,90439017006,10486003,WAT-SC,WAT-SC
4,3,90412017006,10337199,WAT-SC,WAT-SC
4,3,90232017006,10026789,WAT-SC,WAT-SC
4,3,90576017006,10729518,WAT-SC,WAT-SC
4,3,90289017006,10185585,WAT-SC,WAT-SC
4,3,90432017003,10619259,WAT-SC,WAT-SC
4,3,90585017006,10871349,WAT-SC,WAT-SC
4,3,90267017006,10046461,WAT-SC,WAT-SC
4,3,90231017003,10026517,WAT-SC,WAT-SC
4,3,90416017006,10381414,WAT-SC,WAT-SC
4,3,90426017006,10503110,WAT-SC,LUNG
4,5,90412015305,10337199,CORTEX,CORTEX
4,5,90432015305,10619259,CORTEX,CORTEX
4,5,90231015305,10026517,CORTEX,CORTEX
4,5,90267015305,10046461,CORTEX,CORTEX
4,5,90289015305,10185585,CORTEX,CORTEX
4,5,90232015305,10026789,CORTEX,CORTEX
4,5,90426015305,10503110,CORTEX,CORTEX
4,5,90585015305,10871349,CORTEX,CORTEX
4,5,90564015305,10833331,CORTEX,CORTEX
4,5,90439015305,10486003,CORTEX,CORTEX
4,5,90416015305,10381414,CORTEX,CORTEX
4,5,90576015305,10729518,CORTEX,CORTEX
4,5,90576015507,10729518,SKM-GN,SKM-GN
4,5,90585015507,10871349,SKM-GN,SKM-GN
4,5,90267015507,10046461,SKM-GN,SKM-GN
4,5,90231015503,10026517,SKM-GN,SKM-GN
4,5,90432015503,10619259,SKM-GN,SKM-GN
4,5,90232015507,10026789,SKM-GN,SKM-GN
4,5,90564015507,10833331,SKM-GN,SKM-GN
4,5,90439015507,10486003,SKM-GN,SKM-GN
4,5,90426015507,10503110,SKM-GN,SKM-GN
4,5,90416015507,10381414,SKM-GN,SKM-GN
4,5,90289015507,10185585,SKM-GN,SKM-GN
4,5,90412015507,10337199,SKM-GN,SKM-GN
4,5,90289015805,10185585,HEART,HEART
4,5,90267015805,10046461,HEART,HEART
4,5,90585015805,10871349,HEART,HEART
4,5,90432015802,10619259,HEART,HEART
4,5,90412015805,10337199,HEART,HEART
4,5,90439015805,10486003,HEART,HEART
4,5,90576015805,10729518,HEART,HEART
4,5,90416015805,10381414,HEART,HEART
4,5,90426015805,10503110,HEART,HEART
4,5,90232015805,10026789,HEART,HEART
4,5,90231015802,10026517,HEART,HEART
4,5,90564015805,10833331,HEART,HEART
4,5,90416015909,10381414,KIDNEY,KIDNEY
4,5,90585015909,10871349,KIDNEY,KIDNEY
4,5,90231015909,10026517,KIDNEY,KIDNEY
4,5,90267015909,10046461,KIDNEY,KIDNEY
4,5,90289015909,10185585,KIDNEY,KIDNEY
4,5,90564015909,10833331,KIDNEY,KIDNEY
4,5,90412015909,10337199,KIDNEY,KIDNEY
4,5,90232015909,10026789,KIDNEY,KIDNEY
4,5,90426015909,10503110,KIDNEY,KIDNEY
4,5,90576015909,10729518,KIDNEY,KIDNEY
4,5,90439015909,10486003,KIDNEY,KIDNEY
4,5,90432015909,10619259,KIDNEY,KIDNEY
4,5,90576016609,10729518,LUNG,LUNG
4,5,90231016609,10026517,LUNG,LUNG
4,5,90432016609,10619259,LUNG,LUNG
4,5,90232016609,10026789,LUNG,LUNG
4,5,90426016609,10503110,LUNG,LUNG
4,5,90412016609,10337199,LUNG,LUNG
4,5,90585016609,10871349,LUNG,LUNG
4,5,90564016609,10833331,LUNG,LUNG
4,5,90439016609,10486003,LUNG,LUNG
4,5,90416016609,10381414,LUNG,LUNG
4,5,90267016609,10046461,LUNG,LUNG
4,5,90289016609,10185585,LUNG,LUNG
4,5,90289016806,10185585,LIVER,LIVER
4,5,90267016806,10046461,LIVER,LIVER
4,5,90585016806,10871349,LIVER,LIVER
4,5,90432016803,10619259,LIVER,LIVER
4,5,90412016806,10337199,LIVER,LIVER
4,5,90439016806,10486003,LIVER,LIVER
4,5,90576016806,10729518,LIVER,LIVER
4,5,90416016806,10381414,LIVER,LIVER
4,5,90426016806,10503110,LIVER,LIVER
4,5,90232016806,10026789,LIVER,LIVER
4,5,90231016803,10026517,LIVER,LIVER
4,5,90564016806,10833331,LIVER,LIVER
4,5,90564017006,10833331,WAT-SC,WAT-SC
4,5,90439017006,10486003,WAT-SC,LIVER
4,5,90412017006,10337199,WAT-SC,WAT-SC
4,5,90232017006,10026789,WAT-SC,WAT-SC
4,5,90576017006,10729518,WAT-SC,WAT-SC
4,5,90289017006,10185585,WAT-SC,WAT-SC
4,5,90432017003,10619259,WAT-SC,WAT-SC
4,5,90585017006,10871349,WAT-SC,WAT-SC
4,5,90267017006,10046461,WAT-SC,WAT-SC
4,5,90231017003,10026517,WAT-SC,WAT-SC
4,5,90416017006,10381414,WAT-SC,WAT-SC
4,5,90426017006,10503110,WAT-SC,WAT-SC
4,8,90412015305,10337199,CORTEX,CORTEX
4,8,90432015305,10619259,CORTEX,CORTEX
4,8,90231015305,10026517,CORTEX,CORTEX
4,8,90267015305,10046461,CORTEX,CORTEX
4,8,90289015305,10185585,CORTEX,CORTEX
4,8,90232015305,10026789,CORTEX,CORTEX
4,8,90426015305,10503110,CORTEX,CORTEX
4,8,90585015305,10871349,CORTEX,CORTEX
4,8,90564015305,10833331,CORTEX,CORTEX
4,8,90439015305,10486003,CORTEX,CORTEX
4,8,90416015305,10381414,CORTEX,CORTEX
4,8,90576015305,10729518,CORTEX,CORTEX
4,8,90576015507,10729518,SKM-GN,SKM-GN
4,8,90585015507,10871349,SKM-GN,SKM-GN
4,8,90267015507,10046461,SKM-GN,SKM-GN
4,8,90231015503,10026517,SKM-GN,SKM-GN
4,8,90432015503,10619259,SKM-GN,SKM-GN
4,8,90232015507,10026789,SKM-GN,SKM-GN
4,8,90564015507,10833331,SKM-GN,SKM-GN
4,8,90439015507,10486003,SKM-GN,SKM-GN
4,8,90426015507,10503110,SKM-GN,SKM-GN
4,8,90416015507,10381414,SKM-GN,SKM-GN
4,8,90289015507,10185585,SKM-GN,SKM-GN
4,8,90412015507,10337199,SKM-GN,SKM-GN
4,8,90289015805,10185585,HEART,HEART
4,8,90267015805,10046461,HEART,HEART
4,8,90585015805,10871349,HEART,HEART
4,8,90432015802,10619259,HEART,HEART
4,8,90412015805,10337199,HEART,HEART
4,8,90439015805,10486003,HEART,HEART
4,8,90576015805,10729518,HEART,HEART
4,8,90416015805,10381414,HEART,HEART
4,8,90426015805,10503110,HEART,HEART
4,8,90232015805,10026789,HEART,HEART
4,8,90231015802,10026517,HEART,HEART
4,8,90564015805,10833331,HEART,HEART
4,8,90416015909,10381414,KIDNEY,KIDNEY
4,8,90585015909,10871349,KIDNEY,KIDNEY
4,8,90231015909,10026517,KIDNEY,KIDNEY
4,8,90267015909,10046461,KIDNEY,KIDNEY
4,8,90289015909,10185585,KIDNEY,KIDNEY
4,8,90564015909,10833331,KIDNEY,KIDNEY
4,8,90412015909,10337199,KIDNEY,KIDNEY
4,8,90232015909,10026789,KIDNEY,KIDNEY
4,8,90426015909,10503110,KIDNEY,KIDNEY
4,8,90576015909,10729518,KIDNEY,KIDNEY
4,8,90439015909,10486003,KIDNEY,KIDNEY
4,8,90432015909,10619259,KIDNEY,KIDNEY
4,8,90576016609,10729518,LUNG,LUNG
4,8,90231016609,10026517,LUNG,LUNG
4,8,90432016609,10619259,LUNG,LUNG
4,8,90232016609,10026789,LUNG,LUNG
4,8,90426016609,10503110,LUNG,LUNG
4,8,90412016609,10337199,LUNG,LUNG
4,8,90585016609,10871349,LUNG,LUNG
4,8,90564016609,10833331,LUNG,LUNG
4,8,90439016609,10486003,LUNG,LUNG
4,8,90416016609,10381414,LUNG,LUNG
4,8,90267016609,10046461,LUNG,LUNG
4,8,90289016609,10185585,LUNG,LUNG
4,8,90289016806,10185585,LIVER,LIVER
4,8,90267016806,10046461,LIVER,LIVER
4,8,90585016806,10871349,LIVER,LIVER
4,8,90432016803,10619259,LIVER,LIVER
4,8,90412016806,10337199,LIVER,LIVER
4,8,90439016806,10486003,LIVER,LIVER
4,8,90576016806,10729518,LIVER,LIVER
4,8,90416016806,10381414,LIVER,LIVER
4,8,90426016806,10503110,LIVER,LIVER
4,8,90232016806,10026789,LIVER,LIVER
4,8,90231016803,10026517,LIVER,LIVER
4,8,90564016806,10833331,LIVER,LIVER
4,8,90564017006,10833331,WAT-SC,WAT-SC
4,8,90439017006,10486003,WAT-SC,WAT-SC
4,8,90412017006,10337199,WAT-SC,WAT-SC
4,8,90232017006,10026789,WAT-SC,WAT-SC
4,8,90576017006,10729518,WAT-SC,WAT-SC
4,8,90289017006,10185585,WAT-SC,WAT-SC
4,8,90432017003,10619259,WAT-SC,WAT-SC
4,8,90585017006,10871349,WAT-SC,WAT-SC
4,8,90267017006,10046461,WAT-SC,WAT-SC
4,8,90231017003,10026517,WAT-SC,WAT-SC
4,8,90416017006,10381414,WAT-SC,WAT-SC
4,8,90426017006,10503110,WAT-SC,WAT-SC
4,10,90412015305,10337199,CORTEX,CORTEX
4,10,90432015305,10619259,CORTEX,CORTEX
4,10,90231015305,10026517,CORTEX,CORTEX
4,10,90267015305,10046461,CORTEX,CORTEX
4,10,90289015305,10185585,CORTEX,CORTEX
4,10,90232015305,10026789,CORTEX,CORTEX
4,10,90426015305,10503110,CORTEX,CORTEX
4,10,90585015305,10871349,CORTEX,CORTEX
4,10,90564015305,10833331,CORTEX,CORTEX
4,10,90439015305,10486003,CORTEX,CORTEX
4,10,90416015305,10381414,CORTEX,CORTEX
4,10,90576015305,10729518,CORTEX,CORTEX
4,10,90576015507,10729518,SKM-GN,SKM-GN
4,10,90585015507,10871349,SKM-GN,SKM-GN
4,10,90267015507,10046461,SKM-GN,SKM-GN
4,10,90231015503,10026517,SKM-GN,SKM-GN
4,10,90432015503,10619259,SKM-GN,SKM-GN
4,10,90232015507,10026789,SKM-GN,SKM-GN
4,10,90564015507,10833331,SKM-GN,SKM-GN
4,10,90439015507,10486003,SKM-GN,SKM-GN
4,10,90426015507,10503110,SKM-GN,SKM-GN
4,10,90416015507,10381414,SKM-GN,SKM-GN
4,10,90289015507,10185585,SKM-GN,SKM-GN
4,10,90412015507,10337199,SKM-GN,SKM-GN
4,10,90289015805,10185585,HEART,HEART
4,10,90267015805,10046461,HEART,HEART
4,10,90585015805,10871349,HEART,HEART
4,10,90432015802,10619259,HEART,HEART
4,10,90412015805,10337199,HEART,HEART
4,10,90439015805,10486003,HEART,HEART
4,10,90576015805,10729518,HEART,HEART
4,10,90416015805,10381414,HEART,HEART
4,10,90426015805,10503110,HEART,HEART
4,10,90232015805,10026789,HEART,HEART
4,10,90231015802,10026517,HEART,HEART
4,10,90564015805,10833331,HEART,HEART
4,10,90416015909,10381414,KIDNEY,KIDNEY
4,10,90585015909,10871349,KIDNEY,KIDNEY
4,10,90231015909,10026517,KIDNEY,KIDNEY
4,10,90267015909,10046461,KIDNEY,KIDNEY
4,10,90289015909,10185585,KIDNEY,KIDNEY
4,10,90564015909,10833331,KIDNEY,KIDNEY
4,10,90412015909,10337199,KIDNEY,KIDNEY
4,10,90232015909,10026789,KIDNEY,KIDNEY
4,10,90426015909,10503110,KIDNEY,KIDNEY
4,10,90576015909,10729518,KIDNEY,KIDNEY
4,10,90439015909,10486003,KIDNEY,KIDNEY
4,10,90432015909,10619259,KIDNEY,KIDNEY
4,10,90576016609,10729518,LUNG,LUNG
4,10,90231016609,10026517,LUNG,LUNG
4,10,90432016609,10619259,LUNG,LUNG
4,10,90232016609,10026789,LUNG,LUNG
4,10,90426016609,10503110,LUNG,LUNG
4,10,90412016609,10337199,LUNG,LUNG
4,10,90585016609,10871349,LUNG,LUNG
4,10,90564016609,10833331,LUNG,LUNG
4,10,90439016609,10486003,LUNG,LUNG
4,10,90416016609,10381414,LUNG,LUNG
4,10,90267016609,10046461,LUNG,LUNG
4,10,90289016609,10185585,LUNG,LUNG
4,10,90289016806,10185585,LIVER,LIVER
4,10,90267016806,10046461,LIVER,LIVER
4,10,90585016806,10871349,LIVER,LIVER
4,10,90432016803,10619259,LIVER,LIVER
4,10,90412016806,10337199,LIVER,LIVER
4,10,90439016806,10486003,LIVER,LIVER
4,10,90576016806,10729518,LIVER,LIVER
4,10,90416016806,10381414,LIVER,LIVER
4,10,90426016806,10503110,LIVER,LIVER
4,10,90232016806,10026789,LIVER,LIVER
4,10,90231016803,10026517,LIVER,LIVER
4,10,90564016806,10833331,LIVER,LIVER
4,10,90564017006,10833331,WAT-SC,WAT-SC
4,10,90439017006,10486003,WAT-SC,WAT-SC
4,10,90412017006,10337199,WAT-SC,WAT-SC
4,10,90232017006,10026789,WAT-SC,WAT-SC
4,10,90576017006,10729518,WAT-SC,WAT-SC
4,10,90289017006,10185585,WAT-SC,WAT-SC
4,10,90432017003,10619259,WAT-SC,WAT-SC
4,10,90585017006,10871349,WAT-SC,WAT-SC
4,10,90267017006,10046461,WAT-SC,WAT-SC
4,10,90231017003,10026517,WAT-SC,WAT-SC
4,10,90416017006,10381414,WAT-SC,WAT-SC
4,10,90426017006,10503110,WAT-SC,WAT-SC
4,15,90412015305,10337199,CORTEX,CORTEX
4,15,90432015305,10619259,CORTEX,CORTEX
4,15,90231015305,10026517,CORTEX,CORTEX
4,15,90267015305,10046461,CORTEX,CORTEX
4,15,90289015305,10185585,CORTEX,CORTEX
4,15,90232015305,10026789,CORTEX,CORTEX
4,15,90426015305,10503110,CORTEX,CORTEX
4,15,90585015305,10871349,CORTEX,CORTEX
4,15,90564015305,10833331,CORTEX,CORTEX
4,15,90439015305,10486003,CORTEX,CORTEX
4,15,90416015305,10381414,CORTEX,CORTEX
4,15,90576015305,10729518,CORTEX,CORTEX
4,15,90576015507,10729518,SKM-GN,SKM-GN
4,15,90585015507,10871349,SKM-GN,SKM-GN
4,15,90267015507,10046461,SKM-GN,SKM-GN
4,15,90231015503,10026517,SKM-GN,SKM-GN
4,15,90432015503,10619259,SKM-GN,SKM-GN
4,15,90232015507,10026789,SKM-GN,SKM-GN
4,15,90564015507,10833331,SKM-GN,SKM-GN
4,15,90439015507,10486003,SKM-GN,SKM-GN
4,15,90426015507,10503110,SKM-GN,SKM-GN
4,15,90416015507,10381414,SKM-GN,SKM-GN
4,15,90289015507,10185585,SKM-GN,SKM-GN
4,15,90412015507,10337199,SKM-GN,SKM-GN
4,15,90289015805,10185585,HEART,HEART
4,15,90267015805,10046461,HEART,HEART
4,15,90585015805,10871349,HEART,HEART
4,15,90432015802,10619259,HEART,HEART
4,15,90412015805,10337199,HEART,HEART
4,15,90439015805,10486003,HEART,HEART
4,15,90576015805,10729518,HEART,HEART
4,15,90416015805,10381414,HEART,HEART
4,15,90426015805,10503110,HEART,HEART
4,15,90232015805,10026789,HEART,HEART
4,15,90231015802,10026517,HEART,HEART
4,15,90564015805,10833331,HEART,HEART
4,15,90416015909,10381414,KIDNEY,KIDNEY
4,15,90585015909,10871349,KIDNEY,KIDNEY
4,15,90231015909,10026517,KIDNEY,KIDNEY
4,15,90267015909,10046461,KIDNEY,KIDNEY
4,15,90289015909,10185585,KIDNEY,KIDNEY
4,15,90564015909,10833331,KIDNEY,KIDNEY
4,15,90412015909,10337199,KIDNEY,KIDNEY
4,15,90232015909,10026789,KIDNEY,KIDNEY
4,15,90426015909,10503110,KIDNEY,KIDNEY
4,15,90576015909,10729518,KIDNEY,KIDNEY
4,15,90439015909,10486003,KIDNEY,KIDNEY
4,15,90432015909,10619259,KIDNEY,KIDNEY
4,15,90576016609,10729518,LUNG,LUNG
4,15,90231016609,10026517,LUNG,LUNG
4,15,90432016609,10619259,LUNG,LUNG
4,15,90232016609,10026789,LUNG,LUNG
4,15,90426016609,10503110,LUNG,LUNG
4,15,90412016609,10337199,LUNG,LUNG
4,15,90585016609,10871349,LUNG,LUNG
4,15,90564016609,10833331,LUNG,LUNG
4,15,90439016609,10486003,LUNG,LUNG
4,15,90416016609,10381414,LUNG,LUNG
4,15,90267016609,10046461,LUNG,LUNG
4,15,90289016609,10185585,LUNG,LUNG
4,15,90289016806,10185585,LIVER,LIVER
4,15,90267016806,10046461,LIVER,LIVER
4,15,90585016806,10871349,LIVER,LIVER
4,15,90432016803,10619259,LIVER,LIVER
4,15,90412016806,10337199,LIVER,LIVER
4,15,90439016806,10486003,LIVER,LIVER
4,15,90576016806,10729518,LIVER,LIVER
4,15,90416016806,10381414,LIVER,LIVER
4,15,90426016806,10503110,LIVER,LIVER
4,15,90232016806,10026789,LIVER,LIVER
4,15,90231016803,10026517,LIVER,LIVER
4,15,90564016806,10833331,LIVER,LIVER
4,15,90564017006,10833331,WAT-SC,WAT-SC
4,15,90439017006,10486003,WAT-SC,WAT-SC
4,15,90412017006,10337199,WAT-SC,WAT-SC
4,15,90232017006,10026789,WAT-SC,WAT-SC
4,15,90576017006,10729518,WAT-SC,WAT-SC
4,15,90289017006,10185585,WAT-SC,WAT-SC
4,15,90432017003,10619259,WAT-SC,WAT-SC
4,15,90585017006,10871349,WAT-SC,WAT-SC
4,15,90267017006,10046461,WAT-SC,WAT-SC
4,15,90231017003,10026517,WAT-SC,WAT-SC
4,15,90416017006,10381414,WAT-SC,WAT-SC
4,15,90426017006,10503110,WAT-SC,WAT-SC
4,20,90412015305,10337199,CORTEX,CORTEX
4,20,90432015305,10619259,CORTEX,CORTEX
4,20,90231015305,10026517,CORTEX,CORTEX
4,20,90267015305,10046461,CORTEX,CORTEX
4,20,90289015305,10185585,CORTEX,CORTEX
4,20,90232015305,10026789,CORTEX,CORTEX
4,20,90426015305,10503110,CORTEX,CORTEX
4,20,90585015305,10871349,CORTEX,CORTEX
4,20,90564015305,10833331,CORTEX,CORTEX
4,20,90439015305,10486003,CORTEX,CORTEX
4,20,90416015305,10381414,CORTEX,CORTEX
4,20,90576015305,10729518,CORTEX,CORTEX
4,20,90576015507,10729518,SKM-GN,SKM-GN
4,20,90585015507,10871349,SKM-GN,SKM-GN
4,20,90267015507,10046461,SKM-GN,SKM-GN
4,20,90231015503,10026517,SKM-GN,SKM-GN
4,20,90432015503,10619259,SKM-GN,SKM-GN
4,20,90232015507,10026789,SKM-GN,SKM-GN
4,20,90564015507,10833331,SKM-GN,SKM-GN
4,20,90439015507,10486003,SKM-GN,SKM-GN
4,20,90426015507,10503110,SKM-GN,SKM-GN
4,20,90416015507,10381414,SKM-GN,SKM-GN
4,20,90289015507,10185585,SKM-GN,SKM-GN
4,20,90412015507,10337199,SKM-GN,SKM-GN
4,20,90289015805,10185585,HEART,HEART
4,20,90267015805,10046461,HEART,HEART
4,20,90585015805,10871349,HEART,HEART
4,20,90432015802,10619259,HEART,HEART
4,20,90412015805,10337199,HEART,HEART
4,20,90439015805,10486003,HEART,HEART
4,20,90576015805,10729518,HEART,HEART
4,20,90416015805,10381414,HEART,HEART
4,20,90426015805,10503110,HEART,HEART
4,20,90232015805,10026789,HEART,HEART
4,20,90231015802,10026517,HEART,HEART
4,20,90564015805,10833331,HEART,HEART
4,20,90416015909,10381414,KIDNEY,KIDNEY
4,20,90585015909,10871349,KIDNEY,KIDNEY
4,20,90231015909,10026517,KIDNEY,KIDNEY
4,20,90267015909,10046461,KIDNEY,KIDNEY
4,20,90289015909,10185585,KIDNEY,KIDNEY
4,20,90564015909,10833331,KIDNEY,KIDNEY
4,20,90412015909,10337199,KIDNEY,KIDNEY
4,20,90232015909,10026789,KIDNEY,KIDNEY
4,20,90426015909,10503110,KIDNEY,KIDNEY
4,20,90576015909,10729518,KIDNEY,KIDNEY
4,20,90439015909,10486003,KIDNEY,KIDNEY
4,20,90432015909,10619259,KIDNEY,KIDNEY
4,20,90576016609,10729518,LUNG,LUNG
4,20,90231016609,10026517,LUNG,LUNG
4,20,90432016609,10619259,LUNG,LUNG
4,20,90232016609,10026789,LUNG,LUNG
4,20,90426016609,10503110,LUNG,LUNG
4,20,90412016609,10337199,LUNG,LUNG
4,20,90585016609,10871349,LUNG,LUNG
4,20,90564016609,10833331,LUNG,LUNG
4,20,90439016609,10486003,LUNG,LUNG
4,20,90416016609,10381414,LUNG,LUNG
4,20,90267016609,10046461,LUNG,LUNG
4,20,90289016609,10185585,LUNG,LUNG
4,20,90289016806,10185585,LIVER,LIVER
4,20,90267016806,10046461,LIVER,LIVER
4,20,90585016806,10871349,LIVER,LIVER
4,20,90432016803,10619259,LIVER,LIVER
4,20,90412016806,10337199,LIVER,LIVER
4,20,90439016806,10486003,LIVER,LIVER
4,20,90576016806,10729518,LIVER,LIVER
4,20,90416016806,10381414,LIVER,LIVER
4,20,90426016806,10503110,LIVER,LIVER
4,20,90232016806,10026789,LIVER,LIVER
4,20,90231016803,10026517,LIVER,LIVER
4,20,90564016806,10833331,LIVER,LIVER
4,20,90564017006,10833331,WAT-SC,WAT-SC
4,20,90439017006,10486003,WAT-SC,WAT-SC
4,20,90412017006,10337199,WAT-SC,WAT-SC
4,20,90232017006,10026789,WAT-SC,WAT-SC
4,20,90576017006,10729518,WAT-SC,WAT-SC
4,20,90289017006,10185585,WAT-SC,WAT-SC
4,20,90432017003,10619259,WAT-SC,WAT-SC
4,20,90585017006,10871349,WAT-SC,WAT-SC
4,20,90267017006,10046461,WAT-SC,WAT-SC
4,20,90231017003,10026517,WAT-SC,WAT-SC
4,20,90416017006,10381414,WAT-SC,WAT-SC
4,20,90426017006,10503110,WAT-SC,WAT-SC
4,30,90412015305,10337199,CORTEX,CORTEX
4,30,90432015305,10619259,CORTEX,CORTEX
4,30,90231015305,10026517,CORTEX,CORTEX
4,30,90267015305,10046461,CORTEX,CORTEX
4,30,90289015305,10185585,CORTEX,CORTEX
4,30,90232015305,10026789,CORTEX,CORTEX
4,30,90426015305,10503110,CORTEX,CORTEX
4,30,90585015305,10871349,CORTEX,CORTEX
4,30,90564015305,10833331,CORTEX,CORTEX
4,30,90439015305,10486003,CORTEX,CORTEX
4,30,90416015305,10381414,CORTEX,CORTEX
4,30,90576015305,10729518,CORTEX,CORTEX
4,30,90576015507,10729518,SKM-GN,SKM-GN
4,30,90585015507,10871349,SKM-GN,SKM-GN
4,30,90267015507,10046461,SKM-GN,SKM-GN
4,30,90231015503,10026517,SKM-GN,SKM-GN
4,30,90432015503,10619259,SKM-GN,SKM-GN
4,30,90232015507,10026789,SKM-GN,SKM-GN
4,30,90564015507,10833331,SKM-GN,SKM-GN
4,30,90439015507,10486003,SKM-GN,SKM-GN
4,30,90426015507,10503110,SKM-GN,SKM-GN
4,30,90416015507,10381414,SKM-GN,SKM-GN
4,30,90289015507,10185585,SKM-GN,SKM-GN
4,30,90412015507,10337199,SKM-GN,SKM-GN
4,30,90289015805,10185585,HEART,HEART
4,30,90267015805,10046461,HEART,HEART
4,30,90585015805,10871349,HEART,HEART
4,30,90432015802,10619259,HEART,HEART
4,30,90412015805,10337199,HEART,HEART
4,30,90439015805,10486003,HEART,HEART
4,30,90576015805,10729518,HEART,HEART
4,30,90416015805,10381414,HEART,HEART
4,30,90426015805,10503110,HEART,HEART
4,30,90232015805,10026789,HEART,HEART
4,30,90231015802,10026517,HEART,HEART
4,30,90564015805,10833331,HEART,HEART
4,30,90416015909,10381414,KIDNEY,KIDNEY
4,30,90585015909,10871349,KIDNEY,KIDNEY
4,30,90231015909,10026517,KIDNEY,KIDNEY
4,30,90267015909,10046461,KIDNEY,KIDNEY
4,30,90289015909,10185585,KIDNEY,KIDNEY
4,30,90564015909,10833331,KIDNEY,KIDNEY
4,30,90412015909,10337199,KIDNEY,KIDNEY
4,30,90232015909,10026789,KIDNEY,KIDNEY
4,30,90426015909,10503110,KIDNEY,KIDNEY
4,30,90576015909,10729518,KIDNEY,KIDNEY
4,30,90439015909,10486003,KIDNEY,KIDNEY
4,30,90432015909,10619259,KIDNEY,KIDNEY
4,30,90576016609,10729518,LUNG,LUNG
4,30,90231016609,10026517,LUNG,LUNG
4,30,90432016609,10619259,LUNG,LUNG
4,30,90232016609,10026789,LUNG,LUNG
4,30,90426016609,10503110,LUNG,LUNG
4,30,90412016609,10337199,LUNG,LUNG
4,30,90585016609,10871349,LUNG,LUNG
4,30,90564016609,10833331,LUNG,LUNG
4,30,90439016609,10486003,LUNG,LUNG
4,30,90416016609,10381414,LUNG,LUNG
4,30,90267016609,10046461,LUNG,LUNG
4,30,90289016609,10185585,LUNG,LUNG
4,30,90289016806,10185585,LIVER,LIVER
4,30,90267016806,10046461,LIVER,LIVER
4,30,90585016806,10871349,LIVER,LIVER
4,30,90432016803,10619259,LIVER,LIVER
4,30,90412016806,10337199,LIVER,LIVER
4,30,90439016806,10486003,LIVER,LIVER
4,30,90576016806,10729518,LIVER,LIVER
4,30,90416016806,10381414,LIVER,LIVER
4,30,90426016806,10503110,LIVER,LIVER
4,30,90232016806,10026789,LIVER,LIVER
4,30,90231016803,10026517,LIVER,LIVER
4,30,90564016806,10833331,LIVER,LIVER
4,30,90564017006,10833331,WAT-SC,WAT-SC
4,30,90439017006,10486003,WAT-SC,WAT-SC
4,30,90412017006,10337199,WAT-SC,WAT-SC
4,30,90232017006,10026789,WAT-SC,WAT-SC
4,30,90576017006,10729518,WAT-SC,WAT-SC
4,30,90289017006,10185585,WAT-SC,WAT-SC
4,30,90432017003,10619259,WAT-SC,WAT-SC
4,30,90585017006,10871349,WAT-SC,WAT-SC
4,30,90267017006,10046461,WAT-SC,WAT-SC
4,30,90231017003,10026517,WAT-SC,WAT-SC
4,30,90416017006,10381414,WAT-SC,WAT-SC
4,30,90426017006,10503110,WAT-SC,WAT-SC
4,50,90412015305,10337199,CORTEX,CORTEX
4,50,90432015305,10619259,CORTEX,CORTEX
4,50,90231015305,10026517,CORTEX,CORTEX
4,50,90267015305,10046461,CORTEX,CORTEX
4,50,90289015305,10185585,CORTEX,CORTEX
4,50,90232015305,10026789,CORTEX,CORTEX
4,50,90426015305,10503110,CORTEX,CORTEX
4,50,90585015305,10871349,CORTEX,CORTEX
4,50,90564015305,10833331,CORTEX,CORTEX
4,50,90439015305,10486003,CORTEX,CORTEX
4,50,90416015305,10381414,CORTEX,CORTEX
4,50,90576015305,10729518,CORTEX,CORTEX
4,50,90576015507,10729518,SKM-GN,SKM-GN
4,50,90585015507,10871349,SKM-GN,SKM-GN
4,50,90267015507,10046461,SKM-GN,SKM-GN
4,50,90231015503,10026517,SKM-GN,SKM-GN
4,50,90432015503,10619259,SKM-GN,SKM-GN
4,50,90232015507,10026789,SKM-GN,SKM-GN
4,50,90564015507,10833331,SKM-GN,SKM-GN
4,50,90439015507,10486003,SKM-GN,SKM-GN
4,50,90426015507,10503110,SKM-GN,SKM-GN
4,50,90416015507,10381414,SKM-GN,SKM-GN
4,50,90289015507,10185585,SKM-GN,SKM-GN
4,50,90412015507,10337199,SKM-GN,SKM-GN
4,50,90289015805,10185585,HEART,HEART
4,50,90267015805,10046461,HEART,HEART
4,50,90585015805,10871349,HEART,HEART
4,50,90432015802,10619259,HEART,HEART
4,50,90412015805,10337199,HEART,HEART
4,50,90439015805,10486003,HEART,HEART
4,50,90576015805,10729518,HEART,HEART
4,50,90416015805,10381414,HEART,HEART
4,50,90426015805,10503110,HEART,HEART
4,50,90232015805,10026789,HEART,HEART
4,50,90231015802,10026517,HEART,HEART
4,50,90564015805,10833331,HEART,HEART
4,50,90416015909,10381414,KIDNEY,KIDNEY
4,50,90585015909,10871349,KIDNEY,KIDNEY
4,50,90231015909,10026517,KIDNEY,KIDNEY
4,50,90267015909,10046461,KIDNEY,KIDNEY
4,50,90289015909,10185585,KIDNEY,KIDNEY
4,50,90564015909,10833331,KIDNEY,KIDNEY
4,50,90412015909,10337199,KIDNEY,KIDNEY
4,50,90232015909,10026789,KIDNEY,KIDNEY
4,50,90426015909,10503110,KIDNEY,KIDNEY
4,50,90576015909,10729518,KIDNEY,KIDNEY
4,50,90439015909,10486003,KIDNEY,KIDNEY
4,50,90432015909,10619259,KIDNEY,KIDNEY
4,50,90576016609,10729518,LUNG,LUNG
4,50,90231016609,10026517,LUNG,LUNG
4,50,90432016609,10619259,LUNG,LUNG
4,50,90232016609,10026789,LUNG,LUNG
4,50,90426016609,10503110,LUNG,LUNG
4,50,90412016609,10337199,LUNG,LUNG
4,50,90585016609,10871349,LUNG,LUNG
4,50,90564016609,10833331,LUNG,LUNG
4,50,90439016609,10486003,LUNG,LUNG
4,50,90416016609,10381414,LUNG,LUNG
4,50,90267016609,10046461,LUNG,LUNG
4,50,90289016609,10185585,LUNG,LUNG
4,50,90289016806,10185585,LIVER,LIVER
4,50,90267016806,10046461,LIVER,LIVER
4,50,90585016806,10871349,LIVER,LIVER
4,50,90432016803,10619259,LIVER,LIVER
4,50,90412016806,10337199,LIVER,LIVER
4,50,90439016806,10486003,LIVER,LIVER
4,50,90576016806,10729518,LIVER,LIVER
4,50,90416016806,10381414,LIVER,LIVER
4,50,90426016806,10503110,LIVER,LIVER
4,50,90232016806,10026789,LIVER,LIVER
4,50,90231016803,10026517,LIVER,LIVER
4,50,90564016806,10833331,LIVER,LIVER
4,50,90564017006,10833331,WAT-SC,WAT-SC
4,50,90439017006,10486003,WAT-SC,WAT-SC
4,50,90412017006,10337199,WAT-SC,WAT-SC
4,50,90232017006,10026789,WAT-SC,WAT-SC
4,50,90576017006,10729518,WAT-SC,WAT-SC
4,50,90289017006,10185585,WAT-SC,WAT-SC
4,50,90432017003,10619259,WAT-SC,WAT-SC
4,50,90585017006,10871349,WAT-SC,WAT-SC
4,50,90267017006,10046461,WAT-SC,WAT-SC
4,50,90231017003,10026517,WAT-SC,WAT-SC
4,50,90416017006,10381414,WAT-SC,WAT-SC
4,50,90426017006,10503110,WAT-SC,WAT-SC
4,100,90412015305,10337199,CORTEX,CORTEX
4,100,90432015305,10619259,CORTEX,CORTEX
4,100,90231015305,10026517,CORTEX,CORTEX
4,100,90267015305,10046461,CORTEX,CORTEX
4,100,90289015305,10185585,CORTEX,CORTEX
4,100,90232015305,10026789,CORTEX,CORTEX
4,100,90426015305,10503110,CORTEX,CORTEX
4,100,90585015305,10871349,CORTEX,CORTEX
4,100,90564015305,10833331,CORTEX,CORTEX
4,100,90439015305,10486003,CORTEX,CORTEX
4,100,90416015305,10381414,CORTEX,CORTEX
4,100,90576015305,10729518,CORTEX,CORTEX
4,100,90576015507,10729518,SKM-GN,SKM-GN
4,100,90585015507,10871349,SKM-GN,SKM-GN
4,100,90267015507,10046461,SKM-GN,SKM-GN
4,100,90231015503,10026517,SKM-GN,SKM-GN
4,100,90432015503,10619259,SKM-GN,SKM-GN
4,100,90232015507,10026789,SKM-GN,SKM-GN
4,100,90564015507,10833331,SKM-GN,SKM-GN
4,100,90439015507,10486003,SKM-GN,SKM-GN
4,100,90426015507,10503110,SKM-GN,SKM-GN
4,100,90416015507,10381414,SKM-GN,SKM-GN
4,100,90289015507,10185585,SKM-GN,SKM-GN
4,100,90412015507,10337199,SKM-GN,SKM-GN
4,100,90289015805,10185585,HEART,HEART
4,100,90267015805,10046461,HEART,HEART
4,100,90585015805,10871349,HEART,HEART
4,100,90432015802,10619259,HEART,HEART
4,100,90412015805,10337199,HEART,HEART
4,100,90439015805,10486003,HEART,HEART
4,100,90576015805,10729518,HEART,HEART
4,100,90416015805,10381414,HEART,HEART
4,100,90426015805,10503110,HEART,HEART
4,100,90232015805,10026789,HEART,HEART
4,100,90231015802,10026517,HEART,HEART
4,100,90564015805,10833331,HEART,HEART
4,100,90416015909,10381414,KIDNEY,KIDNEY
4,100,90585015909,10871349,KIDNEY,KIDNEY
4,100,90231015909,10026517,KIDNEY,KIDNEY
4,100,90267015909,10046461,KIDNEY,KIDNEY
4,100,90289015909,10185585,KIDNEY,KIDNEY
4,100,90564015909,10833331,KIDNEY,KIDNEY
4,100,90412015909,10337199,KIDNEY,KIDNEY
4,100,90232015909,10026789,KIDNEY,KIDNEY
4,100,90426015909,10503110,KIDNEY,KIDNEY
4,100,90576015909,10729518,KIDNEY,KIDNEY
4,100,90439015909,10486003,KIDNEY,KIDNEY
4,100,90432015909,10619259,KIDNEY,KIDNEY
4,100,90576016609,10729518,LUNG,LUNG
4,100,90231016609,10026517,LUNG,LUNG
4,100,90432016609,10619259,LUNG,LUNG
4,100,90232016609,10026789,LUNG,LUNG
4,100,90426016609,10503110,LUNG,LUNG
4,100,90412016609,10337199,LUNG,LUNG
4,100,90585016609,10871349,LUNG,LUNG
4,100,90564016609,10833331,LUNG,LUNG
4,100,90439016609,10486003,LUNG,LUNG
4,100,90416016609,10381414,LUNG,LUNG
4,100,90267016609,10046461,LUNG,LUNG
4,100,90289016609,10185585,LUNG,LUNG
4,100,90289016806,10185585,LIVER,LIVER
4,100,90267016806,10046461,LIVER,LIVER
4,100,90585016806,10871349,LIVER,LIVER
4,100,90432016803,10619259,LIVER,LIVER
4,100,90412016806,10337199,LIVER,LIVER
4,100,90439016806,10486003,LIVER,LIVER
4,100,90576016806,10729518,LIVER,LIVER
4,100,90416016806,10381414,LIVER,LIVER
4,100,90426016806,10503110,LIVER,LIVER
4,100,90232016806,10026789,LIVER,LIVER
4,100,90231016803,10026517,LIVER,LIVER
4,100,90564016806,10833331,LIVER,LIVER
4,100,90564017006,10833331,WAT-SC,WAT-SC
4,100,90439017006,10486003,WAT-SC,WAT-SC
4,100,90412017006,10337199,WAT-SC,WAT-SC
4,100,90232017006,10026789,WAT-SC,WAT-SC
4,100,90576017006,10729518,WAT-SC,WAT-SC
4,100,90289017006,10185585,WAT-SC,WAT-SC
4,100,90432017003,10619259,WAT-SC,WAT-SC
4,100,90585017006,10871349,WAT-SC,WAT-SC
4,100,90267017006,10046461,WAT-SC,WAT-SC
4,100,90231017003,10026517,WAT-SC,WAT-SC
4,100,90416017006,10381414,WAT-SC,WAT-SC
4,100,90426017006,10503110,WAT-SC,WAT-SC
