split,arm,viallabel,pid,tissue,score_lac,qhat
train_male_test_female,full,90292016002,10220917,ADRNL,0.007130170991985985,0.11848267250313271
train_male_test_female,full,90450016002,10672656,ADRNL,0.009584763143103747,0.11848267250313271
train_male_test_female,full,90449016002,10641858,ADRNL,0.009270551513925529,0.11848267250313271
train_male_test_female,full,90222016002,10025626,ADRNL,0.09481056625748618,0.11848267250313271
train_male_test_female,full,90283016002,10139044,ADRNL,0.008111264516661554,0.11848267250313271
train_male_test_female,full,90430016002,10561072,ADRNL,0.020616096140043116,0.11848267250313271
train_male_test_female,full,90223016002,10025707,ADRNL,0.010270846587752236,0.11848267250313271
train_male_test_female,full,90422016002,10422463,ADRNL,0.0330459915328567,0.11848267250313271
train_male_test_female,full,90222016902,10025626,BAT,0.02173074856581969,0.11848267250313271
train_male_test_female,full,90223016902,10025707,BAT,0.4757234948913509,0.11848267250313271
train_male_test_female,full,90283016902,10139044,BAT,0.1777288027700572,0.11848267250313271
train_male_test_female,full,90292016902,10220917,BAT,0.015280850549451053,0.11848267250313271
train_male_test_female,full,90422016902,10422463,BAT,0.01878155352458577,0.11848267250313271
train_male_test_female,full,90430016902,10561072,BAT,0.09906447225624515,0.11848267250313271
train_male_test_female,full,90449016902,10641858,BAT,0.016761386454796745,0.11848267250313271
train_male_test_female,full,90450016902,10672656,BAT,0.0501338915387306,0.11848267250313271
train_male_test_female,full,90292013001,10220917,BLOOD,0.005929082839529309,0.11848267250313271
train_male_test_female,full,90283013001,10139044,BLOOD,0.007238424095105667,0.11848267250313271
train_male_test_female,full,90422013002,10422463,BLOOD,0.006131486147029075,0.11848267250313271
train_male_test_female,full,90430013001,10561072,BLOOD,0.006270068675204854,0.11848267250313271
train_male_test_female,full,90449013001,10641858,BLOOD,0.006179590379010835,0.11848267250313271
train_male_test_female,full,90450013001,10672656,BLOOD,0.006212814835912073,0.11848267250313271
train_male_test_female,full,90223013002,10025707,BLOOD,0.005360338880559756,0.11848267250313271
train_male_test_female,full,90222013002,10025626,BLOOD,0.005473938758336683,0.11848267250313271
train_male_test_female,full,90430016102,10561072,COLON,0.015818366685664498,0.11848267250313271
train_male_test_female,full,90283016102,10139044,COLON,0.016067319464175944,0.11848267250313271
train_male_test_female,full,90292016102,10220917,COLON,0.023784420510792215,0.11848267250313271
train_male_test_female,full,90450016102,10672656,COLON,0.014891927016830175,0.11848267250313271
train_male_test_female,full,90422016102,10422463,COLON,0.015502875081893297,0.11848267250313271
train_male_test_female,full,90223016102,10025707,COLON,0.014094434580503079,0.11848267250313271
train_male_test_female,full,90222016102,10025626,COLON,0.016083728815159182,0.11848267250313271
train_male_test_female,full,90449016102,10641858,COLON,0.015157664146827399,0.11848267250313271
train_male_test_female,full,90222015302,10025626,CORTEX,0.10456082159896551,0.11848267250313271
train_male_test_female,full,90223015302,10025707,CORTEX,0.10708297466495986,0.11848267250313271
train_male_test_female,full,90283015302,10139044,CORTEX,0.10810413341304892,0.11848267250313271
train_male_test_female,full,90292015302,10220917,CORTEX,0.05315919350366716,0.11848267250313271
train_male_test_female,full,90422015302,10422463,CORTEX,0.07060004288717758,0.11848267250313271
train_male_test_female,full,90430015302,10561072,CORTEX,0.0643928645840327,0.11848267250313271
train_male_test_female,full,90449015302,10641858,CORTEX,0.06278062563814013,0.11848267250313271
train_male_test_female,full,90450015302,10672656,CORTEX,0.06664565899839259,0.11848267250313271
train_male_test_female,full,90430015803,10561072,HEART,0.023470193134358164,0.11848267250313271
train_male_test_female,full,90222015803,10025626,HEART,0.023354891573769132,0.11848267250313271
train_male_test_female,full,90422015803,10422463,HEART,0.021329303771561947,0.11848267250313271
train_male_test_female,full,90292015803,10220917,HEART,0.01871358014717428,0.11848267250313271
train_male_test_female,full,90449015803,10641858,HEART,0.017932620058930482,0.11848267250313271
train_male_test_female,full,90450015803,10672656,HEART,0.019445708824849972,0.11848267250313271
train_male_test_female,full,90283015803,10139044,HEART,0.020100373707531816,0.11848267250313271
train_male_test_female,full,90223015803,10025707,HEART,0.020054634983921238,0.11848267250313271
train_male_test_female,full,90222015202,10025626,HIPPOC,0.040897085100630615,0.11848267250313271
train_male_test_female,full,90223015202,10025707,HIPPOC,0.08570986796972291,0.11848267250313271
train_male_test_female,full,90283015202,10139044,HIPPOC,0.09904777174601775,0.11848267250313271
train_male_test_female,full,90292015202,10220917,HIPPOC,0.04190308230904083,0.11848267250313271
train_male_test_female,full,90422015202,10422463,HIPPOC,0.045310546067449775,0.11848267250313271
train_male_test_female,full,90430015202,10561072,HIPPOC,0.04974132809351284,0.11848267250313271
train_male_test_female,full,90449015202,10641858,HIPPOC,0.044761322303583984,0.11848267250313271
train_male_test_female,full,90450015202,10672656,HIPPOC,0.06888843243959919,0.11848267250313271
train_male_test_female,full,90222015402,10025626,HYPOTH,0.02407052843351376,0.11848267250313271
train_male_test_female,full,90223015402,10025707,HYPOTH,0.026965182527075693,0.11848267250313271
train_male_test_female,full,90283015402,10139044,HYPOTH,0.031889387450621975,0.11848267250313271
train_male_test_female,full,90292015402,10220917,HYPOTH,0.030840182334229915,0.11848267250313271
train_male_test_female,full,90422015402,10422463,HYPOTH,0.023357003934266096,0.11848267250313271
train_male_test_female,full,90430015402,10561072,HYPOTH,0.029891288557513662,0.11848267250313271
train_male_test_female,full,90449015402,10641858,HYPOTH,0.03616146033463241,0.11848267250313271
train_male_test_female,full,90450015402,10672656,HYPOTH,0.03629181728016073,0.11848267250313271
train_male_test_female,full,90222015902,10025626,KIDNEY,0.009908665571634945,0.11848267250313271
train_male_test_female,full,90223015902,10025707,KIDNEY,0.01025181969673239,0.11848267250313271
train_male_test_female,full,90283015902,10139044,KIDNEY,0.009771831222526228,0.11848267250313271
train_male_test_female,full,90292015902,10220917,KIDNEY,0.009686273588553451,0.11848267250313271
train_male_test_female,full,90422015902,10422463,KIDNEY,0.010060646826220765,0.11848267250313271
train_male_test_female,full,90430015902,10561072,KIDNEY,0.009628244770823802,0.11848267250313271
train_male_test_female,full,90449015902,10641858,KIDNEY,0.008889378694680317,0.11848267250313271
train_male_test_female,full,90450015902,10672656,KIDNEY,0.010470043885982605,0.11848267250313271
train_male_test_female,full,90222016803,10025626,LIVER,0.007935144958935658,0.11848267250313271
train_male_test_female,full,90223016803,10025707,LIVER,0.007053313978209297,0.11848267250313271
train_male_test_female,full,90283016803,10139044,LIVER,0.007048702569929066,0.11848267250313271
train_male_test_female,full,90292016803,10220917,LIVER,0.0074185166992308815,0.11848267250313271
train_male_test_female,full,90422016803,10422463,LIVER,0.007175299361444565,0.11848267250313271
train_male_test_female,full,90430016803,10561072,LIVER,0.007319175624448615,0.11848267250313271
train_male_test_female,full,90449016803,10641858,LIVER,0.007284987364953532,0.11848267250313271
train_male_test_female,full,90450016803,10672656,LIVER,0.007142568084584355,0.11848267250313271
train_male_test_female,full,90292016603,10220917,LUNG,0.014038936336546626,0.11848267250313271
train_male_test_female,full,90449016603,10641858,LUNG,0.01401481793116588,0.11848267250313271
train_male_test_female,full,90223016603,10025707,LUNG,0.013018743487021811,0.11848267250313271
train_male_test_female,full,90430016603,10561072,LUNG,0.012372205995530239,0.11848267250313271
train_male_test_female,full,90422016603,10422463,LUNG,0.013303927899093515,0.11848267250313271
train_male_test_female,full,90222016603,10025626,LUNG,0.015318229309780662,0.11848267250313271
train_male_test_female,full,90450016603,10672656,LUNG,0.012720389800333298,0.11848267250313271
train_male_test_female,full,90283016603,10139044,LUNG,0.01250629902099698,0.11848267250313271
train_male_test_female,full,90449015512,10641858,SKM-GN,0.2293199075351171,0.11848267250313271
train_male_test_female,full,90283015512,10139044,SKM-GN,0.06668049975653678,0.11848267250313271
train_male_test_female,full,90422015512,10422463,SKM-GN,0.16967807696878068,0.11848267250313271
train_male_test_female,full,90430015512,10561072,SKM-GN,0.08468596646268933,0.11848267250313271
train_male_test_female,full,90450015512,10672656,SKM-GN,0.12654989878890688,0.11848267250313271
train_male_test_female,full,90292015512,10220917,SKM-GN,0.13158453724723418,0.11848267250313271
train_male_test_female,full,90222015512,10025626,SKM-GN,0.18708475443741068,0.11848267250313271
train_male_test_female,full,90223015512,10025707,SKM-GN,0.16190492031602577,0.11848267250313271
train_male_test_female,full,90222015603,10025626,SKM-VL,0.568698156023034,0.11848267250313271
train_male_test_female,full,90223015603,10025707,SKM-VL,0.3114991109069515,0.11848267250313271
train_male_test_female,full,90283015603,10139044,SKM-VL,0.11848267250313271,0.11848267250313271
train_male_test_female,full,90292015603,10220917,SKM-VL,0.05762511724745456,0.11848267250313271
train_male_test_female,full,90422015603,10422463,SKM-VL,0.24553383552604313,0.11848267250313271
train_male_test_female,full,90430015603,10561072,SKM-VL,0.09230051153718932,0.11848267250313271
train_male_test_female,full,90449015603,10641858,SKM-VL,0.15249856026790476,0.11848267250313271
train_male_test_female,full,90450015603,10672656,SKM-VL,0.23577934290170655,0.11848267250313271
train_male_test_female,full,90449016702,10641858,SMLINT,0.010344610586256464,0.11848267250313271
train_male_test_female,full,90450016702,10672656,SMLINT,0.012182705471235122,0.11848267250313271
train_male_test_female,full,90223016702,10025707,SMLINT,0.011612518160003193,0.11848267250313271
train_male_test_female,full,90292016702,10220917,SMLINT,0.00789483607084307,0.11848267250313271
train_male_test_female,full,90283016702,10139044,SMLINT,0.04907884492811876,0.11848267250313271
train_male_test_female,full,90430016702,10561072,SMLINT,0.011140238196290175,0.11848267250313271
train_male_test_female,full,90422016702,10422463,SMLINT,0.010939616833271604,0.11848267250313271
train_male_test_female,full,90222016702,10025626,SMLINT,0.012239759736127787,0.11848267250313271
train_male_test_female,full,90222016202,10025626,SPLEEN,0.013739770774511939,0.11848267250313271
train_male_test_female,full,90223016202,10025707,SPLEEN,0.01620830706627696,0.11848267250313271
train_male_test_female,full,90283016202,10139044,SPLEEN,0.01845583770214998,0.11848267250313271
train_male_test_female,full,90292016202,10220917,SPLEEN,0.014996329989598767,0.11848267250313271
train_male_test_female,full,90422016202,10422463,SPLEEN,0.015361111380763681,0.11848267250313271
train_male_test_female,full,90430016202,10561072,SPLEEN,0.015425381300475549,0.11848267250313271
train_male_test_female,full,90449016202,10641858,SPLEEN,0.015409347684381403,0.11848267250313271
train_male_test_female,full,90450016202,10672656,SPLEEN,0.014342485045579112,0.11848267250313271
train_male_test_female,full,90422016302,10422463,TESTES,0.003805313072141936,0.11848267250313271
train_male_test_female,full,90292016302,10220917,TESTES,0.0037641284384913876,0.11848267250313271
train_male_test_female,full,90283016302,10139044,TESTES,0.0037534224440076702,0.11848267250313271
train_male_test_female,full,90449016302,10641858,TESTES,0.003575970848565313,0.11848267250313271
train_male_test_female,full,90430016302,10561072,TESTES,0.0037847228553212764,0.11848267250313271
train_male_test_female,full,90222016302,10025626,TESTES,0.003729614536743253,0.11848267250313271
train_male_test_female,full,90223016302,10025707,TESTES,0.0038198091293043523,0.11848267250313271
train_male_test_female,full,90450016302,10672656,TESTES,0.0035780589901668325,0.11848267250313271
train_male_test_female,full,90422016502,10422463,VENACV,0.0227149120906619,0.11848267250313271
train_male_test_female,full,90430016502,10561072,VENACV,0.010823088029458416,0.11848267250313271
train_male_test_female,full,90449016502,10641858,VENACV,0.013161393356489248,0.11848267250313271
train_male_test_female,full,90283016502,10139044,VENACV,0.012051212470188366,0.11848267250313271
train_male_test_female,full,90222016502,10025626,VENACV,0.02352727823090306,0.11848267250313271
train_male_test_female,full,90223016502,10025707,VENACV,0.00867694080842274,0.11848267250313271
train_male_test_female,full,90292016502,10220917,VENACV,0.01556511318153253,0.11848267250313271
train_male_test_female,full,90450016502,10672656,VENACV,0.04313542697948303,0.11848267250313271
train_male_test_female,full,90222017005,10025626,WAT-SC,0.0103893127830742,0.11848267250313271
train_male_test_female,full,90223017005,10025707,WAT-SC,0.009807078404423186,0.11848267250313271
train_male_test_female,full,90283017005,10139044,WAT-SC,0.010785385791834079,0.11848267250313271
train_male_test_female,full,90292017005,10220917,WAT-SC,0.011048821406495546,0.11848267250313271
train_male_test_female,full,90422017005,10422463,WAT-SC,0.017591143356606387,0.11848267250313271
train_male_test_female,full,90430017005,10561072,WAT-SC,0.08727958953377069,0.11848267250313271
train_male_test_female,full,90449017005,10641858,WAT-SC,0.014101054423546588,0.11848267250313271
train_male_test_female,full,90450017005,10672656,WAT-SC,0.011190749406488343,0.11848267250313271
train_male_test_female,panel_k20,90292016002,10220917,ADRNL,0.07550921878701622,0.3539803554941895
train_male_test_female,panel_k20,90450016002,10672656,ADRNL,0.09523362335901953,0.3539803554941895
train_male_test_female,panel_k20,90449016002,10641858,ADRNL,0.07543537904093289,0.3539803554941895
train_male_test_female,panel_k20,90222016002,10025626,ADRNL,0.3539803554941895,0.3539803554941895
train_male_test_female,panel_k20,90283016002,10139044,ADRNL,0.08834431814207866,0.3539803554941895
train_male_test_female,panel_k20,90430016002,10561072,ADRNL,0.10305391363041216,0.3539803554941895
train_male_test_female,panel_k20,90223016002,10025707,ADRNL,0.09365625340454076,0.3539803554941895
train_male_test_female,panel_k20,90422016002,10422463,ADRNL,0.13980116421349054,0.3539803554941895
train_male_test_female,panel_k20,90222016902,10025626,BAT,0.16899010307808338,0.3539803554941895
train_male_test_female,panel_k20,90223016902,10025707,BAT,0.5681211787722131,0.3539803554941895
train_male_test_female,panel_k20,90283016902,10139044,BAT,0.1999887702627523,0.3539803554941895
train_male_test_female,panel_k20,90292016902,10220917,BAT,0.15051311218784413,0.3539803554941895
train_male_test_female,panel_k20,90422016902,10422463,BAT,0.11874502929028508,0.3539803554941895
train_male_test_female,panel_k20,90430016902,10561072,BAT,0.19037136591750847,0.3539803554941895
train_male_test_female,panel_k20,90449016902,10641858,BAT,0.09846633741608946,0.3539803554941895
train_male_test_female,panel_k20,90450016902,10672656,BAT,0.13272198220908593,0.3539803554941895
train_male_test_female,panel_k20,90292013001,10220917,BLOOD,0.14706484084587368,0.3539803554941895
train_male_test_female,panel_k20,90283013001,10139044,BLOOD,0.1610803237320042,0.3539803554941895
train_male_test_female,panel_k20,90422013002,10422463,BLOOD,0.1727451401822535,0.3539803554941895
train_male_test_female,panel_k20,90430013001,10561072,BLOOD,0.17614597537996457,0.3539803554941895
train_male_test_female,panel_k20,90449013001,10641858,BLOOD,0.18008625356343488,0.3539803554941895
train_male_test_female,panel_k20,90450013001,10672656,BLOOD,0.2082869283647023,0.3539803554941895
train_male_test_female,panel_k20,90223013002,10025707,BLOOD,0.12686967290237983,0.3539803554941895
train_male_test_female,panel_k20,90222013002,10025626,BLOOD,0.1535845014308327,0.3539803554941895
train_male_test_female,panel_k20,90430016102,10561072,COLON,0.13148591261451525,0.3539803554941895
train_male_test_female,panel_k20,90283016102,10139044,COLON,0.15363217090701364,0.3539803554941895
train_male_test_female,panel_k20,90292016102,10220917,COLON,0.15502203791777447,0.3539803554941895
train_male_test_female,panel_k20,90450016102,10672656,COLON,0.13839197872778786,0.3539803554941895
train_male_test_female,panel_k20,90422016102,10422463,COLON,0.12280527062553515,0.3539803554941895
train_male_test_female,panel_k20,90223016102,10025707,COLON,0.13399365548022135,0.3539803554941895
train_male_test_female,panel_k20,90222016102,10025626,COLON,0.1466218032560167,0.3539803554941895
train_male_test_female,panel_k20,90449016102,10641858,COLON,0.13788568838997706,0.3539803554941895
train_male_test_female,panel_k20,90222015302,10025626,CORTEX,0.3636292406749242,0.3539803554941895
train_male_test_female,panel_k20,90223015302,10025707,CORTEX,0.36148360075349795,0.3539803554941895
train_male_test_female,panel_k20,90283015302,10139044,CORTEX,0.33696231609507643,0.3539803554941895
train_male_test_female,panel_k20,90292015302,10220917,CORTEX,0.3115194496554625,0.3539803554941895
train_male_test_female,panel_k20,90422015302,10422463,CORTEX,0.2975582383108306,0.3539803554941895
train_male_test_female,panel_k20,90430015302,10561072,CORTEX,0.3382118382596153,0.3539803554941895
train_male_test_female,panel_k20,90449015302,10641858,CORTEX,0.33141261751733164,0.3539803554941895
train_male_test_female,panel_k20,90450015302,10672656,CORTEX,0.3173934675181438,0.3539803554941895
train_male_test_female,panel_k20,90430015803,10561072,HEART,0.20237094416184342,0.3539803554941895
train_male_test_female,panel_k20,90222015803,10025626,HEART,0.17920730238247728,0.3539803554941895
train_male_test_female,panel_k20,90422015803,10422463,HEART,0.15592851646405104,0.3539803554941895
train_male_test_female,panel_k20,90292015803,10220917,HEART,0.16683326819849764,0.3539803554941895
train_male_test_female,panel_k20,90449015803,10641858,HEART,0.14911001961850656,0.3539803554941895
train_male_test_female,panel_k20,90450015803,10672656,HEART,0.17367657708841178,0.3539803554941895
train_male_test_female,panel_k20,90283015803,10139044,HEART,0.21246153948939595,0.3539803554941895
train_male_test_female,panel_k20,90223015803,10025707,HEART,0.1586152294096278,0.3539803554941895
train_male_test_female,panel_k20,90222015202,10025626,HIPPOC,0.3434132830019664,0.3539803554941895
train_male_test_female,panel_k20,90223015202,10025707,HIPPOC,0.27613418159807135,0.3539803554941895
train_male_test_female,panel_k20,90283015202,10139044,HIPPOC,0.2893638452266202,0.3539803554941895
train_male_test_female,panel_k20,90292015202,10220917,HIPPOC,0.20572925041714596,0.3539803554941895
train_male_test_female,panel_k20,90422015202,10422463,HIPPOC,0.24678867296963836,0.3539803554941895
train_male_test_female,panel_k20,90430015202,10561072,HIPPOC,0.23748997645930126,0.3539803554941895
train_male_test_female,panel_k20,90449015202,10641858,HIPPOC,0.32681900493569405,0.3539803554941895
train_male_test_female,panel_k20,90450015202,10672656,HIPPOC,0.2539592056728096,0.3539803554941895
train_male_test_female,panel_k20,90222015402,10025626,HYPOTH,0.21045410966839506,0.3539803554941895
train_male_test_female,panel_k20,90223015402,10025707,HYPOTH,0.1350560409269479,0.3539803554941895
train_male_test_female,panel_k20,90283015402,10139044,HYPOTH,0.13004842031122588,0.3539803554941895
train_male_test_female,panel_k20,90292015402,10220917,HYPOTH,0.12829917443875538,0.3539803554941895
train_male_test_female,panel_k20,90422015402,10422463,HYPOTH,0.22140944535168716,0.3539803554941895
train_male_test_female,panel_k20,90430015402,10561072,HYPOTH,0.14928300992945798,0.3539803554941895
train_male_test_female,panel_k20,90449015402,10641858,HYPOTH,0.09245110813729362,0.3539803554941895
train_male_test_female,panel_k20,90450015402,10672656,HYPOTH,0.14090418611088285,0.3539803554941895
train_male_test_female,panel_k20,90222015902,10025626,KIDNEY,0.14399042970126608,0.3539803554941895
train_male_test_female,panel_k20,90223015902,10025707,KIDNEY,0.13693759660020666,0.3539803554941895
train_male_test_female,panel_k20,90283015902,10139044,KIDNEY,0.12811004758763678,0.3539803554941895
train_male_test_female,panel_k20,90292015902,10220917,KIDNEY,0.13284635318882587,0.3539803554941895
train_male_test_female,panel_k20,90422015902,10422463,KIDNEY,0.13115216449234324,0.3539803554941895
train_male_test_female,panel_k20,90430015902,10561072,KIDNEY,0.14392609198387352,0.3539803554941895
train_male_test_female,panel_k20,90449015902,10641858,KIDNEY,0.12592313147174372,0.3539803554941895
train_male_test_female,panel_k20,90450015902,10672656,KIDNEY,0.1406326614390515,0.3539803554941895
train_male_test_female,panel_k20,90222016803,10025626,LIVER,0.12613745502290086,0.3539803554941895
train_male_test_female,panel_k20,90223016803,10025707,LIVER,0.14423092233892743,0.3539803554941895
train_male_test_female,panel_k20,90283016803,10139044,LIVER,0.1288950662667514,0.3539803554941895
train_male_test_female,panel_k20,90292016803,10220917,LIVER,0.12128786848866657,0.3539803554941895
train_male_test_female,panel_k20,90422016803,10422463,LIVER,0.12761823763525892,0.3539803554941895
train_male_test_female,panel_k20,90430016803,10561072,LIVER,0.13348854923087272,0.3539803554941895
train_male_test_female,panel_k20,90449016803,10641858,LIVER,0.1296300973868385,0.3539803554941895
train_male_test_female,panel_k20,90450016803,10672656,LIVER,0.12880231874759973,0.3539803554941895
train_male_test_female,panel_k20,90292016603,10220917,LUNG,0.14424406687270308,0.3539803554941895
train_male_test_female,panel_k20,90449016603,10641858,LUNG,0.12778650453328566,0.3539803554941895
train_male_test_female,panel_k20,90223016603,10025707,LUNG,0.11749822141435262,0.3539803554941895
train_male_test_female,panel_k20,90430016603,10561072,LUNG,0.11914015050084459,0.3539803554941895
train_male_test_female,panel_k20,90422016603,10422463,LUNG,0.12176324651450943,0.3539803554941895
train_male_test_female,panel_k20,90222016603,10025626,LUNG,0.12087116771697859,0.3539803554941895
train_male_test_female,panel_k20,90450016603,10672656,LUNG,0.11910981495245454,0.3539803554941895
train_male_test_female,panel_k20,90283016603,10139044,LUNG,0.12314303490059375,0.3539803554941895
train_male_test_female,panel_k20,90449015512,10641858,SKM-GN,0.3838530472309709,0.3539803554941895
train_male_test_female,panel_k20,90283015512,10139044,SKM-GN,0.26352192044131306,0.3539803554941895
train_male_test_female,panel_k20,90422015512,10422463,SKM-GN,0.3146959779874172,0.3539803554941895
train_male_test_female,panel_k20,90430015512,10561072,SKM-GN,0.2836629726305461,0.3539803554941895
train_male_test_female,panel_k20,90450015512,10672656,SKM-GN,0.3648705395834795,0.3539803554941895
train_male_test_female,panel_k20,90292015512,10220917,SKM-GN,0.3427832647961224,0.3539803554941895
train_male_test_female,panel_k20,90222015512,10025626,SKM-GN,0.4576211617533915,0.3539803554941895
train_male_test_female,panel_k20,90223015512,10025707,SKM-GN,0.3385611066219587,0.3539803554941895
train_male_test_female,panel_k20,90222015603,10025626,SKM-VL,0.6994334219195775,0.3539803554941895
train_male_test_female,panel_k20,90223015603,10025707,SKM-VL,0.6312411141719695,0.3539803554941895
train_male_test_female,panel_k20,90283015603,10139044,SKM-VL,0.3572851714778742,0.3539803554941895
train_male_test_female,panel_k20,90292015603,10220917,SKM-VL,0.2775527530557965,0.3539803554941895
train_male_test_female,panel_k20,90422015603,10422463,SKM-VL,0.4003006106645445,0.3539803554941895
train_male_test_female,panel_k20,90430015603,10561072,SKM-VL,0.4018599026327353,0.3539803554941895
train_male_test_female,panel_k20,90449015603,10641858,SKM-VL,0.5130834462225831,0.3539803554941895
train_male_test_female,panel_k20,90450015603,10672656,SKM-VL,0.5911916836365901,0.3539803554941895
train_male_test_female,panel_k20,90449016702,10641858,SMLINT,0.13697264954279487,0.3539803554941895
train_male_test_female,panel_k20,90450016702,10672656,SMLINT,0.13283339102961778,0.3539803554941895
train_male_test_female,panel_k20,90223016702,10025707,SMLINT,0.09197816603587339,0.3539803554941895
train_male_test_female,panel_k20,90292016702,10220917,SMLINT,0.12396254567752507,0.3539803554941895
train_male_test_female,panel_k20,90283016702,10139044,SMLINT,0.14865219362938253,0.3539803554941895
train_male_test_female,panel_k20,90430016702,10561072,SMLINT,0.12520210263458043,0.3539803554941895
train_male_test_female,panel_k20,90422016702,10422463,SMLINT,0.11027894514913872,0.3539803554941895
train_male_test_female,panel_k20,90222016702,10025626,SMLINT,0.11765378165909834,0.3539803554941895
train_male_test_female,panel_k20,90222016202,10025626,SPLEEN,0.1542076582128835,0.3539803554941895
train_male_test_female,panel_k20,90223016202,10025707,SPLEEN,0.13227872464747203,0.3539803554941895
train_male_test_female,panel_k20,90283016202,10139044,SPLEEN,0.13471953327279884,0.3539803554941895
train_male_test_female,panel_k20,90292016202,10220917,SPLEEN,0.14034141255012722,0.3539803554941895
train_male_test_female,panel_k20,90422016202,10422463,SPLEEN,0.14457248264692446,0.3539803554941895
train_male_test_female,panel_k20,90430016202,10561072,SPLEEN,0.1392487208789771,0.3539803554941895
train_male_test_female,panel_k20,90449016202,10641858,SPLEEN,0.14481711566311783,0.3539803554941895
train_male_test_female,panel_k20,90450016202,10672656,SPLEEN,0.1568344788319198,0.3539803554941895
train_male_test_female,panel_k20,90422016302,10422463,TESTES,0.13929709923503852,0.3539803554941895
train_male_test_female,panel_k20,90292016302,10220917,TESTES,0.1355139932007361,0.3539803554941895
train_male_test_female,panel_k20,90283016302,10139044,TESTES,0.1360229930759772,0.3539803554941895
train_male_test_female,panel_k20,90449016302,10641858,TESTES,0.13517616421905398,0.3539803554941895
train_male_test_female,panel_k20,90430016302,10561072,TESTES,0.1349235402570771,0.3539803554941895
train_male_test_female,panel_k20,90222016302,10025626,TESTES,0.1331167131451676,0.3539803554941895
train_male_test_female,panel_k20,90223016302,10025707,TESTES,0.13439810547067543,0.3539803554941895
train_male_test_female,panel_k20,90450016302,10672656,TESTES,0.13380588990031217,0.3539803554941895
train_male_test_female,panel_k20,90422016502,10422463,VENACV,0.07980438201180828,0.3539803554941895
train_male_test_female,panel_k20,90430016502,10561072,VENACV,0.0975164277452365,0.3539803554941895
train_male_test_female,panel_k20,90449016502,10641858,VENACV,0.10492584586904163,0.3539803554941895
train_male_test_female,panel_k20,90283016502,10139044,VENACV,0.09709006078313165,0.3539803554941895
train_male_test_female,panel_k20,90222016502,10025626,VENACV,0.11555108909510137,0.3539803554941895
train_male_test_female,panel_k20,90223016502,10025707,VENACV,0.09795952961382859,0.3539803554941895
train_male_test_female,panel_k20,90292016502,10220917,VENACV,0.12228581858310783,0.3539803554941895
train_male_test_female,panel_k20,90450016502,10672656,VENACV,0.12703421239989687,0.3539803554941895
train_male_test_female,panel_k20,90222017005,10025626,WAT-SC,0.12004270667710748,0.3539803554941895
train_male_test_female,panel_k20,90223017005,10025707,WAT-SC,0.12678398235374144,0.3539803554941895
train_male_test_female,panel_k20,90283017005,10139044,WAT-SC,0.10897131271921778,0.3539803554941895
train_male_test_female,panel_k20,90292017005,10220917,WAT-SC,0.11276965542602735,0.3539803554941895
train_male_test_female,panel_k20,90422017005,10422463,WAT-SC,0.1255325225434386,0.3539803554941895
train_male_test_female,panel_k20,90430017005,10561072,WAT-SC,0.17250653193277532,0.3539803554941895
train_male_test_female,panel_k20,90449017005,10641858,WAT-SC,0.11659752654592781,0.3539803554941895
train_male_test_female,panel_k20,90450017005,10672656,WAT-SC,0.11453136993418411,0.3539803554941895
train_female_test_male,full,90576016002,10729518,ADRNL,0.001181148869717763,0.03585736850956778
train_female_test_male,full,90571016002,10953744,ADRNL,0.9955219086783615,0.03585736850956778
train_female_test_male,full,90587016002,10971645,ADRNL,0.0018581300163748038,0.03585736850956778
train_female_test_male,full,90420016002,10411690,ADRNL,0.001866760620056085,0.03585736850956778
train_female_test_male,full,90412016002,10337199,ADRNL,0.0024071410417219052,0.03585736850956778
train_female_test_male,full,90252016002,10044337,ADRNL,0.003463489855595192,0.03585736850956778
train_female_test_male,full,90251016002,10044256,ADRNL,0.0012122781425240037,0.03585736850956778
train_female_test_male,full,90567016002,10901434,ADRNL,0.0011783658182072942,0.03585736850956778
train_female_test_male,full,90251016902,10044256,BAT,0.006300472476196695,0.03585736850956778
train_female_test_male,full,90252016902,10044337,BAT,0.02110176099655181,0.03585736850956778
train_female_test_male,full,90412016902,10337199,BAT,0.018226262255759518,0.03585736850956778
train_female_test_male,full,90420016902,10411690,BAT,0.009899072220190042,0.03585736850956778
train_female_test_male,full,90567016902,10901434,BAT,0.015568441116253884,0.03585736850956778
train_female_test_male,full,90571016902,10953744,BAT,0.0051482590642100146,0.03585736850956778
train_female_test_male,full,90576016902,10729518,BAT,0.02397337860985027,0.03585736850956778
train_female_test_male,full,90587016902,10971645,BAT,0.039276147809036654,0.03585736850956778
train_female_test_male,full,90576013001,10729518,BLOOD,0.0017294901744573377,0.03585736850956778
train_female_test_male,full,90567013001,10901434,BLOOD,0.0008061288375350584,0.03585736850956778
train_female_test_male,full,90571013001,10953744,BLOOD,0.0005518048382804341,0.03585736850956778
train_female_test_male,full,90587013001,10971645,BLOOD,0.0006275805787847588,0.03585736850956778
train_female_test_male,full,90252013001,10044337,BLOOD,0.0006294019444244014,0.03585736850956778
train_female_test_male,full,90420013001,10411690,BLOOD,0.0031572503983238187,0.03585736850956778
train_female_test_male,full,90412013001,10337199,BLOOD,0.0008909962719836351,0.03585736850956778
train_female_test_male,full,90251013001,10044256,BLOOD,0.000925743065269824,0.03585736850956778
train_female_test_male,full,90576016102,10729518,COLON,0.002981995578054897,0.03585736850956778
train_female_test_male,full,90571016102,10953744,COLON,0.0024350958214025553,0.03585736850956778
train_female_test_male,full,90251016102,10044256,COLON,0.008305827151939726,0.03585736850956778
train_female_test_male,full,90567016102,10901434,COLON,0.002124389727283127,0.03585736850956778
train_female_test_male,full,90420016102,10411690,COLON,0.0015636578840367843,0.03585736850956778
train_female_test_male,full,90412016102,10337199,COLON,0.0025442060206674055,0.03585736850956778
train_female_test_male,full,90587016102,10971645,COLON,0.0016795144237283788,0.03585736850956778
train_female_test_male,full,90252016102,10044337,COLON,0.001410938712613663,0.03585736850956778
train_female_test_male,full,90251015302,10044256,CORTEX,0.023261365049993654,0.03585736850956778
train_female_test_male,full,90252015302,10044337,CORTEX,0.010192496657778438,0.03585736850956778
train_female_test_male,full,90412015302,10337199,CORTEX,0.020998626415405286,0.03585736850956778
train_female_test_male,full,90420015302,10411690,CORTEX,0.014904270212496185,0.03585736850956778
train_female_test_male,full,90567015302,10901434,CORTEX,0.03092068429870365,0.03585736850956778
train_female_test_male,full,90571015302,10953744,CORTEX,0.006762101741264015,0.03585736850956778
train_female_test_male,full,90576015302,10729518,CORTEX,0.02636257715258261,0.03585736850956778
train_female_test_male,full,90587015302,10971645,CORTEX,0.01266062604745366,0.03585736850956778
train_female_test_male,full,90412015803,10337199,HEART,0.0023005029398944776,0.03585736850956778
train_female_test_male,full,90420015803,10411690,HEART,0.0023395281233514753,0.03585736850956778
train_female_test_male,full,90576015803,10729518,HEART,0.002783714766184109,0.03585736850956778
train_female_test_male,full,90252015803,10044337,HEART,0.0027865304513702283,0.03585736850956778
train_female_test_male,full,90571015803,10953744,HEART,0.003465381126864564,0.03585736850956778
train_female_test_male,full,90567015803,10901434,HEART,0.002648752546762223,0.03585736850956778
train_female_test_male,full,90251015803,10044256,HEART,0.0027054327837688907,0.03585736850956778
train_female_test_male,full,90587015803,10971645,HEART,0.0022989410822040757,0.03585736850956778
train_female_test_male,full,90251015202,10044256,HIPPOC,0.03585736850956778,0.03585736850956778
train_female_test_male,full,90252015202,10044337,HIPPOC,0.014863496277452204,0.03585736850956778
train_female_test_male,full,90412015202,10337199,HIPPOC,0.014656815334264661,0.03585736850956778
train_female_test_male,full,90420015202,10411690,HIPPOC,0.007133435200646465,0.03585736850956778
train_female_test_male,full,90567015202,10901434,HIPPOC,0.13416240284902858,0.03585736850956778
train_female_test_male,full,90571015202,10953744,HIPPOC,0.01916176412182813,0.03585736850956778
train_female_test_male,full,90576015202,10729518,HIPPOC,0.005610568071369171,0.03585736850956778
train_female_test_male,full,90587015202,10971645,HIPPOC,0.004128650007218404,0.03585736850956778
train_female_test_male,full,90251015402,10044256,HYPOTH,0.006462986015091432,0.03585736850956778
train_female_test_male,full,90252015402,10044337,HYPOTH,0.01886113487085639,0.03585736850956778
train_female_test_male,full,90412015402,10337199,HYPOTH,0.009205954909248248,0.03585736850956778
train_female_test_male,full,90420015402,10411690,HYPOTH,0.019615436195546065,0.03585736850956778
train_female_test_male,full,90567015402,10901434,HYPOTH,0.022149509155450664,0.03585736850956778
train_female_test_male,full,90571015402,10953744,HYPOTH,0.015951886883050603,0.03585736850956778
train_female_test_male,full,90576015402,10729518,HYPOTH,0.02699537660477691,0.03585736850956778
train_female_test_male,full,90587015402,10971645,HYPOTH,0.01508030378080416,0.03585736850956778
train_female_test_male,full,90251015902,10044256,KIDNEY,0.0010995254442958124,0.03585736850956778
train_female_test_male,full,90252015902,10044337,KIDNEY,0.0011407654159093505,0.03585736850956778
train_female_test_male,full,90412015902,10337199,KIDNEY,0.0010268722776378691,0.03585736850956778
train_female_test_male,full,90420015902,10411690,KIDNEY,0.0009814366140580288,0.03585736850956778
train_female_test_male,full,90567015902,10901434,KIDNEY,0.001247679560956727,0.03585736850956778
train_female_test_male,full,90571015902,10953744,KIDNEY,0.001037947139504225,0.03585736850956778
train_female_test_male,full,90576015902,10729518,KIDNEY,0.00115192986920154,0.03585736850956778
train_female_test_male,full,90587015902,10971645,KIDNEY,0.0011998576523906124,0.03585736850956778
train_female_test_male,full,90251016803,10044256,LIVER,0.0009251458627030917,0.03585736850956778
train_female_test_male,full,90252016803,10044337,LIVER,0.0009974536880023033,0.03585736850956778
train_female_test_male,full,90412016803,10337199,LIVER,0.0008298306730157856,0.03585736850956778
train_female_test_male,full,90420016803,10411690,LIVER,0.0009464448097838973,0.03585736850956778
train_female_test_male,full,90567016803,10901434,LIVER,0.0007290403919283373,0.03585736850956778
train_female_test_male,full,90571016803,10953744,LIVER,0.000887288162191413,0.03585736850956778
train_female_test_male,full,90576016803,10729518,LIVER,0.0007995079304498054,0.03585736850956778
train_female_test_male,full,90587016803,10971645,LIVER,0.0007826353450329782,0.03585736850956778
train_female_test_male,full,90412016603,10337199,LUNG,0.0017252237743659027,0.03585736850956778
train_female_test_male,full,90587016603,10971645,LUNG,0.001430661817119927,0.03585736850956778
train_female_test_male,full,90252016603,10044337,LUNG,0.0018284982033520691,0.03585736850956778
train_female_test_male,full,90251016603,10044256,LUNG,0.0023852645875419576,0.03585736850956778
train_female_test_male,full,90576016603,10729518,LUNG,0.001448476354324435,0.03585736850956778
train_female_test_male,full,90567016603,10901434,LUNG,0.0020988769430030363,0.03585736850956778
train_female_test_male,full,90420016603,10411690,LUNG,0.0019307051182924084,0.03585736850956778
train_female_test_male,full,90571016603,10953744,LUNG,0.0016054453063386598,0.03585736850956778
train_female_test_male,full,90567016402,10901434,OVARY,0.003269456923069569,0.03585736850956778
train_female_test_male,full,90252016402,10044337,OVARY,0.001867873429788669,0.03585736850956778
train_female_test_male,full,90576016402,10729518,OVARY,0.006326794990868079,0.03585736850956778
train_female_test_male,full,90571016402,10953744,OVARY,0.0055132721010215935,0.03585736850956778
train_female_test_male,full,90587016402,10971645,OVARY,0.0027663656454371965,0.03585736850956778
train_female_test_male,full,90420016402,10411690,OVARY,0.0019456310565072465,0.03585736850956778
train_female_test_male,full,90412016402,10337199,OVARY,0.0025410237550690384,0.03585736850956778
train_female_test_male,full,90251016402,10044256,OVARY,0.0024157887700784197,0.03585736850956778
train_female_test_male,full,90576015512,10729518,SKM-GN,0.04991074064304146,0.03585736850956778
train_female_test_male,full,90587015512,10971645,SKM-GN,0.03880395709538276,0.03585736850956778
train_female_test_male,full,90420015512,10411690,SKM-GN,0.03572059534699423,0.03585736850956778
train_female_test_male,full,90412015512,10337199,SKM-GN,0.029932586422547147,0.03585736850956778
train_female_test_male,full,90252015512,10044337,SKM-GN,0.015894126144121667,0.03585736850956778
train_female_test_male,full,90567015512,10901434,SKM-GN,0.05084984469998877,0.03585736850956778
train_female_test_male,full,90251015512,10044256,SKM-GN,0.04593588448601915,0.03585736850956778
train_female_test_male,full,90571015512,10953744,SKM-GN,0.05886058897813651,0.03585736850956778
train_female_test_male,full,90251015603,10044256,SKM-VL,0.013449286336853272,0.03585736850956778
train_female_test_male,full,90252015603,10044337,SKM-VL,0.045417894814182125,0.03585736850956778
train_female_test_male,full,90412015603,10337199,SKM-VL,0.03224690155987153,0.03585736850956778
train_female_test_male,full,90420015603,10411690,SKM-VL,0.016829453482718915,0.03585736850956778
train_female_test_male,full,90567015603,10901434,SKM-VL,0.04511936623296853,0.03585736850956778
train_female_test_male,full,90571015603,10953744,SKM-VL,0.04640075149870504,0.03585736850956778
train_female_test_male,full,90576015603,10729518,SKM-VL,0.02548876271836753,0.03585736850956778
train_female_test_male,full,90587015603,10971645,SKM-VL,0.06640819858972624,0.03585736850956778
train_female_test_male,full,90576016702,10729518,SMLINT,0.0011065730586868883,0.03585736850956778
train_female_test_male,full,90587016702,10971645,SMLINT,0.002132472850445488,0.03585736850956778
train_female_test_male,full,90571016702,10953744,SMLINT,0.0011911526157722951,0.03585736850956778
train_female_test_male,full,90567016702,10901434,SMLINT,0.000980314175445418,0.03585736850956778
train_female_test_male,full,90420016702,10411690,SMLINT,0.0009216816327873856,0.03585736850956778
train_female_test_male,full,90412016702,10337199,SMLINT,0.001092028268852796,0.03585736850956778
train_female_test_male,full,90251016702,10044256,SMLINT,0.0035050102475856493,0.03585736850956778
train_female_test_male,full,90252016702,10044337,SMLINT,0.02335413762091021,0.03585736850956778
train_female_test_male,full,90251016202,10044256,SPLEEN,0.00204355974584014,0.03585736850956778
train_female_test_male,full,90252016202,10044337,SPLEEN,0.0020073874357489085,0.03585736850956778
train_female_test_male,full,90412016202,10337199,SPLEEN,0.0021093016819816457,0.03585736850956778
train_female_test_male,full,90420016202,10411690,SPLEEN,0.002120528633221763,0.03585736850956778
train_female_test_male,full,90567016202,10901434,SPLEEN,0.0019281237882836644,0.03585736850956778
train_female_test_male,full,90571016202,10953744,SPLEEN,0.0019880284239223167,0.03585736850956778
train_female_test_male,full,90576016202,10729518,SPLEEN,0.0017482265540734732,0.03585736850956778
train_female_test_male,full,90587016202,10971645,SPLEEN,0.002309809737625401,0.03585736850956778
train_female_test_male,full,90252016502,10044337,VENACV,0.03769994962220702,0.03585736850956778
train_female_test_male,full,90567016502,10901434,VENACV,0.009453831000448387,0.03585736850956778
train_female_test_male,full,90576016502,10729518,VENACV,0.00030678345771772975,0.03585736850956778
train_female_test_male,full,90587016502,10971645,VENACV,0.0033424843892235767,0.03585736850956778
train_female_test_male,full,90251016502,10044256,VENACV,0.003925243906234277,0.03585736850956778
train_female_test_male,full,90420016502,10411690,VENACV,0.0034484486031223227,0.03585736850956778
train_female_test_male,full,90412016502,10337199,VENACV,0.0019307535955771504,0.03585736850956778
train_female_test_male,full,90571016502,10953744,VENACV,0.008926300235602258,0.03585736850956778
train_female_test_male,full,90251017005,10044256,WAT-SC,0.006589946672223568,0.03585736850956778
train_female_test_male,full,90252017005,10044337,WAT-SC,0.0025475199019973083,0.03585736850956778
train_female_test_male,full,90412017005,10337199,WAT-SC,0.002614642562249192,0.03585736850956778
train_female_test_male,full,90420017005,10411690,WAT-SC,0.014792878175700408,0.03585736850956778
train_female_test_male,full,90567017005,10901434,WAT-SC,0.0031244376438424037,0.03585736850956778
train_female_test_male,full,90571017005,10953744,WAT-SC,0.0026060568613308632,0.03585736850956778
train_female_test_male,full,90576017005,10729518,WAT-SC,0.0034703643349911495,0.03585736850956778
train_female_test_male,full,90587017005,10971645,WAT-SC,0.001796065753245757,0.03585736850956778
train_female_test_male,panel_k20,90576016002,10729518,ADRNL,0.007359191970394363,0.2581780221766564
train_female_test_male,panel_k20,90571016002,10953744,ADRNL,0.9974887635026456,0.2581780221766564
train_female_test_male,panel_k20,90587016002,10971645,ADRNL,0.018599873218875462,0.2581780221766564
train_female_test_male,panel_k20,90420016002,10411690,ADRNL,0.005569946276983706,0.2581780221766564
train_female_test_male,panel_k20,90412016002,10337199,ADRNL,0.014793626450595454,0.2581780221766564
train_female_test_male,panel_k20,90252016002,10044337,ADRNL,0.02975291331539409,0.2581780221766564
train_female_test_male,panel_k20,90251016002,10044256,ADRNL,0.011734489497013056,0.2581780221766564
train_female_test_male,panel_k20,90567016002,10901434,ADRNL,0.006199527764276458,0.2581780221766564
train_female_test_male,panel_k20,90251016902,10044256,BAT,0.28521341677821654,0.2581780221766564
train_female_test_male,panel_k20,90252016902,10044337,BAT,0.28279944344430175,0.2581780221766564
train_female_test_male,panel_k20,90412016902,10337199,BAT,0.20979660438248204,0.2581780221766564
train_female_test_male,panel_k20,90420016902,10411690,BAT,0.22545356958133955,0.2581780221766564
train_female_test_male,panel_k20,90567016902,10901434,BAT,0.2536626624247831,0.2581780221766564
train_female_test_male,panel_k20,90571016902,10953744,BAT,0.25049083301764297,0.2581780221766564
train_female_test_male,panel_k20,90576016902,10729518,BAT,0.3121856715391663,0.2581780221766564
train_female_test_male,panel_k20,90587016902,10971645,BAT,0.3326512182275464,0.2581780221766564
train_female_test_male,panel_k20,90576013001,10729518,BLOOD,0.025425524862558002,0.2581780221766564
train_female_test_male,panel_k20,90567013001,10901434,BLOOD,0.02879507030795625,0.2581780221766564
train_female_test_male,panel_k20,90571013001,10953744,BLOOD,0.01880637341141722,0.2581780221766564
train_female_test_male,panel_k20,90587013001,10971645,BLOOD,0.03798849190633746,0.2581780221766564
train_female_test_male,panel_k20,90252013001,10044337,BLOOD,0.014885964720266487,0.2581780221766564
train_female_test_male,panel_k20,90420013001,10411690,BLOOD,0.035435849798594155,0.2581780221766564
train_female_test_male,panel_k20,90412013001,10337199,BLOOD,0.019026590439360946,0.2581780221766564
train_female_test_male,panel_k20,90251013001,10044256,BLOOD,0.01937610198731432,0.2581780221766564
train_female_test_male,panel_k20,90576016102,10729518,COLON,0.016971880673326223,0.2581780221766564
train_female_test_male,panel_k20,90571016102,10953744,COLON,0.016640574965675614,0.2581780221766564
train_female_test_male,panel_k20,90251016102,10044256,COLON,0.019470897160947742,0.2581780221766564
train_female_test_male,panel_k20,90567016102,10901434,COLON,0.01867367966701572,0.2581780221766564
train_female_test_male,panel_k20,90420016102,10411690,COLON,0.016582772944048085,0.2581780221766564
train_female_test_male,panel_k20,90412016102,10337199,COLON,0.0224835302488422,0.2581780221766564
train_female_test_male,panel_k20,90587016102,10971645,COLON,0.017814505932352453,0.2581780221766564
train_female_test_male,panel_k20,90252016102,10044337,COLON,0.01632806862732472,0.2581780221766564
train_female_test_male,panel_k20,90251015302,10044256,CORTEX,0.08000606133212018,0.2581780221766564
train_female_test_male,panel_k20,90252015302,10044337,CORTEX,0.06886060201891475,0.2581780221766564
train_female_test_male,panel_k20,90412015302,10337199,CORTEX,0.0960948550396522,0.2581780221766564
train_female_test_male,panel_k20,90420015302,10411690,CORTEX,0.07674485307666001,0.2581780221766564
train_female_test_male,panel_k20,90567015302,10901434,CORTEX,0.1612752376714537,0.2581780221766564
train_female_test_male,panel_k20,90571015302,10953744,CORTEX,0.04630122286242011,0.2581780221766564
train_female_test_male,panel_k20,90576015302,10729518,CORTEX,0.07613000968894823,0.2581780221766564
train_female_test_male,panel_k20,90587015302,10971645,CORTEX,0.08929387981170955,0.2581780221766564
train_female_test_male,panel_k20,90412015803,10337199,HEART,0.046154201268504,0.2581780221766564
train_female_test_male,panel_k20,90420015803,10411690,HEART,0.03966716460527131,0.2581780221766564
train_female_test_male,panel_k20,90576015803,10729518,HEART,0.03946033308199337,0.2581780221766564
train_female_test_male,panel_k20,90252015803,10044337,HEART,0.05775758413050924,0.2581780221766564
train_female_test_male,panel_k20,90571015803,10953744,HEART,0.04218040377785126,0.2581780221766564
train_female_test_male,panel_k20,90567015803,10901434,HEART,0.04342726907726857,0.2581780221766564
train_female_test_male,panel_k20,90251015803,10044256,HEART,0.07518431718978225,0.2581780221766564
train_female_test_male,panel_k20,90587015803,10971645,HEART,0.04119655739017458,0.2581780221766564
train_female_test_male,panel_k20,90251015202,10044256,HIPPOC,0.06584325735416063,0.2581780221766564
train_female_test_male,panel_k20,90252015202,10044337,HIPPOC,0.08966151133131972,0.2581780221766564
train_female_test_male,panel_k20,90412015202,10337199,HIPPOC,0.09970932690528345,0.2581780221766564
train_female_test_male,panel_k20,90420015202,10411690,HIPPOC,0.12185710500775604,0.2581780221766564
train_female_test_male,panel_k20,90567015202,10901434,HIPPOC,0.10214328097516079,0.2581780221766564
train_female_test_male,panel_k20,90571015202,10953744,HIPPOC,0.07888854901952469,0.2581780221766564
train_female_test_male,panel_k20,90576015202,10729518,HIPPOC,0.07610780518434024,0.2581780221766564
train_female_test_male,panel_k20,90587015202,10971645,HIPPOC,0.06036199280904708,0.2581780221766564
train_female_test_male,panel_k20,90251015402,10044256,HYPOTH,0.05220205822594959,0.2581780221766564
train_female_test_male,panel_k20,90252015402,10044337,HYPOTH,0.0937954079259612,0.2581780221766564
train_female_test_male,panel_k20,90412015402,10337199,HYPOTH,0.07854899451935515,0.2581780221766564
train_female_test_male,panel_k20,90420015402,10411690,HYPOTH,0.08778553691702473,0.2581780221766564
train_female_test_male,panel_k20,90567015402,10901434,HYPOTH,0.0735402517102638,0.2581780221766564
train_female_test_male,panel_k20,90571015402,10953744,HYPOTH,0.11191113796214913,0.2581780221766564
train_female_test_male,panel_k20,90576015402,10729518,HYPOTH,0.1034569841745715,0.2581780221766564
train_female_test_male,panel_k20,90587015402,10971645,HYPOTH,0.10313050603071272,0.2581780221766564
train_female_test_male,panel_k20,90251015902,10044256,KIDNEY,0.018562284373130455,0.2581780221766564
train_female_test_male,panel_k20,90252015902,10044337,KIDNEY,0.019482675023550944,0.2581780221766564
train_female_test_male,panel_k20,90412015902,10337199,KIDNEY,0.016124987706483962,0.2581780221766564
train_female_test_male,panel_k20,90420015902,10411690,KIDNEY,0.018846407942465948,0.2581780221766564
train_female_test_male,panel_k20,90567015902,10901434,KIDNEY,0.017668965182923047,0.2581780221766564
train_female_test_male,panel_k20,90571015902,10953744,KIDNEY,0.018711857719381997,0.2581780221766564
train_female_test_male,panel_k20,90576015902,10729518,KIDNEY,0.0176544222663213,0.2581780221766564
train_female_test_male,panel_k20,90587015902,10971645,KIDNEY,0.019741971389097723,0.2581780221766564
train_female_test_male,panel_k20,90251016803,10044256,LIVER,0.02000171348069013,0.2581780221766564
train_female_test_male,panel_k20,90252016803,10044337,LIVER,0.018825277247216166,0.2581780221766564
train_female_test_male,panel_k20,90412016803,10337199,LIVER,0.02083776183178232,0.2581780221766564
train_female_test_male,panel_k20,90420016803,10411690,LIVER,0.019977007355831633,0.2581780221766564
train_female_test_male,panel_k20,90567016803,10901434,LIVER,0.017344397156636604,0.2581780221766564
train_female_test_male,panel_k20,90571016803,10953744,LIVER,0.019167496290412478,0.2581780221766564
train_female_test_male,panel_k20,90576016803,10729518,LIVER,0.018356503532512614,0.2581780221766564
train_female_test_male,panel_k20,90587016803,10971645,LIVER,0.01703892203804791,0.2581780221766564
train_female_test_male,panel_k20,90412016603,10337199,LUNG,0.01895112615632144,0.2581780221766564
train_female_test_male,panel_k20,90587016603,10971645,LUNG,0.019673974335866817,0.2581780221766564
train_female_test_male,panel_k20,90252016603,10044337,LUNG,0.018169634391987155,0.2581780221766564
train_female_test_male,panel_k20,90251016603,10044256,LUNG,0.020027884106805893,0.2581780221766564
train_female_test_male,panel_k20,90576016603,10729518,LUNG,0.018984041474912505,0.2581780221766564
train_female_test_male,panel_k20,90567016603,10901434,LUNG,0.02131572231443324,0.2581780221766564
train_female_test_male,panel_k20,90420016603,10411690,LUNG,0.0178771033759354,0.2581780221766564
train_female_test_male,panel_k20,90571016603,10953744,LUNG,0.018294220645532322,0.2581780221766564
train_female_test_male,panel_k20,90567016402,10901434,OVARY,0.023111096538828924,0.2581780221766564
train_female_test_male,panel_k20,90252016402,10044337,OVARY,0.017097142599262982,0.2581780221766564
train_female_test_male,panel_k20,90576016402,10729518,OVARY,0.08189136461142599,0.2581780221766564
train_female_test_male,panel_k20,90571016402,10953744,OVARY,0.0767020262014011,0.2581780221766564
train_female_test_male,panel_k20,90587016402,10971645,OVARY,0.024044129471574416,0.2581780221766564
train_female_test_male,panel_k20,90420016402,10411690,OVARY,0.016711191338971698,0.2581780221766564
train_female_test_male,panel_k20,90412016402,10337199,OVARY,0.014568788673096522,0.2581780221766564
train_female_test_male,panel_k20,90251016402,10044256,OVARY,0.01902976895678754,0.2581780221766564
train_female_test_male,panel_k20,90576015512,10729518,SKM-GN,0.2686112113546968,0.2581780221766564
train_female_test_male,panel_k20,90587015512,10971645,SKM-GN,0.23722032111950164,0.2581780221766564
train_female_test_male,panel_k20,90420015512,10411690,SKM-GN,0.4414419962783357,0.2581780221766564
train_female_test_male,panel_k20,90412015512,10337199,SKM-GN,0.2581780221766564,0.2581780221766564
train_female_test_male,panel_k20,90252015512,10044337,SKM-GN,0.17135580641916837,0.2581780221766564
train_female_test_male,panel_k20,90567015512,10901434,SKM-GN,0.09870239569347583,0.2581780221766564
train_female_test_male,panel_k20,90251015512,10044256,SKM-GN,0.24678358249691856,0.2581780221766564
train_female_test_male,panel_k20,90571015512,10953744,SKM-GN,0.11833394636524075,0.2581780221766564
train_female_test_male,panel_k20,90251015603,10044256,SKM-VL,0.3374505033544558,0.2581780221766564
train_female_test_male,panel_k20,90252015603,10044337,SKM-VL,0.18578927565092995,0.2581780221766564
train_female_test_male,panel_k20,90412015603,10337199,SKM-VL,0.10856281675944601,0.2581780221766564
train_female_test_male,panel_k20,90420015603,10411690,SKM-VL,0.18117090601810393,0.2581780221766564
train_female_test_male,panel_k20,90567015603,10901434,SKM-VL,0.2198410396895053,0.2581780221766564
train_female_test_male,panel_k20,90571015603,10953744,SKM-VL,0.12500094292084762,0.2581780221766564
train_female_test_male,panel_k20,90576015603,10729518,SKM-VL,0.08184928605115094,0.2581780221766564
train_female_test_male,panel_k20,90587015603,10971645,SKM-VL,0.22266821174294216,0.2581780221766564
train_female_test_male,panel_k20,90576016702,10729518,SMLINT,0.014492274458742682,0.2581780221766564
train_female_test_male,panel_k20,90587016702,10971645,SMLINT,0.01724534552818069,0.2581780221766564
train_female_test_male,panel_k20,90571016702,10953744,SMLINT,0.010022450358650126,0.2581780221766564
train_female_test_male,panel_k20,90567016702,10901434,SMLINT,0.01946248403024009,0.2581780221766564
train_female_test_male,panel_k20,90420016702,10411690,SMLINT,0.01886422066659721,0.2581780221766564
train_female_test_male,panel_k20,90412016702,10337199,SMLINT,0.023358843534221796,0.2581780221766564
train_female_test_male,panel_k20,90251016702,10044256,SMLINT,0.01916219729350499,0.2581780221766564
train_female_test_male,panel_k20,90252016702,10044337,SMLINT,0.042035938512083204,0.2581780221766564
train_female_test_male,panel_k20,90251016202,10044256,SPLEEN,0.030497964604014105,0.2581780221766564
train_female_test_male,panel_k20,90252016202,10044337,SPLEEN,0.037955747303489384,0.2581780221766564
train_female_test_male,panel_k20,90412016202,10337199,SPLEEN,0.023505112087314317,0.2581780221766564
train_female_test_male,panel_k20,90420016202,10411690,SPLEEN,0.02284111527831545,0.2581780221766564
train_female_test_male,panel_k20,90567016202,10901434,SPLEEN,0.028891572773602436,0.2581780221766564
train_female_test_male,panel_k20,90571016202,10953744,SPLEEN,0.02648516003975543,0.2581780221766564
train_female_test_male,panel_k20,90576016202,10729518,SPLEEN,0.03690859678047931,0.2581780221766564
train_female_test_male,panel_k20,90587016202,10971645,SPLEEN,0.022989763516759854,0.2581780221766564
train_female_test_male,panel_k20,90252016502,10044337,VENACV,0.03526246467108396,0.2581780221766564
train_female_test_male,panel_k20,90567016502,10901434,VENACV,0.45979522539982653,0.2581780221766564
train_female_test_male,panel_k20,90576016502,10729518,VENACV,0.6124399534086449,0.2581780221766564
train_female_test_male,panel_k20,90587016502,10971645,VENACV,0.4423672705715729,0.2581780221766564
train_female_test_male,panel_k20,90251016502,10044256,VENACV,0.05674232494979359,0.2581780221766564
train_female_test_male,panel_k20,90420016502,10411690,VENACV,0.6114844625422967,0.2581780221766564
train_female_test_male,panel_k20,90412016502,10337199,VENACV,0.020830335111172382,0.2581780221766564
train_female_test_male,panel_k20,90571016502,10953744,VENACV,0.5975861417252135,0.2581780221766564
train_female_test_male,panel_k20,90251017005,10044256,WAT-SC,0.01648529495990325,0.2581780221766564
train_female_test_male,panel_k20,90252017005,10044337,WAT-SC,0.022510281553699607,0.2581780221766564
train_female_test_male,panel_k20,90412017005,10337199,WAT-SC,0.014239165106320395,0.2581780221766564
train_female_test_male,panel_k20,90420017005,10411690,WAT-SC,0.028413552236544626,0.2581780221766564
train_female_test_male,panel_k20,90567017005,10901434,WAT-SC,0.024394296670661397,0.2581780221766564
train_female_test_male,panel_k20,90571017005,10953744,WAT-SC,0.015497602105466579,0.2581780221766564
train_female_test_male,panel_k20,90576017005,10729518,WAT-SC,0.022071464337834357,0.2581780221766564
train_female_test_male,panel_k20,90587017005,10971645,WAT-SC,0.01725999254222277,0.2581780221766564
holdout_group_8w,full,90292016002,10220917,ADRNL,5.2627195297527685e-05,0.0038872148091979586
holdout_group_8w,full,90576016002,10729518,ADRNL,9.70499724683993e-05,0.0038872148091979586
holdout_group_8w,full,90416016002,10381414,ADRNL,9.639705421227163e-05,0.0038872148091979586
holdout_group_8w,full,90441016002,10502300,ADRNL,8.941080481772445e-05,0.0038872148091979586
holdout_group_8w,full,90571016002,10953744,ADRNL,0.9957237278895116,0.0038872148091979586
holdout_group_8w,full,90587016002,10971645,ADRNL,9.916941766352494e-05,0.0038872148091979586
holdout_group_8w,full,90248016002,10043950,ADRNL,0.00011424004203874905,0.0038872148091979586
holdout_group_8w,full,90564016002,10833331,ADRNL,0.0001270949022340595,0.0038872148091979586
holdout_group_8w,full,90412016002,10337199,ADRNL,0.00011306196678417813,0.0038872148091979586
holdout_group_8w,full,90283016002,10139044,ADRNL,7.097961419721965e-05,0.0038872148091979586
holdout_group_8w,full,90232016002,10026789,ADRNL,0.00010385538828094898,0.0038872148091979586
holdout_group_8w,full,90422016002,10422463,ADRNL,0.0002614470002630931,0.0038872148091979586
holdout_group_8w,full,90232016902,10026789,BAT,0.0003406526413362032,0.0038872148091979586
holdout_group_8w,full,90248016902,10043950,BAT,0.00037373183330113857,0.0038872148091979586
holdout_group_8w,full,90283016902,10139044,BAT,0.0011662487518294684,0.0038872148091979586
holdout_group_8w,full,90292016902,10220917,BAT,0.0020068856578955296,0.0038872148091979586
holdout_group_8w,full,90412016902,10337199,BAT,0.0021962387247624893,0.0038872148091979586
holdout_group_8w,full,90416016902,10381414,BAT,0.0005023920812232685,0.0038872148091979586
holdout_group_8w,full,90422016902,10422463,BAT,0.0005021879898642334,0.0038872148091979586
holdout_group_8w,full,90441016902,10502300,BAT,0.0004968592176879394,0.0038872148091979586
holdout_group_8w,full,90564016902,10833331,BAT,0.0007495147672041957,0.0038872148091979586
holdout_group_8w,full,90571016902,10953744,BAT,0.0003878687166425365,0.0038872148091979586
holdout_group_8w,full,90576016902,10729518,BAT,0.003321266766129094,0.0038872148091979586
holdout_group_8w,full,90587016902,10971645,BAT,0.0038764037433552945,0.0038872148091979586
holdout_group_8w,full,90576013001,10729518,BLOOD,0.0003548418899375072,0.0038872148091979586
holdout_group_8w,full,90564013001,10833331,BLOOD,8.056235414677371e-05,0.0038872148091979586
holdout_group_8w,full,90571013001,10953744,BLOOD,5.839254362383084e-05,0.0038872148091979586
holdout_group_8w,full,90587013001,10971645,BLOOD,7.189892123249386e-05,0.0038872148091979586
holdout_group_8w,full,90292013001,10220917,BLOOD,0.0001445232995936907,0.0038872148091979586
holdout_group_8w,full,90416013001,10381414,BLOOD,0.00023213460356408255,0.0038872148091979586
holdout_group_8w,full,90283013001,10139044,BLOOD,0.00022334269320989364,0.0038872148091979586
holdout_group_8w,full,90441013002,10502300,BLOOD,0.00014515439883733272,0.0038872148091979586
holdout_group_8w,full,90422013002,10422463,BLOOD,0.00013846531904537773,0.0038872148091979586
holdout_group_8w,full,90412013001,10337199,BLOOD,0.0001310553086112387,0.0038872148091979586
holdout_group_8w,full,90248013001,10043950,BLOOD,0.00011150798074377466,0.0038872148091979586
holdout_group_8w,full,90232013002,10026789,BLOOD,0.00017494034743748,0.0038872148091979586
holdout_group_8w,full,90576016102,10729518,COLON,0.0005397845316438277,0.0038872148091979586
holdout_group_8w,full,90571016102,10953744,COLON,0.0004112241044149645,0.0038872148091979586
holdout_group_8w,full,90283016102,10139044,COLON,0.00015157734923909594,0.0038872148091979586
holdout_group_8w,full,90416016102,10381414,COLON,0.0002819046669647607,0.0038872148091979586
holdout_group_8w,full,90292016102,10220917,COLON,0.0005171378710207009,0.0038872148091979586
holdout_group_8w,full,90248016102,10043950,COLON,0.0004191579096446407,0.0038872148091979586
holdout_group_8w,full,90232016102,10026789,COLON,0.00018309250214076922,0.0038872148091979586
holdout_group_8w,full,90422016102,10422463,COLON,0.00018142887887429016,0.0038872148091979586
holdout_group_8w,full,90412016102,10337199,COLON,0.0003861564020930519,0.0038872148091979586
holdout_group_8w,full,90564016102,10833331,COLON,0.00047397358653900046,0.0038872148091979586
holdout_group_8w,full,90587016102,10971645,COLON,0.00018500112971564509,0.0038872148091979586
holdout_group_8w,full,90441016102,10502300,COLON,0.00024893550214866167,0.0038872148091979586
holdout_group_8w,full,90232015302,10026789,CORTEX,0.00043942150958176107,0.0038872148091979586
holdout_group_8w,full,90248015302,10043950,CORTEX,0.0005956769331856293,0.0038872148091979586
holdout_group_8w,full,90283015302,10139044,CORTEX,0.0038872148091979586,0.0038872148091979586
holdout_group_8w,full,90292015302,10220917,CORTEX,0.0008361649036007224,0.0038872148091979586
holdout_group_8w,full,90412015302,10337199,CORTEX,0.001728958906567435,0.0038872148091979586
holdout_group_8w,full,90416015302,10381414,CORTEX,0.0008963510347195225,0.0038872148091979586
holdout_group_8w,full,90422015302,10422463,CORTEX,0.0008546239459817917,0.0038872148091979586
holdout_group_8w,full,90441015302,10502300,CORTEX,0.0021298180921542897,0.0038872148091979586
holdout_group_8w,full,90564015302,10833331,CORTEX,0.0012508950563662191,0.0038872148091979586
holdout_group_8w,full,90571015302,10953744,CORTEX,0.00041227398734089427,0.0038872148091979586
holdout_group_8w,full,90576015302,10729518,CORTEX,0.0025444389658807465,0.0038872148091979586
holdout_group_8w,full,90587015302,10971645,CORTEX,0.00097236618408858,0.0038872148091979586
holdout_group_8w,full,90412015803,10337199,HEART,0.00021098985698042583,0.0038872148091979586
holdout_group_8w,full,90248015803,10043950,HEART,0.0002856345299621088,0.0038872148091979586
holdout_group_8w,full,90564015803,10833331,HEART,0.0002024045978942235,0.0038872148091979586
holdout_group_8w,full,90576015803,10729518,HEART,0.000294634976732544,0.0038872148091979586
holdout_group_8w,full,90422015803,10422463,HEART,0.0002908685448548276,0.0038872148091979586
holdout_group_8w,full,90571015803,10953744,HEART,0.0004604024074039703,0.0038872148091979586
holdout_group_8w,full,90292015803,10220917,HEART,0.00020232765687266951,0.0038872148091979586
holdout_group_8w,full,90416015803,10381414,HEART,0.0005587746933494175,0.0038872148091979586
holdout_group_8w,full,90441015803,10502300,HEART,0.0003141037512258693,0.0038872148091979586
holdout_group_8w,full,90283015803,10139044,HEART,0.00022600839101671877,0.0038872148091979586
holdout_group_8w,full,90587015803,10971645,HEART,0.0002260299123295617,0.0038872148091979586
holdout_group_8w,full,90232015803,10026789,HEART,0.00025520765787845345,0.0038872148091979586
holdout_group_8w,full,90232015202,10026789,HIPPOC,0.004514776432578915,0.0038872148091979586
holdout_group_8w,full,90248015202,10043950,HIPPOC,0.0004893461640331775,0.0038872148091979586
holdout_group_8w,full,90283015202,10139044,HIPPOC,0.0070389582898527925,0.0038872148091979586
holdout_group_8w,full,90292015202,10220917,HIPPOC,0.0001779588522710096,0.0038872148091979586
holdout_group_8w,full,90412015202,10337199,HIPPOC,0.0006244849396619401,0.0038872148091979586
holdout_group_8w,full,90416015202,10381414,HIPPOC,0.002768824625758004,0.0038872148091979586
holdout_group_8w,full,90422015202,10422463,HIPPOC,0.0002877676018699926,0.0038872148091979586
holdout_group_8w,full,90441015202,10502300,HIPPOC,0.0008009329928890807,0.0038872148091979586
holdout_group_8w,full,90564015202,10833331,HIPPOC,0.00026859738076889794,0.0038872148091979586
holdout_group_8w,full,90571015202,10953744,HIPPOC,0.0016170096243974807,0.0038872148091979586
holdout_group_8w,full,90576015202,10729518,HIPPOC,0.0001680311978506932,0.0038872148091979586
holdout_group_8w,full,90587015202,10971645,HIPPOC,0.0001152835099330618,0.0038872148091979586
holdout_group_8w,full,90232015402,10026789,HYPOTH,0.001998137866135563,0.0038872148091979586
holdout_group_8w,full,90248015402,10043950,HYPOTH,0.0002888337116522255,0.0038872148091979586
holdout_group_8w,full,90283015402,10139044,HYPOTH,0.00016571197330783605,0.0038872148091979586
holdout_group_8w,full,90292015402,10220917,HYPOTH,0.0003889566443537884,0.0038872148091979586
holdout_group_8w,full,90412015402,10337199,HYPOTH,0.0005057369996643857,0.0038872148091979586
holdout_group_8w,full,90416015402,10381414,HYPOTH,0.002886578827375974,0.0038872148091979586
holdout_group_8w,full,90422015402,10422463,HYPOTH,0.0017715964467951428,0.0038872148091979586
holdout_group_8w,full,90441015402,10502300,HYPOTH,0.007500518389298327,0.0038872148091979586
holdout_group_8w,full,90564015402,10833331,HYPOTH,0.010720153331240656,0.0038872148091979586
holdout_group_8w,full,90571015402,10953744,HYPOTH,0.0019317742387573444,0.0038872148091979586
holdout_group_8w,full,90576015402,10729518,HYPOTH,0.004644503141678857,0.0038872148091979586
holdout_group_8w,full,90587015402,10971645,HYPOTH,0.0017160688226226517,0.0038872148091979586
holdout_group_8w,full,90232015902,10026789,KIDNEY,0.0001330144064796146,0.0038872148091979586
holdout_group_8w,full,90248015902,10043950,KIDNEY,0.00015401426114602934,0.0038872148091979586
holdout_group_8w,full,90283015902,10139044,KIDNEY,0.00013819924608193812,0.0038872148091979586
holdout_group_8w,full,90292015902,10220917,KIDNEY,0.00012858457033271264,0.0038872148091979586
holdout_group_8w,full,90412015902,10337199,KIDNEY,0.00016190616536371216,0.0038872148091979586
holdout_group_8w,full,90416015902,10381414,KIDNEY,0.0001426750725144199,0.0038872148091979586
holdout_group_8w,full,90422015902,10422463,KIDNEY,0.0001455208142343567,0.0038872148091979586
holdout_group_8w,full,90441015902,10502300,KIDNEY,0.00013002299342068646,0.0038872148091979586
holdout_group_8w,full,90564015902,10833331,KIDNEY,0.00019775837421054376,0.0038872148091979586
holdout_group_8w,full,90571015902,10953744,KIDNEY,0.00016448395946588867,0.0038872148091979586
holdout_group_8w,full,90576015902,10729518,KIDNEY,0.00018994171509267854,0.0038872148091979586
holdout_group_8w,full,90587015902,10971645,KIDNEY,0.00020545259909288127,0.0038872148091979586
holdout_group_8w,full,90232016803,10026789,LIVER,0.000162505794851997,0.0038872148091979586
holdout_group_8w,full,90248016803,10043950,LIVER,0.0001697322984571814,0.0038872148091979586
holdout_group_8w,full,90283016803,10139044,LIVER,0.00013970827381160067,0.0038872148091979586
holdout_group_8w,full,90292016803,10220917,LIVER,0.00013878605269557198,0.0038872148091979586
holdout_group_8w,full,90412016803,10337199,LIVER,0.0001823669025611263,0.0038872148091979586
holdout_group_8w,full,90416016803,10381414,LIVER,0.0002095705166941242,0.0038872148091979586
holdout_group_8w,full,90422016803,10422463,LIVER,0.00014265729673013094,0.0038872148091979586
holdout_group_8w,full,90441016803,10502300,LIVER,0.00014983014809899498,0.0038872148091979586
holdout_group_8w,full,90564016803,10833331,LIVER,0.0002055299105169217,0.0038872148091979586
holdout_group_8w,full,90571016803,10953744,LIVER,0.00020735408824312795,0.0038872148091979586
holdout_group_8w,full,90576016803,10729518,LIVER,0.00017975970415662346,0.0038872148091979586
holdout_group_8w,full,90587016803,10971645,LIVER,0.0001811933353369488,0.0038872148091979586
holdout_group_8w,full,90564016603,10833331,LUNG,0.00014998125356180392,0.0038872148091979586
holdout_group_8w,full,90292016603,10220917,LUNG,8.322536034610639e-05,0.0038872148091979586
holdout_group_8w,full,90232016603,10026789,LUNG,7.836523029802756e-05,0.0038872148091979586
holdout_group_8w,full,90412016603,10337199,LUNG,9.597560250773629e-05,0.0038872148091979586
holdout_group_8w,full,90587016603,10971645,LUNG,7.396170625673104e-05,0.0038872148091979586
holdout_group_8w,full,90416016603,10381414,LUNG,8.57636347252333e-05,0.0038872148091979586
holdout_group_8w,full,90576016603,10729518,LUNG,7.905072613079156e-05,0.0038872148091979586
holdout_group_8w,full,90422016603,10422463,LUNG,9.061702971568941e-05,0.0038872148091979586
holdout_group_8w,full,90571016603,10953744,LUNG,7.678066301541886e-05,0.0038872148091979586
holdout_group_8w,full,90248016603,10043950,LUNG,0.00015168863729908555,0.0038872148091979586
holdout_group_8w,full,90283016603,10139044,LUNG,7.401330081324708e-05,0.0038872148091979586
holdout_group_8w,full,90441016603,10502300,LUNG,0.00011173178034551423,0.0038872148091979586
holdout_group_8w,full,90248016402,10043950,OVARY,0.00046163205956939457,0.0038872148091979586
holdout_group_8w,full,90576016402,10729518,OVARY,0.0017415579827102512,0.0038872148091979586
holdout_group_8w,full,90571016402,10953744,OVARY,0.0014880029833060915,0.0038872148091979586
holdout_group_8w,full,90416016402,10381414,OVARY,0.0005093523063047778,0.0038872148091979586
holdout_group_8w,full,90587016402,10971645,OVARY,0.00069516928979374,0.0038872148091979586
holdout_group_8w,full,90412016402,10337199,OVARY,0.0006893395430576099,0.0038872148091979586
holdout_group_8w,full,90564016402,10833331,OVARY,0.0004811769258312726,0.0038872148091979586
holdout_group_8w,full,90283015512,10139044,SKM-GN,0.0002597823414589584,0.0038872148091979586
holdout_group_8w,full,90248015512,10043950,SKM-GN,0.0008435508434646577,0.0038872148091979586
holdout_group_8w,full,90576015512,10729518,SKM-GN,0.00693136563996688,0.0038872148091979586
holdout_group_8w,full,90587015512,10971645,SKM-GN,0.004950173804546432,0.0038872148091979586
holdout_group_8w,full,90232015512,10026789,SKM-GN,0.005365063174597395,0.0038872148091979586
holdout_group_8w,full,90422015512,10422463,SKM-GN,0.0057186198545368105,0.0038872148091979586
holdout_group_8w,full,90412015512,10337199,SKM-GN,0.004134453215902667,0.0038872148091979586
holdout_group_8w,full,90416015512,10381414,SKM-GN,0.002444810555866761,0.0038872148091979586
holdout_group_8w,full,90292015512,10220917,SKM-GN,0.0015189663716537183,0.0038872148091979586
holdout_group_8w,full,90441015512,10502300,SKM-GN,0.005125185242681796,0.0038872148091979586
holdout_group_8w,full,90571015512,10953744,SKM-GN,0.012661094174392762,0.0038872148091979586
holdout_group_8w,full,90564015512,10833331,SKM-GN,0.005150987833615228,0.0038872148091979586
holdout_group_8w,full,90232015603,10026789,SKM-VL,0.00036518394421147793,0.0038872148091979586
holdout_group_8w,full,90248015603,10043950,SKM-VL,0.012494349296770624,0.0038872148091979586
holdout_group_8w,full,90283015603,10139044,SKM-VL,0.0008747096799087695,0.0038872148091979586
holdout_group_8w,full,90292015603,10220917,SKM-VL,0.00013352800219301741,0.0038872148091979586
holdout_group_8w,full,90412015603,10337199,SKM-VL,0.0036603268360341223,0.0038872148091979586
holdout_group_8w,full,90416015603,10381414,SKM-VL,0.0005128775262153162,0.0038872148091979586
holdout_group_8w,full,90422015603,10422463,SKM-VL,0.003252398475516949,0.0038872148091979586
holdout_group_8w,full,90441015603,10502300,SKM-VL,0.0014967853924098273,0.0038872148091979586
holdout_group_8w,full,90564015603,10833331,SKM-VL,0.011772564834783728,0.0038872148091979586
holdout_group_8w,full,90571015603,10953744,SKM-VL,0.005586807889677026,0.0038872148091979586
holdout_group_8w,full,90576015603,10729518,SKM-VL,0.0029208470543796716,0.0038872148091979586
holdout_group_8w,full,90587015603,10971645,SKM-VL,0.015091005208217267,0.0038872148091979586
holdout_group_8w,full,90416016702,10381414,SMLINT,5.4006573336207175e-05,0.0038872148091979586
holdout_group_8w,full,90576016702,10729518,SMLINT,6.488462038867215e-05,0.0038872148091979586
holdout_group_8w,full,90587016702,10971645,SMLINT,0.00015167078304678672,0.0038872148091979586
holdout_group_8w,full,90571016702,10953744,SMLINT,6.493067132529173e-05,0.0038872148091979586
holdout_group_8w,full,90232016702,10026789,SMLINT,6.871381157558254e-05,0.0038872148091979586
holdout_group_8w,full,90441016702,10502300,SMLINT,8.780053192602999e-05,0.0038872148091979586
holdout_group_8w,full,90248016702,10043950,SMLINT,5.128530874753956e-05,0.0038872148091979586
holdout_group_8w,full,90292016702,10220917,SMLINT,5.080007725699609e-05,0.0038872148091979586
holdout_group_8w,full,90564016702,10833331,SMLINT,5.5526765767588415e-05,0.0038872148091979586
holdout_group_8w,full,90412016702,10337199,SMLINT,5.6489585181118684e-05,0.0038872148091979586
holdout_group_8w,full,90283016702,10139044,SMLINT,0.0006032742702362093,0.0038872148091979586
holdout_group_8w,full,90422016702,10422463,SMLINT,7.02255228113291e-05,0.0038872148091979586
holdout_group_8w,full,90232016202,10026789,SPLEEN,0.00018734913565998657,0.0038872148091979586
holdout_group_8w,full,90248016202,10043950,SPLEEN,0.00015592968839250876,0.0038872148091979586
holdout_group_8w,full,90283016202,10139044,SPLEEN,0.00027706372340097207,0.0038872148091979586
holdout_group_8w,full,90292016202,10220917,SPLEEN,0.00015503019376172933,0.0038872148091979586
holdout_group_8w,full,90412016202,10337199,SPLEEN,0.00017408211387881511,0.0038872148091979586
holdout_group_8w,full,90416016202,10381414,SPLEEN,0.00018572130303939893,0.0038872148091979586
holdout_group_8w,full,90422016202,10422463,SPLEEN,0.00017575620398657676,0.0038872148091979586
holdout_group_8w,full,90441016202,10502300,SPLEEN,0.000148629596725236,0.0038872148091979586
holdout_group_8w,full,90564016202,10833331,SPLEEN,0.0001650936923799362,0.0038872148091979586
holdout_group_8w,full,90571016202,10953744,SPLEEN,0.0001322611892627945,0.0038872148091979586
holdout_group_8w,full,90576016202,10729518,SPLEEN,0.00011609050197147752,0.0038872148091979586
holdout_group_8w,full,90587016202,10971645,SPLEEN,0.00022651382376270845,0.0038872148091979586
holdout_group_8w,full,90422016302,10422463,TESTES,0.0001229087430179021,0.0038872148091979586
holdout_group_8w,full,90292016302,10220917,TESTES,0.000118809487941407,0.0038872148091979586
holdout_group_8w,full,90283016302,10139044,TESTES,0.00012625676768374117,0.0038872148091979586
holdout_group_8w,full,90441016302,10502300,TESTES,0.00014227268553645978,0.0038872148091979586
holdout_group_8w,full,90232016302,10026789,TESTES,0.00011207935433887872,0.0038872148091979586
holdout_group_8w,full,90422016502,10422463,VENACV,0.00010233330489795023,0.0038872148091979586
holdout_group_8w,full,90441016502,10502300,VENACV,0.00013979382674511598,0.0038872148091979586
holdout_group_8w,full,90576016502,10729518,VENACV,1.2751519643638964e-05,0.0038872148091979586
holdout_group_8w,full,90416016502,10381414,VENACV,0.03666703767144497,0.0038872148091979586
holdout_group_8w,full,90232016502,10026789,VENACV,0.00028124820378228055,0.0038872148091979586
holdout_group_8w,full,90283016502,10139044,VENACV,0.0001884655039138261,0.0038872148091979586
holdout_group_8w,full,90564016502,10833331,VENACV,0.025599152972002104,0.0038872148091979586
holdout_group_8w,full,90248016502,10043950,VENACV,7.904420093629572e-05,0.0038872148091979586
holdout_group_8w,full,90587016502,10971645,VENACV,0.00032098667537805436,0.0038872148091979586
holdout_group_8w,full,90412016502,10337199,VENACV,0.00011581962977869065,0.0038872148091979586
holdout_group_8w,full,90571016502,10953744,VENACV,0.002121159609840828,0.0038872148091979586
holdout_group_8w,full,90292016502,10220917,VENACV,0.00017560557107876296,0.0038872148091979586
holdout_group_8w,full,90232017005,10026789,WAT-SC,4.279376657234657e-05,0.0038872148091979586
holdout_group_8w,full,90248017005,10043950,WAT-SC,0.00048178321539316116,0.0038872148091979586
holdout_group_8w,full,90283017005,10139044,WAT-SC,2.242039447686306e-05,0.0038872148091979586
holdout_group_8w,full,90292017005,10220917,WAT-SC,2.3413012308459713e-05,0.0038872148091979586
holdout_group_8w,full,90412017005,10337199,WAT-SC,0.0002912472393964416,0.0038872148091979586
holdout_group_8w,full,90416017005,10381414,WAT-SC,0.00021040315530562737,0.0038872148091979586
holdout_group_8w,full,90422017005,10422463,WAT-SC,5.233541621896265e-05,0.0038872148091979586
holdout_group_8w,full,90441017005,10502300,WAT-SC,3.839745094591507e-05,0.0038872148091979586
holdout_group_8w,full,90564017005,10833331,WAT-SC,0.0008046625957618403,0.0038872148091979586
holdout_group_8w,full,90571017005,10953744,WAT-SC,0.00035863090083076976,0.0038872148091979586
holdout_group_8w,full,90576017005,10729518,WAT-SC,0.0004865081352963818,0.0038872148091979586
holdout_group_8w,full,90587017005,10971645,WAT-SC,0.00036512555362677723,0.0038872148091979586
holdout_group_8w,panel_k20,90292016002,10220917,ADRNL,0.0038152062652513363,0.12114259447762166
holdout_group_8w,panel_k20,90576016002,10729518,ADRNL,0.0046638515559257465,0.12114259447762166
holdout_group_8w,panel_k20,90416016002,10381414,ADRNL,0.003158104127774952,0.12114259447762166
holdout_group_8w,panel_k20,90441016002,10502300,ADRNL,0.0065491619710355,0.12114259447762166
holdout_group_8w,panel_k20,90571016002,10953744,ADRNL,0.9982376918393956,0.12114259447762166
holdout_group_8w,panel_k20,90587016002,10971645,ADRNL,0.008188440095419636,0.12114259447762166
holdout_group_8w,panel_k20,90248016002,10043950,ADRNL,0.004485286969215796,0.12114259447762166
holdout_group_8w,panel_k20,90564016002,10833331,ADRNL,0.004078858598745128,0.12114259447762166
holdout_group_8w,panel_k20,90412016002,10337199,ADRNL,0.007492265140011001,0.12114259447762166
holdout_group_8w,panel_k20,90283016002,10139044,ADRNL,0.006116961563548129,0.12114259447762166
holdout_group_8w,panel_k20,90232016002,10026789,ADRNL,0.00464020488024397,0.12114259447762166
holdout_group_8w,panel_k20,90422016002,10422463,ADRNL,0.019660714142492264,0.12114259447762166
holdout_group_8w,panel_k20,90232016902,10026789,BAT,0.3191258922156991,0.12114259447762166
holdout_group_8w,panel_k20,90248016902,10043950,BAT,0.26591197613052686,0.12114259447762166
holdout_group_8w,panel_k20,90283016902,10139044,BAT,0.1024061355705227,0.12114259447762166
holdout_group_8w,panel_k20,90292016902,10220917,BAT,0.3175872246046132,0.12114259447762166
holdout_group_8w,panel_k20,90412016902,10337199,BAT,0.1817469187169456,0.12114259447762166
holdout_group_8w,panel_k20,90416016902,10381414,BAT,0.2579526645288346,0.12114259447762166
holdout_group_8w,panel_k20,90422016902,10422463,BAT,0.14737289775395002,0.12114259447762166
holdout_group_8w,panel_k20,90441016902,10502300,BAT,0.215244125192265,0.12114259447762166
holdout_group_8w,panel_k20,90564016902,10833331,BAT,0.10826980788660989,0.12114259447762166
holdout_group_8w,panel_k20,90571016902,10953744,BAT,0.06228868003594601,0.12114259447762166
holdout_group_8w,panel_k20,90576016902,10729518,BAT,0.12014521418787649,0.12114259447762166
holdout_group_8w,panel_k20,90587016902,10971645,BAT,0.08283338571834109,0.12114259447762166
holdout_group_8w,panel_k20,90576013001,10729518,BLOOD,0.02057759560780814,0.12114259447762166
holdout_group_8w,panel_k20,90564013001,10833331,BLOOD,0.01997284587525472,0.12114259447762166
holdout_group_8w,panel_k20,90571013001,10953744,BLOOD,0.02885023554194388,0.12114259447762166
holdout_group_8w,panel_k20,90587013001,10971645,BLOOD,0.015057612330706904,0.12114259447762166
holdout_group_8w,panel_k20,90292013001,10220917,BLOOD,0.016082316998892177,0.12114259447762166
holdout_group_8w,panel_k20,90416013001,10381414,BLOOD,0.014325349283975553,0.12114259447762166
holdout_group_8w,panel_k20,90283013001,10139044,BLOOD,0.0195327917484881,0.12114259447762166
holdout_group_8w,panel_k20,90441013002,10502300,BLOOD,0.019804338432522495,0.12114259447762166
holdout_group_8w,panel_k20,90422013002,10422463,BLOOD,0.01998469970518335,0.12114259447762166
holdout_group_8w,panel_k20,90412013001,10337199,BLOOD,0.018716065348173605,0.12114259447762166
holdout_group_8w,panel_k20,90248013001,10043950,BLOOD,0.014286270410465485,0.12114259447762166
holdout_group_8w,panel_k20,90232013002,10026789,BLOOD,0.015178066347455665,0.12114259447762166
holdout_group_8w,panel_k20,90576016102,10729518,COLON,0.012109816471937096,0.12114259447762166
holdout_group_8w,panel_k20,90571016102,10953744,COLON,0.01261364553358113,0.12114259447762166
holdout_group_8w,panel_k20,90283016102,10139044,COLON,0.01611790505552091,0.12114259447762166
holdout_group_8w,panel_k20,90416016102,10381414,COLON,0.013454026835000632,0.12114259447762166
holdout_group_8w,panel_k20,90292016102,10220917,COLON,0.018136326088602717,0.12114259447762166
holdout_group_8w,panel_k20,90248016102,10043950,COLON,0.015406105117342861,0.12114259447762166
holdout_group_8w,panel_k20,90232016102,10026789,COLON,0.011026740282493841,0.12114259447762166
holdout_group_8w,panel_k20,90422016102,10422463,COLON,0.009900552066167245,0.12114259447762166
holdout_group_8w,panel_k20,90412016102,10337199,COLON,0.01600577023325167,0.12114259447762166
holdout_group_8w,panel_k20,90564016102,10833331,COLON,0.014292577343431034,0.12114259447762166
holdout_group_8w,panel_k20,90587016102,10971645,COLON,0.010386398686497822,0.12114259447762166
holdout_group_8w,panel_k20,90441016102,10502300,COLON,0.011992890670664336,0.12114259447762166
holdout_group_8w,panel_k20,90232015302,10026789,CORTEX,0.020117813824532038,0.12114259447762166
holdout_group_8w,panel_k20,90248015302,10043950,CORTEX,0.054855569825754014,0.12114259447762166
holdout_group_8w,panel_k20,90283015302,10139044,CORTEX,0.05154042300027539,0.12114259447762166
holdout_group_8w,panel_k20,90292015302,10220917,CORTEX,0.033754417045469,0.12114259447762166
holdout_group_8w,panel_k20,90412015302,10337199,CORTEX,0.034228175602755484,0.12114259447762166
holdout_group_8w,panel_k20,90416015302,10381414,CORTEX,0.05502943112486536,0.12114259447762166
holdout_group_8w,panel_k20,90422015302,10422463,CORTEX,0.03459668079910683,0.12114259447762166
holdout_group_8w,panel_k20,90441015302,10502300,CORTEX,0.02382291471425757,0.12114259447762166
holdout_group_8w,panel_k20,90564015302,10833331,CORTEX,0.05344467373344719,0.12114259447762166
holdout_group_8w,panel_k20,90571015302,10953744,CORTEX,0.029080999440725286,0.12114259447762166
holdout_group_8w,panel_k20,90576015302,10729518,CORTEX,0.03471370805168483,0.12114259447762166
holdout_group_8w,panel_k20,90587015302,10971645,CORTEX,0.057261443348960994,0.12114259447762166
holdout_group_8w,panel_k20,90412015803,10337199,HEART,0.04364242414740771,0.12114259447762166
holdout_group_8w,panel_k20,90248015803,10043950,HEART,0.04683662139283207,0.12114259447762166
holdout_group_8w,panel_k20,90564015803,10833331,HEART,0.04440585589341761,0.12114259447762166
holdout_group_8w,panel_k20,90576015803,10729518,HEART,0.04097025483532957,0.12114259447762166
holdout_group_8w,panel_k20,90422015803,10422463,HEART,0.03849699161956477,0.12114259447762166
holdout_group_8w,panel_k20,90571015803,10953744,HEART,0.06534685295238707,0.12114259447762166
holdout_group_8w,panel_k20,90292015803,10220917,HEART,0.043801074993318645,0.12114259447762166
holdout_group_8w,panel_k20,90416015803,10381414,HEART,0.052454584548146554,0.12114259447762166
holdout_group_8w,panel_k20,90441015803,10502300,HEART,0.045730876053124314,0.12114259447762166
holdout_group_8w,panel_k20,90283015803,10139044,HEART,0.049230545559394656,0.12114259447762166
holdout_group_8w,panel_k20,90587015803,10971645,HEART,0.03906011379643681,0.12114259447762166
holdout_group_8w,panel_k20,90232015803,10026789,HEART,0.04852007934201563,0.12114259447762166
holdout_group_8w,panel_k20,90232015202,10026789,HIPPOC,0.0385951164530518,0.12114259447762166
holdout_group_8w,panel_k20,90248015202,10043950,HIPPOC,0.06178022379137493,0.12114259447762166
holdout_group_8w,panel_k20,90283015202,10139044,HIPPOC,0.07550999700863414,0.12114259447762166
holdout_group_8w,panel_k20,90292015202,10220917,HIPPOC,0.031057793534218336,0.12114259447762166
holdout_group_8w,panel_k20,90412015202,10337199,HIPPOC,0.0658793539638497,0.12114259447762166
holdout_group_8w,panel_k20,90416015202,10381414,HIPPOC,0.05551975847064783,0.12114259447762166
holdout_group_8w,panel_k20,90422015202,10422463,HIPPOC,0.042935434810541406,0.12114259447762166
holdout_group_8w,panel_k20,90441015202,10502300,HIPPOC,0.06279230294596172,0.12114259447762166
holdout_group_8w,panel_k20,90564015202,10833331,HIPPOC,0.03231940154604851,0.12114259447762166
holdout_group_8w,panel_k20,90571015202,10953744,HIPPOC,0.051937896977139575,0.12114259447762166
holdout_group_8w,panel_k20,90576015202,10729518,HIPPOC,0.039512533681681505,0.12114259447762166
holdout_group_8w,panel_k20,90587015202,10971645,HIPPOC,0.03789153827445613,0.12114259447762166
holdout_group_8w,panel_k20,90232015402,10026789,HYPOTH,0.06710046282361848,0.12114259447762166
holdout_group_8w,panel_k20,90248015402,10043950,HYPOTH,0.055859105325322345,0.12114259447762166
holdout_group_8w,panel_k20,90283015402,10139044,HYPOTH,0.042735953137124416,0.12114259447762166
holdout_group_8w,panel_k20,90292015402,10220917,HYPOTH,0.05854686780772622,0.12114259447762166
holdout_group_8w,panel_k20,90412015402,10337199,HYPOTH,0.06069227997418036,0.12114259447762166
holdout_group_8w,panel_k20,90416015402,10381414,HYPOTH,0.044873206008726685,0.12114259447762166
holdout_group_8w,panel_k20,90422015402,10422463,HYPOTH,0.07807926366794593,0.12114259447762166
holdout_group_8w,panel_k20,90441015402,10502300,HYPOTH,0.04574903882558967,0.12114259447762166
holdout_group_8w,panel_k20,90564015402,10833331,HYPOTH,0.051343470436080896,0.12114259447762166
holdout_group_8w,panel_k20,90571015402,10953744,HYPOTH,0.05269652957580162,0.12114259447762166
holdout_group_8w,panel_k20,90576015402,10729518,HYPOTH,0.0449962484759282,0.12114259447762166
holdout_group_8w,panel_k20,90587015402,10971645,HYPOTH,0.08971227133650839,0.12114259447762166
holdout_group_8w,panel_k20,90232015902,10026789,KIDNEY,0.012284676354494262,0.12114259447762166
holdout_group_8w,panel_k20,90248015902,10043950,KIDNEY,0.012368191980359211,0.12114259447762166
holdout_group_8w,panel_k20,90283015902,10139044,KIDNEY,0.011563736164775018,0.12114259447762166
holdout_group_8w,panel_k20,90292015902,10220917,KIDNEY,0.01291485393628411,0.12114259447762166
holdout_group_8w,panel_k20,90412015902,10337199,KIDNEY,0.010738927782580232,0.12114259447762166
holdout_group_8w,panel_k20,90416015902,10381414,KIDNEY,0.011269233350806429,0.12114259447762166
holdout_group_8w,panel_k20,90422015902,10422463,KIDNEY,0.012298848610339919,0.12114259447762166
holdout_group_8w,panel_k20,90441015902,10502300,KIDNEY,0.014345488465519418,0.12114259447762166
holdout_group_8w,panel_k20,90564015902,10833331,KIDNEY,0.013681612584584446,0.12114259447762166
holdout_group_8w,panel_k20,90571015902,10953744,KIDNEY,0.011347460228257056,0.12114259447762166
holdout_group_8w,panel_k20,90576015902,10729518,KIDNEY,0.011413222809480428,0.12114259447762166
holdout_group_8w,panel_k20,90587015902,10971645,KIDNEY,0.012242859581188537,0.12114259447762166
holdout_group_8w,panel_k20,90232016803,10026789,LIVER,0.010171675040932304,0.12114259447762166
holdout_group_8w,panel_k20,90248016803,10043950,LIVER,0.01309981126090043,0.12114259447762166
holdout_group_8w,panel_k20,90283016803,10139044,LIVER,0.009515474014068714,0.12114259447762166
holdout_group_8w,panel_k20,90292016803,10220917,LIVER,0.010175709093693364,0.12114259447762166
holdout_group_8w,panel_k20,90412016803,10337199,LIVER,0.012821191692311329,0.12114259447762166
holdout_group_8w,panel_k20,90416016803,10381414,LIVER,0.014299206457227487,0.12114259447762166
holdout_group_8w,panel_k20,90422016803,10422463,LIVER,0.011002360642628273,0.12114259447762166
holdout_group_8w,panel_k20,90441016803,10502300,LIVER,0.011324683737368502,0.12114259447762166
holdout_group_8w,panel_k20,90564016803,10833331,LIVER,0.012124074293259901,0.12114259447762166
holdout_group_8w,panel_k20,90571016803,10953744,LIVER,0.014207757676744648,0.12114259447762166
holdout_group_8w,panel_k20,90576016803,10729518,LIVER,0.01491587798537608,0.12114259447762166
holdout_group_8w,panel_k20,90587016803,10971645,LIVER,0.012718533414073474,0.12114259447762166
holdout_group_8w,panel_k20,90564016603,10833331,LUNG,0.015248827147155475,0.12114259447762166
holdout_group_8w,panel_k20,90292016603,10220917,LUNG,0.015269217458928175,0.12114259447762166
holdout_group_8w,panel_k20,90232016603,10026789,LUNG,0.012840723001659726,0.12114259447762166
holdout_group_8w,panel_k20,90412016603,10337199,LUNG,0.012003611955536564,0.12114259447762166
holdout_group_8w,panel_k20,90587016603,10971645,LUNG,0.012051926331861473,0.12114259447762166
holdout_group_8w,panel_k20,90416016603,10381414,LUNG,0.012331524810043404,0.12114259447762166
holdout_group_8w,panel_k20,90576016603,10729518,LUNG,0.011124032610965173,0.12114259447762166
holdout_group_8w,panel_k20,90422016603,10422463,LUNG,0.012568775026359114,0.12114259447762166
holdout_group_8w,panel_k20,90571016603,10953744,LUNG,0.012825610114511221,0.12114259447762166
holdout_group_8w,panel_k20,90248016603,10043950,LUNG,0.02073638322107685,0.12114259447762166
holdout_group_8w,panel_k20,90283016603,10139044,LUNG,0.01262087620160468,0.12114259447762166
holdout_group_8w,panel_k20,90441016603,10502300,LUNG,0.013720401201405052,0.12114259447762166
holdout_group_8w,panel_k20,90248016402,10043950,OVARY,0.01671662701113663,0.12114259447762166
holdout_group_8w,panel_k20,90576016402,10729518,OVARY,0.025639419257287854,0.12114259447762166
holdout_group_8w,panel_k20,90571016402,10953744,OVARY,0.023720858964144442,0.12114259447762166
holdout_group_8w,panel_k20,90416016402,10381414,OVARY,0.013856185361071804,0.12114259447762166
holdout_group_8w,panel_k20,90587016402,10971645,OVARY,0.01733356343549841,0.12114259447762166
holdout_group_8w,panel_k20,90412016402,10337199,OVARY,0.020902092007459183,0.12114259447762166
holdout_group_8w,panel_k20,90564016402,10833331,OVARY,0.026757540439393268,0.12114259447762166
holdout_group_8w,panel_k20,90283015512,10139044,SKM-GN,0.005149284196482751,0.12114259447762166
holdout_group_8w,panel_k20,90248015512,10043950,SKM-GN,0.018737760441774554,0.12114259447762166
holdout_group_8w,panel_k20,90576015512,10729518,SKM-GN,0.12059821283740912,0.12114259447762166
holdout_group_8w,panel_k20,90587015512,10971645,SKM-GN,0.025759031359611106,0.12114259447762166
holdout_group_8w,panel_k20,90232015512,10026789,SKM-GN,0.12114259447762166,0.12114259447762166
holdout_group_8w,panel_k20,90422015512,10422463,SKM-GN,0.044601998064392134,0.12114259447762166
holdout_group_8w,panel_k20,90412015512,10337199,SKM-GN,0.06312127731139583,0.12114259447762166
holdout_group_8w,panel_k20,90416015512,10381414,SKM-GN,0.10487108173987636,0.12114259447762166
holdout_group_8w,panel_k20,90292015512,10220917,SKM-GN,0.06778721013177991,0.12114259447762166
holdout_group_8w,panel_k20,90441015512,10502300,SKM-GN,0.37088374581971684,0.12114259447762166
holdout_group_8w,panel_k20,90571015512,10953744,SKM-GN,0.3260630462539219,0.12114259447762166
holdout_group_8w,panel_k20,90564015512,10833331,SKM-GN,0.2422393583929584,0.12114259447762166
holdout_group_8w,panel_k20,90232015603,10026789,SKM-VL,0.0037920877291173216,0.12114259447762166
holdout_group_8w,panel_k20,90248015603,10043950,SKM-VL,0.22647184262090692,0.12114259447762166
holdout_group_8w,panel_k20,90283015603,10139044,SKM-VL,0.01623014535353884,0.12114259447762166
holdout_group_8w,panel_k20,90292015603,10220917,SKM-VL,0.004728909526508507,0.12114259447762166
holdout_group_8w,panel_k20,90412015603,10337199,SKM-VL,0.08708146644001946,0.12114259447762166
holdout_group_8w,panel_k20,90416015603,10381414,SKM-VL,0.01174455962522647,0.12114259447762166
holdout_group_8w,panel_k20,90422015603,10422463,SKM-VL,0.031778567764770616,0.12114259447762166
holdout_group_8w,panel_k20,90441015603,10502300,SKM-VL,0.007239041282329883,0.12114259447762166
holdout_group_8w,panel_k20,90564015603,10833331,SKM-VL,0.041605042520901914,0.12114259447762166
holdout_group_8w,panel_k20,90571015603,10953744,SKM-VL,0.04968953742745008,0.12114259447762166
holdout_group_8w,panel_k20,90576015603,10729518,SKM-VL,0.18339504565792109,0.12114259447762166
holdout_group_8w,panel_k20,90587015603,10971645,SKM-VL,0.186996528453667,0.12114259447762166
holdout_group_8w,panel_k20,90416016702,10381414,SMLINT,0.011439526596245031,0.12114259447762166
holdout_group_8w,panel_k20,90576016702,10729518,SMLINT,0.008690329751058323,0.12114259447762166
holdout_group_8w,panel_k20,90587016702,10971645,SMLINT,0.01068219136609061,0.12114259447762166
holdout_group_8w,panel_k20,90571016702,10953744,SMLINT,0.005942973885015745,0.12114259447762166
holdout_group_8w,panel_k20,90232016702,10026789,SMLINT,0.01107014343882573,0.12114259447762166
holdout_group_8w,panel_k20,90441016702,10502300,SMLINT,0.009678733843481058,0.12114259447762166
holdout_group_8w,panel_k20,90248016702,10043950,SMLINT,0.011511572927807912,0.12114259447762166
holdout_group_8w,panel_k20,90292016702,10220917,SMLINT,0.011903389342812987,0.12114259447762166
holdout_group_8w,panel_k20,90564016702,10833331,SMLINT,0.009831111751599342,0.12114259447762166
holdout_group_8w,panel_k20,90412016702,10337199,SMLINT,0.014320502391574008,0.12114259447762166
holdout_group_8w,panel_k20,90283016702,10139044,SMLINT,0.011661221735413507,0.12114259447762166
holdout_group_8w,panel_k20,90422016702,10422463,SMLINT,0.010300915617201922,0.12114259447762166
holdout_group_8w,panel_k20,90232016202,10026789,SPLEEN,0.018335026870090032,0.12114259447762166
holdout_group_8w,panel_k20,90248016202,10043950,SPLEEN,0.02269083655980164,0.12114259447762166
holdout_group_8w,panel_k20,90283016202,10139044,SPLEEN,0.016981795815606993,0.12114259447762166
holdout_group_8w,panel_k20,90292016202,10220917,SPLEEN,0.026795765125640747,0.12114259447762166
holdout_group_8w,panel_k20,90412016202,10337199,SPLEEN,0.017446869394649567,0.12114259447762166
holdout_group_8w,panel_k20,90416016202,10381414,SPLEEN,0.01398783495603051,0.12114259447762166
holdout_group_8w,panel_k20,90422016202,10422463,SPLEEN,0.017425302130043674,0.12114259447762166
holdout_group_8w,panel_k20,90441016202,10502300,SPLEEN,0.016091848894077998,0.12114259447762166
holdout_group_8w,panel_k20,90564016202,10833331,SPLEEN,0.019778835635898995,0.12114259447762166
holdout_group_8w,panel_k20,90571016202,10953744,SPLEEN,0.021182993310761677,0.12114259447762166
holdout_group_8w,panel_k20,90576016202,10729518,SPLEEN,0.022909710532992955,0.12114259447762166
holdout_group_8w,panel_k20,90587016202,10971645,SPLEEN,0.017570273863021346,0.12114259447762166
holdout_group_8w,panel_k20,90422016302,10422463,TESTES,0.013528476699669945,0.12114259447762166
holdout_group_8w,panel_k20,90292016302,10220917,TESTES,0.014548290315204992,0.12114259447762166
holdout_group_8w,panel_k20,90283016302,10139044,TESTES,0.013550246760359541,0.12114259447762166
holdout_group_8w,panel_k20,90441016302,10502300,TESTES,0.013723447823343116,0.12114259447762166
holdout_group_8w,panel_k20,90232016302,10026789,TESTES,0.013500689499605367,0.12114259447762166
holdout_group_8w,panel_k20,90422016502,10422463,VENACV,0.008934685716283752,0.12114259447762166
holdout_group_8w,panel_k20,90441016502,10502300,VENACV,0.008294585089907658,0.12114259447762166
holdout_group_8w,panel_k20,90576016502,10729518,VENACV,0.6983858816933135,0.12114259447762166
holdout_group_8w,panel_k20,90416016502,10381414,VENACV,0.7014583882239005,0.12114259447762166
holdout_group_8w,panel_k20,90232016502,10026789,VENACV,0.30453870040597497,0.12114259447762166
holdout_group_8w,panel_k20,90283016502,10139044,VENACV,0.06044172562311556,0.12114259447762166
holdout_group_8w,panel_k20,90564016502,10833331,VENACV,0.8549194384139267,0.12114259447762166
holdout_group_8w,panel_k20,90248016502,10043950,VENACV,0.03387353562365181,0.12114259447762166
holdout_group_8w,panel_k20,90587016502,10971645,VENACV,0.49186257000987266,0.12114259447762166
holdout_group_8w,panel_k20,90412016502,10337199,VENACV,0.019014437562437925,0.12114259447762166
holdout_group_8w,panel_k20,90571016502,10953744,VENACV,0.6497073042325188,0.12114259447762166
holdout_group_8w,panel_k20,90292016502,10220917,VENACV,0.025643320199975728,0.12114259447762166
holdout_group_8w,panel_k20,90232017005,10026789,WAT-SC,0.0026640258939377714,0.12114259447762166
holdout_group_8w,panel_k20,90248017005,10043950,WAT-SC,0.02071434806823058,0.12114259447762166
holdout_group_8w,panel_k20,90283017005,10139044,WAT-SC,0.003001904393594268,0.12114259447762166
holdout_group_8w,panel_k20,90292017005,10220917,WAT-SC,0.0033654511138202503,0.12114259447762166
holdout_group_8w,panel_k20,90412017005,10337199,WAT-SC,0.011880686479000202,0.12114259447762166
holdout_group_8w,panel_k20,90416017005,10381414,WAT-SC,0.011033972301234263,0.12114259447762166
holdout_group_8w,panel_k20,90422017005,10422463,WAT-SC,0.0034663423628170653,0.12114259447762166
holdout_group_8w,panel_k20,90441017005,10502300,WAT-SC,0.0032020135080130796,0.12114259447762166
holdout_group_8w,panel_k20,90564017005,10833331,WAT-SC,0.03365178671055913,0.12114259447762166
holdout_group_8w,panel_k20,90571017005,10953744,WAT-SC,0.017006711488509962,0.12114259447762166
holdout_group_8w,panel_k20,90576017005,10729518,WAT-SC,0.023162156456002614,0.12114259447762166
holdout_group_8w,panel_k20,90587017005,10971645,WAT-SC,0.009415538755388031,0.12114259447762166
holdout_group_1w,full,90292016002,10220917,ADRNL,0.004955838752748187,0.085879332128739
holdout_group_1w,full,90254016002,10044760,ADRNL,0.006113729412896118,0.085879332128739
holdout_group_1w,full,90441016002,10502300,ADRNL,0.014739872927449382,0.085879332128739
holdout_group_1w,full,90587016002,10971645,ADRNL,0.01807875595802444,0.085879332128739
holdout_group_1w,full,90450016002,10672656,ADRNL,0.007536265785576424,0.085879332128739
holdout_group_1w,full,90222016002,10025626,ADRNL,0.08027568559409304,0.085879332128739
holdout_group_1w,full,90265016002,10046119,ADRNL,0.02953778401131313,0.085879332128739
holdout_group_1w,full,90266016002,10046380,ADRNL,0.24483962133682557,0.085879332128739
holdout_group_1w,full,90281016002,10106383,ADRNL,0.01284258578190367,0.085879332128739
holdout_group_1w,full,90585016002,10871349,ADRNL,0.008847580881540584,0.085879332128739
holdout_group_1w,full,90251016002,10044256,ADRNL,0.006866893688950548,0.085879332128739
holdout_group_1w,full,90229016002,10026355,ADRNL,0.00661650631335331,0.085879332128739
holdout_group_1w,full,90222016902,10025626,BAT,0.011493014594892048,0.085879332128739
holdout_group_1w,full,90229016902,10026355,BAT,0.04581474578673839,0.085879332128739
holdout_group_1w,full,90251016902,10044256,BAT,0.02908197703072224,0.085879332128739
holdout_group_1w,full,90254016902,10044760,BAT,0.014842518619753164,0.085879332128739
holdout_group_1w,full,90265016902,10046119,BAT,0.025480947756851724,0.085879332128739
holdout_group_1w,full,90266016902,10046380,BAT,0.48633878357766014,0.085879332128739
holdout_group_1w,full,90281016902,10106383,BAT,0.013252554908737224,0.085879332128739
holdout_group_1w,full,90292016902,10220917,BAT,0.015401825659169366,0.085879332128739
holdout_group_1w,full,90441016902,10502300,BAT,0.015746518618787175,0.085879332128739
holdout_group_1w,full,90450016902,10672656,BAT,0.023973001342097233,0.085879332128739
holdout_group_1w,full,90585016902,10871349,BAT,0.028085662468336325,0.085879332128739
holdout_group_1w,full,90587016902,10971645,BAT,0.0607260340615422,0.085879332128739
holdout_group_1w,full,90585013001,10871349,BLOOD,0.004554821069647663,0.085879332128739
holdout_group_1w,full,90587013001,10971645,BLOOD,0.0031174587541900056,0.085879332128739
holdout_group_1w,full,90265013001,10046119,BLOOD,0.0036640603487773094,0.085879332128739
holdout_group_1w,full,90292013001,10220917,BLOOD,0.0037117141168293566,0.085879332128739
holdout_group_1w,full,90441013002,10502300,BLOOD,0.003928436358956455,0.085879332128739
holdout_group_1w,full,90281013001,10106383,BLOOD,0.0030935155419903326,0.085879332128739
holdout_group_1w,full,90450013001,10672656,BLOOD,0.0036767727885699264,0.085879332128739
holdout_group_1w,full,90229013002,10026355,BLOOD,0.00395114251060813,0.085879332128739
holdout_group_1w,full,90266013002,10046380,BLOOD,0.0044341854522716995,0.085879332128739
holdout_group_1w,full,90222013002,10025626,BLOOD,0.002928873666515064,0.085879332128739
holdout_group_1w,full,90251013001,10044256,BLOOD,0.003954436379941972,0.085879332128739
holdout_group_1w,full,90254013002,10044760,BLOOD,0.0029588665085293897,0.085879332128739
holdout_group_1w,full,90229016102,10026355,COLON,0.008867524391590553,0.085879332128739
holdout_group_1w,full,90251016102,10044256,COLON,0.029069388257386475,0.085879332128739
holdout_group_1w,full,90585016102,10871349,COLON,0.012762511826988732,0.085879332128739
holdout_group_1w,full,90292016102,10220917,COLON,0.014725461921876959,0.085879332128739
holdout_group_1w,full,90450016102,10672656,COLON,0.008131890267031538,0.085879332128739
holdout_group_1w,full,90265016102,10046119,COLON,0.009136670121813517,0.085879332128739
holdout_group_1w,full,90222016102,10025626,COLON,0.008825685708408026,0.085879332128739
holdout_group_1w,full,90281016102,10106383,COLON,0.008374977794005978,0.085879332128739
holdout_group_1w,full,90587016102,10971645,COLON,0.00904896742245409,0.085879332128739
holdout_group_1w,full,90266016102,10046380,COLON,0.0084226778744535,0.085879332128739
holdout_group_1w,full,90441016102,10502300,COLON,0.010818149977952052,0.085879332128739
holdout_group_1w,full,90254016102,10044760,COLON,0.011058960640545568,0.085879332128739
holdout_group_1w,full,90222015302,10025626,CORTEX,0.07252454330438018,0.085879332128739
holdout_group_1w,full,90229015302,10026355,CORTEX,0.05429440893317039,0.085879332128739
holdout_group_1w,full,90251015302,10044256,CORTEX,0.07063472757220557,0.085879332128739
holdout_group_1w,full,90254015302,10044760,CORTEX,0.056318944822199124,0.085879332128739
holdout_group_1w,full,90265015302,10046119,CORTEX,0.029445420340216577,0.085879332128739
holdout_group_1w,full,90266015302,10046380,CORTEX,0.04831018905916251,0.085879332128739
holdout_group_1w,full,90281015302,10106383,CORTEX,0.03107480887714731,0.085879332128739
holdout_group_1w,full,90292015302,10220917,CORTEX,0.041207849742126546,0.085879332128739
holdout_group_1w,full,90441015302,10502300,CORTEX,0.08157204490817871,0.085879332128739
holdout_group_1w,full,90450015302,10672656,CORTEX,0.04554558744332904,0.085879332128739
holdout_group_1w,full,90585015302,10871349,CORTEX,0.05745473694423131,0.085879332128739
holdout_group_1w,full,90587015302,10971645,CORTEX,0.04787552095261305,0.085879332128739
holdout_group_1w,full,90229015803,10026355,HEART,0.011183055110018048,0.085879332128739
holdout_group_1w,full,90266015803,10046380,HEART,0.011803205323707044,0.085879332128739
holdout_group_1w,full,90222015803,10025626,HEART,0.013227913776909128,0.085879332128739
holdout_group_1w,full,90585015803,10871349,HEART,0.011754377202603417,0.085879332128739
holdout_group_1w,full,90254015803,10044760,HEART,0.012570644232955286,0.085879332128739
holdout_group_1w,full,90292015803,10220917,HEART,0.011047230591753943,0.085879332128739
holdout_group_1w,full,90441015803,10502300,HEART,0.013941772263322827,0.085879332128739
holdout_group_1w,full,90450015803,10672656,HEART,0.011894045393314179,0.085879332128739
holdout_group_1w,full,90251015803,10044256,HEART,0.013145359454407202,0.085879332128739
holdout_group_1w,full,90587015803,10971645,HEART,0.011738516263539944,0.085879332128739
holdout_group_1w,full,90265015803,10046119,HEART,0.012352110851850284,0.085879332128739
holdout_group_1w,full,90281015803,10106383,HEART,0.013473904725557206,0.085879332128739
holdout_group_1w,full,90222015202,10025626,HIPPOC,0.038830636252703665,0.085879332128739
holdout_group_1w,full,90229015202,10026355,HIPPOC,0.17383112196954464,0.085879332128739
holdout_group_1w,full,90251015202,10044256,HIPPOC,0.059341119669657605,0.085879332128739
holdout_group_1w,full,90254015202,10044760,HIPPOC,0.02973270789835747,0.085879332128739
holdout_group_1w,full,90265015202,10046119,HIPPOC,0.05051702952006154,0.085879332128739
holdout_group_1w,full,90266015202,10046380,HIPPOC,0.13751959826504767,0.085879332128739
holdout_group_1w,full,90281015202,10106383,HIPPOC,0.03401568107565123,0.085879332128739
holdout_group_1w,full,90292015202,10220917,HIPPOC,0.028148026305664264,0.085879332128739
holdout_group_1w,full,90441015202,10502300,HIPPOC,0.05739560757030249,0.085879332128739
holdout_group_1w,full,90450015202,10672656,HIPPOC,0.06266890661646041,0.085879332128739
holdout_group_1w,full,90585015202,10871349,HIPPOC,0.04655712896791875,0.085879332128739
holdout_group_1w,full,90587015202,10971645,HIPPOC,0.021366051412422093,0.085879332128739
holdout_group_1w,full,90222015402,10025626,HYPOTH,0.03196036622170728,0.085879332128739
holdout_group_1w,full,90229015402,10026355,HYPOTH,0.05565879612779134,0.085879332128739
holdout_group_1w,full,90251015402,10044256,HYPOTH,0.027808358131484523,0.085879332128739
holdout_group_1w,full,90254015402,10044760,HYPOTH,0.0744344137578633,0.085879332128739
holdout_group_1w,full,90265015402,10046119,HYPOTH,0.04454003961487352,0.085879332128739
holdout_group_1w,full,90266015402,10046380,HYPOTH,0.04110231943722342,0.085879332128739
holdout_group_1w,full,90281015402,10106383,HYPOTH,0.03919989526213785,0.085879332128739
holdout_group_1w,full,90292015402,10220917,HYPOTH,0.03567861309038867,0.085879332128739
holdout_group_1w,full,90441015402,10502300,HYPOTH,0.07579479503688114,0.085879332128739
holdout_group_1w,full,90450015402,10672656,HYPOTH,0.04510179654509339,0.085879332128739
holdout_group_1w,full,90585015402,10871349,HYPOTH,0.052404137679081586,0.085879332128739
holdout_group_1w,full,90587015402,10971645,HYPOTH,0.06398317295360556,0.085879332128739
holdout_group_1w,full,90222015902,10025626,KIDNEY,0.0056469230810404225,0.085879332128739
holdout_group_1w,full,90229015902,10026355,KIDNEY,0.005138350247047674,0.085879332128739
holdout_group_1w,full,90251015902,10044256,KIDNEY,0.0065155881535297056,0.085879332128739
holdout_group_1w,full,90254015902,10044760,KIDNEY,0.006108028364283036,0.085879332128739
holdout_group_1w,full,90265015902,10046119,KIDNEY,0.0073142581037727306,0.085879332128739
holdout_group_1w,full,90266015902,10046380,KIDNEY,0.00641296696422422,0.085879332128739
holdout_group_1w,full,90281015902,10106383,KIDNEY,0.006244505493556818,0.085879332128739
holdout_group_1w,full,90292015902,10220917,KIDNEY,0.005469118926152761,0.085879332128739
holdout_group_1w,full,90441015902,10502300,KIDNEY,0.0054308159288640745,0.085879332128739
holdout_group_1w,full,90450015902,10672656,KIDNEY,0.006079595375351965,0.085879332128739
holdout_group_1w,full,90587015902,10971645,KIDNEY,0.007047916059782389,0.085879332128739
holdout_group_1w,full,90585015902,10871349,KIDNEY,0.007252331018590463,0.085879332128739
holdout_group_1w,full,90222016803,10025626,LIVER,0.004489827727274021,0.085879332128739
holdout_group_1w,full,90229016803,10026355,LIVER,0.004113045517575298,0.085879332128739
holdout_group_1w,full,90251016803,10044256,LIVER,0.005102890957049966,0.085879332128739
holdout_group_1w,full,90254016803,10044760,LIVER,0.005091743034590368,0.085879332128739
holdout_group_1w,full,90265016803,10046119,LIVER,0.005181622662353447,0.085879332128739
holdout_group_1w,full,90266016803,10046380,LIVER,0.005050589762994662,0.085879332128739
holdout_group_1w,full,90281016803,10106383,LIVER,0.0039088020745433605,0.085879332128739
holdout_group_1w,full,90292016803,10220917,LIVER,0.0040908913153508975,0.085879332128739
holdout_group_1w,full,90441016803,10502300,LIVER,0.004094782316009682,0.085879332128739
holdout_group_1w,full,90450016803,10672656,LIVER,0.004051152109555645,0.085879332128739
holdout_group_1w,full,90585016803,10871349,LIVER,0.005158634955282793,0.085879332128739
holdout_group_1w,full,90587016803,10971645,LIVER,0.004703634964657977,0.085879332128739
holdout_group_1w,full,90266016603,10046380,LUNG,0.010379429323234324,0.085879332128739
holdout_group_1w,full,90281016603,10106383,LUNG,0.00929576480738925,0.085879332128739
holdout_group_1w,full,90254016603,10044760,LUNG,0.008274925898379859,0.085879332128739
holdout_group_1w,full,90292016603,10220917,LUNG,0.008297357126445859,0.085879332128739
holdout_group_1w,full,90587016603,10971645,LUNG,0.00760704222830999,0.085879332128739
holdout_group_1w,full,90251016603,10044256,LUNG,0.011608697542147661,0.085879332128739
holdout_group_1w,full,90222016603,10025626,LUNG,0.009250902387635263,0.085879332128739
holdout_group_1w,full,90450016603,10672656,LUNG,0.007417744781288094,0.085879332128739
holdout_group_1w,full,90441016603,10502300,LUNG,0.0102064641511731,0.085879332128739
holdout_group_1w,full,90265016603,10046119,LUNG,0.009210276432532694,0.085879332128739
holdout_group_1w,full,90585016603,10871349,LUNG,0.009561149507858024,0.085879332128739
holdout_group_1w,full,90229016603,10026355,LUNG,0.008230222049594893,0.085879332128739
holdout_group_1w,full,90266016402,10046380,OVARY,0.02225031751380857,0.085879332128739
holdout_group_1w,full,90254016402,10044760,OVARY,0.042372090957692454,0.085879332128739
holdout_group_1w,full,90585016402,10871349,OVARY,0.02690619867710997,0.085879332128739
holdout_group_1w,full,90265016402,10046119,OVARY,0.021320890331026687,0.085879332128739
holdout_group_1w,full,90587016402,10971645,OVARY,0.026945028229101498,0.085879332128739
holdout_group_1w,full,90251016402,10044256,OVARY,0.024274153146056743,0.085879332128739
holdout_group_1w,full,90254015512,10044760,SKM-GN,0.14628236323622468,0.085879332128739
holdout_group_1w,full,90281015512,10106383,SKM-GN,0.15033827999955152,0.085879332128739
holdout_group_1w,full,90229015512,10026355,SKM-GN,0.05899792743359844,0.085879332128739
holdout_group_1w,full,90587015512,10971645,SKM-GN,0.10413679808242993,0.085879332128739
holdout_group_1w,full,90585015512,10871349,SKM-GN,0.08079812670425912,0.085879332128739
holdout_group_1w,full,90265015512,10046119,SKM-GN,0.06716623210646022,0.085879332128739
holdout_group_1w,full,90450015512,10672656,SKM-GN,0.0923284686271374,0.085879332128739
holdout_group_1w,full,90292015512,10220917,SKM-GN,0.08576329465790056,0.085879332128739
holdout_group_1w,full,90441015512,10502300,SKM-GN,0.12361337734404032,0.085879332128739
holdout_group_1w,full,90222015512,10025626,SKM-GN,0.1333729356904102,0.085879332128739
holdout_group_1w,full,90251015512,10044256,SKM-GN,0.12821458862642188,0.085879332128739
holdout_group_1w,full,90266015512,10046380,SKM-GN,0.0578554393461983,0.085879332128739
holdout_group_1w,full,90222015603,10025626,SKM-VL,0.4887620159648006,0.085879332128739
holdout_group_1w,full,90229015603,10026355,SKM-VL,0.05980492347574151,0.085879332128739
holdout_group_1w,full,90251015603,10044256,SKM-VL,0.06872177343205577,0.085879332128739
holdout_group_1w,full,90254015603,10044760,SKM-VL,0.10415718402427976,0.085879332128739
holdout_group_1w,full,90265015603,10046119,SKM-VL,0.11650158691457857,0.085879332128739
holdout_group_1w,full,90266015603,10046380,SKM-VL,0.1616869915745256,0.085879332128739
holdout_group_1w,full,90281015603,10106383,SKM-VL,0.085879332128739,0.085879332128739
holdout_group_1w,full,90292015603,10220917,SKM-VL,0.03281565370397066,0.085879332128739
holdout_group_1w,full,90441015603,10502300,SKM-VL,0.07043751506346652,0.085879332128739
holdout_group_1w,full,90450015603,10672656,SKM-VL,0.12775865760016214,0.085879332128739
holdout_group_1w,full,90585015603,10871349,SKM-VL,0.8048130175170434,0.085879332128739
holdout_group_1w,full,90587015603,10971645,SKM-VL,0.29525042645269095,0.085879332128739
holdout_group_1w,full,90281016702,10106383,SMLINT,0.005252099688154321,0.085879332128739
holdout_group_1w,full,90587016702,10971645,SMLINT,0.009823609910725617,0.085879332128739
holdout_group_1w,full,90229016702,10026355,SMLINT,0.01626321753801474,0.085879332128739
holdout_group_1w,full,90450016702,10672656,SMLINT,0.006516073844064163,0.085879332128739
holdout_group_1w,full,90441016702,10502300,SMLINT,0.006892329066193192,0.085879332128739
holdout_group_1w,full,90292016702,10220917,SMLINT,0.004431818054729142,0.085879332128739
holdout_group_1w,full,90266016702,10046380,SMLINT,0.0058214074154054885,0.085879332128739
holdout_group_1w,full,90254016702,10044760,SMLINT,0.052484665114242546,0.085879332128739
holdout_group_1w,full,90265016702,10046119,SMLINT,0.007022262237618815,0.085879332128739
holdout_group_1w,full,90251016702,10044256,SMLINT,0.014949075467899364,0.085879332128739
holdout_group_1w,full,90585016702,10871349,SMLINT,0.0049813103039036966,0.085879332128739
holdout_group_1w,full,90222016702,10025626,SMLINT,0.006777088461872416,0.085879332128739
holdout_group_1w,full,90222016202,10025626,SPLEEN,0.00782625971738471,0.085879332128739
holdout_group_1w,full,90229016202,10026355,SPLEEN,0.007802258105387594,0.085879332128739
holdout_group_1w,full,90251016202,10044256,SPLEEN,0.007963639352597918,0.085879332128739
holdout_group_1w,full,90254016202,10044760,SPLEEN,0.007810975207864668,0.085879332128739
holdout_group_1w,full,90265016202,10046119,SPLEEN,0.008002531310322913,0.085879332128739
holdout_group_1w,full,90266016202,10046380,SPLEEN,0.0077811504153074695,0.085879332128739
holdout_group_1w,full,90281016202,10106383,SPLEEN,0.008599380307182436,0.085879332128739
holdout_group_1w,full,90292016202,10220917,SPLEEN,0.008006807128563609,0.085879332128739
holdout_group_1w,full,90441016202,10502300,SPLEEN,0.007429608944294008,0.085879332128739
holdout_group_1w,full,90450016202,10672656,SPLEEN,0.007594540254171944,0.085879332128739
holdout_group_1w,full,90585016202,10871349,SPLEEN,0.008033298888415974,0.085879332128739
holdout_group_1w,full,90587016202,10971645,SPLEEN,0.008622986816940292,0.085879332128739
holdout_group_1w,full,90281016302,10106383,TESTES,0.006096084924992362,0.085879332128739
holdout_group_1w,full,90292016302,10220917,TESTES,0.006022798973569388,0.085879332128739
holdout_group_1w,full,90441016302,10502300,TESTES,0.0059892339409960416,0.085879332128739
holdout_group_1w,full,90222016302,10025626,TESTES,0.005948894334416366,0.085879332128739
holdout_group_1w,full,90229016302,10026355,TESTES,0.005952256738898765,0.085879332128739
holdout_group_1w,full,90450016302,10672656,TESTES,0.0056793569233509755,0.085879332128739
holdout_group_1w,full,90254016502,10044760,VENACV,0.013584635030582715,0.085879332128739
holdout_group_1w,full,90441016502,10502300,VENACV,0.01093874893493818,0.085879332128739
holdout_group_1w,full,90266016502,10046380,VENACV,0.010690425423527605,0.085879332128739
holdout_group_1w,full,90229016502,10026355,VENACV,0.05450411263604649,0.085879332128739
holdout_group_1w,full,90222016502,10025626,VENACV,0.008873385328580619,0.085879332128739
holdout_group_1w,full,90281016502,10106383,VENACV,0.02445670938989397,0.085879332128739
holdout_group_1w,full,90587016502,10971645,VENACV,0.3555936259661079,0.085879332128739
holdout_group_1w,full,90251016502,10044256,VENACV,0.010254510722425114,0.085879332128739
holdout_group_1w,full,90585016502,10871349,VENACV,0.29527089880243995,0.085879332128739
holdout_group_1w,full,90265016502,10046119,VENACV,0.009604560636816806,0.085879332128739
holdout_group_1w,full,90292016502,10220917,VENACV,0.012145431345940483,0.085879332128739
holdout_group_1w,full,90450016502,10672656,VENACV,0.03613005315291118,0.085879332128739
holdout_group_1w,full,90222017005,10025626,WAT-SC,0.009986442197629897,0.085879332128739
holdout_group_1w,full,90229017005,10026355,WAT-SC,0.009395227694580677,0.085879332128739
holdout_group_1w,full,90251017005,10044256,WAT-SC,0.031622583102099755,0.085879332128739
holdout_group_1w,full,90254017005,10044760,WAT-SC,0.01089691478965149,0.085879332128739
holdout_group_1w,full,90265017005,10046119,WAT-SC,0.025821554079089037,0.085879332128739
holdout_group_1w,full,90266017005,10046380,WAT-SC,0.04392724428234518,0.085879332128739
holdout_group_1w,full,90281017005,10106383,WAT-SC,0.011409400692149796,0.085879332128739
holdout_group_1w,full,90292017005,10220917,WAT-SC,0.009697523367205085,0.085879332128739
holdout_group_1w,full,90441017005,10502300,WAT-SC,0.00898358042020364,0.085879332128739
holdout_group_1w,full,90450017005,10672656,WAT-SC,0.008728318971770954,0.085879332128739
holdout_group_1w,full,90585017005,10871349,WAT-SC,0.020333229404808306,0.085879332128739
holdout_group_1w,full,90587017005,10971645,WAT-SC,0.014595241682999194,0.085879332128739
holdout_group_1w,panel_k20,90292016002,10220917,ADRNL,0.004674387716857131,0.23383071283138157
holdout_group_1w,panel_k20,90254016002,10044760,ADRNL,0.005985801485015707,0.23383071283138157
holdout_group_1w,panel_k20,90441016002,10502300,ADRNL,0.015731074459733208,0.23383071283138157
holdout_group_1w,panel_k20,90587016002,10971645,ADRNL,0.01579949578171691,0.23383071283138157
holdout_group_1w,panel_k20,90450016002,10672656,ADRNL,0.007577056095619095,0.23383071283138157
holdout_group_1w,panel_k20,90222016002,10025626,ADRNL,0.0429703052335233,0.23383071283138157
holdout_group_1w,panel_k20,90265016002,10046119,ADRNL,0.021643967998419944,0.23383071283138157
holdout_group_1w,panel_k20,90266016002,10046380,ADRNL,0.18824131110415876,0.23383071283138157
holdout_group_1w,panel_k20,90281016002,10106383,ADRNL,0.008113211561336264,0.23383071283138157
holdout_group_1w,panel_k20,90585016002,10871349,ADRNL,0.0058479657213436065,0.23383071283138157
holdout_group_1w,panel_k20,90251016002,10044256,ADRNL,0.007332596315745454,0.23383071283138157
holdout_group_1w,panel_k20,90229016002,10026355,ADRNL,0.005553627931205618,0.23383071283138157
holdout_group_1w,panel_k20,90222016902,10025626,BAT,0.07629167637047163,0.23383071283138157
holdout_group_1w,panel_k20,90229016902,10026355,BAT,0.06327177998200118,0.23383071283138157
holdout_group_1w,panel_k20,90251016902,10044256,BAT,0.01778869498017044,0.23383071283138157
holdout_group_1w,panel_k20,90254016902,10044760,BAT,0.05157669252998298,0.23383071283138157
holdout_group_1w,panel_k20,90265016902,10046119,BAT,0.01843252473329615,0.23383071283138157
holdout_group_1w,panel_k20,90266016902,10046380,BAT,0.1580915497508878,0.23383071283138157
holdout_group_1w,panel_k20,90281016902,10106383,BAT,0.11178678904227368,0.23383071283138157
holdout_group_1w,panel_k20,90292016902,10220917,BAT,0.11164387929392405,0.23383071283138157
holdout_group_1w,panel_k20,90441016902,10502300,BAT,0.05001526910761833,0.23383071283138157
holdout_group_1w,panel_k20,90450016902,10672656,BAT,0.014579139828879706,0.23383071283138157
holdout_group_1w,panel_k20,90585016902,10871349,BAT,0.029302121868373443,0.23383071283138157
holdout_group_1w,panel_k20,90587016902,10971645,BAT,0.09153961671249611,0.23383071283138157
holdout_group_1w,panel_k20,90585013001,10871349,BLOOD,0.017168788479439145,0.23383071283138157
holdout_group_1w,panel_k20,90587013001,10971645,BLOOD,0.0129407018785066,0.23383071283138157
holdout_group_1w,panel_k20,90265013001,10046119,BLOOD,0.015478600731938963,0.23383071283138157
holdout_group_1w,panel_k20,90292013001,10220917,BLOOD,0.015214316688944463,0.23383071283138157
holdout_group_1w,panel_k20,90441013002,10502300,BLOOD,0.02012769363387723,0.23383071283138157
holdout_group_1w,panel_k20,90281013001,10106383,BLOOD,0.014410350017505236,0.23383071283138157
holdout_group_1w,panel_k20,90450013001,10672656,BLOOD,0.012547487381077693,0.23383071283138157
holdout_group_1w,panel_k20,90229013002,10026355,BLOOD,0.022638849735209576,0.23383071283138157
holdout_group_1w,panel_k20,90266013002,10046380,BLOOD,0.019942027804717988,0.23383071283138157
holdout_group_1w,panel_k20,90222013002,10025626,BLOOD,0.009111372216119684,0.23383071283138157
holdout_group_1w,panel_k20,90251013001,10044256,BLOOD,0.01259537014558676,0.23383071283138157
holdout_group_1w,panel_k20,90254013002,10044760,BLOOD,0.010734197352200936,0.23383071283138157
holdout_group_1w,panel_k20,90229016102,10026355,COLON,0.014316271605539166,0.23383071283138157
holdout_group_1w,panel_k20,90251016102,10044256,COLON,0.014136977762726932,0.23383071283138157
holdout_group_1w,panel_k20,90585016102,10871349,COLON,0.013835598078754563,0.23383071283138157
holdout_group_1w,panel_k20,90292016102,10220917,COLON,0.012591947850692509,0.23383071283138157
holdout_group_1w,panel_k20,90450016102,10672656,COLON,0.011608557816840337,0.23383071283138157
holdout_group_1w,panel_k20,90265016102,10046119,COLON,0.012181654781550089,0.23383071283138157
holdout_group_1w,panel_k20,90222016102,10025626,COLON,0.011261273440671182,0.23383071283138157
holdout_group_1w,panel_k20,90281016102,10106383,COLON,0.009616925823081046,0.23383071283138157
holdout_group_1w,panel_k20,90587016102,10971645,COLON,0.01158456504524541,0.23383071283138157
holdout_group_1w,panel_k20,90266016102,10046380,COLON,0.011446978792835627,0.23383071283138157
holdout_group_1w,panel_k20,90441016102,10502300,COLON,0.012261995107315182,0.23383071283138157
holdout_group_1w,panel_k20,90254016102,10044760,COLON,0.010214989509260808,0.23383071283138157
holdout_group_1w,panel_k20,90222015302,10025626,CORTEX,0.05877378709970327,0.23383071283138157
holdout_group_1w,panel_k20,90229015302,10026355,CORTEX,0.06515677467169789,0.23383071283138157
holdout_group_1w,panel_k20,90251015302,10044256,CORTEX,0.04202680884444554,0.23383071283138157
holdout_group_1w,panel_k20,90254015302,10044760,CORTEX,0.08130692811400597,0.23383071283138157
holdout_group_1w,panel_k20,90265015302,10046119,CORTEX,0.026088659260202984,0.23383071283138157
holdout_group_1w,panel_k20,90266015302,10046380,CORTEX,0.03667586452602756,0.23383071283138157
holdout_group_1w,panel_k20,90281015302,10106383,CORTEX,0.03066060458552944,0.23383071283138157
holdout_group_1w,panel_k20,90292015302,10220917,CORTEX,0.049212222779616455,0.23383071283138157
holdout_group_1w,panel_k20,90441015302,10502300,CORTEX,0.025695592982046378,0.23383071283138157
holdout_group_1w,panel_k20,90450015302,10672656,CORTEX,0.04485504755775327,0.23383071283138157
holdout_group_1w,panel_k20,90585015302,10871349,CORTEX,0.04732248054131061,0.23383071283138157
holdout_group_1w,panel_k20,90587015302,10971645,CORTEX,0.05989066485721406,0.23383071283138157
holdout_group_1w,panel_k20,90229015803,10026355,HEART,0.025818996050093634,0.23383071283138157
holdout_group_1w,panel_k20,90266015803,10046380,HEART,0.017124824840324737,0.23383071283138157
holdout_group_1w,panel_k20,90222015803,10025626,HEART,0.017891398191227093,0.23383071283138157
holdout_group_1w,panel_k20,90585015803,10871349,HEART,0.017279476686520856,0.23383071283138157
holdout_group_1w,panel_k20,90254015803,10044760,HEART,0.02633714270026699,0.23383071283138157
holdout_group_1w,panel_k20,90292015803,10220917,HEART,0.016040787250376165,0.23383071283138157
holdout_group_1w,panel_k20,90441015803,10502300,HEART,0.01723536358441624,0.23383071283138157
holdout_group_1w,panel_k20,90450015803,10672656,HEART,0.015381267855177794,0.23383071283138157
holdout_group_1w,panel_k20,90251015803,10044256,HEART,0.03513557686793134,0.23383071283138157
holdout_group_1w,panel_k20,90587015803,10971645,HEART,0.01532958828426989,0.23383071283138157
holdout_group_1w,panel_k20,90265015803,10046119,HEART,0.013228909303716674,0.23383071283138157
holdout_group_1w,panel_k20,90281015803,10106383,HEART,0.01721410379490984,0.23383071283138157
holdout_group_1w,panel_k20,90222015202,10025626,HIPPOC,0.09400345308478775,0.23383071283138157
holdout_group_1w,panel_k20,90229015202,10026355,HIPPOC,0.04354805115261262,0.23383071283138157
holdout_group_1w,panel_k20,90251015202,10044256,HIPPOC,0.03287669155998063,0.23383071283138157
holdout_group_1w,panel_k20,90254015202,10044760,HIPPOC,0.03809874034345295,0.23383071283138157
holdout_group_1w,panel_k20,90265015202,10046119,HIPPOC,0.04418968871562323,0.23383071283138157
holdout_group_1w,panel_k20,90266015202,10046380,HIPPOC,0.06720883353169382,0.23383071283138157
holdout_group_1w,panel_k20,90281015202,10106383,HIPPOC,0.04129121103017419,0.23383071283138157
holdout_group_1w,panel_k20,90292015202,10220917,HIPPOC,0.02722631893755534,0.23383071283138157
holdout_group_1w,panel_k20,90441015202,10502300,HIPPOC,0.07111766202503111,0.23383071283138157
holdout_group_1w,panel_k20,90450015202,10672656,HIPPOC,0.0504438180958372,0.23383071283138157
holdout_group_1w,panel_k20,90585015202,10871349,HIPPOC,0.05138595521326039,0.23383071283138157
holdout_group_1w,panel_k20,90587015202,10971645,HIPPOC,0.033790167295102536,0.23383071283138157
holdout_group_1w,panel_k20,90222015402,10025626,HYPOTH,0.07248604210254306,0.23383071283138157
holdout_group_1w,panel_k20,90229015402,10026355,HYPOTH,0.04494660594599531,0.23383071283138157
holdout_group_1w,panel_k20,90251015402,10044256,HYPOTH,0.04905977277076956,0.23383071283138157
holdout_group_1w,panel_k20,90254015402,10044760,HYPOTH,0.041890863553437185,0.23383071283138157
holdout_group_1w,panel_k20,90265015402,10046119,HYPOTH,0.04567447761926291,0.23383071283138157
holdout_group_1w,panel_k20,90266015402,10046380,HYPOTH,0.04247668060935417,0.23383071283138157
holdout_group_1w,panel_k20,90281015402,10106383,HYPOTH,0.04813925128810348,0.23383071283138157
holdout_group_1w,panel_k20,90292015402,10220917,HYPOTH,0.04517974606001407,0.23383071283138157
holdout_group_1w,panel_k20,90441015402,10502300,HYPOTH,0.04562092595688649,0.23383071283138157
holdout_group_1w,panel_k20,90450015402,10672656,HYPOTH,0.040973380352271827,0.23383071283138157
holdout_group_1w,panel_k20,90585015402,10871349,HYPOTH,0.03598290329827514,0.23383071283138157
holdout_group_1w,panel_k20,90587015402,10971645,HYPOTH,0.036230343782963415,0.23383071283138157
holdout_group_1w,panel_k20,90222015902,10025626,KIDNEY,0.014117745346200916,0.23383071283138157
holdout_group_1w,panel_k20,90229015902,10026355,KIDNEY,0.01378797717544078,0.23383071283138157
holdout_group_1w,panel_k20,90251015902,10044256,KIDNEY,0.013774752682662816,0.23383071283138157
holdout_group_1w,panel_k20,90254015902,10044760,KIDNEY,0.010846822880156481,0.23383071283138157
holdout_group_1w,panel_k20,90265015902,10046119,KIDNEY,0.01408455192478808,0.23383071283138157
holdout_group_1w,panel_k20,90266015902,10046380,KIDNEY,0.012032518055999253,0.23383071283138157
holdout_group_1w,panel_k20,90281015902,10106383,KIDNEY,0.012693248896479825,0.23383071283138157
holdout_group_1w,panel_k20,90292015902,10220917,KIDNEY,0.013087922824379317,0.23383071283138157
holdout_group_1w,panel_k20,90441015902,10502300,KIDNEY,0.014846793485234877,0.23383071283138157
holdout_group_1w,panel_k20,90450015902,10672656,KIDNEY,0.01417909051190247,0.23383071283138157
holdout_group_1w,panel_k20,90587015902,10971645,KIDNEY,0.01239600883034675,0.23383071283138157
holdout_group_1w,panel_k20,90585015902,10871349,KIDNEY,0.012477296239427504,0.23383071283138157
holdout_group_1w,panel_k20,90222016803,10025626,LIVER,0.009591738874516476,0.23383071283138157
holdout_group_1w,panel_k20,90229016803,10026355,LIVER,0.010642624781019183,0.23383071283138157
holdout_group_1w,panel_k20,90251016803,10044256,LIVER,0.016305783703378873,0.23383071283138157
holdout_group_1w,panel_k20,90254016803,10044760,LIVER,0.013390933068053945,0.23383071283138157
holdout_group_1w,panel_k20,90265016803,10046119,LIVER,0.015126596625289479,0.23383071283138157
holdout_group_1w,panel_k20,90266016803,10046380,LIVER,0.013647884844317337,0.23383071283138157
holdout_group_1w,panel_k20,90281016803,10106383,LIVER,0.009984682765190378,0.23383071283138157
holdout_group_1w,panel_k20,90292016803,10220917,LIVER,0.01032085062916488,0.23383071283138157
holdout_group_1w,panel_k20,90441016803,10502300,LIVER,0.011543821692911349,0.23383071283138157
holdout_group_1w,panel_k20,90450016803,10672656,LIVER,0.010856065125676273,0.23383071283138157
holdout_group_1w,panel_k20,90585016803,10871349,LIVER,0.012543075178434893,0.23383071283138157
holdout_group_1w,panel_k20,90587016803,10971645,LIVER,0.01361127915056859,0.23383071283138157
holdout_group_1w,panel_k20,90266016603,10046380,LUNG,0.012061136076571666,0.23383071283138157
holdout_group_1w,panel_k20,90281016603,10106383,LUNG,0.01218856766955645,0.23383071283138157
holdout_group_1w,panel_k20,90254016603,10044760,LUNG,0.011975951698629306,0.23383071283138157
holdout_group_1w,panel_k20,90292016603,10220917,LUNG,0.013419082239092162,0.23383071283138157
holdout_group_1w,panel_k20,90587016603,10971645,LUNG,0.012137246674025826,0.23383071283138157
holdout_group_1w,panel_k20,90251016603,10044256,LUNG,0.014090916411223842,0.23383071283138157
holdout_group_1w,panel_k20,90222016603,10025626,LUNG,0.011589233725727954,0.23383071283138157
holdout_group_1w,panel_k20,90450016603,10672656,LUNG,0.01177241711506749,0.23383071283138157
holdout_group_1w,panel_k20,90441016603,10502300,LUNG,0.012760601432200924,0.23383071283138157
holdout_group_1w,panel_k20,90265016603,10046119,LUNG,0.01271046942701859,0.23383071283138157
holdout_group_1w,panel_k20,90585016603,10871349,LUNG,0.011120079671085636,0.23383071283138157
holdout_group_1w,panel_k20,90229016603,10026355,LUNG,0.012489536583798921,0.23383071283138157
holdout_group_1w,panel_k20,90266016402,10046380,OVARY,0.012464696431008226,0.23383071283138157
holdout_group_1w,panel_k20,90254016402,10044760,OVARY,0.020187264421105744,0.23383071283138157
holdout_group_1w,panel_k20,90585016402,10871349,OVARY,0.019645000428845538,0.23383071283138157
holdout_group_1w,panel_k20,90265016402,10046119,OVARY,0.009698378162429355,0.23383071283138157
holdout_group_1w,panel_k20,90587016402,10971645,OVARY,0.01970224207388971,0.23383071283138157
holdout_group_1w,panel_k20,90251016402,10044256,OVARY,0.015163812785985442,0.23383071283138157
holdout_group_1w,panel_k20,90254015512,10044760,SKM-GN,0.3349322023057373,0.23383071283138157
holdout_group_1w,panel_k20,90281015512,10106383,SKM-GN,0.31799095466927707,0.23383071283138157
holdout_group_1w,panel_k20,90229015512,10026355,SKM-GN,0.33065385143568227,0.23383071283138157
holdout_group_1w,panel_k20,90587015512,10971645,SKM-GN,0.2683185247713876,0.23383071283138157
holdout_group_1w,panel_k20,90585015512,10871349,SKM-GN,0.3070570944069957,0.23383071283138157
holdout_group_1w,panel_k20,90265015512,10046119,SKM-GN,0.15565145855286655,0.23383071283138157
holdout_group_1w,panel_k20,90450015512,10672656,SKM-GN,0.27833116385521206,0.23383071283138157
holdout_group_1w,panel_k20,90292015512,10220917,SKM-GN,0.4264898671998316,0.23383071283138157
holdout_group_1w,panel_k20,90441015512,10502300,SKM-GN,0.23262895651255378,0.23383071283138157
holdout_group_1w,panel_k20,90222015512,10025626,SKM-GN,0.3214727092742351,0.23383071283138157
holdout_group_1w,panel_k20,90251015512,10044256,SKM-GN,0.44399969053455157,0.23383071283138157
holdout_group_1w,panel_k20,90266015512,10046380,SKM-GN,0.4800364207808817,0.23383071283138157
holdout_group_1w,panel_k20,90222015603,10025626,SKM-VL,0.5117527055925821,0.23383071283138157
holdout_group_1w,panel_k20,90229015603,10026355,SKM-VL,0.2746365393904985,0.23383071283138157
holdout_group_1w,panel_k20,90251015603,10044256,SKM-VL,0.08198761958306444,0.23383071283138157
holdout_group_1w,panel_k20,90254015603,10044760,SKM-VL,0.2653067934943061,0.23383071283138157
holdout_group_1w,panel_k20,90265015603,10046119,SKM-VL,0.23443876406969122,0.23383071283138157
holdout_group_1w,panel_k20,90266015603,10046380,SKM-VL,0.23383071283138157,0.23383071283138157
holdout_group_1w,panel_k20,90281015603,10106383,SKM-VL,0.41339757893630114,0.23383071283138157
holdout_group_1w,panel_k20,90292015603,10220917,SKM-VL,0.37993012190042164,0.23383071283138157
holdout_group_1w,panel_k20,90441015603,10502300,SKM-VL,0.43597213146239255,0.23383071283138157
holdout_group_1w,panel_k20,90450015603,10672656,SKM-VL,0.5006066022596787,0.23383071283138157
holdout_group_1w,panel_k20,90585015603,10871349,SKM-VL,0.21662996609682805,0.23383071283138157
holdout_group_1w,panel_k20,90587015603,10971645,SKM-VL,0.1989593287620044,0.23383071283138157
holdout_group_1w,panel_k20,90281016702,10106383,SMLINT,0.012448831641378666,0.23383071283138157
holdout_group_1w,panel_k20,90587016702,10971645,SMLINT,0.010941359665214034,0.23383071283138157
holdout_group_1w,panel_k20,90229016702,10026355,SMLINT,0.01202195685551366,0.23383071283138157
holdout_group_1w,panel_k20,90450016702,10672656,SMLINT,0.012587616807217539,0.23383071283138157
holdout_group_1w,panel_k20,90441016702,10502300,SMLINT,0.00980809116403869,0.23383071283138157
holdout_group_1w,panel_k20,90292016702,10220917,SMLINT,0.012962240113758239,0.23383071283138157
holdout_group_1w,panel_k20,90266016702,10046380,SMLINT,0.013692743355264492,0.23383071283138157
holdout_group_1w,panel_k20,90254016702,10044760,SMLINT,0.019449245440603335,0.23383071283138157
holdout_group_1w,panel_k20,90265016702,10046119,SMLINT,0.011498549079884457,0.23383071283138157
holdout_group_1w,panel_k20,90251016702,10044256,SMLINT,0.012544471068376195,0.23383071283138157
holdout_group_1w,panel_k20,90585016702,10871349,SMLINT,0.011487304482920235,0.23383071283138157
holdout_group_1w,panel_k20,90222016702,10025626,SMLINT,0.013057489170541725,0.23383071283138157
holdout_group_1w,panel_k20,90222016202,10025626,SPLEEN,0.02577603285927066,0.23383071283138157
holdout_group_1w,panel_k20,90229016202,10026355,SPLEEN,0.014583456785064342,0.23383071283138157
holdout_group_1w,panel_k20,90251016202,10044256,SPLEEN,0.01881401647142833,0.23383071283138157
holdout_group_1w,panel_k20,90254016202,10044760,SPLEEN,0.0204380900573482,0.23383071283138157
holdout_group_1w,panel_k20,90265016202,10046119,SPLEEN,0.015332307193778316,0.23383071283138157
holdout_group_1w,panel_k20,90266016202,10046380,SPLEEN,0.015692289846407137,0.23383071283138157
holdout_group_1w,panel_k20,90281016202,10106383,SPLEEN,0.010572769289564521,0.23383071283138157
holdout_group_1w,panel_k20,90292016202,10220917,SPLEEN,0.022337094899778087,0.23383071283138157
holdout_group_1w,panel_k20,90441016202,10502300,SPLEEN,0.012786203365568904,0.23383071283138157
holdout_group_1w,panel_k20,90450016202,10672656,SPLEEN,0.01842862912159582,0.23383071283138157
holdout_group_1w,panel_k20,90585016202,10871349,SPLEEN,0.012161332806854164,0.23383071283138157
holdout_group_1w,panel_k20,90587016202,10971645,SPLEEN,0.013097788978824632,0.23383071283138157
holdout_group_1w,panel_k20,90281016302,10106383,TESTES,0.015026050965227356,0.23383071283138157
holdout_group_1w,panel_k20,90292016302,10220917,TESTES,0.01457937615393945,0.23383071283138157
holdout_group_1w,panel_k20,90441016302,10502300,TESTES,0.014015228706294791,0.23383071283138157
holdout_group_1w,panel_k20,90222016302,10025626,TESTES,0.014643888822115203,0.23383071283138157
holdout_group_1w,panel_k20,90229016302,10026355,TESTES,0.014563816388412865,0.23383071283138157
holdout_group_1w,panel_k20,90450016302,10672656,TESTES,0.014004008929824119,0.23383071283138157
holdout_group_1w,panel_k20,90254016502,10044760,VENACV,0.010034055027006494,0.23383071283138157
holdout_group_1w,panel_k20,90441016502,10502300,VENACV,0.002151236330904527,0.23383071283138157
holdout_group_1w,panel_k20,90266016502,10046380,VENACV,0.002398885820022456,0.23383071283138157
holdout_group_1w,panel_k20,90229016502,10026355,VENACV,0.09372266686971475,0.23383071283138157
holdout_group_1w,panel_k20,90222016502,10025626,VENACV,0.0038847940597870334,0.23383071283138157
holdout_group_1w,panel_k20,90281016502,10106383,VENACV,0.004884712375454403,0.23383071283138157
holdout_group_1w,panel_k20,90587016502,10971645,VENACV,0.5485091011175631,0.23383071283138157
holdout_group_1w,panel_k20,90251016502,10044256,VENACV,0.005900095969691543,0.23383071283138157
holdout_group_1w,panel_k20,90585016502,10871349,VENACV,0.8011973205750947,0.23383071283138157
holdout_group_1w,panel_k20,90265016502,10046119,VENACV,0.0037639797409544373,0.23383071283138157
holdout_group_1w,panel_k20,90292016502,10220917,VENACV,0.004893962099795535,0.23383071283138157
holdout_group_1w,panel_k20,90450016502,10672656,VENACV,0.024600204876662812,0.23383071283138157
holdout_group_1w,panel_k20,90222017005,10025626,WAT-SC,0.0073543236845738935,0.23383071283138157
holdout_group_1w,panel_k20,90229017005,10026355,WAT-SC,0.01546096272164632,0.23383071283138157
holdout_group_1w,panel_k20,90251017005,10044256,WAT-SC,0.019622696008585128,0.23383071283138157
holdout_group_1w,panel_k20,90254017005,10044760,WAT-SC,0.005414102498071394,0.23383071283138157
holdout_group_1w,panel_k20,90265017005,10046119,WAT-SC,0.012985874158675248,0.23383071283138157
holdout_group_1w,panel_k20,90266017005,10046380,WAT-SC,0.031684687682349666,0.23383071283138157
holdout_group_1w,panel_k20,90281017005,10106383,WAT-SC,0.01022607482431448,0.23383071283138157
holdout_group_1w,panel_k20,90292017005,10220917,WAT-SC,0.011735937531762164,0.23383071283138157
holdout_group_1w,panel_k20,90441017005,10502300,WAT-SC,0.0147128812961419,0.23383071283138157
holdout_group_1w,panel_k20,90450017005,10672656,WAT-SC,0.011248630527434522,0.23383071283138157
holdout_group_1w,panel_k20,90585017005,10871349,WAT-SC,0.010413895362812897,0.23383071283138157
holdout_group_1w,panel_k20,90587017005,10971645,WAT-SC,0.00974163112227433,0.23383071283138157
train_control_test_trained,full,90252016002,10044337,ADRNL,0.03976636476005535,0.19331159896989591
train_control_test_trained,full,90245016002,10043527,ADRNL,0.023155118620722948,0.19331159896989591
train_control_test_trained,full,90232016002,10026789,ADRNL,0.02273642022033484,0.19331159896989591
train_control_test_trained,full,90232016902,10026789,BAT,0.0520264372047432,0.19331159896989591
train_control_test_trained,full,90245016902,10043527,BAT,0.050034736977554006,0.19331159896989591
train_control_test_trained,full,90252016902,10044337,BAT,0.03749297958540787,0.19331159896989591
train_control_test_trained,full,90252013001,10044337,BLOOD,0.013474696912477158,0.19331159896989591
train_control_test_trained,full,90245013002,10043527,BLOOD,0.01273584572483677,0.19331159896989591
train_control_test_trained,full,90232013002,10026789,BLOOD,0.01435836903018095,0.19331159896989591
train_control_test_trained,full,90232016102,10026789,COLON,0.037987195584127775,0.19331159896989591
train_control_test_trained,full,90245016102,10043527,COLON,0.03995196276676005,0.19331159896989591
train_control_test_trained,full,90252016102,10044337,COLON,0.027037239337678987,0.19331159896989591
train_control_test_trained,full,90232015302,10026789,CORTEX,0.09507085048568831,0.19331159896989591
train_control_test_trained,full,90245015302,10043527,CORTEX,0.09567112319213689,0.19331159896989591
train_control_test_trained,full,90252015302,10044337,CORTEX,0.12128804738542565,0.19331159896989591
train_control_test_trained,full,90252015803,10044337,HEART,0.04807460737621494,0.19331159896989591
train_control_test_trained,full,90245015803,10043527,HEART,0.05930228400841797,0.19331159896989591
train_control_test_trained,full,90232015803,10026789,HEART,0.0449282724864567,0.19331159896989591
train_control_test_trained,full,90232015202,10026789,HIPPOC,0.11909735353647433,0.19331159896989591
train_control_test_trained,full,90245015202,10043527,HIPPOC,0.08563990382725739,0.19331159896989591
train_control_test_trained,full,90252015202,10044337,HIPPOC,0.0946352386007131,0.19331159896989591
train_control_test_trained,full,90232015402,10026789,HYPOTH,0.05930461256053199,0.19331159896989591
train_control_test_trained,full,90245015402,10043527,HYPOTH,0.06282085627802947,0.19331159896989591
train_control_test_trained,full,90252015402,10044337,HYPOTH,0.05147647510361553,0.19331159896989591
train_control_test_trained,full,90232015902,10026789,KIDNEY,0.01998846588288361,0.19331159896989591
train_control_test_trained,full,90245015902,10043527,KIDNEY,0.020516561170331404,0.19331159896989591
train_control_test_trained,full,90252015902,10044337,KIDNEY,0.0238965182421792,0.19331159896989591
train_control_test_trained,full,90232016803,10026789,LIVER,0.014288388953445419,0.19331159896989591
train_control_test_trained,full,90245016803,10043527,LIVER,0.01651334901988022,0.19331159896989591
train_control_test_trained,full,90252016803,10044337,LIVER,0.017853996242034875,0.19331159896989591
train_control_test_trained,full,90232016603,10026789,LUNG,0.02690092633479013,0.19331159896989591
train_control_test_trained,full,90252016603,10044337,LUNG,0.030395773427152495,0.19331159896989591
train_control_test_trained,full,90245016603,10043527,LUNG,0.031931847051471896,0.19331159896989591
train_control_test_trained,full,90252016402,10044337,OVARY,0.08955365552149963,0.19331159896989591
train_control_test_trained,full,90245016402,10043527,OVARY,0.14641047352455394,0.19331159896989591
train_control_test_trained,full,90245015512,10043527,SKM-GN,0.24561340317973335,0.19331159896989591
train_control_test_trained,full,90232015512,10026789,SKM-GN,0.3229630752117091,0.19331159896989591
train_control_test_trained,full,90252015512,10044337,SKM-GN,0.19331159896989591,0.19331159896989591
train_control_test_trained,full,90232015603,10026789,SKM-VL,0.1370996370697054,0.19331159896989591
train_control_test_trained,full,90245015603,10043527,SKM-VL,0.10458039461373869,0.19331159896989591
train_control_test_trained,full,90252015603,10044337,SKM-VL,0.20438127485424462,0.19331159896989591
train_control_test_trained,full,90245016702,10043527,SMLINT,0.020482011612861784,0.19331159896989591
train_control_test_trained,full,90232016702,10026789,SMLINT,0.022114808835106414,0.19331159896989591
train_control_test_trained,full,90252016702,10044337,SMLINT,0.21658075386981124,0.19331159896989591
train_control_test_trained,full,90232016202,10026789,SPLEEN,0.03285092859349481,0.19331159896989591
train_control_test_trained,full,90245016202,10043527,SPLEEN,0.032454021394470955,0.19331159896989591
train_control_test_trained,full,90252016202,10044337,SPLEEN,0.030866101235842214,0.19331159896989591
train_control_test_trained,full,90232016302,10026789,TESTES,0.01746009872618348,0.19331159896989591
train_control_test_trained,full,90252016502,10044337,VENACV,0.11409416763105096,0.19331159896989591
train_control_test_trained,full,90245016502,10043527,VENACV,0.029868089466234315,0.19331159896989591
train_control_test_trained,full,90232016502,10026789,VENACV,0.04776100307249442,0.19331159896989591
train_control_test_trained,full,90232017005,10026789,WAT-SC,0.031711405222040634,0.19331159896989591
train_control_test_trained,full,90245017005,10043527,WAT-SC,0.12854727294324375,0.19331159896989591
train_control_test_trained,full,90252017005,10044337,WAT-SC,0.06016175610806662,0.19331159896989591
train_control_test_trained,panel_k20,90252016002,10044337,ADRNL,0.0315099874777206,0.22572360305439287
train_control_test_trained,panel_k20,90245016002,10043527,ADRNL,0.025591263022045285,0.22572360305439287
train_control_test_trained,panel_k20,90232016002,10026789,ADRNL,0.024951335158509003,0.22572360305439287
train_control_test_trained,panel_k20,90232016902,10026789,BAT,0.06650586973808104,0.22572360305439287
train_control_test_trained,panel_k20,90245016902,10043527,BAT,0.06352577547197058,0.22572360305439287
train_control_test_trained,panel_k20,90252016902,10044337,BAT,0.06377674922353016,0.22572360305439287
train_control_test_trained,panel_k20,90252013001,10044337,BLOOD,0.03832242797456298,0.22572360305439287
train_control_test_trained,panel_k20,90245013002,10043527,BLOOD,0.04024917910444914,0.22572360305439287
train_control_test_trained,panel_k20,90232013002,10026789,BLOOD,0.04235524005903146,0.22572360305439287
train_control_test_trained,panel_k20,90232016102,10026789,COLON,0.03761263472676668,0.22572360305439287
train_control_test_trained,panel_k20,90245016102,10043527,COLON,0.040450364328780575,0.22572360305439287
train_control_test_trained,panel_k20,90252016102,10044337,COLON,0.0356961637526535,0.22572360305439287
train_control_test_trained,panel_k20,90232015302,10026789,CORTEX,0.06333621801603684,0.22572360305439287
train_control_test_trained,panel_k20,90245015302,10043527,CORTEX,0.06982709441891699,0.22572360305439287
train_control_test_trained,panel_k20,90252015302,10044337,CORTEX,0.10209661829902483,0.22572360305439287
train_control_test_trained,panel_k20,90252015803,10044337,HEART,0.07346020598497993,0.22572360305439287
train_control_test_trained,panel_k20,90245015803,10043527,HEART,0.04822769274702221,0.22572360305439287
train_control_test_trained,panel_k20,90232015803,10026789,HEART,0.039942108478221994,0.22572360305439287
train_control_test_trained,panel_k20,90232015202,10026789,HIPPOC,0.07603900348842141,0.22572360305439287
train_control_test_trained,panel_k20,90245015202,10043527,HIPPOC,0.09985409402697032,0.22572360305439287
train_control_test_trained,panel_k20,90252015202,10044337,HIPPOC,0.09234615596495899,0.22572360305439287
train_control_test_trained,panel_k20,90232015402,10026789,HYPOTH,0.054646146861399236,0.22572360305439287
train_control_test_trained,panel_k20,90245015402,10043527,HYPOTH,0.030710849749864932,0.22572360305439287
train_control_test_trained,panel_k20,90252015402,10044337,HYPOTH,0.041940564363695865,0.22572360305439287
train_control_test_trained,panel_k20,90232015902,10026789,KIDNEY,0.04008424272912181,0.22572360305439287
train_control_test_trained,panel_k20,90245015902,10043527,KIDNEY,0.036389745447291455,0.22572360305439287
train_control_test_trained,panel_k20,90252015902,10044337,KIDNEY,0.04031776007995991,0.22572360305439287
train_control_test_trained,panel_k20,90232016803,10026789,LIVER,0.04485403658909437,0.22572360305439287
train_control_test_trained,panel_k20,90245016803,10043527,LIVER,0.04135078888759858,0.22572360305439287
train_control_test_trained,panel_k20,90252016803,10044337,LIVER,0.0443203937669272,0.22572360305439287
train_control_test_trained,panel_k20,90232016603,10026789,LUNG,0.042036008103619626,0.22572360305439287
train_control_test_trained,panel_k20,90252016603,10044337,LUNG,0.033501180208361014,0.22572360305439287
train_control_test_trained,panel_k20,90245016603,10043527,LUNG,0.04475144576709211,0.22572360305439287
train_control_test_trained,panel_k20,90252016402,10044337,OVARY,0.06820982722112745,0.22572360305439287
train_control_test_trained,panel_k20,90245016402,10043527,OVARY,0.06014407811802791,0.22572360305439287
train_control_test_trained,panel_k20,90245015512,10043527,SKM-GN,0.22572360305439287,0.22572360305439287
train_control_test_trained,panel_k20,90232015512,10026789,SKM-GN,0.3696271229429535,0.22572360305439287
train_control_test_trained,panel_k20,90252015512,10044337,SKM-GN,0.23676038052871573,0.22572360305439287
train_control_test_trained,panel_k20,90232015603,10026789,SKM-VL,0.05048522945270817,0.22572360305439287
train_control_test_trained,panel_k20,90245015603,10043527,SKM-VL,0.08407049985010695,0.22572360305439287
train_control_test_trained,panel_k20,90252015603,10044337,SKM-VL,0.2884463736460834,0.22572360305439287
train_control_test_trained,panel_k20,90245016702,10043527,SMLINT,0.04488070233344377,0.22572360305439287
train_control_test_trained,panel_k20,90232016702,10026789,SMLINT,0.04156169312724545,0.22572360305439287
train_control_test_trained,panel_k20,90252016702,10044337,SMLINT,0.0789808315905075,0.22572360305439287
train_control_test_trained,panel_k20,90232016202,10026789,SPLEEN,0.05343849423713598,0.22572360305439287
train_control_test_trained,panel_k20,90245016202,10043527,SPLEEN,0.05412912245521362,0.22572360305439287
train_control_test_trained,panel_k20,90252016202,10044337,SPLEEN,0.06525143183796278,0.22572360305439287
train_control_test_trained,panel_k20,90232016302,10026789,TESTES,0.04240841825264208,0.22572360305439287
train_control_test_trained,panel_k20,90252016502,10044337,VENACV,0.021127837204683697,0.22572360305439287
train_control_test_trained,panel_k20,90245016502,10043527,VENACV,0.040403626818098726,0.22572360305439287
train_control_test_trained,panel_k20,90232016502,10026789,VENACV,0.38154843510450775,0.22572360305439287
train_control_test_trained,panel_k20,90232017005,10026789,WAT-SC,0.045081274097404256,0.22572360305439287
train_control_test_trained,panel_k20,90245017005,10043527,WAT-SC,0.22164660267766711,0.22572360305439287
train_control_test_trained,panel_k20,90252017005,10044337,WAT-SC,0.045282374291672256,0.22572360305439287
